timestamp,actual_demand,predicted,provisioned,cold_starts,idle_capacity,cost,is_extreme
2019-01-12 09:36:00,553495.0,696263.7999999999,696264.0,0.0,142769.0,142769.0,False
2019-01-12 09:37:00,559100.0,696263.7999999999,696264.0,0.0,137164.0,137164.0,False
2019-01-12 09:38:00,555599.0,696263.7999999999,696264.0,0.0,140665.0,140665.0,False
2019-01-12 09:39:00,570612.0,696263.7999999999,696264.0,0.0,125652.0,125652.0,False
2019-01-12 09:40:00,584966.0,696263.7999999999,696264.0,0.0,111298.0,111298.0,False
2019-01-12 09:41:00,571705.0,696263.7999999999,696264.0,0.0,124559.0,124559.0,False
2019-01-12 09:42:00,575588.0,696263.7999999999,696264.0,0.0,120676.0,120676.0,False
2019-01-12 09:43:00,565964.0,696263.7999999999,696264.0,0.0,130300.0,130300.0,False
2019-01-12 09:44:00,572865.0,696263.7999999999,696264.0,0.0,123399.0,123399.0,False
2019-01-12 09:45:00,617089.0,696263.7999999999,696264.0,0.0,79175.0,79175.0,False
2019-01-12 09:46:00,615697.0,696263.7999999999,696264.0,0.0,80567.0,80567.0,False
2019-01-12 09:47:00,621582.0,696263.7999999999,696264.0,0.0,74682.0,74682.0,False
2019-01-12 09:48:00,602921.0,696263.7999999999,696264.0,0.0,93343.0,93343.0,False
2019-01-12 09:49:00,590658.0,696263.7999999999,696264.0,0.0,105606.0,105606.0,False
2019-01-12 09:50:00,613440.0,696263.7999999999,696264.0,0.0,82824.0,82824.0,False
2019-01-12 09:51:00,599705.0,696263.7999999999,696264.0,0.0,96559.0,96559.0,False
2019-01-12 09:52:00,587745.0,696263.7999999999,696264.0,0.0,108519.0,108519.0,False
2019-01-12 09:53:00,562710.0,696263.7999999999,696264.0,0.0,133554.0,133554.0,False
2019-01-12 09:54:00,581482.0,696263.7999999999,696264.0,0.0,114782.0,114782.0,False
2019-01-12 09:55:00,578549.0,696263.7999999999,696264.0,0.0,117715.0,117715.0,False
2019-01-12 09:56:00,555120.0,696263.7999999999,696264.0,0.0,141144.0,141144.0,False
2019-01-12 09:57:00,550793.0,696263.7999999999,696264.0,0.0,145471.0,145471.0,False
2019-01-12 09:58:00,562589.0,696263.7999999999,696264.0,0.0,133675.0,133675.0,False
2019-01-12 09:59:00,583837.0,696263.7999999999,696264.0,0.0,112427.0,112427.0,False
2019-01-12 10:00:00,672798.0,696263.7999999999,696264.0,0.0,23466.0,23466.0,False
2019-01-12 10:01:00,613156.0,696263.7999999999,696264.0,0.0,83108.0,83108.0,False
2019-01-12 10:02:00,615925.0,696263.7999999999,696264.0,0.0,80339.0,80339.0,False
2019-01-12 10:03:00,605002.0,696263.7999999999,696264.0,0.0,91262.0,91262.0,False
2019-01-12 10:04:00,614712.0,696263.7999999999,696264.0,0.0,81552.0,81552.0,False
2019-01-12 10:05:00,632308.0,696263.7999999999,696264.0,0.0,63956.0,63956.0,False
2019-01-12 10:06:00,629592.0,696263.7999999999,696264.0,0.0,66672.0,66672.0,False
2019-01-12 10:07:00,621169.0,696263.7999999999,696264.0,0.0,75095.0,75095.0,False
2019-01-12 10:08:00,611268.0,696263.7999999999,696264.0,0.0,84996.0,84996.0,False
2019-01-12 10:09:00,588057.0,696263.7999999999,696264.0,0.0,108207.0,108207.0,False
2019-01-12 10:10:00,630571.0,696263.7999999999,696264.0,0.0,65693.0,65693.0,False
2019-01-12 10:11:00,626327.0,696263.7999999999,696264.0,0.0,69937.0,69937.0,False
2019-01-12 10:12:00,609606.0,696263.7999999999,696264.0,0.0,86658.0,86658.0,False
2019-01-12 10:13:00,590924.0,696263.7999999999,696264.0,0.0,105340.0,105340.0,False
2019-01-12 10:14:00,569357.0,696263.7999999999,696264.0,0.0,126907.0,126907.0,False
2019-01-12 10:15:00,601976.0,696263.7999999999,696264.0,0.0,94288.0,94288.0,False
2019-01-12 10:16:00,611700.0,696263.7999999999,696264.0,0.0,84564.0,84564.0,False
2019-01-12 10:17:00,613031.0,696263.7999999999,696264.0,0.0,83233.0,83233.0,False
2019-01-12 10:18:00,620360.0,696263.7999999999,696264.0,0.0,75904.0,75904.0,False
2019-01-12 10:19:00,616865.0,696263.7999999999,696264.0,0.0,79399.0,79399.0,False
2019-01-12 10:20:00,645195.0,696263.7999999999,696264.0,0.0,51069.0,51069.0,False
2019-01-12 10:21:00,630220.0,696263.7999999999,696264.0,0.0,66044.0,66044.0,False
2019-01-12 10:22:00,616579.0,696263.7999999999,696264.0,0.0,79685.0,79685.0,False
2019-01-12 10:23:00,617967.0,696263.7999999999,696264.0,0.0,78297.0,78297.0,False
2019-01-12 10:24:00,590719.0,696263.7999999999,696264.0,0.0,105545.0,105545.0,False
2019-01-12 10:25:00,607461.0,696263.7999999999,696264.0,0.0,88803.0,88803.0,False
2019-01-12 10:26:00,595604.0,696263.7999999999,696264.0,0.0,100660.0,100660.0,False
2019-01-12 10:27:00,579180.0,696263.7999999999,696264.0,0.0,117084.0,117084.0,False
2019-01-12 10:28:00,577091.0,696263.7999999999,696264.0,0.0,119173.0,119173.0,False
2019-01-12 10:29:00,589654.0,696263.7999999999,696264.0,0.0,106610.0,106610.0,False
2019-01-12 10:30:00,635898.0,696263.7999999999,696264.0,0.0,60366.0,60366.0,False
2019-01-12 10:31:00,570907.0,696263.7999999999,696264.0,0.0,125357.0,125357.0,False
2019-01-12 10:32:00,582776.0,696263.7999999999,696264.0,0.0,113488.0,113488.0,False
2019-01-12 10:33:00,566317.0,696263.7999999999,696264.0,0.0,129947.0,129947.0,False
2019-01-12 10:34:00,536499.0,696263.7999999999,696264.0,0.0,159765.0,159765.0,False
2019-01-12 10:35:00,584796.0,696263.7999999999,696264.0,0.0,111468.0,111468.0,False
2019-01-12 10:36:00,567809.0,696263.7999999999,696264.0,0.0,128455.0,128455.0,False
2019-01-12 10:37:00,568353.0,696263.7999999999,696264.0,0.0,127911.0,127911.0,False
2019-01-12 10:38:00,557289.0,696263.7999999999,696264.0,0.0,138975.0,138975.0,False
2019-01-12 10:39:00,570739.0,696263.7999999999,696264.0,0.0,125525.0,125525.0,False
2019-01-12 10:40:00,592745.0,696263.7999999999,696264.0,0.0,103519.0,103519.0,False
2019-01-12 10:41:00,590520.0,696263.7999999999,696264.0,0.0,105744.0,105744.0,False
2019-01-12 10:42:00,613963.0,696263.7999999999,696264.0,0.0,82301.0,82301.0,False
2019-01-12 10:43:00,607943.0,696263.7999999999,696264.0,0.0,88321.0,88321.0,False
2019-01-12 10:44:00,624957.0,696263.7999999999,696264.0,0.0,71307.0,71307.0,False
2019-01-12 10:45:00,657422.0,696263.7999999999,696264.0,0.0,38842.0,38842.0,False
2019-01-12 10:46:00,638847.0,696263.7999999999,696264.0,0.0,57417.0,57417.0,False
2019-01-12 10:47:00,643693.0,696263.7999999999,696264.0,0.0,52571.0,52571.0,False
2019-01-12 10:48:00,648756.0,696263.7999999999,696264.0,0.0,47508.0,47508.0,False
2019-01-12 10:49:00,627792.0,696263.7999999999,696264.0,0.0,68472.0,68472.0,False
2019-01-12 10:50:00,631550.0,696263.7999999999,696264.0,0.0,64714.0,64714.0,False
2019-01-12 10:51:00,625232.0,696263.7999999999,696264.0,0.0,71032.0,71032.0,False
2019-01-12 10:52:00,628748.0,696263.7999999999,696264.0,0.0,67516.0,67516.0,False
2019-01-12 10:53:00,621864.0,696263.7999999999,696264.0,0.0,74400.0,74400.0,False
2019-01-12 10:54:00,615623.0,696263.7999999999,696264.0,0.0,80641.0,80641.0,False
2019-01-12 10:55:00,613658.0,696263.7999999999,696264.0,0.0,82606.0,82606.0,False
2019-01-12 10:56:00,595818.0,696263.7999999999,696264.0,0.0,100446.0,100446.0,False
2019-01-12 10:57:00,589360.0,696263.7999999999,696264.0,0.0,106904.0,106904.0,False
2019-01-12 10:58:00,590099.0,696263.7999999999,696264.0,0.0,106165.0,106165.0,False
2019-01-12 10:59:00,579094.0,696263.7999999999,696264.0,0.0,117170.0,117170.0,False
2019-01-12 11:00:00,689136.0,696263.7999999999,696264.0,0.0,7128.0,7128.0,False
2019-01-12 11:01:00,638849.0,696263.7999999999,696264.0,0.0,57415.0,57415.0,False
2019-01-12 11:02:00,617645.0,696263.7999999999,696264.0,0.0,78619.0,78619.0,False
2019-01-12 11:03:00,613628.0,696263.7999999999,696264.0,0.0,82636.0,82636.0,False
2019-01-12 11:04:00,601598.0,696263.7999999999,696264.0,0.0,94666.0,94666.0,False
2019-01-12 11:05:00,608504.0,696263.7999999999,696264.0,0.0,87760.0,87760.0,False
2019-01-12 11:06:00,672356.0,696263.7999999999,696264.0,0.0,23908.0,23908.0,False
2019-01-12 11:07:00,662473.0,696263.7999999999,696264.0,0.0,33791.0,33791.0,False
2019-01-12 11:08:00,683414.0,696263.7999999999,696264.0,0.0,12850.0,12850.0,False
2019-01-12 11:09:00,680693.0,696263.7999999999,696264.0,0.0,15571.0,15571.0,False
2019-01-12 11:10:00,686199.0,696263.7999999999,696264.0,0.0,10065.0,10065.0,False
2019-01-12 11:11:00,652373.0,696263.7999999999,696264.0,0.0,43891.0,43891.0,False
2019-01-12 11:12:00,647148.0,696263.7999999999,696264.0,0.0,49116.0,49116.0,False
2019-01-12 11:13:00,615680.0,696263.7999999999,696264.0,0.0,80584.0,80584.0,False
2019-01-12 11:14:00,604997.0,696263.7999999999,696264.0,0.0,91267.0,91267.0,False
2019-01-12 11:15:00,656380.0,696263.7999999999,696264.0,0.0,39884.0,39884.0,False
2019-01-12 11:16:00,619308.0,696263.7999999999,696264.0,0.0,76956.0,76956.0,False
2019-01-12 11:17:00,609750.0,696263.7999999999,696264.0,0.0,86514.0,86514.0,False
2019-01-12 11:18:00,608803.0,696263.7999999999,696264.0,0.0,87461.0,87461.0,False
2019-01-12 11:19:00,619098.0,696263.7999999999,696264.0,0.0,77166.0,77166.0,False
2019-01-12 11:20:00,634030.0,696263.7999999999,696264.0,0.0,62234.0,62234.0,False
2019-01-12 11:21:00,623732.0,696263.7999999999,696264.0,0.0,72532.0,72532.0,False
2019-01-12 11:22:00,600260.0,696263.7999999999,696264.0,0.0,96004.0,96004.0,False
2019-01-12 11:23:00,603439.0,696263.7999999999,696264.0,0.0,92825.0,92825.0,False
2019-01-12 11:24:00,600748.0,696263.7999999999,696264.0,0.0,95516.0,95516.0,False
2019-01-12 11:25:00,597077.0,696263.7999999999,696264.0,0.0,99187.0,99187.0,False
2019-01-12 11:26:00,606076.0,696263.7999999999,696264.0,0.0,90188.0,90188.0,False
2019-01-12 11:27:00,589363.0,696263.7999999999,696264.0,0.0,106901.0,106901.0,False
2019-01-12 11:28:00,584865.0,696263.7999999999,696264.0,0.0,111399.0,111399.0,False
2019-01-12 11:29:00,586629.0,696263.7999999999,696264.0,0.0,109635.0,109635.0,False
2019-01-12 11:30:00,667010.0,696263.7999999999,696264.0,0.0,29254.0,29254.0,False
2019-01-12 11:31:00,630921.0,696263.7999999999,696264.0,0.0,65343.0,65343.0,False
2019-01-12 11:32:00,621874.0,696263.7999999999,696264.0,0.0,74390.0,74390.0,False
2019-01-12 11:33:00,624462.0,696263.7999999999,696264.0,0.0,71802.0,71802.0,False
2019-01-12 11:34:00,611739.0,696263.7999999999,696264.0,0.0,84525.0,84525.0,False
2019-01-12 11:35:00,633526.0,696263.7999999999,696264.0,0.0,62738.0,62738.0,False
2019-01-12 11:36:00,609703.0,696263.7999999999,696264.0,0.0,86561.0,86561.0,False
2019-01-12 11:37:00,604886.0,696263.7999999999,696264.0,0.0,91378.0,91378.0,False
2019-01-12 11:38:00,599055.0,696263.7999999999,696264.0,0.0,97209.0,97209.0,False
2019-01-12 11:39:00,606871.0,696263.7999999999,696264.0,0.0,89393.0,89393.0,False
2019-01-12 11:40:00,627560.0,696263.7999999999,696264.0,0.0,68704.0,68704.0,False
2019-01-12 11:41:00,601990.0,696263.7999999999,696264.0,0.0,94274.0,94274.0,False
2019-01-12 11:42:00,597969.0,696263.7999999999,696264.0,0.0,98295.0,98295.0,False
2019-01-12 11:43:00,600061.0,696263.7999999999,696264.0,0.0,96203.0,96203.0,False
2019-01-12 11:44:00,590787.0,696263.7999999999,696264.0,0.0,105477.0,105477.0,False
2019-01-12 11:45:00,626420.0,696263.7999999999,696264.0,0.0,69844.0,69844.0,False
2019-01-12 11:46:00,610391.0,696263.7999999999,696264.0,0.0,85873.0,85873.0,False
2019-01-12 11:47:00,623041.0,696263.7999999999,696264.0,0.0,73223.0,73223.0,False
2019-01-12 11:48:00,622582.0,696263.7999999999,696264.0,0.0,73682.0,73682.0,False
2019-01-12 11:49:00,603930.0,696263.7999999999,696264.0,0.0,92334.0,92334.0,False
2019-01-12 11:50:00,624126.0,696263.7999999999,696264.0,0.0,72138.0,72138.0,False
2019-01-12 11:51:00,607805.0,696263.7999999999,696264.0,0.0,88459.0,88459.0,False
2019-01-12 11:52:00,621061.0,696263.7999999999,696264.0,0.0,75203.0,75203.0,False
2019-01-12 11:53:00,601186.0,696263.7999999999,696264.0,0.0,95078.0,95078.0,False
2019-01-12 11:54:00,614788.0,696263.7999999999,696264.0,0.0,81476.0,81476.0,False
2019-01-12 11:55:00,648044.0,696263.7999999999,696264.0,0.0,48220.0,48220.0,False
2019-01-12 11:56:00,607104.0,696263.7999999999,696264.0,0.0,89160.0,89160.0,False
2019-01-12 11:57:00,599038.0,696263.7999999999,696264.0,0.0,97226.0,97226.0,False
2019-01-12 11:58:00,578714.0,696263.7999999999,696264.0,0.0,117550.0,117550.0,False
2019-01-12 11:59:00,584432.0,696263.7999999999,696264.0,0.0,111832.0,111832.0,False
2019-01-12 12:00:00,710456.0,696263.7999999999,696264.0,14192.0,0.0,141920.0,False
2019-01-12 12:01:00,650176.0,696263.7999999999,696264.0,0.0,46088.0,46088.0,False
2019-01-12 12:02:00,653458.0,696263.7999999999,696264.0,0.0,42806.0,42806.0,False
2019-01-12 12:03:00,633152.0,696263.7999999999,696264.0,0.0,63112.0,63112.0,False
2019-01-12 12:04:00,618287.0,696263.7999999999,696264.0,0.0,77977.0,77977.0,False
2019-01-12 12:05:00,682236.0,696263.7999999999,696264.0,0.0,14028.0,14028.0,False
2019-01-12 12:06:00,706413.0,696263.7999999999,696264.0,10149.0,0.0,101490.0,False
2019-01-12 12:07:00,710186.0,696263.7999999999,696264.0,13922.0,0.0,139220.0,False
2019-01-12 12:08:00,731428.0,696263.7999999999,696264.0,35164.0,0.0,351640.0,False
2019-01-12 12:09:00,730227.0,696263.7999999999,696264.0,33963.0,0.0,339630.0,False
2019-01-12 12:10:00,675699.0,696263.7999999999,696264.0,0.0,20565.0,20565.0,False
2019-01-12 12:11:00,634651.0,696263.7999999999,696264.0,0.0,61613.0,61613.0,False
2019-01-12 12:12:00,612267.0,696263.7999999999,696264.0,0.0,83997.0,83997.0,False
2019-01-12 12:13:00,619758.0,696263.7999999999,696264.0,0.0,76506.0,76506.0,False
2019-01-12 12:14:00,621463.0,696263.7999999999,696264.0,0.0,74801.0,74801.0,False
2019-01-12 12:15:00,662960.0,696263.7999999999,696264.0,0.0,33304.0,33304.0,False
2019-01-12 12:16:00,647567.0,696263.7999999999,696264.0,0.0,48697.0,48697.0,False
2019-01-12 12:17:00,646980.0,696263.7999999999,696264.0,0.0,49284.0,49284.0,False
2019-01-12 12:18:00,652729.0,696263.7999999999,696264.0,0.0,43535.0,43535.0,False
2019-01-12 12:19:00,654293.0,696263.7999999999,696264.0,0.0,41971.0,41971.0,False
2019-01-12 12:20:00,658594.0,696263.7999999999,696264.0,0.0,37670.0,37670.0,False
2019-01-12 12:21:00,621109.0,696263.7999999999,696264.0,0.0,75155.0,75155.0,False
2019-01-12 12:22:00,611693.0,696263.7999999999,696264.0,0.0,84571.0,84571.0,False
2019-01-12 12:23:00,615396.0,696263.7999999999,696264.0,0.0,80868.0,80868.0,False
2019-01-12 12:24:00,627098.0,696263.7999999999,696264.0,0.0,69166.0,69166.0,False
2019-01-12 12:25:00,607715.0,696263.7999999999,696264.0,0.0,88549.0,88549.0,False
2019-01-12 12:26:00,598956.0,696263.7999999999,696264.0,0.0,97308.0,97308.0,False
2019-01-12 12:27:00,602450.0,696263.7999999999,696264.0,0.0,93814.0,93814.0,False
2019-01-12 12:28:00,590159.0,696263.7999999999,696264.0,0.0,106105.0,106105.0,False
2019-01-12 12:29:00,602459.0,696263.7999999999,696264.0,0.0,93805.0,93805.0,False
2019-01-12 12:30:00,667302.0,696263.7999999999,696264.0,0.0,28962.0,28962.0,False
2019-01-12 12:31:00,637873.0,696263.7999999999,696264.0,0.0,58391.0,58391.0,False
2019-01-12 12:32:00,636552.0,696263.7999999999,696264.0,0.0,59712.0,59712.0,False
2019-01-12 12:33:00,643793.0,696263.7999999999,696264.0,0.0,52471.0,52471.0,False
2019-01-12 12:34:00,635801.0,696263.7999999999,696264.0,0.0,60463.0,60463.0,False
2019-01-12 12:35:00,638370.0,696263.7999999999,696264.0,0.0,57894.0,57894.0,False
2019-01-12 12:36:00,644264.0,696263.7999999999,696264.0,0.0,52000.0,52000.0,False
2019-01-12 12:37:00,621809.0,696263.7999999999,696264.0,0.0,74455.0,74455.0,False
2019-01-12 12:38:00,605102.0,696263.7999999999,696264.0,0.0,91162.0,91162.0,False
2019-01-12 12:39:00,612841.0,696263.7999999999,696264.0,0.0,83423.0,83423.0,False
2019-01-12 12:40:00,640759.0,696263.7999999999,696264.0,0.0,55505.0,55505.0,False
2019-01-12 12:41:00,619318.0,696263.7999999999,696264.0,0.0,76946.0,76946.0,False
2019-01-12 12:42:00,622150.0,696263.7999999999,696264.0,0.0,74114.0,74114.0,False
2019-01-12 12:43:00,637722.0,696263.7999999999,696264.0,0.0,58542.0,58542.0,False
2019-01-12 12:44:00,632725.0,696263.7999999999,696264.0,0.0,63539.0,63539.0,False
2019-01-12 12:45:00,651955.0,696263.7999999999,696264.0,0.0,44309.0,44309.0,False
2019-01-12 12:46:00,653909.0,696263.7999999999,696264.0,0.0,42355.0,42355.0,False
2019-01-12 12:47:00,651527.0,696263.7999999999,696264.0,0.0,44737.0,44737.0,False
2019-01-12 12:48:00,640182.0,696263.7999999999,696264.0,0.0,56082.0,56082.0,False
2019-01-12 12:49:00,648749.0,696263.7999999999,696264.0,0.0,47515.0,47515.0,False
2019-01-12 12:50:00,679400.0,696263.7999999999,696264.0,0.0,16864.0,16864.0,False
2019-01-12 12:51:00,659264.0,696263.7999999999,696264.0,0.0,37000.0,37000.0,False
2019-01-12 12:52:00,675013.0,696263.7999999999,696264.0,0.0,21251.0,21251.0,False
2019-01-12 12:53:00,662687.0,696263.7999999999,696264.0,0.0,33577.0,33577.0,False
2019-01-12 12:54:00,684138.0,696263.7999999999,696264.0,0.0,12126.0,12126.0,False
2019-01-12 12:55:00,670150.0,696263.7999999999,696264.0,0.0,26114.0,26114.0,False
2019-01-12 12:56:00,648510.0,696263.7999999999,696264.0,0.0,47754.0,47754.0,False
2019-01-12 12:57:00,636559.0,696263.7999999999,696264.0,0.0,59705.0,59705.0,False
2019-01-12 12:58:00,631408.0,696263.7999999999,696264.0,0.0,64856.0,64856.0,False
2019-01-12 12:59:00,635327.0,696263.7999999999,696264.0,0.0,60937.0,60937.0,False
2019-01-12 13:00:00,743162.0,696263.7999999999,696264.0,46898.0,0.0,468980.0,False
2019-01-12 13:01:00,687123.0,696263.7999999999,696264.0,0.0,9141.0,9141.0,False
2019-01-12 13:02:00,691558.0,696263.7999999999,696264.0,0.0,4706.0,4706.0,False
2019-01-12 13:03:00,707900.0,696263.7999999999,696264.0,11636.0,0.0,116360.0,False
2019-01-12 13:04:00,665132.0,696263.7999999999,696264.0,0.0,31132.0,31132.0,False
2019-01-12 13:05:00,670364.0,696263.7999999999,696264.0,0.0,25900.0,25900.0,False
2019-01-12 13:06:00,701916.0,696263.7999999999,696264.0,5652.0,0.0,56520.0,False
2019-01-12 13:07:00,720580.0,696263.7999999999,696264.0,24316.0,0.0,243160.0,False
2019-01-12 13:08:00,717152.0,696263.7999999999,696264.0,20888.0,0.0,208880.0,False
2019-01-12 13:09:00,740164.0,696263.7999999999,696264.0,43900.0,0.0,439000.0,False
2019-01-12 13:10:00,734851.0,696263.7999999999,696264.0,38587.0,0.0,385870.0,False
2019-01-12 13:11:00,727068.0,696263.7999999999,696264.0,30804.0,0.0,308040.0,False
2019-01-12 13:12:00,710610.0,696263.7999999999,696264.0,14346.0,0.0,143460.0,False
2019-01-12 13:13:00,670371.0,696263.7999999999,696264.0,0.0,25893.0,25893.0,False
2019-01-12 13:14:00,658204.0,696263.7999999999,696264.0,0.0,38060.0,38060.0,False
2019-01-12 13:15:00,675841.0,696263.7999999999,696264.0,0.0,20423.0,20423.0,False
2019-01-12 13:16:00,654723.0,696263.7999999999,696264.0,0.0,41541.0,41541.0,False
2019-01-12 13:17:00,649283.0,696263.7999999999,696264.0,0.0,46981.0,46981.0,False
2019-01-12 13:18:00,640966.0,696263.7999999999,696264.0,0.0,55298.0,55298.0,False
2019-01-12 13:19:00,641444.0,696263.7999999999,696264.0,0.0,54820.0,54820.0,False
2019-01-12 13:20:00,653162.0,696263.7999999999,696264.0,0.0,43102.0,43102.0,False
2019-01-12 13:21:00,636508.0,696263.7999999999,696264.0,0.0,59756.0,59756.0,False
2019-01-12 13:22:00,630465.0,696263.7999999999,696264.0,0.0,65799.0,65799.0,False
2019-01-12 13:23:00,632271.0,696263.7999999999,696264.0,0.0,63993.0,63993.0,False
2019-01-12 13:24:00,632057.0,696263.7999999999,696264.0,0.0,64207.0,64207.0,False
2019-01-12 13:25:00,634516.0,696263.7999999999,696264.0,0.0,61748.0,61748.0,False
2019-01-12 13:26:00,627849.0,696263.7999999999,696264.0,0.0,68415.0,68415.0,False
2019-01-12 13:27:00,618578.0,696263.7999999999,696264.0,0.0,77686.0,77686.0,False
2019-01-12 13:28:00,628306.0,696263.7999999999,696264.0,0.0,67958.0,67958.0,False
2019-01-12 13:29:00,631695.0,696263.7999999999,696264.0,0.0,64569.0,64569.0,False
2019-01-12 13:30:00,700249.0,696263.7999999999,696264.0,3985.0,0.0,39850.0,False
2019-01-12 13:31:00,662373.0,696263.7999999999,696264.0,0.0,33891.0,33891.0,False
2019-01-12 13:32:00,652967.0,696263.7999999999,696264.0,0.0,43297.0,43297.0,False
2019-01-12 13:33:00,652840.0,696263.7999999999,696264.0,0.0,43424.0,43424.0,False
2019-01-12 13:34:00,649576.0,696263.7999999999,696264.0,0.0,46688.0,46688.0,False
2019-01-12 13:35:00,672621.0,696263.7999999999,696264.0,0.0,23643.0,23643.0,False
2019-01-12 13:36:00,673337.0,696263.7999999999,696264.0,0.0,22927.0,22927.0,False
2019-01-12 13:37:00,669050.0,696263.7999999999,696264.0,0.0,27214.0,27214.0,False
2019-01-12 13:38:00,659639.0,696263.7999999999,696264.0,0.0,36625.0,36625.0,False
2019-01-12 13:39:00,639379.0,696263.7999999999,696264.0,0.0,56885.0,56885.0,False
2019-01-12 13:40:00,660628.0,696263.7999999999,696264.0,0.0,35636.0,35636.0,False
2019-01-12 13:41:00,622770.0,696263.7999999999,696264.0,0.0,73494.0,73494.0,False
2019-01-12 13:42:00,627915.0,696263.7999999999,696264.0,0.0,68349.0,68349.0,False
2019-01-12 13:43:00,630397.0,696263.7999999999,696264.0,0.0,65867.0,65867.0,False
2019-01-12 13:44:00,637742.0,696263.7999999999,696264.0,0.0,58522.0,58522.0,False
2019-01-12 13:45:00,666238.0,696263.7999999999,696264.0,0.0,30026.0,30026.0,False
2019-01-12 13:46:00,648877.0,696263.7999999999,696264.0,0.0,47387.0,47387.0,False
2019-01-12 13:47:00,647690.0,696263.7999999999,696264.0,0.0,48574.0,48574.0,False
2019-01-12 13:48:00,640007.0,696263.7999999999,696264.0,0.0,56257.0,56257.0,False
2019-01-12 13:49:00,642038.0,696263.7999999999,696264.0,0.0,54226.0,54226.0,False
2019-01-12 13:50:00,671877.0,696263.7999999999,696264.0,0.0,24387.0,24387.0,False
2019-01-12 13:51:00,646491.0,696263.7999999999,696264.0,0.0,49773.0,49773.0,False
2019-01-12 13:52:00,637107.0,696263.7999999999,696264.0,0.0,59157.0,59157.0,False
2019-01-12 13:53:00,624481.0,696263.7999999999,696264.0,0.0,71783.0,71783.0,False
2019-01-12 13:54:00,604614.0,696263.7999999999,696264.0,0.0,91650.0,91650.0,False
2019-01-12 13:55:00,649852.0,696263.7999999999,696264.0,0.0,46412.0,46412.0,False
2019-01-12 13:56:00,628350.0,696263.7999999999,696264.0,0.0,67914.0,67914.0,False
2019-01-12 13:57:00,614857.0,696263.7999999999,696264.0,0.0,81407.0,81407.0,False
2019-01-12 13:58:00,619489.0,696263.7999999999,696264.0,0.0,76775.0,76775.0,False
2019-01-12 13:59:00,634144.0,696263.7999999999,696264.0,0.0,62120.0,62120.0,False
2019-01-12 14:00:00,734824.0,696263.7999999999,696264.0,38560.0,0.0,385600.0,False
2019-01-12 14:01:00,670937.0,696263.7999999999,696264.0,0.0,25327.0,25327.0,False
2019-01-12 14:02:00,667911.0,696263.7999999999,696264.0,0.0,28353.0,28353.0,False
2019-01-12 14:03:00,659159.0,696263.7999999999,696264.0,0.0,37105.0,37105.0,False
2019-01-12 14:04:00,649275.0,696263.7999999999,696264.0,0.0,46989.0,46989.0,False
2019-01-12 14:05:00,656518.0,696263.7999999999,696264.0,0.0,39746.0,39746.0,False
2019-01-12 14:06:00,768448.0,696263.7999999999,696264.0,72184.0,0.0,721840.0,False
2019-01-12 14:07:00,843623.0,696263.7999999999,696264.0,147359.0,0.0,1473590.0,True
2019-01-12 14:08:00,841915.0,696263.7999999999,696264.0,145651.0,0.0,1456510.0,True
2019-01-12 14:09:00,701544.0,696263.7999999999,696264.0,5280.0,0.0,52800.0,False
2019-01-12 14:10:00,674780.0,696263.7999999999,696264.0,0.0,21484.0,21484.0,False
2019-01-12 14:11:00,625975.0,696263.7999999999,696264.0,0.0,70289.0,70289.0,False
2019-01-12 14:12:00,621827.0,696263.7999999999,696264.0,0.0,74437.0,74437.0,False
2019-01-12 14:13:00,617365.0,696263.7999999999,696264.0,0.0,78899.0,78899.0,False
2019-01-12 14:14:00,620878.0,696263.7999999999,696264.0,0.0,75386.0,75386.0,False
2019-01-12 14:15:00,651511.0,696263.7999999999,696264.0,0.0,44753.0,44753.0,False
2019-01-12 14:16:00,637854.0,696263.7999999999,696264.0,0.0,58410.0,58410.0,False
2019-01-12 14:17:00,631059.0,696263.7999999999,696264.0,0.0,65205.0,65205.0,False
2019-01-12 14:18:00,621756.0,696263.7999999999,696264.0,0.0,74508.0,74508.0,False
2019-01-12 14:19:00,621798.0,696263.7999999999,696264.0,0.0,74466.0,74466.0,False
2019-01-12 14:20:00,629815.0,696263.7999999999,696264.0,0.0,66449.0,66449.0,False
2019-01-12 14:21:00,605733.0,696263.7999999999,696264.0,0.0,90531.0,90531.0,False
2019-01-12 14:22:00,627045.0,696263.7999999999,696264.0,0.0,69219.0,69219.0,False
2019-01-12 14:23:00,636337.0,696263.7999999999,696264.0,0.0,59927.0,59927.0,False
2019-01-12 14:24:00,605578.0,696263.7999999999,696264.0,0.0,90686.0,90686.0,False
2019-01-12 14:25:00,595000.0,696263.7999999999,696264.0,0.0,101264.0,101264.0,False
2019-01-12 14:26:00,588100.0,696263.7999999999,696264.0,0.0,108164.0,108164.0,False
2019-01-12 14:27:00,575571.0,696263.7999999999,696264.0,0.0,120693.0,120693.0,False
2019-01-12 14:28:00,567609.0,696263.7999999999,696264.0,0.0,128655.0,128655.0,False
2019-01-12 14:29:00,562673.0,696263.7999999999,696264.0,0.0,133591.0,133591.0,False
2019-01-12 14:30:00,651870.0,696263.7999999999,696264.0,0.0,44394.0,44394.0,False
2019-01-12 14:31:00,619189.0,696263.7999999999,696264.0,0.0,77075.0,77075.0,False
2019-01-12 14:32:00,611441.0,696263.7999999999,696264.0,0.0,84823.0,84823.0,False
2019-01-12 14:33:00,615412.0,696263.7999999999,696264.0,0.0,80852.0,80852.0,False
2019-01-12 14:34:00,607293.0,696263.7999999999,696264.0,0.0,88971.0,88971.0,False
2019-01-12 14:35:00,619425.0,696263.7999999999,696264.0,0.0,76839.0,76839.0,False
2019-01-12 14:36:00,600096.0,696263.7999999999,696264.0,0.0,96168.0,96168.0,False
2019-01-12 14:37:00,592262.0,696263.7999999999,696264.0,0.0,104002.0,104002.0,False
2019-01-12 14:38:00,604236.0,696263.7999999999,696264.0,0.0,92028.0,92028.0,False
2019-01-12 14:39:00,605806.0,696263.7999999999,696264.0,0.0,90458.0,90458.0,False
2019-01-12 14:40:00,656113.0,696263.7999999999,696264.0,0.0,40151.0,40151.0,False
2019-01-12 14:41:00,614753.0,696263.7999999999,696264.0,0.0,81511.0,81511.0,False
2019-01-12 14:42:00,591028.0,696263.7999999999,696264.0,0.0,105236.0,105236.0,False
2019-01-12 14:43:00,587933.0,696263.7999999999,696264.0,0.0,108331.0,108331.0,False
2019-01-12 14:44:00,590113.0,696263.7999999999,696264.0,0.0,106151.0,106151.0,False
2019-01-12 14:45:00,611133.0,696263.7999999999,696264.0,0.0,85131.0,85131.0,False
2019-01-12 14:46:00,609086.0,696263.7999999999,696264.0,0.0,87178.0,87178.0,False
2019-01-12 14:47:00,604148.0,696263.7999999999,696264.0,0.0,92116.0,92116.0,False
2019-01-12 14:48:00,594884.0,696263.7999999999,696264.0,0.0,101380.0,101380.0,False
2019-01-12 14:49:00,592428.0,696263.7999999999,696264.0,0.0,103836.0,103836.0,False
2019-01-12 14:50:00,621215.0,696263.7999999999,696264.0,0.0,75049.0,75049.0,False
2019-01-12 14:51:00,598946.0,696263.7999999999,696264.0,0.0,97318.0,97318.0,False
2019-01-12 14:52:00,583467.0,696263.7999999999,696264.0,0.0,112797.0,112797.0,False
2019-01-12 14:53:00,585538.0,696263.7999999999,696264.0,0.0,110726.0,110726.0,False
2019-01-12 14:54:00,582360.0,696263.7999999999,696264.0,0.0,113904.0,113904.0,False
2019-01-12 14:55:00,586413.0,696263.7999999999,696264.0,0.0,109851.0,109851.0,False
2019-01-12 14:56:00,577093.0,696263.7999999999,696264.0,0.0,119171.0,119171.0,False
2019-01-12 14:57:00,593357.0,696263.7999999999,696264.0,0.0,102907.0,102907.0,False
2019-01-12 14:58:00,564427.0,696263.7999999999,696264.0,0.0,131837.0,131837.0,False
2019-01-12 14:59:00,577309.0,696263.7999999999,696264.0,0.0,118955.0,118955.0,False
2019-01-12 15:00:00,684547.0,696263.7999999999,696264.0,0.0,11717.0,11717.0,False
2019-01-12 15:01:00,616441.0,696263.7999999999,696264.0,0.0,79823.0,79823.0,False
2019-01-12 15:02:00,638624.0,696263.7999999999,696264.0,0.0,57640.0,57640.0,False
2019-01-12 15:03:00,652970.0,696263.7999999999,696264.0,0.0,43294.0,43294.0,False
2019-01-12 15:04:00,637666.0,696263.7999999999,696264.0,0.0,58598.0,58598.0,False
2019-01-12 15:05:00,709512.0,696263.7999999999,696264.0,13248.0,0.0,132480.0,False
2019-01-12 15:06:00,682344.0,696263.7999999999,696264.0,0.0,13920.0,13920.0,False
2019-01-12 15:07:00,679076.0,696263.7999999999,696264.0,0.0,17188.0,17188.0,False
2019-01-12 15:08:00,697420.0,696263.7999999999,696264.0,1156.0,0.0,11560.0,False
2019-01-12 15:09:00,693682.0,696263.7999999999,696264.0,0.0,2582.0,2582.0,False
2019-01-12 15:10:00,699265.0,696263.7999999999,696264.0,3001.0,0.0,30010.0,False
2019-01-12 15:11:00,627796.0,696263.7999999999,696264.0,0.0,68468.0,68468.0,False
2019-01-12 15:12:00,613516.0,696263.7999999999,696264.0,0.0,82748.0,82748.0,False
2019-01-12 15:13:00,597195.0,696263.7999999999,696264.0,0.0,99069.0,99069.0,False
2019-01-12 15:14:00,623213.0,696263.7999999999,696264.0,0.0,73051.0,73051.0,False
2019-01-12 15:15:00,662165.0,696263.7999999999,696264.0,0.0,34099.0,34099.0,False
2019-01-12 15:16:00,668258.0,696263.7999999999,696264.0,0.0,28006.0,28006.0,False
2019-01-12 15:17:00,677095.0,696263.7999999999,696264.0,0.0,19169.0,19169.0,False
2019-01-12 15:18:00,649685.0,696263.7999999999,696264.0,0.0,46579.0,46579.0,False
2019-01-12 15:19:00,634778.0,696263.7999999999,696264.0,0.0,61486.0,61486.0,False
2019-01-12 15:20:00,658680.0,696263.7999999999,696264.0,0.0,37584.0,37584.0,False
2019-01-12 15:21:00,640343.0,696263.7999999999,696264.0,0.0,55921.0,55921.0,False
2019-01-12 15:22:00,635097.0,696263.7999999999,696264.0,0.0,61167.0,61167.0,False
2019-01-12 15:23:00,629153.0,696263.7999999999,696264.0,0.0,67111.0,67111.0,False
2019-01-12 15:24:00,658421.0,696263.7999999999,696264.0,0.0,37843.0,37843.0,False
2019-01-12 15:25:00,648715.0,696263.7999999999,696264.0,0.0,47549.0,47549.0,False
2019-01-12 15:26:00,637623.0,696263.7999999999,696264.0,0.0,58641.0,58641.0,False
2019-01-12 15:27:00,606860.0,696263.7999999999,696264.0,0.0,89404.0,89404.0,False
2019-01-12 15:28:00,613573.0,696263.7999999999,696264.0,0.0,82691.0,82691.0,False
2019-01-12 15:29:00,596745.0,696263.7999999999,696264.0,0.0,99519.0,99519.0,False
2019-01-12 15:30:00,688453.0,696263.7999999999,696264.0,0.0,7811.0,7811.0,False
2019-01-12 15:31:00,643553.0,696263.7999999999,696264.0,0.0,52711.0,52711.0,False
2019-01-12 15:32:00,644997.0,696263.7999999999,696264.0,0.0,51267.0,51267.0,False
2019-01-12 15:33:00,634958.0,696263.7999999999,696264.0,0.0,61306.0,61306.0,False
2019-01-12 15:34:00,644087.0,696263.7999999999,696264.0,0.0,52177.0,52177.0,False
2019-01-12 15:35:00,668458.0,696263.7999999999,696264.0,0.0,27806.0,27806.0,False
2019-01-12 15:36:00,652477.0,696263.7999999999,696264.0,0.0,43787.0,43787.0,False
2019-01-12 15:37:00,638208.0,696263.7999999999,696264.0,0.0,58056.0,58056.0,False
2019-01-12 15:38:00,634125.0,696263.7999999999,696264.0,0.0,62139.0,62139.0,False
2019-01-12 15:39:00,641118.0,696263.7999999999,696264.0,0.0,55146.0,55146.0,False
2019-01-12 15:40:00,654547.0,696263.7999999999,696264.0,0.0,41717.0,41717.0,False
2019-01-12 15:41:00,639479.0,696263.7999999999,696264.0,0.0,56785.0,56785.0,False
2019-01-12 15:42:00,635996.0,696263.7999999999,696264.0,0.0,60268.0,60268.0,False
2019-01-12 15:43:00,634006.0,696263.7999999999,696264.0,0.0,62258.0,62258.0,False
2019-01-12 15:44:00,642541.0,696263.7999999999,696264.0,0.0,53723.0,53723.0,False
2019-01-12 15:45:00,649700.0,696263.7999999999,696264.0,0.0,46564.0,46564.0,False
2019-01-12 15:46:00,657249.0,696263.7999999999,696264.0,0.0,39015.0,39015.0,False
2019-01-12 15:47:00,662157.0,696263.7999999999,696264.0,0.0,34107.0,34107.0,False
2019-01-12 15:48:00,657394.0,696263.7999999999,696264.0,0.0,38870.0,38870.0,False
2019-01-12 15:49:00,635113.0,696263.7999999999,696264.0,0.0,61151.0,61151.0,False
2019-01-12 15:50:00,652149.0,696263.7999999999,696264.0,0.0,44115.0,44115.0,False
2019-01-12 15:51:00,637202.0,696263.7999999999,696264.0,0.0,59062.0,59062.0,False
2019-01-12 15:52:00,661289.0,696263.7999999999,696264.0,0.0,34975.0,34975.0,False
2019-01-12 15:53:00,654077.0,696263.7999999999,696264.0,0.0,42187.0,42187.0,False
2019-01-12 15:54:00,626137.0,696263.7999999999,696264.0,0.0,70127.0,70127.0,False
2019-01-12 15:55:00,647452.0,696263.7999999999,696264.0,0.0,48812.0,48812.0,False
2019-01-12 15:56:00,630124.0,696263.7999999999,696264.0,0.0,66140.0,66140.0,False
2019-01-12 15:57:00,633347.0,696263.7999999999,696264.0,0.0,62917.0,62917.0,False
2019-01-12 15:58:00,628085.0,696263.7999999999,696264.0,0.0,68179.0,68179.0,False
2019-01-12 15:59:00,637645.0,696263.7999999999,696264.0,0.0,58619.0,58619.0,False
2019-01-12 16:00:00,749034.0,696263.7999999999,696264.0,52770.0,0.0,527700.0,False
2019-01-12 16:01:00,678327.0,696263.7999999999,696264.0,0.0,17937.0,17937.0,False
2019-01-12 16:02:00,682825.0,696263.7999999999,696264.0,0.0,13439.0,13439.0,False
2019-01-12 16:03:00,683983.0,696263.7999999999,696264.0,0.0,12281.0,12281.0,False
2019-01-12 16:04:00,667920.0,696263.7999999999,696264.0,0.0,28344.0,28344.0,False
2019-01-12 16:05:00,652288.0,696263.7999999999,696264.0,0.0,43976.0,43976.0,False
2019-01-12 16:06:00,660875.0,696263.7999999999,696264.0,0.0,35389.0,35389.0,False
2019-01-12 16:07:00,707286.0,696263.7999999999,696264.0,11022.0,0.0,110220.0,False
2019-01-12 16:08:00,729135.0,696263.7999999999,696264.0,32871.0,0.0,328710.0,False
2019-01-12 16:09:00,731134.0,696263.7999999999,696264.0,34870.0,0.0,348700.0,False
2019-01-12 16:10:00,752858.0,696263.7999999999,696264.0,56594.0,0.0,565940.0,False
2019-01-12 16:11:00,720984.0,696263.7999999999,696264.0,24720.0,0.0,247200.0,False
2019-01-12 16:12:00,682955.0,696263.7999999999,696264.0,0.0,13309.0,13309.0,False
2019-01-12 16:13:00,667455.0,696263.7999999999,696264.0,0.0,28809.0,28809.0,False
2019-01-12 16:14:00,671982.0,696263.7999999999,696264.0,0.0,24282.0,24282.0,False
2019-01-12 16:15:00,712220.0,696263.7999999999,696264.0,15956.0,0.0,159560.0,False
2019-01-12 16:16:00,675238.0,696263.7999999999,696264.0,0.0,21026.0,21026.0,False
2019-01-12 16:17:00,659700.0,696263.7999999999,696264.0,0.0,36564.0,36564.0,False
2019-01-12 16:18:00,675508.0,696263.7999999999,696264.0,0.0,20756.0,20756.0,False
2019-01-12 16:19:00,650280.0,696263.7999999999,696264.0,0.0,45984.0,45984.0,False
2019-01-12 16:20:00,660006.0,696263.7999999999,696264.0,0.0,36258.0,36258.0,False
2019-01-12 16:21:00,653519.0,696263.7999999999,696264.0,0.0,42745.0,42745.0,False
2019-01-12 16:22:00,640498.0,696263.7999999999,696264.0,0.0,55766.0,55766.0,False
2019-01-12 16:23:00,638059.0,696263.7999999999,696264.0,0.0,58205.0,58205.0,False
2019-01-12 16:24:00,638232.0,696263.7999999999,696264.0,0.0,58032.0,58032.0,False
2019-01-12 16:25:00,633904.0,696263.7999999999,696264.0,0.0,62360.0,62360.0,False
2019-01-12 16:26:00,605069.0,696263.7999999999,696264.0,0.0,91195.0,91195.0,False
2019-01-12 16:27:00,604187.0,696263.7999999999,696264.0,0.0,92077.0,92077.0,False
2019-01-12 16:28:00,621131.0,696263.7999999999,696264.0,0.0,75133.0,75133.0,False
2019-01-12 16:29:00,629017.0,696263.7999999999,696264.0,0.0,67247.0,67247.0,False
2019-01-12 16:30:00,696602.0,696263.7999999999,696264.0,338.0,0.0,3380.0,False
2019-01-12 16:31:00,655952.0,696263.7999999999,696264.0,0.0,40312.0,40312.0,False
2019-01-12 16:32:00,639297.0,696263.7999999999,696264.0,0.0,56967.0,56967.0,False
2019-01-12 16:33:00,644703.0,696263.7999999999,696264.0,0.0,51561.0,51561.0,False
2019-01-12 16:34:00,649457.0,696263.7999999999,696264.0,0.0,46807.0,46807.0,False
2019-01-12 16:35:00,648090.0,696263.7999999999,696264.0,0.0,48174.0,48174.0,False
2019-01-12 16:36:00,648852.0,696263.7999999999,696264.0,0.0,47412.0,47412.0,False
2019-01-12 16:37:00,625270.0,696263.7999999999,696264.0,0.0,70994.0,70994.0,False
2019-01-12 16:38:00,637216.0,696263.7999999999,696264.0,0.0,59048.0,59048.0,False
2019-01-12 16:39:00,641665.0,696263.7999999999,696264.0,0.0,54599.0,54599.0,False
2019-01-12 16:40:00,676336.0,696263.7999999999,696264.0,0.0,19928.0,19928.0,False
2019-01-12 16:41:00,643729.0,696263.7999999999,696264.0,0.0,52535.0,52535.0,False
2019-01-12 16:42:00,659423.0,696263.7999999999,696264.0,0.0,36841.0,36841.0,False
2019-01-12 16:43:00,673181.0,696263.7999999999,696264.0,0.0,23083.0,23083.0,False
2019-01-12 16:44:00,661137.0,696263.7999999999,696264.0,0.0,35127.0,35127.0,False
2019-01-12 16:45:00,671467.0,696263.7999999999,696264.0,0.0,24797.0,24797.0,False
2019-01-12 16:46:00,663000.0,696263.7999999999,696264.0,0.0,33264.0,33264.0,False
2019-01-12 16:47:00,664810.0,696263.7999999999,696264.0,0.0,31454.0,31454.0,False
2019-01-12 16:48:00,653675.0,696263.7999999999,696264.0,0.0,42589.0,42589.0,False
2019-01-12 16:49:00,659747.0,696263.7999999999,696264.0,0.0,36517.0,36517.0,False
2019-01-12 16:50:00,657828.0,696263.7999999999,696264.0,0.0,38436.0,38436.0,False
2019-01-12 16:51:00,638141.0,696263.7999999999,696264.0,0.0,58123.0,58123.0,False
2019-01-12 16:52:00,632338.0,696263.7999999999,696264.0,0.0,63926.0,63926.0,False
2019-01-12 16:53:00,639072.0,696263.7999999999,696264.0,0.0,57192.0,57192.0,False
2019-01-12 16:54:00,638970.0,696263.7999999999,696264.0,0.0,57294.0,57294.0,False
2019-01-12 16:55:00,646913.0,696263.7999999999,696264.0,0.0,49351.0,49351.0,False
2019-01-12 16:56:00,633421.0,696263.7999999999,696264.0,0.0,62843.0,62843.0,False
2019-01-12 16:57:00,631879.0,696263.7999999999,696264.0,0.0,64385.0,64385.0,False
2019-01-12 16:58:00,629570.0,696263.7999999999,696264.0,0.0,66694.0,66694.0,False
2019-01-12 16:59:00,618780.0,696263.7999999999,696264.0,0.0,77484.0,77484.0,False
2019-01-12 17:00:00,756499.0,696263.7999999999,696264.0,60235.0,0.0,602350.0,False
2019-01-12 17:01:00,666583.0,696263.7999999999,696264.0,0.0,29681.0,29681.0,False
2019-01-12 17:02:00,647910.0,696263.7999999999,696264.0,0.0,48354.0,48354.0,False
2019-01-12 17:03:00,655945.0,696263.7999999999,696264.0,0.0,40319.0,40319.0,False
2019-01-12 17:04:00,639904.0,696263.7999999999,696264.0,0.0,56360.0,56360.0,False
2019-01-12 17:05:00,649745.0,696263.7999999999,696264.0,0.0,46519.0,46519.0,False
2019-01-12 17:06:00,696810.0,696263.7999999999,696264.0,546.0,0.0,5460.0,False
2019-01-12 17:07:00,700756.0,696263.7999999999,696264.0,4492.0,0.0,44920.0,False
2019-01-12 17:08:00,716194.0,696263.7999999999,696264.0,19930.0,0.0,199300.0,False
2019-01-12 17:09:00,700647.0,696263.7999999999,696264.0,4383.0,0.0,43830.0,False
2019-01-12 17:10:00,718574.0,696263.7999999999,696264.0,22310.0,0.0,223100.0,False
2019-01-12 17:11:00,709709.0,696263.7999999999,696264.0,13445.0,0.0,134450.0,False
2019-01-12 17:12:00,680653.0,696263.7999999999,696264.0,0.0,15611.0,15611.0,False
2019-01-12 17:13:00,658894.0,696263.7999999999,696264.0,0.0,37370.0,37370.0,False
2019-01-12 17:14:00,646066.0,696263.7999999999,696264.0,0.0,50198.0,50198.0,False
2019-01-12 17:15:00,666224.0,696263.7999999999,696264.0,0.0,30040.0,30040.0,False
2019-01-12 17:16:00,640365.0,696263.7999999999,696264.0,0.0,55899.0,55899.0,False
2019-01-12 17:17:00,645604.0,696263.7999999999,696264.0,0.0,50660.0,50660.0,False
2019-01-12 17:18:00,615720.0,696263.7999999999,696264.0,0.0,80544.0,80544.0,False
2019-01-12 17:19:00,617895.0,696263.7999999999,696264.0,0.0,78369.0,78369.0,False
2019-01-12 17:20:00,646781.0,696263.7999999999,696264.0,0.0,49483.0,49483.0,False
2019-01-12 17:21:00,629533.0,696263.7999999999,696264.0,0.0,66731.0,66731.0,False
2019-01-12 17:22:00,622610.0,696263.7999999999,696264.0,0.0,73654.0,73654.0,False
2019-01-12 17:23:00,608298.0,696263.7999999999,696264.0,0.0,87966.0,87966.0,False
2019-01-12 17:24:00,611728.0,696263.7999999999,696264.0,0.0,84536.0,84536.0,False
2019-01-12 17:25:00,608834.0,696263.7999999999,696264.0,0.0,87430.0,87430.0,False
2019-01-12 17:26:00,621285.0,696263.7999999999,696264.0,0.0,74979.0,74979.0,False
2019-01-12 17:27:00,607451.0,696263.7999999999,696264.0,0.0,88813.0,88813.0,False
2019-01-12 17:28:00,622789.0,696263.7999999999,696264.0,0.0,73475.0,73475.0,False
2019-01-12 17:29:00,614786.0,696263.7999999999,696264.0,0.0,81478.0,81478.0,False
2019-01-12 17:30:00,702669.0,696263.7999999999,696264.0,6405.0,0.0,64050.0,False
2019-01-12 17:31:00,673537.0,696263.7999999999,696264.0,0.0,22727.0,22727.0,False
2019-01-12 17:32:00,687321.0,696263.7999999999,696264.0,0.0,8943.0,8943.0,False
2019-01-12 17:33:00,688021.0,696263.7999999999,696264.0,0.0,8243.0,8243.0,False
2019-01-12 17:34:00,667514.0,696263.7999999999,696264.0,0.0,28750.0,28750.0,False
2019-01-12 17:35:00,671905.0,696263.7999999999,696264.0,0.0,24359.0,24359.0,False
2019-01-12 17:36:00,669108.0,696263.7999999999,696264.0,0.0,27156.0,27156.0,False
2019-01-12 17:37:00,664197.0,696263.7999999999,696264.0,0.0,32067.0,32067.0,False
2019-01-12 17:38:00,676038.0,696263.7999999999,696264.0,0.0,20226.0,20226.0,False
2019-01-12 17:39:00,670373.0,696263.7999999999,696264.0,0.0,25891.0,25891.0,False
2019-01-12 17:40:00,711355.0,696263.7999999999,696264.0,15091.0,0.0,150910.0,False
2019-01-12 17:41:00,693984.0,696263.7999999999,696264.0,0.0,2280.0,2280.0,False
2019-01-12 17:42:00,695309.0,696263.7999999999,696264.0,0.0,955.0,955.0,False
2019-01-12 17:43:00,700454.0,696263.7999999999,696264.0,4190.0,0.0,41900.0,False
2019-01-12 17:44:00,718516.0,696263.7999999999,696264.0,22252.0,0.0,222520.0,False
2019-01-12 17:45:00,754549.0,696263.7999999999,696264.0,58285.0,0.0,582850.0,False
2019-01-12 17:46:00,744787.0,696263.7999999999,696264.0,48523.0,0.0,485230.0,False
2019-01-12 17:47:00,739769.0,696263.7999999999,696264.0,43505.0,0.0,435050.0,False
2019-01-12 17:48:00,736073.0,696263.7999999999,696264.0,39809.0,0.0,398090.0,False
2019-01-12 17:49:00,714528.0,696263.7999999999,696264.0,18264.0,0.0,182640.0,False
2019-01-12 17:50:00,729903.0,696263.7999999999,696264.0,33639.0,0.0,336390.0,False
2019-01-12 17:51:00,718788.0,696263.7999999999,696264.0,22524.0,0.0,225240.0,False
2019-01-12 17:52:00,715090.0,696263.7999999999,696264.0,18826.0,0.0,188260.0,False
2019-01-12 17:53:00,697832.0,696263.7999999999,696264.0,1568.0,0.0,15680.0,False
2019-01-12 17:54:00,703576.0,696263.7999999999,696264.0,7312.0,0.0,73120.0,False
2019-01-12 17:55:00,717529.0,696263.7999999999,696264.0,21265.0,0.0,212650.0,False
2019-01-12 17:56:00,745009.0,696263.7999999999,696264.0,48745.0,0.0,487450.0,False
2019-01-12 17:57:00,728822.0,696263.7999999999,696264.0,32558.0,0.0,325580.0,False
2019-01-12 17:58:00,699675.0,696263.7999999999,696264.0,3411.0,0.0,34110.0,False
2019-01-12 17:59:00,675422.0,696263.7999999999,696264.0,0.0,20842.0,20842.0,False
2019-01-12 18:00:00,792925.0,696263.7999999999,696264.0,96661.0,0.0,966610.0,True
2019-01-12 18:01:00,738043.0,696263.7999999999,696264.0,41779.0,0.0,417790.0,False
2019-01-12 18:02:00,743929.0,696263.7999999999,696264.0,47665.0,0.0,476650.0,False
2019-01-12 18:03:00,750933.0,696263.7999999999,696264.0,54669.0,0.0,546690.0,False
2019-01-12 18:04:00,729648.0,696263.7999999999,696264.0,33384.0,0.0,333840.0,False
2019-01-12 18:05:00,720618.0,696263.7999999999,696264.0,24354.0,0.0,243540.0,False
2019-01-12 18:06:00,760650.0,696263.7999999999,696264.0,64386.0,0.0,643860.0,False
2019-01-12 18:07:00,788516.0,696263.7999999999,696264.0,92252.0,0.0,922520.0,True
2019-01-12 18:08:00,799435.0,696263.7999999999,696264.0,103171.0,0.0,1031710.0,True
2019-01-12 18:09:00,795642.0,696263.7999999999,696264.0,99378.0,0.0,993780.0,True
2019-01-12 18:10:00,811903.0,696263.7999999999,696264.0,115639.0,0.0,1156390.0,True
2019-01-12 18:11:00,813572.0,696263.7999999999,696264.0,117308.0,0.0,1173080.0,True
2019-01-12 18:12:00,794668.0,696263.7999999999,696264.0,98404.0,0.0,984040.0,True
2019-01-12 18:13:00,774650.0,696263.7999999999,696264.0,78386.0,0.0,783860.0,False
2019-01-12 18:14:00,774968.0,696263.7999999999,696264.0,78704.0,0.0,787040.0,False
2019-01-12 18:15:00,788938.0,696263.7999999999,696264.0,92674.0,0.0,926740.0,True
2019-01-12 18:16:00,777432.0,696263.7999999999,696264.0,81168.0,0.0,811680.0,False
2019-01-12 18:17:00,755709.0,696263.7999999999,696264.0,59445.0,0.0,594450.0,False
2019-01-12 18:18:00,742403.0,696263.7999999999,696264.0,46139.0,0.0,461390.0,False
2019-01-12 18:19:00,738768.0,696263.7999999999,696264.0,42504.0,0.0,425040.0,False
2019-01-12 18:20:00,765903.0,696263.7999999999,696264.0,69639.0,0.0,696390.0,False
2019-01-12 18:21:00,730290.0,696263.7999999999,696264.0,34026.0,0.0,340260.0,False
2019-01-12 18:22:00,712827.0,696263.7999999999,696264.0,16563.0,0.0,165630.0,False
2019-01-12 18:23:00,709646.0,696263.7999999999,696264.0,13382.0,0.0,133820.0,False
2019-01-12 18:24:00,700748.0,696263.7999999999,696264.0,4484.0,0.0,44840.0,False
2019-01-12 18:25:00,721462.0,696263.7999999999,696264.0,25198.0,0.0,251980.0,False
2019-01-12 18:26:00,695482.0,696263.7999999999,696264.0,0.0,782.0,782.0,False
2019-01-12 18:27:00,684960.0,696263.7999999999,696264.0,0.0,11304.0,11304.0,False
2019-01-12 18:28:00,696422.0,696263.7999999999,696264.0,158.0,0.0,1580.0,False
2019-01-12 18:29:00,740045.0,696263.7999999999,696264.0,43781.0,0.0,437810.0,False
2019-01-12 18:30:00,782824.0,696263.7999999999,696264.0,86560.0,0.0,865600.0,False
2019-01-12 18:31:00,758608.0,696263.7999999999,696264.0,62344.0,0.0,623440.0,False
2019-01-12 18:32:00,735260.0,696263.7999999999,696264.0,38996.0,0.0,389960.0,False
2019-01-12 18:33:00,715569.0,696263.7999999999,696264.0,19305.0,0.0,193050.0,False
2019-01-12 18:34:00,711777.0,696263.7999999999,696264.0,15513.0,0.0,155130.0,False
2019-01-12 18:35:00,718313.0,696263.7999999999,696264.0,22049.0,0.0,220490.0,False
2019-01-12 18:36:00,708389.0,696263.7999999999,696264.0,12125.0,0.0,121250.0,False
2019-01-12 18:37:00,706808.0,696263.7999999999,696264.0,10544.0,0.0,105440.0,False
2019-01-12 18:38:00,702310.0,696263.7999999999,696264.0,6046.0,0.0,60460.0,False
2019-01-12 18:39:00,711484.0,696263.7999999999,696264.0,15220.0,0.0,152200.0,False
2019-01-12 18:40:00,721286.0,696263.7999999999,696264.0,25022.0,0.0,250220.0,False
2019-01-12 18:41:00,709949.0,696263.7999999999,696264.0,13685.0,0.0,136850.0,False
2019-01-12 18:42:00,729117.0,696263.7999999999,696264.0,32853.0,0.0,328530.0,False
2019-01-12 18:43:00,696096.0,696263.7999999999,696264.0,0.0,168.0,168.0,False
2019-01-12 18:44:00,704925.0,696263.7999999999,696264.0,8661.0,0.0,86610.0,False
2019-01-12 18:45:00,729819.0,696263.7999999999,696264.0,33555.0,0.0,335550.0,False
2019-01-12 18:46:00,720476.0,696263.7999999999,696264.0,24212.0,0.0,242120.0,False
2019-01-12 18:47:00,715352.0,696263.7999999999,696264.0,19088.0,0.0,190880.0,False
2019-01-12 18:48:00,738572.0,696263.7999999999,696264.0,42308.0,0.0,423080.0,False
2019-01-12 18:49:00,723139.0,696263.7999999999,696264.0,26875.0,0.0,268750.0,False
2019-01-12 18:50:00,734593.0,696263.7999999999,696264.0,38329.0,0.0,383290.0,False
2019-01-12 18:51:00,716241.0,696263.7999999999,696264.0,19977.0,0.0,199770.0,False
2019-01-12 18:52:00,720816.0,696263.7999999999,696264.0,24552.0,0.0,245520.0,False
2019-01-12 18:53:00,704397.0,696263.7999999999,696264.0,8133.0,0.0,81330.0,False
2019-01-12 18:54:00,702887.0,696263.7999999999,696264.0,6623.0,0.0,66230.0,False
2019-01-12 18:55:00,722525.0,696263.7999999999,696264.0,26261.0,0.0,262610.0,False
2019-01-12 18:56:00,731342.0,696263.7999999999,696264.0,35078.0,0.0,350780.0,False
2019-01-12 18:57:00,706882.0,696263.7999999999,696264.0,10618.0,0.0,106180.0,False
2019-01-12 18:58:00,707409.0,696263.7999999999,696264.0,11145.0,0.0,111450.0,False
2019-01-12 18:59:00,701478.0,696263.7999999999,696264.0,5214.0,0.0,52140.0,False
2019-01-12 19:00:00,794618.0,696263.7999999999,696264.0,98354.0,0.0,983540.0,True
2019-01-12 19:01:00,750292.0,696263.7999999999,696264.0,54028.0,0.0,540280.0,False
2019-01-12 19:02:00,732565.0,696263.7999999999,696264.0,36301.0,0.0,363010.0,False
2019-01-12 19:03:00,721966.0,696263.7999999999,696264.0,25702.0,0.0,257020.0,False
2019-01-12 19:04:00,735159.0,696263.7999999999,696264.0,38895.0,0.0,388950.0,False
2019-01-12 19:05:00,758381.0,696263.7999999999,696264.0,62117.0,0.0,621170.0,False
2019-01-12 19:06:00,781880.0,696263.7999999999,696264.0,85616.0,0.0,856160.0,False
2019-01-12 19:07:00,789930.0,696263.7999999999,696264.0,93666.0,0.0,936660.0,True
2019-01-12 19:08:00,778645.0,696263.7999999999,696264.0,82381.0,0.0,823810.0,False
2019-01-12 19:09:00,800593.0,696263.7999999999,696264.0,104329.0,0.0,1043290.0,True
2019-01-12 19:10:00,817910.0,696263.7999999999,696264.0,121646.0,0.0,1216460.0,True
2019-01-12 19:11:00,782527.0,696263.7999999999,696264.0,86263.0,0.0,862630.0,False
2019-01-12 19:12:00,725682.0,696263.7999999999,696264.0,29418.0,0.0,294180.0,False
2019-01-12 19:13:00,722513.0,696263.7999999999,696264.0,26249.0,0.0,262490.0,False
2019-01-12 19:14:00,687351.0,696263.7999999999,696264.0,0.0,8913.0,8913.0,False
2019-01-12 19:15:00,739400.0,696263.7999999999,696264.0,43136.0,0.0,431360.0,False
2019-01-12 19:16:00,745234.0,696263.7999999999,696264.0,48970.0,0.0,489700.0,False
2019-01-12 19:17:00,719114.0,696263.7999999999,696264.0,22850.0,0.0,228500.0,False
2019-01-12 19:18:00,704197.0,696263.7999999999,696264.0,7933.0,0.0,79330.0,False
2019-01-12 19:19:00,709966.0,696263.7999999999,696264.0,13702.0,0.0,137020.0,False
2019-01-12 19:20:00,731493.0,696263.7999999999,696264.0,35229.0,0.0,352290.0,False
2019-01-12 19:21:00,719366.0,696263.7999999999,696264.0,23102.0,0.0,231020.0,False
2019-01-12 19:22:00,706146.0,696263.7999999999,696264.0,9882.0,0.0,98820.0,False
2019-01-12 19:23:00,710692.0,696263.7999999999,696264.0,14428.0,0.0,144280.0,False
2019-01-12 19:24:00,700719.0,696263.7999999999,696264.0,4455.0,0.0,44550.0,False
2019-01-12 19:25:00,709452.0,696263.7999999999,696264.0,13188.0,0.0,131880.0,False
2019-01-12 19:26:00,686168.0,696263.7999999999,696264.0,0.0,10096.0,10096.0,False
2019-01-12 19:27:00,704416.0,696263.7999999999,696264.0,8152.0,0.0,81520.0,False
2019-01-12 19:28:00,701580.0,696263.7999999999,696264.0,5316.0,0.0,53160.0,False
2019-01-12 19:29:00,685727.0,696263.7999999999,696264.0,0.0,10537.0,10537.0,False
2019-01-12 19:30:00,753765.0,696263.7999999999,696264.0,57501.0,0.0,575010.0,False
2019-01-12 19:31:00,706952.0,696263.7999999999,696264.0,10688.0,0.0,106880.0,False
2019-01-12 19:32:00,709788.0,696263.7999999999,696264.0,13524.0,0.0,135240.0,False
2019-01-12 19:33:00,724936.0,696263.7999999999,696264.0,28672.0,0.0,286720.0,False
2019-01-12 19:34:00,698499.0,696263.7999999999,696264.0,2235.0,0.0,22350.0,False
2019-01-12 19:35:00,708781.0,696263.7999999999,696264.0,12517.0,0.0,125170.0,False
2019-01-12 19:36:00,692993.0,696263.7999999999,696264.0,0.0,3271.0,3271.0,False
2019-01-12 19:37:00,694505.0,696263.7999999999,696264.0,0.0,1759.0,1759.0,False
2019-01-12 19:38:00,673462.0,696263.7999999999,696264.0,0.0,22802.0,22802.0,False
2019-01-12 19:39:00,686094.0,696263.7999999999,696264.0,0.0,10170.0,10170.0,False
2019-01-12 19:40:00,715967.0,696263.7999999999,696264.0,19703.0,0.0,197030.0,False
2019-01-12 19:41:00,691778.0,696263.7999999999,696264.0,0.0,4486.0,4486.0,False
2019-01-12 19:42:00,670199.0,696263.7999999999,696264.0,0.0,26065.0,26065.0,False
2019-01-12 19:43:00,700392.0,696263.7999999999,696264.0,4128.0,0.0,41280.0,False
2019-01-12 19:44:00,704464.0,696263.7999999999,696264.0,8200.0,0.0,82000.0,False
2019-01-12 19:45:00,749977.0,696263.7999999999,696264.0,53713.0,0.0,537130.0,False
2019-01-12 19:46:00,700435.0,696263.7999999999,696264.0,4171.0,0.0,41710.0,False
2019-01-12 19:47:00,708932.0,696263.7999999999,696264.0,12668.0,0.0,126680.0,False
2019-01-12 19:48:00,731619.0,696263.7999999999,696264.0,35355.0,0.0,353550.0,False
2019-01-12 19:49:00,691581.0,696263.7999999999,696264.0,0.0,4683.0,4683.0,False
2019-01-12 19:50:00,696708.0,696263.7999999999,696264.0,444.0,0.0,4440.0,False
2019-01-12 19:51:00,680464.0,696263.7999999999,696264.0,0.0,15800.0,15800.0,False
2019-01-12 19:52:00,679730.0,696263.7999999999,696264.0,0.0,16534.0,16534.0,False
2019-01-12 19:53:00,678689.0,696263.7999999999,696264.0,0.0,17575.0,17575.0,False
2019-01-12 19:54:00,695001.0,696263.7999999999,696264.0,0.0,1263.0,1263.0,False
2019-01-12 19:55:00,686007.0,696263.7999999999,696264.0,0.0,10257.0,10257.0,False
2019-01-12 19:56:00,665229.0,696263.7999999999,696264.0,0.0,31035.0,31035.0,False
2019-01-12 19:57:00,658685.0,696263.7999999999,696264.0,0.0,37579.0,37579.0,False
2019-01-12 19:58:00,667085.0,696263.7999999999,696264.0,0.0,29179.0,29179.0,False
2019-01-12 19:59:00,667576.0,696263.7999999999,696264.0,0.0,28688.0,28688.0,False
2019-01-12 20:00:00,796571.0,696263.7999999999,696264.0,100307.0,0.0,1003070.0,True
2019-01-12 20:01:00,738572.0,696263.7999999999,696264.0,42308.0,0.0,423080.0,False
2019-01-12 20:02:00,703626.0,696263.7999999999,696264.0,7362.0,0.0,73620.0,False
2019-01-12 20:03:00,701737.0,696263.7999999999,696264.0,5473.0,0.0,54730.0,False
2019-01-12 20:04:00,685672.0,696263.7999999999,696264.0,0.0,10592.0,10592.0,False
2019-01-12 20:05:00,693960.0,696263.7999999999,696264.0,0.0,2304.0,2304.0,False
2019-01-12 20:06:00,725485.0,696263.7999999999,696264.0,29221.0,0.0,292210.0,False
2019-01-12 20:07:00,745277.0,696263.7999999999,696264.0,49013.0,0.0,490130.0,False
2019-01-12 20:08:00,776750.0,696263.7999999999,696264.0,80486.0,0.0,804860.0,False
2019-01-12 20:09:00,751047.0,696263.7999999999,696264.0,54783.0,0.0,547830.0,False
2019-01-12 20:10:00,761033.0,696263.7999999999,696264.0,64769.0,0.0,647690.0,False
2019-01-12 20:11:00,733690.0,696263.7999999999,696264.0,37426.0,0.0,374260.0,False
2019-01-12 20:12:00,742944.0,696263.7999999999,696264.0,46680.0,0.0,466800.0,False
2019-01-12 20:13:00,689445.0,696263.7999999999,696264.0,0.0,6819.0,6819.0,False
2019-01-12 20:14:00,683984.0,696263.7999999999,696264.0,0.0,12280.0,12280.0,False
2019-01-12 20:15:00,728124.0,696263.7999999999,696264.0,31860.0,0.0,318600.0,False
2019-01-12 20:16:00,691874.0,696263.7999999999,696264.0,0.0,4390.0,4390.0,False
2019-01-12 20:17:00,680300.0,696263.7999999999,696264.0,0.0,15964.0,15964.0,False
2019-01-12 20:18:00,684025.0,696263.7999999999,696264.0,0.0,12239.0,12239.0,False
2019-01-12 20:19:00,655646.0,696263.7999999999,696264.0,0.0,40618.0,40618.0,False
2019-01-12 20:20:00,678022.0,696263.7999999999,696264.0,0.0,18242.0,18242.0,False
2019-01-12 20:21:00,678471.0,696263.7999999999,696264.0,0.0,17793.0,17793.0,False
2019-01-12 20:22:00,664100.0,696263.7999999999,696264.0,0.0,32164.0,32164.0,False
2019-01-12 20:23:00,699443.0,696263.7999999999,696264.0,3179.0,0.0,31790.0,False
2019-01-12 20:24:00,687032.0,696263.7999999999,696264.0,0.0,9232.0,9232.0,False
2019-01-12 20:25:00,680038.0,696263.7999999999,696264.0,0.0,16226.0,16226.0,False
2019-01-12 20:26:00,658441.0,696263.7999999999,696264.0,0.0,37823.0,37823.0,False
2019-01-12 20:27:00,667155.0,696263.7999999999,696264.0,0.0,29109.0,29109.0,False
2019-01-12 20:28:00,672388.0,696263.7999999999,696264.0,0.0,23876.0,23876.0,False
2019-01-12 20:29:00,664264.0,696263.7999999999,696264.0,0.0,32000.0,32000.0,False
2019-01-12 20:30:00,743428.0,696263.7999999999,696264.0,47164.0,0.0,471640.0,False
2019-01-12 20:31:00,698609.0,696263.7999999999,696264.0,2345.0,0.0,23450.0,False
2019-01-12 20:32:00,674792.0,696263.7999999999,696264.0,0.0,21472.0,21472.0,False
2019-01-12 20:33:00,663884.0,696263.7999999999,696264.0,0.0,32380.0,32380.0,False
2019-01-12 20:34:00,663471.0,696263.7999999999,696264.0,0.0,32793.0,32793.0,False
2019-01-12 20:35:00,655776.0,696263.7999999999,696264.0,0.0,40488.0,40488.0,False
2019-01-12 20:36:00,660759.0,696263.7999999999,696264.0,0.0,35505.0,35505.0,False
2019-01-12 20:37:00,648449.0,696263.7999999999,696264.0,0.0,47815.0,47815.0,False
2019-01-12 20:38:00,666700.0,696263.7999999999,696264.0,0.0,29564.0,29564.0,False
2019-01-12 20:39:00,658715.0,696263.7999999999,696264.0,0.0,37549.0,37549.0,False
2019-01-12 20:40:00,699681.0,696263.7999999999,696264.0,3417.0,0.0,34170.0,False
2019-01-12 20:41:00,664320.0,696263.7999999999,696264.0,0.0,31944.0,31944.0,False
2019-01-12 20:42:00,644786.0,696263.7999999999,696264.0,0.0,51478.0,51478.0,False
2019-01-12 20:43:00,653023.0,696263.7999999999,696264.0,0.0,43241.0,43241.0,False
2019-01-12 20:44:00,673301.0,696263.7999999999,696264.0,0.0,22963.0,22963.0,False
2019-01-12 20:45:00,693274.0,696263.7999999999,696264.0,0.0,2990.0,2990.0,False
2019-01-12 20:46:00,673899.0,696263.7999999999,696264.0,0.0,22365.0,22365.0,False
2019-01-12 20:47:00,688985.0,696263.7999999999,696264.0,0.0,7279.0,7279.0,False
2019-01-12 20:48:00,703279.0,696263.7999999999,696264.0,7015.0,0.0,70150.0,False
2019-01-12 20:49:00,680256.0,696263.7999999999,696264.0,0.0,16008.0,16008.0,False
2019-01-12 20:50:00,686286.0,696263.7999999999,696264.0,0.0,9978.0,9978.0,False
2019-01-12 20:51:00,655157.0,696263.7999999999,696264.0,0.0,41107.0,41107.0,False
2019-01-12 20:52:00,661087.0,696263.7999999999,696264.0,0.0,35177.0,35177.0,False
2019-01-12 20:53:00,651248.0,696263.7999999999,696264.0,0.0,45016.0,45016.0,False
2019-01-12 20:54:00,666638.0,696263.7999999999,696264.0,0.0,29626.0,29626.0,False
2019-01-12 20:55:00,659833.0,696263.7999999999,696264.0,0.0,36431.0,36431.0,False
2019-01-12 20:56:00,628047.0,696263.7999999999,696264.0,0.0,68217.0,68217.0,False
2019-01-12 20:57:00,634554.0,696263.7999999999,696264.0,0.0,61710.0,61710.0,False
2019-01-12 20:58:00,660790.0,696263.7999999999,696264.0,0.0,35474.0,35474.0,False
2019-01-12 20:59:00,690985.0,696263.7999999999,696264.0,0.0,5279.0,5279.0,False
2019-01-12 21:00:00,791209.0,696263.7999999999,696264.0,94945.0,0.0,949450.0,True
2019-01-12 21:01:00,721768.0,696263.7999999999,696264.0,25504.0,0.0,255040.0,False
2019-01-12 21:02:00,709311.0,696263.7999999999,696264.0,13047.0,0.0,130470.0,False
2019-01-12 21:03:00,701008.0,696263.7999999999,696264.0,4744.0,0.0,47440.0,False
2019-01-12 21:04:00,710666.0,696263.7999999999,696264.0,14402.0,0.0,144020.0,False
2019-01-12 21:05:00,705111.0,696263.7999999999,696264.0,8847.0,0.0,88470.0,False
2019-01-12 21:06:00,655047.0,696263.7999999999,696264.0,0.0,41217.0,41217.0,False
2019-01-12 21:07:00,651637.0,696263.7999999999,696264.0,0.0,44627.0,44627.0,False
2019-01-12 21:08:00,697318.0,696263.7999999999,696264.0,1054.0,0.0,10540.0,False
2019-01-12 21:09:00,738252.0,696263.7999999999,696264.0,41988.0,0.0,419880.0,False
2019-01-12 21:10:00,770881.0,696263.7999999999,696264.0,74617.0,0.0,746170.0,False
2019-01-12 21:11:00,754017.0,696263.7999999999,696264.0,57753.0,0.0,577530.0,False
2019-01-12 21:12:00,719812.0,696263.7999999999,696264.0,23548.0,0.0,235480.0,False
2019-01-12 21:13:00,688805.0,696263.7999999999,696264.0,0.0,7459.0,7459.0,False
2019-01-12 21:14:00,671099.0,696263.7999999999,696264.0,0.0,25165.0,25165.0,False
2019-01-12 21:15:00,695334.0,696263.7999999999,696264.0,0.0,930.0,930.0,False
2019-01-12 21:16:00,680740.0,696263.7999999999,696264.0,0.0,15524.0,15524.0,False
2019-01-12 21:17:00,681532.0,696263.7999999999,696264.0,0.0,14732.0,14732.0,False
2019-01-12 21:18:00,659178.0,696263.7999999999,696264.0,0.0,37086.0,37086.0,False
2019-01-12 21:19:00,648442.0,696263.7999999999,696264.0,0.0,47822.0,47822.0,False
2019-01-12 21:20:00,695938.0,696263.7999999999,696264.0,0.0,326.0,326.0,False
2019-01-12 21:21:00,671206.0,696263.7999999999,696264.0,0.0,25058.0,25058.0,False
2019-01-12 21:22:00,681019.0,696263.7999999999,696264.0,0.0,15245.0,15245.0,False
2019-01-12 21:23:00,689819.0,696263.7999999999,696264.0,0.0,6445.0,6445.0,False
2019-01-12 21:24:00,697578.0,696263.7999999999,696264.0,1314.0,0.0,13140.0,False
2019-01-12 21:25:00,697732.0,696263.7999999999,696264.0,1468.0,0.0,14680.0,False
2019-01-12 21:26:00,679266.0,696263.7999999999,696264.0,0.0,16998.0,16998.0,False
2019-01-12 21:27:00,670279.0,696263.7999999999,696264.0,0.0,25985.0,25985.0,False
2019-01-12 21:28:00,661216.0,696263.7999999999,696264.0,0.0,35048.0,35048.0,False
2019-01-12 21:29:00,659644.0,696263.7999999999,696264.0,0.0,36620.0,36620.0,False
2019-01-12 21:30:00,719603.0,696263.7999999999,696264.0,23339.0,0.0,233390.0,False
2019-01-12 21:31:00,698439.0,696263.7999999999,696264.0,2175.0,0.0,21750.0,False
2019-01-12 21:32:00,691969.0,696263.7999999999,696264.0,0.0,4295.0,4295.0,False
2019-01-12 21:33:00,711198.0,696263.7999999999,696264.0,14934.0,0.0,149340.0,False
2019-01-12 21:34:00,691277.0,696263.7999999999,696264.0,0.0,4987.0,4987.0,False
2019-01-12 21:35:00,672199.0,696263.7999999999,696264.0,0.0,24065.0,24065.0,False
2019-01-12 21:36:00,681224.0,696263.7999999999,696264.0,0.0,15040.0,15040.0,False
2019-01-12 21:37:00,674182.0,696263.7999999999,696264.0,0.0,22082.0,22082.0,False
2019-01-12 21:38:00,675090.0,696263.7999999999,696264.0,0.0,21174.0,21174.0,False
2019-01-12 21:39:00,672613.0,696263.7999999999,696264.0,0.0,23651.0,23651.0,False
2019-01-12 21:40:00,684705.0,696263.7999999999,696264.0,0.0,11559.0,11559.0,False
2019-01-12 21:41:00,691307.0,696263.7999999999,696264.0,0.0,4957.0,4957.0,False
2019-01-12 21:42:00,661570.0,696263.7999999999,696264.0,0.0,34694.0,34694.0,False
2019-01-12 21:43:00,648163.0,696263.7999999999,696264.0,0.0,48101.0,48101.0,False
2019-01-12 21:44:00,645866.0,696263.7999999999,696264.0,0.0,50398.0,50398.0,False
2019-01-12 21:45:00,683224.0,696263.7999999999,696264.0,0.0,13040.0,13040.0,False
2019-01-12 21:46:00,675724.0,696263.7999999999,696264.0,0.0,20540.0,20540.0,False
2019-01-12 21:47:00,672529.0,696263.7999999999,696264.0,0.0,23735.0,23735.0,False
2019-01-12 21:48:00,648277.0,696263.7999999999,696264.0,0.0,47987.0,47987.0,False
2019-01-12 21:49:00,642136.0,696263.7999999999,696264.0,0.0,54128.0,54128.0,False
2019-01-12 21:50:00,663326.0,696263.7999999999,696264.0,0.0,32938.0,32938.0,False
2019-01-12 21:51:00,632656.0,696263.7999999999,696264.0,0.0,63608.0,63608.0,False
2019-01-12 21:52:00,661495.0,696263.7999999999,696264.0,0.0,34769.0,34769.0,False
2019-01-12 21:53:00,650566.0,696263.7999999999,696264.0,0.0,45698.0,45698.0,False
2019-01-12 21:54:00,663599.0,696263.7999999999,696264.0,0.0,32665.0,32665.0,False
2019-01-12 21:55:00,668710.0,696263.7999999999,696264.0,0.0,27554.0,27554.0,False
2019-01-12 21:56:00,643516.0,696263.7999999999,696264.0,0.0,52748.0,52748.0,False
2019-01-12 21:57:00,605963.0,696263.7999999999,696264.0,0.0,90301.0,90301.0,False
2019-01-12 21:58:00,644176.0,696263.7999999999,696264.0,0.0,52088.0,52088.0,False
2019-01-12 21:59:00,641230.0,696263.7999999999,696264.0,0.0,55034.0,55034.0,False
2019-01-12 22:00:00,757674.0,696263.7999999999,696264.0,61410.0,0.0,614100.0,False
2019-01-12 22:01:00,679196.0,696263.7999999999,696264.0,0.0,17068.0,17068.0,False
2019-01-12 22:02:00,679445.0,696263.7999999999,696264.0,0.0,16819.0,16819.0,False
2019-01-12 22:03:00,680919.0,696263.7999999999,696264.0,0.0,15345.0,15345.0,False
2019-01-12 22:04:00,679960.0,696263.7999999999,696264.0,0.0,16304.0,16304.0,False
2019-01-12 22:05:00,670362.0,696263.7999999999,696264.0,0.0,25902.0,25902.0,False
2019-01-12 22:06:00,673968.0,696263.7999999999,696264.0,0.0,22296.0,22296.0,False
2019-01-12 22:07:00,703069.0,696263.7999999999,696264.0,6805.0,0.0,68050.0,False
2019-01-12 22:08:00,728319.0,696263.7999999999,696264.0,32055.0,0.0,320550.0,False
2019-01-12 22:09:00,731923.0,696263.7999999999,696264.0,35659.0,0.0,356590.0,False
2019-01-12 22:10:00,757255.0,696263.7999999999,696264.0,60991.0,0.0,609910.0,False
2019-01-12 22:11:00,729269.0,696263.7999999999,696264.0,33005.0,0.0,330050.0,False
2019-01-12 22:12:00,738046.0,696263.7999999999,696264.0,41782.0,0.0,417820.0,False
2019-01-12 22:13:00,703338.0,696263.7999999999,696264.0,7074.0,0.0,70740.0,False
2019-01-12 22:14:00,682512.0,696263.7999999999,696264.0,0.0,13752.0,13752.0,False
2019-01-12 22:15:00,691524.0,696263.7999999999,696264.0,0.0,4740.0,4740.0,False
2019-01-12 22:16:00,687145.0,696263.7999999999,696264.0,0.0,9119.0,9119.0,False
2019-01-12 22:17:00,678527.0,696263.7999999999,696264.0,0.0,17737.0,17737.0,False
2019-01-12 22:18:00,678968.0,696263.7999999999,696264.0,0.0,17296.0,17296.0,False
2019-01-12 22:19:00,647809.0,696263.7999999999,696264.0,0.0,48455.0,48455.0,False
2019-01-12 22:20:00,680656.0,696263.7999999999,696264.0,0.0,15608.0,15608.0,False
2019-01-12 22:21:00,662294.0,696263.7999999999,696264.0,0.0,33970.0,33970.0,False
2019-01-12 22:22:00,651879.0,696263.7999999999,696264.0,0.0,44385.0,44385.0,False
2019-01-12 22:23:00,646506.0,696263.7999999999,696264.0,0.0,49758.0,49758.0,False
2019-01-12 22:24:00,694286.0,696263.7999999999,696264.0,0.0,1978.0,1978.0,False
2019-01-12 22:25:00,698717.0,696263.7999999999,696264.0,2453.0,0.0,24530.0,False
2019-01-12 22:26:00,735231.0,696263.7999999999,696264.0,38967.0,0.0,389670.0,False
2019-01-12 22:27:00,730650.0,696263.7999999999,696264.0,34386.0,0.0,343860.0,False
2019-01-12 22:28:00,678991.0,696263.7999999999,696264.0,0.0,17273.0,17273.0,False
2019-01-12 22:29:00,660918.0,696263.7999999999,696264.0,0.0,35346.0,35346.0,False
2019-01-12 22:30:00,750446.0,696263.7999999999,696264.0,54182.0,0.0,541820.0,False
2019-01-12 22:31:00,716578.0,696263.7999999999,696264.0,20314.0,0.0,203140.0,False
2019-01-12 22:32:00,705676.0,696263.7999999999,696264.0,9412.0,0.0,94120.0,False
2019-01-12 22:33:00,685114.0,696263.7999999999,696264.0,0.0,11150.0,11150.0,False
2019-01-12 22:34:00,679226.0,696263.7999999999,696264.0,0.0,17038.0,17038.0,False
2019-01-12 22:35:00,693936.0,696263.7999999999,696264.0,0.0,2328.0,2328.0,False
2019-01-12 22:36:00,660433.0,696263.7999999999,696264.0,0.0,35831.0,35831.0,False
2019-01-12 22:37:00,659229.0,696263.7999999999,696264.0,0.0,37035.0,37035.0,False
2019-01-12 22:38:00,652232.0,696263.7999999999,696264.0,0.0,44032.0,44032.0,False
2019-01-12 22:39:00,654857.0,696263.7999999999,696264.0,0.0,41407.0,41407.0,False
2019-01-12 22:40:00,714798.0,696263.7999999999,696264.0,18534.0,0.0,185340.0,False
2019-01-12 22:41:00,678383.0,696263.7999999999,696264.0,0.0,17881.0,17881.0,False
2019-01-12 22:42:00,663426.0,696263.7999999999,696264.0,0.0,32838.0,32838.0,False
2019-01-12 22:43:00,658147.0,696263.7999999999,696264.0,0.0,38117.0,38117.0,False
2019-01-12 22:44:00,662136.0,696263.7999999999,696264.0,0.0,34128.0,34128.0,False
2019-01-12 22:45:00,690097.0,696263.7999999999,696264.0,0.0,6167.0,6167.0,False
2019-01-12 22:46:00,697557.0,696263.7999999999,696264.0,1293.0,0.0,12930.0,False
2019-01-12 22:47:00,710281.0,696263.7999999999,696264.0,14017.0,0.0,140170.0,False
2019-01-12 22:48:00,684837.0,696263.7999999999,696264.0,0.0,11427.0,11427.0,False
2019-01-12 22:49:00,697536.0,696263.7999999999,696264.0,1272.0,0.0,12720.0,False
2019-01-12 22:50:00,670769.0,696263.7999999999,696264.0,0.0,25495.0,25495.0,False
2019-01-12 22:51:00,625999.0,696263.7999999999,696264.0,0.0,70265.0,70265.0,False
2019-01-12 22:52:00,625099.0,696263.7999999999,696264.0,0.0,71165.0,71165.0,False
2019-01-12 22:53:00,618947.0,696263.7999999999,696264.0,0.0,77317.0,77317.0,False
2019-01-12 22:54:00,637997.0,696263.7999999999,696264.0,0.0,58267.0,58267.0,False
2019-01-12 22:55:00,670915.0,696263.7999999999,696264.0,0.0,25349.0,25349.0,False
2019-01-12 22:56:00,640367.0,696263.7999999999,696264.0,0.0,55897.0,55897.0,False
2019-01-12 22:57:00,638117.0,696263.7999999999,696264.0,0.0,58147.0,58147.0,False
2019-01-12 22:58:00,603324.0,696263.7999999999,696264.0,0.0,92940.0,92940.0,False
2019-01-12 22:59:00,615495.0,696263.7999999999,696264.0,0.0,80769.0,80769.0,False
2019-01-12 23:00:00,733233.0,696263.7999999999,696264.0,36969.0,0.0,369690.0,False
2019-01-12 23:01:00,685712.0,696263.7999999999,696264.0,0.0,10552.0,10552.0,False
2019-01-12 23:02:00,671046.0,696263.7999999999,696264.0,0.0,25218.0,25218.0,False
2019-01-12 23:03:00,679353.0,696263.7999999999,696264.0,0.0,16911.0,16911.0,False
2019-01-12 23:04:00,640617.0,696263.7999999999,696264.0,0.0,55647.0,55647.0,False
2019-01-12 23:05:00,665119.0,696263.7999999999,696264.0,0.0,31145.0,31145.0,False
2019-01-12 23:06:00,700875.0,696263.7999999999,696264.0,4611.0,0.0,46110.0,False
2019-01-12 23:07:00,717459.0,696263.7999999999,696264.0,21195.0,0.0,211950.0,False
2019-01-12 23:08:00,721501.0,696263.7999999999,696264.0,25237.0,0.0,252370.0,False
2019-01-12 23:09:00,736328.0,696263.7999999999,696264.0,40064.0,0.0,400640.0,False
2019-01-12 23:10:00,747804.0,696263.7999999999,696264.0,51540.0,0.0,515400.0,False
2019-01-12 23:11:00,662692.0,696263.7999999999,696264.0,0.0,33572.0,33572.0,False
2019-01-12 23:12:00,672222.0,696263.7999999999,696264.0,0.0,24042.0,24042.0,False
2019-01-12 23:13:00,637289.0,696263.7999999999,696264.0,0.0,58975.0,58975.0,False
2019-01-12 23:14:00,644037.0,696263.7999999999,696264.0,0.0,52227.0,52227.0,False
2019-01-12 23:15:00,646305.0,696263.7999999999,696264.0,0.0,49959.0,49959.0,False
2019-01-12 23:16:00,622041.0,696263.7999999999,696264.0,0.0,74223.0,74223.0,False
2019-01-12 23:17:00,627165.0,696263.7999999999,696264.0,0.0,69099.0,69099.0,False
2019-01-12 23:18:00,625591.0,696263.7999999999,696264.0,0.0,70673.0,70673.0,False
2019-01-12 23:19:00,634341.0,696263.7999999999,696264.0,0.0,61923.0,61923.0,False
2019-01-12 23:20:00,638871.0,696263.7999999999,696264.0,0.0,57393.0,57393.0,False
2019-01-12 23:21:00,607852.0,696263.7999999999,696264.0,0.0,88412.0,88412.0,False
2019-01-12 23:22:00,616937.0,696263.7999999999,696264.0,0.0,79327.0,79327.0,False
2019-01-12 23:23:00,616686.0,696263.7999999999,696264.0,0.0,79578.0,79578.0,False
2019-01-12 23:24:00,613361.0,696263.7999999999,696264.0,0.0,82903.0,82903.0,False
2019-01-12 23:25:00,609458.0,696263.7999999999,696264.0,0.0,86806.0,86806.0,False
2019-01-12 23:26:00,617303.0,696263.7999999999,696264.0,0.0,78961.0,78961.0,False
2019-01-12 23:27:00,599956.0,696263.7999999999,696264.0,0.0,96308.0,96308.0,False
2019-01-12 23:28:00,609875.0,696263.7999999999,696264.0,0.0,86389.0,86389.0,False
2019-01-12 23:29:00,615107.0,696263.7999999999,696264.0,0.0,81157.0,81157.0,False
2019-01-12 23:30:00,697804.0,696263.7999999999,696264.0,1540.0,0.0,15400.0,False
2019-01-12 23:31:00,628889.0,696263.7999999999,696264.0,0.0,67375.0,67375.0,False
2019-01-12 23:32:00,631100.0,696263.7999999999,696264.0,0.0,65164.0,65164.0,False
2019-01-12 23:33:00,639881.0,696263.7999999999,696264.0,0.0,56383.0,56383.0,False
2019-01-12 23:34:00,623448.0,696263.7999999999,696264.0,0.0,72816.0,72816.0,False
2019-01-12 23:35:00,623999.0,696263.7999999999,696264.0,0.0,72265.0,72265.0,False
2019-01-12 23:36:00,616474.0,696263.7999999999,696264.0,0.0,79790.0,79790.0,False
2019-01-12 23:37:00,592615.0,696263.7999999999,696264.0,0.0,103649.0,103649.0,False
2019-01-12 23:38:00,607761.0,696263.7999999999,696264.0,0.0,88503.0,88503.0,False
2019-01-12 23:39:00,593462.0,696263.7999999999,696264.0,0.0,102802.0,102802.0,False
2019-01-12 23:40:00,649492.0,696263.7999999999,696264.0,0.0,46772.0,46772.0,False
2019-01-12 23:41:00,598444.0,696263.7999999999,696264.0,0.0,97820.0,97820.0,False
2019-01-12 23:42:00,587116.0,696263.7999999999,696264.0,0.0,109148.0,109148.0,False
2019-01-12 23:43:00,598316.0,696263.7999999999,696264.0,0.0,97948.0,97948.0,False
2019-01-12 23:44:00,626882.0,696263.7999999999,696264.0,0.0,69382.0,69382.0,False
2019-01-12 23:45:00,631070.0,696263.7999999999,696264.0,0.0,65194.0,65194.0,False
2019-01-12 23:46:00,622787.0,696263.7999999999,696264.0,0.0,73477.0,73477.0,False
2019-01-12 23:47:00,616871.0,696263.7999999999,696264.0,0.0,79393.0,79393.0,False
2019-01-12 23:48:00,618972.0,696263.7999999999,696264.0,0.0,77292.0,77292.0,False
2019-01-12 23:49:00,623293.0,696263.7999999999,696264.0,0.0,72971.0,72971.0,False
2019-01-12 23:50:00,634622.0,696263.7999999999,696264.0,0.0,61642.0,61642.0,False
2019-01-12 23:51:00,625776.0,696263.7999999999,696264.0,0.0,70488.0,70488.0,False
2019-01-12 23:52:00,600714.0,696263.7999999999,696264.0,0.0,95550.0,95550.0,False
2019-01-12 23:53:00,602961.0,696263.7999999999,696264.0,0.0,93303.0,93303.0,False
2019-01-12 23:54:00,606194.0,696263.7999999999,696264.0,0.0,90070.0,90070.0,False
2019-01-12 23:55:00,622042.0,696263.7999999999,696264.0,0.0,74222.0,74222.0,False
2019-01-12 23:56:00,627210.0,696263.7999999999,696264.0,0.0,69054.0,69054.0,False
2019-01-12 23:57:00,608978.0,696263.7999999999,696264.0,0.0,87286.0,87286.0,False
2019-01-12 23:58:00,596954.0,696263.7999999999,696264.0,0.0,99310.0,99310.0,False
2019-01-12 23:59:00,596724.0,696263.7999999999,696264.0,0.0,99540.0,99540.0,False
2019-01-13 00:00:00,762610.0,696263.7999999999,696264.0,66346.0,0.0,663460.0,False
2019-01-13 00:01:00,704794.0,696263.7999999999,696264.0,8530.0,0.0,85300.0,False
2019-01-13 00:02:00,714897.0,696263.7999999999,696264.0,18633.0,0.0,186330.0,False
2019-01-13 00:03:00,706977.0,696263.7999999999,696264.0,10713.0,0.0,107130.0,False
2019-01-13 00:04:00,688870.0,696263.7999999999,696264.0,0.0,7394.0,7394.0,False
2019-01-13 00:05:00,690015.0,696263.7999999999,696264.0,0.0,6249.0,6249.0,False
2019-01-13 00:06:00,732496.0,696263.7999999999,696264.0,36232.0,0.0,362320.0,False
2019-01-13 00:07:00,795773.0,696263.7999999999,696264.0,99509.0,0.0,995090.0,True
2019-01-13 00:08:00,773262.0,696263.7999999999,696264.0,76998.0,0.0,769980.0,False
2019-01-13 00:09:00,775581.0,696263.7999999999,696264.0,79317.0,0.0,793170.0,False
2019-01-13 00:10:00,705599.0,696263.7999999999,696264.0,9335.0,0.0,93350.0,False
2019-01-13 00:11:00,656762.0,696263.7999999999,696264.0,0.0,39502.0,39502.0,False
2019-01-13 00:12:00,640359.0,696263.7999999999,696264.0,0.0,55905.0,55905.0,False
2019-01-13 00:13:00,638837.0,696263.7999999999,696264.0,0.0,57427.0,57427.0,False
2019-01-13 00:14:00,645006.0,696263.7999999999,696264.0,0.0,51258.0,51258.0,False
2019-01-13 00:15:00,658128.0,696263.7999999999,696264.0,0.0,38136.0,38136.0,False
2019-01-13 00:16:00,652154.0,696263.7999999999,696264.0,0.0,44110.0,44110.0,False
2019-01-13 00:17:00,657426.0,696263.7999999999,696264.0,0.0,38838.0,38838.0,False
2019-01-13 00:18:00,663215.0,696263.7999999999,696264.0,0.0,33049.0,33049.0,False
2019-01-13 00:19:00,655440.0,696263.7999999999,696264.0,0.0,40824.0,40824.0,False
2019-01-13 00:20:00,673090.0,696263.7999999999,696264.0,0.0,23174.0,23174.0,False
2019-01-13 00:21:00,647584.0,696263.7999999999,696264.0,0.0,48680.0,48680.0,False
2019-01-13 00:22:00,626276.0,696263.7999999999,696264.0,0.0,69988.0,69988.0,False
2019-01-13 00:23:00,635502.0,696263.7999999999,696264.0,0.0,60762.0,60762.0,False
2019-01-13 00:24:00,647512.0,696263.7999999999,696264.0,0.0,48752.0,48752.0,False
2019-01-13 00:25:00,630537.0,696263.7999999999,696264.0,0.0,65727.0,65727.0,False
2019-01-13 00:26:00,620960.0,696263.7999999999,696264.0,0.0,75304.0,75304.0,False
2019-01-13 00:27:00,615458.0,696263.7999999999,696264.0,0.0,80806.0,80806.0,False
2019-01-13 00:28:00,615722.0,696263.7999999999,696264.0,0.0,80542.0,80542.0,False
2019-01-13 00:29:00,625878.0,696263.7999999999,696264.0,0.0,70386.0,70386.0,False
2019-01-13 00:30:00,716021.0,696263.7999999999,696264.0,19757.0,0.0,197570.0,False
2019-01-13 00:31:00,650813.0,696263.7999999999,696264.0,0.0,45451.0,45451.0,False
2019-01-13 00:32:00,659764.0,696263.7999999999,696264.0,0.0,36500.0,36500.0,False
2019-01-13 00:33:00,639213.0,696263.7999999999,696264.0,0.0,57051.0,57051.0,False
2019-01-13 00:34:00,643058.0,696263.7999999999,696264.0,0.0,53206.0,53206.0,False
2019-01-13 00:35:00,645674.0,696263.7999999999,696264.0,0.0,50590.0,50590.0,False
2019-01-13 00:36:00,632499.0,696263.7999999999,696264.0,0.0,63765.0,63765.0,False
2019-01-13 00:37:00,610466.0,696263.7999999999,696264.0,0.0,85798.0,85798.0,False
2019-01-13 00:38:00,626408.0,696263.7999999999,696264.0,0.0,69856.0,69856.0,False
2019-01-13 00:39:00,607638.0,696263.7999999999,696264.0,0.0,88626.0,88626.0,False
2019-01-13 00:40:00,631218.0,696263.7999999999,696264.0,0.0,65046.0,65046.0,False
2019-01-13 00:41:00,605321.0,696263.7999999999,696264.0,0.0,90943.0,90943.0,False
2019-01-13 00:42:00,604872.0,696263.7999999999,696264.0,0.0,91392.0,91392.0,False
2019-01-13 00:43:00,602343.0,696263.7999999999,696264.0,0.0,93921.0,93921.0,False
2019-01-13 00:44:00,598522.0,696263.7999999999,696264.0,0.0,97742.0,97742.0,False
2019-01-13 00:45:00,630849.0,696263.7999999999,696264.0,0.0,65415.0,65415.0,False
2019-01-13 00:46:00,630230.0,696263.7999999999,696264.0,0.0,66034.0,66034.0,False
2019-01-13 00:47:00,611907.0,696263.7999999999,696264.0,0.0,84357.0,84357.0,False
2019-01-13 00:48:00,603617.0,696263.7999999999,696264.0,0.0,92647.0,92647.0,False
2019-01-13 00:49:00,602502.0,696263.7999999999,696264.0,0.0,93762.0,93762.0,False
2019-01-13 00:50:00,623397.0,696263.7999999999,696264.0,0.0,72867.0,72867.0,False
2019-01-13 00:51:00,596512.0,696263.7999999999,696264.0,0.0,99752.0,99752.0,False
2019-01-13 00:52:00,606395.0,696263.7999999999,696264.0,0.0,89869.0,89869.0,False
2019-01-13 00:53:00,594052.0,696263.7999999999,696264.0,0.0,102212.0,102212.0,False
2019-01-13 00:54:00,596465.0,696263.7999999999,696264.0,0.0,99799.0,99799.0,False
2019-01-13 00:55:00,613178.0,696263.7999999999,696264.0,0.0,83086.0,83086.0,False
2019-01-13 00:56:00,593663.0,696263.7999999999,696264.0,0.0,102601.0,102601.0,False
2019-01-13 00:57:00,606809.0,696263.7999999999,696264.0,0.0,89455.0,89455.0,False
2019-01-13 00:58:00,593128.0,696263.7999999999,696264.0,0.0,103136.0,103136.0,False
2019-01-13 00:59:00,582378.0,696263.7999999999,696264.0,0.0,113886.0,113886.0,False
2019-01-13 01:00:00,685387.0,696263.7999999999,696264.0,0.0,10877.0,10877.0,False
2019-01-13 01:01:00,624658.0,696263.7999999999,696264.0,0.0,71606.0,71606.0,False
2019-01-13 01:02:00,618457.0,696263.7999999999,696264.0,0.0,77807.0,77807.0,False
2019-01-13 01:03:00,632179.0,696263.7999999999,696264.0,0.0,64085.0,64085.0,False
2019-01-13 01:04:00,618712.0,696263.7999999999,696264.0,0.0,77552.0,77552.0,False
2019-01-13 01:05:00,628398.0,696263.7999999999,696264.0,0.0,67866.0,67866.0,False
2019-01-13 01:06:00,623492.0,696263.7999999999,696264.0,0.0,72772.0,72772.0,False
2019-01-13 01:07:00,639352.0,696263.7999999999,696264.0,0.0,56912.0,56912.0,False
2019-01-13 01:08:00,629820.0,696263.7999999999,696264.0,0.0,66444.0,66444.0,False
2019-01-13 01:09:00,630155.0,696263.7999999999,696264.0,0.0,66109.0,66109.0,False
2019-01-13 01:10:00,657495.0,696263.7999999999,696264.0,0.0,38769.0,38769.0,False
2019-01-13 01:11:00,652311.0,696263.7999999999,696264.0,0.0,43953.0,43953.0,False
2019-01-13 01:12:00,638473.0,696263.7999999999,696264.0,0.0,57791.0,57791.0,False
2019-01-13 01:13:00,634612.0,696263.7999999999,696264.0,0.0,61652.0,61652.0,False
2019-01-13 01:14:00,628107.0,696263.7999999999,696264.0,0.0,68157.0,68157.0,False
2019-01-13 01:15:00,654785.0,696263.7999999999,696264.0,0.0,41479.0,41479.0,False
2019-01-13 01:16:00,651149.0,696263.7999999999,696264.0,0.0,45115.0,45115.0,False
2019-01-13 01:17:00,653240.0,696263.7999999999,696264.0,0.0,43024.0,43024.0,False
2019-01-13 01:18:00,658463.0,696263.7999999999,696264.0,0.0,37801.0,37801.0,False
2019-01-13 01:19:00,644218.0,696263.7999999999,696264.0,0.0,52046.0,52046.0,False
2019-01-13 01:20:00,653903.0,696263.7999999999,696264.0,0.0,42361.0,42361.0,False
2019-01-13 01:21:00,619759.0,696263.7999999999,696264.0,0.0,76505.0,76505.0,False
2019-01-13 01:22:00,635396.0,696263.7999999999,696264.0,0.0,60868.0,60868.0,False
2019-01-13 01:23:00,618691.0,696263.7999999999,696264.0,0.0,77573.0,77573.0,False
2019-01-13 01:24:00,578910.0,696263.7999999999,696264.0,0.0,117354.0,117354.0,False
2019-01-13 01:25:00,594066.0,696263.7999999999,696264.0,0.0,102198.0,102198.0,False
2019-01-13 01:26:00,600920.0,696263.7999999999,696264.0,0.0,95344.0,95344.0,False
2019-01-13 01:27:00,578136.0,696263.7999999999,696264.0,0.0,118128.0,118128.0,False
2019-01-13 01:28:00,595878.0,696263.7999999999,696264.0,0.0,100386.0,100386.0,False
2019-01-13 01:29:00,576898.0,696263.7999999999,696264.0,0.0,119366.0,119366.0,False
2019-01-13 01:30:00,661329.0,696263.7999999999,696264.0,0.0,34935.0,34935.0,False
2019-01-13 01:31:00,606852.0,696263.7999999999,696264.0,0.0,89412.0,89412.0,False
2019-01-13 01:32:00,606977.0,696263.7999999999,696264.0,0.0,89287.0,89287.0,False
2019-01-13 01:33:00,605835.0,696263.7999999999,696264.0,0.0,90429.0,90429.0,False
2019-01-13 01:34:00,594342.0,696263.7999999999,696264.0,0.0,101922.0,101922.0,False
2019-01-13 01:35:00,614620.0,696263.7999999999,696264.0,0.0,81644.0,81644.0,False
2019-01-13 01:36:00,607178.0,696263.7999999999,696264.0,0.0,89086.0,89086.0,False
2019-01-13 01:37:00,604113.0,696263.7999999999,696264.0,0.0,92151.0,92151.0,False
2019-01-13 01:38:00,584654.0,696263.7999999999,696264.0,0.0,111610.0,111610.0,False
2019-01-13 01:39:00,579568.0,696263.7999999999,696264.0,0.0,116696.0,116696.0,False
2019-01-13 01:40:00,601653.0,696263.7999999999,696264.0,0.0,94611.0,94611.0,False
2019-01-13 01:41:00,567176.0,696263.7999999999,696264.0,0.0,129088.0,129088.0,False
2019-01-13 01:42:00,571170.0,696263.7999999999,696264.0,0.0,125094.0,125094.0,False
2019-01-13 01:43:00,572672.0,696263.7999999999,696264.0,0.0,123592.0,123592.0,False
2019-01-13 01:44:00,560298.0,696263.7999999999,696264.0,0.0,135966.0,135966.0,False
2019-01-13 01:45:00,610744.0,696263.7999999999,696264.0,0.0,85520.0,85520.0,False
2019-01-13 01:46:00,585700.0,696263.7999999999,696264.0,0.0,110564.0,110564.0,False
2019-01-13 01:47:00,578744.0,696263.7999999999,696264.0,0.0,117520.0,117520.0,False
2019-01-13 01:48:00,580815.0,696263.7999999999,696264.0,0.0,115449.0,115449.0,False
2019-01-13 01:49:00,558552.0,696263.7999999999,696264.0,0.0,137712.0,137712.0,False
2019-01-13 01:50:00,596514.0,696263.7999999999,696264.0,0.0,99750.0,99750.0,False
2019-01-13 01:51:00,570470.0,696263.7999999999,696264.0,0.0,125794.0,125794.0,False
2019-01-13 01:52:00,581234.0,696263.7999999999,696264.0,0.0,115030.0,115030.0,False
2019-01-13 01:53:00,569687.0,696263.7999999999,696264.0,0.0,126577.0,126577.0,False
2019-01-13 01:54:00,571309.0,696263.7999999999,696264.0,0.0,124955.0,124955.0,False
2019-01-13 01:55:00,592011.0,696263.7999999999,696264.0,0.0,104253.0,104253.0,False
2019-01-13 01:56:00,583745.0,696263.7999999999,696264.0,0.0,112519.0,112519.0,False
2019-01-13 01:57:00,563935.0,696263.7999999999,696264.0,0.0,132329.0,132329.0,False
2019-01-13 01:58:00,576528.0,696263.7999999999,696264.0,0.0,119736.0,119736.0,False
2019-01-13 01:59:00,584116.0,696263.7999999999,696264.0,0.0,112148.0,112148.0,False
2019-01-13 02:00:00,674300.0,696263.7999999999,696264.0,0.0,21964.0,21964.0,False
2019-01-13 02:01:00,623178.0,696263.7999999999,696264.0,0.0,73086.0,73086.0,False
2019-01-13 02:02:00,609006.0,696263.7999999999,696264.0,0.0,87258.0,87258.0,False
2019-01-13 02:03:00,622443.0,696263.7999999999,696264.0,0.0,73821.0,73821.0,False
2019-01-13 02:04:00,606621.0,696263.7999999999,696264.0,0.0,89643.0,89643.0,False
2019-01-13 02:05:00,616410.0,696263.7999999999,696264.0,0.0,79854.0,79854.0,False
2019-01-13 02:06:00,605972.0,696263.7999999999,696264.0,0.0,90292.0,90292.0,False
2019-01-13 02:07:00,711288.0,696263.7999999999,696264.0,15024.0,0.0,150240.0,False
2019-01-13 02:08:00,709972.0,696263.7999999999,696264.0,13708.0,0.0,137080.0,False
2019-01-13 02:09:00,682465.0,696263.7999999999,696264.0,0.0,13799.0,13799.0,False
2019-01-13 02:10:00,666323.0,696263.7999999999,696264.0,0.0,29941.0,29941.0,False
2019-01-13 02:11:00,635048.0,696263.7999999999,696264.0,0.0,61216.0,61216.0,False
2019-01-13 02:12:00,657567.0,696263.7999999999,696264.0,0.0,38697.0,38697.0,False
2019-01-13 02:13:00,626909.0,696263.7999999999,696264.0,0.0,69355.0,69355.0,False
2019-01-13 02:14:00,613044.0,696263.7999999999,696264.0,0.0,83220.0,83220.0,False
2019-01-13 02:15:00,607517.0,696263.7999999999,696264.0,0.0,88747.0,88747.0,False
2019-01-13 02:16:00,594893.0,696263.7999999999,696264.0,0.0,101371.0,101371.0,False
2019-01-13 02:17:00,586111.0,696263.7999999999,696264.0,0.0,110153.0,110153.0,False
2019-01-13 02:18:00,584980.0,696263.7999999999,696264.0,0.0,111284.0,111284.0,False
2019-01-13 02:19:00,574588.0,696263.7999999999,696264.0,0.0,121676.0,121676.0,False
2019-01-13 02:20:00,597116.0,696263.7999999999,696264.0,0.0,99148.0,99148.0,False
2019-01-13 02:21:00,598254.0,696263.7999999999,696264.0,0.0,98010.0,98010.0,False
2019-01-13 02:22:00,576947.0,696263.7999999999,696264.0,0.0,119317.0,119317.0,False
2019-01-13 02:23:00,560558.0,696263.7999999999,696264.0,0.0,135706.0,135706.0,False
2019-01-13 02:24:00,563593.0,696263.7999999999,696264.0,0.0,132671.0,132671.0,False
2019-01-13 02:25:00,578624.0,696263.7999999999,696264.0,0.0,117640.0,117640.0,False
2019-01-13 02:26:00,579467.0,696263.7999999999,696264.0,0.0,116797.0,116797.0,False
2019-01-13 02:27:00,570708.0,696263.7999999999,696264.0,0.0,125556.0,125556.0,False
2019-01-13 02:28:00,584006.0,696263.7999999999,696264.0,0.0,112258.0,112258.0,False
2019-01-13 02:29:00,584998.0,696263.7999999999,696264.0,0.0,111266.0,111266.0,False
2019-01-13 02:30:00,649685.0,696263.7999999999,696264.0,0.0,46579.0,46579.0,False
2019-01-13 02:31:00,619863.0,696263.7999999999,696264.0,0.0,76401.0,76401.0,False
2019-01-13 02:32:00,578550.0,696263.7999999999,696264.0,0.0,117714.0,117714.0,False
2019-01-13 02:33:00,600927.0,696263.7999999999,696264.0,0.0,95337.0,95337.0,False
2019-01-13 02:34:00,580590.0,696263.7999999999,696264.0,0.0,115674.0,115674.0,False
2019-01-13 02:35:00,600271.0,696263.7999999999,696264.0,0.0,95993.0,95993.0,False
2019-01-13 02:36:00,563113.0,696263.7999999999,696264.0,0.0,133151.0,133151.0,False
2019-01-13 02:37:00,566337.0,696263.7999999999,696264.0,0.0,129927.0,129927.0,False
2019-01-13 02:38:00,559787.0,696263.7999999999,696264.0,0.0,136477.0,136477.0,False
2019-01-13 02:39:00,562299.0,696263.7999999999,696264.0,0.0,133965.0,133965.0,False
2019-01-13 02:40:00,600955.0,696263.7999999999,696264.0,0.0,95309.0,95309.0,False
2019-01-13 02:41:00,571130.0,696263.7999999999,696264.0,0.0,125134.0,125134.0,False
2019-01-13 02:42:00,541206.0,696263.7999999999,696264.0,0.0,155058.0,155058.0,False
2019-01-13 02:43:00,559743.0,696263.7999999999,696264.0,0.0,136521.0,136521.0,False
2019-01-13 02:44:00,574250.0,696263.7999999999,696264.0,0.0,122014.0,122014.0,False
2019-01-13 02:45:00,589076.0,696263.7999999999,696264.0,0.0,107188.0,107188.0,False
2019-01-13 02:46:00,570772.0,696263.7999999999,696264.0,0.0,125492.0,125492.0,False
2019-01-13 02:47:00,577843.0,696263.7999999999,696264.0,0.0,118421.0,118421.0,False
2019-01-13 02:48:00,588343.0,696263.7999999999,696264.0,0.0,107921.0,107921.0,False
2019-01-13 02:49:00,571065.0,696263.7999999999,696264.0,0.0,125199.0,125199.0,False
2019-01-13 02:50:00,576398.0,696263.7999999999,696264.0,0.0,119866.0,119866.0,False
2019-01-13 02:51:00,575444.0,696263.7999999999,696264.0,0.0,120820.0,120820.0,False
2019-01-13 02:52:00,583331.0,696263.7999999999,696264.0,0.0,112933.0,112933.0,False
2019-01-13 02:53:00,571932.0,696263.7999999999,696264.0,0.0,124332.0,124332.0,False
2019-01-13 02:54:00,565000.0,696263.7999999999,696264.0,0.0,131264.0,131264.0,False
2019-01-13 02:55:00,566342.0,696263.7999999999,696264.0,0.0,129922.0,129922.0,False
2019-01-13 02:56:00,569797.0,696263.7999999999,696264.0,0.0,126467.0,126467.0,False
2019-01-13 02:57:00,565885.0,696263.7999999999,696264.0,0.0,130379.0,130379.0,False
2019-01-13 02:58:00,563263.0,696263.7999999999,696264.0,0.0,133001.0,133001.0,False
2019-01-13 02:59:00,579371.0,696263.7999999999,696264.0,0.0,116893.0,116893.0,False
2019-01-13 03:00:00,684484.0,696263.7999999999,696264.0,0.0,11780.0,11780.0,False
2019-01-13 03:01:00,602308.0,696263.7999999999,696264.0,0.0,93956.0,93956.0,False
2019-01-13 03:02:00,584196.0,696263.7999999999,696264.0,0.0,112068.0,112068.0,False
2019-01-13 03:03:00,570592.0,696263.7999999999,696264.0,0.0,125672.0,125672.0,False
2019-01-13 03:04:00,577479.0,696263.7999999999,696264.0,0.0,118785.0,118785.0,False
2019-01-13 03:05:00,575308.0,696263.7999999999,696264.0,0.0,120956.0,120956.0,False
2019-01-13 03:06:00,565183.0,696263.7999999999,696264.0,0.0,131081.0,131081.0,False
2019-01-13 03:07:00,641780.0,696263.7999999999,696264.0,0.0,54484.0,54484.0,False
2019-01-13 03:08:00,653098.0,696263.7999999999,696264.0,0.0,43166.0,43166.0,False
2019-01-13 03:09:00,661960.0,696263.7999999999,696264.0,0.0,34304.0,34304.0,False
2019-01-13 03:10:00,613251.0,696263.7999999999,696264.0,0.0,83013.0,83013.0,False
2019-01-13 03:11:00,550134.0,696263.7999999999,696264.0,0.0,146130.0,146130.0,False
2019-01-13 03:12:00,584885.0,696263.7999999999,696264.0,0.0,111379.0,111379.0,False
2019-01-13 03:13:00,685565.0,696263.7999999999,696264.0,0.0,10699.0,10699.0,False
2019-01-13 03:14:00,684660.0,696263.7999999999,696264.0,0.0,11604.0,11604.0,False
2019-01-13 03:15:00,615173.0,696263.7999999999,696264.0,0.0,81091.0,81091.0,False
2019-01-13 03:16:00,578227.0,696263.7999999999,696264.0,0.0,118037.0,118037.0,False
2019-01-13 03:17:00,585410.0,696263.7999999999,696264.0,0.0,110854.0,110854.0,False
2019-01-13 03:18:00,579360.0,696263.7999999999,696264.0,0.0,116904.0,116904.0,False
2019-01-13 03:19:00,551394.0,696263.7999999999,696264.0,0.0,144870.0,144870.0,False
2019-01-13 03:20:00,576327.0,696263.7999999999,696264.0,0.0,119937.0,119937.0,False
2019-01-13 03:21:00,559157.0,696263.7999999999,696264.0,0.0,137107.0,137107.0,False
2019-01-13 03:22:00,556611.0,696263.7999999999,696264.0,0.0,139653.0,139653.0,False
2019-01-13 03:23:00,559494.0,696263.7999999999,696264.0,0.0,136770.0,136770.0,False
2019-01-13 03:24:00,553837.0,696263.7999999999,696264.0,0.0,142427.0,142427.0,False
2019-01-13 03:25:00,562405.0,696263.7999999999,696264.0,0.0,133859.0,133859.0,False
2019-01-13 03:26:00,569908.0,696263.7999999999,696264.0,0.0,126356.0,126356.0,False
2019-01-13 03:27:00,556760.0,696263.7999999999,696264.0,0.0,139504.0,139504.0,False
2019-01-13 03:28:00,565964.0,696263.7999999999,696264.0,0.0,130300.0,130300.0,False
2019-01-13 03:29:00,539937.0,696263.7999999999,696264.0,0.0,156327.0,156327.0,False
2019-01-13 03:30:00,610193.0,696263.7999999999,696264.0,0.0,86071.0,86071.0,False
2019-01-13 03:31:00,572476.0,696263.7999999999,696264.0,0.0,123788.0,123788.0,False
2019-01-13 03:32:00,562699.0,696263.7999999999,696264.0,0.0,133565.0,133565.0,False
2019-01-13 03:33:00,566953.0,696263.7999999999,696264.0,0.0,129311.0,129311.0,False
2019-01-13 03:34:00,534505.0,696263.7999999999,696264.0,0.0,161759.0,161759.0,False
2019-01-13 03:35:00,544447.0,696263.7999999999,696264.0,0.0,151817.0,151817.0,False
2019-01-13 03:36:00,561279.0,696263.7999999999,696264.0,0.0,134985.0,134985.0,False
2019-01-13 03:37:00,557919.0,696263.7999999999,696264.0,0.0,138345.0,138345.0,False
2019-01-13 03:38:00,548684.0,696263.7999999999,696264.0,0.0,147580.0,147580.0,False
2019-01-13 03:39:00,544562.0,696263.7999999999,696264.0,0.0,151702.0,151702.0,False
2019-01-13 03:40:00,583994.0,696263.7999999999,696264.0,0.0,112270.0,112270.0,False
2019-01-13 03:41:00,562095.0,696263.7999999999,696264.0,0.0,134169.0,134169.0,False
2019-01-13 03:42:00,553564.0,696263.7999999999,696264.0,0.0,142700.0,142700.0,False
2019-01-13 03:43:00,549794.0,696263.7999999999,696264.0,0.0,146470.0,146470.0,False
2019-01-13 03:44:00,568205.0,696263.7999999999,696264.0,0.0,128059.0,128059.0,False
2019-01-13 03:45:00,576409.0,696263.7999999999,696264.0,0.0,119855.0,119855.0,False
2019-01-13 03:46:00,564478.0,696263.7999999999,696264.0,0.0,131786.0,131786.0,False
2019-01-13 03:47:00,562115.0,696263.7999999999,696264.0,0.0,134149.0,134149.0,False
2019-01-13 03:48:00,578601.0,696263.7999999999,696264.0,0.0,117663.0,117663.0,False
2019-01-13 03:49:00,569954.0,696263.7999999999,696264.0,0.0,126310.0,126310.0,False
2019-01-13 03:50:00,593605.0,696263.7999999999,696264.0,0.0,102659.0,102659.0,False
2019-01-13 03:51:00,561041.0,696263.7999999999,696264.0,0.0,135223.0,135223.0,False
2019-01-13 03:52:00,559153.0,696263.7999999999,696264.0,0.0,137111.0,137111.0,False
2019-01-13 03:53:00,568945.0,696263.7999999999,696264.0,0.0,127319.0,127319.0,False
2019-01-13 03:54:00,577332.0,696263.7999999999,696264.0,0.0,118932.0,118932.0,False
2019-01-13 03:55:00,564350.0,696263.7999999999,696264.0,0.0,131914.0,131914.0,False
2019-01-13 03:56:00,553468.0,696263.7999999999,696264.0,0.0,142796.0,142796.0,False
2019-01-13 03:57:00,563696.0,696263.7999999999,696264.0,0.0,132568.0,132568.0,False
2019-01-13 03:58:00,547748.0,696263.7999999999,696264.0,0.0,148516.0,148516.0,False
2019-01-13 03:59:00,552437.0,696263.7999999999,696264.0,0.0,143827.0,143827.0,False
2019-01-13 04:00:00,669960.0,696263.7999999999,696264.0,0.0,26304.0,26304.0,False
2019-01-13 04:01:00,578573.0,696263.7999999999,696264.0,0.0,117691.0,117691.0,False
2019-01-13 04:02:00,585354.0,696263.7999999999,696264.0,0.0,110910.0,110910.0,False
2019-01-13 04:03:00,592017.0,696263.7999999999,696264.0,0.0,104247.0,104247.0,False
2019-01-13 04:04:00,568339.0,696263.7999999999,696264.0,0.0,127925.0,127925.0,False
2019-01-13 04:05:00,585107.0,696263.7999999999,696264.0,0.0,111157.0,111157.0,False
2019-01-13 04:06:00,583129.0,696263.7999999999,696264.0,0.0,113135.0,113135.0,False
2019-01-13 04:07:00,606753.0,696263.7999999999,696264.0,0.0,89511.0,89511.0,False
2019-01-13 04:08:00,574277.0,696263.7999999999,696264.0,0.0,121987.0,121987.0,False
2019-01-13 04:09:00,574815.0,696263.7999999999,696264.0,0.0,121449.0,121449.0,False
2019-01-13 04:10:00,588497.0,696263.7999999999,696264.0,0.0,107767.0,107767.0,False
2019-01-13 04:11:00,574414.0,696263.7999999999,696264.0,0.0,121850.0,121850.0,False
2019-01-13 04:12:00,577868.0,696263.7999999999,696264.0,0.0,118396.0,118396.0,False
2019-01-13 04:13:00,584549.0,696263.7999999999,696264.0,0.0,111715.0,111715.0,False
2019-01-13 04:14:00,573266.0,696263.7999999999,696264.0,0.0,122998.0,122998.0,False
2019-01-13 04:15:00,598517.0,696263.7999999999,696264.0,0.0,97747.0,97747.0,False
2019-01-13 04:16:00,580848.0,696263.7999999999,696264.0,0.0,115416.0,115416.0,False
2019-01-13 04:17:00,585995.0,696263.7999999999,696264.0,0.0,110269.0,110269.0,False
2019-01-13 04:18:00,576863.0,696263.7999999999,696264.0,0.0,119401.0,119401.0,False
2019-01-13 04:19:00,583686.0,696263.7999999999,696264.0,0.0,112578.0,112578.0,False
2019-01-13 04:20:00,587103.0,696263.7999999999,696264.0,0.0,109161.0,109161.0,False
2019-01-13 04:21:00,596661.0,696263.7999999999,696264.0,0.0,99603.0,99603.0,False
2019-01-13 04:22:00,576193.0,696263.7999999999,696264.0,0.0,120071.0,120071.0,False
2019-01-13 04:23:00,565917.0,696263.7999999999,696264.0,0.0,130347.0,130347.0,False
2019-01-13 04:24:00,576604.0,696263.7999999999,696264.0,0.0,119660.0,119660.0,False
2019-01-13 04:25:00,578691.0,696263.7999999999,696264.0,0.0,117573.0,117573.0,False
2019-01-13 04:26:00,563611.0,696263.7999999999,696264.0,0.0,132653.0,132653.0,False
2019-01-13 04:27:00,564166.0,696263.7999999999,696264.0,0.0,132098.0,132098.0,False
2019-01-13 04:28:00,577151.0,696263.7999999999,696264.0,0.0,119113.0,119113.0,False
2019-01-13 04:29:00,588006.0,696263.7999999999,696264.0,0.0,108258.0,108258.0,False
2019-01-13 04:30:00,649967.0,696263.7999999999,696264.0,0.0,46297.0,46297.0,False
2019-01-13 04:31:00,606452.0,696263.7999999999,696264.0,0.0,89812.0,89812.0,False
2019-01-13 04:32:00,608338.0,696263.7999999999,696264.0,0.0,87926.0,87926.0,False
2019-01-13 04:33:00,617334.0,696263.7999999999,696264.0,0.0,78930.0,78930.0,False
2019-01-13 04:34:00,608066.0,696263.7999999999,696264.0,0.0,88198.0,88198.0,False
2019-01-13 04:35:00,608997.0,696263.7999999999,696264.0,0.0,87267.0,87267.0,False
2019-01-13 04:36:00,591414.0,696263.7999999999,696264.0,0.0,104850.0,104850.0,False
2019-01-13 04:37:00,583633.0,696263.7999999999,696264.0,0.0,112631.0,112631.0,False
2019-01-13 04:38:00,570710.0,696263.7999999999,696264.0,0.0,125554.0,125554.0,False
2019-01-13 04:39:00,591377.0,696263.7999999999,696264.0,0.0,104887.0,104887.0,False
2019-01-13 04:40:00,618459.0,696263.7999999999,696264.0,0.0,77805.0,77805.0,False
2019-01-13 04:41:00,596596.0,696263.7999999999,696264.0,0.0,99668.0,99668.0,False
2019-01-13 04:42:00,615202.0,696263.7999999999,696264.0,0.0,81062.0,81062.0,False
2019-01-13 04:43:00,612304.0,696263.7999999999,696264.0,0.0,83960.0,83960.0,False
2019-01-13 04:44:00,592835.0,696263.7999999999,696264.0,0.0,103429.0,103429.0,False
2019-01-13 04:45:00,617545.0,696263.7999999999,696264.0,0.0,78719.0,78719.0,False
2019-01-13 04:46:00,603454.0,696263.7999999999,696264.0,0.0,92810.0,92810.0,False
2019-01-13 04:47:00,602063.0,696263.7999999999,696264.0,0.0,94201.0,94201.0,False
2019-01-13 04:48:00,601198.0,696263.7999999999,696264.0,0.0,95066.0,95066.0,False
2019-01-13 04:49:00,602549.0,696263.7999999999,696264.0,0.0,93715.0,93715.0,False
2019-01-13 04:50:00,612405.0,696263.7999999999,696264.0,0.0,83859.0,83859.0,False
2019-01-13 04:51:00,580951.0,696263.7999999999,696264.0,0.0,115313.0,115313.0,False
2019-01-13 04:52:00,595397.0,696263.7999999999,696264.0,0.0,100867.0,100867.0,False
2019-01-13 04:53:00,581151.0,696263.7999999999,696264.0,0.0,115113.0,115113.0,False
2019-01-13 04:54:00,595774.0,696263.7999999999,696264.0,0.0,100490.0,100490.0,False
2019-01-13 04:55:00,607339.0,696263.7999999999,696264.0,0.0,88925.0,88925.0,False
2019-01-13 04:56:00,592368.0,696263.7999999999,696264.0,0.0,103896.0,103896.0,False
2019-01-13 04:57:00,599395.0,696263.7999999999,696264.0,0.0,96869.0,96869.0,False
2019-01-13 04:58:00,609048.0,696263.7999999999,696264.0,0.0,87216.0,87216.0,False
2019-01-13 04:59:00,610804.0,696263.7999999999,696264.0,0.0,85460.0,85460.0,False
2019-01-13 05:00:00,732195.0,696263.7999999999,696264.0,35931.0,0.0,359310.0,False
2019-01-13 05:01:00,717513.0,696263.7999999999,696264.0,21249.0,0.0,212490.0,False
2019-01-13 05:02:00,722563.0,696263.7999999999,696264.0,26299.0,0.0,262990.0,False
2019-01-13 05:03:00,741830.0,696263.7999999999,696264.0,45566.0,0.0,455660.0,False
2019-01-13 05:04:00,751019.0,696263.7999999999,696264.0,54755.0,0.0,547550.0,False
2019-01-13 05:05:00,661808.0,696263.7999999999,696264.0,0.0,34456.0,34456.0,False
2019-01-13 05:06:00,614473.0,696263.7999999999,696264.0,0.0,81791.0,81791.0,False
2019-01-13 05:07:00,588127.0,696263.7999999999,696264.0,0.0,108137.0,108137.0,False
2019-01-13 05:08:00,608823.0,696263.7999999999,696264.0,0.0,87441.0,87441.0,False
2019-01-13 05:09:00,627550.0,696263.7999999999,696264.0,0.0,68714.0,68714.0,False
2019-01-13 05:10:00,645055.0,696263.7999999999,696264.0,0.0,51209.0,51209.0,False
2019-01-13 05:11:00,608991.0,696263.7999999999,696264.0,0.0,87273.0,87273.0,False
2019-01-13 05:12:00,610630.0,696263.7999999999,696264.0,0.0,85634.0,85634.0,False
2019-01-13 05:13:00,588124.0,696263.7999999999,696264.0,0.0,108140.0,108140.0,False
2019-01-13 05:14:00,612467.0,696263.7999999999,696264.0,0.0,83797.0,83797.0,False
2019-01-13 05:15:00,650283.0,696263.7999999999,696264.0,0.0,45981.0,45981.0,False
2019-01-13 05:16:00,650095.0,696263.7999999999,696264.0,0.0,46169.0,46169.0,False
2019-01-13 05:17:00,767211.0,696263.7999999999,696264.0,70947.0,0.0,709470.0,False
2019-01-13 05:18:00,710773.0,696263.7999999999,696264.0,14509.0,0.0,145090.0,False
2019-01-13 05:19:00,758610.0,696263.7999999999,696264.0,62346.0,0.0,623460.0,False
2019-01-13 05:20:00,709911.0,696263.7999999999,696264.0,13647.0,0.0,136470.0,False
2019-01-13 05:21:00,637193.0,696263.7999999999,696264.0,0.0,59071.0,59071.0,False
2019-01-13 05:22:00,621590.0,696263.7999999999,696264.0,0.0,74674.0,74674.0,False
2019-01-13 05:23:00,629886.0,696263.7999999999,696264.0,0.0,66378.0,66378.0,False
2019-01-13 05:24:00,634318.0,696263.7999999999,696264.0,0.0,61946.0,61946.0,False
2019-01-13 05:25:00,621597.0,696263.7999999999,696264.0,0.0,74667.0,74667.0,False
2019-01-13 05:26:00,595409.0,696263.7999999999,696264.0,0.0,100855.0,100855.0,False
2019-01-13 05:27:00,602657.0,696263.7999999999,696264.0,0.0,93607.0,93607.0,False
2019-01-13 05:28:00,621571.0,696263.7999999999,696264.0,0.0,74693.0,74693.0,False
2019-01-13 05:29:00,601322.0,696263.7999999999,696264.0,0.0,94942.0,94942.0,False
2019-01-13 05:30:00,649869.0,696263.7999999999,696264.0,0.0,46395.0,46395.0,False
2019-01-13 05:31:00,618667.0,696263.7999999999,696264.0,0.0,77597.0,77597.0,False
2019-01-13 05:32:00,604085.0,696263.7999999999,696264.0,0.0,92179.0,92179.0,False
2019-01-13 05:33:00,623407.0,696263.7999999999,696264.0,0.0,72857.0,72857.0,False
2019-01-13 05:34:00,586706.0,696263.7999999999,696264.0,0.0,109558.0,109558.0,False
2019-01-13 05:35:00,589676.0,696263.7999999999,696264.0,0.0,106588.0,106588.0,False
2019-01-13 05:36:00,600012.0,696263.7999999999,696264.0,0.0,96252.0,96252.0,False
2019-01-13 05:37:00,586264.0,696263.7999999999,696264.0,0.0,110000.0,110000.0,False
2019-01-13 05:38:00,586200.0,696263.7999999999,696264.0,0.0,110064.0,110064.0,False
2019-01-13 05:39:00,589201.0,696263.7999999999,696264.0,0.0,107063.0,107063.0,False
2019-01-13 05:40:00,600267.0,696263.7999999999,696264.0,0.0,95997.0,95997.0,False
2019-01-13 05:41:00,554479.0,696263.7999999999,696264.0,0.0,141785.0,141785.0,False
2019-01-13 05:42:00,590310.0,696263.7999999999,696264.0,0.0,105954.0,105954.0,False
2019-01-13 05:43:00,604907.0,696263.7999999999,696264.0,0.0,91357.0,91357.0,False
2019-01-13 05:44:00,583642.0,696263.7999999999,696264.0,0.0,112622.0,112622.0,False
2019-01-13 05:45:00,608570.0,696263.7999999999,696264.0,0.0,87694.0,87694.0,False
2019-01-13 05:46:00,617243.0,696263.7999999999,696264.0,0.0,79021.0,79021.0,False
2019-01-13 05:47:00,646777.0,696263.7999999999,696264.0,0.0,49487.0,49487.0,False
2019-01-13 05:48:00,614726.0,696263.7999999999,696264.0,0.0,81538.0,81538.0,False
2019-01-13 05:49:00,604789.0,696263.7999999999,696264.0,0.0,91475.0,91475.0,False
2019-01-13 05:50:00,639716.0,696263.7999999999,696264.0,0.0,56548.0,56548.0,False
2019-01-13 05:51:00,622342.0,696263.7999999999,696264.0,0.0,73922.0,73922.0,False
2019-01-13 05:52:00,613172.0,696263.7999999999,696264.0,0.0,83092.0,83092.0,False
2019-01-13 05:53:00,604293.0,696263.7999999999,696264.0,0.0,91971.0,91971.0,False
2019-01-13 05:54:00,605755.0,696263.7999999999,696264.0,0.0,90509.0,90509.0,False
2019-01-13 05:55:00,616946.0,696263.7999999999,696264.0,0.0,79318.0,79318.0,False
2019-01-13 05:56:00,595702.0,696263.7999999999,696264.0,0.0,100562.0,100562.0,False
2019-01-13 05:57:00,605071.0,696263.7999999999,696264.0,0.0,91193.0,91193.0,False
2019-01-13 05:58:00,605050.0,696263.7999999999,696264.0,0.0,91214.0,91214.0,False
2019-01-13 05:59:00,597568.0,696263.7999999999,696264.0,0.0,98696.0,98696.0,False
2019-01-13 06:00:00,724660.0,696263.7999999999,696264.0,28396.0,0.0,283960.0,False
2019-01-13 06:01:00,680876.0,696263.7999999999,696264.0,0.0,15388.0,15388.0,False
2019-01-13 06:02:00,670435.0,696263.7999999999,696264.0,0.0,25829.0,25829.0,False
2019-01-13 06:03:00,688069.0,696263.7999999999,696264.0,0.0,8195.0,8195.0,False
2019-01-13 06:04:00,642294.0,696263.7999999999,696264.0,0.0,53970.0,53970.0,False
2019-01-13 06:05:00,753618.0,696263.7999999999,696264.0,57354.0,0.0,573540.0,False
2019-01-13 06:06:00,717103.0,696263.7999999999,696264.0,20839.0,0.0,208390.0,False
2019-01-13 06:07:00,635550.0,696263.7999999999,696264.0,0.0,60714.0,60714.0,False
2019-01-13 06:08:00,748748.0,696263.7999999999,696264.0,52484.0,0.0,524840.0,False
2019-01-13 06:09:00,757991.0,696263.7999999999,696264.0,61727.0,0.0,617270.0,False
2019-01-13 06:10:00,663939.0,696263.7999999999,696264.0,0.0,32325.0,32325.0,False
2019-01-13 06:11:00,630818.0,696263.7999999999,696264.0,0.0,65446.0,65446.0,False
2019-01-13 06:12:00,647969.0,696263.7999999999,696264.0,0.0,48295.0,48295.0,False
2019-01-13 06:13:00,628734.0,696263.7999999999,696264.0,0.0,67530.0,67530.0,False
2019-01-13 06:14:00,629535.0,696263.7999999999,696264.0,0.0,66729.0,66729.0,False
2019-01-13 06:15:00,665587.0,696263.7999999999,696264.0,0.0,30677.0,30677.0,False
2019-01-13 06:16:00,666661.0,696263.7999999999,696264.0,0.0,29603.0,29603.0,False
2019-01-13 06:17:00,655939.0,696263.7999999999,696264.0,0.0,40325.0,40325.0,False
2019-01-13 06:18:00,665961.0,696263.7999999999,696264.0,0.0,30303.0,30303.0,False
2019-01-13 06:19:00,616448.0,696263.7999999999,696264.0,0.0,79816.0,79816.0,False
2019-01-13 06:20:00,627423.0,696263.7999999999,696264.0,0.0,68841.0,68841.0,False
2019-01-13 06:21:00,645704.0,696263.7999999999,696264.0,0.0,50560.0,50560.0,False
2019-01-13 06:22:00,623887.0,696263.7999999999,696264.0,0.0,72377.0,72377.0,False
2019-01-13 06:23:00,632912.0,696263.7999999999,696264.0,0.0,63352.0,63352.0,False
2019-01-13 06:24:00,628671.0,696263.7999999999,696264.0,0.0,67593.0,67593.0,False
2019-01-13 06:25:00,587226.0,696263.7999999999,696264.0,0.0,109038.0,109038.0,False
2019-01-13 06:26:00,575169.0,696263.7999999999,696264.0,0.0,121095.0,121095.0,False
2019-01-13 06:27:00,607609.0,696263.7999999999,696264.0,0.0,88655.0,88655.0,False
2019-01-13 06:28:00,618213.0,696263.7999999999,696264.0,0.0,78051.0,78051.0,False
2019-01-13 06:29:00,610797.0,696263.7999999999,696264.0,0.0,85467.0,85467.0,False
2019-01-13 06:30:00,652365.0,696263.7999999999,696264.0,0.0,43899.0,43899.0,False
2019-01-13 06:31:00,650507.0,696263.7999999999,696264.0,0.0,45757.0,45757.0,False
2019-01-13 06:32:00,638787.0,696263.7999999999,696264.0,0.0,57477.0,57477.0,False
2019-01-13 06:33:00,624222.0,696263.7999999999,696264.0,0.0,72042.0,72042.0,False
2019-01-13 06:34:00,616822.0,696263.7999999999,696264.0,0.0,79442.0,79442.0,False
2019-01-13 06:35:00,639793.0,696263.7999999999,696264.0,0.0,56471.0,56471.0,False
2019-01-13 06:36:00,624149.0,696263.7999999999,696264.0,0.0,72115.0,72115.0,False
2019-01-13 06:37:00,627433.0,696263.7999999999,696264.0,0.0,68831.0,68831.0,False
2019-01-13 06:38:00,625242.0,696263.7999999999,696264.0,0.0,71022.0,71022.0,False
2019-01-13 06:39:00,599064.0,696263.7999999999,696264.0,0.0,97200.0,97200.0,False
2019-01-13 06:40:00,656222.0,696263.7999999999,696264.0,0.0,40042.0,40042.0,False
2019-01-13 06:41:00,646090.0,696263.7999999999,696264.0,0.0,50174.0,50174.0,False
2019-01-13 06:42:00,653355.0,696263.7999999999,696264.0,0.0,42909.0,42909.0,False
2019-01-13 06:43:00,655620.0,696263.7999999999,696264.0,0.0,40644.0,40644.0,False
2019-01-13 06:44:00,636247.0,696263.7999999999,696264.0,0.0,60017.0,60017.0,False
2019-01-13 06:45:00,664884.0,696263.7999999999,696264.0,0.0,31380.0,31380.0,False
2019-01-13 06:46:00,643296.0,696263.7999999999,696264.0,0.0,52968.0,52968.0,False
2019-01-13 06:47:00,619513.0,696263.7999999999,696264.0,0.0,76751.0,76751.0,False
2019-01-13 06:48:00,627254.0,696263.7999999999,696264.0,0.0,69010.0,69010.0,False
2019-01-13 06:49:00,625217.0,696263.7999999999,696264.0,0.0,71047.0,71047.0,False
2019-01-13 06:50:00,654182.0,696263.7999999999,696264.0,0.0,42082.0,42082.0,False
2019-01-13 06:51:00,632116.0,696263.7999999999,696264.0,0.0,64148.0,64148.0,False
2019-01-13 06:52:00,627322.0,696263.7999999999,696264.0,0.0,68942.0,68942.0,False
2019-01-13 06:53:00,654934.0,696263.7999999999,696264.0,0.0,41330.0,41330.0,False
2019-01-13 06:54:00,663369.0,696263.7999999999,696264.0,0.0,32895.0,32895.0,False
2019-01-13 06:55:00,681755.0,696263.7999999999,696264.0,0.0,14509.0,14509.0,False
2019-01-13 06:56:00,642385.0,696263.7999999999,696264.0,0.0,53879.0,53879.0,False
2019-01-13 06:57:00,645706.0,696263.7999999999,696264.0,0.0,50558.0,50558.0,False
2019-01-13 06:58:00,650840.0,696263.7999999999,696264.0,0.0,45424.0,45424.0,False
2019-01-13 06:59:00,640297.0,696263.7999999999,696264.0,0.0,55967.0,55967.0,False
2019-01-13 07:00:00,742022.0,696263.7999999999,696264.0,45758.0,0.0,457580.0,False
2019-01-13 07:01:00,681416.0,696263.7999999999,696264.0,0.0,14848.0,14848.0,False
2019-01-13 07:02:00,724260.0,696263.7999999999,696264.0,27996.0,0.0,279960.0,False
2019-01-13 07:03:00,715798.0,696263.7999999999,696264.0,19534.0,0.0,195340.0,False
2019-01-13 07:04:00,683308.0,696263.7999999999,696264.0,0.0,12956.0,12956.0,False
2019-01-13 07:05:00,711024.0,696263.7999999999,696264.0,14760.0,0.0,147600.0,False
2019-01-13 07:06:00,739637.0,696263.7999999999,696264.0,43373.0,0.0,433730.0,False
2019-01-13 07:07:00,766157.0,696263.7999999999,696264.0,69893.0,0.0,698930.0,False
2019-01-13 07:08:00,746872.0,696263.7999999999,696264.0,50608.0,0.0,506080.0,False
2019-01-13 07:09:00,759099.0,696263.7999999999,696264.0,62835.0,0.0,628350.0,False
2019-01-13 07:10:00,711834.0,696263.7999999999,696264.0,15570.0,0.0,155700.0,False
2019-01-13 07:11:00,677521.0,696263.7999999999,696264.0,0.0,18743.0,18743.0,False
2019-01-13 07:12:00,676539.0,696263.7999999999,696264.0,0.0,19725.0,19725.0,False
2019-01-13 07:13:00,670000.0,696263.7999999999,696264.0,0.0,26264.0,26264.0,False
2019-01-13 07:14:00,664100.0,696263.7999999999,696264.0,0.0,32164.0,32164.0,False
2019-01-13 07:15:00,699742.0,696263.7999999999,696264.0,3478.0,0.0,34780.0,False
2019-01-13 07:16:00,679937.0,696263.7999999999,696264.0,0.0,16327.0,16327.0,False
2019-01-13 07:17:00,674485.0,696263.7999999999,696264.0,0.0,21779.0,21779.0,False
2019-01-13 07:18:00,660232.0,696263.7999999999,696264.0,0.0,36032.0,36032.0,False
2019-01-13 07:19:00,678163.0,696263.7999999999,696264.0,0.0,18101.0,18101.0,False
2019-01-13 07:20:00,701024.0,696263.7999999999,696264.0,4760.0,0.0,47600.0,False
2019-01-13 07:21:00,697213.0,696263.7999999999,696264.0,949.0,0.0,9490.0,False
2019-01-13 07:22:00,719911.0,696263.7999999999,696264.0,23647.0,0.0,236470.0,False
2019-01-13 07:23:00,732760.0,696263.7999999999,696264.0,36496.0,0.0,364960.0,False
2019-01-13 07:24:00,676096.0,696263.7999999999,696264.0,0.0,20168.0,20168.0,False
2019-01-13 07:25:00,660739.0,696263.7999999999,696264.0,0.0,35525.0,35525.0,False
2019-01-13 07:26:00,656548.0,696263.7999999999,696264.0,0.0,39716.0,39716.0,False
2019-01-13 07:27:00,648827.0,696263.7999999999,696264.0,0.0,47437.0,47437.0,False
2019-01-13 07:28:00,653967.0,696263.7999999999,696264.0,0.0,42297.0,42297.0,False
2019-01-13 07:29:00,665825.0,696263.7999999999,696264.0,0.0,30439.0,30439.0,False
2019-01-13 07:30:00,734432.0,696263.7999999999,696264.0,38168.0,0.0,381680.0,False
2019-01-13 07:31:00,702256.0,696263.7999999999,696264.0,5992.0,0.0,59920.0,False
2019-01-13 07:32:00,711253.0,696263.7999999999,696264.0,14989.0,0.0,149890.0,False
2019-01-13 07:33:00,718298.0,696263.7999999999,696264.0,22034.0,0.0,220340.0,False
2019-01-13 07:34:00,671347.0,696263.7999999999,696264.0,0.0,24917.0,24917.0,False
2019-01-13 07:35:00,683693.0,696263.7999999999,696264.0,0.0,12571.0,12571.0,False
2019-01-13 07:36:00,667702.0,696263.7999999999,696264.0,0.0,28562.0,28562.0,False
2019-01-13 07:37:00,670895.0,696263.7999999999,696264.0,0.0,25369.0,25369.0,False
2019-01-13 07:38:00,670731.0,696263.7999999999,696264.0,0.0,25533.0,25533.0,False
2019-01-13 07:39:00,651978.0,696263.7999999999,696264.0,0.0,44286.0,44286.0,False
2019-01-13 07:40:00,719251.0,696263.7999999999,696264.0,22987.0,0.0,229870.0,False
2019-01-13 07:41:00,737523.0,696263.7999999999,696264.0,41259.0,0.0,412590.0,False
2019-01-13 07:42:00,734237.0,696263.7999999999,696264.0,37973.0,0.0,379730.0,False
2019-01-13 07:43:00,672000.0,696263.7999999999,696264.0,0.0,24264.0,24264.0,False
2019-01-13 07:44:00,693397.0,696263.7999999999,696264.0,0.0,2867.0,2867.0,False
2019-01-13 07:45:00,701556.0,696263.7999999999,696264.0,5292.0,0.0,52920.0,False
2019-01-13 07:46:00,692926.0,696263.7999999999,696264.0,0.0,3338.0,3338.0,False
2019-01-13 07:47:00,704645.0,696263.7999999999,696264.0,8381.0,0.0,83810.0,False
2019-01-13 07:48:00,702494.0,696263.7999999999,696264.0,6230.0,0.0,62300.0,False
2019-01-13 07:49:00,673073.0,696263.7999999999,696264.0,0.0,23191.0,23191.0,False
2019-01-13 07:50:00,718088.0,696263.7999999999,696264.0,21824.0,0.0,218240.0,False
2019-01-13 07:51:00,671484.0,696263.7999999999,696264.0,0.0,24780.0,24780.0,False
2019-01-13 07:52:00,698860.0,696263.7999999999,696264.0,2596.0,0.0,25960.0,False
2019-01-13 07:53:00,681303.0,696263.7999999999,696264.0,0.0,14961.0,14961.0,False
2019-01-13 07:54:00,663596.0,696263.7999999999,696264.0,0.0,32668.0,32668.0,False
2019-01-13 07:55:00,686195.0,696263.7999999999,696264.0,0.0,10069.0,10069.0,False
2019-01-13 07:56:00,684849.0,696263.7999999999,696264.0,0.0,11415.0,11415.0,False
2019-01-13 07:57:00,687237.0,696263.7999999999,696264.0,0.0,9027.0,9027.0,False
2019-01-13 07:58:00,690380.0,696263.7999999999,696264.0,0.0,5884.0,5884.0,False
2019-01-13 07:59:00,675470.0,696263.7999999999,696264.0,0.0,20794.0,20794.0,False
2019-01-13 08:00:00,761153.0,696263.7999999999,696264.0,64889.0,0.0,648890.0,False
2019-01-13 08:01:00,760333.0,696263.7999999999,696264.0,64069.0,0.0,640690.0,False
2019-01-13 08:02:00,764895.0,696263.7999999999,696264.0,68631.0,0.0,686310.0,False
2019-01-13 08:03:00,771924.0,696263.7999999999,696264.0,75660.0,0.0,756600.0,False
2019-01-13 08:04:00,704353.0,696263.7999999999,696264.0,8089.0,0.0,80890.0,False
2019-01-13 08:05:00,704053.0,696263.7999999999,696264.0,7789.0,0.0,77890.0,False
2019-01-13 08:06:00,713287.0,696263.7999999999,696264.0,17023.0,0.0,170230.0,False
2019-01-13 08:07:00,731357.0,696263.7999999999,696264.0,35093.0,0.0,350930.0,False
2019-01-13 08:08:00,744953.0,696263.7999999999,696264.0,48689.0,0.0,486890.0,False
2019-01-13 08:09:00,754108.0,696263.7999999999,696264.0,57844.0,0.0,578440.0,False
2019-01-13 08:10:00,772037.0,696263.7999999999,696264.0,75773.0,0.0,757730.0,False
2019-01-13 08:11:00,747431.0,696263.7999999999,696264.0,51167.0,0.0,511670.0,False
2019-01-13 08:12:00,717670.0,696263.7999999999,696264.0,21406.0,0.0,214060.0,False
2019-01-13 08:13:00,679838.0,696263.7999999999,696264.0,0.0,16426.0,16426.0,False
2019-01-13 08:14:00,681592.0,696263.7999999999,696264.0,0.0,14672.0,14672.0,False
2019-01-13 08:15:00,686841.0,696263.7999999999,696264.0,0.0,9423.0,9423.0,False
2019-01-13 08:16:00,684786.0,696263.7999999999,696264.0,0.0,11478.0,11478.0,False
2019-01-13 08:17:00,682564.0,696263.7999999999,696264.0,0.0,13700.0,13700.0,False
2019-01-13 08:18:00,690881.0,696263.7999999999,696264.0,0.0,5383.0,5383.0,False
2019-01-13 08:19:00,674680.0,696263.7999999999,696264.0,0.0,21584.0,21584.0,False
2019-01-13 08:20:00,706845.0,696263.7999999999,696264.0,10581.0,0.0,105810.0,False
2019-01-13 08:21:00,683761.0,696263.7999999999,696264.0,0.0,12503.0,12503.0,False
2019-01-13 08:22:00,680013.0,696263.7999999999,696264.0,0.0,16251.0,16251.0,False
2019-01-13 08:23:00,675072.0,696263.7999999999,696264.0,0.0,21192.0,21192.0,False
2019-01-13 08:24:00,646895.0,696263.7999999999,696264.0,0.0,49369.0,49369.0,False
2019-01-13 08:25:00,654577.0,696263.7999999999,696264.0,0.0,41687.0,41687.0,False
2019-01-13 08:26:00,636931.0,696263.7999999999,696264.0,0.0,59333.0,59333.0,False
2019-01-13 08:27:00,634606.0,696263.7999999999,696264.0,0.0,61658.0,61658.0,False
2019-01-13 08:28:00,666021.0,696263.7999999999,696264.0,0.0,30243.0,30243.0,False
2019-01-13 08:29:00,662739.0,696263.7999999999,696264.0,0.0,33525.0,33525.0,False
2019-01-13 08:30:00,717914.0,696263.7999999999,696264.0,21650.0,0.0,216500.0,False
2019-01-13 08:31:00,681754.0,696263.7999999999,696264.0,0.0,14510.0,14510.0,False
2019-01-13 08:32:00,688419.0,696263.7999999999,696264.0,0.0,7845.0,7845.0,False
2019-01-13 08:33:00,711021.0,696263.7999999999,696264.0,14757.0,0.0,147570.0,False
2019-01-13 08:34:00,664188.0,696263.7999999999,696264.0,0.0,32076.0,32076.0,False
2019-01-13 08:35:00,675517.0,696263.7999999999,696264.0,0.0,20747.0,20747.0,False
2019-01-13 08:36:00,653866.0,696263.7999999999,696264.0,0.0,42398.0,42398.0,False
2019-01-13 08:37:00,656281.0,696263.7999999999,696264.0,0.0,39983.0,39983.0,False
2019-01-13 08:38:00,667644.0,696263.7999999999,696264.0,0.0,28620.0,28620.0,False
2019-01-13 08:39:00,659059.0,696263.7999999999,696264.0,0.0,37205.0,37205.0,False
2019-01-13 08:40:00,663593.0,696263.7999999999,696264.0,0.0,32671.0,32671.0,False
2019-01-13 08:41:00,652064.0,696263.7999999999,696264.0,0.0,44200.0,44200.0,False
2019-01-13 08:42:00,642851.0,696263.7999999999,696264.0,0.0,53413.0,53413.0,False
2019-01-13 08:43:00,635537.0,696263.7999999999,696264.0,0.0,60727.0,60727.0,False
2019-01-13 08:44:00,653078.0,696263.7999999999,696264.0,0.0,43186.0,43186.0,False
2019-01-13 08:45:00,696703.0,696263.7999999999,696264.0,439.0,0.0,4390.0,False
2019-01-13 08:46:00,653622.0,696263.7999999999,696264.0,0.0,42642.0,42642.0,False
2019-01-13 08:47:00,652582.0,696263.7999999999,696264.0,0.0,43682.0,43682.0,False
2019-01-13 08:48:00,666861.0,696263.7999999999,696264.0,0.0,29403.0,29403.0,False
2019-01-13 08:49:00,639711.0,696263.7999999999,696264.0,0.0,56553.0,56553.0,False
2019-01-13 08:50:00,685406.0,696263.7999999999,696264.0,0.0,10858.0,10858.0,False
2019-01-13 08:51:00,639091.0,696263.7999999999,696264.0,0.0,57173.0,57173.0,False
2019-01-13 08:52:00,628407.0,696263.7999999999,696264.0,0.0,67857.0,67857.0,False
2019-01-13 08:53:00,643458.0,696263.7999999999,696264.0,0.0,52806.0,52806.0,False
2019-01-13 08:54:00,662695.0,696263.7999999999,696264.0,0.0,33569.0,33569.0,False
2019-01-13 08:55:00,666477.0,696263.7999999999,696264.0,0.0,29787.0,29787.0,False
2019-01-13 08:56:00,654261.0,696263.7999999999,696264.0,0.0,42003.0,42003.0,False
2019-01-13 08:57:00,661425.0,696263.7999999999,696264.0,0.0,34839.0,34839.0,False
2019-01-13 08:58:00,660900.0,696263.7999999999,696264.0,0.0,35364.0,35364.0,False
2019-01-13 08:59:00,639730.0,696263.7999999999,696264.0,0.0,56534.0,56534.0,False
2019-01-13 09:00:00,725493.0,696263.7999999999,696264.0,29229.0,0.0,292290.0,False
2019-01-13 09:01:00,683483.0,696263.7999999999,696264.0,0.0,12781.0,12781.0,False
2019-01-13 09:02:00,678966.0,696263.7999999999,696264.0,0.0,17298.0,17298.0,False
2019-01-13 09:03:00,663831.0,696263.7999999999,696264.0,0.0,32433.0,32433.0,False
2019-01-13 09:04:00,655216.0,696263.7999999999,696264.0,0.0,41048.0,41048.0,False
2019-01-13 09:05:00,720038.0,696263.7999999999,696264.0,23774.0,0.0,237740.0,False
2019-01-13 09:06:00,786788.0,696263.7999999999,696264.0,90524.0,0.0,905240.0,True
2019-01-13 09:07:00,748748.0,696263.7999999999,696264.0,52484.0,0.0,524840.0,False
2019-01-13 09:08:00,764754.0,696263.7999999999,696264.0,68490.0,0.0,684900.0,False
2019-01-13 09:09:00,647056.0,696263.7999999999,696264.0,0.0,49208.0,49208.0,False
2019-01-13 09:10:00,704455.0,696263.7999999999,696264.0,8191.0,0.0,81910.0,False
2019-01-13 09:11:00,669764.0,696263.7999999999,696264.0,0.0,26500.0,26500.0,False
2019-01-13 09:12:00,632930.0,696263.7999999999,696264.0,0.0,63334.0,63334.0,False
2019-01-13 09:13:00,674175.0,696263.7999999999,696264.0,0.0,22089.0,22089.0,False
2019-01-13 09:14:00,663569.0,696263.7999999999,696264.0,0.0,32695.0,32695.0,False
2019-01-13 09:15:00,684839.0,696263.7999999999,696264.0,0.0,11425.0,11425.0,False
2019-01-13 09:16:00,672323.0,696263.7999999999,696264.0,0.0,23941.0,23941.0,False
2019-01-13 09:17:00,657420.0,696263.7999999999,696264.0,0.0,38844.0,38844.0,False
2019-01-13 09:18:00,656588.0,696263.7999999999,696264.0,0.0,39676.0,39676.0,False
2019-01-13 09:19:00,649600.0,696263.7999999999,696264.0,0.0,46664.0,46664.0,False
2019-01-13 09:20:00,679858.0,696263.7999999999,696264.0,0.0,16406.0,16406.0,False
2019-01-13 09:21:00,645161.0,696263.7999999999,696264.0,0.0,51103.0,51103.0,False
2019-01-13 09:22:00,661858.0,696263.7999999999,696264.0,0.0,34406.0,34406.0,False
2019-01-13 09:23:00,645617.0,696263.7999999999,696264.0,0.0,50647.0,50647.0,False
2019-01-13 09:24:00,631846.0,696263.7999999999,696264.0,0.0,64418.0,64418.0,False
2019-01-13 09:25:00,636462.0,696263.7999999999,696264.0,0.0,59802.0,59802.0,False
2019-01-13 09:26:00,656958.0,696263.7999999999,696264.0,0.0,39306.0,39306.0,False
2019-01-13 09:27:00,650967.0,696263.7999999999,696264.0,0.0,45297.0,45297.0,False
2019-01-13 09:28:00,650560.0,696263.7999999999,696264.0,0.0,45704.0,45704.0,False
2019-01-13 09:29:00,624244.0,696263.7999999999,696264.0,0.0,72020.0,72020.0,False
2019-01-13 09:30:00,680369.0,696263.7999999999,696264.0,0.0,15895.0,15895.0,False
2019-01-13 09:31:00,662725.0,696263.7999999999,696264.0,0.0,33539.0,33539.0,False
2019-01-13 09:32:00,631987.0,696263.7999999999,696264.0,0.0,64277.0,64277.0,False
2019-01-13 09:33:00,619847.0,696263.7999999999,696264.0,0.0,76417.0,76417.0,False
2019-01-13 09:34:00,621276.0,696263.7999999999,696264.0,0.0,74988.0,74988.0,False
2019-01-13 09:35:00,627818.0,696263.7999999999,696264.0,0.0,68446.0,68446.0,False
2019-01-13 09:36:00,618962.0,696263.7999999999,696264.0,0.0,77302.0,77302.0,False
2019-01-13 09:37:00,613680.0,696263.7999999999,696264.0,0.0,82584.0,82584.0,False
2019-01-13 09:38:00,630366.0,696263.7999999999,696264.0,0.0,65898.0,65898.0,False
2019-01-13 09:39:00,620035.0,696263.7999999999,696264.0,0.0,76229.0,76229.0,False
2019-01-13 09:40:00,661631.0,696263.7999999999,696264.0,0.0,34633.0,34633.0,False
2019-01-13 09:41:00,638480.0,696263.7999999999,696264.0,0.0,57784.0,57784.0,False
2019-01-13 09:42:00,639565.0,696263.7999999999,696264.0,0.0,56699.0,56699.0,False
2019-01-13 09:43:00,618730.0,696263.7999999999,696264.0,0.0,77534.0,77534.0,False
2019-01-13 09:44:00,638657.0,696263.7999999999,696264.0,0.0,57607.0,57607.0,False
2019-01-13 09:45:00,666555.0,696263.7999999999,696264.0,0.0,29709.0,29709.0,False
2019-01-13 09:46:00,650571.0,696263.7999999999,696264.0,0.0,45693.0,45693.0,False
2019-01-13 09:47:00,643882.0,696263.7999999999,696264.0,0.0,52382.0,52382.0,False
2019-01-13 09:48:00,633464.0,696263.7999999999,696264.0,0.0,62800.0,62800.0,False
2019-01-13 09:49:00,644343.0,696263.7999999999,696264.0,0.0,51921.0,51921.0,False
2019-01-13 09:50:00,667301.0,696263.7999999999,696264.0,0.0,28963.0,28963.0,False
2019-01-13 09:51:00,624309.0,696263.7999999999,696264.0,0.0,71955.0,71955.0,False
2019-01-13 09:52:00,649056.0,696263.7999999999,696264.0,0.0,47208.0,47208.0,False
2019-01-13 09:53:00,639491.0,696263.7999999999,696264.0,0.0,56773.0,56773.0,False
2019-01-13 09:54:00,635086.0,696263.7999999999,696264.0,0.0,61178.0,61178.0,False
2019-01-13 09:55:00,653897.0,696263.7999999999,696264.0,0.0,42367.0,42367.0,False
2019-01-13 09:56:00,638593.0,696263.7999999999,696264.0,0.0,57671.0,57671.0,False
2019-01-13 09:57:00,628351.0,696263.7999999999,696264.0,0.0,67913.0,67913.0,False
2019-01-13 09:58:00,623419.0,696263.7999999999,696264.0,0.0,72845.0,72845.0,False
2019-01-13 09:59:00,618989.0,696263.7999999999,696264.0,0.0,77275.0,77275.0,False
2019-01-13 10:00:00,737398.0,696263.7999999999,696264.0,41134.0,0.0,411340.0,False
2019-01-13 10:01:00,711902.0,696263.7999999999,696264.0,15638.0,0.0,156380.0,False
2019-01-13 10:02:00,708427.0,696263.7999999999,696264.0,12163.0,0.0,121630.0,False
2019-01-13 10:03:00,716722.0,696263.7999999999,696264.0,20458.0,0.0,204580.0,False
2019-01-13 10:04:00,688071.0,696263.7999999999,696264.0,0.0,8193.0,8193.0,False
2019-01-13 10:05:00,717242.0,696263.7999999999,696264.0,20978.0,0.0,209780.0,False
2019-01-13 10:06:00,730550.0,696263.7999999999,696264.0,34286.0,0.0,342860.0,False
2019-01-13 10:07:00,715374.0,696263.7999999999,696264.0,19110.0,0.0,191100.0,False
2019-01-13 10:08:00,690267.0,696263.7999999999,696264.0,0.0,5997.0,5997.0,False
2019-01-13 10:09:00,721792.0,696263.7999999999,696264.0,25528.0,0.0,255280.0,False
2019-01-13 10:10:00,683737.0,696263.7999999999,696264.0,0.0,12527.0,12527.0,False
2019-01-13 10:11:00,655956.0,696263.7999999999,696264.0,0.0,40308.0,40308.0,False
2019-01-13 10:12:00,637158.0,696263.7999999999,696264.0,0.0,59106.0,59106.0,False
2019-01-13 10:13:00,645805.0,696263.7999999999,696264.0,0.0,50459.0,50459.0,False
2019-01-13 10:14:00,634407.0,696263.7999999999,696264.0,0.0,61857.0,61857.0,False
2019-01-13 10:15:00,658724.0,696263.7999999999,696264.0,0.0,37540.0,37540.0,False
2019-01-13 10:16:00,651573.0,696263.7999999999,696264.0,0.0,44691.0,44691.0,False
2019-01-13 10:17:00,623285.0,696263.7999999999,696264.0,0.0,72979.0,72979.0,False
2019-01-13 10:18:00,650483.0,696263.7999999999,696264.0,0.0,45781.0,45781.0,False
2019-01-13 10:19:00,641362.0,696263.7999999999,696264.0,0.0,54902.0,54902.0,False
2019-01-13 10:20:00,658398.0,696263.7999999999,696264.0,0.0,37866.0,37866.0,False
2019-01-13 10:21:00,637255.0,696263.7999999999,696264.0,0.0,59009.0,59009.0,False
2019-01-13 10:22:00,636686.0,696263.7999999999,696264.0,0.0,59578.0,59578.0,False
2019-01-13 10:23:00,630693.0,696263.7999999999,696264.0,0.0,65571.0,65571.0,False
2019-01-13 10:24:00,615430.0,696263.7999999999,696264.0,0.0,80834.0,80834.0,False
2019-01-13 10:25:00,645330.0,696263.7999999999,696264.0,0.0,50934.0,50934.0,False
2019-01-13 10:26:00,626160.0,696263.7999999999,696264.0,0.0,70104.0,70104.0,False
2019-01-13 10:27:00,623951.0,696263.7999999999,696264.0,0.0,72313.0,72313.0,False
2019-01-13 10:28:00,613952.0,696263.7999999999,696264.0,0.0,82312.0,82312.0,False
2019-01-13 10:29:00,628236.0,696263.7999999999,696264.0,0.0,68028.0,68028.0,False
2019-01-13 10:30:00,683336.0,696263.7999999999,696264.0,0.0,12928.0,12928.0,False
2019-01-13 10:31:00,632697.0,696263.7999999999,696264.0,0.0,63567.0,63567.0,False
2019-01-13 10:32:00,622805.0,696263.7999999999,696264.0,0.0,73459.0,73459.0,False
2019-01-13 10:33:00,617582.0,696263.7999999999,696264.0,0.0,78682.0,78682.0,False
2019-01-13 10:34:00,612783.0,696263.7999999999,696264.0,0.0,83481.0,83481.0,False
2019-01-13 10:35:00,627331.0,696263.7999999999,696264.0,0.0,68933.0,68933.0,False
2019-01-13 10:36:00,610515.0,696263.7999999999,696264.0,0.0,85749.0,85749.0,False
2019-01-13 10:37:00,611329.0,696263.7999999999,696264.0,0.0,84935.0,84935.0,False
2019-01-13 10:38:00,647618.0,696263.7999999999,696264.0,0.0,48646.0,48646.0,False
2019-01-13 10:39:00,622119.0,696263.7999999999,696264.0,0.0,74145.0,74145.0,False
2019-01-13 10:40:00,679992.0,696263.7999999999,696264.0,0.0,16272.0,16272.0,False
2019-01-13 10:41:00,652364.0,696263.7999999999,696264.0,0.0,43900.0,43900.0,False
2019-01-13 10:42:00,655902.0,696263.7999999999,696264.0,0.0,40362.0,40362.0,False
2019-01-13 10:43:00,633635.0,696263.7999999999,696264.0,0.0,62629.0,62629.0,False
2019-01-13 10:44:00,637382.0,696263.7999999999,696264.0,0.0,58882.0,58882.0,False
2019-01-13 10:45:00,669323.0,696263.7999999999,696264.0,0.0,26941.0,26941.0,False
2019-01-13 10:46:00,631715.0,696263.7999999999,696264.0,0.0,64549.0,64549.0,False
2019-01-13 10:47:00,636388.0,696263.7999999999,696264.0,0.0,59876.0,59876.0,False
2019-01-13 10:48:00,620846.0,696263.7999999999,696264.0,0.0,75418.0,75418.0,False
2019-01-13 10:49:00,629942.0,696263.7999999999,696264.0,0.0,66322.0,66322.0,False
2019-01-13 10:50:00,650769.0,696263.7999999999,696264.0,0.0,45495.0,45495.0,False
2019-01-13 10:51:00,626510.0,696263.7999999999,696264.0,0.0,69754.0,69754.0,False
2019-01-13 10:52:00,632854.0,696263.7999999999,696264.0,0.0,63410.0,63410.0,False
2019-01-13 10:53:00,625060.0,696263.7999999999,696264.0,0.0,71204.0,71204.0,False
2019-01-13 10:54:00,621117.0,696263.7999999999,696264.0,0.0,75147.0,75147.0,False
2019-01-13 10:55:00,639438.0,696263.7999999999,696264.0,0.0,56826.0,56826.0,False
2019-01-13 10:56:00,611415.0,696263.7999999999,696264.0,0.0,84849.0,84849.0,False
2019-01-13 10:57:00,627507.0,696263.7999999999,696264.0,0.0,68757.0,68757.0,False
2019-01-13 10:58:00,609230.0,696263.7999999999,696264.0,0.0,87034.0,87034.0,False
2019-01-13 10:59:00,614930.0,696263.7999999999,696264.0,0.0,81334.0,81334.0,False
2019-01-13 11:00:00,725337.0,696263.7999999999,696264.0,29073.0,0.0,290730.0,False
2019-01-13 11:01:00,682411.0,696263.7999999999,696264.0,0.0,13853.0,13853.0,False
2019-01-13 11:02:00,663537.0,696263.7999999999,696264.0,0.0,32727.0,32727.0,False
2019-01-13 11:03:00,642260.0,696263.7999999999,696264.0,0.0,54004.0,54004.0,False
2019-01-13 11:04:00,629967.0,696263.7999999999,696264.0,0.0,66297.0,66297.0,False
2019-01-13 11:05:00,648462.0,696263.7999999999,696264.0,0.0,47802.0,47802.0,False
2019-01-13 11:06:00,714068.0,696263.7999999999,696264.0,17804.0,0.0,178040.0,False
2019-01-13 11:07:00,720571.0,696263.7999999999,696264.0,24307.0,0.0,243070.0,False
2019-01-13 11:08:00,684048.0,696263.7999999999,696264.0,0.0,12216.0,12216.0,False
2019-01-13 11:09:00,727708.0,696263.7999999999,696264.0,31444.0,0.0,314440.0,False
2019-01-13 11:10:00,690386.0,696263.7999999999,696264.0,0.0,5878.0,5878.0,False
2019-01-13 11:11:00,630915.0,696263.7999999999,696264.0,0.0,65349.0,65349.0,False
2019-01-13 11:12:00,627798.0,696263.7999999999,696264.0,0.0,68466.0,68466.0,False
2019-01-13 11:13:00,635876.0,696263.7999999999,696264.0,0.0,60388.0,60388.0,False
2019-01-13 11:14:00,636610.0,696263.7999999999,696264.0,0.0,59654.0,59654.0,False
2019-01-13 11:15:00,659786.0,696263.7999999999,696264.0,0.0,36478.0,36478.0,False
2019-01-13 11:16:00,635159.0,696263.7999999999,696264.0,0.0,61105.0,61105.0,False
2019-01-13 11:17:00,617394.0,696263.7999999999,696264.0,0.0,78870.0,78870.0,False
2019-01-13 11:18:00,621548.0,696263.7999999999,696264.0,0.0,74716.0,74716.0,False
2019-01-13 11:19:00,606165.0,696263.7999999999,696264.0,0.0,90099.0,90099.0,False
2019-01-13 11:20:00,655294.0,696263.7999999999,696264.0,0.0,40970.0,40970.0,False
2019-01-13 11:21:00,635518.0,696263.7999999999,696264.0,0.0,60746.0,60746.0,False
2019-01-13 11:22:00,621572.0,696263.7999999999,696264.0,0.0,74692.0,74692.0,False
2019-01-13 11:23:00,619903.0,696263.7999999999,696264.0,0.0,76361.0,76361.0,False
2019-01-13 11:24:00,601904.0,696263.7999999999,696264.0,0.0,94360.0,94360.0,False
2019-01-13 11:25:00,620051.0,696263.7999999999,696264.0,0.0,76213.0,76213.0,False
2019-01-13 11:26:00,601785.0,696263.7999999999,696264.0,0.0,94479.0,94479.0,False
2019-01-13 11:27:00,604609.0,696263.7999999999,696264.0,0.0,91655.0,91655.0,False
2019-01-13 11:28:00,602073.0,696263.7999999999,696264.0,0.0,94191.0,94191.0,False
2019-01-13 11:29:00,606733.0,696263.7999999999,696264.0,0.0,89531.0,89531.0,False
2019-01-13 11:30:00,685358.0,696263.7999999999,696264.0,0.0,10906.0,10906.0,False
2019-01-13 11:31:00,635989.0,696263.7999999999,696264.0,0.0,60275.0,60275.0,False
2019-01-13 11:32:00,614652.0,696263.7999999999,696264.0,0.0,81612.0,81612.0,False
2019-01-13 11:33:00,626400.0,696263.7999999999,696264.0,0.0,69864.0,69864.0,False
2019-01-13 11:34:00,619131.0,696263.7999999999,696264.0,0.0,77133.0,77133.0,False
2019-01-13 11:35:00,623925.0,696263.7999999999,696264.0,0.0,72339.0,72339.0,False
2019-01-13 11:36:00,604437.0,696263.7999999999,696264.0,0.0,91827.0,91827.0,False
2019-01-13 11:37:00,603052.0,696263.7999999999,696264.0,0.0,93212.0,93212.0,False
2019-01-13 11:38:00,598172.0,696263.7999999999,696264.0,0.0,98092.0,98092.0,False
2019-01-13 11:39:00,598896.0,696263.7999999999,696264.0,0.0,97368.0,97368.0,False
2019-01-13 11:40:00,638908.0,696263.7999999999,696264.0,0.0,57356.0,57356.0,False
2019-01-13 11:41:00,598256.0,696263.7999999999,696264.0,0.0,98008.0,98008.0,False
2019-01-13 11:42:00,648457.0,696263.7999999999,696264.0,0.0,47807.0,47807.0,False
2019-01-13 11:43:00,638380.0,696263.7999999999,696264.0,0.0,57884.0,57884.0,False
2019-01-13 11:44:00,627501.0,696263.7999999999,696264.0,0.0,68763.0,68763.0,False
2019-01-13 11:45:00,657588.0,696263.7999999999,696264.0,0.0,38676.0,38676.0,False
2019-01-13 11:46:00,648007.0,696263.7999999999,696264.0,0.0,48257.0,48257.0,False
2019-01-13 11:47:00,629666.0,696263.7999999999,696264.0,0.0,66598.0,66598.0,False
2019-01-13 11:48:00,636926.0,696263.7999999999,696264.0,0.0,59338.0,59338.0,False
2019-01-13 11:49:00,638593.0,696263.7999999999,696264.0,0.0,57671.0,57671.0,False
2019-01-13 11:50:00,652785.0,696263.7999999999,696264.0,0.0,43479.0,43479.0,False
2019-01-13 11:51:00,620515.0,696263.7999999999,696264.0,0.0,75749.0,75749.0,False
2019-01-13 11:52:00,623563.0,696263.7999999999,696264.0,0.0,72701.0,72701.0,False
2019-01-13 11:53:00,624070.0,696263.7999999999,696264.0,0.0,72194.0,72194.0,False
2019-01-13 11:54:00,629549.0,696263.7999999999,696264.0,0.0,66715.0,66715.0,False
2019-01-13 11:55:00,630790.0,696263.7999999999,696264.0,0.0,65474.0,65474.0,False
2019-01-13 11:56:00,616685.0,696263.7999999999,696264.0,0.0,79579.0,79579.0,False
2019-01-13 11:57:00,611822.0,696263.7999999999,696264.0,0.0,84442.0,84442.0,False
2019-01-13 11:58:00,633042.0,696263.7999999999,696264.0,0.0,63222.0,63222.0,False
2019-01-13 11:59:00,618982.0,696263.7999999999,696264.0,0.0,77282.0,77282.0,False
2019-01-13 12:00:00,738557.0,696263.7999999999,696264.0,42293.0,0.0,422930.0,False
2019-01-13 12:01:00,671612.0,696263.7999999999,696264.0,0.0,24652.0,24652.0,False
2019-01-13 12:02:00,678134.0,696263.7999999999,696264.0,0.0,18130.0,18130.0,False
2019-01-13 12:03:00,687847.0,696263.7999999999,696264.0,0.0,8417.0,8417.0,False
2019-01-13 12:04:00,650508.0,696263.7999999999,696264.0,0.0,45756.0,45756.0,False
2019-01-13 12:05:00,705419.0,696263.7999999999,696264.0,9155.0,0.0,91550.0,False
2019-01-13 12:06:00,733421.0,696263.7999999999,696264.0,37157.0,0.0,371570.0,False
2019-01-13 12:07:00,714910.0,696263.7999999999,696264.0,18646.0,0.0,186460.0,False
2019-01-13 12:08:00,724544.0,696263.7999999999,696264.0,28280.0,0.0,282800.0,False
2019-01-13 12:09:00,688445.0,696263.7999999999,696264.0,0.0,7819.0,7819.0,False
2019-01-13 12:10:00,671089.0,696263.7999999999,696264.0,0.0,25175.0,25175.0,False
2019-01-13 12:11:00,636488.0,696263.7999999999,696264.0,0.0,59776.0,59776.0,False
2019-01-13 12:12:00,632173.0,696263.7999999999,696264.0,0.0,64091.0,64091.0,False
2019-01-13 12:13:00,623120.0,696263.7999999999,696264.0,0.0,73144.0,73144.0,False
2019-01-13 12:14:00,646911.0,696263.7999999999,696264.0,0.0,49353.0,49353.0,False
2019-01-13 12:15:00,664692.0,696263.7999999999,696264.0,0.0,31572.0,31572.0,False
2019-01-13 12:16:00,682082.0,696263.7999999999,696264.0,0.0,14182.0,14182.0,False
2019-01-13 12:17:00,686672.0,696263.7999999999,696264.0,0.0,9592.0,9592.0,False
2019-01-13 12:18:00,685927.0,696263.7999999999,696264.0,0.0,10337.0,10337.0,False
2019-01-13 12:19:00,648205.0,696263.7999999999,696264.0,0.0,48059.0,48059.0,False
2019-01-13 12:20:00,668319.0,696263.7999999999,696264.0,0.0,27945.0,27945.0,False
2019-01-13 12:21:00,634727.0,696263.7999999999,696264.0,0.0,61537.0,61537.0,False
2019-01-13 12:22:00,629726.0,696263.7999999999,696264.0,0.0,66538.0,66538.0,False
2019-01-13 12:23:00,639412.0,696263.7999999999,696264.0,0.0,56852.0,56852.0,False
2019-01-13 12:24:00,631580.0,696263.7999999999,696264.0,0.0,64684.0,64684.0,False
2019-01-13 12:25:00,670933.0,696263.7999999999,696264.0,0.0,25331.0,25331.0,False
2019-01-13 12:26:00,644529.0,696263.7999999999,696264.0,0.0,51735.0,51735.0,False
2019-01-13 12:27:00,604407.0,696263.7999999999,696264.0,0.0,91857.0,91857.0,False
2019-01-13 12:28:00,627967.0,696263.7999999999,696264.0,0.0,68297.0,68297.0,False
2019-01-13 12:29:00,627388.0,696263.7999999999,696264.0,0.0,68876.0,68876.0,False
2019-01-13 12:30:00,673660.0,696263.7999999999,696264.0,0.0,22604.0,22604.0,False
2019-01-13 12:31:00,664857.0,696263.7999999999,696264.0,0.0,31407.0,31407.0,False
2019-01-13 12:32:00,664154.0,696263.7999999999,696264.0,0.0,32110.0,32110.0,False
2019-01-13 12:33:00,633467.0,696263.7999999999,696264.0,0.0,62797.0,62797.0,False
2019-01-13 12:34:00,638712.0,696263.7999999999,696264.0,0.0,57552.0,57552.0,False
2019-01-13 12:35:00,640183.0,696263.7999999999,696264.0,0.0,56081.0,56081.0,False
2019-01-13 12:36:00,611914.0,696263.7999999999,696264.0,0.0,84350.0,84350.0,False
2019-01-13 12:37:00,600588.0,696263.7999999999,696264.0,0.0,95676.0,95676.0,False
2019-01-13 12:38:00,623615.0,696263.7999999999,696264.0,0.0,72649.0,72649.0,False
2019-01-13 12:39:00,617005.0,696263.7999999999,696264.0,0.0,79259.0,79259.0,False
2019-01-13 12:40:00,647124.0,696263.7999999999,696264.0,0.0,49140.0,49140.0,False
2019-01-13 12:41:00,603782.0,696263.7999999999,696264.0,0.0,92482.0,92482.0,False
2019-01-13 12:42:00,616708.0,696263.7999999999,696264.0,0.0,79556.0,79556.0,False
2019-01-13 12:43:00,633942.0,696263.7999999999,696264.0,0.0,62322.0,62322.0,False
2019-01-13 12:44:00,631285.0,696263.7999999999,696264.0,0.0,64979.0,64979.0,False
2019-01-13 12:45:00,660765.0,696263.7999999999,696264.0,0.0,35499.0,35499.0,False
2019-01-13 12:46:00,660288.0,696263.7999999999,696264.0,0.0,35976.0,35976.0,False
2019-01-13 12:47:00,650397.0,696263.7999999999,696264.0,0.0,45867.0,45867.0,False
2019-01-13 12:48:00,634949.0,696263.7999999999,696264.0,0.0,61315.0,61315.0,False
2019-01-13 12:49:00,640612.0,696263.7999999999,696264.0,0.0,55652.0,55652.0,False
2019-01-13 12:50:00,659994.0,696263.7999999999,696264.0,0.0,36270.0,36270.0,False
2019-01-13 12:51:00,651323.0,696263.7999999999,696264.0,0.0,44941.0,44941.0,False
2019-01-13 12:52:00,640861.0,696263.7999999999,696264.0,0.0,55403.0,55403.0,False
2019-01-13 12:53:00,633585.0,696263.7999999999,696264.0,0.0,62679.0,62679.0,False
2019-01-13 12:54:00,638021.0,696263.7999999999,696264.0,0.0,58243.0,58243.0,False
2019-01-13 12:55:00,661599.0,696263.7999999999,696264.0,0.0,34665.0,34665.0,False
2019-01-13 12:56:00,646292.0,696263.7999999999,696264.0,0.0,49972.0,49972.0,False
2019-01-13 12:57:00,630524.0,696263.7999999999,696264.0,0.0,65740.0,65740.0,False
2019-01-13 12:58:00,633859.0,696263.7999999999,696264.0,0.0,62405.0,62405.0,False
2019-01-13 12:59:00,623645.0,696263.7999999999,696264.0,0.0,72619.0,72619.0,False
2019-01-13 13:00:00,748700.0,696263.7999999999,696264.0,52436.0,0.0,524360.0,False
2019-01-13 13:01:00,687942.0,696263.7999999999,696264.0,0.0,8322.0,8322.0,False
2019-01-13 13:02:00,680631.0,696263.7999999999,696264.0,0.0,15633.0,15633.0,False
2019-01-13 13:03:00,670618.0,696263.7999999999,696264.0,0.0,25646.0,25646.0,False
2019-01-13 13:04:00,668331.0,696263.7999999999,696264.0,0.0,27933.0,27933.0,False
2019-01-13 13:05:00,663013.0,696263.7999999999,696264.0,0.0,33251.0,33251.0,False
2019-01-13 13:06:00,689142.0,696263.7999999999,696264.0,0.0,7122.0,7122.0,False
2019-01-13 13:07:00,740876.0,696263.7999999999,696264.0,44612.0,0.0,446120.0,False
2019-01-13 13:08:00,762149.0,696263.7999999999,696264.0,65885.0,0.0,658850.0,False
2019-01-13 13:09:00,769978.0,696263.7999999999,696264.0,73714.0,0.0,737140.0,False
2019-01-13 13:10:00,695218.0,696263.7999999999,696264.0,0.0,1046.0,1046.0,False
2019-01-13 13:11:00,672596.0,696263.7999999999,696264.0,0.0,23668.0,23668.0,False
2019-01-13 13:12:00,658621.0,696263.7999999999,696264.0,0.0,37643.0,37643.0,False
2019-01-13 13:13:00,669088.0,696263.7999999999,696264.0,0.0,27176.0,27176.0,False
2019-01-13 13:14:00,650851.0,696263.7999999999,696264.0,0.0,45413.0,45413.0,False
2019-01-13 13:15:00,683204.0,696263.7999999999,696264.0,0.0,13060.0,13060.0,False
2019-01-13 13:16:00,681256.0,696263.7999999999,696264.0,0.0,15008.0,15008.0,False
2019-01-13 13:17:00,678090.0,696263.7999999999,696264.0,0.0,18174.0,18174.0,False
2019-01-13 13:18:00,679483.0,696263.7999999999,696264.0,0.0,16781.0,16781.0,False
2019-01-13 13:19:00,653077.0,696263.7999999999,696264.0,0.0,43187.0,43187.0,False
2019-01-13 13:20:00,682058.0,696263.7999999999,696264.0,0.0,14206.0,14206.0,False
2019-01-13 13:21:00,660120.0,696263.7999999999,696264.0,0.0,36144.0,36144.0,False
2019-01-13 13:22:00,657867.0,696263.7999999999,696264.0,0.0,38397.0,38397.0,False
2019-01-13 13:23:00,658700.0,696263.7999999999,696264.0,0.0,37564.0,37564.0,False
2019-01-13 13:24:00,645084.0,696263.7999999999,696264.0,0.0,51180.0,51180.0,False
2019-01-13 13:25:00,672601.0,696263.7999999999,696264.0,0.0,23663.0,23663.0,False
2019-01-13 13:26:00,650250.0,696263.7999999999,696264.0,0.0,46014.0,46014.0,False
2019-01-13 13:27:00,652579.0,696263.7999999999,696264.0,0.0,43685.0,43685.0,False
2019-01-13 13:28:00,650122.0,696263.7999999999,696264.0,0.0,46142.0,46142.0,False
2019-01-13 13:29:00,652723.0,696263.7999999999,696264.0,0.0,43541.0,43541.0,False
2019-01-13 13:30:00,705334.0,696263.7999999999,696264.0,9070.0,0.0,90700.0,False
2019-01-13 13:31:00,675274.0,696263.7999999999,696264.0,0.0,20990.0,20990.0,False
2019-01-13 13:32:00,657533.0,696263.7999999999,696264.0,0.0,38731.0,38731.0,False
2019-01-13 13:33:00,666870.0,696263.7999999999,696264.0,0.0,29394.0,29394.0,False
2019-01-13 13:34:00,655518.0,696263.7999999999,696264.0,0.0,40746.0,40746.0,False
2019-01-13 13:35:00,672598.0,696263.7999999999,696264.0,0.0,23666.0,23666.0,False
2019-01-13 13:36:00,655622.0,696263.7999999999,696264.0,0.0,40642.0,40642.0,False
2019-01-13 13:37:00,649490.0,696263.7999999999,696264.0,0.0,46774.0,46774.0,False
2019-01-13 13:38:00,667836.0,696263.7999999999,696264.0,0.0,28428.0,28428.0,False
2019-01-13 13:39:00,649817.0,696263.7999999999,696264.0,0.0,46447.0,46447.0,False
2019-01-13 13:40:00,678446.0,696263.7999999999,696264.0,0.0,17818.0,17818.0,False
2019-01-13 13:41:00,661511.0,696263.7999999999,696264.0,0.0,34753.0,34753.0,False
2019-01-13 13:42:00,674716.0,696263.7999999999,696264.0,0.0,21548.0,21548.0,False
2019-01-13 13:43:00,662242.0,696263.7999999999,696264.0,0.0,34022.0,34022.0,False
2019-01-13 13:44:00,641646.0,696263.7999999999,696264.0,0.0,54618.0,54618.0,False
2019-01-13 13:45:00,681359.0,696263.7999999999,696264.0,0.0,14905.0,14905.0,False
2019-01-13 13:46:00,667668.0,696263.7999999999,696264.0,0.0,28596.0,28596.0,False
2019-01-13 13:47:00,658720.0,696263.7999999999,696264.0,0.0,37544.0,37544.0,False
2019-01-13 13:48:00,660008.0,696263.7999999999,696264.0,0.0,36256.0,36256.0,False
2019-01-13 13:49:00,656296.0,696263.7999999999,696264.0,0.0,39968.0,39968.0,False
2019-01-13 13:50:00,679899.0,696263.7999999999,696264.0,0.0,16365.0,16365.0,False
2019-01-13 13:51:00,649639.0,696263.7999999999,696264.0,0.0,46625.0,46625.0,False
2019-01-13 13:52:00,648444.0,696263.7999999999,696264.0,0.0,47820.0,47820.0,False
2019-01-13 13:53:00,654582.0,696263.7999999999,696264.0,0.0,41682.0,41682.0,False
2019-01-13 13:54:00,653210.0,696263.7999999999,696264.0,0.0,43054.0,43054.0,False
2019-01-13 13:55:00,673656.0,696263.7999999999,696264.0,0.0,22608.0,22608.0,False
2019-01-13 13:56:00,652266.0,696263.7999999999,696264.0,0.0,43998.0,43998.0,False
2019-01-13 13:57:00,645691.0,696263.7999999999,696264.0,0.0,50573.0,50573.0,False
2019-01-13 13:58:00,655673.0,696263.7999999999,696264.0,0.0,40591.0,40591.0,False
2019-01-13 13:59:00,650901.0,696263.7999999999,696264.0,0.0,45363.0,45363.0,False
2019-01-13 14:00:00,751842.0,696263.7999999999,696264.0,55578.0,0.0,555780.0,False
2019-01-13 14:01:00,705909.0,696263.7999999999,696264.0,9645.0,0.0,96450.0,False
2019-01-13 14:02:00,691113.0,696263.7999999999,696264.0,0.0,5151.0,5151.0,False
2019-01-13 14:03:00,707401.0,696263.7999999999,696264.0,11137.0,0.0,111370.0,False
2019-01-13 14:04:00,688777.0,696263.7999999999,696264.0,0.0,7487.0,7487.0,False
2019-01-13 14:05:00,706575.0,696263.7999999999,696264.0,10311.0,0.0,103110.0,False
2019-01-13 14:06:00,670946.0,696263.7999999999,696264.0,0.0,25318.0,25318.0,False
2019-01-13 14:07:00,766913.0,696263.7999999999,696264.0,70649.0,0.0,706490.0,False
2019-01-13 14:08:00,773540.0,696263.7999999999,696264.0,77276.0,0.0,772760.0,False
2019-01-13 14:09:00,780902.0,696263.7999999999,696264.0,84638.0,0.0,846380.0,False
2019-01-13 14:10:00,772538.0,696263.7999999999,696264.0,76274.0,0.0,762740.0,False
2019-01-13 14:11:00,735948.0,696263.7999999999,696264.0,39684.0,0.0,396840.0,False
2019-01-13 14:12:00,699928.0,696263.7999999999,696264.0,3664.0,0.0,36640.0,False
2019-01-13 14:13:00,665835.0,696263.7999999999,696264.0,0.0,30429.0,30429.0,False
2019-01-13 14:14:00,656164.0,696263.7999999999,696264.0,0.0,40100.0,40100.0,False
2019-01-13 14:15:00,706922.0,696263.7999999999,696264.0,10658.0,0.0,106580.0,False
2019-01-13 14:16:00,697580.0,696263.7999999999,696264.0,1316.0,0.0,13160.0,False
2019-01-13 14:17:00,670848.0,696263.7999999999,696264.0,0.0,25416.0,25416.0,False
2019-01-13 14:18:00,670531.0,696263.7999999999,696264.0,0.0,25733.0,25733.0,False
2019-01-13 14:19:00,656887.0,696263.7999999999,696264.0,0.0,39377.0,39377.0,False
2019-01-13 14:20:00,683398.0,696263.7999999999,696264.0,0.0,12866.0,12866.0,False
2019-01-13 14:21:00,690678.0,696263.7999999999,696264.0,0.0,5586.0,5586.0,False
2019-01-13 14:22:00,646593.0,696263.7999999999,696264.0,0.0,49671.0,49671.0,False
2019-01-13 14:23:00,659387.0,696263.7999999999,696264.0,0.0,36877.0,36877.0,False
2019-01-13 14:24:00,659235.0,696263.7999999999,696264.0,0.0,37029.0,37029.0,False
2019-01-13 14:25:00,694911.0,696263.7999999999,696264.0,0.0,1353.0,1353.0,False
2019-01-13 14:26:00,664467.0,696263.7999999999,696264.0,0.0,31797.0,31797.0,False
2019-01-13 14:27:00,643551.0,696263.7999999999,696264.0,0.0,52713.0,52713.0,False
2019-01-13 14:28:00,649846.0,696263.7999999999,696264.0,0.0,46418.0,46418.0,False
2019-01-13 14:29:00,627330.0,696263.7999999999,696264.0,0.0,68934.0,68934.0,False
2019-01-13 14:30:00,725334.0,696263.7999999999,696264.0,29070.0,0.0,290700.0,False
2019-01-13 14:31:00,674235.0,696263.7999999999,696264.0,0.0,22029.0,22029.0,False
2019-01-13 14:32:00,632654.0,696263.7999999999,696264.0,0.0,63610.0,63610.0,False
2019-01-13 14:33:00,621861.0,696263.7999999999,696264.0,0.0,74403.0,74403.0,False
2019-01-13 14:34:00,659051.0,696263.7999999999,696264.0,0.0,37213.0,37213.0,False
2019-01-13 14:35:00,671745.0,696263.7999999999,696264.0,0.0,24519.0,24519.0,False
2019-01-13 14:36:00,659434.0,696263.7999999999,696264.0,0.0,36830.0,36830.0,False
2019-01-13 14:37:00,663618.0,696263.7999999999,696264.0,0.0,32646.0,32646.0,False
2019-01-13 14:38:00,664081.0,696263.7999999999,696264.0,0.0,32183.0,32183.0,False
2019-01-13 14:39:00,663055.0,696263.7999999999,696264.0,0.0,33209.0,33209.0,False
2019-01-13 14:40:00,689790.0,696263.7999999999,696264.0,0.0,6474.0,6474.0,False
2019-01-13 14:41:00,689541.0,696263.7999999999,696264.0,0.0,6723.0,6723.0,False
2019-01-13 14:42:00,657393.0,696263.7999999999,696264.0,0.0,38871.0,38871.0,False
2019-01-13 14:43:00,645293.0,696263.7999999999,696264.0,0.0,50971.0,50971.0,False
2019-01-13 14:44:00,649219.0,696263.7999999999,696264.0,0.0,47045.0,47045.0,False
2019-01-13 14:45:00,675194.0,696263.7999999999,696264.0,0.0,21070.0,21070.0,False
2019-01-13 14:46:00,670386.0,696263.7999999999,696264.0,0.0,25878.0,25878.0,False
2019-01-13 14:47:00,668760.0,696263.7999999999,696264.0,0.0,27504.0,27504.0,False
2019-01-13 14:48:00,649360.0,696263.7999999999,696264.0,0.0,46904.0,46904.0,False
2019-01-13 14:49:00,659213.0,696263.7999999999,696264.0,0.0,37051.0,37051.0,False
2019-01-13 14:50:00,685972.0,696263.7999999999,696264.0,0.0,10292.0,10292.0,False
2019-01-13 14:51:00,663919.0,696263.7999999999,696264.0,0.0,32345.0,32345.0,False
2019-01-13 14:52:00,650105.0,696263.7999999999,696264.0,0.0,46159.0,46159.0,False
2019-01-13 14:53:00,648060.0,696263.7999999999,696264.0,0.0,48204.0,48204.0,False
2019-01-13 14:54:00,670213.0,696263.7999999999,696264.0,0.0,26051.0,26051.0,False
2019-01-13 14:55:00,677177.0,696263.7999999999,696264.0,0.0,19087.0,19087.0,False
2019-01-13 14:56:00,673261.0,696263.7999999999,696264.0,0.0,23003.0,23003.0,False
2019-01-13 14:57:00,668804.0,696263.7999999999,696264.0,0.0,27460.0,27460.0,False
2019-01-13 14:58:00,684670.0,696263.7999999999,696264.0,0.0,11594.0,11594.0,False
2019-01-13 14:59:00,662318.0,696263.7999999999,696264.0,0.0,33946.0,33946.0,False
2019-01-13 15:00:00,770040.0,696263.7999999999,696264.0,73776.0,0.0,737760.0,False
2019-01-13 15:01:00,715240.0,696263.7999999999,696264.0,18976.0,0.0,189760.0,False
2019-01-13 15:02:00,712088.0,696263.7999999999,696264.0,15824.0,0.0,158240.0,False
2019-01-13 15:03:00,673879.0,696263.7999999999,696264.0,0.0,22385.0,22385.0,False
2019-01-13 15:04:00,703961.0,696263.7999999999,696264.0,7697.0,0.0,76970.0,False
2019-01-13 15:05:00,714973.0,696263.7999999999,696264.0,18709.0,0.0,187090.0,False
2019-01-13 15:06:00,724390.0,696263.7999999999,696264.0,28126.0,0.0,281260.0,False
2019-01-13 15:07:00,746656.0,696263.7999999999,696264.0,50392.0,0.0,503920.0,False
2019-01-13 15:08:00,732936.0,696263.7999999999,696264.0,36672.0,0.0,366720.0,False
2019-01-13 15:09:00,706986.0,696263.7999999999,696264.0,10722.0,0.0,107220.0,False
2019-01-13 15:10:00,653634.0,696263.7999999999,696264.0,0.0,42630.0,42630.0,False
2019-01-13 15:11:00,662154.0,696263.7999999999,696264.0,0.0,34110.0,34110.0,False
2019-01-13 15:12:00,663618.0,696263.7999999999,696264.0,0.0,32646.0,32646.0,False
2019-01-13 15:13:00,682962.0,696263.7999999999,696264.0,0.0,13302.0,13302.0,False
2019-01-13 15:14:00,668688.0,696263.7999999999,696264.0,0.0,27576.0,27576.0,False
2019-01-13 15:15:00,713436.0,696263.7999999999,696264.0,17172.0,0.0,171720.0,False
2019-01-13 15:16:00,708157.0,696263.7999999999,696264.0,11893.0,0.0,118930.0,False
2019-01-13 15:17:00,685602.0,696263.7999999999,696264.0,0.0,10662.0,10662.0,False
2019-01-13 15:18:00,685269.0,696263.7999999999,696264.0,0.0,10995.0,10995.0,False
2019-01-13 15:19:00,651020.0,696263.7999999999,696264.0,0.0,45244.0,45244.0,False
2019-01-13 15:20:00,694450.0,696263.7999999999,696264.0,0.0,1814.0,1814.0,False
2019-01-13 15:21:00,671025.0,696263.7999999999,696264.0,0.0,25239.0,25239.0,False
2019-01-13 15:22:00,662671.0,696263.7999999999,696264.0,0.0,33593.0,33593.0,False
2019-01-13 15:23:00,664774.0,696263.7999999999,696264.0,0.0,31490.0,31490.0,False
2019-01-13 15:24:00,665985.0,696263.7999999999,696264.0,0.0,30279.0,30279.0,False
2019-01-13 15:25:00,659305.0,696263.7999999999,696264.0,0.0,36959.0,36959.0,False
2019-01-13 15:26:00,665688.0,696263.7999999999,696264.0,0.0,30576.0,30576.0,False
2019-01-13 15:27:00,658409.0,696263.7999999999,696264.0,0.0,37855.0,37855.0,False
2019-01-13 15:28:00,648620.0,696263.7999999999,696264.0,0.0,47644.0,47644.0,False
2019-01-13 15:29:00,654583.0,696263.7999999999,696264.0,0.0,41681.0,41681.0,False
2019-01-13 15:30:00,745496.0,696263.7999999999,696264.0,49232.0,0.0,492320.0,False
2019-01-13 15:31:00,704012.0,696263.7999999999,696264.0,7748.0,0.0,77480.0,False
2019-01-13 15:32:00,668458.0,696263.7999999999,696264.0,0.0,27806.0,27806.0,False
2019-01-13 15:33:00,682099.0,696263.7999999999,696264.0,0.0,14165.0,14165.0,False
2019-01-13 15:34:00,682055.0,696263.7999999999,696264.0,0.0,14209.0,14209.0,False
2019-01-13 15:35:00,701764.0,696263.7999999999,696264.0,5500.0,0.0,55000.0,False
2019-01-13 15:36:00,672246.0,696263.7999999999,696264.0,0.0,24018.0,24018.0,False
2019-01-13 15:37:00,661032.0,696263.7999999999,696264.0,0.0,35232.0,35232.0,False
2019-01-13 15:38:00,659673.0,696263.7999999999,696264.0,0.0,36591.0,36591.0,False
2019-01-13 15:39:00,654239.0,696263.7999999999,696264.0,0.0,42025.0,42025.0,False
2019-01-13 15:40:00,687165.0,696263.7999999999,696264.0,0.0,9099.0,9099.0,False
2019-01-13 15:41:00,674724.0,696263.7999999999,696264.0,0.0,21540.0,21540.0,False
2019-01-13 15:42:00,695768.0,696263.7999999999,696264.0,0.0,496.0,496.0,False
2019-01-13 15:43:00,665641.0,696263.7999999999,696264.0,0.0,30623.0,30623.0,False
2019-01-13 15:44:00,669401.0,696263.7999999999,696264.0,0.0,26863.0,26863.0,False
2019-01-13 15:45:00,675442.0,696263.7999999999,696264.0,0.0,20822.0,20822.0,False
2019-01-13 15:46:00,684662.0,696263.7999999999,696264.0,0.0,11602.0,11602.0,False
2019-01-13 15:47:00,659798.0,696263.7999999999,696264.0,0.0,36466.0,36466.0,False
2019-01-13 15:48:00,666001.0,696263.7999999999,696264.0,0.0,30263.0,30263.0,False
2019-01-13 15:49:00,660719.0,696263.7999999999,696264.0,0.0,35545.0,35545.0,False
2019-01-13 15:50:00,691263.0,696263.7999999999,696264.0,0.0,5001.0,5001.0,False
2019-01-13 15:51:00,675282.0,696263.7999999999,696264.0,0.0,20982.0,20982.0,False
2019-01-13 15:52:00,669730.0,696263.7999999999,696264.0,0.0,26534.0,26534.0,False
2019-01-13 15:53:00,673436.0,696263.7999999999,696264.0,0.0,22828.0,22828.0,False
2019-01-13 15:54:00,660719.0,696263.7999999999,696264.0,0.0,35545.0,35545.0,False
2019-01-13 15:55:00,665361.0,696263.7999999999,696264.0,0.0,30903.0,30903.0,False
2019-01-13 15:56:00,659396.0,696263.7999999999,696264.0,0.0,36868.0,36868.0,False
2019-01-13 15:57:00,654640.0,696263.7999999999,696264.0,0.0,41624.0,41624.0,False
2019-01-13 15:58:00,656073.0,696263.7999999999,696264.0,0.0,40191.0,40191.0,False
2019-01-13 15:59:00,662221.0,696263.7999999999,696264.0,0.0,34043.0,34043.0,False
2019-01-13 16:00:00,774156.0,696263.7999999999,696264.0,77892.0,0.0,778920.0,False
2019-01-13 16:01:00,723548.0,696263.7999999999,696264.0,27284.0,0.0,272840.0,False
2019-01-13 16:02:00,722018.0,696263.7999999999,696264.0,25754.0,0.0,257540.0,False
2019-01-13 16:03:00,707953.0,696263.7999999999,696264.0,11689.0,0.0,116890.0,False
2019-01-13 16:04:00,689574.0,696263.7999999999,696264.0,0.0,6690.0,6690.0,False
2019-01-13 16:05:00,697368.0,696263.7999999999,696264.0,1104.0,0.0,11040.0,False
2019-01-13 16:06:00,748907.0,696263.7999999999,696264.0,52643.0,0.0,526430.0,False
2019-01-13 16:07:00,744555.0,696263.7999999999,696264.0,48291.0,0.0,482910.0,False
2019-01-13 16:08:00,732881.0,696263.7999999999,696264.0,36617.0,0.0,366170.0,False
2019-01-13 16:09:00,727114.0,696263.7999999999,696264.0,30850.0,0.0,308500.0,False
2019-01-13 16:10:00,766940.0,696263.7999999999,696264.0,70676.0,0.0,706760.0,False
2019-01-13 16:11:00,713251.0,696263.7999999999,696264.0,16987.0,0.0,169870.0,False
2019-01-13 16:12:00,691785.0,696263.7999999999,696264.0,0.0,4479.0,4479.0,False
2019-01-13 16:13:00,672490.0,696263.7999999999,696264.0,0.0,23774.0,23774.0,False
2019-01-13 16:14:00,672328.0,696263.7999999999,696264.0,0.0,23936.0,23936.0,False
2019-01-13 16:15:00,711958.0,696263.7999999999,696264.0,15694.0,0.0,156940.0,False
2019-01-13 16:16:00,688169.0,696263.7999999999,696264.0,0.0,8095.0,8095.0,False
2019-01-13 16:17:00,703030.0,696263.7999999999,696264.0,6766.0,0.0,67660.0,False
2019-01-13 16:18:00,680745.0,696263.7999999999,696264.0,0.0,15519.0,15519.0,False
2019-01-13 16:19:00,674399.0,696263.7999999999,696264.0,0.0,21865.0,21865.0,False
2019-01-13 16:20:00,700500.0,696263.7999999999,696264.0,4236.0,0.0,42360.0,False
2019-01-13 16:21:00,665555.0,696263.7999999999,696264.0,0.0,30709.0,30709.0,False
2019-01-13 16:22:00,658873.0,696263.7999999999,696264.0,0.0,37391.0,37391.0,False
2019-01-13 16:23:00,676192.0,696263.7999999999,696264.0,0.0,20072.0,20072.0,False
2019-01-13 16:24:00,665171.0,696263.7999999999,696264.0,0.0,31093.0,31093.0,False
2019-01-13 16:25:00,673802.0,696263.7999999999,696264.0,0.0,22462.0,22462.0,False
2019-01-13 16:26:00,678406.0,696263.7999999999,696264.0,0.0,17858.0,17858.0,False
2019-01-13 16:27:00,652283.0,696263.7999999999,696264.0,0.0,43981.0,43981.0,False
2019-01-13 16:28:00,658141.0,696263.7999999999,696264.0,0.0,38123.0,38123.0,False
2019-01-13 16:29:00,649292.0,696263.7999999999,696264.0,0.0,46972.0,46972.0,False
2019-01-13 16:30:00,717142.0,696263.7999999999,696264.0,20878.0,0.0,208780.0,False
2019-01-13 16:31:00,700782.0,696263.7999999999,696264.0,4518.0,0.0,45180.0,False
2019-01-13 16:32:00,682832.0,696263.7999999999,696264.0,0.0,13432.0,13432.0,False
2019-01-13 16:33:00,685378.0,696263.7999999999,696264.0,0.0,10886.0,10886.0,False
2019-01-13 16:34:00,668681.0,696263.7999999999,696264.0,0.0,27583.0,27583.0,False
2019-01-13 16:35:00,681835.0,696263.7999999999,696264.0,0.0,14429.0,14429.0,False
2019-01-13 16:36:00,650918.0,696263.7999999999,696264.0,0.0,45346.0,45346.0,False
2019-01-13 16:37:00,638477.0,696263.7999999999,696264.0,0.0,57787.0,57787.0,False
2019-01-13 16:38:00,656095.0,696263.7999999999,696264.0,0.0,40169.0,40169.0,False
2019-01-13 16:39:00,667420.0,696263.7999999999,696264.0,0.0,28844.0,28844.0,False
2019-01-13 16:40:00,686251.0,696263.7999999999,696264.0,0.0,10013.0,10013.0,False
2019-01-13 16:41:00,667463.0,696263.7999999999,696264.0,0.0,28801.0,28801.0,False
2019-01-13 16:42:00,660373.0,696263.7999999999,696264.0,0.0,35891.0,35891.0,False
2019-01-13 16:43:00,663879.0,696263.7999999999,696264.0,0.0,32385.0,32385.0,False
2019-01-13 16:44:00,668478.0,696263.7999999999,696264.0,0.0,27786.0,27786.0,False
2019-01-13 16:45:00,693219.0,696263.7999999999,696264.0,0.0,3045.0,3045.0,False
2019-01-13 16:46:00,688619.0,696263.7999999999,696264.0,0.0,7645.0,7645.0,False
2019-01-13 16:47:00,665934.0,696263.7999999999,696264.0,0.0,30330.0,30330.0,False
2019-01-13 16:48:00,653382.0,696263.7999999999,696264.0,0.0,42882.0,42882.0,False
2019-01-13 16:49:00,655001.0,696263.7999999999,696264.0,0.0,41263.0,41263.0,False
2019-01-13 16:50:00,675438.0,696263.7999999999,696264.0,0.0,20826.0,20826.0,False
2019-01-13 16:51:00,654609.0,696263.7999999999,696264.0,0.0,41655.0,41655.0,False
2019-01-13 16:52:00,650161.0,696263.7999999999,696264.0,0.0,46103.0,46103.0,False
2019-01-13 16:53:00,664103.0,696263.7999999999,696264.0,0.0,32161.0,32161.0,False
2019-01-13 16:54:00,675269.0,696263.7999999999,696264.0,0.0,20995.0,20995.0,False
2019-01-13 16:55:00,672146.0,696263.7999999999,696264.0,0.0,24118.0,24118.0,False
2019-01-13 16:56:00,656207.0,696263.7999999999,696264.0,0.0,40057.0,40057.0,False
2019-01-13 16:57:00,654471.0,696263.7999999999,696264.0,0.0,41793.0,41793.0,False
2019-01-13 16:58:00,659944.0,696263.7999999999,696264.0,0.0,36320.0,36320.0,False
2019-01-13 16:59:00,661193.0,696263.7999999999,696264.0,0.0,35071.0,35071.0,False
2019-01-13 17:00:00,758438.0,696263.7999999999,696264.0,62174.0,0.0,621740.0,False
2019-01-13 17:01:00,680898.0,696263.7999999999,696264.0,0.0,15366.0,15366.0,False
2019-01-13 17:02:00,678445.0,696263.7999999999,696264.0,0.0,17819.0,17819.0,False
2019-01-13 17:03:00,688860.0,696263.7999999999,696264.0,0.0,7404.0,7404.0,False
2019-01-13 17:04:00,675094.0,696263.7999999999,696264.0,0.0,21170.0,21170.0,False
2019-01-13 17:05:00,696015.0,696263.7999999999,696264.0,0.0,249.0,249.0,False
2019-01-13 17:06:00,769105.0,696263.7999999999,696264.0,72841.0,0.0,728410.0,False
2019-01-13 17:07:00,783213.0,696263.7999999999,696264.0,86949.0,0.0,869490.0,False
2019-01-13 17:08:00,751192.0,696263.7999999999,696264.0,54928.0,0.0,549280.0,False
2019-01-13 17:09:00,672210.0,696263.7999999999,696264.0,0.0,24054.0,24054.0,False
2019-01-13 17:10:00,693032.0,696263.7999999999,696264.0,0.0,3232.0,3232.0,False
2019-01-13 17:11:00,666831.0,696263.7999999999,696264.0,0.0,29433.0,29433.0,False
2019-01-13 17:12:00,666009.0,696263.7999999999,696264.0,0.0,30255.0,30255.0,False
2019-01-13 17:13:00,654956.0,696263.7999999999,696264.0,0.0,41308.0,41308.0,False
2019-01-13 17:14:00,646712.0,696263.7999999999,696264.0,0.0,49552.0,49552.0,False
2019-01-13 17:15:00,680846.0,696263.7999999999,696264.0,0.0,15418.0,15418.0,False
2019-01-13 17:16:00,668214.0,696263.7999999999,696264.0,0.0,28050.0,28050.0,False
2019-01-13 17:17:00,670412.0,696263.7999999999,696264.0,0.0,25852.0,25852.0,False
2019-01-13 17:18:00,680533.0,696263.7999999999,696264.0,0.0,15731.0,15731.0,False
2019-01-13 17:19:00,653421.0,696263.7999999999,696264.0,0.0,42843.0,42843.0,False
2019-01-13 17:20:00,688779.0,696263.7999999999,696264.0,0.0,7485.0,7485.0,False
2019-01-13 17:21:00,663071.0,696263.7999999999,696264.0,0.0,33193.0,33193.0,False
2019-01-13 17:22:00,637462.0,696263.7999999999,696264.0,0.0,58802.0,58802.0,False
2019-01-13 17:23:00,667585.0,696263.7999999999,696264.0,0.0,28679.0,28679.0,False
2019-01-13 17:24:00,656106.0,696263.7999999999,696264.0,0.0,40158.0,40158.0,False
2019-01-13 17:25:00,657542.0,696263.7999999999,696264.0,0.0,38722.0,38722.0,False
2019-01-13 17:26:00,668531.0,696263.7999999999,696264.0,0.0,27733.0,27733.0,False
2019-01-13 17:27:00,643634.0,696263.7999999999,696264.0,0.0,52630.0,52630.0,False
2019-01-13 17:28:00,655382.0,696263.7999999999,696264.0,0.0,40882.0,40882.0,False
2019-01-13 17:29:00,654596.0,696263.7999999999,696264.0,0.0,41668.0,41668.0,False
2019-01-13 17:30:00,723692.0,696263.7999999999,696264.0,27428.0,0.0,274280.0,False
2019-01-13 17:31:00,678852.0,696263.7999999999,696264.0,0.0,17412.0,17412.0,False
2019-01-13 17:32:00,670316.0,696263.7999999999,696264.0,0.0,25948.0,25948.0,False
2019-01-13 17:33:00,667607.0,696263.7999999999,696264.0,0.0,28657.0,28657.0,False
2019-01-13 17:34:00,653744.0,696263.7999999999,696264.0,0.0,42520.0,42520.0,False
2019-01-13 17:35:00,665028.0,696263.7999999999,696264.0,0.0,31236.0,31236.0,False
2019-01-13 17:36:00,656180.0,696263.7999999999,696264.0,0.0,40084.0,40084.0,False
2019-01-13 17:37:00,649793.0,696263.7999999999,696264.0,0.0,46471.0,46471.0,False
2019-01-13 17:38:00,662089.0,696263.7999999999,696264.0,0.0,34175.0,34175.0,False
2019-01-13 17:39:00,663837.0,696263.7999999999,696264.0,0.0,32427.0,32427.0,False
2019-01-13 17:40:00,700014.0,696263.7999999999,696264.0,3750.0,0.0,37500.0,False
2019-01-13 17:41:00,683230.0,696263.7999999999,696264.0,0.0,13034.0,13034.0,False
2019-01-13 17:42:00,678326.0,696263.7999999999,696264.0,0.0,17938.0,17938.0,False
2019-01-13 17:43:00,683992.0,696263.7999999999,696264.0,0.0,12272.0,12272.0,False
2019-01-13 17:44:00,682608.0,696263.7999999999,696264.0,0.0,13656.0,13656.0,False
2019-01-13 17:45:00,732398.0,696263.7999999999,696264.0,36134.0,0.0,361340.0,False
2019-01-13 17:46:00,725063.0,696263.7999999999,696264.0,28799.0,0.0,287990.0,False
2019-01-13 17:47:00,698976.0,696263.7999999999,696264.0,2712.0,0.0,27120.0,False
2019-01-13 17:48:00,666572.0,696263.7999999999,696264.0,0.0,29692.0,29692.0,False
2019-01-13 17:49:00,665814.0,696263.7999999999,696264.0,0.0,30450.0,30450.0,False
2019-01-13 17:50:00,705222.0,696263.7999999999,696264.0,8958.0,0.0,89580.0,False
2019-01-13 17:51:00,662497.0,696263.7999999999,696264.0,0.0,33767.0,33767.0,False
2019-01-13 17:52:00,649505.0,696263.7999999999,696264.0,0.0,46759.0,46759.0,False
2019-01-13 17:53:00,659406.0,696263.7999999999,696264.0,0.0,36858.0,36858.0,False
2019-01-13 17:54:00,652645.0,696263.7999999999,696264.0,0.0,43619.0,43619.0,False
2019-01-13 17:55:00,704683.0,696263.7999999999,696264.0,8419.0,0.0,84190.0,False
2019-01-13 17:56:00,722074.0,696263.7999999999,696264.0,25810.0,0.0,258100.0,False
2019-01-13 17:57:00,687441.0,696263.7999999999,696264.0,0.0,8823.0,8823.0,False
2019-01-13 17:58:00,684259.0,696263.7999999999,696264.0,0.0,12005.0,12005.0,False
2019-01-13 17:59:00,674139.0,696263.7999999999,696264.0,0.0,22125.0,22125.0,False
2019-01-13 18:00:00,765020.0,696263.7999999999,696264.0,68756.0,0.0,687560.0,False
2019-01-13 18:01:00,711871.0,696263.7999999999,696264.0,15607.0,0.0,156070.0,False
2019-01-13 18:02:00,704634.0,696263.7999999999,696264.0,8370.0,0.0,83700.0,False
2019-01-13 18:03:00,703953.0,696263.7999999999,696264.0,7689.0,0.0,76890.0,False
2019-01-13 18:04:00,698045.0,696263.7999999999,696264.0,1781.0,0.0,17810.0,False
2019-01-13 18:05:00,783279.0,696263.7999999999,696264.0,87015.0,0.0,870150.0,False
2019-01-13 18:06:00,866343.0,696263.7999999999,696264.0,170079.0,0.0,1700790.0,True
2019-01-13 18:07:00,802998.0,696263.7999999999,696264.0,106734.0,0.0,1067340.0,True
2019-01-13 18:08:00,683463.0,696263.7999999999,696264.0,0.0,12801.0,12801.0,False
2019-01-13 18:09:00,685750.0,696263.7999999999,696264.0,0.0,10514.0,10514.0,False
2019-01-13 18:10:00,708719.0,696263.7999999999,696264.0,12455.0,0.0,124550.0,False
2019-01-13 18:11:00,687585.0,696263.7999999999,696264.0,0.0,8679.0,8679.0,False
2019-01-13 18:12:00,681543.0,696263.7999999999,696264.0,0.0,14721.0,14721.0,False
2019-01-13 18:13:00,679819.0,696263.7999999999,696264.0,0.0,16445.0,16445.0,False
2019-01-13 18:14:00,676368.0,696263.7999999999,696264.0,0.0,19896.0,19896.0,False
2019-01-13 18:15:00,682968.0,696263.7999999999,696264.0,0.0,13296.0,13296.0,False
2019-01-13 18:16:00,669888.0,696263.7999999999,696264.0,0.0,26376.0,26376.0,False
2019-01-13 18:17:00,673814.0,696263.7999999999,696264.0,0.0,22450.0,22450.0,False
2019-01-13 18:18:00,669415.0,696263.7999999999,696264.0,0.0,26849.0,26849.0,False
2019-01-13 18:19:00,654622.0,696263.7999999999,696264.0,0.0,41642.0,41642.0,False
2019-01-13 18:20:00,687399.0,696263.7999999999,696264.0,0.0,8865.0,8865.0,False
2019-01-13 18:21:00,650990.0,696263.7999999999,696264.0,0.0,45274.0,45274.0,False
2019-01-13 18:22:00,650098.0,696263.7999999999,696264.0,0.0,46166.0,46166.0,False
2019-01-13 18:23:00,649261.0,696263.7999999999,696264.0,0.0,47003.0,47003.0,False
2019-01-13 18:24:00,641848.0,696263.7999999999,696264.0,0.0,54416.0,54416.0,False
2019-01-13 18:25:00,649331.0,696263.7999999999,696264.0,0.0,46933.0,46933.0,False
2019-01-13 18:26:00,658093.0,696263.7999999999,696264.0,0.0,38171.0,38171.0,False
2019-01-13 18:27:00,678305.0,696263.7999999999,696264.0,0.0,17959.0,17959.0,False
2019-01-13 18:28:00,682351.0,696263.7999999999,696264.0,0.0,13913.0,13913.0,False
2019-01-13 18:29:00,664525.0,696263.7999999999,696264.0,0.0,31739.0,31739.0,False
2019-01-13 18:30:00,716808.0,696263.7999999999,696264.0,20544.0,0.0,205440.0,False
2019-01-13 18:31:00,695392.0,696263.7999999999,696264.0,0.0,872.0,872.0,False
2019-01-13 18:32:00,673946.0,696263.7999999999,696264.0,0.0,22318.0,22318.0,False
2019-01-13 18:33:00,667668.0,696263.7999999999,696264.0,0.0,28596.0,28596.0,False
2019-01-13 18:34:00,658330.0,696263.7999999999,696264.0,0.0,37934.0,37934.0,False
2019-01-13 18:35:00,644924.0,696263.7999999999,696264.0,0.0,51340.0,51340.0,False
2019-01-13 18:36:00,659501.0,696263.7999999999,696264.0,0.0,36763.0,36763.0,False
2019-01-13 18:37:00,613804.0,696263.7999999999,696264.0,0.0,82460.0,82460.0,False
2019-01-13 18:38:00,647160.0,696263.7999999999,696264.0,0.0,49104.0,49104.0,False
2019-01-13 18:39:00,641339.0,696263.7999999999,696264.0,0.0,54925.0,54925.0,False
2019-01-13 18:40:00,678553.0,696263.7999999999,696264.0,0.0,17711.0,17711.0,False
2019-01-13 18:41:00,670394.0,696263.7999999999,696264.0,0.0,25870.0,25870.0,False
2019-01-13 18:42:00,653869.0,696263.7999999999,696264.0,0.0,42395.0,42395.0,False
2019-01-13 18:43:00,633408.0,696263.7999999999,696264.0,0.0,62856.0,62856.0,False
2019-01-13 18:44:00,669010.0,696263.7999999999,696264.0,0.0,27254.0,27254.0,False
2019-01-13 18:45:00,673665.0,696263.7999999999,696264.0,0.0,22599.0,22599.0,False
2019-01-13 18:46:00,671413.0,696263.7999999999,696264.0,0.0,24851.0,24851.0,False
2019-01-13 18:47:00,655035.0,696263.7999999999,696264.0,0.0,41229.0,41229.0,False
2019-01-13 18:48:00,669761.0,696263.7999999999,696264.0,0.0,26503.0,26503.0,False
2019-01-13 18:49:00,659695.0,696263.7999999999,696264.0,0.0,36569.0,36569.0,False
2019-01-13 18:50:00,667841.0,696263.7999999999,696264.0,0.0,28423.0,28423.0,False
2019-01-13 18:51:00,669240.0,696263.7999999999,696264.0,0.0,27024.0,27024.0,False
2019-01-13 18:52:00,657337.0,696263.7999999999,696264.0,0.0,38927.0,38927.0,False
2019-01-13 18:53:00,654750.0,696263.7999999999,696264.0,0.0,41514.0,41514.0,False
2019-01-13 18:54:00,670849.0,696263.7999999999,696264.0,0.0,25415.0,25415.0,False
2019-01-13 18:55:00,680219.0,696263.7999999999,696264.0,0.0,16045.0,16045.0,False
2019-01-13 18:56:00,657712.0,696263.7999999999,696264.0,0.0,38552.0,38552.0,False
2019-01-13 18:57:00,654332.0,696263.7999999999,696264.0,0.0,41932.0,41932.0,False
2019-01-13 18:58:00,649596.0,696263.7999999999,696264.0,0.0,46668.0,46668.0,False
2019-01-13 18:59:00,653071.0,696263.7999999999,696264.0,0.0,43193.0,43193.0,False
2019-01-13 19:00:00,737547.0,696263.7999999999,696264.0,41283.0,0.0,412830.0,False
2019-01-13 19:01:00,692288.0,696263.7999999999,696264.0,0.0,3976.0,3976.0,False
2019-01-13 19:02:00,672907.0,696263.7999999999,696264.0,0.0,23357.0,23357.0,False
2019-01-13 19:03:00,662109.0,696263.7999999999,696264.0,0.0,34155.0,34155.0,False
2019-01-13 19:04:00,646339.0,696263.7999999999,696264.0,0.0,49925.0,49925.0,False
2019-01-13 19:05:00,657290.0,696263.7999999999,696264.0,0.0,38974.0,38974.0,False
2019-01-13 19:06:00,715375.0,696263.7999999999,696264.0,19111.0,0.0,191110.0,False
2019-01-13 19:07:00,748863.0,696263.7999999999,696264.0,52599.0,0.0,525990.0,False
2019-01-13 19:08:00,725887.0,696263.7999999999,696264.0,29623.0,0.0,296230.0,False
2019-01-13 19:09:00,742040.0,696263.7999999999,696264.0,45776.0,0.0,457760.0,False
2019-01-13 19:10:00,754996.0,696263.7999999999,696264.0,58732.0,0.0,587320.0,False
2019-01-13 19:11:00,686329.0,696263.7999999999,696264.0,0.0,9935.0,9935.0,False
2019-01-13 19:12:00,662331.0,696263.7999999999,696264.0,0.0,33933.0,33933.0,False
2019-01-13 19:13:00,651222.0,696263.7999999999,696264.0,0.0,45042.0,45042.0,False
2019-01-13 19:14:00,634685.0,696263.7999999999,696264.0,0.0,61579.0,61579.0,False
2019-01-13 19:15:00,693681.0,696263.7999999999,696264.0,0.0,2583.0,2583.0,False
2019-01-13 19:16:00,682975.0,696263.7999999999,696264.0,0.0,13289.0,13289.0,False
2019-01-13 19:17:00,666129.0,696263.7999999999,696264.0,0.0,30135.0,30135.0,False
2019-01-13 19:18:00,664930.0,696263.7999999999,696264.0,0.0,31334.0,31334.0,False
2019-01-13 19:19:00,649035.0,696263.7999999999,696264.0,0.0,47229.0,47229.0,False
2019-01-13 19:20:00,650848.0,696263.7999999999,696264.0,0.0,45416.0,45416.0,False
2019-01-13 19:21:00,671670.0,696263.7999999999,696264.0,0.0,24594.0,24594.0,False
2019-01-13 19:22:00,650611.0,696263.7999999999,696264.0,0.0,45653.0,45653.0,False
2019-01-13 19:23:00,659469.0,696263.7999999999,696264.0,0.0,36795.0,36795.0,False
2019-01-13 19:24:00,663033.0,696263.7999999999,696264.0,0.0,33231.0,33231.0,False
2019-01-13 19:25:00,658632.0,696263.7999999999,696264.0,0.0,37632.0,37632.0,False
2019-01-13 19:26:00,655844.0,696263.7999999999,696264.0,0.0,40420.0,40420.0,False
2019-01-13 19:27:00,598715.0,696263.7999999999,696264.0,0.0,97549.0,97549.0,False
2019-01-13 19:28:00,630036.0,696263.7999999999,696264.0,0.0,66228.0,66228.0,False
2019-01-13 19:29:00,613309.0,696263.7999999999,696264.0,0.0,82955.0,82955.0,False
2019-01-13 19:30:00,697594.0,696263.7999999999,696264.0,1330.0,0.0,13300.0,False
2019-01-13 19:31:00,651854.0,696263.7999999999,696264.0,0.0,44410.0,44410.0,False
2019-01-13 19:32:00,644379.0,696263.7999999999,696264.0,0.0,51885.0,51885.0,False
2019-01-13 19:33:00,656199.0,696263.7999999999,696264.0,0.0,40065.0,40065.0,False
2019-01-13 19:34:00,623660.0,696263.7999999999,696264.0,0.0,72604.0,72604.0,False
2019-01-13 19:35:00,643664.0,696263.7999999999,696264.0,0.0,52600.0,52600.0,False
2019-01-13 19:36:00,644634.0,696263.7999999999,696264.0,0.0,51630.0,51630.0,False
2019-01-13 19:37:00,648377.0,696263.7999999999,696264.0,0.0,47887.0,47887.0,False
2019-01-13 19:38:00,618717.0,696263.7999999999,696264.0,0.0,77547.0,77547.0,False
2019-01-13 19:39:00,588714.0,696263.7999999999,696264.0,0.0,107550.0,107550.0,False
2019-01-13 19:40:00,664109.0,696263.7999999999,696264.0,0.0,32155.0,32155.0,False
2019-01-13 19:41:00,627675.0,696263.7999999999,696264.0,0.0,68589.0,68589.0,False
2019-01-13 19:42:00,618946.0,696263.7999999999,696264.0,0.0,77318.0,77318.0,False
2019-01-13 19:43:00,629964.0,696263.7999999999,696264.0,0.0,66300.0,66300.0,False
2019-01-13 19:44:00,635024.0,696263.7999999999,696264.0,0.0,61240.0,61240.0,False
2019-01-13 19:45:00,658801.0,696263.7999999999,696264.0,0.0,37463.0,37463.0,False
2019-01-13 19:46:00,655552.0,696263.7999999999,696264.0,0.0,40712.0,40712.0,False
2019-01-13 19:47:00,642831.0,696263.7999999999,696264.0,0.0,53433.0,53433.0,False
2019-01-13 19:48:00,656379.0,696263.7999999999,696264.0,0.0,39885.0,39885.0,False
2019-01-13 19:49:00,643279.0,696263.7999999999,696264.0,0.0,52985.0,52985.0,False
2019-01-13 19:50:00,664587.0,696263.7999999999,696264.0,0.0,31677.0,31677.0,False
2019-01-13 19:51:00,634941.0,696263.7999999999,696264.0,0.0,61323.0,61323.0,False
2019-01-13 19:52:00,635903.0,696263.7999999999,696264.0,0.0,60361.0,60361.0,False
2019-01-13 19:53:00,652301.0,696263.7999999999,696264.0,0.0,43963.0,43963.0,False
2019-01-13 19:54:00,645761.0,696263.7999999999,696264.0,0.0,50503.0,50503.0,False
2019-01-13 19:55:00,650785.0,696263.7999999999,696264.0,0.0,45479.0,45479.0,False
2019-01-13 19:56:00,647856.0,696263.7999999999,696264.0,0.0,48408.0,48408.0,False
2019-01-13 19:57:00,636830.0,696263.7999999999,696264.0,0.0,59434.0,59434.0,False
2019-01-13 19:58:00,640287.0,696263.7999999999,696264.0,0.0,55977.0,55977.0,False
2019-01-13 19:59:00,631436.0,696263.7999999999,696264.0,0.0,64828.0,64828.0,False
2019-01-13 20:00:00,741208.0,696263.7999999999,696264.0,44944.0,0.0,449440.0,False
2019-01-13 20:01:00,700018.0,696263.7999999999,696264.0,3754.0,0.0,37540.0,False
2019-01-13 20:02:00,662709.0,696263.7999999999,696264.0,0.0,33555.0,33555.0,False
2019-01-13 20:03:00,648015.0,696263.7999999999,696264.0,0.0,48249.0,48249.0,False
2019-01-13 20:04:00,634257.0,696263.7999999999,696264.0,0.0,62007.0,62007.0,False
2019-01-13 20:05:00,668320.0,696263.7999999999,696264.0,0.0,27944.0,27944.0,False
2019-01-13 20:06:00,670615.0,696263.7999999999,696264.0,0.0,25649.0,25649.0,False
2019-01-13 20:07:00,686541.0,696263.7999999999,696264.0,0.0,9723.0,9723.0,False
2019-01-13 20:08:00,661189.0,696263.7999999999,696264.0,0.0,35075.0,35075.0,False
2019-01-13 20:09:00,676073.0,696263.7999999999,696264.0,0.0,20191.0,20191.0,False
2019-01-13 20:10:00,769906.0,696263.7999999999,696264.0,73642.0,0.0,736420.0,False
2019-01-13 20:11:00,689199.0,696263.7999999999,696264.0,0.0,7065.0,7065.0,False
2019-01-13 20:12:00,620724.0,696263.7999999999,696264.0,0.0,75540.0,75540.0,False
2019-01-13 20:13:00,603863.0,696263.7999999999,696264.0,0.0,92401.0,92401.0,False
2019-01-13 20:14:00,613797.0,696263.7999999999,696264.0,0.0,82467.0,82467.0,False
2019-01-13 20:15:00,608362.0,696263.7999999999,696264.0,0.0,87902.0,87902.0,False
2019-01-13 20:16:00,630135.0,696263.7999999999,696264.0,0.0,66129.0,66129.0,False
2019-01-13 20:17:00,614967.0,696263.7999999999,696264.0,0.0,81297.0,81297.0,False
2019-01-13 20:18:00,620477.0,696263.7999999999,696264.0,0.0,75787.0,75787.0,False
2019-01-13 20:19:00,621247.0,696263.7999999999,696264.0,0.0,75017.0,75017.0,False
2019-01-13 20:20:00,625652.0,696263.7999999999,696264.0,0.0,70612.0,70612.0,False
2019-01-13 20:21:00,601415.0,696263.7999999999,696264.0,0.0,94849.0,94849.0,False
2019-01-13 20:22:00,580410.0,696263.7999999999,696264.0,0.0,115854.0,115854.0,False
2019-01-13 20:23:00,612614.0,696263.7999999999,696264.0,0.0,83650.0,83650.0,False
2019-01-13 20:24:00,602401.0,696263.7999999999,696264.0,0.0,93863.0,93863.0,False
2019-01-13 20:25:00,627879.0,696263.7999999999,696264.0,0.0,68385.0,68385.0,False
2019-01-13 20:26:00,611009.0,696263.7999999999,696264.0,0.0,85255.0,85255.0,False
2019-01-13 20:27:00,603485.0,696263.7999999999,696264.0,0.0,92779.0,92779.0,False
2019-01-13 20:28:00,609089.0,696263.7999999999,696264.0,0.0,87175.0,87175.0,False
2019-01-13 20:29:00,620591.0,696263.7999999999,696264.0,0.0,75673.0,75673.0,False
2019-01-13 20:30:00,692500.0,696263.7999999999,696264.0,0.0,3764.0,3764.0,False
2019-01-13 20:31:00,661328.0,696263.7999999999,696264.0,0.0,34936.0,34936.0,False
2019-01-13 20:32:00,658194.0,696263.7999999999,696264.0,0.0,38070.0,38070.0,False
2019-01-13 20:33:00,631354.0,696263.7999999999,696264.0,0.0,64910.0,64910.0,False
2019-01-13 20:34:00,615976.0,696263.7999999999,696264.0,0.0,80288.0,80288.0,False
2019-01-13 20:35:00,618509.0,696263.7999999999,696264.0,0.0,77755.0,77755.0,False
2019-01-13 20:36:00,616422.0,696263.7999999999,696264.0,0.0,79842.0,79842.0,False
2019-01-13 20:37:00,595515.0,696263.7999999999,696264.0,0.0,100749.0,100749.0,False
2019-01-13 20:38:00,604345.0,696263.7999999999,696264.0,0.0,91919.0,91919.0,False
2019-01-13 20:39:00,599022.0,696263.7999999999,696264.0,0.0,97242.0,97242.0,False
2019-01-13 20:40:00,643067.0,696263.7999999999,696264.0,0.0,53197.0,53197.0,False
2019-01-13 20:41:00,628528.0,696263.7999999999,696264.0,0.0,67736.0,67736.0,False
2019-01-13 20:42:00,602778.0,696263.7999999999,696264.0,0.0,93486.0,93486.0,False
2019-01-13 20:43:00,602556.0,696263.7999999999,696264.0,0.0,93708.0,93708.0,False
2019-01-13 20:44:00,620724.0,696263.7999999999,696264.0,0.0,75540.0,75540.0,False
2019-01-13 20:45:00,633448.0,696263.7999999999,696264.0,0.0,62816.0,62816.0,False
2019-01-13 20:46:00,629715.0,696263.7999999999,696264.0,0.0,66549.0,66549.0,False
2019-01-13 20:47:00,621728.0,696263.7999999999,696264.0,0.0,74536.0,74536.0,False
2019-01-13 20:48:00,614479.0,696263.7999999999,696264.0,0.0,81785.0,81785.0,False
2019-01-13 20:49:00,629063.0,696263.7999999999,696264.0,0.0,67201.0,67201.0,False
2019-01-13 20:50:00,632722.0,696263.7999999999,696264.0,0.0,63542.0,63542.0,False
2019-01-13 20:51:00,627144.0,696263.7999999999,696264.0,0.0,69120.0,69120.0,False
2019-01-13 20:52:00,620880.0,696263.7999999999,696264.0,0.0,75384.0,75384.0,False
2019-01-13 20:53:00,610313.0,696263.7999999999,696264.0,0.0,85951.0,85951.0,False
2019-01-13 20:54:00,590847.0,696263.7999999999,696264.0,0.0,105417.0,105417.0,False
2019-01-13 20:55:00,616722.0,696263.7999999999,696264.0,0.0,79542.0,79542.0,False
2019-01-13 20:56:00,597337.0,696263.7999999999,696264.0,0.0,98927.0,98927.0,False
2019-01-13 20:57:00,614245.0,696263.7999999999,696264.0,0.0,82019.0,82019.0,False
2019-01-13 20:58:00,610850.0,696263.7999999999,696264.0,0.0,85414.0,85414.0,False
2019-01-13 20:59:00,603803.0,696263.7999999999,696264.0,0.0,92461.0,92461.0,False
2019-01-13 21:00:00,709711.0,696263.7999999999,696264.0,13447.0,0.0,134470.0,False
2019-01-13 21:01:00,658287.0,696263.7999999999,696264.0,0.0,37977.0,37977.0,False
2019-01-13 21:02:00,640497.0,696263.7999999999,696264.0,0.0,55767.0,55767.0,False
2019-01-13 21:03:00,642007.0,696263.7999999999,696264.0,0.0,54257.0,54257.0,False
2019-01-13 21:04:00,642490.0,696263.7999999999,696264.0,0.0,53774.0,53774.0,False
2019-01-13 21:05:00,700347.0,696263.7999999999,696264.0,4083.0,0.0,40830.0,False
2019-01-13 21:06:00,710159.0,696263.7999999999,696264.0,13895.0,0.0,138950.0,False
2019-01-13 21:07:00,655037.0,696263.7999999999,696264.0,0.0,41227.0,41227.0,False
2019-01-13 21:08:00,699616.0,696263.7999999999,696264.0,3352.0,0.0,33520.0,False
2019-01-13 21:09:00,700580.0,696263.7999999999,696264.0,4316.0,0.0,43160.0,False
2019-01-13 21:10:00,659991.0,696263.7999999999,696264.0,0.0,36273.0,36273.0,False
2019-01-13 21:11:00,631925.0,696263.7999999999,696264.0,0.0,64339.0,64339.0,False
2019-01-13 21:12:00,631648.0,696263.7999999999,696264.0,0.0,64616.0,64616.0,False
2019-01-13 21:13:00,629153.0,696263.7999999999,696264.0,0.0,67111.0,67111.0,False
2019-01-13 21:14:00,621324.0,696263.7999999999,696264.0,0.0,74940.0,74940.0,False
2019-01-13 21:15:00,634827.0,696263.7999999999,696264.0,0.0,61437.0,61437.0,False
2019-01-13 21:16:00,631032.0,696263.7999999999,696264.0,0.0,65232.0,65232.0,False
2019-01-13 21:17:00,615337.0,696263.7999999999,696264.0,0.0,80927.0,80927.0,False
2019-01-13 21:18:00,618683.0,696263.7999999999,696264.0,0.0,77581.0,77581.0,False
2019-01-13 21:19:00,610498.0,696263.7999999999,696264.0,0.0,85766.0,85766.0,False
2019-01-13 21:20:00,632714.0,696263.7999999999,696264.0,0.0,63550.0,63550.0,False
2019-01-13 21:21:00,628896.0,696263.7999999999,696264.0,0.0,67368.0,67368.0,False
2019-01-13 21:22:00,618943.0,696263.7999999999,696264.0,0.0,77321.0,77321.0,False
2019-01-13 21:23:00,605840.0,696263.7999999999,696264.0,0.0,90424.0,90424.0,False
2019-01-13 21:24:00,592789.0,696263.7999999999,696264.0,0.0,103475.0,103475.0,False
2019-01-13 21:25:00,611354.0,696263.7999999999,696264.0,0.0,84910.0,84910.0,False
2019-01-13 21:26:00,620573.0,696263.7999999999,696264.0,0.0,75691.0,75691.0,False
2019-01-13 21:27:00,595761.0,696263.7999999999,696264.0,0.0,100503.0,100503.0,False
2019-01-13 21:28:00,602407.0,696263.7999999999,696264.0,0.0,93857.0,93857.0,False
2019-01-13 21:29:00,612879.0,696263.7999999999,696264.0,0.0,83385.0,83385.0,False
2019-01-13 21:30:00,686466.0,696263.7999999999,696264.0,0.0,9798.0,9798.0,False
2019-01-13 21:31:00,638875.0,696263.7999999999,696264.0,0.0,57389.0,57389.0,False
2019-01-13 21:32:00,619480.0,696263.7999999999,696264.0,0.0,76784.0,76784.0,False
2019-01-13 21:33:00,620979.0,696263.7999999999,696264.0,0.0,75285.0,75285.0,False
2019-01-13 21:34:00,614180.0,696263.7999999999,696264.0,0.0,82084.0,82084.0,False
2019-01-13 21:35:00,624940.0,696263.7999999999,696264.0,0.0,71324.0,71324.0,False
2019-01-13 21:36:00,607025.0,696263.7999999999,696264.0,0.0,89239.0,89239.0,False
2019-01-13 21:37:00,602548.0,696263.7999999999,696264.0,0.0,93716.0,93716.0,False
2019-01-13 21:38:00,600057.0,696263.7999999999,696264.0,0.0,96207.0,96207.0,False
2019-01-13 21:39:00,600735.0,696263.7999999999,696264.0,0.0,95529.0,95529.0,False
2019-01-13 21:40:00,629003.0,696263.7999999999,696264.0,0.0,67261.0,67261.0,False
2019-01-13 21:41:00,597366.0,696263.7999999999,696264.0,0.0,98898.0,98898.0,False
2019-01-13 21:42:00,586638.0,696263.7999999999,696264.0,0.0,109626.0,109626.0,False
2019-01-13 21:43:00,597548.0,696263.7999999999,696264.0,0.0,98716.0,98716.0,False
2019-01-13 21:44:00,591392.0,696263.7999999999,696264.0,0.0,104872.0,104872.0,False
2019-01-13 21:45:00,616686.0,696263.7999999999,696264.0,0.0,79578.0,79578.0,False
2019-01-13 21:46:00,617126.0,696263.7999999999,696264.0,0.0,79138.0,79138.0,False
2019-01-13 21:47:00,614583.0,696263.7999999999,696264.0,0.0,81681.0,81681.0,False
2019-01-13 21:48:00,615803.0,696263.7999999999,696264.0,0.0,80461.0,80461.0,False
2019-01-13 21:49:00,598294.0,696263.7999999999,696264.0,0.0,97970.0,97970.0,False
2019-01-13 21:50:00,610746.0,696263.7999999999,696264.0,0.0,85518.0,85518.0,False
2019-01-13 21:51:00,580855.0,696263.7999999999,696264.0,0.0,115409.0,115409.0,False
2019-01-13 21:52:00,600161.0,696263.7999999999,696264.0,0.0,96103.0,96103.0,False
2019-01-13 21:53:00,599731.0,696263.7999999999,696264.0,0.0,96533.0,96533.0,False
2019-01-13 21:54:00,586242.0,696263.7999999999,696264.0,0.0,110022.0,110022.0,False
2019-01-13 21:55:00,600113.0,696263.7999999999,696264.0,0.0,96151.0,96151.0,False
2019-01-13 21:56:00,583827.0,696263.7999999999,696264.0,0.0,112437.0,112437.0,False
2019-01-13 21:57:00,591070.0,696263.7999999999,696264.0,0.0,105194.0,105194.0,False
2019-01-13 21:58:00,581574.0,696263.7999999999,696264.0,0.0,114690.0,114690.0,False
2019-01-13 21:59:00,584553.0,696263.7999999999,696264.0,0.0,111711.0,111711.0,False
2019-01-13 22:00:00,687700.0,696263.7999999999,696264.0,0.0,8564.0,8564.0,False
2019-01-13 22:01:00,656653.0,696263.7999999999,696264.0,0.0,39611.0,39611.0,False
2019-01-13 22:02:00,638012.0,696263.7999999999,696264.0,0.0,58252.0,58252.0,False
2019-01-13 22:03:00,646609.0,696263.7999999999,696264.0,0.0,49655.0,49655.0,False
2019-01-13 22:04:00,631890.0,696263.7999999999,696264.0,0.0,64374.0,64374.0,False
2019-01-13 22:05:00,640097.0,696263.7999999999,696264.0,0.0,56167.0,56167.0,False
2019-01-13 22:06:00,643927.0,696263.7999999999,696264.0,0.0,52337.0,52337.0,False
2019-01-13 22:07:00,685545.0,696263.7999999999,696264.0,0.0,10719.0,10719.0,False
2019-01-13 22:08:00,692018.0,696263.7999999999,696264.0,0.0,4246.0,4246.0,False
2019-01-13 22:09:00,705156.0,696263.7999999999,696264.0,8892.0,0.0,88920.0,False
2019-01-13 22:10:00,686223.0,696263.7999999999,696264.0,0.0,10041.0,10041.0,False
2019-01-13 22:11:00,646201.0,696263.7999999999,696264.0,0.0,50063.0,50063.0,False
2019-01-13 22:12:00,609603.0,696263.7999999999,696264.0,0.0,86661.0,86661.0,False
2019-01-13 22:13:00,604766.0,696263.7999999999,696264.0,0.0,91498.0,91498.0,False
2019-01-13 22:14:00,594416.0,696263.7999999999,696264.0,0.0,101848.0,101848.0,False
2019-01-13 22:15:00,621235.0,696263.7999999999,696264.0,0.0,75029.0,75029.0,False
2019-01-13 22:16:00,620688.0,696263.7999999999,696264.0,0.0,75576.0,75576.0,False
2019-01-13 22:17:00,603620.0,696263.7999999999,696264.0,0.0,92644.0,92644.0,False
2019-01-13 22:18:00,595076.0,696263.7999999999,696264.0,0.0,101188.0,101188.0,False
2019-01-13 22:19:00,599093.0,696263.7999999999,696264.0,0.0,97171.0,97171.0,False
2019-01-13 22:20:00,628357.0,696263.7999999999,696264.0,0.0,67907.0,67907.0,False
2019-01-13 22:21:00,615706.0,696263.7999999999,696264.0,0.0,80558.0,80558.0,False
2019-01-13 22:22:00,595043.0,696263.7999999999,696264.0,0.0,101221.0,101221.0,False
2019-01-13 22:23:00,584889.0,696263.7999999999,696264.0,0.0,111375.0,111375.0,False
2019-01-13 22:24:00,602746.0,696263.7999999999,696264.0,0.0,93518.0,93518.0,False
2019-01-13 22:25:00,604465.0,696263.7999999999,696264.0,0.0,91799.0,91799.0,False
2019-01-13 22:26:00,604272.0,696263.7999999999,696264.0,0.0,91992.0,91992.0,False
2019-01-13 22:27:00,600918.0,696263.7999999999,696264.0,0.0,95346.0,95346.0,False
2019-01-13 22:28:00,598259.0,696263.7999999999,696264.0,0.0,98005.0,98005.0,False
2019-01-13 22:29:00,590528.0,696263.7999999999,696264.0,0.0,105736.0,105736.0,False
2019-01-13 22:30:00,671020.0,696263.7999999999,696264.0,0.0,25244.0,25244.0,False
2019-01-13 22:31:00,621894.0,696263.7999999999,696264.0,0.0,74370.0,74370.0,False
2019-01-13 22:32:00,609808.0,696263.7999999999,696264.0,0.0,86456.0,86456.0,False
2019-01-13 22:33:00,616165.0,696263.7999999999,696264.0,0.0,80099.0,80099.0,False
2019-01-13 22:34:00,595543.0,696263.7999999999,696264.0,0.0,100721.0,100721.0,False
2019-01-13 22:35:00,600690.0,696263.7999999999,696264.0,0.0,95574.0,95574.0,False
2019-01-13 22:36:00,618716.0,696263.7999999999,696264.0,0.0,77548.0,77548.0,False
2019-01-13 22:37:00,604539.0,696263.7999999999,696264.0,0.0,91725.0,91725.0,False
2019-01-13 22:38:00,591946.0,696263.7999999999,696264.0,0.0,104318.0,104318.0,False
2019-01-13 22:39:00,589484.0,696263.7999999999,696264.0,0.0,106780.0,106780.0,False
2019-01-13 22:40:00,626425.0,696263.7999999999,696264.0,0.0,69839.0,69839.0,False
2019-01-13 22:41:00,594423.0,696263.7999999999,696264.0,0.0,101841.0,101841.0,False
2019-01-13 22:42:00,593449.0,696263.7999999999,696264.0,0.0,102815.0,102815.0,False
2019-01-13 22:43:00,595221.0,696263.7999999999,696264.0,0.0,101043.0,101043.0,False
2019-01-13 22:44:00,581324.0,696263.7999999999,696264.0,0.0,114940.0,114940.0,False
2019-01-13 22:45:00,612038.0,696263.7999999999,696264.0,0.0,84226.0,84226.0,False
2019-01-13 22:46:00,634439.0,696263.7999999999,696264.0,0.0,61825.0,61825.0,False
2019-01-13 22:47:00,612552.0,696263.7999999999,696264.0,0.0,83712.0,83712.0,False
2019-01-13 22:48:00,608745.0,696263.7999999999,696264.0,0.0,87519.0,87519.0,False
2019-01-13 22:49:00,599187.0,696263.7999999999,696264.0,0.0,97077.0,97077.0,False
2019-01-13 22:50:00,629791.0,696263.7999999999,696264.0,0.0,66473.0,66473.0,False
2019-01-13 22:51:00,608112.0,696263.7999999999,696264.0,0.0,88152.0,88152.0,False
2019-01-13 22:52:00,588502.0,696263.7999999999,696264.0,0.0,107762.0,107762.0,False
2019-01-13 22:53:00,591968.0,696263.7999999999,696264.0,0.0,104296.0,104296.0,False
2019-01-13 22:54:00,593665.0,696263.7999999999,696264.0,0.0,102599.0,102599.0,False
2019-01-13 22:55:00,597600.0,696263.7999999999,696264.0,0.0,98664.0,98664.0,False
2019-01-13 22:56:00,589237.0,696263.7999999999,696264.0,0.0,107027.0,107027.0,False
2019-01-13 22:57:00,585298.0,696263.7999999999,696264.0,0.0,110966.0,110966.0,False
2019-01-13 22:58:00,606630.0,696263.7999999999,696264.0,0.0,89634.0,89634.0,False
2019-01-13 22:59:00,589822.0,696263.7999999999,696264.0,0.0,106442.0,106442.0,False
2019-01-13 23:00:00,703777.0,696263.7999999999,696264.0,7513.0,0.0,75130.0,False
2019-01-13 23:01:00,647071.0,696263.7999999999,696264.0,0.0,49193.0,49193.0,False
2019-01-13 23:02:00,635905.0,696263.7999999999,696264.0,0.0,60359.0,60359.0,False
2019-01-13 23:03:00,620118.0,696263.7999999999,696264.0,0.0,76146.0,76146.0,False
2019-01-13 23:04:00,608038.0,696263.7999999999,696264.0,0.0,88226.0,88226.0,False
2019-01-13 23:05:00,614425.0,696263.7999999999,696264.0,0.0,81839.0,81839.0,False
2019-01-13 23:06:00,613815.0,696263.7999999999,696264.0,0.0,82449.0,82449.0,False
2019-01-13 23:07:00,669309.0,696263.7999999999,696264.0,0.0,26955.0,26955.0,False
2019-01-13 23:08:00,659348.0,696263.7999999999,696264.0,0.0,36916.0,36916.0,False
2019-01-13 23:09:00,662596.0,696263.7999999999,696264.0,0.0,33668.0,33668.0,False
2019-01-13 23:10:00,686017.0,696263.7999999999,696264.0,0.0,10247.0,10247.0,False
2019-01-13 23:11:00,644829.0,696263.7999999999,696264.0,0.0,51435.0,51435.0,False
2019-01-13 23:12:00,624998.0,696263.7999999999,696264.0,0.0,71266.0,71266.0,False
2019-01-13 23:13:00,618167.0,696263.7999999999,696264.0,0.0,78097.0,78097.0,False
2019-01-13 23:14:00,599244.0,696263.7999999999,696264.0,0.0,97020.0,97020.0,False
2019-01-13 23:15:00,626728.0,696263.7999999999,696264.0,0.0,69536.0,69536.0,False
2019-01-13 23:16:00,606231.0,696263.7999999999,696264.0,0.0,90033.0,90033.0,False
2019-01-13 23:17:00,608134.0,696263.7999999999,696264.0,0.0,88130.0,88130.0,False
2019-01-13 23:18:00,612232.0,696263.7999999999,696264.0,0.0,84032.0,84032.0,False
2019-01-13 23:19:00,589391.0,696263.7999999999,696264.0,0.0,106873.0,106873.0,False
2019-01-13 23:20:00,644545.0,696263.7999999999,696264.0,0.0,51719.0,51719.0,False
2019-01-13 23:21:00,636841.0,696263.7999999999,696264.0,0.0,59423.0,59423.0,False
2019-01-13 23:22:00,611602.0,696263.7999999999,696264.0,0.0,84662.0,84662.0,False
2019-01-13 23:23:00,593237.0,696263.7999999999,696264.0,0.0,103027.0,103027.0,False
2019-01-13 23:24:00,608121.0,696263.7999999999,696264.0,0.0,88143.0,88143.0,False
2019-01-13 23:25:00,604425.0,696263.7999999999,696264.0,0.0,91839.0,91839.0,False
2019-01-13 23:26:00,593230.0,696263.7999999999,696264.0,0.0,103034.0,103034.0,False
2019-01-13 23:27:00,602130.0,696263.7999999999,696264.0,0.0,94134.0,94134.0,False
2019-01-13 23:28:00,605886.0,696263.7999999999,696264.0,0.0,90378.0,90378.0,False
2019-01-13 23:29:00,621249.0,696263.7999999999,696264.0,0.0,75015.0,75015.0,False
2019-01-13 23:30:00,680201.0,696263.7999999999,696264.0,0.0,16063.0,16063.0,False
2019-01-13 23:31:00,630802.0,696263.7999999999,696264.0,0.0,65462.0,65462.0,False
2019-01-13 23:32:00,615899.0,696263.7999999999,696264.0,0.0,80365.0,80365.0,False
2019-01-13 23:33:00,620871.0,696263.7999999999,696264.0,0.0,75393.0,75393.0,False
2019-01-13 23:34:00,598207.0,696263.7999999999,696264.0,0.0,98057.0,98057.0,False
2019-01-13 23:35:00,610651.0,696263.7999999999,696264.0,0.0,85613.0,85613.0,False
2019-01-13 23:36:00,600688.0,696263.7999999999,696264.0,0.0,95576.0,95576.0,False
2019-01-13 23:37:00,604343.0,696263.7999999999,696264.0,0.0,91921.0,91921.0,False
2019-01-13 23:38:00,600874.0,696263.7999999999,696264.0,0.0,95390.0,95390.0,False
2019-01-13 23:39:00,573240.0,696263.7999999999,696264.0,0.0,123024.0,123024.0,False
2019-01-13 23:40:00,621477.0,696263.7999999999,696264.0,0.0,74787.0,74787.0,False
2019-01-13 23:41:00,602338.0,696263.7999999999,696264.0,0.0,93926.0,93926.0,False
2019-01-13 23:42:00,590068.0,696263.7999999999,696264.0,0.0,106196.0,106196.0,False
2019-01-13 23:43:00,596692.0,696263.7999999999,696264.0,0.0,99572.0,99572.0,False
2019-01-13 23:44:00,600927.0,696263.7999999999,696264.0,0.0,95337.0,95337.0,False
2019-01-13 23:45:00,653071.0,696263.7999999999,696264.0,0.0,43193.0,43193.0,False
2019-01-13 23:46:00,621614.0,696263.7999999999,696264.0,0.0,74650.0,74650.0,False
2019-01-13 23:47:00,606799.0,696263.7999999999,696264.0,0.0,89465.0,89465.0,False
2019-01-13 23:48:00,598873.0,696263.7999999999,696264.0,0.0,97391.0,97391.0,False
2019-01-13 23:49:00,591034.0,696263.7999999999,696264.0,0.0,105230.0,105230.0,False
2019-01-13 23:50:00,618909.0,696263.7999999999,696264.0,0.0,77355.0,77355.0,False
2019-01-13 23:51:00,592778.0,696263.7999999999,696264.0,0.0,103486.0,103486.0,False
2019-01-13 23:52:00,583822.0,696263.7999999999,696264.0,0.0,112442.0,112442.0,False
2019-01-13 23:53:00,572881.0,696263.7999999999,696264.0,0.0,123383.0,123383.0,False
2019-01-13 23:54:00,579033.0,696263.7999999999,696264.0,0.0,117231.0,117231.0,False
2019-01-13 23:55:00,601101.0,696263.7999999999,696264.0,0.0,95163.0,95163.0,False
2019-01-13 23:56:00,605542.0,696263.7999999999,696264.0,0.0,90722.0,90722.0,False
2019-01-13 23:57:00,578247.0,696263.7999999999,696264.0,0.0,118017.0,118017.0,False
2019-01-13 23:58:00,593032.0,696263.7999999999,696264.0,0.0,103232.0,103232.0,False
2019-01-13 23:59:00,582241.0,696263.7999999999,696264.0,0.0,114023.0,114023.0,False
2019-01-14 00:00:00,724008.0,696263.7999999999,696264.0,27744.0,0.0,277440.0,False
2019-01-14 00:01:00,686866.0,696263.7999999999,696264.0,0.0,9398.0,9398.0,False
2019-01-14 00:02:00,676676.0,696263.7999999999,696264.0,0.0,19588.0,19588.0,False
2019-01-14 00:03:00,702263.0,696263.7999999999,696264.0,5999.0,0.0,59990.0,False
2019-01-14 00:04:00,750027.0,696263.7999999999,696264.0,53763.0,0.0,537630.0,False
2019-01-14 00:05:00,768514.0,696263.7999999999,696264.0,72250.0,0.0,722500.0,False
2019-01-14 00:06:00,760477.0,696263.7999999999,696264.0,64213.0,0.0,642130.0,False
2019-01-14 00:07:00,690234.0,696263.7999999999,696264.0,0.0,6030.0,6030.0,False
2019-01-14 00:08:00,653675.0,696263.7999999999,696264.0,0.0,42589.0,42589.0,False
2019-01-14 00:09:00,646362.0,696263.7999999999,696264.0,0.0,49902.0,49902.0,False
2019-01-14 00:10:00,661470.0,696263.7999999999,696264.0,0.0,34794.0,34794.0,False
2019-01-14 00:11:00,614286.0,696263.7999999999,696264.0,0.0,81978.0,81978.0,False
2019-01-14 00:12:00,640283.0,696263.7999999999,696264.0,0.0,55981.0,55981.0,False
2019-01-14 00:13:00,661933.0,696263.7999999999,696264.0,0.0,34331.0,34331.0,False
2019-01-14 00:14:00,647814.0,696263.7999999999,696264.0,0.0,48450.0,48450.0,False
2019-01-14 00:15:00,660230.0,696263.7999999999,696264.0,0.0,36034.0,36034.0,False
2019-01-14 00:16:00,633263.0,696263.7999999999,696264.0,0.0,63001.0,63001.0,False
2019-01-14 00:17:00,612830.0,696263.7999999999,696264.0,0.0,83434.0,83434.0,False
2019-01-14 00:18:00,620193.0,696263.7999999999,696264.0,0.0,76071.0,76071.0,False
2019-01-14 00:19:00,602740.0,696263.7999999999,696264.0,0.0,93524.0,93524.0,False
2019-01-14 00:20:00,633806.0,696263.7999999999,696264.0,0.0,62458.0,62458.0,False
2019-01-14 00:21:00,614246.0,696263.7999999999,696264.0,0.0,82018.0,82018.0,False
2019-01-14 00:22:00,592625.0,696263.7999999999,696264.0,0.0,103639.0,103639.0,False
2019-01-14 00:23:00,606052.0,696263.7999999999,696264.0,0.0,90212.0,90212.0,False
2019-01-14 00:24:00,596656.0,696263.7999999999,696264.0,0.0,99608.0,99608.0,False
2019-01-14 00:25:00,630457.0,696263.7999999999,696264.0,0.0,65807.0,65807.0,False
2019-01-14 00:26:00,612414.0,696263.7999999999,696264.0,0.0,83850.0,83850.0,False
2019-01-14 00:27:00,615933.0,696263.7999999999,696264.0,0.0,80331.0,80331.0,False
2019-01-14 00:28:00,612140.0,696263.7999999999,696264.0,0.0,84124.0,84124.0,False
2019-01-14 00:29:00,619235.0,696263.7999999999,696264.0,0.0,77029.0,77029.0,False
2019-01-14 00:30:00,661329.0,696263.7999999999,696264.0,0.0,34935.0,34935.0,False
2019-01-14 00:31:00,651960.0,696263.7999999999,696264.0,0.0,44304.0,44304.0,False
2019-01-14 00:32:00,604361.0,696263.7999999999,696264.0,0.0,91903.0,91903.0,False
2019-01-14 00:33:00,608555.0,696263.7999999999,696264.0,0.0,87709.0,87709.0,False
2019-01-14 00:34:00,607374.0,696263.7999999999,696264.0,0.0,88890.0,88890.0,False
2019-01-14 00:35:00,593715.0,696263.7999999999,696264.0,0.0,102549.0,102549.0,False
2019-01-14 00:36:00,589115.0,696263.7999999999,696264.0,0.0,107149.0,107149.0,False
2019-01-14 00:37:00,574144.0,696263.7999999999,696264.0,0.0,122120.0,122120.0,False
2019-01-14 00:38:00,599723.0,696263.7999999999,696264.0,0.0,96541.0,96541.0,False
2019-01-14 00:39:00,588388.0,696263.7999999999,696264.0,0.0,107876.0,107876.0,False
2019-01-14 00:40:00,616983.0,696263.7999999999,696264.0,0.0,79281.0,79281.0,False
2019-01-14 00:41:00,600285.0,696263.7999999999,696264.0,0.0,95979.0,95979.0,False
2019-01-14 00:42:00,580191.0,696263.7999999999,696264.0,0.0,116073.0,116073.0,False
2019-01-14 00:43:00,589322.0,696263.7999999999,696264.0,0.0,106942.0,106942.0,False
2019-01-14 00:44:00,589025.0,696263.7999999999,696264.0,0.0,107239.0,107239.0,False
2019-01-14 00:45:00,615643.0,696263.7999999999,696264.0,0.0,80621.0,80621.0,False
2019-01-14 00:46:00,607328.0,696263.7999999999,696264.0,0.0,88936.0,88936.0,False
2019-01-14 00:47:00,593823.0,696263.7999999999,696264.0,0.0,102441.0,102441.0,False
2019-01-14 00:48:00,593657.0,696263.7999999999,696264.0,0.0,102607.0,102607.0,False
2019-01-14 00:49:00,598774.0,696263.7999999999,696264.0,0.0,97490.0,97490.0,False
2019-01-14 00:50:00,635094.0,696263.7999999999,696264.0,0.0,61170.0,61170.0,False
2019-01-14 00:51:00,606319.0,696263.7999999999,696264.0,0.0,89945.0,89945.0,False
2019-01-14 00:52:00,583038.0,696263.7999999999,696264.0,0.0,113226.0,113226.0,False
2019-01-14 00:53:00,582240.0,696263.7999999999,696264.0,0.0,114024.0,114024.0,False
2019-01-14 00:54:00,590908.0,696263.7999999999,696264.0,0.0,105356.0,105356.0,False
2019-01-14 00:55:00,595042.0,696263.7999999999,696264.0,0.0,101222.0,101222.0,False
2019-01-14 00:56:00,612850.0,696263.7999999999,696264.0,0.0,83414.0,83414.0,False
2019-01-14 00:57:00,609483.0,696263.7999999999,696264.0,0.0,86781.0,86781.0,False
2019-01-14 00:58:00,587247.0,696263.7999999999,696264.0,0.0,109017.0,109017.0,False
2019-01-14 00:59:00,577520.0,696263.7999999999,696264.0,0.0,118744.0,118744.0,False
2019-01-14 01:00:00,676954.0,696263.7999999999,696264.0,0.0,19310.0,19310.0,False
2019-01-14 01:01:00,639336.0,696263.7999999999,696264.0,0.0,56928.0,56928.0,False
2019-01-14 01:02:00,635492.0,696263.7999999999,696264.0,0.0,60772.0,60772.0,False
2019-01-14 01:03:00,625915.0,696263.7999999999,696264.0,0.0,70349.0,70349.0,False
2019-01-14 01:04:00,602986.0,696263.7999999999,696264.0,0.0,93278.0,93278.0,False
2019-01-14 01:05:00,615172.0,696263.7999999999,696264.0,0.0,81092.0,81092.0,False
2019-01-14 01:06:00,650273.0,696263.7999999999,696264.0,0.0,45991.0,45991.0,False
2019-01-14 01:07:00,658641.0,696263.7999999999,696264.0,0.0,37623.0,37623.0,False
2019-01-14 01:08:00,672226.0,696263.7999999999,696264.0,0.0,24038.0,24038.0,False
2019-01-14 01:09:00,664053.0,696263.7999999999,696264.0,0.0,32211.0,32211.0,False
2019-01-14 01:10:00,688272.0,696263.7999999999,696264.0,0.0,7992.0,7992.0,False
2019-01-14 01:11:00,662530.0,696263.7999999999,696264.0,0.0,33734.0,33734.0,False
2019-01-14 01:12:00,619185.0,696263.7999999999,696264.0,0.0,77079.0,77079.0,False
2019-01-14 01:13:00,603714.0,696263.7999999999,696264.0,0.0,92550.0,92550.0,False
2019-01-14 01:14:00,582492.0,696263.7999999999,696264.0,0.0,113772.0,113772.0,False
2019-01-14 01:15:00,601546.0,696263.7999999999,696264.0,0.0,94718.0,94718.0,False
2019-01-14 01:16:00,599824.0,696263.7999999999,696264.0,0.0,96440.0,96440.0,False
2019-01-14 01:17:00,595465.0,696263.7999999999,696264.0,0.0,100799.0,100799.0,False
2019-01-14 01:18:00,583158.0,696263.7999999999,696264.0,0.0,113106.0,113106.0,False
2019-01-14 01:19:00,580202.0,696263.7999999999,696264.0,0.0,116062.0,116062.0,False
2019-01-14 01:20:00,605787.0,696263.7999999999,696264.0,0.0,90477.0,90477.0,False
2019-01-14 01:21:00,574633.0,696263.7999999999,696264.0,0.0,121631.0,121631.0,False
2019-01-14 01:22:00,578424.0,696263.7999999999,696264.0,0.0,117840.0,117840.0,False
2019-01-14 01:23:00,564686.0,696263.7999999999,696264.0,0.0,131578.0,131578.0,False
2019-01-14 01:24:00,563107.0,696263.7999999999,696264.0,0.0,133157.0,133157.0,False
2019-01-14 01:25:00,586602.0,696263.7999999999,696264.0,0.0,109662.0,109662.0,False
2019-01-14 01:26:00,572238.0,696263.7999999999,696264.0,0.0,124026.0,124026.0,False
2019-01-14 01:27:00,583263.0,696263.7999999999,696264.0,0.0,113001.0,113001.0,False
2019-01-14 01:28:00,586359.0,696263.7999999999,696264.0,0.0,109905.0,109905.0,False
2019-01-14 01:29:00,592079.0,696263.7999999999,696264.0,0.0,104185.0,104185.0,False
2019-01-14 01:30:00,631658.0,696263.7999999999,696264.0,0.0,64606.0,64606.0,False
2019-01-14 01:31:00,610743.0,696263.7999999999,696264.0,0.0,85521.0,85521.0,False
2019-01-14 01:32:00,593795.0,696263.7999999999,696264.0,0.0,102469.0,102469.0,False
2019-01-14 01:33:00,612835.0,696263.7999999999,696264.0,0.0,83429.0,83429.0,False
2019-01-14 01:34:00,587121.0,696263.7999999999,696264.0,0.0,109143.0,109143.0,False
2019-01-14 01:35:00,593417.0,696263.7999999999,696264.0,0.0,102847.0,102847.0,False
2019-01-14 01:36:00,599434.0,696263.7999999999,696264.0,0.0,96830.0,96830.0,False
2019-01-14 01:37:00,594103.0,696263.7999999999,696264.0,0.0,102161.0,102161.0,False
2019-01-14 01:38:00,598315.0,696263.7999999999,696264.0,0.0,97949.0,97949.0,False
2019-01-14 01:39:00,598095.0,696263.7999999999,696264.0,0.0,98169.0,98169.0,False
2019-01-14 01:40:00,612515.0,696263.7999999999,696264.0,0.0,83749.0,83749.0,False
2019-01-14 01:41:00,594206.0,696263.7999999999,696264.0,0.0,102058.0,102058.0,False
2019-01-14 01:42:00,584676.0,696263.7999999999,696264.0,0.0,111588.0,111588.0,False
2019-01-14 01:43:00,593841.0,696263.7999999999,696264.0,0.0,102423.0,102423.0,False
2019-01-14 01:44:00,572140.0,696263.7999999999,696264.0,0.0,124124.0,124124.0,False
2019-01-14 01:45:00,592478.0,696263.7999999999,696264.0,0.0,103786.0,103786.0,False
2019-01-14 01:46:00,581277.0,696263.7999999999,696264.0,0.0,114987.0,114987.0,False
2019-01-14 01:47:00,576015.0,696263.7999999999,696264.0,0.0,120249.0,120249.0,False
2019-01-14 01:48:00,593748.0,696263.7999999999,696264.0,0.0,102516.0,102516.0,False
2019-01-14 01:49:00,588534.0,696263.7999999999,696264.0,0.0,107730.0,107730.0,False
2019-01-14 01:50:00,604205.0,696263.7999999999,696264.0,0.0,92059.0,92059.0,False
2019-01-14 01:51:00,585638.0,696263.7999999999,696264.0,0.0,110626.0,110626.0,False
2019-01-14 01:52:00,586197.0,696263.7999999999,696264.0,0.0,110067.0,110067.0,False
2019-01-14 01:53:00,589045.0,696263.7999999999,696264.0,0.0,107219.0,107219.0,False
2019-01-14 01:54:00,586329.0,696263.7999999999,696264.0,0.0,109935.0,109935.0,False
2019-01-14 01:55:00,594730.0,696263.7999999999,696264.0,0.0,101534.0,101534.0,False
2019-01-14 01:56:00,604010.0,696263.7999999999,696264.0,0.0,92254.0,92254.0,False
2019-01-14 01:57:00,553544.0,696263.7999999999,696264.0,0.0,142720.0,142720.0,False
2019-01-14 01:58:00,583737.0,696263.7999999999,696264.0,0.0,112527.0,112527.0,False
2019-01-14 01:59:00,574871.0,696263.7999999999,696264.0,0.0,121393.0,121393.0,False
2019-01-14 02:00:00,662813.0,696263.7999999999,696264.0,0.0,33451.0,33451.0,False
2019-01-14 02:01:00,626663.0,696263.7999999999,696264.0,0.0,69601.0,69601.0,False
2019-01-14 02:02:00,630428.0,696263.7999999999,696264.0,0.0,65836.0,65836.0,False
2019-01-14 02:03:00,610738.0,696263.7999999999,696264.0,0.0,85526.0,85526.0,False
2019-01-14 02:04:00,603111.0,696263.7999999999,696264.0,0.0,93153.0,93153.0,False
2019-01-14 02:05:00,630392.0,696263.7999999999,696264.0,0.0,65872.0,65872.0,False
2019-01-14 02:06:00,702394.0,696263.7999999999,696264.0,6130.0,0.0,61300.0,False
2019-01-14 02:07:00,698618.0,696263.7999999999,696264.0,2354.0,0.0,23540.0,False
2019-01-14 02:08:00,699105.0,696263.7999999999,696264.0,2841.0,0.0,28410.0,False
2019-01-14 02:09:00,646306.0,696263.7999999999,696264.0,0.0,49958.0,49958.0,False
2019-01-14 02:10:00,618290.0,696263.7999999999,696264.0,0.0,77974.0,77974.0,False
2019-01-14 02:11:00,621798.0,696263.7999999999,696264.0,0.0,74466.0,74466.0,False
2019-01-14 02:12:00,599828.0,696263.7999999999,696264.0,0.0,96436.0,96436.0,False
2019-01-14 02:13:00,606306.0,696263.7999999999,696264.0,0.0,89958.0,89958.0,False
2019-01-14 02:14:00,612062.0,696263.7999999999,696264.0,0.0,84202.0,84202.0,False
2019-01-14 02:15:00,630775.0,696263.7999999999,696264.0,0.0,65489.0,65489.0,False
2019-01-14 02:16:00,619182.0,696263.7999999999,696264.0,0.0,77082.0,77082.0,False
2019-01-14 02:17:00,597184.0,696263.7999999999,696264.0,0.0,99080.0,99080.0,False
2019-01-14 02:18:00,578319.0,696263.7999999999,696264.0,0.0,117945.0,117945.0,False
2019-01-14 02:19:00,577190.0,696263.7999999999,696264.0,0.0,119074.0,119074.0,False
2019-01-14 02:20:00,606664.0,696263.7999999999,696264.0,0.0,89600.0,89600.0,False
2019-01-14 02:21:00,608332.0,696263.7999999999,696264.0,0.0,87932.0,87932.0,False
2019-01-14 02:22:00,577247.0,696263.7999999999,696264.0,0.0,119017.0,119017.0,False
2019-01-14 02:23:00,588671.0,696263.7999999999,696264.0,0.0,107593.0,107593.0,False
2019-01-14 02:24:00,591482.0,696263.7999999999,696264.0,0.0,104782.0,104782.0,False
2019-01-14 02:25:00,600822.0,696263.7999999999,696264.0,0.0,95442.0,95442.0,False
2019-01-14 02:26:00,601005.0,696263.7999999999,696264.0,0.0,95259.0,95259.0,False
2019-01-14 02:27:00,585256.0,696263.7999999999,696264.0,0.0,111008.0,111008.0,False
2019-01-14 02:28:00,619376.0,696263.7999999999,696264.0,0.0,76888.0,76888.0,False
2019-01-14 02:29:00,597214.0,696263.7999999999,696264.0,0.0,99050.0,99050.0,False
2019-01-14 02:30:00,657216.0,696263.7999999999,696264.0,0.0,39048.0,39048.0,False
2019-01-14 02:31:00,590080.0,696263.7999999999,696264.0,0.0,106184.0,106184.0,False
2019-01-14 02:32:00,613328.0,696263.7999999999,696264.0,0.0,82936.0,82936.0,False
2019-01-14 02:33:00,607946.0,696263.7999999999,696264.0,0.0,88318.0,88318.0,False
2019-01-14 02:34:00,593981.0,696263.7999999999,696264.0,0.0,102283.0,102283.0,False
2019-01-14 02:35:00,605660.0,696263.7999999999,696264.0,0.0,90604.0,90604.0,False
2019-01-14 02:36:00,606875.0,696263.7999999999,696264.0,0.0,89389.0,89389.0,False
2019-01-14 02:37:00,584617.0,696263.7999999999,696264.0,0.0,111647.0,111647.0,False
2019-01-14 02:38:00,575358.0,696263.7999999999,696264.0,0.0,120906.0,120906.0,False
2019-01-14 02:39:00,579152.0,696263.7999999999,696264.0,0.0,117112.0,117112.0,False
2019-01-14 02:40:00,615563.0,696263.7999999999,696264.0,0.0,80701.0,80701.0,False
2019-01-14 02:41:00,594108.0,696263.7999999999,696264.0,0.0,102156.0,102156.0,False
2019-01-14 02:42:00,593272.0,696263.7999999999,696264.0,0.0,102992.0,102992.0,False
2019-01-14 02:43:00,592151.0,696263.7999999999,696264.0,0.0,104113.0,104113.0,False
2019-01-14 02:44:00,596551.0,696263.7999999999,696264.0,0.0,99713.0,99713.0,False
2019-01-14 02:45:00,626458.0,696263.7999999999,696264.0,0.0,69806.0,69806.0,False
2019-01-14 02:46:00,620164.0,696263.7999999999,696264.0,0.0,76100.0,76100.0,False
2019-01-14 02:47:00,604021.0,696263.7999999999,696264.0,0.0,92243.0,92243.0,False
2019-01-14 02:48:00,579581.0,696263.7999999999,696264.0,0.0,116683.0,116683.0,False
2019-01-14 02:49:00,592229.0,696263.7999999999,696264.0,0.0,104035.0,104035.0,False
2019-01-14 02:50:00,628801.0,696263.7999999999,696264.0,0.0,67463.0,67463.0,False
2019-01-14 02:51:00,589419.0,696263.7999999999,696264.0,0.0,106845.0,106845.0,False
2019-01-14 02:52:00,586251.0,696263.7999999999,696264.0,0.0,110013.0,110013.0,False
2019-01-14 02:53:00,571031.0,696263.7999999999,696264.0,0.0,125233.0,125233.0,False
2019-01-14 02:54:00,578521.0,696263.7999999999,696264.0,0.0,117743.0,117743.0,False
2019-01-14 02:55:00,597500.0,696263.7999999999,696264.0,0.0,98764.0,98764.0,False
2019-01-14 02:56:00,588547.0,696263.7999999999,696264.0,0.0,107717.0,107717.0,False
2019-01-14 02:57:00,591917.0,696263.7999999999,696264.0,0.0,104347.0,104347.0,False
2019-01-14 02:58:00,584230.0,696263.7999999999,696264.0,0.0,112034.0,112034.0,False
2019-01-14 02:59:00,593274.0,696263.7999999999,696264.0,0.0,102990.0,102990.0,False
2019-01-14 03:00:00,679837.0,696263.7999999999,696264.0,0.0,16427.0,16427.0,False
2019-01-14 03:01:00,622688.0,696263.7999999999,696264.0,0.0,73576.0,73576.0,False
2019-01-14 03:02:00,604889.0,696263.7999999999,696264.0,0.0,91375.0,91375.0,False
2019-01-14 03:03:00,617184.0,696263.7999999999,696264.0,0.0,79080.0,79080.0,False
2019-01-14 03:04:00,597274.0,696263.7999999999,696264.0,0.0,98990.0,98990.0,False
2019-01-14 03:05:00,622600.0,696263.7999999999,696264.0,0.0,73664.0,73664.0,False
2019-01-14 03:06:00,592123.0,696263.7999999999,696264.0,0.0,104141.0,104141.0,False
2019-01-14 03:07:00,626849.0,696263.7999999999,696264.0,0.0,69415.0,69415.0,False
2019-01-14 03:08:00,682292.0,696263.7999999999,696264.0,0.0,13972.0,13972.0,False
2019-01-14 03:09:00,700401.0,696263.7999999999,696264.0,4137.0,0.0,41370.0,False
2019-01-14 03:10:00,666389.0,696263.7999999999,696264.0,0.0,29875.0,29875.0,False
2019-01-14 03:11:00,612572.0,696263.7999999999,696264.0,0.0,83692.0,83692.0,False
2019-01-14 03:12:00,621920.0,696263.7999999999,696264.0,0.0,74344.0,74344.0,False
2019-01-14 03:13:00,613161.0,696263.7999999999,696264.0,0.0,83103.0,83103.0,False
2019-01-14 03:14:00,609025.0,696263.7999999999,696264.0,0.0,87239.0,87239.0,False
2019-01-14 03:15:00,623121.0,696263.7999999999,696264.0,0.0,73143.0,73143.0,False
2019-01-14 03:16:00,637494.0,696263.7999999999,696264.0,0.0,58770.0,58770.0,False
2019-01-14 03:17:00,635466.0,696263.7999999999,696264.0,0.0,60798.0,60798.0,False
2019-01-14 03:18:00,617721.0,696263.7999999999,696264.0,0.0,78543.0,78543.0,False
2019-01-14 03:19:00,583251.0,696263.7999999999,696264.0,0.0,113013.0,113013.0,False
2019-01-14 03:20:00,622233.0,696263.7999999999,696264.0,0.0,74031.0,74031.0,False
2019-01-14 03:21:00,615859.0,696263.7999999999,696264.0,0.0,80405.0,80405.0,False
2019-01-14 03:22:00,616556.0,696263.7999999999,696264.0,0.0,79708.0,79708.0,False
2019-01-14 03:23:00,597281.0,696263.7999999999,696264.0,0.0,98983.0,98983.0,False
2019-01-14 03:24:00,570549.0,696263.7999999999,696264.0,0.0,125715.0,125715.0,False
2019-01-14 03:25:00,604727.0,696263.7999999999,696264.0,0.0,91537.0,91537.0,False
2019-01-14 03:26:00,598281.0,696263.7999999999,696264.0,0.0,97983.0,97983.0,False
2019-01-14 03:27:00,603782.0,696263.7999999999,696264.0,0.0,92482.0,92482.0,False
2019-01-14 03:28:00,588089.0,696263.7999999999,696264.0,0.0,108175.0,108175.0,False
2019-01-14 03:29:00,607015.0,696263.7999999999,696264.0,0.0,89249.0,89249.0,False
2019-01-14 03:30:00,666081.0,696263.7999999999,696264.0,0.0,30183.0,30183.0,False
2019-01-14 03:31:00,617054.0,696263.7999999999,696264.0,0.0,79210.0,79210.0,False
2019-01-14 03:32:00,589402.0,696263.7999999999,696264.0,0.0,106862.0,106862.0,False
2019-01-14 03:33:00,592313.0,696263.7999999999,696264.0,0.0,103951.0,103951.0,False
2019-01-14 03:34:00,597191.0,696263.7999999999,696264.0,0.0,99073.0,99073.0,False
2019-01-14 03:35:00,608885.0,696263.7999999999,696264.0,0.0,87379.0,87379.0,False
2019-01-14 03:36:00,614924.0,696263.7999999999,696264.0,0.0,81340.0,81340.0,False
2019-01-14 03:37:00,591135.0,696263.7999999999,696264.0,0.0,105129.0,105129.0,False
2019-01-14 03:38:00,575684.0,696263.7999999999,696264.0,0.0,120580.0,120580.0,False
2019-01-14 03:39:00,583480.0,696263.7999999999,696264.0,0.0,112784.0,112784.0,False
2019-01-14 03:40:00,606771.0,696263.7999999999,696264.0,0.0,89493.0,89493.0,False
2019-01-14 03:41:00,591184.0,696263.7999999999,696264.0,0.0,105080.0,105080.0,False
2019-01-14 03:42:00,579308.0,696263.7999999999,696264.0,0.0,116956.0,116956.0,False
2019-01-14 03:43:00,587563.0,696263.7999999999,696264.0,0.0,108701.0,108701.0,False
2019-01-14 03:44:00,578360.0,696263.7999999999,696264.0,0.0,117904.0,117904.0,False
2019-01-14 03:45:00,612950.0,696263.7999999999,696264.0,0.0,83314.0,83314.0,False
2019-01-14 03:46:00,596192.0,696263.7999999999,696264.0,0.0,100072.0,100072.0,False
2019-01-14 03:47:00,591518.0,696263.7999999999,696264.0,0.0,104746.0,104746.0,False
2019-01-14 03:48:00,592613.0,696263.7999999999,696264.0,0.0,103651.0,103651.0,False
2019-01-14 03:49:00,579253.0,696263.7999999999,696264.0,0.0,117011.0,117011.0,False
2019-01-14 03:50:00,600333.0,696263.7999999999,696264.0,0.0,95931.0,95931.0,False
2019-01-14 03:51:00,604746.0,696263.7999999999,696264.0,0.0,91518.0,91518.0,False
2019-01-14 03:52:00,599344.0,696263.7999999999,696264.0,0.0,96920.0,96920.0,False
2019-01-14 03:53:00,592668.0,696263.7999999999,696264.0,0.0,103596.0,103596.0,False
2019-01-14 03:54:00,594867.0,696263.7999999999,696264.0,0.0,101397.0,101397.0,False
2019-01-14 03:55:00,601547.0,696263.7999999999,696264.0,0.0,94717.0,94717.0,False
2019-01-14 03:56:00,604289.0,696263.7999999999,696264.0,0.0,91975.0,91975.0,False
2019-01-14 03:57:00,585113.0,696263.7999999999,696264.0,0.0,111151.0,111151.0,False
2019-01-14 03:58:00,577410.0,696263.7999999999,696264.0,0.0,118854.0,118854.0,False
2019-01-14 03:59:00,589425.0,696263.7999999999,696264.0,0.0,106839.0,106839.0,False
2019-01-14 04:00:00,697029.0,696263.7999999999,696264.0,765.0,0.0,7650.0,False
2019-01-14 04:01:00,660790.0,696263.7999999999,696264.0,0.0,35474.0,35474.0,False
2019-01-14 04:02:00,632167.0,696263.7999999999,696264.0,0.0,64097.0,64097.0,False
2019-01-14 04:03:00,631597.0,696263.7999999999,696264.0,0.0,64667.0,64667.0,False
2019-01-14 04:04:00,600180.0,696263.7999999999,696264.0,0.0,96084.0,96084.0,False
2019-01-14 04:05:00,623522.0,696263.7999999999,696264.0,0.0,72742.0,72742.0,False
2019-01-14 04:06:00,596248.0,696263.7999999999,696264.0,0.0,100016.0,100016.0,False
2019-01-14 04:07:00,581607.0,696263.7999999999,696264.0,0.0,114657.0,114657.0,False
2019-01-14 04:08:00,580618.0,696263.7999999999,696264.0,0.0,115646.0,115646.0,False
2019-01-14 04:09:00,591141.0,696263.7999999999,696264.0,0.0,105123.0,105123.0,False
2019-01-14 04:10:00,617690.0,696263.7999999999,696264.0,0.0,78574.0,78574.0,False
2019-01-14 04:11:00,599715.0,696263.7999999999,696264.0,0.0,96549.0,96549.0,False
2019-01-14 04:12:00,589409.0,696263.7999999999,696264.0,0.0,106855.0,106855.0,False
2019-01-14 04:13:00,598879.0,696263.7999999999,696264.0,0.0,97385.0,97385.0,False
2019-01-14 04:14:00,585839.0,696263.7999999999,696264.0,0.0,110425.0,110425.0,False
2019-01-14 04:15:00,604982.0,696263.7999999999,696264.0,0.0,91282.0,91282.0,False
2019-01-14 04:16:00,609346.0,696263.7999999999,696264.0,0.0,86918.0,86918.0,False
2019-01-14 04:17:00,603995.0,696263.7999999999,696264.0,0.0,92269.0,92269.0,False
2019-01-14 04:18:00,614134.0,696263.7999999999,696264.0,0.0,82130.0,82130.0,False
2019-01-14 04:19:00,598634.0,696263.7999999999,696264.0,0.0,97630.0,97630.0,False
2019-01-14 04:20:00,612941.0,696263.7999999999,696264.0,0.0,83323.0,83323.0,False
2019-01-14 04:21:00,607902.0,696263.7999999999,696264.0,0.0,88362.0,88362.0,False
2019-01-14 04:22:00,594345.0,696263.7999999999,696264.0,0.0,101919.0,101919.0,False
2019-01-14 04:23:00,591751.0,696263.7999999999,696264.0,0.0,104513.0,104513.0,False
2019-01-14 04:24:00,579338.0,696263.7999999999,696264.0,0.0,116926.0,116926.0,False
2019-01-14 04:25:00,599287.0,696263.7999999999,696264.0,0.0,96977.0,96977.0,False
2019-01-14 04:26:00,597834.0,696263.7999999999,696264.0,0.0,98430.0,98430.0,False
2019-01-14 04:27:00,566671.0,696263.7999999999,696264.0,0.0,129593.0,129593.0,False
2019-01-14 04:28:00,584909.0,696263.7999999999,696264.0,0.0,111355.0,111355.0,False
2019-01-14 04:29:00,589918.0,696263.7999999999,696264.0,0.0,106346.0,106346.0,False
2019-01-14 04:30:00,648537.0,696263.7999999999,696264.0,0.0,47727.0,47727.0,False
2019-01-14 04:31:00,615342.0,696263.7999999999,696264.0,0.0,80922.0,80922.0,False
2019-01-14 04:32:00,611144.0,696263.7999999999,696264.0,0.0,85120.0,85120.0,False
2019-01-14 04:33:00,595225.0,696263.7999999999,696264.0,0.0,101039.0,101039.0,False
2019-01-14 04:34:00,581029.0,696263.7999999999,696264.0,0.0,115235.0,115235.0,False
2019-01-14 04:35:00,607635.0,696263.7999999999,696264.0,0.0,88629.0,88629.0,False
2019-01-14 04:36:00,592691.0,696263.7999999999,696264.0,0.0,103573.0,103573.0,False
2019-01-14 04:37:00,591771.0,696263.7999999999,696264.0,0.0,104493.0,104493.0,False
2019-01-14 04:38:00,587780.0,696263.7999999999,696264.0,0.0,108484.0,108484.0,False
2019-01-14 04:39:00,606984.0,696263.7999999999,696264.0,0.0,89280.0,89280.0,False
2019-01-14 04:40:00,678532.0,696263.7999999999,696264.0,0.0,17732.0,17732.0,False
2019-01-14 04:41:00,668562.0,696263.7999999999,696264.0,0.0,27702.0,27702.0,False
2019-01-14 04:42:00,623387.0,696263.7999999999,696264.0,0.0,72877.0,72877.0,False
2019-01-14 04:43:00,615886.0,696263.7999999999,696264.0,0.0,80378.0,80378.0,False
2019-01-14 04:44:00,647792.0,696263.7999999999,696264.0,0.0,48472.0,48472.0,False
2019-01-14 04:45:00,665412.0,696263.7999999999,696264.0,0.0,30852.0,30852.0,False
2019-01-14 04:46:00,661926.0,696263.7999999999,696264.0,0.0,34338.0,34338.0,False
2019-01-14 04:47:00,645203.0,696263.7999999999,696264.0,0.0,51061.0,51061.0,False
2019-01-14 04:48:00,618127.0,696263.7999999999,696264.0,0.0,78137.0,78137.0,False
2019-01-14 04:49:00,609602.0,696263.7999999999,696264.0,0.0,86662.0,86662.0,False
2019-01-14 04:50:00,614106.0,696263.7999999999,696264.0,0.0,82158.0,82158.0,False
2019-01-14 04:51:00,597144.0,696263.7999999999,696264.0,0.0,99120.0,99120.0,False
2019-01-14 04:52:00,600938.0,696263.7999999999,696264.0,0.0,95326.0,95326.0,False
2019-01-14 04:53:00,593225.0,696263.7999999999,696264.0,0.0,103039.0,103039.0,False
2019-01-14 04:54:00,586083.0,696263.7999999999,696264.0,0.0,110181.0,110181.0,False
2019-01-14 04:55:00,595807.0,696263.7999999999,696264.0,0.0,100457.0,100457.0,False
2019-01-14 04:56:00,600295.0,696263.7999999999,696264.0,0.0,95969.0,95969.0,False
2019-01-14 04:57:00,604990.0,696263.7999999999,696264.0,0.0,91274.0,91274.0,False
2019-01-14 04:58:00,593882.0,696263.7999999999,696264.0,0.0,102382.0,102382.0,False
2019-01-14 04:59:00,594173.0,696263.7999999999,696264.0,0.0,102091.0,102091.0,False
2019-01-14 05:00:00,696965.0,696263.7999999999,696264.0,701.0,0.0,7010.0,False
2019-01-14 05:01:00,661256.0,696263.7999999999,696264.0,0.0,35008.0,35008.0,False
2019-01-14 05:02:00,637970.0,696263.7999999999,696264.0,0.0,58294.0,58294.0,False
2019-01-14 05:03:00,628963.0,696263.7999999999,696264.0,0.0,67301.0,67301.0,False
2019-01-14 05:04:00,592836.0,696263.7999999999,696264.0,0.0,103428.0,103428.0,False
2019-01-14 05:05:00,607714.0,696263.7999999999,696264.0,0.0,88550.0,88550.0,False
2019-01-14 05:06:00,592538.0,696263.7999999999,696264.0,0.0,103726.0,103726.0,False
2019-01-14 05:07:00,645079.0,696263.7999999999,696264.0,0.0,51185.0,51185.0,False
2019-01-14 05:08:00,652923.0,696263.7999999999,696264.0,0.0,43341.0,43341.0,False
2019-01-14 05:09:00,657840.0,696263.7999999999,696264.0,0.0,38424.0,38424.0,False
2019-01-14 05:10:00,677156.0,696263.7999999999,696264.0,0.0,19108.0,19108.0,False
2019-01-14 05:11:00,668398.0,696263.7999999999,696264.0,0.0,27866.0,27866.0,False
2019-01-14 05:12:00,656794.0,696263.7999999999,696264.0,0.0,39470.0,39470.0,False
2019-01-14 05:13:00,639662.0,696263.7999999999,696264.0,0.0,56602.0,56602.0,False
2019-01-14 05:14:00,600651.0,696263.7999999999,696264.0,0.0,95613.0,95613.0,False
2019-01-14 05:15:00,627013.0,696263.7999999999,696264.0,0.0,69251.0,69251.0,False
2019-01-14 05:16:00,618807.0,696263.7999999999,696264.0,0.0,77457.0,77457.0,False
2019-01-14 05:17:00,614652.0,696263.7999999999,696264.0,0.0,81612.0,81612.0,False
2019-01-14 05:18:00,608849.0,696263.7999999999,696264.0,0.0,87415.0,87415.0,False
2019-01-14 05:19:00,597392.0,696263.7999999999,696264.0,0.0,98872.0,98872.0,False
2019-01-14 05:20:00,638884.0,696263.7999999999,696264.0,0.0,57380.0,57380.0,False
2019-01-14 05:21:00,653698.0,696263.7999999999,696264.0,0.0,42566.0,42566.0,False
2019-01-14 05:22:00,646745.0,696263.7999999999,696264.0,0.0,49519.0,49519.0,False
2019-01-14 05:23:00,623909.0,696263.7999999999,696264.0,0.0,72355.0,72355.0,False
2019-01-14 05:24:00,600845.0,696263.7999999999,696264.0,0.0,95419.0,95419.0,False
2019-01-14 05:25:00,618773.0,696263.7999999999,696264.0,0.0,77491.0,77491.0,False
2019-01-14 05:26:00,619560.0,696263.7999999999,696264.0,0.0,76704.0,76704.0,False
2019-01-14 05:27:00,628203.0,696263.7999999999,696264.0,0.0,68061.0,68061.0,False
2019-01-14 05:28:00,594132.0,696263.7999999999,696264.0,0.0,102132.0,102132.0,False
2019-01-14 05:29:00,606977.0,696263.7999999999,696264.0,0.0,89287.0,89287.0,False
2019-01-14 05:30:00,691350.0,696263.7999999999,696264.0,0.0,4914.0,4914.0,False
2019-01-14 05:31:00,672963.0,696263.7999999999,696264.0,0.0,23301.0,23301.0,False
2019-01-14 05:32:00,652094.0,696263.7999999999,696264.0,0.0,44170.0,44170.0,False
2019-01-14 05:33:00,674332.0,696263.7999999999,696264.0,0.0,21932.0,21932.0,False
2019-01-14 05:34:00,648153.0,696263.7999999999,696264.0,0.0,48111.0,48111.0,False
2019-01-14 05:35:00,652818.0,696263.7999999999,696264.0,0.0,43446.0,43446.0,False
2019-01-14 05:36:00,643219.0,696263.7999999999,696264.0,0.0,53045.0,53045.0,False
2019-01-14 05:37:00,634244.0,696263.7999999999,696264.0,0.0,62020.0,62020.0,False
2019-01-14 05:38:00,640978.0,696263.7999999999,696264.0,0.0,55286.0,55286.0,False
2019-01-14 05:39:00,648013.0,696263.7999999999,696264.0,0.0,48251.0,48251.0,False
2019-01-14 05:40:00,651590.0,696263.7999999999,696264.0,0.0,44674.0,44674.0,False
2019-01-14 05:41:00,637965.0,696263.7999999999,696264.0,0.0,58299.0,58299.0,False
2019-01-14 05:42:00,632759.0,696263.7999999999,696264.0,0.0,63505.0,63505.0,False
2019-01-14 05:43:00,632653.0,696263.7999999999,696264.0,0.0,63611.0,63611.0,False
2019-01-14 05:44:00,617595.0,696263.7999999999,696264.0,0.0,78669.0,78669.0,False
2019-01-14 05:45:00,640348.0,696263.7999999999,696264.0,0.0,55916.0,55916.0,False
2019-01-14 05:46:00,659886.0,696263.7999999999,696264.0,0.0,36378.0,36378.0,False
2019-01-14 05:47:00,663086.0,696263.7999999999,696264.0,0.0,33178.0,33178.0,False
2019-01-14 05:48:00,642775.0,696263.7999999999,696264.0,0.0,53489.0,53489.0,False
2019-01-14 05:49:00,651533.0,696263.7999999999,696264.0,0.0,44731.0,44731.0,False
2019-01-14 05:50:00,655981.0,696263.7999999999,696264.0,0.0,40283.0,40283.0,False
2019-01-14 05:51:00,644054.0,696263.7999999999,696264.0,0.0,52210.0,52210.0,False
2019-01-14 05:52:00,637252.0,696263.7999999999,696264.0,0.0,59012.0,59012.0,False
2019-01-14 05:53:00,634154.0,696263.7999999999,696264.0,0.0,62110.0,62110.0,False
2019-01-14 05:54:00,634984.0,696263.7999999999,696264.0,0.0,61280.0,61280.0,False
2019-01-14 05:55:00,597586.0,696263.7999999999,696264.0,0.0,98678.0,98678.0,False
2019-01-14 05:56:00,612409.0,696263.7999999999,696264.0,0.0,83855.0,83855.0,False
2019-01-14 05:57:00,608468.0,696263.7999999999,696264.0,0.0,87796.0,87796.0,False
2019-01-14 05:58:00,623296.0,696263.7999999999,696264.0,0.0,72968.0,72968.0,False
2019-01-14 05:59:00,645371.0,696263.7999999999,696264.0,0.0,50893.0,50893.0,False
2019-01-14 06:00:00,725785.0,696263.7999999999,696264.0,29521.0,0.0,295210.0,False
2019-01-14 06:01:00,679964.0,696263.7999999999,696264.0,0.0,16300.0,16300.0,False
2019-01-14 06:02:00,679141.0,696263.7999999999,696264.0,0.0,17123.0,17123.0,False
2019-01-14 06:03:00,678464.0,696263.7999999999,696264.0,0.0,17800.0,17800.0,False
2019-01-14 06:04:00,647312.0,696263.7999999999,696264.0,0.0,48952.0,48952.0,False
2019-01-14 06:05:00,670040.0,696263.7999999999,696264.0,0.0,26224.0,26224.0,False
2019-01-14 06:06:00,641744.0,696263.7999999999,696264.0,0.0,54520.0,54520.0,False
2019-01-14 06:07:00,634744.0,696263.7999999999,696264.0,0.0,61520.0,61520.0,False
2019-01-14 06:08:00,722325.0,696263.7999999999,696264.0,26061.0,0.0,260610.0,False
2019-01-14 06:09:00,733797.0,696263.7999999999,696264.0,37533.0,0.0,375330.0,False
2019-01-14 06:10:00,749241.0,696263.7999999999,696264.0,52977.0,0.0,529770.0,False
2019-01-14 06:11:00,698603.0,696263.7999999999,696264.0,2339.0,0.0,23390.0,False
2019-01-14 06:12:00,659782.0,696263.7999999999,696264.0,0.0,36482.0,36482.0,False
2019-01-14 06:13:00,640003.0,696263.7999999999,696264.0,0.0,56261.0,56261.0,False
2019-01-14 06:14:00,656923.0,696263.7999999999,696264.0,0.0,39341.0,39341.0,False
2019-01-14 06:15:00,651325.0,696263.7999999999,696264.0,0.0,44939.0,44939.0,False
2019-01-14 06:16:00,643850.0,696263.7999999999,696264.0,0.0,52414.0,52414.0,False
2019-01-14 06:17:00,648529.0,696263.7999999999,696264.0,0.0,47735.0,47735.0,False
2019-01-14 06:18:00,660405.0,696263.7999999999,696264.0,0.0,35859.0,35859.0,False
2019-01-14 06:19:00,632829.0,696263.7999999999,696264.0,0.0,63435.0,63435.0,False
2019-01-14 06:20:00,647027.0,696263.7999999999,696264.0,0.0,49237.0,49237.0,False
2019-01-14 06:21:00,628865.0,696263.7999999999,696264.0,0.0,67399.0,67399.0,False
2019-01-14 06:22:00,630520.0,696263.7999999999,696264.0,0.0,65744.0,65744.0,False
2019-01-14 06:23:00,624091.0,696263.7999999999,696264.0,0.0,72173.0,72173.0,False
2019-01-14 06:24:00,628580.0,696263.7999999999,696264.0,0.0,67684.0,67684.0,False
2019-01-14 06:25:00,647373.0,696263.7999999999,696264.0,0.0,48891.0,48891.0,False
2019-01-14 06:26:00,642270.0,696263.7999999999,696264.0,0.0,53994.0,53994.0,False
2019-01-14 06:27:00,633911.0,696263.7999999999,696264.0,0.0,62353.0,62353.0,False
2019-01-14 06:28:00,621964.0,696263.7999999999,696264.0,0.0,74300.0,74300.0,False
2019-01-14 06:29:00,611218.0,696263.7999999999,696264.0,0.0,85046.0,85046.0,False
2019-01-14 06:30:00,666612.0,696263.7999999999,696264.0,0.0,29652.0,29652.0,False
2019-01-14 06:31:00,618273.0,696263.7999999999,696264.0,0.0,77991.0,77991.0,False
2019-01-14 06:32:00,673224.0,696263.7999999999,696264.0,0.0,23040.0,23040.0,False
2019-01-14 06:33:00,663554.0,696263.7999999999,696264.0,0.0,32710.0,32710.0,False
2019-01-14 06:34:00,658450.0,696263.7999999999,696264.0,0.0,37814.0,37814.0,False
2019-01-14 06:35:00,666154.0,696263.7999999999,696264.0,0.0,30110.0,30110.0,False
2019-01-14 06:36:00,631392.0,696263.7999999999,696264.0,0.0,64872.0,64872.0,False
2019-01-14 06:37:00,619589.0,696263.7999999999,696264.0,0.0,76675.0,76675.0,False
2019-01-14 06:38:00,596116.0,696263.7999999999,696264.0,0.0,100148.0,100148.0,False
2019-01-14 06:39:00,619545.0,696263.7999999999,696264.0,0.0,76719.0,76719.0,False
2019-01-14 06:40:00,674905.0,696263.7999999999,696264.0,0.0,21359.0,21359.0,False
2019-01-14 06:41:00,657413.0,696263.7999999999,696264.0,0.0,38851.0,38851.0,False
2019-01-14 06:42:00,642517.0,696263.7999999999,696264.0,0.0,53747.0,53747.0,False
2019-01-14 06:43:00,641231.0,696263.7999999999,696264.0,0.0,55033.0,55033.0,False
2019-01-14 06:44:00,654724.0,696263.7999999999,696264.0,0.0,41540.0,41540.0,False
2019-01-14 06:45:00,669955.0,696263.7999999999,696264.0,0.0,26309.0,26309.0,False
2019-01-14 06:46:00,652813.0,696263.7999999999,696264.0,0.0,43451.0,43451.0,False
2019-01-14 06:47:00,638826.0,696263.7999999999,696264.0,0.0,57438.0,57438.0,False
2019-01-14 06:48:00,655473.0,696263.7999999999,696264.0,0.0,40791.0,40791.0,False
2019-01-14 06:49:00,657186.0,696263.7999999999,696264.0,0.0,39078.0,39078.0,False
2019-01-14 06:50:00,668879.0,696263.7999999999,696264.0,0.0,27385.0,27385.0,False
2019-01-14 06:51:00,645687.0,696263.7999999999,696264.0,0.0,50577.0,50577.0,False
2019-01-14 06:52:00,629315.0,696263.7999999999,696264.0,0.0,66949.0,66949.0,False
2019-01-14 06:53:00,617971.0,696263.7999999999,696264.0,0.0,78293.0,78293.0,False
2019-01-14 06:54:00,637702.0,696263.7999999999,696264.0,0.0,58562.0,58562.0,False
2019-01-14 06:55:00,649616.0,696263.7999999999,696264.0,0.0,46648.0,46648.0,False
2019-01-14 06:56:00,610571.0,696263.7999999999,696264.0,0.0,85693.0,85693.0,False
2019-01-14 06:57:00,678967.0,696263.7999999999,696264.0,0.0,17297.0,17297.0,False
2019-01-14 06:58:00,625666.0,696263.7999999999,696264.0,0.0,70598.0,70598.0,False
2019-01-14 06:59:00,593984.0,696263.7999999999,696264.0,0.0,102280.0,102280.0,False
2019-01-14 07:00:00,732733.0,696263.7999999999,696264.0,36469.0,0.0,364690.0,False
2019-01-14 07:01:00,687551.0,696263.7999999999,696264.0,0.0,8713.0,8713.0,False
2019-01-14 07:02:00,684670.0,696263.7999999999,696264.0,0.0,11594.0,11594.0,False
2019-01-14 07:03:00,673223.0,696263.7999999999,696264.0,0.0,23041.0,23041.0,False
2019-01-14 07:04:00,682269.0,696263.7999999999,696264.0,0.0,13995.0,13995.0,False
2019-01-14 07:05:00,667838.0,696263.7999999999,696264.0,0.0,28426.0,28426.0,False
2019-01-14 07:06:00,731007.0,696263.7999999999,696264.0,34743.0,0.0,347430.0,False
2019-01-14 07:07:00,732876.0,696263.7999999999,696264.0,36612.0,0.0,366120.0,False
2019-01-14 07:08:00,723653.0,696263.7999999999,696264.0,27389.0,0.0,273890.0,False
2019-01-14 07:09:00,705345.0,696263.7999999999,696264.0,9081.0,0.0,90810.0,False
2019-01-14 07:10:00,694661.0,696263.7999999999,696264.0,0.0,1603.0,1603.0,False
2019-01-14 07:11:00,650565.0,696263.7999999999,696264.0,0.0,45699.0,45699.0,False
2019-01-14 07:12:00,626170.0,696263.7999999999,696264.0,0.0,70094.0,70094.0,False
2019-01-14 07:13:00,662314.0,696263.7999999999,696264.0,0.0,33950.0,33950.0,False
2019-01-14 07:14:00,638352.0,696263.7999999999,696264.0,0.0,57912.0,57912.0,False
2019-01-14 07:15:00,671440.0,696263.7999999999,696264.0,0.0,24824.0,24824.0,False
2019-01-14 07:16:00,662209.0,696263.7999999999,696264.0,0.0,34055.0,34055.0,False
2019-01-14 07:17:00,656046.0,696263.7999999999,696264.0,0.0,40218.0,40218.0,False
2019-01-14 07:18:00,659270.0,696263.7999999999,696264.0,0.0,36994.0,36994.0,False
2019-01-14 07:19:00,650664.0,696263.7999999999,696264.0,0.0,45600.0,45600.0,False
2019-01-14 07:20:00,700867.0,696263.7999999999,696264.0,4603.0,0.0,46030.0,False
2019-01-14 07:21:00,677473.0,696263.7999999999,696264.0,0.0,18791.0,18791.0,False
2019-01-14 07:22:00,692621.0,696263.7999999999,696264.0,0.0,3643.0,3643.0,False
2019-01-14 07:23:00,660290.0,696263.7999999999,696264.0,0.0,35974.0,35974.0,False
2019-01-14 07:24:00,650556.0,696263.7999999999,696264.0,0.0,45708.0,45708.0,False
2019-01-14 07:25:00,653108.0,696263.7999999999,696264.0,0.0,43156.0,43156.0,False
2019-01-14 07:26:00,649248.0,696263.7999999999,696264.0,0.0,47016.0,47016.0,False
2019-01-14 07:27:00,641227.0,696263.7999999999,696264.0,0.0,55037.0,55037.0,False
2019-01-14 07:28:00,646478.0,696263.7999999999,696264.0,0.0,49786.0,49786.0,False
2019-01-14 07:29:00,650106.0,696263.7999999999,696264.0,0.0,46158.0,46158.0,False
2019-01-14 07:30:00,683820.0,696263.7999999999,696264.0,0.0,12444.0,12444.0,False
2019-01-14 07:31:00,691831.0,696263.7999999999,696264.0,0.0,4433.0,4433.0,False
2019-01-14 07:32:00,681811.0,696263.7999999999,696264.0,0.0,14453.0,14453.0,False
2019-01-14 07:33:00,669725.0,696263.7999999999,696264.0,0.0,26539.0,26539.0,False
2019-01-14 07:34:00,654064.0,696263.7999999999,696264.0,0.0,42200.0,42200.0,False
2019-01-14 07:35:00,664397.0,696263.7999999999,696264.0,0.0,31867.0,31867.0,False
2019-01-14 07:36:00,657164.0,696263.7999999999,696264.0,0.0,39100.0,39100.0,False
2019-01-14 07:37:00,648269.0,696263.7999999999,696264.0,0.0,47995.0,47995.0,False
2019-01-14 07:38:00,634011.0,696263.7999999999,696264.0,0.0,62253.0,62253.0,False
2019-01-14 07:39:00,642360.0,696263.7999999999,696264.0,0.0,53904.0,53904.0,False
2019-01-14 07:40:00,674563.0,696263.7999999999,696264.0,0.0,21701.0,21701.0,False
2019-01-14 07:41:00,679018.0,696263.7999999999,696264.0,0.0,17246.0,17246.0,False
2019-01-14 07:42:00,719074.0,696263.7999999999,696264.0,22810.0,0.0,228100.0,False
2019-01-14 07:43:00,685398.0,696263.7999999999,696264.0,0.0,10866.0,10866.0,False
2019-01-14 07:44:00,657208.0,696263.7999999999,696264.0,0.0,39056.0,39056.0,False
2019-01-14 07:45:00,683871.0,696263.7999999999,696264.0,0.0,12393.0,12393.0,False
2019-01-14 07:46:00,670640.0,696263.7999999999,696264.0,0.0,25624.0,25624.0,False
2019-01-14 07:47:00,666924.0,696263.7999999999,696264.0,0.0,29340.0,29340.0,False
2019-01-14 07:48:00,666366.0,696263.7999999999,696264.0,0.0,29898.0,29898.0,False
2019-01-14 07:49:00,653233.0,696263.7999999999,696264.0,0.0,43031.0,43031.0,False
2019-01-14 07:50:00,671816.0,696263.7999999999,696264.0,0.0,24448.0,24448.0,False
2019-01-14 07:51:00,685568.0,696263.7999999999,696264.0,0.0,10696.0,10696.0,False
2019-01-14 07:52:00,680803.0,696263.7999999999,696264.0,0.0,15461.0,15461.0,False
2019-01-14 07:53:00,613708.0,696263.7999999999,696264.0,0.0,82556.0,82556.0,False
2019-01-14 07:54:00,670584.0,696263.7999999999,696264.0,0.0,25680.0,25680.0,False
2019-01-14 07:55:00,673500.0,696263.7999999999,696264.0,0.0,22764.0,22764.0,False
2019-01-14 07:56:00,645388.0,696263.7999999999,696264.0,0.0,50876.0,50876.0,False
2019-01-14 07:57:00,637624.0,696263.7999999999,696264.0,0.0,58640.0,58640.0,False
2019-01-14 07:58:00,640301.0,696263.7999999999,696264.0,0.0,55963.0,55963.0,False
2019-01-14 07:59:00,666048.0,696263.7999999999,696264.0,0.0,30216.0,30216.0,False
2019-01-14 08:00:00,777449.0,696263.7999999999,696264.0,81185.0,0.0,811850.0,False
2019-01-14 08:01:00,728456.0,696263.7999999999,696264.0,32192.0,0.0,321920.0,False
2019-01-14 08:02:00,728894.0,696263.7999999999,696264.0,32630.0,0.0,326300.0,False
2019-01-14 08:03:00,706179.0,696263.7999999999,696264.0,9915.0,0.0,99150.0,False
2019-01-14 08:04:00,665804.0,696263.7999999999,696264.0,0.0,30460.0,30460.0,False
2019-01-14 08:05:00,685641.0,696263.7999999999,696264.0,0.0,10623.0,10623.0,False
2019-01-14 08:06:00,714086.0,696263.7999999999,696264.0,17822.0,0.0,178220.0,False
2019-01-14 08:07:00,745982.0,696263.7999999999,696264.0,49718.0,0.0,497180.0,False
2019-01-14 08:08:00,692925.0,696263.7999999999,696264.0,0.0,3339.0,3339.0,False
2019-01-14 08:09:00,732017.0,696263.7999999999,696264.0,35753.0,0.0,357530.0,False
2019-01-14 08:10:00,752072.0,696263.7999999999,696264.0,55808.0,0.0,558080.0,False
2019-01-14 08:11:00,688850.0,696263.7999999999,696264.0,0.0,7414.0,7414.0,False
2019-01-14 08:12:00,680890.0,696263.7999999999,696264.0,0.0,15374.0,15374.0,False
2019-01-14 08:13:00,677754.0,696263.7999999999,696264.0,0.0,18510.0,18510.0,False
2019-01-14 08:14:00,702301.0,696263.7999999999,696264.0,6037.0,0.0,60370.0,False
2019-01-14 08:15:00,677834.0,696263.7999999999,696264.0,0.0,18430.0,18430.0,False
2019-01-14 08:16:00,661203.0,696263.7999999999,696264.0,0.0,35061.0,35061.0,False
2019-01-14 08:17:00,641663.0,696263.7999999999,696264.0,0.0,54601.0,54601.0,False
2019-01-14 08:18:00,673638.0,696263.7999999999,696264.0,0.0,22626.0,22626.0,False
2019-01-14 08:19:00,654752.0,696263.7999999999,696264.0,0.0,41512.0,41512.0,False
2019-01-14 08:20:00,668647.0,696263.7999999999,696264.0,0.0,27617.0,27617.0,False
2019-01-14 08:21:00,670467.0,696263.7999999999,696264.0,0.0,25797.0,25797.0,False
2019-01-14 08:22:00,665844.0,696263.7999999999,696264.0,0.0,30420.0,30420.0,False
2019-01-14 08:23:00,651876.0,696263.7999999999,696264.0,0.0,44388.0,44388.0,False
2019-01-14 08:24:00,641749.0,696263.7999999999,696264.0,0.0,54515.0,54515.0,False
2019-01-14 08:25:00,666666.0,696263.7999999999,696264.0,0.0,29598.0,29598.0,False
2019-01-14 08:26:00,653309.0,696263.7999999999,696264.0,0.0,42955.0,42955.0,False
2019-01-14 08:27:00,618999.0,696263.7999999999,696264.0,0.0,77265.0,77265.0,False
2019-01-14 08:28:00,639577.0,696263.7999999999,696264.0,0.0,56687.0,56687.0,False
2019-01-14 08:29:00,625300.0,696263.7999999999,696264.0,0.0,70964.0,70964.0,False
2019-01-14 08:30:00,652429.0,696263.7999999999,696264.0,0.0,43835.0,43835.0,False
2019-01-14 08:31:00,681190.0,696263.7999999999,696264.0,0.0,15074.0,15074.0,False
2019-01-14 08:32:00,671928.0,696263.7999999999,696264.0,0.0,24336.0,24336.0,False
2019-01-14 08:33:00,668624.0,696263.7999999999,696264.0,0.0,27640.0,27640.0,False
2019-01-14 08:34:00,647810.0,696263.7999999999,696264.0,0.0,48454.0,48454.0,False
2019-01-14 08:35:00,688472.0,696263.7999999999,696264.0,0.0,7792.0,7792.0,False
2019-01-14 08:36:00,689046.0,696263.7999999999,696264.0,0.0,7218.0,7218.0,False
2019-01-14 08:37:00,670848.0,696263.7999999999,696264.0,0.0,25416.0,25416.0,False
2019-01-14 08:38:00,652432.0,696263.7999999999,696264.0,0.0,43832.0,43832.0,False
2019-01-14 08:39:00,646200.0,696263.7999999999,696264.0,0.0,50064.0,50064.0,False
2019-01-14 08:40:00,680669.0,696263.7999999999,696264.0,0.0,15595.0,15595.0,False
2019-01-14 08:41:00,659747.0,696263.7999999999,696264.0,0.0,36517.0,36517.0,False
2019-01-14 08:42:00,667818.0,696263.7999999999,696264.0,0.0,28446.0,28446.0,False
2019-01-14 08:43:00,675868.0,696263.7999999999,696264.0,0.0,20396.0,20396.0,False
2019-01-14 08:44:00,656799.0,696263.7999999999,696264.0,0.0,39465.0,39465.0,False
2019-01-14 08:45:00,681395.0,696263.7999999999,696264.0,0.0,14869.0,14869.0,False
2019-01-14 08:46:00,668001.0,696263.7999999999,696264.0,0.0,28263.0,28263.0,False
2019-01-14 08:47:00,667945.0,696263.7999999999,696264.0,0.0,28319.0,28319.0,False
2019-01-14 08:48:00,678172.0,696263.7999999999,696264.0,0.0,18092.0,18092.0,False
2019-01-14 08:49:00,667031.0,696263.7999999999,696264.0,0.0,29233.0,29233.0,False
2019-01-14 08:50:00,678839.0,696263.7999999999,696264.0,0.0,17425.0,17425.0,False
2019-01-14 08:51:00,647672.0,696263.7999999999,696264.0,0.0,48592.0,48592.0,False
2019-01-14 08:52:00,659282.0,696263.7999999999,696264.0,0.0,36982.0,36982.0,False
2019-01-14 08:53:00,652899.0,696263.7999999999,696264.0,0.0,43365.0,43365.0,False
2019-01-14 08:54:00,656942.0,696263.7999999999,696264.0,0.0,39322.0,39322.0,False
2019-01-14 08:55:00,689883.0,696263.7999999999,696264.0,0.0,6381.0,6381.0,False
2019-01-14 08:56:00,675873.0,696263.7999999999,696264.0,0.0,20391.0,20391.0,False
2019-01-14 08:57:00,673108.0,696263.7999999999,696264.0,0.0,23156.0,23156.0,False
2019-01-14 08:58:00,655842.0,696263.7999999999,696264.0,0.0,40422.0,40422.0,False
2019-01-14 08:59:00,649430.0,696263.7999999999,696264.0,0.0,46834.0,46834.0,False
2019-01-14 09:00:00,740629.0,696263.7999999999,696264.0,44365.0,0.0,443650.0,False
2019-01-14 09:01:00,714909.0,696263.7999999999,696264.0,18645.0,0.0,186450.0,False
2019-01-14 09:02:00,718401.0,696263.7999999999,696264.0,22137.0,0.0,221370.0,False
2019-01-14 09:03:00,701506.0,696263.7999999999,696264.0,5242.0,0.0,52420.0,False
2019-01-14 09:04:00,669117.0,696263.7999999999,696264.0,0.0,27147.0,27147.0,False
2019-01-14 09:05:00,687572.0,696263.7999999999,696264.0,0.0,8692.0,8692.0,False
2019-01-14 09:06:00,719695.0,696263.7999999999,696264.0,23431.0,0.0,234310.0,False
2019-01-14 09:07:00,775031.0,696263.7999999999,696264.0,78767.0,0.0,787670.0,False
2019-01-14 09:08:00,765094.0,696263.7999999999,696264.0,68830.0,0.0,688300.0,False
2019-01-14 09:09:00,770168.0,696263.7999999999,696264.0,73904.0,0.0,739040.0,False
2019-01-14 09:10:00,786559.0,696263.7999999999,696264.0,90295.0,0.0,902950.0,True
2019-01-14 09:11:00,691588.0,696263.7999999999,696264.0,0.0,4676.0,4676.0,False
2019-01-14 09:12:00,670145.0,696263.7999999999,696264.0,0.0,26119.0,26119.0,False
2019-01-14 09:13:00,688286.0,696263.7999999999,696264.0,0.0,7978.0,7978.0,False
2019-01-14 09:14:00,680151.0,696263.7999999999,696264.0,0.0,16113.0,16113.0,False
2019-01-14 09:15:00,696329.0,696263.7999999999,696264.0,65.0,0.0,650.0,False
2019-01-14 09:16:00,687818.0,696263.7999999999,696264.0,0.0,8446.0,8446.0,False
2019-01-14 09:17:00,676535.0,696263.7999999999,696264.0,0.0,19729.0,19729.0,False
2019-01-14 09:18:00,662186.0,696263.7999999999,696264.0,0.0,34078.0,34078.0,False
2019-01-14 09:19:00,663260.0,696263.7999999999,696264.0,0.0,33004.0,33004.0,False
2019-01-14 09:20:00,676233.0,696263.7999999999,696264.0,0.0,20031.0,20031.0,False
2019-01-14 09:21:00,674960.0,696263.7999999999,696264.0,0.0,21304.0,21304.0,False
2019-01-14 09:22:00,682510.0,696263.7999999999,696264.0,0.0,13754.0,13754.0,False
2019-01-14 09:23:00,692175.0,696263.7999999999,696264.0,0.0,4089.0,4089.0,False
2019-01-14 09:24:00,674646.0,696263.7999999999,696264.0,0.0,21618.0,21618.0,False
2019-01-14 09:25:00,692021.0,696263.7999999999,696264.0,0.0,4243.0,4243.0,False
2019-01-14 09:26:00,678080.0,696263.7999999999,696264.0,0.0,18184.0,18184.0,False
2019-01-14 09:27:00,672678.0,696263.7999999999,696264.0,0.0,23586.0,23586.0,False
2019-01-14 09:28:00,652276.0,696263.7999999999,696264.0,0.0,43988.0,43988.0,False
2019-01-14 09:29:00,626011.0,696263.7999999999,696264.0,0.0,70253.0,70253.0,False
2019-01-14 09:30:00,703216.0,696263.7999999999,696264.0,6952.0,0.0,69520.0,False
2019-01-14 09:31:00,688930.0,696263.7999999999,696264.0,0.0,7334.0,7334.0,False
2019-01-14 09:32:00,675681.0,696263.7999999999,696264.0,0.0,20583.0,20583.0,False
2019-01-14 09:33:00,680449.0,696263.7999999999,696264.0,0.0,15815.0,15815.0,False
2019-01-14 09:34:00,647808.0,696263.7999999999,696264.0,0.0,48456.0,48456.0,False
2019-01-14 09:35:00,675448.0,696263.7999999999,696264.0,0.0,20816.0,20816.0,False
2019-01-14 09:36:00,673288.0,696263.7999999999,696264.0,0.0,22976.0,22976.0,False
2019-01-14 09:37:00,651606.0,696263.7999999999,696264.0,0.0,44658.0,44658.0,False
2019-01-14 09:38:00,662221.0,696263.7999999999,696264.0,0.0,34043.0,34043.0,False
2019-01-14 09:39:00,666745.0,696263.7999999999,696264.0,0.0,29519.0,29519.0,False
2019-01-14 09:40:00,686699.0,696263.7999999999,696264.0,0.0,9565.0,9565.0,False
2019-01-14 09:41:00,654241.0,696263.7999999999,696264.0,0.0,42023.0,42023.0,False
2019-01-14 09:42:00,667669.0,696263.7999999999,696264.0,0.0,28595.0,28595.0,False
2019-01-14 09:43:00,685617.0,696263.7999999999,696264.0,0.0,10647.0,10647.0,False
2019-01-14 09:44:00,650930.0,696263.7999999999,696264.0,0.0,45334.0,45334.0,False
2019-01-14 09:45:00,687839.0,696263.7999999999,696264.0,0.0,8425.0,8425.0,False
2019-01-14 09:46:00,700489.0,696263.7999999999,696264.0,4225.0,0.0,42250.0,False
2019-01-14 09:47:00,675243.0,696263.7999999999,696264.0,0.0,21021.0,21021.0,False
2019-01-14 09:48:00,680024.0,696263.7999999999,696264.0,0.0,16240.0,16240.0,False
2019-01-14 09:49:00,661041.0,696263.7999999999,696264.0,0.0,35223.0,35223.0,False
2019-01-14 09:50:00,636701.0,696263.7999999999,696264.0,0.0,59563.0,59563.0,False
2019-01-14 09:51:00,644088.0,696263.7999999999,696264.0,0.0,52176.0,52176.0,False
2019-01-14 09:52:00,656196.0,696263.7999999999,696264.0,0.0,40068.0,40068.0,False
2019-01-14 09:53:00,627141.0,696263.7999999999,696264.0,0.0,69123.0,69123.0,False
2019-01-14 09:54:00,622829.0,696263.7999999999,696264.0,0.0,73435.0,73435.0,False
2019-01-14 09:55:00,650976.0,696263.7999999999,696264.0,0.0,45288.0,45288.0,False
2019-01-14 09:56:00,653012.0,696263.7999999999,696264.0,0.0,43252.0,43252.0,False
2019-01-14 09:57:00,649299.0,696263.7999999999,696264.0,0.0,46965.0,46965.0,False
2019-01-14 09:58:00,649663.0,696263.7999999999,696264.0,0.0,46601.0,46601.0,False
2019-01-14 09:59:00,649473.0,696263.7999999999,696264.0,0.0,46791.0,46791.0,False
2019-01-14 10:00:00,744728.0,696263.7999999999,696264.0,48464.0,0.0,484640.0,False
2019-01-14 10:01:00,710968.0,696263.7999999999,696264.0,14704.0,0.0,147040.0,False
2019-01-14 10:02:00,647593.0,696263.7999999999,696264.0,0.0,48671.0,48671.0,False
2019-01-14 10:03:00,669281.0,696263.7999999999,696264.0,0.0,26983.0,26983.0,False
2019-01-14 10:04:00,667491.0,696263.7999999999,696264.0,0.0,28773.0,28773.0,False
2019-01-14 10:05:00,672615.0,696263.7999999999,696264.0,0.0,23649.0,23649.0,False
2019-01-14 10:06:00,745045.0,696263.7999999999,696264.0,48781.0,0.0,487810.0,False
2019-01-14 10:07:00,831890.0,696263.7999999999,696264.0,135626.0,0.0,1356260.0,True
2019-01-14 10:08:00,813099.0,696263.7999999999,696264.0,116835.0,0.0,1168350.0,True
2019-01-14 10:09:00,646409.0,696263.7999999999,696264.0,0.0,49855.0,49855.0,False
2019-01-14 10:10:00,666122.0,696263.7999999999,696264.0,0.0,30142.0,30142.0,False
2019-01-14 10:11:00,673414.0,696263.7999999999,696264.0,0.0,22850.0,22850.0,False
2019-01-14 10:12:00,667635.0,696263.7999999999,696264.0,0.0,28629.0,28629.0,False
2019-01-14 10:13:00,684217.0,696263.7999999999,696264.0,0.0,12047.0,12047.0,False
2019-01-14 10:14:00,652581.0,696263.7999999999,696264.0,0.0,43683.0,43683.0,False
2019-01-14 10:15:00,690042.0,696263.7999999999,696264.0,0.0,6222.0,6222.0,False
2019-01-14 10:16:00,683727.0,696263.7999999999,696264.0,0.0,12537.0,12537.0,False
2019-01-14 10:17:00,689709.0,696263.7999999999,696264.0,0.0,6555.0,6555.0,False
2019-01-14 10:18:00,683678.0,696263.7999999999,696264.0,0.0,12586.0,12586.0,False
2019-01-14 10:19:00,659764.0,696263.7999999999,696264.0,0.0,36500.0,36500.0,False
2019-01-14 10:20:00,686419.0,696263.7999999999,696264.0,0.0,9845.0,9845.0,False
2019-01-14 10:21:00,671644.0,696263.7999999999,696264.0,0.0,24620.0,24620.0,False
2019-01-14 10:22:00,682660.0,696263.7999999999,696264.0,0.0,13604.0,13604.0,False
2019-01-14 10:23:00,669696.0,696263.7999999999,696264.0,0.0,26568.0,26568.0,False
2019-01-14 10:24:00,639658.0,696263.7999999999,696264.0,0.0,56606.0,56606.0,False
2019-01-14 10:25:00,634712.0,696263.7999999999,696264.0,0.0,61552.0,61552.0,False
2019-01-14 10:26:00,654334.0,696263.7999999999,696264.0,0.0,41930.0,41930.0,False
2019-01-14 10:27:00,649003.0,696263.7999999999,696264.0,0.0,47261.0,47261.0,False
2019-01-14 10:28:00,594801.0,696263.7999999999,696264.0,0.0,101463.0,101463.0,False
2019-01-14 10:29:00,612645.0,696263.7999999999,696264.0,0.0,83619.0,83619.0,False
2019-01-14 10:30:00,692248.0,696263.7999999999,696264.0,0.0,4016.0,4016.0,False
2019-01-14 10:31:00,667742.0,696263.7999999999,696264.0,0.0,28522.0,28522.0,False
2019-01-14 10:32:00,640824.0,696263.7999999999,696264.0,0.0,55440.0,55440.0,False
2019-01-14 10:33:00,607017.0,696263.7999999999,696264.0,0.0,89247.0,89247.0,False
2019-01-14 10:34:00,631999.0,696263.7999999999,696264.0,0.0,64265.0,64265.0,False
2019-01-14 10:35:00,635537.0,696263.7999999999,696264.0,0.0,60727.0,60727.0,False
2019-01-14 10:36:00,605726.0,696263.7999999999,696264.0,0.0,90538.0,90538.0,False
2019-01-14 10:37:00,623147.0,696263.7999999999,696264.0,0.0,73117.0,73117.0,False
2019-01-14 10:38:00,657828.0,696263.7999999999,696264.0,0.0,38436.0,38436.0,False
2019-01-14 10:39:00,645716.0,696263.7999999999,696264.0,0.0,50548.0,50548.0,False
2019-01-14 10:40:00,670169.0,696263.7999999999,696264.0,0.0,26095.0,26095.0,False
2019-01-14 10:41:00,646106.0,696263.7999999999,696264.0,0.0,50158.0,50158.0,False
2019-01-14 10:42:00,647548.0,696263.7999999999,696264.0,0.0,48716.0,48716.0,False
2019-01-14 10:43:00,639604.0,696263.7999999999,696264.0,0.0,56660.0,56660.0,False
2019-01-14 10:44:00,619499.0,696263.7999999999,696264.0,0.0,76765.0,76765.0,False
2019-01-14 10:45:00,635215.0,696263.7999999999,696264.0,0.0,61049.0,61049.0,False
2019-01-14 10:46:00,638273.0,696263.7999999999,696264.0,0.0,57991.0,57991.0,False
2019-01-14 10:47:00,641732.0,696263.7999999999,696264.0,0.0,54532.0,54532.0,False
2019-01-14 10:48:00,639966.0,696263.7999999999,696264.0,0.0,56298.0,56298.0,False
2019-01-14 10:49:00,615677.0,696263.7999999999,696264.0,0.0,80587.0,80587.0,False
2019-01-14 10:50:00,640985.0,696263.7999999999,696264.0,0.0,55279.0,55279.0,False
2019-01-14 10:51:00,615854.0,696263.7999999999,696264.0,0.0,80410.0,80410.0,False
2019-01-14 10:52:00,604547.0,696263.7999999999,696264.0,0.0,91717.0,91717.0,False
2019-01-14 10:53:00,600439.0,696263.7999999999,696264.0,0.0,95825.0,95825.0,False
2019-01-14 10:54:00,608249.0,696263.7999999999,696264.0,0.0,88015.0,88015.0,False
2019-01-14 10:55:00,643444.0,696263.7999999999,696264.0,0.0,52820.0,52820.0,False
2019-01-14 10:56:00,633786.0,696263.7999999999,696264.0,0.0,62478.0,62478.0,False
2019-01-14 10:57:00,641155.0,696263.7999999999,696264.0,0.0,55109.0,55109.0,False
2019-01-14 10:58:00,629122.0,696263.7999999999,696264.0,0.0,67142.0,67142.0,False
2019-01-14 10:59:00,631012.0,696263.7999999999,696264.0,0.0,65252.0,65252.0,False
2019-01-14 11:00:00,721881.0,696263.7999999999,696264.0,25617.0,0.0,256170.0,False
2019-01-14 11:01:00,680542.0,696263.7999999999,696264.0,0.0,15722.0,15722.0,False
2019-01-14 11:02:00,666735.0,696263.7999999999,696264.0,0.0,29529.0,29529.0,False
2019-01-14 11:03:00,654408.0,696263.7999999999,696264.0,0.0,41856.0,41856.0,False
2019-01-14 11:04:00,656911.0,696263.7999999999,696264.0,0.0,39353.0,39353.0,False
2019-01-14 11:05:00,665745.0,696263.7999999999,696264.0,0.0,30519.0,30519.0,False
2019-01-14 11:06:00,704589.0,696263.7999999999,696264.0,8325.0,0.0,83250.0,False
2019-01-14 11:07:00,727628.0,696263.7999999999,696264.0,31364.0,0.0,313640.0,False
2019-01-14 11:08:00,716151.0,696263.7999999999,696264.0,19887.0,0.0,198870.0,False
2019-01-14 11:09:00,707636.0,696263.7999999999,696264.0,11372.0,0.0,113720.0,False
2019-01-14 11:10:00,729727.0,696263.7999999999,696264.0,33463.0,0.0,334630.0,False
2019-01-14 11:11:00,709399.0,696263.7999999999,696264.0,13135.0,0.0,131350.0,False
2019-01-14 11:12:00,629363.0,696263.7999999999,696264.0,0.0,66901.0,66901.0,False
2019-01-14 11:13:00,636344.0,696263.7999999999,696264.0,0.0,59920.0,59920.0,False
2019-01-14 11:14:00,631246.0,696263.7999999999,696264.0,0.0,65018.0,65018.0,False
2019-01-14 11:15:00,669564.0,696263.7999999999,696264.0,0.0,26700.0,26700.0,False
2019-01-14 11:16:00,659571.0,696263.7999999999,696264.0,0.0,36693.0,36693.0,False
2019-01-14 11:17:00,641418.0,696263.7999999999,696264.0,0.0,54846.0,54846.0,False
2019-01-14 11:18:00,654700.0,696263.7999999999,696264.0,0.0,41564.0,41564.0,False
2019-01-14 11:19:00,627644.0,696263.7999999999,696264.0,0.0,68620.0,68620.0,False
2019-01-14 11:20:00,646752.0,696263.7999999999,696264.0,0.0,49512.0,49512.0,False
2019-01-14 11:21:00,633629.0,696263.7999999999,696264.0,0.0,62635.0,62635.0,False
2019-01-14 11:22:00,623825.0,696263.7999999999,696264.0,0.0,72439.0,72439.0,False
2019-01-14 11:23:00,622366.0,696263.7999999999,696264.0,0.0,73898.0,73898.0,False
2019-01-14 11:24:00,599977.0,696263.7999999999,696264.0,0.0,96287.0,96287.0,False
2019-01-14 11:25:00,630374.0,696263.7999999999,696264.0,0.0,65890.0,65890.0,False
2019-01-14 11:26:00,619149.0,696263.7999999999,696264.0,0.0,77115.0,77115.0,False
2019-01-14 11:27:00,617099.0,696263.7999999999,696264.0,0.0,79165.0,79165.0,False
2019-01-14 11:28:00,612139.0,696263.7999999999,696264.0,0.0,84125.0,84125.0,False
2019-01-14 11:29:00,618739.0,696263.7999999999,696264.0,0.0,77525.0,77525.0,False
2019-01-14 11:30:00,691799.0,696263.7999999999,696264.0,0.0,4465.0,4465.0,False
2019-01-14 11:31:00,660837.0,696263.7999999999,696264.0,0.0,35427.0,35427.0,False
2019-01-14 11:32:00,641571.0,696263.7999999999,696264.0,0.0,54693.0,54693.0,False
2019-01-14 11:33:00,641490.0,696263.7999999999,696264.0,0.0,54774.0,54774.0,False
2019-01-14 11:34:00,631144.0,696263.7999999999,696264.0,0.0,65120.0,65120.0,False
2019-01-14 11:35:00,643329.0,696263.7999999999,696264.0,0.0,52935.0,52935.0,False
2019-01-14 11:36:00,640689.0,696263.7999999999,696264.0,0.0,55575.0,55575.0,False
2019-01-14 11:37:00,623986.0,696263.7999999999,696264.0,0.0,72278.0,72278.0,False
2019-01-14 11:38:00,614496.0,696263.7999999999,696264.0,0.0,81768.0,81768.0,False
2019-01-14 11:39:00,608629.0,696263.7999999999,696264.0,0.0,87635.0,87635.0,False
2019-01-14 11:40:00,644785.0,696263.7999999999,696264.0,0.0,51479.0,51479.0,False
2019-01-14 11:41:00,621814.0,696263.7999999999,696264.0,0.0,74450.0,74450.0,False
2019-01-14 11:42:00,618576.0,696263.7999999999,696264.0,0.0,77688.0,77688.0,False
2019-01-14 11:43:00,612963.0,696263.7999999999,696264.0,0.0,83301.0,83301.0,False
2019-01-14 11:44:00,625762.0,696263.7999999999,696264.0,0.0,70502.0,70502.0,False
2019-01-14 11:45:00,652460.0,696263.7999999999,696264.0,0.0,43804.0,43804.0,False
2019-01-14 11:46:00,649213.0,696263.7999999999,696264.0,0.0,47051.0,47051.0,False
2019-01-14 11:47:00,652162.0,696263.7999999999,696264.0,0.0,44102.0,44102.0,False
2019-01-14 11:48:00,636488.0,696263.7999999999,696264.0,0.0,59776.0,59776.0,False
2019-01-14 11:49:00,611346.0,696263.7999999999,696264.0,0.0,84918.0,84918.0,False
2019-01-14 11:50:00,637409.0,696263.7999999999,696264.0,0.0,58855.0,58855.0,False
2019-01-14 11:51:00,634353.0,696263.7999999999,696264.0,0.0,61911.0,61911.0,False
2019-01-14 11:52:00,618924.0,696263.7999999999,696264.0,0.0,77340.0,77340.0,False
2019-01-14 11:53:00,632806.0,696263.7999999999,696264.0,0.0,63458.0,63458.0,False
2019-01-14 11:54:00,636917.0,696263.7999999999,696264.0,0.0,59347.0,59347.0,False
2019-01-14 11:55:00,641165.0,696263.7999999999,696264.0,0.0,55099.0,55099.0,False
2019-01-14 11:56:00,630171.0,696263.7999999999,696264.0,0.0,66093.0,66093.0,False
2019-01-14 11:57:00,624934.0,696263.7999999999,696264.0,0.0,71330.0,71330.0,False
2019-01-14 11:58:00,636242.0,696263.7999999999,696264.0,0.0,60022.0,60022.0,False
2019-01-14 11:59:00,630985.0,696263.7999999999,696264.0,0.0,65279.0,65279.0,False
2019-01-14 12:00:00,741291.0,696263.7999999999,696264.0,45027.0,0.0,450270.0,False
2019-01-14 12:01:00,698946.0,696263.7999999999,696264.0,2682.0,0.0,26820.0,False
2019-01-14 12:02:00,687885.0,696263.7999999999,696264.0,0.0,8379.0,8379.0,False
2019-01-14 12:03:00,683916.0,696263.7999999999,696264.0,0.0,12348.0,12348.0,False
2019-01-14 12:04:00,653657.0,696263.7999999999,696264.0,0.0,42607.0,42607.0,False
2019-01-14 12:05:00,667422.0,696263.7999999999,696264.0,0.0,28842.0,28842.0,False
2019-01-14 12:06:00,727525.0,696263.7999999999,696264.0,31261.0,0.0,312610.0,False
2019-01-14 12:07:00,742209.0,696263.7999999999,696264.0,45945.0,0.0,459450.0,False
2019-01-14 12:08:00,693795.0,696263.7999999999,696264.0,0.0,2469.0,2469.0,False
2019-01-14 12:09:00,731649.0,696263.7999999999,696264.0,35385.0,0.0,353850.0,False
2019-01-14 12:10:00,718279.0,696263.7999999999,696264.0,22015.0,0.0,220150.0,False
2019-01-14 12:11:00,658340.0,696263.7999999999,696264.0,0.0,37924.0,37924.0,False
2019-01-14 12:12:00,631281.0,696263.7999999999,696264.0,0.0,64983.0,64983.0,False
2019-01-14 12:13:00,653198.0,696263.7999999999,696264.0,0.0,43066.0,43066.0,False
2019-01-14 12:14:00,665613.0,696263.7999999999,696264.0,0.0,30651.0,30651.0,False
2019-01-14 12:15:00,674893.0,696263.7999999999,696264.0,0.0,21371.0,21371.0,False
2019-01-14 12:16:00,679167.0,696263.7999999999,696264.0,0.0,17097.0,17097.0,False
2019-01-14 12:17:00,700858.0,696263.7999999999,696264.0,4594.0,0.0,45940.0,False
2019-01-14 12:18:00,713195.0,696263.7999999999,696264.0,16931.0,0.0,169310.0,False
2019-01-14 12:19:00,682285.0,696263.7999999999,696264.0,0.0,13979.0,13979.0,False
2019-01-14 12:20:00,681529.0,696263.7999999999,696264.0,0.0,14735.0,14735.0,False
2019-01-14 12:21:00,657407.0,696263.7999999999,696264.0,0.0,38857.0,38857.0,False
2019-01-14 12:22:00,649693.0,696263.7999999999,696264.0,0.0,46571.0,46571.0,False
2019-01-14 12:23:00,634782.0,696263.7999999999,696264.0,0.0,61482.0,61482.0,False
2019-01-14 12:24:00,640529.0,696263.7999999999,696264.0,0.0,55735.0,55735.0,False
2019-01-14 12:25:00,634926.0,696263.7999999999,696264.0,0.0,61338.0,61338.0,False
2019-01-14 12:26:00,645115.0,696263.7999999999,696264.0,0.0,51149.0,51149.0,False
2019-01-14 12:27:00,620424.0,696263.7999999999,696264.0,0.0,75840.0,75840.0,False
2019-01-14 12:28:00,635618.0,696263.7999999999,696264.0,0.0,60646.0,60646.0,False
2019-01-14 12:29:00,638888.0,696263.7999999999,696264.0,0.0,57376.0,57376.0,False
2019-01-14 12:30:00,714200.0,696263.7999999999,696264.0,17936.0,0.0,179360.0,False
2019-01-14 12:31:00,699087.0,696263.7999999999,696264.0,2823.0,0.0,28230.0,False
2019-01-14 12:32:00,658264.0,696263.7999999999,696264.0,0.0,38000.0,38000.0,False
2019-01-14 12:33:00,661807.0,696263.7999999999,696264.0,0.0,34457.0,34457.0,False
2019-01-14 12:34:00,646959.0,696263.7999999999,696264.0,0.0,49305.0,49305.0,False
2019-01-14 12:35:00,657896.0,696263.7999999999,696264.0,0.0,38368.0,38368.0,False
2019-01-14 12:36:00,672032.0,696263.7999999999,696264.0,0.0,24232.0,24232.0,False
2019-01-14 12:37:00,655989.0,696263.7999999999,696264.0,0.0,40275.0,40275.0,False
2019-01-14 12:38:00,645853.0,696263.7999999999,696264.0,0.0,50411.0,50411.0,False
2019-01-14 12:39:00,651286.0,696263.7999999999,696264.0,0.0,44978.0,44978.0,False
2019-01-14 12:40:00,686312.0,696263.7999999999,696264.0,0.0,9952.0,9952.0,False
2019-01-14 12:41:00,664652.0,696263.7999999999,696264.0,0.0,31612.0,31612.0,False
2019-01-14 12:42:00,666079.0,696263.7999999999,696264.0,0.0,30185.0,30185.0,False
2019-01-14 12:43:00,672824.0,696263.7999999999,696264.0,0.0,23440.0,23440.0,False
2019-01-14 12:44:00,654228.0,696263.7999999999,696264.0,0.0,42036.0,42036.0,False
2019-01-14 12:45:00,687398.0,696263.7999999999,696264.0,0.0,8866.0,8866.0,False
2019-01-14 12:46:00,684646.0,696263.7999999999,696264.0,0.0,11618.0,11618.0,False
2019-01-14 12:47:00,692190.0,696263.7999999999,696264.0,0.0,4074.0,4074.0,False
2019-01-14 12:48:00,688334.0,696263.7999999999,696264.0,0.0,7930.0,7930.0,False
2019-01-14 12:49:00,665056.0,696263.7999999999,696264.0,0.0,31208.0,31208.0,False
2019-01-14 12:50:00,686171.0,696263.7999999999,696264.0,0.0,10093.0,10093.0,False
2019-01-14 12:51:00,687858.0,696263.7999999999,696264.0,0.0,8406.0,8406.0,False
2019-01-14 12:52:00,692230.0,696263.7999999999,696264.0,0.0,4034.0,4034.0,False
2019-01-14 12:53:00,670490.0,696263.7999999999,696264.0,0.0,25774.0,25774.0,False
2019-01-14 12:54:00,672584.0,696263.7999999999,696264.0,0.0,23680.0,23680.0,False
2019-01-14 12:55:00,680513.0,696263.7999999999,696264.0,0.0,15751.0,15751.0,False
2019-01-14 12:56:00,656299.0,696263.7999999999,696264.0,0.0,39965.0,39965.0,False
2019-01-14 12:57:00,652936.0,696263.7999999999,696264.0,0.0,43328.0,43328.0,False
2019-01-14 12:58:00,663658.0,696263.7999999999,696264.0,0.0,32606.0,32606.0,False
2019-01-14 12:59:00,630999.0,696263.7999999999,696264.0,0.0,65265.0,65265.0,False
2019-01-14 13:00:00,740497.0,696263.7999999999,696264.0,44233.0,0.0,442330.0,False
2019-01-14 13:01:00,705767.0,696263.7999999999,696264.0,9503.0,0.0,95030.0,False
2019-01-14 13:02:00,697609.0,696263.7999999999,696264.0,1345.0,0.0,13450.0,False
2019-01-14 13:03:00,681619.0,696263.7999999999,696264.0,0.0,14645.0,14645.0,False
2019-01-14 13:04:00,664706.0,696263.7999999999,696264.0,0.0,31558.0,31558.0,False
2019-01-14 13:05:00,721562.0,696263.7999999999,696264.0,25298.0,0.0,252980.0,False
2019-01-14 13:06:00,734820.0,696263.7999999999,696264.0,38556.0,0.0,385560.0,False
2019-01-14 13:07:00,734894.0,696263.7999999999,696264.0,38630.0,0.0,386300.0,False
2019-01-14 13:08:00,744367.0,696263.7999999999,696264.0,48103.0,0.0,481030.0,False
2019-01-14 13:09:00,735943.0,696263.7999999999,696264.0,39679.0,0.0,396790.0,False
2019-01-14 13:10:00,749838.0,696263.7999999999,696264.0,53574.0,0.0,535740.0,False
2019-01-14 13:11:00,695986.0,696263.7999999999,696264.0,0.0,278.0,278.0,False
2019-01-14 13:12:00,654488.0,696263.7999999999,696264.0,0.0,41776.0,41776.0,False
2019-01-14 13:13:00,667640.0,696263.7999999999,696264.0,0.0,28624.0,28624.0,False
2019-01-14 13:14:00,658251.0,696263.7999999999,696264.0,0.0,38013.0,38013.0,False
2019-01-14 13:15:00,697754.0,696263.7999999999,696264.0,1490.0,0.0,14900.0,False
2019-01-14 13:16:00,681562.0,696263.7999999999,696264.0,0.0,14702.0,14702.0,False
2019-01-14 13:17:00,678876.0,696263.7999999999,696264.0,0.0,17388.0,17388.0,False
2019-01-14 13:18:00,650106.0,696263.7999999999,696264.0,0.0,46158.0,46158.0,False
2019-01-14 13:19:00,658611.0,696263.7999999999,696264.0,0.0,37653.0,37653.0,False
2019-01-14 13:20:00,678510.0,696263.7999999999,696264.0,0.0,17754.0,17754.0,False
2019-01-14 13:21:00,661968.0,696263.7999999999,696264.0,0.0,34296.0,34296.0,False
2019-01-14 13:22:00,658523.0,696263.7999999999,696264.0,0.0,37741.0,37741.0,False
2019-01-14 13:23:00,657521.0,696263.7999999999,696264.0,0.0,38743.0,38743.0,False
2019-01-14 13:24:00,662778.0,696263.7999999999,696264.0,0.0,33486.0,33486.0,False
2019-01-14 13:25:00,663867.0,696263.7999999999,696264.0,0.0,32397.0,32397.0,False
2019-01-14 13:26:00,660927.0,696263.7999999999,696264.0,0.0,35337.0,35337.0,False
2019-01-14 13:27:00,649026.0,696263.7999999999,696264.0,0.0,47238.0,47238.0,False
2019-01-14 13:28:00,664308.0,696263.7999999999,696264.0,0.0,31956.0,31956.0,False
2019-01-14 13:29:00,655699.0,696263.7999999999,696264.0,0.0,40565.0,40565.0,False
2019-01-14 13:30:00,741333.0,696263.7999999999,696264.0,45069.0,0.0,450690.0,False
2019-01-14 13:31:00,701742.0,696263.7999999999,696264.0,5478.0,0.0,54780.0,False
2019-01-14 13:32:00,678805.0,696263.7999999999,696264.0,0.0,17459.0,17459.0,False
2019-01-14 13:33:00,686187.0,696263.7999999999,696264.0,0.0,10077.0,10077.0,False
2019-01-14 13:34:00,673956.0,696263.7999999999,696264.0,0.0,22308.0,22308.0,False
2019-01-14 13:35:00,662692.0,696263.7999999999,696264.0,0.0,33572.0,33572.0,False
2019-01-14 13:36:00,656913.0,696263.7999999999,696264.0,0.0,39351.0,39351.0,False
2019-01-14 13:37:00,658650.0,696263.7999999999,696264.0,0.0,37614.0,37614.0,False
2019-01-14 13:38:00,677514.0,696263.7999999999,696264.0,0.0,18750.0,18750.0,False
2019-01-14 13:39:00,669498.0,696263.7999999999,696264.0,0.0,26766.0,26766.0,False
2019-01-14 13:40:00,699706.0,696263.7999999999,696264.0,3442.0,0.0,34420.0,False
2019-01-14 13:41:00,684298.0,696263.7999999999,696264.0,0.0,11966.0,11966.0,False
2019-01-14 13:42:00,691805.0,696263.7999999999,696264.0,0.0,4459.0,4459.0,False
2019-01-14 13:43:00,703089.0,696263.7999999999,696264.0,6825.0,0.0,68250.0,False
2019-01-14 13:44:00,675971.0,696263.7999999999,696264.0,0.0,20293.0,20293.0,False
2019-01-14 13:45:00,703432.0,696263.7999999999,696264.0,7168.0,0.0,71680.0,False
2019-01-14 13:46:00,713309.0,696263.7999999999,696264.0,17045.0,0.0,170450.0,False
2019-01-14 13:47:00,695968.0,696263.7999999999,696264.0,0.0,296.0,296.0,False
2019-01-14 13:48:00,689171.0,696263.7999999999,696264.0,0.0,7093.0,7093.0,False
2019-01-14 13:49:00,675775.0,696263.7999999999,696264.0,0.0,20489.0,20489.0,False
2019-01-14 13:50:00,705484.0,696263.7999999999,696264.0,9220.0,0.0,92200.0,False
2019-01-14 13:51:00,693565.0,696263.7999999999,696264.0,0.0,2699.0,2699.0,False
2019-01-14 13:52:00,682709.0,696263.7999999999,696264.0,0.0,13555.0,13555.0,False
2019-01-14 13:53:00,676072.0,696263.7999999999,696264.0,0.0,20192.0,20192.0,False
2019-01-14 13:54:00,687431.0,696263.7999999999,696264.0,0.0,8833.0,8833.0,False
2019-01-14 13:55:00,686696.0,696263.7999999999,696264.0,0.0,9568.0,9568.0,False
2019-01-14 13:56:00,689496.0,696263.7999999999,696264.0,0.0,6768.0,6768.0,False
2019-01-14 13:57:00,677781.0,696263.7999999999,696264.0,0.0,18483.0,18483.0,False
2019-01-14 13:58:00,665077.0,696263.7999999999,696264.0,0.0,31187.0,31187.0,False
2019-01-14 13:59:00,665301.0,696263.7999999999,696264.0,0.0,30963.0,30963.0,False
2019-01-14 14:00:00,771019.0,696263.7999999999,696264.0,74755.0,0.0,747550.0,False
2019-01-14 14:01:00,738118.0,696263.7999999999,696264.0,41854.0,0.0,418540.0,False
2019-01-14 14:02:00,704653.0,696263.7999999999,696264.0,8389.0,0.0,83890.0,False
2019-01-14 14:03:00,716192.0,696263.7999999999,696264.0,19928.0,0.0,199280.0,False
2019-01-14 14:04:00,701489.0,696263.7999999999,696264.0,5225.0,0.0,52250.0,False
2019-01-14 14:05:00,726021.0,696263.7999999999,696264.0,29757.0,0.0,297570.0,False
2019-01-14 14:06:00,697961.0,696263.7999999999,696264.0,1697.0,0.0,16970.0,False
2019-01-14 14:07:00,791135.0,696263.7999999999,696264.0,94871.0,0.0,948710.0,True
2019-01-14 14:08:00,773341.0,696263.7999999999,696264.0,77077.0,0.0,770770.0,False
2019-01-14 14:09:00,796844.0,696263.7999999999,696264.0,100580.0,0.0,1005800.0,True
2019-01-14 14:10:00,794042.0,696263.7999999999,696264.0,97778.0,0.0,977780.0,True
2019-01-14 14:11:00,751432.0,696263.7999999999,696264.0,55168.0,0.0,551680.0,False
2019-01-14 14:12:00,704617.0,696263.7999999999,696264.0,8353.0,0.0,83530.0,False
2019-01-14 14:13:00,701282.0,696263.7999999999,696264.0,5018.0,0.0,50180.0,False
2019-01-14 14:14:00,715127.0,696263.7999999999,696264.0,18863.0,0.0,188630.0,False
2019-01-14 14:15:00,725309.0,696263.7999999999,696264.0,29045.0,0.0,290450.0,False
2019-01-14 14:16:00,725174.0,696263.7999999999,696264.0,28910.0,0.0,289100.0,False
2019-01-14 14:17:00,720080.0,696263.7999999999,696264.0,23816.0,0.0,238160.0,False
2019-01-14 14:18:00,715040.0,696263.7999999999,696264.0,18776.0,0.0,187760.0,False
2019-01-14 14:19:00,681257.0,696263.7999999999,696264.0,0.0,15007.0,15007.0,False
2019-01-14 14:20:00,725500.0,696263.7999999999,696264.0,29236.0,0.0,292360.0,False
2019-01-14 14:21:00,710066.0,696263.7999999999,696264.0,13802.0,0.0,138020.0,False
2019-01-14 14:22:00,704335.0,696263.7999999999,696264.0,8071.0,0.0,80710.0,False
2019-01-14 14:23:00,697944.0,696263.7999999999,696264.0,1680.0,0.0,16800.0,False
2019-01-14 14:24:00,702886.0,696263.7999999999,696264.0,6622.0,0.0,66220.0,False
2019-01-14 14:25:00,707264.0,696263.7999999999,696264.0,11000.0,0.0,110000.0,False
2019-01-14 14:26:00,675947.0,696263.7999999999,696264.0,0.0,20317.0,20317.0,False
2019-01-14 14:27:00,650073.0,696263.7999999999,696264.0,0.0,46191.0,46191.0,False
2019-01-14 14:28:00,666228.0,696263.7999999999,696264.0,0.0,30036.0,30036.0,False
2019-01-14 14:29:00,666287.0,696263.7999999999,696264.0,0.0,29977.0,29977.0,False
2019-01-14 14:30:00,733886.0,696263.7999999999,696264.0,37622.0,0.0,376220.0,False
2019-01-14 14:31:00,703323.0,696263.7999999999,696264.0,7059.0,0.0,70590.0,False
2019-01-14 14:32:00,686919.0,696263.7999999999,696264.0,0.0,9345.0,9345.0,False
2019-01-14 14:33:00,681979.0,696263.7999999999,696264.0,0.0,14285.0,14285.0,False
2019-01-14 14:34:00,682894.0,696263.7999999999,696264.0,0.0,13370.0,13370.0,False
2019-01-14 14:35:00,691956.0,696263.7999999999,696264.0,0.0,4308.0,4308.0,False
2019-01-14 14:36:00,687738.0,696263.7999999999,696264.0,0.0,8526.0,8526.0,False
2019-01-14 14:37:00,650667.0,696263.7999999999,696264.0,0.0,45597.0,45597.0,False
2019-01-14 14:38:00,667975.0,696263.7999999999,696264.0,0.0,28289.0,28289.0,False
2019-01-14 14:39:00,668036.0,696263.7999999999,696264.0,0.0,28228.0,28228.0,False
2019-01-14 14:40:00,703648.0,696263.7999999999,696264.0,7384.0,0.0,73840.0,False
2019-01-14 14:41:00,684932.0,696263.7999999999,696264.0,0.0,11332.0,11332.0,False
2019-01-14 14:42:00,679686.0,696263.7999999999,696264.0,0.0,16578.0,16578.0,False
2019-01-14 14:43:00,679125.0,696263.7999999999,696264.0,0.0,17139.0,17139.0,False
2019-01-14 14:44:00,674808.0,696263.7999999999,696264.0,0.0,21456.0,21456.0,False
2019-01-14 14:45:00,681444.0,696263.7999999999,696264.0,0.0,14820.0,14820.0,False
2019-01-14 14:46:00,682058.0,696263.7999999999,696264.0,0.0,14206.0,14206.0,False
2019-01-14 14:47:00,662869.0,696263.7999999999,696264.0,0.0,33395.0,33395.0,False
2019-01-14 14:48:00,673340.0,696263.7999999999,696264.0,0.0,22924.0,22924.0,False
2019-01-14 14:49:00,646842.0,696263.7999999999,696264.0,0.0,49422.0,49422.0,False
2019-01-14 14:50:00,656150.0,696263.7999999999,696264.0,0.0,40114.0,40114.0,False
2019-01-14 14:51:00,666918.0,696263.7999999999,696264.0,0.0,29346.0,29346.0,False
2019-01-14 14:52:00,658791.0,696263.7999999999,696264.0,0.0,37473.0,37473.0,False
2019-01-14 14:53:00,654670.0,696263.7999999999,696264.0,0.0,41594.0,41594.0,False
2019-01-14 14:54:00,638675.0,696263.7999999999,696264.0,0.0,57589.0,57589.0,False
2019-01-14 14:55:00,681135.0,696263.7999999999,696264.0,0.0,15129.0,15129.0,False
2019-01-14 14:56:00,657109.0,696263.7999999999,696264.0,0.0,39155.0,39155.0,False
2019-01-14 14:57:00,664234.0,696263.7999999999,696264.0,0.0,32030.0,32030.0,False
2019-01-14 14:58:00,665722.0,696263.7999999999,696264.0,0.0,30542.0,30542.0,False
2019-01-14 14:59:00,657899.0,696263.7999999999,696264.0,0.0,38365.0,38365.0,False
2019-01-14 15:00:00,765198.0,696263.7999999999,696264.0,68934.0,0.0,689340.0,False
2019-01-14 15:01:00,710831.0,696263.7999999999,696264.0,14567.0,0.0,145670.0,False
2019-01-14 15:02:00,680218.0,696263.7999999999,696264.0,0.0,16046.0,16046.0,False
2019-01-14 15:03:00,646589.0,696263.7999999999,696264.0,0.0,49675.0,49675.0,False
2019-01-14 15:04:00,558971.0,696263.7999999999,696264.0,0.0,137293.0,137293.0,False
2019-01-14 15:05:00,655702.0,696263.7999999999,696264.0,0.0,40562.0,40562.0,False
2019-01-14 15:06:00,720600.0,696263.7999999999,696264.0,24336.0,0.0,243360.0,False
2019-01-14 15:07:00,721783.0,696263.7999999999,696264.0,25519.0,0.0,255190.0,False
2019-01-14 15:08:00,707607.0,696263.7999999999,696264.0,11343.0,0.0,113430.0,False
2019-01-14 15:09:00,694493.0,696263.7999999999,696264.0,0.0,1771.0,1771.0,False
2019-01-14 15:10:00,705604.0,696263.7999999999,696264.0,9340.0,0.0,93400.0,False
2019-01-14 15:11:00,696239.0,696263.7999999999,696264.0,0.0,25.0,25.0,False
2019-01-14 15:12:00,653828.0,696263.7999999999,696264.0,0.0,42436.0,42436.0,False
2019-01-14 15:13:00,680755.0,696263.7999999999,696264.0,0.0,15509.0,15509.0,False
2019-01-14 15:14:00,674554.0,696263.7999999999,696264.0,0.0,21710.0,21710.0,False
2019-01-14 15:15:00,689131.0,696263.7999999999,696264.0,0.0,7133.0,7133.0,False
2019-01-14 15:16:00,681168.0,696263.7999999999,696264.0,0.0,15096.0,15096.0,False
2019-01-14 15:17:00,636609.0,696263.7999999999,696264.0,0.0,59655.0,59655.0,False
2019-01-14 15:18:00,643489.0,696263.7999999999,696264.0,0.0,52775.0,52775.0,False
2019-01-14 15:19:00,638525.0,696263.7999999999,696264.0,0.0,57739.0,57739.0,False
2019-01-14 15:20:00,662755.0,696263.7999999999,696264.0,0.0,33509.0,33509.0,False
2019-01-14 15:21:00,654014.0,696263.7999999999,696264.0,0.0,42250.0,42250.0,False
2019-01-14 15:22:00,643978.0,696263.7999999999,696264.0,0.0,52286.0,52286.0,False
2019-01-14 15:23:00,652303.0,696263.7999999999,696264.0,0.0,43961.0,43961.0,False
2019-01-14 15:24:00,632856.0,696263.7999999999,696264.0,0.0,63408.0,63408.0,False
2019-01-14 15:25:00,630557.0,696263.7999999999,696264.0,0.0,65707.0,65707.0,False
2019-01-14 15:26:00,637485.0,696263.7999999999,696264.0,0.0,58779.0,58779.0,False
2019-01-14 15:27:00,620969.0,696263.7999999999,696264.0,0.0,75295.0,75295.0,False
2019-01-14 15:28:00,612534.0,696263.7999999999,696264.0,0.0,83730.0,83730.0,False
2019-01-14 15:29:00,620130.0,696263.7999999999,696264.0,0.0,76134.0,76134.0,False
2019-01-14 15:30:00,723308.0,696263.7999999999,696264.0,27044.0,0.0,270440.0,False
2019-01-14 15:31:00,675046.0,696263.7999999999,696264.0,0.0,21218.0,21218.0,False
2019-01-14 15:32:00,659748.0,696263.7999999999,696264.0,0.0,36516.0,36516.0,False
2019-01-14 15:33:00,662148.0,696263.7999999999,696264.0,0.0,34116.0,34116.0,False
2019-01-14 15:34:00,632958.0,696263.7999999999,696264.0,0.0,63306.0,63306.0,False
2019-01-14 15:35:00,659655.0,696263.7999999999,696264.0,0.0,36609.0,36609.0,False
2019-01-14 15:36:00,656058.0,696263.7999999999,696264.0,0.0,40206.0,40206.0,False
2019-01-14 15:37:00,644127.0,696263.7999999999,696264.0,0.0,52137.0,52137.0,False
2019-01-14 15:38:00,634197.0,696263.7999999999,696264.0,0.0,62067.0,62067.0,False
2019-01-14 15:39:00,660435.0,696263.7999999999,696264.0,0.0,35829.0,35829.0,False
2019-01-14 15:40:00,672545.0,696263.7999999999,696264.0,0.0,23719.0,23719.0,False
2019-01-14 15:41:00,655368.0,696263.7999999999,696264.0,0.0,40896.0,40896.0,False
2019-01-14 15:42:00,638338.0,696263.7999999999,696264.0,0.0,57926.0,57926.0,False
2019-01-14 15:43:00,673048.0,696263.7999999999,696264.0,0.0,23216.0,23216.0,False
2019-01-14 15:44:00,657644.0,696263.7999999999,696264.0,0.0,38620.0,38620.0,False
2019-01-14 15:45:00,680473.0,696263.7999999999,696264.0,0.0,15791.0,15791.0,False
2019-01-14 15:46:00,667439.0,696263.7999999999,696264.0,0.0,28825.0,28825.0,False
2019-01-14 15:47:00,656464.0,696263.7999999999,696264.0,0.0,39800.0,39800.0,False
2019-01-14 15:48:00,659987.0,696263.7999999999,696264.0,0.0,36277.0,36277.0,False
2019-01-14 15:49:00,644980.0,696263.7999999999,696264.0,0.0,51284.0,51284.0,False
2019-01-14 15:50:00,670878.0,696263.7999999999,696264.0,0.0,25386.0,25386.0,False
2019-01-14 15:51:00,644838.0,696263.7999999999,696264.0,0.0,51426.0,51426.0,False
2019-01-14 15:52:00,651658.0,696263.7999999999,696264.0,0.0,44606.0,44606.0,False
2019-01-14 15:53:00,635747.0,696263.7999999999,696264.0,0.0,60517.0,60517.0,False
2019-01-14 15:54:00,622100.0,696263.7999999999,696264.0,0.0,74164.0,74164.0,False
2019-01-14 15:55:00,642256.0,696263.7999999999,696264.0,0.0,54008.0,54008.0,False
2019-01-14 15:56:00,647781.0,696263.7999999999,696264.0,0.0,48483.0,48483.0,False
2019-01-14 15:57:00,641890.0,696263.7999999999,696264.0,0.0,54374.0,54374.0,False
2019-01-14 15:58:00,636819.0,696263.7999999999,696264.0,0.0,59445.0,59445.0,False
2019-01-14 15:59:00,660884.0,696263.7999999999,696264.0,0.0,35380.0,35380.0,False
2019-01-14 16:00:00,744411.0,696263.7999999999,696264.0,48147.0,0.0,481470.0,False
2019-01-14 16:01:00,718809.0,696263.7999999999,696264.0,22545.0,0.0,225450.0,False
2019-01-14 16:02:00,680483.0,696263.7999999999,696264.0,0.0,15781.0,15781.0,False
2019-01-14 16:03:00,670118.0,696263.7999999999,696264.0,0.0,26146.0,26146.0,False
2019-01-14 16:04:00,657885.0,696263.7999999999,696264.0,0.0,38379.0,38379.0,False
2019-01-14 16:05:00,677971.0,696263.7999999999,696264.0,0.0,18293.0,18293.0,False
2019-01-14 16:06:00,747814.0,696263.7999999999,696264.0,51550.0,0.0,515500.0,False
2019-01-14 16:07:00,735790.0,696263.7999999999,696264.0,39526.0,0.0,395260.0,False
2019-01-14 16:08:00,731188.0,696263.7999999999,696264.0,34924.0,0.0,349240.0,False
2019-01-14 16:09:00,736730.0,696263.7999999999,696264.0,40466.0,0.0,404660.0,False
2019-01-14 16:10:00,726666.0,696263.7999999999,696264.0,30402.0,0.0,304020.0,False
2019-01-14 16:11:00,677023.0,696263.7999999999,696264.0,0.0,19241.0,19241.0,False
2019-01-14 16:12:00,649361.0,696263.7999999999,696264.0,0.0,46903.0,46903.0,False
2019-01-14 16:13:00,649312.0,696263.7999999999,696264.0,0.0,46952.0,46952.0,False
2019-01-14 16:14:00,660115.0,696263.7999999999,696264.0,0.0,36149.0,36149.0,False
2019-01-14 16:15:00,695613.0,696263.7999999999,696264.0,0.0,651.0,651.0,False
2019-01-14 16:16:00,663647.0,696263.7999999999,696264.0,0.0,32617.0,32617.0,False
2019-01-14 16:17:00,680898.0,696263.7999999999,696264.0,0.0,15366.0,15366.0,False
2019-01-14 16:18:00,674288.0,696263.7999999999,696264.0,0.0,21976.0,21976.0,False
2019-01-14 16:19:00,640490.0,696263.7999999999,696264.0,0.0,55774.0,55774.0,False
2019-01-14 16:20:00,677074.0,696263.7999999999,696264.0,0.0,19190.0,19190.0,False
2019-01-14 16:21:00,652653.0,696263.7999999999,696264.0,0.0,43611.0,43611.0,False
2019-01-14 16:22:00,653630.0,696263.7999999999,696264.0,0.0,42634.0,42634.0,False
2019-01-14 16:23:00,664612.0,696263.7999999999,696264.0,0.0,31652.0,31652.0,False
2019-01-14 16:24:00,652996.0,696263.7999999999,696264.0,0.0,43268.0,43268.0,False
2019-01-14 16:25:00,650729.0,696263.7999999999,696264.0,0.0,45535.0,45535.0,False
2019-01-14 16:26:00,644285.0,696263.7999999999,696264.0,0.0,51979.0,51979.0,False
2019-01-14 16:27:00,626726.0,696263.7999999999,696264.0,0.0,69538.0,69538.0,False
2019-01-14 16:28:00,654044.0,696263.7999999999,696264.0,0.0,42220.0,42220.0,False
2019-01-14 16:29:00,648912.0,696263.7999999999,696264.0,0.0,47352.0,47352.0,False
2019-01-14 16:30:00,705027.0,696263.7999999999,696264.0,8763.0,0.0,87630.0,False
2019-01-14 16:31:00,683297.0,696263.7999999999,696264.0,0.0,12967.0,12967.0,False
2019-01-14 16:32:00,658672.0,696263.7999999999,696264.0,0.0,37592.0,37592.0,False
2019-01-14 16:33:00,675954.0,696263.7999999999,696264.0,0.0,20310.0,20310.0,False
2019-01-14 16:34:00,672361.0,696263.7999999999,696264.0,0.0,23903.0,23903.0,False
2019-01-14 16:35:00,662410.0,696263.7999999999,696264.0,0.0,33854.0,33854.0,False
2019-01-14 16:36:00,661444.0,696263.7999999999,696264.0,0.0,34820.0,34820.0,False
2019-01-14 16:37:00,642590.0,696263.7999999999,696264.0,0.0,53674.0,53674.0,False
2019-01-14 16:38:00,653112.0,696263.7999999999,696264.0,0.0,43152.0,43152.0,False
2019-01-14 16:39:00,650619.0,696263.7999999999,696264.0,0.0,45645.0,45645.0,False
2019-01-14 16:40:00,677960.0,696263.7999999999,696264.0,0.0,18304.0,18304.0,False
2019-01-14 16:41:00,650986.0,696263.7999999999,696264.0,0.0,45278.0,45278.0,False
2019-01-14 16:42:00,637115.0,696263.7999999999,696264.0,0.0,59149.0,59149.0,False
2019-01-14 16:43:00,592880.0,696263.7999999999,696264.0,0.0,103384.0,103384.0,False
2019-01-14 16:44:00,629685.0,696263.7999999999,696264.0,0.0,66579.0,66579.0,False
2019-01-14 16:45:00,656291.0,696263.7999999999,696264.0,0.0,39973.0,39973.0,False
2019-01-14 16:46:00,645124.0,696263.7999999999,696264.0,0.0,51140.0,51140.0,False
2019-01-14 16:47:00,664929.0,696263.7999999999,696264.0,0.0,31335.0,31335.0,False
2019-01-14 16:48:00,651500.0,696263.7999999999,696264.0,0.0,44764.0,44764.0,False
2019-01-14 16:49:00,658968.0,696263.7999999999,696264.0,0.0,37296.0,37296.0,False
2019-01-14 16:50:00,672298.0,696263.7999999999,696264.0,0.0,23966.0,23966.0,False
2019-01-14 16:51:00,666057.0,696263.7999999999,696264.0,0.0,30207.0,30207.0,False
2019-01-14 16:52:00,645729.0,696263.7999999999,696264.0,0.0,50535.0,50535.0,False
2019-01-14 16:53:00,653583.0,696263.7999999999,696264.0,0.0,42681.0,42681.0,False
2019-01-14 16:54:00,658182.0,696263.7999999999,696264.0,0.0,38082.0,38082.0,False
2019-01-14 16:55:00,679507.0,696263.7999999999,696264.0,0.0,16757.0,16757.0,False
2019-01-14 16:56:00,663543.0,696263.7999999999,696264.0,0.0,32721.0,32721.0,False
2019-01-14 16:57:00,672930.0,696263.7999999999,696264.0,0.0,23334.0,23334.0,False
2019-01-14 16:58:00,668842.0,696263.7999999999,696264.0,0.0,27422.0,27422.0,False
2019-01-14 16:59:00,653559.0,696263.7999999999,696264.0,0.0,42705.0,42705.0,False
2019-01-14 17:00:00,740641.0,696263.7999999999,696264.0,44377.0,0.0,443770.0,False
2019-01-14 17:01:00,694238.0,696263.7999999999,696264.0,0.0,2026.0,2026.0,False
2019-01-14 17:02:00,661143.0,696263.7999999999,696264.0,0.0,35121.0,35121.0,False
2019-01-14 17:03:00,669509.0,696263.7999999999,696264.0,0.0,26755.0,26755.0,False
2019-01-14 17:04:00,667905.0,696263.7999999999,696264.0,0.0,28359.0,28359.0,False
2019-01-14 17:05:00,664308.0,696263.7999999999,696264.0,0.0,31956.0,31956.0,False
2019-01-14 17:06:00,705006.0,696263.7999999999,696264.0,8742.0,0.0,87420.0,False
2019-01-14 17:07:00,749132.0,696263.7999999999,696264.0,52868.0,0.0,528680.0,False
2019-01-14 17:08:00,762257.0,696263.7999999999,696264.0,65993.0,0.0,659930.0,False
2019-01-14 17:09:00,748766.0,696263.7999999999,696264.0,52502.0,0.0,525020.0,False
2019-01-14 17:10:00,703904.0,696263.7999999999,696264.0,7640.0,0.0,76400.0,False
2019-01-14 17:11:00,668113.0,696263.7999999999,696264.0,0.0,28151.0,28151.0,False
2019-01-14 17:12:00,646929.0,696263.7999999999,696264.0,0.0,49335.0,49335.0,False
2019-01-14 17:13:00,653089.0,696263.7999999999,696264.0,0.0,43175.0,43175.0,False
2019-01-14 17:14:00,643130.0,696263.7999999999,696264.0,0.0,53134.0,53134.0,False
2019-01-14 17:15:00,669740.0,696263.7999999999,696264.0,0.0,26524.0,26524.0,False
2019-01-14 17:16:00,685767.0,696263.7999999999,696264.0,0.0,10497.0,10497.0,False
2019-01-14 17:17:00,689138.0,696263.7999999999,696264.0,0.0,7126.0,7126.0,False
2019-01-14 17:18:00,681658.0,696263.7999999999,696264.0,0.0,14606.0,14606.0,False
2019-01-14 17:19:00,660739.0,696263.7999999999,696264.0,0.0,35525.0,35525.0,False
2019-01-14 17:20:00,679404.0,696263.7999999999,696264.0,0.0,16860.0,16860.0,False
2019-01-14 17:21:00,662630.0,696263.7999999999,696264.0,0.0,33634.0,33634.0,False
2019-01-14 17:22:00,678310.0,696263.7999999999,696264.0,0.0,17954.0,17954.0,False
2019-01-14 17:23:00,660421.0,696263.7999999999,696264.0,0.0,35843.0,35843.0,False
2019-01-14 17:24:00,637876.0,696263.7999999999,696264.0,0.0,58388.0,58388.0,False
2019-01-14 17:25:00,665289.0,696263.7999999999,696264.0,0.0,30975.0,30975.0,False
2019-01-14 17:26:00,680763.0,696263.7999999999,696264.0,0.0,15501.0,15501.0,False
2019-01-14 17:27:00,687765.0,696263.7999999999,696264.0,0.0,8499.0,8499.0,False
2019-01-14 17:28:00,667949.0,696263.7999999999,696264.0,0.0,28315.0,28315.0,False
2019-01-14 17:29:00,661660.0,696263.7999999999,696264.0,0.0,34604.0,34604.0,False
2019-01-14 17:30:00,723649.0,696263.7999999999,696264.0,27385.0,0.0,273850.0,False
2019-01-14 17:31:00,687709.0,696263.7999999999,696264.0,0.0,8555.0,8555.0,False
2019-01-14 17:32:00,677969.0,696263.7999999999,696264.0,0.0,18295.0,18295.0,False
2019-01-14 17:33:00,673200.0,696263.7999999999,696264.0,0.0,23064.0,23064.0,False
2019-01-14 17:34:00,638728.0,696263.7999999999,696264.0,0.0,57536.0,57536.0,False
2019-01-14 17:35:00,674002.0,696263.7999999999,696264.0,0.0,22262.0,22262.0,False
2019-01-14 17:36:00,687774.0,696263.7999999999,696264.0,0.0,8490.0,8490.0,False
2019-01-14 17:37:00,681293.0,696263.7999999999,696264.0,0.0,14971.0,14971.0,False
2019-01-14 17:38:00,691031.0,696263.7999999999,696264.0,0.0,5233.0,5233.0,False
2019-01-14 17:39:00,674970.0,696263.7999999999,696264.0,0.0,21294.0,21294.0,False
2019-01-14 17:40:00,695027.0,696263.7999999999,696264.0,0.0,1237.0,1237.0,False
2019-01-14 17:41:00,699984.0,696263.7999999999,696264.0,3720.0,0.0,37200.0,False
2019-01-14 17:42:00,664782.0,696263.7999999999,696264.0,0.0,31482.0,31482.0,False
2019-01-14 17:43:00,666559.0,696263.7999999999,696264.0,0.0,29705.0,29705.0,False
2019-01-14 17:44:00,664490.0,696263.7999999999,696264.0,0.0,31774.0,31774.0,False
2019-01-14 17:45:00,671588.0,696263.7999999999,696264.0,0.0,24676.0,24676.0,False
2019-01-14 17:46:00,705226.0,696263.7999999999,696264.0,8962.0,0.0,89620.0,False
2019-01-14 17:47:00,675704.0,696263.7999999999,696264.0,0.0,20560.0,20560.0,False
2019-01-14 17:48:00,681264.0,696263.7999999999,696264.0,0.0,15000.0,15000.0,False
2019-01-14 17:49:00,659755.0,696263.7999999999,696264.0,0.0,36509.0,36509.0,False
2019-01-14 17:50:00,692925.0,696263.7999999999,696264.0,0.0,3339.0,3339.0,False
2019-01-14 17:51:00,654702.0,696263.7999999999,696264.0,0.0,41562.0,41562.0,False
2019-01-14 17:52:00,639464.0,696263.7999999999,696264.0,0.0,56800.0,56800.0,False
2019-01-14 17:53:00,647099.0,696263.7999999999,696264.0,0.0,49165.0,49165.0,False
2019-01-14 17:54:00,637996.0,696263.7999999999,696264.0,0.0,58268.0,58268.0,False
2019-01-14 17:55:00,694214.0,696263.7999999999,696264.0,0.0,2050.0,2050.0,False
2019-01-14 17:56:00,706200.0,696263.7999999999,696264.0,9936.0,0.0,99360.0,False
2019-01-14 17:57:00,679368.0,696263.7999999999,696264.0,0.0,16896.0,16896.0,False
2019-01-14 17:58:00,664628.0,696263.7999999999,696264.0,0.0,31636.0,31636.0,False
2019-01-14 17:59:00,665904.0,696263.7999999999,696264.0,0.0,30360.0,30360.0,False
2019-01-14 18:00:00,752010.0,696263.7999999999,696264.0,55746.0,0.0,557460.0,False
2019-01-14 18:01:00,725401.0,696263.7999999999,696264.0,29137.0,0.0,291370.0,False
2019-01-14 18:02:00,731664.0,696263.7999999999,696264.0,35400.0,0.0,354000.0,False
2019-01-14 18:03:00,725003.0,696263.7999999999,696264.0,28739.0,0.0,287390.0,False
2019-01-14 18:04:00,697030.0,696263.7999999999,696264.0,766.0,0.0,7660.0,False
2019-01-14 18:05:00,726045.0,696263.7999999999,696264.0,29781.0,0.0,297810.0,False
2019-01-14 18:06:00,782214.0,696263.7999999999,696264.0,85950.0,0.0,859500.0,False
2019-01-14 18:07:00,748146.0,696263.7999999999,696264.0,51882.0,0.0,518820.0,False
2019-01-14 18:08:00,765492.0,696263.7999999999,696264.0,69228.0,0.0,692280.0,False
2019-01-14 18:09:00,770729.0,696263.7999999999,696264.0,74465.0,0.0,744650.0,False
2019-01-14 18:10:00,751323.0,696263.7999999999,696264.0,55059.0,0.0,550590.0,False
2019-01-14 18:11:00,703284.0,696263.7999999999,696264.0,7020.0,0.0,70200.0,False
2019-01-14 18:12:00,678670.0,696263.7999999999,696264.0,0.0,17594.0,17594.0,False
2019-01-14 18:13:00,675787.0,696263.7999999999,696264.0,0.0,20477.0,20477.0,False
2019-01-14 18:14:00,668842.0,696263.7999999999,696264.0,0.0,27422.0,27422.0,False
2019-01-14 18:15:00,693943.0,696263.7999999999,696264.0,0.0,2321.0,2321.0,False
2019-01-14 18:16:00,705739.0,696263.7999999999,696264.0,9475.0,0.0,94750.0,False
2019-01-14 18:17:00,701957.0,696263.7999999999,696264.0,5693.0,0.0,56930.0,False
2019-01-14 18:18:00,704232.0,696263.7999999999,696264.0,7968.0,0.0,79680.0,False
2019-01-14 18:19:00,689509.0,696263.7999999999,696264.0,0.0,6755.0,6755.0,False
2019-01-14 18:20:00,682522.0,696263.7999999999,696264.0,0.0,13742.0,13742.0,False
2019-01-14 18:21:00,710305.0,696263.7999999999,696264.0,14041.0,0.0,140410.0,False
2019-01-14 18:22:00,666371.0,696263.7999999999,696264.0,0.0,29893.0,29893.0,False
2019-01-14 18:23:00,665076.0,696263.7999999999,696264.0,0.0,31188.0,31188.0,False
2019-01-14 18:24:00,645673.0,696263.7999999999,696264.0,0.0,50591.0,50591.0,False
2019-01-14 18:25:00,672497.0,696263.7999999999,696264.0,0.0,23767.0,23767.0,False
2019-01-14 18:26:00,685398.0,696263.7999999999,696264.0,0.0,10866.0,10866.0,False
2019-01-14 18:27:00,653618.0,696263.7999999999,696264.0,0.0,42646.0,42646.0,False
2019-01-14 18:28:00,679086.0,696263.7999999999,696264.0,0.0,17178.0,17178.0,False
2019-01-14 18:29:00,656339.0,696263.7999999999,696264.0,0.0,39925.0,39925.0,False
2019-01-14 18:30:00,738687.0,696263.7999999999,696264.0,42423.0,0.0,424230.0,False
2019-01-14 18:31:00,711580.0,696263.7999999999,696264.0,15316.0,0.0,153160.0,False
2019-01-14 18:32:00,698868.0,696263.7999999999,696264.0,2604.0,0.0,26040.0,False
2019-01-14 18:33:00,676625.0,696263.7999999999,696264.0,0.0,19639.0,19639.0,False
2019-01-14 18:34:00,652849.0,696263.7999999999,696264.0,0.0,43415.0,43415.0,False
2019-01-14 18:35:00,650204.0,696263.7999999999,696264.0,0.0,46060.0,46060.0,False
2019-01-14 18:36:00,666622.0,696263.7999999999,696264.0,0.0,29642.0,29642.0,False
2019-01-14 18:37:00,676499.0,696263.7999999999,696264.0,0.0,19765.0,19765.0,False
2019-01-14 18:38:00,688717.0,696263.7999999999,696264.0,0.0,7547.0,7547.0,False
2019-01-14 18:39:00,635902.0,696263.7999999999,696264.0,0.0,60362.0,60362.0,False
2019-01-14 18:40:00,685362.0,696263.7999999999,696264.0,0.0,10902.0,10902.0,False
2019-01-14 18:41:00,654032.0,696263.7999999999,696264.0,0.0,42232.0,42232.0,False
2019-01-14 18:42:00,645807.0,696263.7999999999,696264.0,0.0,50457.0,50457.0,False
2019-01-14 18:43:00,654376.0,696263.7999999999,696264.0,0.0,41888.0,41888.0,False
2019-01-14 18:44:00,648640.0,696263.7999999999,696264.0,0.0,47624.0,47624.0,False
2019-01-14 18:45:00,679323.0,696263.7999999999,696264.0,0.0,16941.0,16941.0,False
2019-01-14 18:46:00,676110.0,696263.7999999999,696264.0,0.0,20154.0,20154.0,False
2019-01-14 18:47:00,648546.0,696263.7999999999,696264.0,0.0,47718.0,47718.0,False
2019-01-14 18:48:00,682131.0,696263.7999999999,696264.0,0.0,14133.0,14133.0,False
2019-01-14 18:49:00,666763.0,696263.7999999999,696264.0,0.0,29501.0,29501.0,False
2019-01-14 18:50:00,692059.0,696263.7999999999,696264.0,0.0,4205.0,4205.0,False
2019-01-14 18:51:00,658736.0,696263.7999999999,696264.0,0.0,37528.0,37528.0,False
2019-01-14 18:52:00,650511.0,696263.7999999999,696264.0,0.0,45753.0,45753.0,False
2019-01-14 18:53:00,648328.0,696263.7999999999,696264.0,0.0,47936.0,47936.0,False
2019-01-14 18:54:00,659757.0,696263.7999999999,696264.0,0.0,36507.0,36507.0,False
2019-01-14 18:55:00,660729.0,696263.7999999999,696264.0,0.0,35535.0,35535.0,False
2019-01-14 18:56:00,636298.0,696263.7999999999,696264.0,0.0,59966.0,59966.0,False
2019-01-14 18:57:00,650955.0,696263.7999999999,696264.0,0.0,45309.0,45309.0,False
2019-01-14 18:58:00,658474.0,696263.7999999999,696264.0,0.0,37790.0,37790.0,False
2019-01-14 18:59:00,645765.0,696263.7999999999,696264.0,0.0,50499.0,50499.0,False
2019-01-14 19:00:00,724007.0,696263.7999999999,696264.0,27743.0,0.0,277430.0,False
2019-01-14 19:01:00,682141.0,696263.7999999999,696264.0,0.0,14123.0,14123.0,False
2019-01-14 19:02:00,662056.0,696263.7999999999,696264.0,0.0,34208.0,34208.0,False
2019-01-14 19:03:00,652939.0,696263.7999999999,696264.0,0.0,43325.0,43325.0,False
2019-01-14 19:04:00,616147.0,696263.7999999999,696264.0,0.0,80117.0,80117.0,False
2019-01-14 19:05:00,634508.0,696263.7999999999,696264.0,0.0,61756.0,61756.0,False
2019-01-14 19:06:00,674976.0,696263.7999999999,696264.0,0.0,21288.0,21288.0,False
2019-01-14 19:07:00,782503.0,696263.7999999999,696264.0,86239.0,0.0,862390.0,False
2019-01-14 19:08:00,779450.0,696263.7999999999,696264.0,83186.0,0.0,831860.0,False
2019-01-14 19:09:00,685776.0,696263.7999999999,696264.0,0.0,10488.0,10488.0,False
2019-01-14 19:10:00,693741.0,696263.7999999999,696264.0,0.0,2523.0,2523.0,False
2019-01-14 19:11:00,680601.0,696263.7999999999,696264.0,0.0,15663.0,15663.0,False
2019-01-14 19:12:00,655545.0,696263.7999999999,696264.0,0.0,40719.0,40719.0,False
2019-01-14 19:13:00,647104.0,696263.7999999999,696264.0,0.0,49160.0,49160.0,False
2019-01-14 19:14:00,645812.0,696263.7999999999,696264.0,0.0,50452.0,50452.0,False
2019-01-14 19:15:00,688770.0,696263.7999999999,696264.0,0.0,7494.0,7494.0,False
2019-01-14 19:16:00,675900.0,696263.7999999999,696264.0,0.0,20364.0,20364.0,False
2019-01-14 19:17:00,659977.0,696263.7999999999,696264.0,0.0,36287.0,36287.0,False
2019-01-14 19:18:00,676001.0,696263.7999999999,696264.0,0.0,20263.0,20263.0,False
2019-01-14 19:19:00,649056.0,696263.7999999999,696264.0,0.0,47208.0,47208.0,False
2019-01-14 19:20:00,680219.0,696263.7999999999,696264.0,0.0,16045.0,16045.0,False
2019-01-14 19:21:00,683428.0,696263.7999999999,696264.0,0.0,12836.0,12836.0,False
2019-01-14 19:22:00,661053.0,696263.7999999999,696264.0,0.0,35211.0,35211.0,False
2019-01-14 19:23:00,664052.0,696263.7999999999,696264.0,0.0,32212.0,32212.0,False
2019-01-14 19:24:00,657863.0,696263.7999999999,696264.0,0.0,38401.0,38401.0,False
2019-01-14 19:25:00,663647.0,696263.7999999999,696264.0,0.0,32617.0,32617.0,False
2019-01-14 19:26:00,647101.0,696263.7999999999,696264.0,0.0,49163.0,49163.0,False
2019-01-14 19:27:00,624672.0,696263.7999999999,696264.0,0.0,71592.0,71592.0,False
2019-01-14 19:28:00,631523.0,696263.7999999999,696264.0,0.0,64741.0,64741.0,False
2019-01-14 19:29:00,631815.0,696263.7999999999,696264.0,0.0,64449.0,64449.0,False
2019-01-14 19:30:00,698503.0,696263.7999999999,696264.0,2239.0,0.0,22390.0,False
2019-01-14 19:31:00,662179.0,696263.7999999999,696264.0,0.0,34085.0,34085.0,False
2019-01-14 19:32:00,658495.0,696263.7999999999,696264.0,0.0,37769.0,37769.0,False
2019-01-14 19:33:00,650494.0,696263.7999999999,696264.0,0.0,45770.0,45770.0,False
2019-01-14 19:34:00,638613.0,696263.7999999999,696264.0,0.0,57651.0,57651.0,False
2019-01-14 19:35:00,627384.0,696263.7999999999,696264.0,0.0,68880.0,68880.0,False
2019-01-14 19:36:00,637582.0,696263.7999999999,696264.0,0.0,58682.0,58682.0,False
2019-01-14 19:37:00,622451.0,696263.7999999999,696264.0,0.0,73813.0,73813.0,False
2019-01-14 19:38:00,615976.0,696263.7999999999,696264.0,0.0,80288.0,80288.0,False
2019-01-14 19:39:00,620173.0,696263.7999999999,696264.0,0.0,76091.0,76091.0,False
2019-01-14 19:40:00,649887.0,696263.7999999999,696264.0,0.0,46377.0,46377.0,False
2019-01-14 19:41:00,626528.0,696263.7999999999,696264.0,0.0,69736.0,69736.0,False
2019-01-14 19:42:00,616599.0,696263.7999999999,696264.0,0.0,79665.0,79665.0,False
2019-01-14 19:43:00,634251.0,696263.7999999999,696264.0,0.0,62013.0,62013.0,False
2019-01-14 19:44:00,638098.0,696263.7999999999,696264.0,0.0,58166.0,58166.0,False
2019-01-14 19:45:00,659298.0,696263.7999999999,696264.0,0.0,36966.0,36966.0,False
2019-01-14 19:46:00,645723.0,696263.7999999999,696264.0,0.0,50541.0,50541.0,False
2019-01-14 19:47:00,649118.0,696263.7999999999,696264.0,0.0,47146.0,47146.0,False
2019-01-14 19:48:00,644796.0,696263.7999999999,696264.0,0.0,51468.0,51468.0,False
2019-01-14 19:49:00,634203.0,696263.7999999999,696264.0,0.0,62061.0,62061.0,False
2019-01-14 19:50:00,651809.0,696263.7999999999,696264.0,0.0,44455.0,44455.0,False
2019-01-14 19:51:00,632039.0,696263.7999999999,696264.0,0.0,64225.0,64225.0,False
2019-01-14 19:52:00,639584.0,696263.7999999999,696264.0,0.0,56680.0,56680.0,False
2019-01-14 19:53:00,630248.0,696263.7999999999,696264.0,0.0,66016.0,66016.0,False
2019-01-14 19:54:00,644150.0,696263.7999999999,696264.0,0.0,52114.0,52114.0,False
2019-01-14 19:55:00,647429.0,696263.7999999999,696264.0,0.0,48835.0,48835.0,False
2019-01-14 19:56:00,634617.0,696263.7999999999,696264.0,0.0,61647.0,61647.0,False
2019-01-14 19:57:00,642185.0,696263.7999999999,696264.0,0.0,54079.0,54079.0,False
2019-01-14 19:58:00,638503.0,696263.7999999999,696264.0,0.0,57761.0,57761.0,False
2019-01-14 19:59:00,633430.0,696263.7999999999,696264.0,0.0,62834.0,62834.0,False
2019-01-14 20:00:00,729691.0,696263.7999999999,696264.0,33427.0,0.0,334270.0,False
2019-01-14 20:01:00,660045.0,696263.7999999999,696264.0,0.0,36219.0,36219.0,False
2019-01-14 20:02:00,664402.0,696263.7999999999,696264.0,0.0,31862.0,31862.0,False
2019-01-14 20:03:00,647707.0,696263.7999999999,696264.0,0.0,48557.0,48557.0,False
2019-01-14 20:04:00,648382.0,696263.7999999999,696264.0,0.0,47882.0,47882.0,False
2019-01-14 20:05:00,653859.0,696263.7999999999,696264.0,0.0,42405.0,42405.0,False
2019-01-14 20:06:00,705258.0,696263.7999999999,696264.0,8994.0,0.0,89940.0,False
2019-01-14 20:07:00,728414.0,696263.7999999999,696264.0,32150.0,0.0,321500.0,False
2019-01-14 20:08:00,720235.0,696263.7999999999,696264.0,23971.0,0.0,239710.0,False
2019-01-14 20:09:00,723023.0,696263.7999999999,696264.0,26759.0,0.0,267590.0,False
2019-01-14 20:10:00,709796.0,696263.7999999999,696264.0,13532.0,0.0,135320.0,False
2019-01-14 20:11:00,682163.0,696263.7999999999,696264.0,0.0,14101.0,14101.0,False
2019-01-14 20:12:00,647469.0,696263.7999999999,696264.0,0.0,48795.0,48795.0,False
2019-01-14 20:13:00,636998.0,696263.7999999999,696264.0,0.0,59266.0,59266.0,False
2019-01-14 20:14:00,624944.0,696263.7999999999,696264.0,0.0,71320.0,71320.0,False
2019-01-14 20:15:00,676927.0,696263.7999999999,696264.0,0.0,19337.0,19337.0,False
2019-01-14 20:16:00,667837.0,696263.7999999999,696264.0,0.0,28427.0,28427.0,False
2019-01-14 20:17:00,672120.0,696263.7999999999,696264.0,0.0,24144.0,24144.0,False
2019-01-14 20:18:00,652397.0,696263.7999999999,696264.0,0.0,43867.0,43867.0,False
2019-01-14 20:19:00,635836.0,696263.7999999999,696264.0,0.0,60428.0,60428.0,False
2019-01-14 20:20:00,660339.0,696263.7999999999,696264.0,0.0,35925.0,35925.0,False
2019-01-14 20:21:00,642079.0,696263.7999999999,696264.0,0.0,54185.0,54185.0,False
2019-01-14 20:22:00,642855.0,696263.7999999999,696264.0,0.0,53409.0,53409.0,False
2019-01-14 20:23:00,643858.0,696263.7999999999,696264.0,0.0,52406.0,52406.0,False
2019-01-14 20:24:00,639810.0,696263.7999999999,696264.0,0.0,56454.0,56454.0,False
2019-01-14 20:25:00,658640.0,696263.7999999999,696264.0,0.0,37624.0,37624.0,False
2019-01-14 20:26:00,641121.0,696263.7999999999,696264.0,0.0,55143.0,55143.0,False
2019-01-14 20:27:00,621717.0,696263.7999999999,696264.0,0.0,74547.0,74547.0,False
2019-01-14 20:28:00,627626.0,696263.7999999999,696264.0,0.0,68638.0,68638.0,False
2019-01-14 20:29:00,605169.0,696263.7999999999,696264.0,0.0,91095.0,91095.0,False
2019-01-14 20:30:00,652512.0,696263.7999999999,696264.0,0.0,43752.0,43752.0,False
2019-01-14 20:31:00,624649.0,696263.7999999999,696264.0,0.0,71615.0,71615.0,False
2019-01-14 20:32:00,607889.0,696263.7999999999,696264.0,0.0,88375.0,88375.0,False
2019-01-14 20:33:00,632286.0,696263.7999999999,696264.0,0.0,63978.0,63978.0,False
2019-01-14 20:34:00,615967.0,696263.7999999999,696264.0,0.0,80297.0,80297.0,False
2019-01-14 20:35:00,630576.0,696263.7999999999,696264.0,0.0,65688.0,65688.0,False
2019-01-14 20:36:00,644715.0,696263.7999999999,696264.0,0.0,51549.0,51549.0,False
2019-01-14 20:37:00,629121.0,696263.7999999999,696264.0,0.0,67143.0,67143.0,False
2019-01-14 20:38:00,621777.0,696263.7999999999,696264.0,0.0,74487.0,74487.0,False
2019-01-14 20:39:00,613424.0,696263.7999999999,696264.0,0.0,82840.0,82840.0,False
2019-01-14 20:40:00,640169.0,696263.7999999999,696264.0,0.0,56095.0,56095.0,False
2019-01-14 20:41:00,611936.0,696263.7999999999,696264.0,0.0,84328.0,84328.0,False
2019-01-14 20:42:00,617117.0,696263.7999999999,696264.0,0.0,79147.0,79147.0,False
2019-01-14 20:43:00,621267.0,696263.7999999999,696264.0,0.0,74997.0,74997.0,False
2019-01-14 20:44:00,626651.0,696263.7999999999,696264.0,0.0,69613.0,69613.0,False
2019-01-14 20:45:00,640017.0,696263.7999999999,696264.0,0.0,56247.0,56247.0,False
2019-01-14 20:46:00,633376.0,696263.7999999999,696264.0,0.0,62888.0,62888.0,False
2019-01-14 20:47:00,655904.0,696263.7999999999,696264.0,0.0,40360.0,40360.0,False
2019-01-14 20:48:00,643601.0,696263.7999999999,696264.0,0.0,52663.0,52663.0,False
2019-01-14 20:49:00,623391.0,696263.7999999999,696264.0,0.0,72873.0,72873.0,False
2019-01-14 20:50:00,649571.0,696263.7999999999,696264.0,0.0,46693.0,46693.0,False
2019-01-14 20:51:00,640909.0,696263.7999999999,696264.0,0.0,55355.0,55355.0,False
2019-01-14 20:52:00,658850.0,696263.7999999999,696264.0,0.0,37414.0,37414.0,False
2019-01-14 20:53:00,636102.0,696263.7999999999,696264.0,0.0,60162.0,60162.0,False
2019-01-14 20:54:00,621152.0,696263.7999999999,696264.0,0.0,75112.0,75112.0,False
2019-01-14 20:55:00,642066.0,696263.7999999999,696264.0,0.0,54198.0,54198.0,False
2019-01-14 20:56:00,627550.0,696263.7999999999,696264.0,0.0,68714.0,68714.0,False
2019-01-14 20:57:00,624159.0,696263.7999999999,696264.0,0.0,72105.0,72105.0,False
2019-01-14 20:58:00,629443.0,696263.7999999999,696264.0,0.0,66821.0,66821.0,False
2019-01-14 20:59:00,627116.0,696263.7999999999,696264.0,0.0,69148.0,69148.0,False
2019-01-14 21:00:00,713622.0,696263.7999999999,696264.0,17358.0,0.0,173580.0,False
2019-01-14 21:01:00,682471.0,696263.7999999999,696264.0,0.0,13793.0,13793.0,False
2019-01-14 21:02:00,665548.0,696263.7999999999,696264.0,0.0,30716.0,30716.0,False
2019-01-14 21:03:00,647485.0,696263.7999999999,696264.0,0.0,48779.0,48779.0,False
2019-01-14 21:04:00,656537.0,696263.7999999999,696264.0,0.0,39727.0,39727.0,False
2019-01-14 21:05:00,658689.0,696263.7999999999,696264.0,0.0,37575.0,37575.0,False
2019-01-14 21:06:00,650743.0,696263.7999999999,696264.0,0.0,45521.0,45521.0,False
2019-01-14 21:07:00,671512.0,696263.7999999999,696264.0,0.0,24752.0,24752.0,False
2019-01-14 21:08:00,746368.0,696263.7999999999,696264.0,50104.0,0.0,501040.0,False
2019-01-14 21:09:00,755706.0,696263.7999999999,696264.0,59442.0,0.0,594420.0,False
2019-01-14 21:10:00,721742.0,696263.7999999999,696264.0,25478.0,0.0,254780.0,False
2019-01-14 21:11:00,634048.0,696263.7999999999,696264.0,0.0,62216.0,62216.0,False
2019-01-14 21:12:00,653608.0,696263.7999999999,696264.0,0.0,42656.0,42656.0,False
2019-01-14 21:13:00,651736.0,696263.7999999999,696264.0,0.0,44528.0,44528.0,False
2019-01-14 21:14:00,647479.0,696263.7999999999,696264.0,0.0,48785.0,48785.0,False
2019-01-14 21:15:00,648939.0,696263.7999999999,696264.0,0.0,47325.0,47325.0,False
2019-01-14 21:16:00,637511.0,696263.7999999999,696264.0,0.0,58753.0,58753.0,False
2019-01-14 21:17:00,660161.0,696263.7999999999,696264.0,0.0,36103.0,36103.0,False
2019-01-14 21:18:00,645540.0,696263.7999999999,696264.0,0.0,50724.0,50724.0,False
2019-01-14 21:19:00,648124.0,696263.7999999999,696264.0,0.0,48140.0,48140.0,False
2019-01-14 21:20:00,675828.0,696263.7999999999,696264.0,0.0,20436.0,20436.0,False
2019-01-14 21:21:00,655098.0,696263.7999999999,696264.0,0.0,41166.0,41166.0,False
2019-01-14 21:22:00,644619.0,696263.7999999999,696264.0,0.0,51645.0,51645.0,False
2019-01-14 21:23:00,639264.0,696263.7999999999,696264.0,0.0,57000.0,57000.0,False
2019-01-14 21:24:00,619322.0,696263.7999999999,696264.0,0.0,76942.0,76942.0,False
2019-01-14 21:25:00,638808.0,696263.7999999999,696264.0,0.0,57456.0,57456.0,False
2019-01-14 21:26:00,627354.0,696263.7999999999,696264.0,0.0,68910.0,68910.0,False
2019-01-14 21:27:00,634318.0,696263.7999999999,696264.0,0.0,61946.0,61946.0,False
2019-01-14 21:28:00,622513.0,696263.7999999999,696264.0,0.0,73751.0,73751.0,False
2019-01-14 21:29:00,632693.0,696263.7999999999,696264.0,0.0,63571.0,63571.0,False
2019-01-14 21:30:00,749223.0,696263.7999999999,696264.0,52959.0,0.0,529590.0,False
2019-01-14 21:31:00,683293.0,696263.7999999999,696264.0,0.0,12971.0,12971.0,False
2019-01-14 21:32:00,650097.0,696263.7999999999,696264.0,0.0,46167.0,46167.0,False
2019-01-14 21:33:00,647019.0,696263.7999999999,696264.0,0.0,49245.0,49245.0,False
2019-01-14 21:34:00,626563.0,696263.7999999999,696264.0,0.0,69701.0,69701.0,False
2019-01-14 21:35:00,641004.0,696263.7999999999,696264.0,0.0,55260.0,55260.0,False
2019-01-14 21:36:00,638907.0,696263.7999999999,696264.0,0.0,57357.0,57357.0,False
2019-01-14 21:37:00,632517.0,696263.7999999999,696264.0,0.0,63747.0,63747.0,False
2019-01-14 21:38:00,627948.0,696263.7999999999,696264.0,0.0,68316.0,68316.0,False
2019-01-14 21:39:00,639289.0,696263.7999999999,696264.0,0.0,56975.0,56975.0,False
2019-01-14 21:40:00,660362.0,696263.7999999999,696264.0,0.0,35902.0,35902.0,False
2019-01-14 21:41:00,629310.0,696263.7999999999,696264.0,0.0,66954.0,66954.0,False
2019-01-14 21:42:00,625209.0,696263.7999999999,696264.0,0.0,71055.0,71055.0,False
2019-01-14 21:43:00,633703.0,696263.7999999999,696264.0,0.0,62561.0,62561.0,False
2019-01-14 21:44:00,618526.0,696263.7999999999,696264.0,0.0,77738.0,77738.0,False
2019-01-14 21:45:00,630324.0,696263.7999999999,696264.0,0.0,65940.0,65940.0,False
2019-01-14 21:46:00,626136.0,696263.7999999999,696264.0,0.0,70128.0,70128.0,False
2019-01-14 21:47:00,646299.0,696263.7999999999,696264.0,0.0,49965.0,49965.0,False
2019-01-14 21:48:00,622032.0,696263.7999999999,696264.0,0.0,74232.0,74232.0,False
2019-01-14 21:49:00,614926.0,696263.7999999999,696264.0,0.0,81338.0,81338.0,False
2019-01-14 21:50:00,630777.0,696263.7999999999,696264.0,0.0,65487.0,65487.0,False
2019-01-14 21:51:00,641511.0,696263.7999999999,696264.0,0.0,54753.0,54753.0,False
2019-01-14 21:52:00,636468.0,696263.7999999999,696264.0,0.0,59796.0,59796.0,False
2019-01-14 21:53:00,619147.0,696263.7999999999,696264.0,0.0,77117.0,77117.0,False
2019-01-14 21:54:00,633728.0,696263.7999999999,696264.0,0.0,62536.0,62536.0,False
2019-01-14 21:55:00,629719.0,696263.7999999999,696264.0,0.0,66545.0,66545.0,False
2019-01-14 21:56:00,622534.0,696263.7999999999,696264.0,0.0,73730.0,73730.0,False
2019-01-14 21:57:00,638027.0,696263.7999999999,696264.0,0.0,58237.0,58237.0,False
2019-01-14 21:58:00,618927.0,696263.7999999999,696264.0,0.0,77337.0,77337.0,False
2019-01-14 21:59:00,624671.0,696263.7999999999,696264.0,0.0,71593.0,71593.0,False
2019-01-14 22:00:00,726231.0,696263.7999999999,696264.0,29967.0,0.0,299670.0,False
2019-01-14 22:01:00,651412.0,696263.7999999999,696264.0,0.0,44852.0,44852.0,False
2019-01-14 22:02:00,652930.0,696263.7999999999,696264.0,0.0,43334.0,43334.0,False
2019-01-14 22:03:00,642876.0,696263.7999999999,696264.0,0.0,53388.0,53388.0,False
2019-01-14 22:04:00,634330.0,696263.7999999999,696264.0,0.0,61934.0,61934.0,False
2019-01-14 22:05:00,647171.0,696263.7999999999,696264.0,0.0,49093.0,49093.0,False
2019-01-14 22:06:00,722589.0,696263.7999999999,696264.0,26325.0,0.0,263250.0,False
2019-01-14 22:07:00,725084.0,696263.7999999999,696264.0,28820.0,0.0,288200.0,False
2019-01-14 22:08:00,727419.0,696263.7999999999,696264.0,31155.0,0.0,311550.0,False
2019-01-14 22:09:00,694547.0,696263.7999999999,696264.0,0.0,1717.0,1717.0,False
2019-01-14 22:10:00,661817.0,696263.7999999999,696264.0,0.0,34447.0,34447.0,False
2019-01-14 22:11:00,648076.0,696263.7999999999,696264.0,0.0,48188.0,48188.0,False
2019-01-14 22:12:00,636912.0,696263.7999999999,696264.0,0.0,59352.0,59352.0,False
2019-01-14 22:13:00,628149.0,696263.7999999999,696264.0,0.0,68115.0,68115.0,False
2019-01-14 22:14:00,627421.0,696263.7999999999,696264.0,0.0,68843.0,68843.0,False
2019-01-14 22:15:00,653408.0,696263.7999999999,696264.0,0.0,42856.0,42856.0,False
2019-01-14 22:16:00,637563.0,696263.7999999999,696264.0,0.0,58701.0,58701.0,False
2019-01-14 22:17:00,639372.0,696263.7999999999,696264.0,0.0,56892.0,56892.0,False
2019-01-14 22:18:00,627615.0,696263.7999999999,696264.0,0.0,68649.0,68649.0,False
2019-01-14 22:19:00,623973.0,696263.7999999999,696264.0,0.0,72291.0,72291.0,False
2019-01-14 22:20:00,638312.0,696263.7999999999,696264.0,0.0,57952.0,57952.0,False
2019-01-14 22:21:00,625041.0,696263.7999999999,696264.0,0.0,71223.0,71223.0,False
2019-01-14 22:22:00,619713.0,696263.7999999999,696264.0,0.0,76551.0,76551.0,False
2019-01-14 22:23:00,614103.0,696263.7999999999,696264.0,0.0,82161.0,82161.0,False
2019-01-14 22:24:00,616165.0,696263.7999999999,696264.0,0.0,80099.0,80099.0,False
2019-01-14 22:25:00,616171.0,696263.7999999999,696264.0,0.0,80093.0,80093.0,False
2019-01-14 22:26:00,625452.0,696263.7999999999,696264.0,0.0,70812.0,70812.0,False
2019-01-14 22:27:00,635677.0,696263.7999999999,696264.0,0.0,60587.0,60587.0,False
2019-01-14 22:28:00,636054.0,696263.7999999999,696264.0,0.0,60210.0,60210.0,False
2019-01-14 22:29:00,617821.0,696263.7999999999,696264.0,0.0,78443.0,78443.0,False
2019-01-14 22:30:00,677698.0,696263.7999999999,696264.0,0.0,18566.0,18566.0,False
2019-01-14 22:31:00,647610.0,696263.7999999999,696264.0,0.0,48654.0,48654.0,False
2019-01-14 22:32:00,626252.0,696263.7999999999,696264.0,0.0,70012.0,70012.0,False
2019-01-14 22:33:00,623358.0,696263.7999999999,696264.0,0.0,72906.0,72906.0,False
2019-01-14 22:34:00,613736.0,696263.7999999999,696264.0,0.0,82528.0,82528.0,False
2019-01-14 22:35:00,626600.0,696263.7999999999,696264.0,0.0,69664.0,69664.0,False
2019-01-14 22:36:00,612123.0,696263.7999999999,696264.0,0.0,84141.0,84141.0,False
2019-01-14 22:37:00,604535.0,696263.7999999999,696264.0,0.0,91729.0,91729.0,False
2019-01-14 22:38:00,604385.0,696263.7999999999,696264.0,0.0,91879.0,91879.0,False
2019-01-14 22:39:00,607582.0,696263.7999999999,696264.0,0.0,88682.0,88682.0,False
2019-01-14 22:40:00,641559.0,696263.7999999999,696264.0,0.0,54705.0,54705.0,False
2019-01-14 22:41:00,623349.0,696263.7999999999,696264.0,0.0,72915.0,72915.0,False
2019-01-14 22:42:00,595166.0,696263.7999999999,696264.0,0.0,101098.0,101098.0,False
2019-01-14 22:43:00,623969.0,696263.7999999999,696264.0,0.0,72295.0,72295.0,False
2019-01-14 22:44:00,616972.0,696263.7999999999,696264.0,0.0,79292.0,79292.0,False
2019-01-14 22:45:00,638137.0,696263.7999999999,696264.0,0.0,58127.0,58127.0,False
2019-01-14 22:46:00,623340.0,696263.7999999999,696264.0,0.0,72924.0,72924.0,False
2019-01-14 22:47:00,645070.0,696263.7999999999,696264.0,0.0,51194.0,51194.0,False
2019-01-14 22:48:00,629597.0,696263.7999999999,696264.0,0.0,66667.0,66667.0,False
2019-01-14 22:49:00,599110.0,696263.7999999999,696264.0,0.0,97154.0,97154.0,False
2019-01-14 22:50:00,639246.0,696263.7999999999,696264.0,0.0,57018.0,57018.0,False
2019-01-14 22:51:00,604252.0,696263.7999999999,696264.0,0.0,92012.0,92012.0,False
2019-01-14 22:52:00,611750.0,696263.7999999999,696264.0,0.0,84514.0,84514.0,False
2019-01-14 22:53:00,606205.0,696263.7999999999,696264.0,0.0,90059.0,90059.0,False
2019-01-14 22:54:00,605963.0,696263.7999999999,696264.0,0.0,90301.0,90301.0,False
2019-01-14 22:55:00,615895.0,696263.7999999999,696264.0,0.0,80369.0,80369.0,False
2019-01-14 22:56:00,613157.0,696263.7999999999,696264.0,0.0,83107.0,83107.0,False
2019-01-14 22:57:00,607959.0,696263.7999999999,696264.0,0.0,88305.0,88305.0,False
2019-01-14 22:58:00,625235.0,696263.7999999999,696264.0,0.0,71029.0,71029.0,False
2019-01-14 22:59:00,611442.0,696263.7999999999,696264.0,0.0,84822.0,84822.0,False
2019-01-14 23:00:00,711484.0,696263.7999999999,696264.0,15220.0,0.0,152200.0,False
2019-01-14 23:01:00,645106.0,696263.7999999999,696264.0,0.0,51158.0,51158.0,False
2019-01-14 23:02:00,652371.0,696263.7999999999,696264.0,0.0,43893.0,43893.0,False
2019-01-14 23:03:00,651248.0,696263.7999999999,696264.0,0.0,45016.0,45016.0,False
2019-01-14 23:04:00,629553.0,696263.7999999999,696264.0,0.0,66711.0,66711.0,False
2019-01-14 23:05:00,637780.0,696263.7999999999,696264.0,0.0,58484.0,58484.0,False
2019-01-14 23:06:00,652740.0,696263.7999999999,696264.0,0.0,43524.0,43524.0,False
2019-01-14 23:07:00,676817.0,696263.7999999999,696264.0,0.0,19447.0,19447.0,False
2019-01-14 23:08:00,684261.0,696263.7999999999,696264.0,0.0,12003.0,12003.0,False
2019-01-14 23:09:00,686833.0,696263.7999999999,696264.0,0.0,9431.0,9431.0,False
2019-01-14 23:10:00,667390.0,696263.7999999999,696264.0,0.0,28874.0,28874.0,False
2019-01-14 23:11:00,637495.0,696263.7999999999,696264.0,0.0,58769.0,58769.0,False
2019-01-14 23:12:00,658949.0,696263.7999999999,696264.0,0.0,37315.0,37315.0,False
2019-01-14 23:13:00,620860.0,696263.7999999999,696264.0,0.0,75404.0,75404.0,False
2019-01-14 23:14:00,609331.0,696263.7999999999,696264.0,0.0,86933.0,86933.0,False
2019-01-14 23:15:00,630045.0,696263.7999999999,696264.0,0.0,66219.0,66219.0,False
2019-01-14 23:16:00,604802.0,696263.7999999999,696264.0,0.0,91462.0,91462.0,False
2019-01-14 23:17:00,535995.0,696263.7999999999,696264.0,0.0,160269.0,160269.0,False
2019-01-14 23:18:00,567885.0,696263.7999999999,696264.0,0.0,128379.0,128379.0,False
2019-01-14 23:19:00,591624.0,696263.7999999999,696264.0,0.0,104640.0,104640.0,False
2019-01-14 23:20:00,633844.0,696263.7999999999,696264.0,0.0,62420.0,62420.0,False
2019-01-14 23:21:00,622058.0,696263.7999999999,696264.0,0.0,74206.0,74206.0,False
2019-01-14 23:22:00,605205.0,696263.7999999999,696264.0,0.0,91059.0,91059.0,False
2019-01-14 23:23:00,622582.0,696263.7999999999,696264.0,0.0,73682.0,73682.0,False
2019-01-14 23:24:00,612415.0,696263.7999999999,696264.0,0.0,83849.0,83849.0,False
2019-01-14 23:25:00,616866.0,696263.7999999999,696264.0,0.0,79398.0,79398.0,False
2019-01-14 23:26:00,601307.0,696263.7999999999,696264.0,0.0,94957.0,94957.0,False
2019-01-14 23:27:00,614037.0,696263.7999999999,696264.0,0.0,82227.0,82227.0,False
2019-01-14 23:28:00,618267.0,696263.7999999999,696264.0,0.0,77997.0,77997.0,False
2019-01-14 23:29:00,636622.0,696263.7999999999,696264.0,0.0,59642.0,59642.0,False
2019-01-14 23:30:00,704185.0,696263.7999999999,696264.0,7921.0,0.0,79210.0,False
2019-01-14 23:31:00,644028.0,696263.7999999999,696264.0,0.0,52236.0,52236.0,False
2019-01-14 23:32:00,616963.0,696263.7999999999,696264.0,0.0,79301.0,79301.0,False
2019-01-14 23:33:00,611267.0,696263.7999999999,696264.0,0.0,84997.0,84997.0,False
2019-01-14 23:34:00,581705.0,696263.7999999999,696264.0,0.0,114559.0,114559.0,False
2019-01-14 23:35:00,593599.0,696263.7999999999,696264.0,0.0,102665.0,102665.0,False
2019-01-14 23:36:00,597509.0,696263.7999999999,696264.0,0.0,98755.0,98755.0,False
2019-01-14 23:37:00,599955.0,696263.7999999999,696264.0,0.0,96309.0,96309.0,False
2019-01-14 23:38:00,595014.0,696263.7999999999,696264.0,0.0,101250.0,101250.0,False
2019-01-14 23:39:00,594908.0,696263.7999999999,696264.0,0.0,101356.0,101356.0,False
2019-01-14 23:40:00,634585.0,696263.7999999999,696264.0,0.0,61679.0,61679.0,False
2019-01-14 23:41:00,608947.0,696263.7999999999,696264.0,0.0,87317.0,87317.0,False
2019-01-14 23:42:00,607280.0,696263.7999999999,696264.0,0.0,88984.0,88984.0,False
2019-01-14 23:43:00,613165.0,696263.7999999999,696264.0,0.0,83099.0,83099.0,False
2019-01-14 23:44:00,613704.0,696263.7999999999,696264.0,0.0,82560.0,82560.0,False
2019-01-14 23:45:00,639067.0,696263.7999999999,696264.0,0.0,57197.0,57197.0,False
2019-01-14 23:46:00,620960.0,696263.7999999999,696264.0,0.0,75304.0,75304.0,False
2019-01-14 23:47:00,604475.0,696263.7999999999,696264.0,0.0,91789.0,91789.0,False
2019-01-14 23:48:00,614541.0,696263.7999999999,696264.0,0.0,81723.0,81723.0,False
2019-01-14 23:49:00,591612.0,696263.7999999999,696264.0,0.0,104652.0,104652.0,False
2019-01-14 23:50:00,617163.0,696263.7999999999,696264.0,0.0,79101.0,79101.0,False
2019-01-14 23:51:00,591331.0,696263.7999999999,696264.0,0.0,104933.0,104933.0,False
2019-01-14 23:52:00,580034.0,696263.7999999999,696264.0,0.0,116230.0,116230.0,False
2019-01-14 23:53:00,583403.0,696263.7999999999,696264.0,0.0,112861.0,112861.0,False
2019-01-14 23:54:00,598860.0,696263.7999999999,696264.0,0.0,97404.0,97404.0,False
2019-01-14 23:55:00,611202.0,696263.7999999999,696264.0,0.0,85062.0,85062.0,False
2019-01-14 23:56:00,588891.0,696263.7999999999,696264.0,0.0,107373.0,107373.0,False
2019-01-14 23:57:00,578440.0,696263.7999999999,696264.0,0.0,117824.0,117824.0,False
2019-01-14 23:58:00,587982.0,696263.7999999999,696264.0,0.0,108282.0,108282.0,False
2019-01-14 23:59:00,586114.0,696263.7999999999,696264.0,0.0,110150.0,110150.0,False
