timestamp,actual_demand,predicted,provisioned,cold_starts,idle_capacity,cost,is_extreme
2019-01-12 04:50:00,588657.0,537419.9375,537420.0,51237.0,0.0,512370.0,False
2019-01-12 04:51:00,580621.0,546341.3125,546342.0,34279.0,0.0,342790.0,False
2019-01-12 04:52:00,552778.0,552928.1875,552929.0,0.0,151.0,151.0,False
2019-01-12 04:53:00,530515.0,556779.75,556780.0,0.0,26265.0,26265.0,False
2019-01-12 04:54:00,532786.0,554950.4375,554951.0,0.0,22165.0,22165.0,False
2019-01-12 04:55:00,541348.0,550704.0625,550705.0,0.0,9357.0,9357.0,False
2019-01-12 04:56:00,536975.0,546277.5,546278.0,0.0,9303.0,9303.0,False
2019-01-12 04:57:00,530572.0,544750.0625,544751.0,0.0,14179.0,14179.0,False
2019-01-12 04:58:00,525627.0,537823.6875,537824.0,0.0,12197.0,12197.0,False
2019-01-12 04:59:00,540296.0,537448.4375,537449.0,2847.0,0.0,28470.0,False
2019-01-12 05:00:00,647028.0,536780.0625,536781.0,110247.0,0.0,1102470.0,False
2019-01-12 05:01:00,622708.0,554421.1875,554422.0,68286.0,0.0,682860.0,False
2019-01-12 05:02:00,582150.0,558095.1875,558096.0,24054.0,0.0,240540.0,False
2019-01-12 05:03:00,570577.0,558627.75,558628.0,11949.0,0.0,119490.0,False
2019-01-12 05:04:00,547418.0,555139.5,555140.0,0.0,7722.0,7722.0,False
2019-01-12 05:05:00,559395.0,556020.5625,556021.0,3374.0,0.0,33740.0,False
2019-01-12 05:06:00,525129.0,558270.6875,558271.0,0.0,33142.0,33142.0,False
2019-01-12 05:07:00,586948.0,547863.9375,547864.0,39084.0,0.0,390840.0,False
2019-01-12 05:08:00,647579.0,559741.0,559741.0,87838.0,0.0,878380.0,False
2019-01-12 05:09:00,605381.0,593709.25,593710.0,11671.0,0.0,116710.0,False
2019-01-12 05:10:00,560253.0,596850.0625,596851.0,0.0,36598.0,36598.0,False
2019-01-12 05:11:00,532885.0,574299.0625,574300.0,0.0,41415.0,41415.0,False
2019-01-12 05:12:00,588134.0,562415.6875,562416.0,25718.0,0.0,257180.0,False
2019-01-12 05:13:00,628095.0,565117.5625,565118.0,62977.0,0.0,629770.0,False
2019-01-12 05:14:00,614418.0,579349.4375,579350.0,35068.0,0.0,350680.0,False
2019-01-12 05:15:00,585384.0,578163.1875,578164.0,7220.0,0.0,72200.0,False
2019-01-12 05:16:00,552188.0,580232.75,580233.0,0.0,28045.0,28045.0,False
2019-01-12 05:17:00,537122.0,588671.5625,588672.0,0.0,51550.0,51550.0,False
2019-01-12 05:18:00,536814.0,578426.0,578426.0,0.0,41612.0,41612.0,False
2019-01-12 05:19:00,534593.0,560743.0625,560744.0,0.0,26151.0,26151.0,False
2019-01-12 05:20:00,561731.0,548557.3125,548558.0,13173.0,0.0,131730.0,False
2019-01-12 05:21:00,559076.0,555626.1875,555627.0,3449.0,0.0,34490.0,False
2019-01-12 05:22:00,550042.0,562314.0625,562315.0,0.0,12273.0,12273.0,False
2019-01-12 05:23:00,560379.0,560699.5,560700.0,0.0,321.0,321.0,False
2019-01-12 05:24:00,572109.0,551659.1875,551660.0,20449.0,0.0,204490.0,False
2019-01-12 05:25:00,543707.0,547205.75,547206.0,0.0,3499.0,3499.0,False
2019-01-12 05:26:00,532930.0,540067.3125,540068.0,0.0,7138.0,7138.0,False
2019-01-12 05:27:00,521143.0,538818.5625,538819.0,0.0,17676.0,17676.0,False
2019-01-12 05:28:00,513834.0,532242.3125,532243.0,0.0,18409.0,18409.0,False
2019-01-12 05:29:00,532719.0,533061.1875,533062.0,0.0,343.0,343.0,False
2019-01-12 05:30:00,575989.0,533260.0625,533261.0,42728.0,0.0,427280.0,False
2019-01-12 05:31:00,538608.0,539203.9375,539204.0,0.0,596.0,596.0,False
2019-01-12 05:32:00,528025.0,533473.0,533473.0,0.0,5448.0,5448.0,False
2019-01-12 05:33:00,534611.0,534962.3125,534963.0,0.0,352.0,352.0,False
2019-01-12 05:34:00,532570.0,526026.125,526027.0,6543.0,0.0,65430.0,False
2019-01-12 05:35:00,537813.0,525516.6875,525517.0,12296.0,0.0,122960.0,False
2019-01-12 05:36:00,531226.0,522273.40625,522274.0,8952.0,0.0,89520.0,False
2019-01-12 05:37:00,529027.0,519259.09375,519260.0,9767.0,0.0,97670.0,False
2019-01-12 05:38:00,516514.0,521397.34375,521398.0,0.0,4884.0,4884.0,False
2019-01-12 05:39:00,528030.0,524090.46875,524091.0,3939.0,0.0,39390.0,False
2019-01-12 05:40:00,550462.0,521969.84375,521970.0,28492.0,0.0,284920.0,False
2019-01-12 05:41:00,535813.0,520631.65625,520632.0,15181.0,0.0,151810.0,False
2019-01-12 05:42:00,534398.0,519957.53125,519958.0,14440.0,0.0,144400.0,False
2019-01-12 05:43:00,553836.0,521252.46875,521253.0,32583.0,0.0,325830.0,False
2019-01-12 05:44:00,531868.0,524501.8125,524502.0,7366.0,0.0,73660.0,False
2019-01-12 05:45:00,548161.0,522075.59375,522076.0,26085.0,0.0,260850.0,False
2019-01-12 05:46:00,534146.0,526727.3125,526728.0,7418.0,0.0,74180.0,False
2019-01-12 05:47:00,555466.0,519425.90625,519426.0,36040.0,0.0,360400.0,False
2019-01-12 05:48:00,540325.0,529490.9375,529491.0,10834.0,0.0,108340.0,False
2019-01-12 05:49:00,545129.0,527700.4375,527701.0,17428.0,0.0,174280.0,False
2019-01-12 05:50:00,551567.0,534507.5,534508.0,17059.0,0.0,170590.0,False
2019-01-12 05:51:00,540069.0,529571.25,529572.0,10497.0,0.0,104970.0,False
2019-01-12 05:52:00,524652.0,534462.5625,534463.0,0.0,9811.0,9811.0,False
2019-01-12 05:53:00,521408.0,527838.3125,527839.0,0.0,6431.0,6431.0,False
2019-01-12 05:54:00,530909.0,526868.5625,526869.0,4040.0,0.0,40400.0,False
2019-01-12 05:55:00,540109.0,525404.5,525405.0,14704.0,0.0,147040.0,False
2019-01-12 05:56:00,536771.0,527816.8125,527817.0,8954.0,0.0,89540.0,False
2019-01-12 05:57:00,532770.0,526225.0,526225.0,6545.0,0.0,65450.0,False
2019-01-12 05:58:00,532080.0,524516.8125,524517.0,7563.0,0.0,75630.0,False
2019-01-12 05:59:00,544192.0,524555.6875,524556.0,19636.0,0.0,196360.0,False
2019-01-12 06:00:00,654073.0,525049.5,525050.0,129023.0,0.0,1290230.0,False
2019-01-12 06:01:00,590739.0,548780.8125,548781.0,41958.0,0.0,419580.0,False
2019-01-12 06:02:00,577052.0,544691.375,544692.0,32360.0,0.0,323600.0,False
2019-01-12 06:03:00,568740.0,554153.8125,554154.0,14586.0,0.0,145860.0,False
2019-01-12 06:04:00,545882.0,548619.4375,548620.0,0.0,2738.0,2738.0,False
2019-01-12 06:05:00,544559.0,554329.5625,554330.0,0.0,9771.0,9771.0,False
2019-01-12 06:06:00,540882.0,550780.5625,550781.0,0.0,9899.0,9899.0,False
2019-01-12 06:07:00,594176.0,548601.9375,548602.0,45574.0,0.0,455740.0,False
2019-01-12 06:08:00,636876.0,558453.875,558454.0,78422.0,0.0,784220.0,False
2019-01-12 06:09:00,642518.0,594125.8125,594126.0,48392.0,0.0,483920.0,False
2019-01-12 06:10:00,701297.0,597263.8125,597264.0,104033.0,0.0,1040330.0,False
2019-01-12 06:11:00,608943.0,612171.9375,612172.0,0.0,3229.0,3229.0,False
2019-01-12 06:12:00,569267.0,595327.6875,595328.0,0.0,26061.0,26061.0,False
2019-01-12 06:13:00,560477.0,585771.6875,585772.0,0.0,25295.0,25295.0,False
2019-01-12 06:14:00,559376.0,572858.1875,572859.0,0.0,13483.0,13483.0,False
2019-01-12 06:15:00,581128.0,572386.4375,572387.0,8741.0,0.0,87410.0,False
2019-01-12 06:16:00,557058.0,578190.125,578191.0,0.0,21133.0,21133.0,False
2019-01-12 06:17:00,553818.0,578323.5,578324.0,0.0,24506.0,24506.0,False
2019-01-12 06:18:00,562791.0,581206.0625,581207.0,0.0,18416.0,18416.0,False
2019-01-12 06:19:00,530111.0,592378.1875,592379.0,0.0,62268.0,62268.0,False
2019-01-12 06:20:00,566808.0,572588.8125,572589.0,0.0,5781.0,5781.0,False
2019-01-12 06:21:00,531046.0,558328.4375,558329.0,0.0,27283.0,27283.0,False
2019-01-12 06:22:00,529892.0,542598.4375,542599.0,0.0,12707.0,12707.0,False
2019-01-12 06:23:00,540455.0,544702.1875,544703.0,0.0,4248.0,4248.0,False
2019-01-12 06:24:00,546857.0,539831.875,539832.0,7025.0,0.0,70250.0,False
2019-01-12 06:25:00,545982.0,540228.9375,540229.0,5753.0,0.0,57530.0,False
2019-01-12 06:26:00,527081.0,534103.0625,534104.0,0.0,7023.0,7023.0,False
2019-01-12 06:27:00,531960.0,533511.6875,533512.0,0.0,1552.0,1552.0,False
2019-01-12 06:28:00,525576.0,526050.1875,526051.0,0.0,475.0,475.0,False
2019-01-12 06:29:00,509858.0,525811.5625,525812.0,0.0,15954.0,15954.0,False
2019-01-12 06:30:00,560327.0,519609.28125,519610.0,40717.0,0.0,407170.0,False
2019-01-12 06:31:00,537323.0,524665.8125,524666.0,12657.0,0.0,126570.0,False
2019-01-12 06:32:00,522249.0,521316.0,521316.0,933.0,0.0,9330.0,False
2019-01-12 06:33:00,528564.0,525308.0625,525309.0,3255.0,0.0,32550.0,False
2019-01-12 06:34:00,539475.0,520833.65625,520834.0,18641.0,0.0,186410.0,False
2019-01-12 06:35:00,544173.0,521950.34375,521951.0,22222.0,0.0,222220.0,False
2019-01-12 06:36:00,528535.0,520498.90625,520499.0,8036.0,0.0,80360.0,False
2019-01-12 06:37:00,518485.0,520374.25,520375.0,0.0,1890.0,1890.0,False
2019-01-12 06:38:00,517956.0,513153.5625,513154.0,4802.0,0.0,48020.0,False
2019-01-12 06:39:00,543379.0,518321.875,518322.0,25057.0,0.0,250570.0,False
2019-01-12 06:40:00,569882.0,523257.96875,523258.0,46624.0,0.0,466240.0,False
2019-01-12 06:41:00,544080.0,525160.6875,525161.0,18919.0,0.0,189190.0,False
2019-01-12 06:42:00,534376.0,523947.875,523948.0,10428.0,0.0,104280.0,False
2019-01-12 06:43:00,535857.0,526474.875,526475.0,9382.0,0.0,93820.0,False
2019-01-12 06:44:00,535285.0,526804.3125,526805.0,8480.0,0.0,84800.0,False
2019-01-12 06:45:00,553936.0,526674.9375,526675.0,27261.0,0.0,272610.0,False
2019-01-12 06:46:00,550498.0,526542.25,526543.0,23955.0,0.0,239550.0,False
2019-01-12 06:47:00,557274.0,526840.6875,526841.0,30433.0,0.0,304330.0,False
2019-01-12 06:48:00,547446.0,534483.625,534484.0,12962.0,0.0,129620.0,False
2019-01-12 06:49:00,546592.0,538395.875,538396.0,8196.0,0.0,81960.0,False
2019-01-12 06:50:00,575415.0,537301.4375,537302.0,38113.0,0.0,381130.0,False
2019-01-12 06:51:00,554113.0,540031.25,540032.0,14081.0,0.0,140810.0,False
2019-01-12 06:52:00,549393.0,538929.5625,538930.0,10463.0,0.0,104630.0,False
2019-01-12 06:53:00,553619.0,541575.875,541576.0,12043.0,0.0,120430.0,False
2019-01-12 06:54:00,581176.0,542529.0,542529.0,38647.0,0.0,386470.0,False
2019-01-12 06:55:00,545653.0,552104.0625,552105.0,0.0,6452.0,6452.0,False
2019-01-12 06:56:00,535602.0,546516.4375,546517.0,0.0,10915.0,10915.0,False
2019-01-12 06:57:00,531474.0,546927.4375,546928.0,0.0,15454.0,15454.0,False
2019-01-12 06:58:00,527142.0,538500.5625,538501.0,0.0,11359.0,11359.0,False
2019-01-12 06:59:00,542168.0,542259.8125,542260.0,0.0,92.0,92.0,False
2019-01-12 07:00:00,662620.0,537700.3125,537701.0,124919.0,0.0,1249190.0,False
2019-01-12 07:01:00,614379.0,564890.0625,564891.0,49488.0,0.0,494880.0,False
2019-01-12 07:02:00,591004.0,566178.3125,566179.0,24825.0,0.0,248250.0,False
2019-01-12 07:03:00,604978.0,574199.9375,574200.0,30778.0,0.0,307780.0,False
2019-01-12 07:04:00,603071.0,564865.875,564866.0,38205.0,0.0,382050.0,False
2019-01-12 07:05:00,624686.0,571551.875,571552.0,53134.0,0.0,531340.0,False
2019-01-12 07:06:00,669499.0,579303.6875,579304.0,90195.0,0.0,901950.0,False
2019-01-12 07:07:00,654313.0,596073.3125,596074.0,58239.0,0.0,582390.0,False
2019-01-12 07:08:00,670531.0,604485.8125,604486.0,66045.0,0.0,660450.0,False
2019-01-12 07:09:00,723754.0,643938.3125,643939.0,79815.0,0.0,798150.0,False
2019-01-12 07:10:00,713404.0,661493.9375,661494.0,51910.0,0.0,519100.0,False
2019-01-12 07:11:00,664482.0,658259.9375,658260.0,6222.0,0.0,62220.0,False
2019-01-12 07:12:00,660728.0,649974.125,649975.0,10753.0,0.0,107530.0,False
2019-01-12 07:13:00,614075.0,640279.6875,640280.0,0.0,26205.0,26205.0,False
2019-01-12 07:14:00,565706.0,622415.9375,622416.0,0.0,56710.0,56710.0,False
2019-01-12 07:15:00,571711.0,619590.3125,619591.0,0.0,47880.0,47880.0,False
2019-01-12 07:16:00,557097.0,608187.1875,608188.0,0.0,51091.0,51091.0,False
2019-01-12 07:17:00,562772.0,596431.0,596431.0,0.0,33659.0,33659.0,False
2019-01-12 07:18:00,567642.0,607851.1875,607852.0,0.0,40210.0,40210.0,False
2019-01-12 07:19:00,563137.0,604948.5625,604949.0,0.0,41812.0,41812.0,False
2019-01-12 07:20:00,578353.0,597605.1875,597606.0,0.0,19253.0,19253.0,False
2019-01-12 07:21:00,575577.0,595798.1875,595799.0,0.0,20222.0,20222.0,False
2019-01-12 07:22:00,574765.0,583261.6875,583262.0,0.0,8497.0,8497.0,False
2019-01-12 07:23:00,582864.0,567366.625,567367.0,15497.0,0.0,154970.0,False
2019-01-12 07:24:00,568755.0,567423.0625,567424.0,1331.0,0.0,13310.0,False
2019-01-12 07:25:00,578217.0,564990.3125,564991.0,13226.0,0.0,132260.0,False
2019-01-12 07:26:00,527895.0,568490.6875,568491.0,0.0,40596.0,40596.0,False
2019-01-12 07:27:00,553542.0,557966.3125,557967.0,0.0,4425.0,4425.0,False
2019-01-12 07:28:00,531542.0,561785.25,561786.0,0.0,30244.0,30244.0,False
2019-01-12 07:29:00,521288.0,550837.5625,550838.0,0.0,29550.0,29550.0,False
2019-01-12 07:30:00,581080.0,551323.9375,551324.0,29756.0,0.0,297560.0,False
2019-01-12 07:31:00,575214.0,551702.6875,551703.0,23511.0,0.0,235110.0,False
2019-01-12 07:32:00,583487.0,554172.8125,554173.0,29314.0,0.0,293140.0,False
2019-01-12 07:33:00,566705.0,556261.75,556262.0,10443.0,0.0,104430.0,False
2019-01-12 07:34:00,551483.0,553290.8125,553291.0,0.0,1808.0,1808.0,False
2019-01-12 07:35:00,548319.0,546545.75,546546.0,1773.0,0.0,17730.0,False
2019-01-12 07:36:00,548324.0,544886.3125,544887.0,3437.0,0.0,34370.0,False
2019-01-12 07:37:00,543382.0,546933.4375,546934.0,0.0,3552.0,3552.0,False
2019-01-12 07:38:00,556021.0,540511.4375,540512.0,15509.0,0.0,155090.0,False
2019-01-12 07:39:00,544347.0,550464.25,550465.0,0.0,6118.0,6118.0,False
2019-01-12 07:40:00,577096.0,549029.0625,549030.0,28066.0,0.0,280660.0,False
2019-01-12 07:41:00,568497.0,556064.0625,556065.0,12432.0,0.0,124320.0,False
2019-01-12 07:42:00,551620.0,549915.6875,549916.0,1704.0,0.0,17040.0,False
2019-01-12 07:43:00,552290.0,548164.0625,548165.0,4125.0,0.0,41250.0,False
2019-01-12 07:44:00,544095.0,544258.0,544258.0,0.0,163.0,163.0,False
2019-01-12 07:45:00,561788.0,544502.0,544502.0,17286.0,0.0,172860.0,False
2019-01-12 07:46:00,557747.0,546483.25,546484.0,11263.0,0.0,112630.0,False
2019-01-12 07:47:00,559377.0,547757.1875,547758.0,11619.0,0.0,116190.0,False
2019-01-12 07:48:00,556961.0,548405.9375,548406.0,8555.0,0.0,85550.0,False
2019-01-12 07:49:00,546767.0,550117.5,550118.0,0.0,3351.0,3351.0,False
2019-01-12 07:50:00,567687.0,548833.8125,548834.0,18853.0,0.0,188530.0,False
2019-01-12 07:51:00,546497.0,547762.0,547762.0,0.0,1265.0,1265.0,False
2019-01-12 07:52:00,558037.0,543945.5625,543946.0,14091.0,0.0,140910.0,False
2019-01-12 07:53:00,528883.0,547171.8125,547172.0,0.0,18289.0,18289.0,False
2019-01-12 07:54:00,532519.0,539913.8125,539914.0,0.0,7395.0,7395.0,False
2019-01-12 07:55:00,561556.0,542211.6875,542212.0,19344.0,0.0,193440.0,False
2019-01-12 07:56:00,561846.0,540657.4375,540658.0,21188.0,0.0,211880.0,False
2019-01-12 07:57:00,540620.0,544297.0625,544298.0,0.0,3678.0,3678.0,False
2019-01-12 07:58:00,539111.0,538311.8125,538312.0,799.0,0.0,7990.0,False
2019-01-12 07:59:00,558095.0,540404.625,540405.0,17690.0,0.0,176900.0,False
2019-01-12 08:00:00,639565.0,538490.6875,538491.0,101074.0,0.0,1010740.0,False
2019-01-12 08:01:00,628496.0,560268.8125,560269.0,68227.0,0.0,682270.0,False
2019-01-12 08:02:00,595978.0,565431.3125,565432.0,30546.0,0.0,305460.0,False
2019-01-12 08:03:00,588011.0,566018.5625,566019.0,21992.0,0.0,219920.0,False
2019-01-12 08:04:00,579901.0,568000.0625,568001.0,11900.0,0.0,119000.0,False
2019-01-12 08:05:00,670659.0,572441.9375,572442.0,98217.0,0.0,982170.0,False
2019-01-12 08:06:00,672249.0,593527.6875,593528.0,78721.0,0.0,787210.0,False
2019-01-12 08:07:00,638862.0,606438.5625,606439.0,32423.0,0.0,324230.0,False
2019-01-12 08:08:00,690348.0,613014.3125,613015.0,77333.0,0.0,773330.0,False
2019-01-12 08:09:00,732929.0,642342.5625,642343.0,90586.0,0.0,905860.0,False
2019-01-12 08:10:00,595108.0,665069.6875,665070.0,0.0,69962.0,69962.0,False
2019-01-12 08:11:00,571617.0,626591.8125,626592.0,0.0,54975.0,54975.0,False
2019-01-12 08:12:00,570337.0,607886.9375,607887.0,0.0,37550.0,37550.0,False
2019-01-12 08:13:00,563460.0,583478.6875,583479.0,0.0,20019.0,20019.0,False
2019-01-12 08:14:00,588599.0,600629.1875,600630.0,0.0,12031.0,12031.0,False
2019-01-12 08:15:00,608629.0,606426.6875,606427.0,2202.0,0.0,22020.0,False
2019-01-12 08:16:00,557077.0,595176.8125,595177.0,0.0,38100.0,38100.0,False
2019-01-12 08:17:00,566779.0,594084.4375,594085.0,0.0,27306.0,27306.0,False
2019-01-12 08:18:00,587775.0,613993.5625,613994.0,0.0,26219.0,26219.0,False
2019-01-12 08:19:00,566246.0,588358.5625,588359.0,0.0,22113.0,22113.0,False
2019-01-12 08:20:00,588770.0,571796.1875,571797.0,16973.0,0.0,169730.0,False
2019-01-12 08:21:00,558717.0,572571.9375,572572.0,0.0,13855.0,13855.0,False
2019-01-12 08:22:00,560304.0,564767.4375,564768.0,0.0,4464.0,4464.0,False
2019-01-12 08:23:00,572409.0,569560.4375,569561.0,2848.0,0.0,28480.0,False
2019-01-12 08:24:00,570368.0,571833.5,571834.0,0.0,1466.0,1466.0,False
2019-01-12 08:25:00,570101.0,566704.4375,566705.0,3396.0,0.0,33960.0,False
2019-01-12 08:26:00,553806.0,564070.3125,564071.0,0.0,10265.0,10265.0,False
2019-01-12 08:27:00,576856.0,564589.0625,564590.0,12266.0,0.0,122660.0,False
2019-01-12 08:28:00,532995.0,564823.25,564824.0,0.0,31829.0,31829.0,False
2019-01-12 08:29:00,528978.0,556884.4375,556885.0,0.0,27907.0,27907.0,False
2019-01-12 08:30:00,594875.0,552913.5625,552914.0,41961.0,0.0,419610.0,False
2019-01-12 08:31:00,554418.0,556350.4375,556351.0,0.0,1933.0,1933.0,False
2019-01-12 08:32:00,536523.0,554041.375,554042.0,0.0,17519.0,17519.0,False
2019-01-12 08:33:00,551768.0,552334.4375,552335.0,0.0,567.0,567.0,False
2019-01-12 08:34:00,535851.0,547019.4375,547020.0,0.0,11169.0,11169.0,False
2019-01-12 08:35:00,573699.0,541689.3125,541690.0,32009.0,0.0,320090.0,False
2019-01-12 08:36:00,537806.0,550721.25,550722.0,0.0,12916.0,12916.0,False
2019-01-12 08:37:00,528702.0,537179.3125,537180.0,0.0,8478.0,8478.0,False
2019-01-12 08:38:00,522612.0,535516.625,535517.0,0.0,12905.0,12905.0,False
2019-01-12 08:39:00,543076.0,535005.8125,535006.0,8070.0,0.0,80700.0,False
2019-01-12 08:40:00,555924.0,538189.125,538190.0,17734.0,0.0,177340.0,False
2019-01-12 08:41:00,538846.0,530917.0625,530918.0,7928.0,0.0,79280.0,False
2019-01-12 08:42:00,557429.0,533069.9375,533070.0,24359.0,0.0,243590.0,False
2019-01-12 08:43:00,543291.0,533567.375,533568.0,9723.0,0.0,97230.0,False
2019-01-12 08:44:00,529458.0,534331.8125,534332.0,0.0,4874.0,4874.0,False
2019-01-12 08:45:00,568747.0,531173.625,531174.0,37573.0,0.0,375730.0,False
2019-01-12 08:46:00,580938.0,533269.6875,533270.0,47668.0,0.0,476680.0,False
2019-01-12 08:47:00,585744.0,537263.6875,537264.0,48480.0,0.0,484800.0,False
2019-01-12 08:48:00,591589.0,547728.3125,547729.0,43860.0,0.0,438600.0,False
2019-01-12 08:49:00,572266.0,556322.1875,556323.0,15943.0,0.0,159430.0,False
2019-01-12 08:50:00,568750.0,555762.9375,555763.0,12987.0,0.0,129870.0,False
2019-01-12 08:51:00,571000.0,559050.625,559051.0,11949.0,0.0,119490.0,False
2019-01-12 08:52:00,580653.0,560683.4375,560684.0,19969.0,0.0,199690.0,False
2019-01-12 08:53:00,580170.0,563043.4375,563044.0,17126.0,0.0,171260.0,False
2019-01-12 08:54:00,587831.0,569000.625,569001.0,18830.0,0.0,188300.0,False
2019-01-12 08:55:00,581894.0,576713.75,576714.0,5180.0,0.0,51800.0,False
2019-01-12 08:56:00,583493.0,576664.0,576664.0,6829.0,0.0,68290.0,False
2019-01-12 08:57:00,598379.0,579505.4375,579506.0,18873.0,0.0,188730.0,False
2019-01-12 08:58:00,575966.0,578670.1875,578671.0,0.0,2705.0,2705.0,False
2019-01-12 08:59:00,563170.0,574596.0625,574597.0,0.0,11427.0,11427.0,False
2019-01-12 09:00:00,672300.0,572628.25,572629.0,99671.0,0.0,996710.0,False
2019-01-12 09:01:00,628881.0,595717.6875,595718.0,33163.0,0.0,331630.0,False
2019-01-12 09:02:00,617762.0,597795.875,597796.0,19966.0,0.0,199660.0,False
2019-01-12 09:03:00,607747.0,604065.6875,604066.0,3681.0,0.0,36810.0,False
2019-01-12 09:04:00,601749.0,591016.75,591017.0,10732.0,0.0,107320.0,False
2019-01-12 09:05:00,636859.0,593503.1875,593504.0,43355.0,0.0,433550.0,False
2019-01-12 09:06:00,687559.0,603090.4375,603091.0,84468.0,0.0,844680.0,False
2019-01-12 09:07:00,689598.0,617959.625,617960.0,71638.0,0.0,716380.0,False
2019-01-12 09:08:00,689442.0,625754.8125,625755.0,63687.0,0.0,636870.0,False
2019-01-12 09:09:00,757582.0,659161.125,659162.0,98420.0,0.0,984200.0,False
2019-01-12 09:10:00,638072.0,683994.375,683995.0,0.0,45923.0,45923.0,False
2019-01-12 09:11:00,587761.0,644443.6875,644444.0,0.0,56683.0,56683.0,False
2019-01-12 09:12:00,585576.0,624549.4375,624550.0,0.0,38974.0,38974.0,False
2019-01-12 09:13:00,572138.0,594632.875,594633.0,0.0,22495.0,22495.0,False
2019-01-12 09:14:00,577642.0,595470.3125,595471.0,0.0,17829.0,17829.0,False
2019-01-12 09:15:00,603945.0,602794.875,602795.0,1150.0,0.0,11500.0,False
2019-01-12 09:16:00,605139.0,606390.25,606391.0,0.0,1252.0,1252.0,False
2019-01-12 09:17:00,604987.0,607217.375,607218.0,0.0,2231.0,2231.0,False
2019-01-12 09:18:00,576251.0,628939.625,628940.0,0.0,52689.0,52689.0,False
2019-01-12 09:19:00,586389.0,607202.375,607203.0,0.0,20814.0,20814.0,False
2019-01-12 09:20:00,588026.0,586283.9375,586284.0,1742.0,0.0,17420.0,False
2019-01-12 09:21:00,564775.0,580681.625,580682.0,0.0,15907.0,15907.0,False
2019-01-12 09:22:00,572010.0,576063.9375,576064.0,0.0,4054.0,4054.0,False
2019-01-12 09:23:00,565668.0,574375.375,574376.0,0.0,8708.0,8708.0,False
2019-01-12 09:24:00,551499.0,575064.1875,575065.0,0.0,23566.0,23566.0,False
2019-01-12 09:25:00,565913.0,572646.3125,572647.0,0.0,6734.0,6734.0,False
2019-01-12 09:26:00,548701.0,571834.4375,571835.0,0.0,23134.0,23134.0,False
2019-01-12 09:27:00,560376.0,561170.9375,561171.0,0.0,795.0,795.0,False
2019-01-12 09:28:00,567130.0,562417.4375,562418.0,4712.0,0.0,47120.0,False
2019-01-12 09:29:00,554164.0,560795.3125,560796.0,0.0,6632.0,6632.0,False
2019-01-12 09:30:00,627995.0,555244.8125,555245.0,72750.0,0.0,727500.0,False
2019-01-12 09:31:00,583450.0,567991.375,567992.0,15458.0,0.0,154580.0,False
2019-01-12 09:32:00,581151.0,563131.6875,563132.0,18019.0,0.0,180190.0,False
2019-01-12 09:33:00,584584.0,566617.5625,566618.0,17966.0,0.0,179660.0,False
2019-01-12 09:34:00,557464.0,564511.9375,564512.0,0.0,7048.0,7048.0,False
2019-01-12 09:35:00,558389.0,563492.0625,563493.0,0.0,5104.0,5104.0,False
2019-01-12 09:36:00,553495.0,563516.1875,563517.0,0.0,10022.0,10022.0,False
2019-01-12 09:37:00,559100.0,561236.4375,561237.0,0.0,2137.0,2137.0,False
2019-01-12 09:38:00,555599.0,558965.1875,558966.0,0.0,3367.0,3367.0,False
2019-01-12 09:39:00,570612.0,569482.6875,569483.0,1129.0,0.0,11290.0,False
2019-01-12 09:40:00,584966.0,566406.9375,566407.0,18559.0,0.0,185590.0,False
2019-01-12 09:41:00,571705.0,563989.4375,563990.0,7715.0,0.0,77150.0,False
2019-01-12 09:42:00,575588.0,565222.0625,565223.0,10365.0,0.0,103650.0,False
2019-01-12 09:43:00,565964.0,561293.5625,561294.0,4670.0,0.0,46700.0,False
2019-01-12 09:44:00,572865.0,559056.6875,559057.0,13808.0,0.0,138080.0,False
2019-01-12 09:45:00,617089.0,562566.6875,562567.0,54522.0,0.0,545220.0,False
2019-01-12 09:46:00,615697.0,572660.3125,572661.0,43036.0,0.0,430360.0,False
2019-01-12 09:47:00,621582.0,578369.4375,578370.0,43212.0,0.0,432120.0,False
2019-01-12 09:48:00,602921.0,586291.125,586292.0,16629.0,0.0,166290.0,False
2019-01-12 09:49:00,590658.0,585793.25,585794.0,4864.0,0.0,48640.0,False
2019-01-12 09:50:00,613440.0,584187.3125,584188.0,29252.0,0.0,292520.0,False
2019-01-12 09:51:00,599705.0,586897.0625,586898.0,12807.0,0.0,128070.0,False
2019-01-12 09:52:00,587745.0,584534.1875,584535.0,3210.0,0.0,32100.0,False
2019-01-12 09:53:00,562710.0,583794.5,583795.0,0.0,21085.0,21085.0,False
2019-01-12 09:54:00,581482.0,584416.8125,584417.0,0.0,2935.0,2935.0,False
2019-01-12 09:55:00,578549.0,587955.3125,587956.0,0.0,9407.0,9407.0,False
2019-01-12 09:56:00,555120.0,585533.6875,585534.0,0.0,30414.0,30414.0,False
2019-01-12 09:57:00,550793.0,578798.75,578799.0,0.0,28006.0,28006.0,False
2019-01-12 09:58:00,562589.0,569234.4375,569235.0,0.0,6646.0,6646.0,False
2019-01-12 09:59:00,583837.0,571268.0625,571269.0,12568.0,0.0,125680.0,False
2019-01-12 10:00:00,672798.0,573147.4375,573148.0,99650.0,0.0,996500.0,False
2019-01-12 10:01:00,613156.0,593850.5625,593851.0,19305.0,0.0,193050.0,False
2019-01-12 10:02:00,615925.0,584984.625,584985.0,30940.0,0.0,309400.0,False
2019-01-12 10:03:00,605002.0,593072.5625,593073.0,11929.0,0.0,119290.0,False
2019-01-12 10:04:00,614712.0,583350.8125,583351.0,31361.0,0.0,313610.0,False
2019-01-12 10:05:00,632308.0,588481.25,588482.0,43826.0,0.0,438260.0,False
2019-01-12 10:06:00,629592.0,591522.3125,591523.0,38069.0,0.0,380690.0,False
2019-01-12 10:07:00,621169.0,597291.25,597292.0,23877.0,0.0,238770.0,False
2019-01-12 10:08:00,611268.0,598066.4375,598067.0,13201.0,0.0,132010.0,False
2019-01-12 10:09:00,588057.0,616243.4375,616244.0,0.0,28187.0,28187.0,False
2019-01-12 10:10:00,630571.0,606837.6875,606838.0,23733.0,0.0,237330.0,False
2019-01-12 10:11:00,626327.0,605647.875,605648.0,20679.0,0.0,206790.0,False
2019-01-12 10:12:00,609606.0,602972.875,602973.0,6633.0,0.0,66330.0,False
2019-01-12 10:13:00,590924.0,603936.3125,603937.0,0.0,13013.0,13013.0,False
2019-01-12 10:14:00,569357.0,600933.75,600934.0,0.0,31577.0,31577.0,False
2019-01-12 10:15:00,601976.0,598149.8125,598150.0,3826.0,0.0,38260.0,False
2019-01-12 10:16:00,611700.0,598134.9375,598135.0,13565.0,0.0,135650.0,False
2019-01-12 10:17:00,613031.0,595996.5625,595997.0,17034.0,0.0,170340.0,False
2019-01-12 10:18:00,620360.0,592846.0625,592847.0,27513.0,0.0,275130.0,False
2019-01-12 10:19:00,616865.0,601247.9375,601248.0,15617.0,0.0,156170.0,False
2019-01-12 10:20:00,645195.0,604934.9375,604935.0,40260.0,0.0,402600.0,False
2019-01-12 10:21:00,630220.0,609016.3125,609017.0,21203.0,0.0,212030.0,False
2019-01-12 10:22:00,616579.0,604628.0,604628.0,11951.0,0.0,119510.0,False
2019-01-12 10:23:00,617967.0,599953.0,599953.0,18014.0,0.0,180140.0,False
2019-01-12 10:24:00,590719.0,601464.0625,601465.0,0.0,10746.0,10746.0,False
2019-01-12 10:25:00,607461.0,598878.5625,598879.0,8582.0,0.0,85820.0,False
2019-01-12 10:26:00,595604.0,601332.4375,601333.0,0.0,5729.0,5729.0,False
2019-01-12 10:27:00,579180.0,597599.1875,597600.0,0.0,18420.0,18420.0,False
2019-01-12 10:28:00,577091.0,595072.6875,595073.0,0.0,17982.0,17982.0,False
2019-01-12 10:29:00,589654.0,596236.4375,596237.0,0.0,6583.0,6583.0,False
2019-01-12 10:30:00,635898.0,597439.0625,597440.0,38458.0,0.0,384580.0,False
2019-01-12 10:31:00,570907.0,600630.8125,600631.0,0.0,29724.0,29724.0,False
2019-01-12 10:32:00,582776.0,589743.0625,589744.0,0.0,6968.0,6968.0,False
2019-01-12 10:33:00,566317.0,586681.5,586682.0,0.0,20365.0,20365.0,False
2019-01-12 10:34:00,536499.0,576365.8125,576366.0,0.0,39867.0,39867.0,False
2019-01-12 10:35:00,584796.0,574069.0625,574070.0,10726.0,0.0,107260.0,False
2019-01-12 10:36:00,567809.0,571718.1875,571719.0,0.0,3910.0,3910.0,False
2019-01-12 10:37:00,568353.0,566222.375,566223.0,2130.0,0.0,21300.0,False
2019-01-12 10:38:00,557289.0,569438.8125,569439.0,0.0,12150.0,12150.0,False
2019-01-12 10:39:00,570739.0,572613.9375,572614.0,0.0,1875.0,1875.0,False
2019-01-12 10:40:00,592745.0,567135.5625,567136.0,25609.0,0.0,256090.0,False
2019-01-12 10:41:00,590520.0,566660.4375,566661.0,23859.0,0.0,238590.0,False
2019-01-12 10:42:00,613963.0,569983.25,569984.0,43979.0,0.0,439790.0,False
2019-01-12 10:43:00,607943.0,569462.3125,569463.0,38480.0,0.0,384800.0,False
2019-01-12 10:44:00,624957.0,578002.75,578003.0,46954.0,0.0,469540.0,False
2019-01-12 10:45:00,657422.0,586723.5625,586724.0,70698.0,0.0,706980.0,False
2019-01-12 10:46:00,638847.0,597261.8125,597262.0,41585.0,0.0,415850.0,False
2019-01-12 10:47:00,643693.0,600957.625,600958.0,42735.0,0.0,427350.0,False
2019-01-12 10:48:00,648756.0,608513.625,608514.0,40242.0,0.0,402420.0,False
2019-01-12 10:49:00,627792.0,613855.625,613856.0,13936.0,0.0,139360.0,False
2019-01-12 10:50:00,631550.0,612902.375,612903.0,18647.0,0.0,186470.0,False
2019-01-12 10:51:00,625232.0,616693.6875,616694.0,8538.0,0.0,85380.0,False
2019-01-12 10:52:00,628748.0,612722.75,612723.0,16025.0,0.0,160250.0,False
2019-01-12 10:53:00,621864.0,615996.5625,615997.0,5867.0,0.0,58670.0,False
2019-01-12 10:54:00,615623.0,623009.4375,623010.0,0.0,7387.0,7387.0,False
2019-01-12 10:55:00,613658.0,620459.3125,620460.0,0.0,6802.0,6802.0,False
2019-01-12 10:56:00,595818.0,615866.5625,615867.0,0.0,20049.0,20049.0,False
2019-01-12 10:57:00,589360.0,612838.0625,612839.0,0.0,23479.0,23479.0,False
2019-01-12 10:58:00,590099.0,605478.3125,605479.0,0.0,15380.0,15380.0,False
2019-01-12 10:59:00,579094.0,599734.5625,599735.0,0.0,20641.0,20641.0,False
2019-01-12 11:00:00,689136.0,595186.1875,595187.0,93949.0,0.0,939490.0,False
2019-01-12 11:01:00,638849.0,620156.5,620157.0,18692.0,0.0,186920.0,False
2019-01-12 11:02:00,617645.0,617290.8125,617291.0,354.0,0.0,3540.0,False
2019-01-12 11:03:00,613628.0,617702.0625,617703.0,0.0,4075.0,4075.0,False
2019-01-12 11:04:00,601598.0,602531.4375,602532.0,0.0,934.0,934.0,False
2019-01-12 11:05:00,608504.0,599539.5625,599540.0,8964.0,0.0,89640.0,False
2019-01-12 11:06:00,672356.0,597438.5625,597439.0,74917.0,0.0,749170.0,False
2019-01-12 11:07:00,662473.0,612075.6875,612076.0,50397.0,0.0,503970.0,False
2019-01-12 11:08:00,683414.0,615186.0,615186.0,68228.0,0.0,682280.0,False
2019-01-12 11:09:00,680693.0,654878.9375,654879.0,25814.0,0.0,258140.0,False
2019-01-12 11:10:00,686199.0,657230.75,657231.0,28968.0,0.0,289680.0,False
2019-01-12 11:11:00,652373.0,655158.1875,655159.0,0.0,2786.0,2786.0,False
2019-01-12 11:12:00,647148.0,640527.4375,640528.0,6620.0,0.0,66200.0,False
2019-01-12 11:13:00,615680.0,634367.5,634368.0,0.0,18688.0,18688.0,False
2019-01-12 11:14:00,604997.0,614724.8125,614725.0,0.0,9728.0,9728.0,False
2019-01-12 11:15:00,656380.0,624794.5625,624795.0,31585.0,0.0,315850.0,False
2019-01-12 11:16:00,619308.0,634650.6875,634651.0,0.0,15343.0,15343.0,False
2019-01-12 11:17:00,609750.0,633078.8125,633079.0,0.0,23329.0,23329.0,False
2019-01-12 11:18:00,608803.0,631632.5,631633.0,0.0,22830.0,22830.0,False
2019-01-12 11:19:00,619098.0,626582.1875,626583.0,0.0,7485.0,7485.0,False
2019-01-12 11:20:00,634030.0,625726.4375,625727.0,8303.0,0.0,83030.0,False
2019-01-12 11:21:00,623732.0,623599.6875,623600.0,132.0,0.0,1320.0,False
2019-01-12 11:22:00,600260.0,613998.75,613999.0,0.0,13739.0,13739.0,False
2019-01-12 11:23:00,603439.0,599845.75,599846.0,3593.0,0.0,35930.0,False
2019-01-12 11:24:00,600748.0,609882.0,609882.0,0.0,9134.0,9134.0,False
2019-01-12 11:25:00,597077.0,605613.6875,605614.0,0.0,8537.0,8537.0,False
2019-01-12 11:26:00,606076.0,596451.1875,596452.0,9624.0,0.0,96240.0,False
2019-01-12 11:27:00,589363.0,594263.0625,594264.0,0.0,4901.0,4901.0,False
2019-01-12 11:28:00,584865.0,592997.375,592998.0,0.0,8133.0,8133.0,False
2019-01-12 11:29:00,586629.0,596477.3125,596478.0,0.0,9849.0,9849.0,False
2019-01-12 11:30:00,667010.0,593586.6875,593587.0,73423.0,0.0,734230.0,False
2019-01-12 11:31:00,630921.0,605792.25,605793.0,25128.0,0.0,251280.0,False
2019-01-12 11:32:00,621874.0,604457.1875,604458.0,17416.0,0.0,174160.0,False
2019-01-12 11:33:00,624462.0,608465.0625,608466.0,15996.0,0.0,159960.0,False
2019-01-12 11:34:00,611739.0,600255.8125,600256.0,11483.0,0.0,114830.0,False
2019-01-12 11:35:00,633526.0,603457.0625,603458.0,30068.0,0.0,300680.0,False
2019-01-12 11:36:00,609703.0,605976.6875,605977.0,3726.0,0.0,37260.0,False
2019-01-12 11:37:00,604886.0,598925.375,598926.0,5960.0,0.0,59600.0,False
2019-01-12 11:38:00,599055.0,596478.625,596479.0,2576.0,0.0,25760.0,False
2019-01-12 11:39:00,606871.0,608709.0625,608710.0,0.0,1839.0,1839.0,False
2019-01-12 11:40:00,627560.0,611777.6875,611778.0,15782.0,0.0,157820.0,False
2019-01-12 11:41:00,601990.0,606196.25,606197.0,0.0,4207.0,4207.0,False
2019-01-12 11:42:00,597969.0,601408.9375,601409.0,0.0,3440.0,3440.0,False
2019-01-12 11:43:00,600061.0,596981.0625,596982.0,3079.0,0.0,30790.0,False
2019-01-12 11:44:00,590787.0,598202.25,598203.0,0.0,7416.0,7416.0,False
2019-01-12 11:45:00,626420.0,594566.9375,594567.0,31853.0,0.0,318530.0,False
2019-01-12 11:46:00,610391.0,596568.6875,596569.0,13822.0,0.0,138220.0,False
2019-01-12 11:47:00,623041.0,592647.0625,592648.0,30393.0,0.0,303930.0,False
2019-01-12 11:48:00,622582.0,599522.9375,599523.0,23059.0,0.0,230590.0,False
2019-01-12 11:49:00,603930.0,603299.3125,603300.0,630.0,0.0,6300.0,False
2019-01-12 11:50:00,624126.0,598886.1875,598887.0,25239.0,0.0,252390.0,False
2019-01-12 11:51:00,607805.0,598527.8125,598528.0,9277.0,0.0,92770.0,False
2019-01-12 11:52:00,621061.0,596008.1875,596009.0,25052.0,0.0,250520.0,False
2019-01-12 11:53:00,601186.0,598541.5625,598542.0,2644.0,0.0,26440.0,False
2019-01-12 11:54:00,614788.0,598742.3125,598743.0,16045.0,0.0,160450.0,False
2019-01-12 11:55:00,648044.0,601912.4375,601913.0,46131.0,0.0,461310.0,False
2019-01-12 11:56:00,607104.0,609613.8125,609614.0,0.0,2510.0,2510.0,False
2019-01-12 11:57:00,599038.0,606965.3125,606966.0,0.0,7928.0,7928.0,False
2019-01-12 11:58:00,578714.0,599628.25,599629.0,0.0,20915.0,20915.0,False
2019-01-12 11:59:00,584432.0,594240.5625,594241.0,0.0,9809.0,9809.0,False
2019-01-12 12:00:00,710456.0,593776.8125,593777.0,116679.0,0.0,1166790.0,False
2019-01-12 12:01:00,650176.0,623785.0,623785.0,26391.0,0.0,263910.0,False
2019-01-12 12:02:00,653458.0,620803.8125,620804.0,32654.0,0.0,326540.0,False
2019-01-12 12:03:00,633152.0,632071.9375,632072.0,1080.0,0.0,10800.0,False
2019-01-12 12:04:00,618287.0,624669.0625,624670.0,0.0,6383.0,6383.0,False
2019-01-12 12:05:00,682236.0,618991.5625,618992.0,63244.0,0.0,632440.0,False
2019-01-12 12:06:00,706413.0,628074.3125,628075.0,78338.0,0.0,783380.0,False
2019-01-12 12:07:00,710186.0,637881.25,637882.0,72304.0,0.0,723040.0,False
2019-01-12 12:08:00,731428.0,651334.125,651335.0,80093.0,0.0,800930.0,False
2019-01-12 12:09:00,730227.0,686728.3125,686729.0,43498.0,0.0,434980.0,False
2019-01-12 12:10:00,675699.0,692462.5,692463.0,0.0,16764.0,16764.0,False
2019-01-12 12:11:00,634651.0,672139.0,672139.0,0.0,37488.0,37488.0,False
2019-01-12 12:12:00,612267.0,646590.25,646591.0,0.0,34324.0,34324.0,False
2019-01-12 12:13:00,619758.0,613497.5625,613498.0,6260.0,0.0,62600.0,False
2019-01-12 12:14:00,621463.0,617305.625,617306.0,4157.0,0.0,41570.0,False
2019-01-12 12:15:00,662960.0,624889.4375,624890.0,38070.0,0.0,380700.0,False
2019-01-12 12:16:00,647567.0,635057.5625,635058.0,12509.0,0.0,125090.0,False
2019-01-12 12:17:00,646980.0,643646.5625,643647.0,3333.0,0.0,33330.0,False
2019-01-12 12:18:00,652729.0,653875.625,653876.0,0.0,1147.0,1147.0,False
2019-01-12 12:19:00,654293.0,648097.75,648098.0,6195.0,0.0,61950.0,False
2019-01-12 12:20:00,658594.0,644269.25,644270.0,14324.0,0.0,143240.0,False
2019-01-12 12:21:00,621109.0,634793.6875,634794.0,0.0,13685.0,13685.0,False
2019-01-12 12:22:00,611693.0,623608.3125,623609.0,0.0,11916.0,11916.0,False
2019-01-12 12:23:00,615396.0,617030.3125,617031.0,0.0,1635.0,1635.0,False
2019-01-12 12:24:00,627098.0,622193.9375,622194.0,4904.0,0.0,49040.0,False
2019-01-12 12:25:00,607715.0,626729.125,626730.0,0.0,19015.0,19015.0,False
2019-01-12 12:26:00,598956.0,616552.25,616553.0,0.0,17597.0,17597.0,False
2019-01-12 12:27:00,602450.0,613282.875,613283.0,0.0,10833.0,10833.0,False
2019-01-12 12:28:00,590159.0,611923.5625,611924.0,0.0,21765.0,21765.0,False
2019-01-12 12:29:00,602459.0,611726.875,611727.0,0.0,9268.0,9268.0,False
2019-01-12 12:30:00,667302.0,604094.9375,604095.0,63207.0,0.0,632070.0,False
2019-01-12 12:31:00,637873.0,610497.9375,610498.0,27375.0,0.0,273750.0,False
2019-01-12 12:32:00,636552.0,612656.625,612657.0,23895.0,0.0,238950.0,False
2019-01-12 12:33:00,643793.0,621035.1875,621036.0,22757.0,0.0,227570.0,False
2019-01-12 12:34:00,635801.0,614665.375,614666.0,21135.0,0.0,211350.0,False
2019-01-12 12:35:00,638370.0,614272.4375,614273.0,24097.0,0.0,240970.0,False
2019-01-12 12:36:00,644264.0,616281.5625,616282.0,27982.0,0.0,279820.0,False
2019-01-12 12:37:00,621809.0,615578.3125,615579.0,6230.0,0.0,62300.0,False
2019-01-12 12:38:00,605102.0,610849.8125,610850.0,0.0,5748.0,5748.0,False
2019-01-12 12:39:00,612841.0,620728.5625,620729.0,0.0,7888.0,7888.0,False
2019-01-12 12:40:00,640759.0,620226.0625,620227.0,20532.0,0.0,205320.0,False
2019-01-12 12:41:00,619318.0,620376.75,620377.0,0.0,1059.0,1059.0,False
2019-01-12 12:42:00,622150.0,618776.0625,618777.0,3373.0,0.0,33730.0,False
2019-01-12 12:43:00,637722.0,617973.8125,617974.0,19748.0,0.0,197480.0,False
2019-01-12 12:44:00,632725.0,618859.4375,618860.0,13865.0,0.0,138650.0,False
2019-01-12 12:45:00,651955.0,623619.875,623620.0,28335.0,0.0,283350.0,False
2019-01-12 12:46:00,653909.0,626155.125,626156.0,27753.0,0.0,277530.0,False
2019-01-12 12:47:00,651527.0,621414.6875,621415.0,30112.0,0.0,301120.0,False
2019-01-12 12:48:00,640182.0,626082.625,626083.0,14099.0,0.0,140990.0,False
2019-01-12 12:49:00,648749.0,630404.0,630404.0,18345.0,0.0,183450.0,False
2019-01-12 12:50:00,679400.0,631126.8125,631127.0,48273.0,0.0,482730.0,False
2019-01-12 12:51:00,659264.0,638400.25,638401.0,20863.0,0.0,208630.0,False
2019-01-12 12:52:00,675013.0,642375.125,642376.0,32637.0,0.0,326370.0,False
2019-01-12 12:53:00,662687.0,650647.3125,650648.0,12039.0,0.0,120390.0,False
2019-01-12 12:54:00,684138.0,647924.1875,647925.0,36213.0,0.0,362130.0,False
2019-01-12 12:55:00,670150.0,663839.9375,663840.0,6310.0,0.0,63100.0,False
2019-01-12 12:56:00,648510.0,657206.8125,657207.0,0.0,8697.0,8697.0,False
2019-01-12 12:57:00,636559.0,651122.1875,651123.0,0.0,14564.0,14564.0,False
2019-01-12 12:58:00,631408.0,636759.375,636760.0,0.0,5352.0,5352.0,False
2019-01-12 12:59:00,635327.0,641030.6875,641031.0,0.0,5704.0,5704.0,False
2019-01-12 13:00:00,743162.0,637627.9375,637628.0,105534.0,0.0,1055340.0,False
2019-01-12 13:01:00,687123.0,671750.9375,671751.0,15372.0,0.0,153720.0,False
2019-01-12 13:02:00,691558.0,663983.5625,663984.0,27574.0,0.0,275740.0,False
2019-01-12 13:03:00,707900.0,681126.9375,681127.0,26773.0,0.0,267730.0,False
2019-01-12 13:04:00,665132.0,674573.1875,674574.0,0.0,9442.0,9442.0,False
2019-01-12 13:05:00,670364.0,666678.1875,666679.0,3685.0,0.0,36850.0,False
2019-01-12 13:06:00,701916.0,654201.4375,654202.0,47714.0,0.0,477140.0,False
2019-01-12 13:07:00,720580.0,654519.1875,654520.0,66060.0,0.0,660600.0,False
2019-01-12 13:08:00,717152.0,662267.5625,662268.0,54884.0,0.0,548840.0,False
2019-01-12 13:09:00,740164.0,693321.75,693322.0,46842.0,0.0,468420.0,False
2019-01-12 13:10:00,734851.0,698082.125,698083.0,36768.0,0.0,367680.0,False
2019-01-12 13:11:00,727068.0,697570.3125,697571.0,29497.0,0.0,294970.0,False
2019-01-12 13:12:00,710610.0,703539.75,703540.0,7070.0,0.0,70700.0,False
2019-01-12 13:13:00,670371.0,685018.375,685019.0,0.0,14648.0,14648.0,False
2019-01-12 13:14:00,658204.0,663694.375,663695.0,0.0,5491.0,5491.0,False
2019-01-12 13:15:00,675841.0,655525.5625,655526.0,20315.0,0.0,203150.0,False
2019-01-12 13:16:00,654723.0,658661.4375,658662.0,0.0,3939.0,3939.0,False
2019-01-12 13:17:00,649283.0,650887.9375,650888.0,0.0,1605.0,1605.0,False
2019-01-12 13:18:00,640966.0,655618.375,655619.0,0.0,14653.0,14653.0,False
2019-01-12 13:19:00,641444.0,648069.1875,648070.0,0.0,6626.0,6626.0,False
2019-01-12 13:20:00,653162.0,651581.5625,651582.0,1580.0,0.0,15800.0,False
2019-01-12 13:21:00,636508.0,652884.3125,652885.0,0.0,16377.0,16377.0,False
2019-01-12 13:22:00,630465.0,645608.5625,645609.0,0.0,15144.0,15144.0,False
2019-01-12 13:23:00,632271.0,636476.625,636477.0,0.0,4206.0,4206.0,False
2019-01-12 13:24:00,632057.0,636261.6875,636262.0,0.0,4205.0,4205.0,False
2019-01-12 13:25:00,634516.0,634917.8125,634918.0,0.0,402.0,402.0,False
2019-01-12 13:26:00,627849.0,630729.875,630730.0,0.0,2881.0,2881.0,False
2019-01-12 13:27:00,618578.0,625562.4375,625563.0,0.0,6985.0,6985.0,False
2019-01-12 13:28:00,628306.0,620831.375,620832.0,7474.0,0.0,74740.0,False
2019-01-12 13:29:00,631695.0,624586.5625,624587.0,7108.0,0.0,71080.0,False
2019-01-12 13:30:00,700249.0,623591.3125,623592.0,76657.0,0.0,766570.0,False
2019-01-12 13:31:00,662373.0,641614.5625,641615.0,20758.0,0.0,207580.0,False
2019-01-12 13:32:00,652967.0,638690.625,638691.0,14276.0,0.0,142760.0,False
2019-01-12 13:33:00,652840.0,643812.8125,643813.0,9027.0,0.0,90270.0,False
2019-01-12 13:34:00,649576.0,635199.3125,635200.0,14376.0,0.0,143760.0,False
2019-01-12 13:35:00,672621.0,636851.625,636852.0,35769.0,0.0,357690.0,False
2019-01-12 13:36:00,673337.0,639168.8125,639169.0,34168.0,0.0,341680.0,False
2019-01-12 13:37:00,669050.0,642661.0625,642662.0,26388.0,0.0,263880.0,False
2019-01-12 13:38:00,659639.0,645723.625,645724.0,13915.0,0.0,139150.0,False
2019-01-12 13:39:00,639379.0,658854.25,658855.0,0.0,19476.0,19476.0,False
2019-01-12 13:40:00,660628.0,653495.6875,653496.0,7132.0,0.0,71320.0,False
2019-01-12 13:41:00,622770.0,650781.4375,650782.0,0.0,28012.0,28012.0,False
2019-01-12 13:42:00,627915.0,636038.4375,636039.0,0.0,8124.0,8124.0,False
2019-01-12 13:43:00,630397.0,633974.5,633975.0,0.0,3578.0,3578.0,False
2019-01-12 13:44:00,637742.0,630595.9375,630596.0,7146.0,0.0,71460.0,False
2019-01-12 13:45:00,666238.0,639907.375,639908.0,26330.0,0.0,263300.0,False
2019-01-12 13:46:00,648877.0,646386.9375,646387.0,2490.0,0.0,24900.0,False
2019-01-12 13:47:00,647690.0,645698.5625,645699.0,1991.0,0.0,19910.0,False
2019-01-12 13:48:00,640007.0,641660.9375,641661.0,0.0,1654.0,1654.0,False
2019-01-12 13:49:00,642038.0,637722.4375,637723.0,4315.0,0.0,43150.0,False
2019-01-12 13:50:00,671877.0,634114.8125,634115.0,37762.0,0.0,377620.0,False
2019-01-12 13:51:00,646491.0,636991.75,636992.0,9499.0,0.0,94990.0,False
2019-01-12 13:52:00,637107.0,635079.0625,635080.0,2027.0,0.0,20270.0,False
2019-01-12 13:53:00,624481.0,634175.8125,634176.0,0.0,9695.0,9695.0,False
2019-01-12 13:54:00,604614.0,631537.3125,631538.0,0.0,26924.0,26924.0,False
2019-01-12 13:55:00,649852.0,626754.25,626755.0,23097.0,0.0,230970.0,False
2019-01-12 13:56:00,628350.0,630213.25,630214.0,0.0,1864.0,1864.0,False
2019-01-12 13:57:00,614857.0,624387.6875,624388.0,0.0,9531.0,9531.0,False
2019-01-12 13:58:00,619489.0,621043.0,621043.0,0.0,1554.0,1554.0,False
2019-01-12 13:59:00,634144.0,623579.9375,623580.0,10564.0,0.0,105640.0,False
2019-01-12 14:00:00,734824.0,628652.9375,628653.0,106171.0,0.0,1061710.0,False
2019-01-12 14:01:00,670937.0,655606.25,655607.0,15330.0,0.0,153300.0,False
2019-01-12 14:02:00,667911.0,645165.5625,645166.0,22745.0,0.0,227450.0,False
2019-01-12 14:03:00,659159.0,646412.9375,646413.0,12746.0,0.0,127460.0,False
2019-01-12 14:04:00,649275.0,639787.8125,639788.0,9487.0,0.0,94870.0,False
2019-01-12 14:05:00,656518.0,644458.3125,644459.0,12059.0,0.0,120590.0,False
2019-01-12 14:06:00,768448.0,632607.1875,632608.0,135840.0,0.0,1358400.0,False
2019-01-12 14:07:00,843623.0,668537.9375,668538.0,175085.0,0.0,1750850.0,True
2019-01-12 14:08:00,841915.0,706833.125,706834.0,135081.0,0.0,1350810.0,True
2019-01-12 14:09:00,701544.0,758590.3125,758591.0,0.0,57047.0,57047.0,False
2019-01-12 14:10:00,674780.0,715440.3125,715441.0,0.0,40661.0,40661.0,False
2019-01-12 14:11:00,625975.0,704847.1875,704848.0,0.0,78873.0,78873.0,False
2019-01-12 14:12:00,621827.0,657425.3125,657426.0,0.0,35599.0,35599.0,False
2019-01-12 14:13:00,617365.0,643110.5625,643111.0,0.0,25746.0,25746.0,False
2019-01-12 14:14:00,620878.0,609586.8125,609587.0,11291.0,0.0,112910.0,False
2019-01-12 14:15:00,651511.0,640586.5,640587.0,10924.0,0.0,109240.0,False
2019-01-12 14:16:00,637854.0,665904.0625,665905.0,0.0,28051.0,28051.0,False
2019-01-12 14:17:00,631059.0,671871.8125,671872.0,0.0,40813.0,40813.0,False
2019-01-12 14:18:00,621756.0,649535.875,649536.0,0.0,27780.0,27780.0,False
2019-01-12 14:19:00,621798.0,634673.3125,634674.0,0.0,12876.0,12876.0,False
2019-01-12 14:20:00,629815.0,623645.25,623646.0,6169.0,0.0,61690.0,False
2019-01-12 14:21:00,605733.0,615658.1875,615659.0,0.0,9926.0,9926.0,False
2019-01-12 14:22:00,627045.0,608195.1875,608196.0,18849.0,0.0,188490.0,False
2019-01-12 14:23:00,636337.0,610681.0625,610682.0,25655.0,0.0,256550.0,False
2019-01-12 14:24:00,605578.0,620089.1875,620090.0,0.0,14512.0,14512.0,False
2019-01-12 14:25:00,595000.0,617144.8125,617145.0,0.0,22145.0,22145.0,False
2019-01-12 14:26:00,588100.0,607838.375,607839.0,0.0,19739.0,19739.0,False
2019-01-12 14:27:00,575571.0,599607.375,599608.0,0.0,24037.0,24037.0,False
2019-01-12 14:28:00,567609.0,595156.3125,595157.0,0.0,27548.0,27548.0,False
2019-01-12 14:29:00,562673.0,592263.25,592264.0,0.0,29591.0,29591.0,False
2019-01-12 14:30:00,651870.0,582290.3125,582291.0,69579.0,0.0,695790.0,False
2019-01-12 14:31:00,619189.0,601376.3125,601377.0,17812.0,0.0,178120.0,False
2019-01-12 14:32:00,611441.0,606193.875,606194.0,5247.0,0.0,52470.0,False
2019-01-12 14:33:00,615412.0,604041.5625,604042.0,11370.0,0.0,113700.0,False
2019-01-12 14:34:00,607293.0,592569.5,592570.0,14723.0,0.0,147230.0,False
2019-01-12 14:35:00,619425.0,594757.25,594758.0,24667.0,0.0,246670.0,False
2019-01-12 14:36:00,600096.0,594761.625,594762.0,5334.0,0.0,53340.0,False
2019-01-12 14:37:00,592262.0,589107.9375,589108.0,3154.0,0.0,31540.0,False
2019-01-12 14:38:00,604236.0,584787.0,584787.0,19449.0,0.0,194490.0,False
2019-01-12 14:39:00,605806.0,603643.1875,603644.0,2162.0,0.0,21620.0,False
2019-01-12 14:40:00,656113.0,602553.8125,602554.0,53559.0,0.0,535590.0,False
2019-01-12 14:41:00,614753.0,608750.8125,608751.0,6002.0,0.0,60020.0,False
2019-01-12 14:42:00,591028.0,603696.3125,603697.0,0.0,12669.0,12669.0,False
2019-01-12 14:43:00,587933.0,599941.8125,599942.0,0.0,12009.0,12009.0,False
2019-01-12 14:44:00,590113.0,594750.9375,594751.0,0.0,4638.0,4638.0,False
2019-01-12 14:45:00,611133.0,593540.0625,593541.0,17592.0,0.0,175920.0,False
2019-01-12 14:46:00,609086.0,592589.5625,592590.0,16496.0,0.0,164960.0,False
2019-01-12 14:47:00,604148.0,593894.9375,593895.0,10253.0,0.0,102530.0,False
2019-01-12 14:48:00,594884.0,593353.9375,593354.0,1530.0,0.0,15300.0,False
2019-01-12 14:49:00,592428.0,603208.125,603209.0,0.0,10781.0,10781.0,False
2019-01-12 14:50:00,621215.0,599135.6875,599136.0,22079.0,0.0,220790.0,False
2019-01-12 14:51:00,598946.0,592450.875,592451.0,6495.0,0.0,64950.0,False
2019-01-12 14:52:00,583467.0,587903.3125,587904.0,0.0,4437.0,4437.0,False
2019-01-12 14:53:00,585538.0,586669.9375,586670.0,0.0,1132.0,1132.0,False
2019-01-12 14:54:00,582360.0,586648.375,586649.0,0.0,4289.0,4289.0,False
2019-01-12 14:55:00,586413.0,586898.125,586899.0,0.0,486.0,486.0,False
2019-01-12 14:56:00,577093.0,585563.125,585564.0,0.0,8471.0,8471.0,False
2019-01-12 14:57:00,593357.0,581438.375,581439.0,11918.0,0.0,119180.0,False
2019-01-12 14:58:00,564427.0,582572.625,582573.0,0.0,18146.0,18146.0,False
2019-01-12 14:59:00,577309.0,581678.5,581679.0,0.0,4370.0,4370.0,False
2019-01-12 15:00:00,684547.0,582109.4375,582110.0,102437.0,0.0,1024370.0,False
2019-01-12 15:01:00,616441.0,600310.6875,600311.0,16130.0,0.0,161300.0,False
2019-01-12 15:02:00,638624.0,598648.0,598648.0,39976.0,0.0,399760.0,False
2019-01-12 15:03:00,652970.0,609192.1875,609193.0,43777.0,0.0,437770.0,False
2019-01-12 15:04:00,637666.0,606076.4375,606077.0,31589.0,0.0,315890.0,False
2019-01-12 15:05:00,709512.0,612193.4375,612194.0,97318.0,0.0,973180.0,False
2019-01-12 15:06:00,682344.0,638670.625,638671.0,43673.0,0.0,436730.0,False
2019-01-12 15:07:00,679076.0,633418.125,633419.0,45657.0,0.0,456570.0,False
2019-01-12 15:08:00,697420.0,642781.3125,642782.0,54638.0,0.0,546380.0,False
2019-01-12 15:09:00,693682.0,666191.125,666192.0,27490.0,0.0,274900.0,False
2019-01-12 15:10:00,699265.0,668276.125,668277.0,30988.0,0.0,309880.0,False
2019-01-12 15:11:00,627796.0,664575.375,664576.0,0.0,36780.0,36780.0,False
2019-01-12 15:12:00,613516.0,645349.1875,645350.0,0.0,31834.0,31834.0,False
2019-01-12 15:13:00,597195.0,627545.6875,627546.0,0.0,30351.0,30351.0,False
2019-01-12 15:14:00,623213.0,623253.5625,623254.0,0.0,41.0,41.0,False
2019-01-12 15:15:00,662165.0,629576.375,629577.0,32588.0,0.0,325880.0,False
2019-01-12 15:16:00,668258.0,632853.6875,632854.0,35404.0,0.0,354040.0,False
2019-01-12 15:17:00,677095.0,645971.375,645972.0,31123.0,0.0,311230.0,False
2019-01-12 15:18:00,649685.0,657106.8125,657107.0,0.0,7422.0,7422.0,False
2019-01-12 15:19:00,634778.0,656811.8125,656812.0,0.0,22034.0,22034.0,False
2019-01-12 15:20:00,658680.0,641068.3125,641069.0,17611.0,0.0,176110.0,False
2019-01-12 15:21:00,640343.0,631140.0625,631141.0,9202.0,0.0,92020.0,False
2019-01-12 15:22:00,635097.0,622325.5625,622326.0,12771.0,0.0,127710.0,False
2019-01-12 15:23:00,629153.0,624496.375,624497.0,4656.0,0.0,46560.0,False
2019-01-12 15:24:00,658421.0,627306.375,627307.0,31114.0,0.0,311140.0,False
2019-01-12 15:25:00,648715.0,643617.8125,643618.0,5097.0,0.0,50970.0,False
2019-01-12 15:26:00,637623.0,646433.0625,646434.0,0.0,8811.0,8811.0,False
2019-01-12 15:27:00,606860.0,643407.8125,643408.0,0.0,36548.0,36548.0,False
2019-01-12 15:28:00,613573.0,620991.75,620992.0,0.0,7419.0,7419.0,False
2019-01-12 15:29:00,596745.0,623964.5625,623965.0,0.0,27220.0,27220.0,False
2019-01-12 15:30:00,688453.0,615952.6875,615953.0,72500.0,0.0,725000.0,False
2019-01-12 15:31:00,643553.0,634574.0,634574.0,8979.0,0.0,89790.0,False
2019-01-12 15:32:00,644997.0,625446.1875,625447.0,19550.0,0.0,195500.0,False
2019-01-12 15:33:00,634958.0,641441.0625,641442.0,0.0,6484.0,6484.0,False
2019-01-12 15:34:00,644087.0,630001.5,630002.0,14085.0,0.0,140850.0,False
2019-01-12 15:35:00,668458.0,634153.1875,634154.0,34304.0,0.0,343040.0,False
2019-01-12 15:36:00,652477.0,630295.875,630296.0,22181.0,0.0,221810.0,False
2019-01-12 15:37:00,638208.0,629736.4375,629737.0,8471.0,0.0,84710.0,False
2019-01-12 15:38:00,634125.0,621462.3125,621463.0,12662.0,0.0,126620.0,False
2019-01-12 15:39:00,641118.0,635233.375,635234.0,5884.0,0.0,58840.0,False
2019-01-12 15:40:00,654547.0,638440.6875,638441.0,16106.0,0.0,161060.0,False
2019-01-12 15:41:00,639479.0,636510.5,636511.0,2968.0,0.0,29680.0,False
2019-01-12 15:42:00,635996.0,632030.4375,632031.0,3965.0,0.0,39650.0,False
2019-01-12 15:43:00,634006.0,629739.125,629740.0,4266.0,0.0,42660.0,False
2019-01-12 15:44:00,642541.0,633786.9375,633787.0,8754.0,0.0,87540.0,False
2019-01-12 15:45:00,649700.0,638048.3125,638049.0,11651.0,0.0,116510.0,False
2019-01-12 15:46:00,657249.0,634883.3125,634884.0,22365.0,0.0,223650.0,False
2019-01-12 15:47:00,662157.0,635924.3125,635925.0,26232.0,0.0,262320.0,False
2019-01-12 15:48:00,657394.0,640547.6875,640548.0,16846.0,0.0,168460.0,False
2019-01-12 15:49:00,635113.0,646169.5625,646170.0,0.0,11057.0,11057.0,False
2019-01-12 15:50:00,652149.0,638320.0,638320.0,13829.0,0.0,138290.0,False
2019-01-12 15:51:00,637202.0,637222.3125,637223.0,0.0,21.0,21.0,False
2019-01-12 15:52:00,661289.0,629760.0625,629761.0,31528.0,0.0,315280.0,False
2019-01-12 15:53:00,654077.0,640613.375,640614.0,13463.0,0.0,134630.0,False
2019-01-12 15:54:00,626137.0,638786.5625,638787.0,0.0,12650.0,12650.0,False
2019-01-12 15:55:00,647452.0,637957.8125,637958.0,9494.0,0.0,94940.0,False
2019-01-12 15:56:00,630124.0,640366.3125,640367.0,0.0,10243.0,10243.0,False
2019-01-12 15:57:00,633347.0,636873.9375,636874.0,0.0,3527.0,3527.0,False
2019-01-12 15:58:00,628085.0,631678.6875,631679.0,0.0,3594.0,3594.0,False
2019-01-12 15:59:00,637645.0,626323.9375,626324.0,11321.0,0.0,113210.0,False
2019-01-12 16:00:00,749034.0,627637.3125,627638.0,121396.0,0.0,1213960.0,False
2019-01-12 16:01:00,678327.0,666701.625,666702.0,11625.0,0.0,116250.0,False
2019-01-12 16:02:00,682825.0,662110.1875,662111.0,20714.0,0.0,207140.0,False
2019-01-12 16:03:00,683983.0,665706.6875,665707.0,18276.0,0.0,182760.0,False
2019-01-12 16:04:00,667920.0,652618.0,652618.0,15302.0,0.0,153020.0,False
2019-01-12 16:05:00,652288.0,657050.6875,657051.0,0.0,4763.0,4763.0,False
2019-01-12 16:06:00,660875.0,642119.5625,642120.0,18755.0,0.0,187550.0,False
2019-01-12 16:07:00,707286.0,638819.6875,638820.0,68466.0,0.0,684660.0,False
2019-01-12 16:08:00,729135.0,649389.3125,649390.0,79745.0,0.0,797450.0,False
2019-01-12 16:09:00,731134.0,695191.3125,695192.0,35942.0,0.0,359420.0,False
2019-01-12 16:10:00,752858.0,697008.6875,697009.0,55849.0,0.0,558490.0,False
2019-01-12 16:11:00,720984.0,705140.1875,705141.0,15843.0,0.0,158430.0,False
2019-01-12 16:12:00,682955.0,698682.1875,698683.0,0.0,15728.0,15728.0,False
2019-01-12 16:13:00,667455.0,682876.75,682877.0,0.0,15422.0,15422.0,False
2019-01-12 16:14:00,671982.0,658152.3125,658153.0,13829.0,0.0,138290.0,False
2019-01-12 16:15:00,712220.0,648509.9375,648510.0,63710.0,0.0,637100.0,False
2019-01-12 16:16:00,675238.0,668489.8125,668490.0,6748.0,0.0,67480.0,False
2019-01-12 16:17:00,659700.0,667903.25,667904.0,0.0,8204.0,8204.0,False
2019-01-12 16:18:00,675508.0,664690.25,664691.0,10817.0,0.0,108170.0,False
2019-01-12 16:19:00,650280.0,672361.1875,672362.0,0.0,22082.0,22082.0,False
2019-01-12 16:20:00,660006.0,665205.5,665206.0,0.0,5200.0,5200.0,False
2019-01-12 16:21:00,653519.0,662729.5625,662730.0,0.0,9211.0,9211.0,False
2019-01-12 16:22:00,640498.0,649999.0,649999.0,0.0,9501.0,9501.0,False
2019-01-12 16:23:00,638059.0,646383.125,646384.0,0.0,8325.0,8325.0,False
2019-01-12 16:24:00,638232.0,649781.3125,649782.0,0.0,11550.0,11550.0,False
2019-01-12 16:25:00,633904.0,645218.75,645219.0,0.0,11315.0,11315.0,False
2019-01-12 16:26:00,605069.0,636891.25,636892.0,0.0,31823.0,31823.0,False
2019-01-12 16:27:00,604187.0,630166.75,630167.0,0.0,25980.0,25980.0,False
2019-01-12 16:28:00,621131.0,622406.4375,622407.0,0.0,1276.0,1276.0,False
2019-01-12 16:29:00,629017.0,619916.3125,619917.0,9100.0,0.0,91000.0,False
2019-01-12 16:30:00,696602.0,624443.9375,624444.0,72158.0,0.0,721580.0,False
2019-01-12 16:31:00,655952.0,640939.125,640940.0,15012.0,0.0,150120.0,False
2019-01-12 16:32:00,639297.0,636405.6875,636406.0,2891.0,0.0,28910.0,False
2019-01-12 16:33:00,644703.0,637797.875,637798.0,6905.0,0.0,69050.0,False
2019-01-12 16:34:00,649457.0,628785.4375,628786.0,20671.0,0.0,206710.0,False
2019-01-12 16:35:00,648090.0,624876.9375,624877.0,23213.0,0.0,232130.0,False
2019-01-12 16:36:00,648852.0,622567.4375,622568.0,26284.0,0.0,262840.0,False
2019-01-12 16:37:00,625270.0,625167.375,625168.0,102.0,0.0,1020.0,False
2019-01-12 16:38:00,637216.0,619742.9375,619743.0,17473.0,0.0,174730.0,False
2019-01-12 16:39:00,641665.0,638592.9375,638593.0,3072.0,0.0,30720.0,False
2019-01-12 16:40:00,676336.0,639273.375,639274.0,37062.0,0.0,370620.0,False
2019-01-12 16:41:00,643729.0,644878.875,644879.0,0.0,1150.0,1150.0,False
2019-01-12 16:42:00,659423.0,637623.9375,637624.0,21799.0,0.0,217990.0,False
2019-01-12 16:43:00,673181.0,647177.0625,647178.0,26003.0,0.0,260030.0,False
2019-01-12 16:44:00,661137.0,648194.0625,648195.0,12942.0,0.0,129420.0,False
2019-01-12 16:45:00,671467.0,653568.6875,653569.0,17898.0,0.0,178980.0,False
2019-01-12 16:46:00,663000.0,650074.625,650075.0,12925.0,0.0,129250.0,False
2019-01-12 16:47:00,664810.0,646204.3125,646205.0,18605.0,0.0,186050.0,False
2019-01-12 16:48:00,653675.0,650442.125,650443.0,3232.0,0.0,32320.0,False
2019-01-12 16:49:00,659747.0,653712.0,653712.0,6035.0,0.0,60350.0,False
2019-01-12 16:50:00,657828.0,653665.375,653666.0,4162.0,0.0,41620.0,False
2019-01-12 16:51:00,638141.0,647056.6875,647057.0,0.0,8916.0,8916.0,False
2019-01-12 16:52:00,632338.0,649412.875,649413.0,0.0,17075.0,17075.0,False
2019-01-12 16:53:00,639072.0,641072.5625,641073.0,0.0,2001.0,2001.0,False
2019-01-12 16:54:00,638970.0,640143.875,640144.0,0.0,1174.0,1174.0,False
2019-01-12 16:55:00,646913.0,639194.6875,639195.0,7718.0,0.0,77180.0,False
2019-01-12 16:56:00,633421.0,640845.125,640846.0,0.0,7425.0,7425.0,False
2019-01-12 16:57:00,631879.0,634716.625,634717.0,0.0,2838.0,2838.0,False
2019-01-12 16:58:00,629570.0,633024.4375,633025.0,0.0,3455.0,3455.0,False
2019-01-12 16:59:00,618780.0,632320.8125,632321.0,0.0,13541.0,13541.0,False
2019-01-12 17:00:00,756499.0,624696.75,624697.0,131802.0,0.0,1318020.0,False
2019-01-12 17:01:00,666583.0,660803.3125,660804.0,5779.0,0.0,57790.0,False
2019-01-12 17:02:00,647910.0,647366.375,647367.0,543.0,0.0,5430.0,False
2019-01-12 17:03:00,655945.0,654871.3125,654872.0,1073.0,0.0,10730.0,False
2019-01-12 17:04:00,639904.0,636583.6875,636584.0,3320.0,0.0,33200.0,False
2019-01-12 17:05:00,649745.0,638082.4375,638083.0,11662.0,0.0,116620.0,False
2019-01-12 17:06:00,696810.0,632660.8125,632661.0,64149.0,0.0,641490.0,False
2019-01-12 17:07:00,700756.0,643221.6875,643222.0,57534.0,0.0,575340.0,False
2019-01-12 17:08:00,716194.0,645340.125,645341.0,70853.0,0.0,708530.0,False
2019-01-12 17:09:00,700647.0,693720.875,693721.0,6926.0,0.0,69260.0,False
2019-01-12 17:10:00,718574.0,682839.5,682840.0,35734.0,0.0,357340.0,False
2019-01-12 17:11:00,709709.0,684336.9375,684337.0,25372.0,0.0,253720.0,False
2019-01-12 17:12:00,680653.0,677386.6875,677387.0,3266.0,0.0,32660.0,False
2019-01-12 17:13:00,658894.0,666433.75,666434.0,0.0,7540.0,7540.0,False
2019-01-12 17:14:00,646066.0,647106.5,647107.0,0.0,1041.0,1041.0,False
2019-01-12 17:15:00,666224.0,647417.9375,647418.0,18806.0,0.0,188060.0,False
2019-01-12 17:16:00,640365.0,653326.3125,653327.0,0.0,12962.0,12962.0,False
2019-01-12 17:17:00,645604.0,648680.75,648681.0,0.0,3077.0,3077.0,False
2019-01-12 17:18:00,615720.0,647843.3125,647844.0,0.0,32124.0,32124.0,False
2019-01-12 17:19:00,617895.0,638692.125,638693.0,0.0,20798.0,20798.0,False
2019-01-12 17:20:00,646781.0,641337.125,641338.0,5443.0,0.0,54430.0,False
2019-01-12 17:21:00,629533.0,640693.8125,640694.0,0.0,11161.0,11161.0,False
2019-01-12 17:22:00,622610.0,636449.625,636450.0,0.0,13840.0,13840.0,False
2019-01-12 17:23:00,608298.0,627058.8125,627059.0,0.0,18761.0,18761.0,False
2019-01-12 17:24:00,611728.0,622207.8125,622208.0,0.0,10480.0,10480.0,False
2019-01-12 17:25:00,608834.0,620282.4375,620283.0,0.0,11449.0,11449.0,False
2019-01-12 17:26:00,621285.0,614333.4375,614334.0,6951.0,0.0,69510.0,False
2019-01-12 17:27:00,607451.0,609742.75,609743.0,0.0,2292.0,2292.0,False
2019-01-12 17:28:00,622789.0,601015.8125,601016.0,21773.0,0.0,217730.0,False
2019-01-12 17:29:00,614786.0,612150.375,612151.0,2635.0,0.0,26350.0,False
2019-01-12 17:30:00,702669.0,609095.1875,609096.0,93573.0,0.0,935730.0,False
2019-01-12 17:31:00,673537.0,632403.625,632404.0,41133.0,0.0,411330.0,False
2019-01-12 17:32:00,687321.0,629882.5,629883.0,57438.0,0.0,574380.0,False
2019-01-12 17:33:00,688021.0,648021.125,648022.0,39999.0,0.0,399990.0,False
2019-01-12 17:34:00,667514.0,643191.5625,643192.0,24322.0,0.0,243220.0,False
2019-01-12 17:35:00,671905.0,648470.25,648471.0,23434.0,0.0,234340.0,False
2019-01-12 17:36:00,669108.0,644505.1875,644506.0,24602.0,0.0,246020.0,False
2019-01-12 17:37:00,664197.0,644606.5625,644607.0,19590.0,0.0,195900.0,False
2019-01-12 17:38:00,676038.0,640801.9375,640802.0,35236.0,0.0,352360.0,False
2019-01-12 17:39:00,670373.0,662512.5625,662513.0,7860.0,0.0,78600.0,False
2019-01-12 17:40:00,711355.0,665426.6875,665427.0,45928.0,0.0,459280.0,False
2019-01-12 17:41:00,693984.0,682510.9375,682511.0,11473.0,0.0,114730.0,False
2019-01-12 17:42:00,695309.0,681683.8125,681684.0,13625.0,0.0,136250.0,False
2019-01-12 17:43:00,700454.0,683887.1875,683888.0,16566.0,0.0,165660.0,False
2019-01-12 17:44:00,718516.0,679126.75,679127.0,39389.0,0.0,393890.0,False
2019-01-12 17:45:00,754549.0,688641.0625,688642.0,65907.0,0.0,659070.0,False
2019-01-12 17:46:00,744787.0,697638.1875,697639.0,47148.0,0.0,471480.0,False
2019-01-12 17:47:00,739769.0,700317.1875,700318.0,39451.0,0.0,394510.0,False
2019-01-12 17:48:00,736073.0,698543.5,698544.0,37529.0,0.0,375290.0,False
2019-01-12 17:49:00,714528.0,700987.1875,700988.0,13540.0,0.0,135400.0,False
2019-01-12 17:50:00,729903.0,691343.1875,691344.0,38559.0,0.0,385590.0,False
2019-01-12 17:51:00,718788.0,690011.125,690012.0,28776.0,0.0,287760.0,False
2019-01-12 17:52:00,715090.0,681565.375,681566.0,33524.0,0.0,335240.0,False
2019-01-12 17:53:00,697832.0,683116.9375,683117.0,14715.0,0.0,147150.0,False
2019-01-12 17:54:00,703576.0,681468.1875,681469.0,22107.0,0.0,221070.0,False
2019-01-12 17:55:00,717529.0,681598.9375,681599.0,35930.0,0.0,359300.0,False
2019-01-12 17:56:00,745009.0,683493.0625,683494.0,61515.0,0.0,615150.0,False
2019-01-12 17:57:00,728822.0,697427.3125,697428.0,31394.0,0.0,313940.0,False
2019-01-12 17:58:00,699675.0,690971.3125,690972.0,8703.0,0.0,87030.0,False
2019-01-12 17:59:00,675422.0,688371.75,688372.0,0.0,12950.0,12950.0,False
2019-01-12 18:00:00,792925.0,672601.9375,672602.0,120323.0,0.0,1203230.0,True
2019-01-12 18:01:00,738043.0,709239.1875,709240.0,28803.0,0.0,288030.0,False
2019-01-12 18:02:00,743929.0,693309.1875,693310.0,50619.0,0.0,506190.0,False
2019-01-12 18:03:00,750933.0,707279.4375,707280.0,43653.0,0.0,436530.0,False
2019-01-12 18:04:00,729648.0,694549.3125,694550.0,35098.0,0.0,350980.0,False
2019-01-12 18:05:00,720618.0,710900.25,710901.0,9717.0,0.0,97170.0,False
2019-01-12 18:06:00,760650.0,695810.125,695811.0,64839.0,0.0,648390.0,False
2019-01-12 18:07:00,788516.0,702522.1875,702523.0,85993.0,0.0,859930.0,True
2019-01-12 18:08:00,799435.0,701894.625,701895.0,97540.0,0.0,975400.0,True
2019-01-12 18:09:00,795642.0,743508.1875,743509.0,52133.0,0.0,521330.0,True
2019-01-12 18:10:00,811903.0,733147.6875,733148.0,78755.0,0.0,787550.0,True
2019-01-12 18:11:00,813572.0,745775.9375,745776.0,67796.0,0.0,677960.0,True
2019-01-12 18:12:00,794668.0,753308.8125,753309.0,41359.0,0.0,413590.0,True
2019-01-12 18:13:00,774650.0,749206.625,749207.0,25443.0,0.0,254430.0,False
2019-01-12 18:14:00,774968.0,736851.6875,736852.0,38116.0,0.0,381160.0,False
2019-01-12 18:15:00,788938.0,743157.8125,743158.0,45780.0,0.0,457800.0,True
2019-01-12 18:16:00,777432.0,751346.3125,751347.0,26085.0,0.0,260850.0,False
2019-01-12 18:17:00,755709.0,752066.8125,752067.0,3642.0,0.0,36420.0,False
2019-01-12 18:18:00,742403.0,741347.9375,741348.0,1055.0,0.0,10550.0,False
2019-01-12 18:19:00,738768.0,735106.4375,735107.0,3661.0,0.0,36610.0,False
2019-01-12 18:20:00,765903.0,728825.5625,728826.0,37077.0,0.0,370770.0,False
2019-01-12 18:21:00,730290.0,728970.5625,728971.0,1319.0,0.0,13190.0,False
2019-01-12 18:22:00,712827.0,710723.1875,710724.0,2103.0,0.0,21030.0,False
2019-01-12 18:23:00,709646.0,703117.875,703118.0,6528.0,0.0,65280.0,False
2019-01-12 18:24:00,700748.0,695452.125,695453.0,5295.0,0.0,52950.0,False
2019-01-12 18:25:00,721462.0,690913.3125,690914.0,30548.0,0.0,305480.0,False
2019-01-12 18:26:00,695482.0,688284.1875,688285.0,7197.0,0.0,71970.0,False
2019-01-12 18:27:00,684960.0,677860.3125,677861.0,7099.0,0.0,70990.0,False
2019-01-12 18:28:00,696422.0,673194.6875,673195.0,23227.0,0.0,232270.0,False
2019-01-12 18:29:00,740045.0,681389.5625,681390.0,58655.0,0.0,586550.0,False
2019-01-12 18:30:00,782824.0,693732.6875,693733.0,89091.0,0.0,890910.0,True
2019-01-12 18:31:00,758608.0,711236.5625,711237.0,47371.0,0.0,473710.0,False
2019-01-12 18:32:00,735260.0,712532.875,712533.0,22727.0,0.0,227270.0,False
2019-01-12 18:33:00,715569.0,706172.6875,706173.0,9396.0,0.0,93960.0,False
2019-01-12 18:34:00,711777.0,699299.1875,699300.0,12477.0,0.0,124770.0,False
2019-01-12 18:35:00,718313.0,690864.8125,690865.0,27448.0,0.0,274480.0,False
2019-01-12 18:36:00,708389.0,681220.375,681221.0,27168.0,0.0,271680.0,False
2019-01-12 18:37:00,706808.0,674783.5,674784.0,32024.0,0.0,320240.0,False
2019-01-12 18:38:00,702310.0,679404.5625,679405.0,22905.0,0.0,229050.0,False
2019-01-12 18:39:00,711484.0,688770.3125,688771.0,22713.0,0.0,227130.0,False
2019-01-12 18:40:00,721286.0,688423.0625,688424.0,32862.0,0.0,328620.0,False
2019-01-12 18:41:00,709949.0,688950.8125,688951.0,20998.0,0.0,209980.0,False
2019-01-12 18:42:00,729117.0,684891.6875,684892.0,44225.0,0.0,442250.0,False
2019-01-12 18:43:00,696096.0,690493.3125,690494.0,5602.0,0.0,56020.0,False
2019-01-12 18:44:00,704925.0,682028.5,682029.0,22896.0,0.0,228960.0,False
2019-01-12 18:45:00,729819.0,683495.5625,683496.0,46323.0,0.0,463230.0,False
2019-01-12 18:46:00,720476.0,685825.25,685826.0,34650.0,0.0,346500.0,False
2019-01-12 18:47:00,715352.0,687341.5,687342.0,28010.0,0.0,280100.0,False
2019-01-12 18:48:00,738572.0,686348.0,686348.0,52224.0,0.0,522240.0,False
2019-01-12 18:49:00,723139.0,694420.8125,694421.0,28718.0,0.0,287180.0,False
2019-01-12 18:50:00,734593.0,689572.375,689573.0,45020.0,0.0,450200.0,False
2019-01-12 18:51:00,716241.0,700591.6875,700592.0,15649.0,0.0,156490.0,False
2019-01-12 18:52:00,720816.0,683979.4375,683980.0,36836.0,0.0,368360.0,False
2019-01-12 18:53:00,704397.0,686528.8125,686529.0,17868.0,0.0,178680.0,False
2019-01-12 18:54:00,702887.0,681579.5625,681580.0,21307.0,0.0,213070.0,False
2019-01-12 18:55:00,722525.0,680026.9375,680027.0,42498.0,0.0,424980.0,False
2019-01-12 18:56:00,731342.0,680051.3125,680052.0,51290.0,0.0,512900.0,False
2019-01-12 18:57:00,706882.0,692914.9375,692915.0,13967.0,0.0,139670.0,False
2019-01-12 18:58:00,707409.0,683883.0625,683884.0,23525.0,0.0,235250.0,False
2019-01-12 18:59:00,701478.0,686602.9375,686603.0,14875.0,0.0,148750.0,False
2019-01-12 19:00:00,794618.0,678568.5,678569.0,116049.0,0.0,1160490.0,True
2019-01-12 19:01:00,750292.0,714338.9375,714339.0,35953.0,0.0,359530.0,False
2019-01-12 19:02:00,732565.0,701114.5,701115.0,31450.0,0.0,314500.0,False
2019-01-12 19:03:00,721966.0,705244.4375,705245.0,16721.0,0.0,167210.0,False
2019-01-12 19:04:00,735159.0,690017.125,690018.0,45141.0,0.0,451410.0,False
2019-01-12 19:05:00,758381.0,705251.5,705252.0,53129.0,0.0,531290.0,False
2019-01-12 19:06:00,781880.0,700443.1875,700444.0,81436.0,0.0,814360.0,True
2019-01-12 19:07:00,789930.0,713540.9375,713541.0,76389.0,0.0,763890.0,True
2019-01-12 19:08:00,778645.0,712734.3125,712735.0,65910.0,0.0,659100.0,False
2019-01-12 19:09:00,800593.0,740294.4375,740295.0,60298.0,0.0,602980.0,True
2019-01-12 19:10:00,817910.0,740125.4375,740126.0,77784.0,0.0,777840.0,True
2019-01-12 19:11:00,782527.0,745706.5,745707.0,36820.0,0.0,368200.0,True
2019-01-12 19:12:00,725682.0,738352.25,738353.0,0.0,12671.0,12671.0,False
2019-01-12 19:13:00,722513.0,720838.0625,720839.0,1674.0,0.0,16740.0,False
2019-01-12 19:14:00,687351.0,714321.375,714322.0,0.0,26971.0,26971.0,False
2019-01-12 19:15:00,739400.0,698462.9375,698463.0,40937.0,0.0,409370.0,False
2019-01-12 19:16:00,745234.0,713865.8125,713866.0,31368.0,0.0,313680.0,False
2019-01-12 19:17:00,719114.0,706384.1875,706385.0,12729.0,0.0,127290.0,False
2019-01-12 19:18:00,704197.0,712022.5625,712023.0,0.0,7826.0,7826.0,False
2019-01-12 19:19:00,709966.0,702961.6875,702962.0,7004.0,0.0,70040.0,False
2019-01-12 19:20:00,731493.0,696552.0625,696553.0,34940.0,0.0,349400.0,False
2019-01-12 19:21:00,719366.0,690841.5625,690842.0,28524.0,0.0,285240.0,False
2019-01-12 19:22:00,706146.0,689129.9375,689130.0,17016.0,0.0,170160.0,False
2019-01-12 19:23:00,710692.0,676361.5,676362.0,34330.0,0.0,343300.0,False
2019-01-12 19:24:00,700719.0,683903.6875,683904.0,16815.0,0.0,168150.0,False
2019-01-12 19:25:00,709452.0,684690.1875,684691.0,24761.0,0.0,247610.0,False
2019-01-12 19:26:00,686168.0,682969.75,682970.0,3198.0,0.0,31980.0,False
2019-01-12 19:27:00,704416.0,670754.5625,670755.0,33661.0,0.0,336610.0,False
2019-01-12 19:28:00,701580.0,676968.625,676969.0,24611.0,0.0,246110.0,False
2019-01-12 19:29:00,685727.0,680028.25,680029.0,5698.0,0.0,56980.0,False
2019-01-12 19:30:00,753765.0,678130.0625,678131.0,75634.0,0.0,756340.0,False
2019-01-12 19:31:00,706952.0,694909.3125,694910.0,12042.0,0.0,120420.0,False
2019-01-12 19:32:00,709788.0,687272.3125,687273.0,22515.0,0.0,225150.0,False
2019-01-12 19:33:00,724936.0,691490.0625,691491.0,33445.0,0.0,334450.0,False
2019-01-12 19:34:00,698499.0,688038.5625,688039.0,10460.0,0.0,104600.0,False
2019-01-12 19:35:00,708781.0,682196.4375,682197.0,26584.0,0.0,265840.0,False
2019-01-12 19:36:00,692993.0,682908.0625,682909.0,10084.0,0.0,100840.0,False
2019-01-12 19:37:00,694505.0,673359.0625,673360.0,21145.0,0.0,211450.0,False
2019-01-12 19:38:00,673462.0,669588.8125,669589.0,3873.0,0.0,38730.0,False
2019-01-12 19:39:00,686094.0,675463.9375,675464.0,10630.0,0.0,106300.0,False
2019-01-12 19:40:00,715967.0,670976.4375,670977.0,44990.0,0.0,449900.0,False
2019-01-12 19:41:00,691778.0,679026.6875,679027.0,12751.0,0.0,127510.0,False
2019-01-12 19:42:00,670199.0,683146.5,683147.0,0.0,12948.0,12948.0,False
2019-01-12 19:43:00,700392.0,671911.9375,671912.0,28480.0,0.0,284800.0,False
2019-01-12 19:44:00,704464.0,679211.75,679212.0,25252.0,0.0,252520.0,False
2019-01-12 19:45:00,749977.0,681594.0625,681595.0,68382.0,0.0,683820.0,False
2019-01-12 19:46:00,700435.0,701833.6875,701834.0,0.0,1399.0,1399.0,False
2019-01-12 19:47:00,708932.0,682551.8125,682552.0,26380.0,0.0,263800.0,False
2019-01-12 19:48:00,731619.0,687261.6875,687262.0,44357.0,0.0,443570.0,False
2019-01-12 19:49:00,691581.0,692979.375,692980.0,0.0,1399.0,1399.0,False
2019-01-12 19:50:00,696708.0,684198.6875,684199.0,12509.0,0.0,125090.0,False
2019-01-12 19:51:00,680464.0,673297.375,673298.0,7166.0,0.0,71660.0,False
2019-01-12 19:52:00,679730.0,664289.1875,664290.0,15440.0,0.0,154400.0,False
2019-01-12 19:53:00,678689.0,665937.0625,665938.0,12751.0,0.0,127510.0,False
2019-01-12 19:54:00,695001.0,674690.3125,674691.0,20310.0,0.0,203100.0,False
2019-01-12 19:55:00,686007.0,672810.5625,672811.0,13196.0,0.0,131960.0,False
2019-01-12 19:56:00,665229.0,672107.25,672108.0,0.0,6879.0,6879.0,False
2019-01-12 19:57:00,658685.0,675826.0625,675827.0,0.0,17142.0,17142.0,False
2019-01-12 19:58:00,667085.0,663351.0625,663352.0,3733.0,0.0,37330.0,False
2019-01-12 19:59:00,667576.0,665040.375,665041.0,2535.0,0.0,25350.0,False
2019-01-12 20:00:00,796571.0,663488.9375,663489.0,133082.0,0.0,1330820.0,True
2019-01-12 20:01:00,738572.0,706722.5625,706723.0,31849.0,0.0,318490.0,False
2019-01-12 20:02:00,703626.0,698084.6875,698085.0,5541.0,0.0,55410.0,False
2019-01-12 20:03:00,701737.0,703252.5625,703253.0,0.0,1516.0,1516.0,False
2019-01-12 20:04:00,685672.0,682661.0625,682662.0,3010.0,0.0,30100.0,False
2019-01-12 20:05:00,693960.0,677943.1875,677944.0,16016.0,0.0,160160.0,False
2019-01-12 20:06:00,725485.0,667390.6875,667391.0,58094.0,0.0,580940.0,False
2019-01-12 20:07:00,745277.0,671915.6875,671916.0,73361.0,0.0,733610.0,False
2019-01-12 20:08:00,776750.0,676872.5625,676873.0,99877.0,0.0,998770.0,False
2019-01-12 20:09:00,751047.0,726974.1875,726975.0,24072.0,0.0,240720.0,False
2019-01-12 20:10:00,761033.0,715198.3125,715199.0,45834.0,0.0,458340.0,False
2019-01-12 20:11:00,733690.0,717595.1875,717596.0,16094.0,0.0,160940.0,False
2019-01-12 20:12:00,742944.0,703381.3125,703382.0,39562.0,0.0,395620.0,False
2019-01-12 20:13:00,689445.0,704711.375,704712.0,0.0,15267.0,15267.0,False
2019-01-12 20:14:00,683984.0,674464.5625,674465.0,9519.0,0.0,95190.0,False
2019-01-12 20:15:00,728124.0,676082.4375,676083.0,52041.0,0.0,520410.0,False
2019-01-12 20:16:00,691874.0,680089.8125,680090.0,11784.0,0.0,117840.0,False
2019-01-12 20:17:00,680300.0,686922.0625,686923.0,0.0,6623.0,6623.0,False
2019-01-12 20:18:00,684025.0,674980.6875,674981.0,9044.0,0.0,90440.0,False
2019-01-12 20:19:00,655646.0,674252.5625,674253.0,0.0,18607.0,18607.0,False
2019-01-12 20:20:00,678022.0,663468.9375,663469.0,14553.0,0.0,145530.0,False
2019-01-12 20:21:00,678471.0,674118.0625,674119.0,4352.0,0.0,43520.0,False
2019-01-12 20:22:00,664100.0,663709.3125,663710.0,390.0,0.0,3900.0,False
2019-01-12 20:23:00,699443.0,661870.9375,661871.0,37572.0,0.0,375720.0,False
2019-01-12 20:24:00,687032.0,680702.75,680703.0,6329.0,0.0,63290.0,False
2019-01-12 20:25:00,680038.0,676236.4375,676237.0,3801.0,0.0,38010.0,False
2019-01-12 20:26:00,658441.0,676812.4375,676813.0,0.0,18372.0,18372.0,False
2019-01-12 20:27:00,667155.0,666231.3125,666232.0,923.0,0.0,9230.0,False
2019-01-12 20:28:00,672388.0,661433.4375,661434.0,10954.0,0.0,109540.0,False
2019-01-12 20:29:00,664264.0,660301.75,660302.0,3962.0,0.0,39620.0,False
2019-01-12 20:30:00,743428.0,664492.4375,664493.0,78935.0,0.0,789350.0,False
2019-01-12 20:31:00,698609.0,683832.1875,683833.0,14776.0,0.0,147760.0,False
2019-01-12 20:32:00,674792.0,682950.0625,682951.0,0.0,8159.0,8159.0,False
2019-01-12 20:33:00,663884.0,683106.75,683107.0,0.0,19223.0,19223.0,False
2019-01-12 20:34:00,663471.0,665778.0,665778.0,0.0,2307.0,2307.0,False
2019-01-12 20:35:00,655776.0,661788.25,661789.0,0.0,6013.0,6013.0,False
2019-01-12 20:36:00,660759.0,651119.0625,651120.0,9639.0,0.0,96390.0,False
2019-01-12 20:37:00,648449.0,652445.9375,652446.0,0.0,3997.0,3997.0,False
2019-01-12 20:38:00,666700.0,641170.3125,641171.0,25529.0,0.0,255290.0,False
2019-01-12 20:39:00,658715.0,667656.3125,667657.0,0.0,8942.0,8942.0,False
2019-01-12 20:40:00,699681.0,659982.4375,659983.0,39698.0,0.0,396980.0,False
2019-01-12 20:41:00,664320.0,675362.375,675363.0,0.0,11043.0,11043.0,False
2019-01-12 20:42:00,644786.0,660901.3125,660902.0,0.0,16116.0,16116.0,False
2019-01-12 20:43:00,653023.0,658203.6875,658204.0,0.0,5181.0,5181.0,False
2019-01-12 20:44:00,673301.0,646832.6875,646833.0,26468.0,0.0,264680.0,False
2019-01-12 20:45:00,693274.0,655448.9375,655449.0,37825.0,0.0,378250.0,False
2019-01-12 20:46:00,673899.0,661337.8125,661338.0,12561.0,0.0,125610.0,False
2019-01-12 20:47:00,688985.0,661253.5625,661254.0,27731.0,0.0,277310.0,False
2019-01-12 20:48:00,703279.0,666942.5,666943.0,36336.0,0.0,363360.0,False
2019-01-12 20:49:00,680256.0,680857.25,680858.0,0.0,602.0,602.0,False
2019-01-12 20:50:00,686286.0,677137.75,677138.0,9148.0,0.0,91480.0,False
2019-01-12 20:51:00,655157.0,669286.625,669287.0,0.0,14130.0,14130.0,False
2019-01-12 20:52:00,661087.0,651699.75,651700.0,9387.0,0.0,93870.0,False
2019-01-12 20:53:00,651248.0,657134.0625,657135.0,0.0,5887.0,5887.0,False
2019-01-12 20:54:00,666638.0,654384.3125,654385.0,12253.0,0.0,122530.0,False
2019-01-12 20:55:00,659833.0,657921.4375,657922.0,1911.0,0.0,19110.0,False
2019-01-12 20:56:00,628047.0,654243.4375,654244.0,0.0,26197.0,26197.0,False
2019-01-12 20:57:00,634554.0,652179.6875,652180.0,0.0,17626.0,17626.0,False
2019-01-12 20:58:00,660790.0,643775.0625,643776.0,17014.0,0.0,170140.0,False
2019-01-12 20:59:00,690985.0,651504.125,651505.0,39480.0,0.0,394800.0,False
2019-01-12 21:00:00,791209.0,660488.125,660489.0,130720.0,0.0,1307200.0,True
2019-01-12 21:01:00,721768.0,698202.125,698203.0,23565.0,0.0,235650.0,False
2019-01-12 21:02:00,709311.0,687233.25,687234.0,22077.0,0.0,220770.0,False
2019-01-12 21:03:00,701008.0,692241.9375,692242.0,8766.0,0.0,87660.0,False
2019-01-12 21:04:00,710666.0,676339.875,676340.0,34326.0,0.0,343260.0,False
2019-01-12 21:05:00,705111.0,675490.5,675491.0,29620.0,0.0,296200.0,False
2019-01-12 21:06:00,655047.0,659728.25,659729.0,0.0,4682.0,4682.0,False
2019-01-12 21:07:00,651637.0,645579.5,645580.0,6057.0,0.0,60570.0,False
2019-01-12 21:08:00,697318.0,641289.0,641289.0,56029.0,0.0,560290.0,False
2019-01-12 21:09:00,738252.0,679109.25,679110.0,59142.0,0.0,591420.0,False
2019-01-12 21:10:00,770881.0,687787.75,687788.0,83093.0,0.0,830930.0,False
2019-01-12 21:11:00,754017.0,706377.75,706378.0,47639.0,0.0,476390.0,False
2019-01-12 21:12:00,719812.0,706187.375,706188.0,13624.0,0.0,136240.0,False
2019-01-12 21:13:00,688805.0,702948.125,702949.0,0.0,14144.0,14144.0,False
2019-01-12 21:14:00,671099.0,688102.375,688103.0,0.0,17004.0,17004.0,False
2019-01-12 21:15:00,695334.0,665970.875,665971.0,29363.0,0.0,293630.0,False
2019-01-12 21:16:00,680740.0,655287.9375,655288.0,25452.0,0.0,254520.0,False
2019-01-12 21:17:00,681532.0,655221.25,655222.0,26310.0,0.0,263100.0,False
2019-01-12 21:18:00,659178.0,669014.0625,669015.0,0.0,9837.0,9837.0,False
2019-01-12 21:19:00,648442.0,668335.1875,668336.0,0.0,19894.0,19894.0,False
2019-01-12 21:20:00,695938.0,665993.4375,665994.0,29944.0,0.0,299440.0,False
2019-01-12 21:21:00,671206.0,673089.4375,673090.0,0.0,1884.0,1884.0,False
2019-01-12 21:22:00,681019.0,666859.8125,666860.0,14159.0,0.0,141590.0,False
2019-01-12 21:23:00,689819.0,670259.1875,670260.0,19559.0,0.0,195590.0,False
2019-01-12 21:24:00,697578.0,671765.9375,671766.0,25812.0,0.0,258120.0,False
2019-01-12 21:25:00,697732.0,681335.0625,681336.0,16396.0,0.0,163960.0,False
2019-01-12 21:26:00,679266.0,681439.6875,681440.0,0.0,2174.0,2174.0,False
2019-01-12 21:27:00,670279.0,673443.5625,673444.0,0.0,3165.0,3165.0,False
2019-01-12 21:28:00,661216.0,659330.5,659331.0,1885.0,0.0,18850.0,False
2019-01-12 21:29:00,659644.0,662029.125,662030.0,0.0,2386.0,2386.0,False
2019-01-12 21:30:00,719603.0,659129.5625,659130.0,60473.0,0.0,604730.0,False
2019-01-12 21:31:00,698439.0,676107.625,676108.0,22331.0,0.0,223310.0,False
2019-01-12 21:32:00,691969.0,677150.8125,677151.0,14818.0,0.0,148180.0,False
2019-01-12 21:33:00,711198.0,683811.6875,683812.0,27386.0,0.0,273860.0,False
2019-01-12 21:34:00,691277.0,685288.8125,685289.0,5988.0,0.0,59880.0,False
2019-01-12 21:35:00,672199.0,682349.1875,682350.0,0.0,10151.0,10151.0,False
2019-01-12 21:36:00,681224.0,671951.875,671952.0,9272.0,0.0,92720.0,False
2019-01-12 21:37:00,674182.0,664219.0,664219.0,9963.0,0.0,99630.0,False
2019-01-12 21:38:00,675090.0,656220.9375,656221.0,18869.0,0.0,188690.0,False
2019-01-12 21:39:00,672613.0,670606.6875,670607.0,2006.0,0.0,20060.0,False
2019-01-12 21:40:00,684705.0,667058.4375,667059.0,17646.0,0.0,176460.0,False
2019-01-12 21:41:00,691307.0,671376.8125,671377.0,19930.0,0.0,199300.0,False
2019-01-12 21:42:00,661570.0,680332.0,680332.0,0.0,18762.0,18762.0,False
2019-01-12 21:43:00,648163.0,671989.6875,671990.0,0.0,23827.0,23827.0,False
2019-01-12 21:44:00,645866.0,660049.875,660050.0,0.0,14184.0,14184.0,False
2019-01-12 21:45:00,683224.0,653120.0625,653121.0,30103.0,0.0,301030.0,False
2019-01-12 21:46:00,675724.0,662790.6875,662791.0,12933.0,0.0,129330.0,False
2019-01-12 21:47:00,672529.0,662032.5625,662033.0,10496.0,0.0,104960.0,False
2019-01-12 21:48:00,648277.0,665405.0625,665406.0,0.0,17129.0,17129.0,False
2019-01-12 21:49:00,642136.0,655400.0,655400.0,0.0,13264.0,13264.0,False
2019-01-12 21:50:00,663326.0,656604.8125,656605.0,6721.0,0.0,67210.0,False
2019-01-12 21:51:00,632656.0,652934.9375,652935.0,0.0,20279.0,20279.0,False
2019-01-12 21:52:00,661495.0,640559.6875,640560.0,20935.0,0.0,209350.0,False
2019-01-12 21:53:00,650566.0,642346.1875,642347.0,8219.0,0.0,82190.0,False
2019-01-12 21:54:00,663599.0,644394.3125,644395.0,19204.0,0.0,192040.0,False
2019-01-12 21:55:00,668710.0,660072.3125,660073.0,8637.0,0.0,86370.0,False
2019-01-12 21:56:00,643516.0,658516.3125,658517.0,0.0,15001.0,15001.0,False
2019-01-12 21:57:00,605963.0,651422.1875,651423.0,0.0,45460.0,45460.0,False
2019-01-12 21:58:00,644176.0,628941.5625,628942.0,15234.0,0.0,152340.0,False
2019-01-12 21:59:00,641230.0,637559.1875,637560.0,3670.0,0.0,36700.0,False
2019-01-12 22:00:00,757674.0,631103.5625,631104.0,126570.0,0.0,1265700.0,False
2019-01-12 22:01:00,679196.0,675082.875,675083.0,4113.0,0.0,41130.0,False
2019-01-12 22:02:00,679445.0,659478.125,659479.0,19966.0,0.0,199660.0,False
2019-01-12 22:03:00,680919.0,673079.125,673080.0,7839.0,0.0,78390.0,False
2019-01-12 22:04:00,679960.0,662059.9375,662060.0,17900.0,0.0,179000.0,False
2019-01-12 22:05:00,670362.0,669231.75,669232.0,1130.0,0.0,11300.0,False
2019-01-12 22:06:00,673968.0,644491.8125,644492.0,29476.0,0.0,294760.0,False
2019-01-12 22:07:00,703069.0,648547.5625,648548.0,54521.0,0.0,545210.0,False
2019-01-12 22:08:00,728319.0,656285.1875,656286.0,72033.0,0.0,720330.0,False
2019-01-12 22:09:00,731923.0,700778.75,700779.0,31144.0,0.0,311440.0,False
2019-01-12 22:10:00,757255.0,699350.5625,699351.0,57904.0,0.0,579040.0,False
2019-01-12 22:11:00,729269.0,708386.5625,708387.0,20882.0,0.0,208820.0,False
2019-01-12 22:12:00,738046.0,701195.625,701196.0,36850.0,0.0,368500.0,False
2019-01-12 22:13:00,703338.0,705100.75,705101.0,0.0,1763.0,1763.0,False
2019-01-12 22:14:00,682512.0,682123.5625,682124.0,388.0,0.0,3880.0,False
2019-01-12 22:15:00,691524.0,670800.4375,670801.0,20723.0,0.0,207230.0,False
2019-01-12 22:16:00,687145.0,664482.9375,664483.0,22662.0,0.0,226620.0,False
2019-01-12 22:17:00,678527.0,670091.4375,670092.0,8435.0,0.0,84350.0,False
2019-01-12 22:18:00,678968.0,666104.6875,666105.0,12863.0,0.0,128630.0,False
2019-01-12 22:19:00,647809.0,673805.8125,673806.0,0.0,25997.0,25997.0,False
2019-01-12 22:20:00,680656.0,658718.8125,658719.0,21937.0,0.0,219370.0,False
2019-01-12 22:21:00,662294.0,673428.4375,673429.0,0.0,11135.0,11135.0,False
2019-01-12 22:22:00,651879.0,661849.125,661850.0,0.0,9971.0,9971.0,False
2019-01-12 22:23:00,646506.0,660903.5,660904.0,0.0,14398.0,14398.0,False
2019-01-12 22:24:00,694286.0,651452.4375,651453.0,42833.0,0.0,428330.0,False
2019-01-12 22:25:00,698717.0,668860.9375,668861.0,29856.0,0.0,298560.0,False
2019-01-12 22:26:00,735231.0,672390.0625,672391.0,62840.0,0.0,628400.0,False
2019-01-12 22:27:00,730650.0,695609.3125,695610.0,35040.0,0.0,350400.0,False
2019-01-12 22:28:00,678991.0,686327.5,686328.0,0.0,7337.0,7337.0,False
2019-01-12 22:29:00,660918.0,679590.1875,679591.0,0.0,18673.0,18673.0,False
2019-01-12 22:30:00,750446.0,665433.5625,665434.0,85012.0,0.0,850120.0,False
2019-01-12 22:31:00,716578.0,682577.125,682578.0,34000.0,0.0,340000.0,False
2019-01-12 22:32:00,705676.0,669924.5625,669925.0,35751.0,0.0,357510.0,False
2019-01-12 22:33:00,685114.0,681599.1875,681600.0,3514.0,0.0,35140.0,False
2019-01-12 22:34:00,679226.0,666185.0,666185.0,13041.0,0.0,130410.0,False
2019-01-12 22:35:00,693936.0,678158.3125,678159.0,15777.0,0.0,157770.0,False
2019-01-12 22:36:00,660433.0,679287.25,679288.0,0.0,18855.0,18855.0,False
2019-01-12 22:37:00,659229.0,661611.5625,661612.0,0.0,2383.0,2383.0,False
2019-01-12 22:38:00,652232.0,647746.9375,647747.0,4485.0,0.0,44850.0,False
2019-01-12 22:39:00,654857.0,658982.9375,658983.0,0.0,4126.0,4126.0,False
2019-01-12 22:40:00,714798.0,658351.4375,658352.0,56446.0,0.0,564460.0,False
2019-01-12 22:41:00,678383.0,676098.1875,676099.0,2284.0,0.0,22840.0,False
2019-01-12 22:42:00,663426.0,670277.8125,670278.0,0.0,6852.0,6852.0,False
2019-01-12 22:43:00,658147.0,668723.125,668724.0,0.0,10577.0,10577.0,False
2019-01-12 22:44:00,662136.0,661677.6875,661678.0,458.0,0.0,4580.0,False
2019-01-12 22:45:00,690097.0,659995.8125,659996.0,30101.0,0.0,301010.0,False
2019-01-12 22:46:00,697557.0,663124.8125,663125.0,34432.0,0.0,344320.0,False
2019-01-12 22:47:00,710281.0,666833.125,666834.0,43447.0,0.0,434470.0,False
2019-01-12 22:48:00,684837.0,671761.375,671762.0,13075.0,0.0,130750.0,False
2019-01-12 22:49:00,697536.0,680803.875,680804.0,16732.0,0.0,167320.0,False
2019-01-12 22:50:00,670769.0,684545.75,684546.0,0.0,13777.0,13777.0,False
2019-01-12 22:51:00,625999.0,668131.8125,668132.0,0.0,42133.0,42133.0,False
2019-01-12 22:52:00,625099.0,648522.375,648523.0,0.0,23424.0,23424.0,False
2019-01-12 22:53:00,618947.0,632193.1875,632194.0,0.0,13247.0,13247.0,False
2019-01-12 22:54:00,637997.0,629297.9375,629298.0,8699.0,0.0,86990.0,False
2019-01-12 22:55:00,670915.0,635883.25,635884.0,35031.0,0.0,350310.0,False
2019-01-12 22:56:00,640367.0,647675.0625,647676.0,0.0,7309.0,7309.0,False
2019-01-12 22:57:00,638117.0,644511.1875,644512.0,0.0,6395.0,6395.0,False
2019-01-12 22:58:00,603324.0,647694.25,647695.0,0.0,44371.0,44371.0,False
2019-01-12 22:59:00,615495.0,631911.5,631912.0,0.0,16417.0,16417.0,False
2019-01-12 23:00:00,733233.0,622873.375,622874.0,110359.0,0.0,1103590.0,False
2019-01-12 23:01:00,685712.0,645785.875,645786.0,39926.0,0.0,399260.0,False
2019-01-12 23:02:00,671046.0,645278.8125,645279.0,25767.0,0.0,257670.0,False
2019-01-12 23:03:00,679353.0,655524.0625,655525.0,23828.0,0.0,238280.0,False
2019-01-12 23:04:00,640617.0,657080.3125,657081.0,0.0,16464.0,16464.0,False
2019-01-12 23:05:00,665119.0,650175.5625,650176.0,14943.0,0.0,149430.0,False
2019-01-12 23:06:00,700875.0,647253.0625,647254.0,53621.0,0.0,536210.0,False
2019-01-12 23:07:00,717459.0,645050.6875,645051.0,72408.0,0.0,724080.0,False
2019-01-12 23:08:00,721501.0,655659.4375,655660.0,65841.0,0.0,658410.0,False
2019-01-12 23:09:00,736328.0,691604.5,691605.0,44723.0,0.0,447230.0,False
2019-01-12 23:10:00,747804.0,700640.8125,700641.0,47163.0,0.0,471630.0,False
2019-01-12 23:11:00,662692.0,702408.0,702408.0,0.0,39716.0,39716.0,False
2019-01-12 23:12:00,672222.0,678859.1875,678860.0,0.0,6638.0,6638.0,False
2019-01-12 23:13:00,637289.0,661736.125,661737.0,0.0,24448.0,24448.0,False
2019-01-12 23:14:00,644037.0,632395.0625,632396.0,11641.0,0.0,116410.0,False
2019-01-12 23:15:00,646305.0,644940.75,644941.0,1364.0,0.0,13640.0,False
2019-01-12 23:16:00,622041.0,637541.0,637541.0,0.0,15500.0,15500.0,False
2019-01-12 23:17:00,627165.0,636316.9375,636317.0,0.0,9152.0,9152.0,False
2019-01-12 23:18:00,625591.0,638036.0,638036.0,0.0,12445.0,12445.0,False
2019-01-12 23:19:00,634341.0,646323.1875,646324.0,0.0,11983.0,11983.0,False
2019-01-12 23:20:00,638871.0,635083.9375,635084.0,3787.0,0.0,37870.0,False
2019-01-12 23:21:00,607852.0,636608.1875,636609.0,0.0,28757.0,28757.0,False
2019-01-12 23:22:00,616937.0,622813.375,622814.0,0.0,5877.0,5877.0,False
2019-01-12 23:23:00,616686.0,618457.8125,618458.0,0.0,1772.0,1772.0,False
2019-01-12 23:24:00,613361.0,617327.3125,617328.0,0.0,3967.0,3967.0,False
2019-01-12 23:25:00,609458.0,612218.375,612219.0,0.0,2761.0,2761.0,False
2019-01-12 23:26:00,617303.0,605884.4375,605885.0,11418.0,0.0,114180.0,False
2019-01-12 23:27:00,599956.0,606890.875,606891.0,0.0,6935.0,6935.0,False
2019-01-12 23:28:00,609875.0,604145.0625,604146.0,5729.0,0.0,57290.0,False
2019-01-12 23:29:00,615107.0,608266.3125,608267.0,6840.0,0.0,68400.0,False
2019-01-12 23:30:00,697804.0,599783.9375,599784.0,98020.0,0.0,980200.0,False
2019-01-12 23:31:00,628889.0,623963.6875,623964.0,4925.0,0.0,49250.0,False
2019-01-12 23:32:00,631100.0,616988.75,616989.0,14111.0,0.0,141110.0,False
2019-01-12 23:33:00,639881.0,622238.625,622239.0,17642.0,0.0,176420.0,False
2019-01-12 23:34:00,623448.0,611159.875,611160.0,12288.0,0.0,122880.0,False
2019-01-12 23:35:00,623999.0,615464.3125,615465.0,8534.0,0.0,85340.0,False
2019-01-12 23:36:00,616474.0,610579.3125,610580.0,5894.0,0.0,58940.0,False
2019-01-12 23:37:00,592615.0,605399.5625,605400.0,0.0,12785.0,12785.0,False
2019-01-12 23:38:00,607761.0,599844.3125,599845.0,7916.0,0.0,79160.0,False
2019-01-12 23:39:00,593462.0,620047.5625,620048.0,0.0,26586.0,26586.0,False
2019-01-12 23:40:00,649492.0,610403.0,610403.0,39089.0,0.0,390890.0,False
2019-01-12 23:41:00,598444.0,615244.8125,615245.0,0.0,16801.0,16801.0,False
2019-01-12 23:42:00,587116.0,606684.4375,606685.0,0.0,19569.0,19569.0,False
2019-01-12 23:43:00,598316.0,604826.5625,604827.0,0.0,6511.0,6511.0,False
2019-01-12 23:44:00,626882.0,595864.0625,595865.0,31017.0,0.0,310170.0,False
2019-01-12 23:45:00,631070.0,604369.1875,604370.0,26700.0,0.0,267000.0,False
2019-01-12 23:46:00,622787.0,600581.6875,600582.0,22205.0,0.0,222050.0,False
2019-01-12 23:47:00,616871.0,603705.375,603706.0,13165.0,0.0,131650.0,False
2019-01-12 23:48:00,618972.0,598751.1875,598752.0,20220.0,0.0,202200.0,False
2019-01-12 23:49:00,623293.0,612236.0,612236.0,11057.0,0.0,110570.0,False
2019-01-12 23:50:00,634622.0,607317.25,607318.0,27304.0,0.0,273040.0,False
2019-01-12 23:51:00,625776.0,604159.125,604160.0,21616.0,0.0,216160.0,False
2019-01-12 23:52:00,600714.0,604424.1875,604425.0,0.0,3711.0,3711.0,False
2019-01-12 23:53:00,602961.0,604949.75,604950.0,0.0,1989.0,1989.0,False
2019-01-12 23:54:00,606194.0,606906.5625,606907.0,0.0,713.0,713.0,False
2019-01-12 23:55:00,622042.0,603819.125,603820.0,18222.0,0.0,182220.0,False
2019-01-12 23:56:00,627210.0,604878.125,604879.0,22331.0,0.0,223310.0,False
2019-01-12 23:57:00,608978.0,605747.8125,605748.0,3230.0,0.0,32300.0,False
2019-01-12 23:58:00,596954.0,604136.625,604137.0,0.0,7183.0,7183.0,False
2019-01-12 23:59:00,596724.0,603620.8125,603621.0,0.0,6897.0,6897.0,False
2019-01-13 00:00:00,762610.0,601199.0625,601200.0,161410.0,0.0,1614100.0,False
2019-01-13 00:01:00,704794.0,640687.75,640688.0,64106.0,0.0,641060.0,False
2019-01-13 00:02:00,714897.0,641116.3125,641117.0,73780.0,0.0,737800.0,False
2019-01-13 00:03:00,706977.0,666369.1875,666370.0,40607.0,0.0,406070.0,False
2019-01-13 00:04:00,688870.0,653142.1875,653143.0,35727.0,0.0,357270.0,False
2019-01-13 00:05:00,690015.0,662650.5,662651.0,27364.0,0.0,273640.0,False
2019-01-13 00:06:00,732496.0,651158.4375,651159.0,81337.0,0.0,813370.0,False
2019-01-13 00:07:00,795773.0,659966.6875,659967.0,135806.0,0.0,1358060.0,True
2019-01-13 00:08:00,773262.0,677135.3125,677136.0,96126.0,0.0,961260.0,False
2019-01-13 00:09:00,775581.0,720675.8125,720676.0,54905.0,0.0,549050.0,False
2019-01-13 00:10:00,705599.0,725433.8125,725434.0,0.0,19835.0,19835.0,False
2019-01-13 00:11:00,656762.0,700086.5,700087.0,0.0,43325.0,43325.0,False
2019-01-13 00:12:00,640359.0,684175.0,684175.0,0.0,43816.0,43816.0,False
2019-01-13 00:13:00,638837.0,648371.5,648372.0,0.0,9535.0,9535.0,False
2019-01-13 00:14:00,645006.0,639073.875,639074.0,5932.0,0.0,59320.0,False
2019-01-13 00:15:00,658128.0,635106.5625,635107.0,23021.0,0.0,230210.0,False
2019-01-13 00:16:00,652154.0,660889.75,660890.0,0.0,8736.0,8736.0,False
2019-01-13 00:17:00,657426.0,654221.625,654222.0,3204.0,0.0,32040.0,False
2019-01-13 00:18:00,663215.0,666675.3125,666676.0,0.0,3461.0,3461.0,False
2019-01-13 00:19:00,655440.0,660445.0625,660446.0,0.0,5006.0,5006.0,False
2019-01-13 00:20:00,673090.0,654325.0,654325.0,18765.0,0.0,187650.0,False
2019-01-13 00:21:00,647584.0,652740.5625,652741.0,0.0,5157.0,5157.0,False
2019-01-13 00:22:00,626276.0,641939.5625,641940.0,0.0,15664.0,15664.0,False
2019-01-13 00:23:00,635502.0,636163.25,636164.0,0.0,662.0,662.0,False
2019-01-13 00:24:00,647512.0,633240.3125,633241.0,14271.0,0.0,142710.0,False
2019-01-13 00:25:00,630537.0,637356.9375,637357.0,0.0,6820.0,6820.0,False
2019-01-13 00:26:00,620960.0,632750.875,632751.0,0.0,11791.0,11791.0,False
2019-01-13 00:27:00,615458.0,630627.375,630628.0,0.0,15170.0,15170.0,False
2019-01-13 00:28:00,615722.0,624525.25,624526.0,0.0,8804.0,8804.0,False
2019-01-13 00:29:00,625878.0,626887.125,626888.0,0.0,1010.0,1010.0,False
2019-01-13 00:30:00,716021.0,626236.5625,626237.0,89784.0,0.0,897840.0,False
2019-01-13 00:31:00,650813.0,643289.1875,643290.0,7523.0,0.0,75230.0,False
2019-01-13 00:32:00,659764.0,635232.625,635233.0,24531.0,0.0,245310.0,False
2019-01-13 00:33:00,639213.0,649474.3125,649475.0,0.0,10262.0,10262.0,False
2019-01-13 00:34:00,643058.0,629193.9375,629194.0,13864.0,0.0,138640.0,False
2019-01-13 00:35:00,645674.0,631725.0625,631726.0,13948.0,0.0,139480.0,False
2019-01-13 00:36:00,632499.0,622729.5625,622730.0,9769.0,0.0,97690.0,False
2019-01-13 00:37:00,610466.0,620091.4375,620092.0,0.0,9626.0,9626.0,False
2019-01-13 00:38:00,626408.0,609628.1875,609629.0,16779.0,0.0,167790.0,False
2019-01-13 00:39:00,607638.0,635130.375,635131.0,0.0,27493.0,27493.0,False
2019-01-13 00:40:00,631218.0,624158.6875,624159.0,7059.0,0.0,70590.0,False
2019-01-13 00:41:00,605321.0,626568.5625,626569.0,0.0,21248.0,21248.0,False
2019-01-13 00:42:00,604872.0,614424.1875,614425.0,0.0,9553.0,9553.0,False
2019-01-13 00:43:00,602343.0,612781.9375,612782.0,0.0,10439.0,10439.0,False
2019-01-13 00:44:00,598522.0,608753.0,608753.0,0.0,10231.0,10231.0,False
2019-01-13 00:45:00,630849.0,606550.5625,606551.0,24298.0,0.0,242980.0,False
2019-01-13 00:46:00,630230.0,603225.25,603226.0,27004.0,0.0,270040.0,False
2019-01-13 00:47:00,611907.0,607037.0625,607038.0,4869.0,0.0,48690.0,False
2019-01-13 00:48:00,603617.0,602777.5625,602778.0,839.0,0.0,8390.0,False
2019-01-13 00:49:00,602502.0,602563.75,602564.0,0.0,62.0,62.0,False
2019-01-13 00:50:00,623397.0,597943.75,597944.0,25453.0,0.0,254530.0,False
2019-01-13 00:51:00,596512.0,599584.3125,599585.0,0.0,3073.0,3073.0,False
2019-01-13 00:52:00,606395.0,593831.6875,593832.0,12563.0,0.0,125630.0,False
2019-01-13 00:53:00,594052.0,594305.8125,594306.0,0.0,254.0,254.0,False
2019-01-13 00:54:00,596465.0,595368.75,595369.0,1096.0,0.0,10960.0,False
2019-01-13 00:55:00,613178.0,601253.75,601254.0,11924.0,0.0,119240.0,False
2019-01-13 00:56:00,593663.0,596320.8125,596321.0,0.0,2658.0,2658.0,False
2019-01-13 00:57:00,606809.0,590745.4375,590746.0,16063.0,0.0,160630.0,False
2019-01-13 00:58:00,593128.0,591497.25,591498.0,1630.0,0.0,16300.0,False
2019-01-13 00:59:00,582378.0,592270.5625,592271.0,0.0,9893.0,9893.0,False
2019-01-13 01:00:00,685387.0,588154.875,588155.0,97232.0,0.0,972320.0,False
2019-01-13 01:01:00,624658.0,610267.25,610268.0,14390.0,0.0,143900.0,False
2019-01-13 01:02:00,618457.0,605547.0625,605548.0,12909.0,0.0,129090.0,False
2019-01-13 01:03:00,632179.0,609477.8125,609478.0,22701.0,0.0,227010.0,False
2019-01-13 01:04:00,618712.0,604477.4375,604478.0,14234.0,0.0,142340.0,False
2019-01-13 01:05:00,628398.0,605294.6875,605295.0,23103.0,0.0,231030.0,False
2019-01-13 01:06:00,623492.0,608385.5,608386.0,15106.0,0.0,151060.0,False
2019-01-13 01:07:00,639352.0,604305.1875,604306.0,35046.0,0.0,350460.0,False
2019-01-13 01:08:00,629820.0,605223.8125,605224.0,24596.0,0.0,245960.0,False
2019-01-13 01:09:00,630155.0,626195.3125,626196.0,3959.0,0.0,39590.0,False
2019-01-13 01:10:00,657495.0,626312.5,626313.0,31182.0,0.0,311820.0,False
2019-01-13 01:11:00,652311.0,622776.4375,622777.0,29534.0,0.0,295340.0,False
2019-01-13 01:12:00,638473.0,629499.125,629500.0,8973.0,0.0,89730.0,False
2019-01-13 01:13:00,634612.0,628102.6875,628103.0,6509.0,0.0,65090.0,False
2019-01-13 01:14:00,628107.0,623920.0625,623921.0,4186.0,0.0,41860.0,False
2019-01-13 01:15:00,654785.0,621059.25,621060.0,33725.0,0.0,337250.0,False
2019-01-13 01:16:00,651149.0,631231.5625,631232.0,19917.0,0.0,199170.0,False
2019-01-13 01:17:00,653240.0,632257.8125,632258.0,20982.0,0.0,209820.0,False
2019-01-13 01:18:00,658463.0,634322.4375,634323.0,24140.0,0.0,241400.0,False
2019-01-13 01:19:00,644218.0,641599.0625,641600.0,2618.0,0.0,26180.0,False
2019-01-13 01:20:00,653903.0,643574.8125,643575.0,10328.0,0.0,103280.0,False
2019-01-13 01:21:00,619759.0,642254.5625,642255.0,0.0,22496.0,22496.0,False
2019-01-13 01:22:00,635396.0,627483.3125,627484.0,7912.0,0.0,79120.0,False
2019-01-13 01:23:00,618691.0,626975.9375,626976.0,0.0,8285.0,8285.0,False
2019-01-13 01:24:00,578910.0,622813.0625,622814.0,0.0,43904.0,43904.0,False
2019-01-13 01:25:00,594066.0,618195.8125,618196.0,0.0,24130.0,24130.0,False
2019-01-13 01:26:00,600920.0,612790.5,612791.0,0.0,11871.0,11871.0,False
2019-01-13 01:27:00,578136.0,612392.25,612393.0,0.0,34257.0,34257.0,False
2019-01-13 01:28:00,595878.0,606912.9375,606913.0,0.0,11035.0,11035.0,False
2019-01-13 01:29:00,576898.0,606290.625,606291.0,0.0,29393.0,29393.0,False
2019-01-13 01:30:00,661329.0,593950.125,593951.0,67378.0,0.0,673780.0,False
2019-01-13 01:31:00,606852.0,612664.6875,612665.0,0.0,5813.0,5813.0,False
2019-01-13 01:32:00,606977.0,602858.375,602859.0,4118.0,0.0,41180.0,False
2019-01-13 01:33:00,605835.0,599520.75,599521.0,6314.0,0.0,63140.0,False
2019-01-13 01:34:00,594342.0,589316.375,589317.0,5025.0,0.0,50250.0,False
2019-01-13 01:35:00,614620.0,595451.3125,595452.0,19168.0,0.0,191680.0,False
2019-01-13 01:36:00,607178.0,592281.6875,592282.0,14896.0,0.0,148960.0,False
2019-01-13 01:37:00,604113.0,593643.6875,593644.0,10469.0,0.0,104690.0,False
2019-01-13 01:38:00,584654.0,589587.625,589588.0,0.0,4934.0,4934.0,False
2019-01-13 01:39:00,579568.0,602159.0625,602160.0,0.0,22592.0,22592.0,False
2019-01-13 01:40:00,601653.0,596033.4375,596034.0,5619.0,0.0,56190.0,False
2019-01-13 01:41:00,567176.0,588530.6875,588531.0,0.0,21355.0,21355.0,False
2019-01-13 01:42:00,571170.0,583345.1875,583346.0,0.0,12176.0,12176.0,False
2019-01-13 01:43:00,572672.0,580518.5,580519.0,0.0,7847.0,7847.0,False
2019-01-13 01:44:00,560298.0,578932.9375,578933.0,0.0,18635.0,18635.0,False
2019-01-13 01:45:00,610744.0,577609.5625,577610.0,33134.0,0.0,331340.0,False
2019-01-13 01:46:00,585700.0,583097.25,583098.0,2602.0,0.0,26020.0,False
2019-01-13 01:47:00,578744.0,577026.5,577027.0,1717.0,0.0,17170.0,False
2019-01-13 01:48:00,580815.0,576438.3125,576439.0,4376.0,0.0,43760.0,False
2019-01-13 01:49:00,558552.0,576766.5,576767.0,0.0,18215.0,18215.0,False
2019-01-13 01:50:00,596514.0,569560.1875,569561.0,26953.0,0.0,269530.0,False
2019-01-13 01:51:00,570470.0,574222.875,574223.0,0.0,3753.0,3753.0,False
2019-01-13 01:52:00,581234.0,569337.625,569338.0,11896.0,0.0,118960.0,False
2019-01-13 01:53:00,569687.0,571986.9375,571987.0,0.0,2300.0,2300.0,False
2019-01-13 01:54:00,571309.0,574400.1875,574401.0,0.0,3092.0,3092.0,False
2019-01-13 01:55:00,592011.0,575644.5625,575645.0,16366.0,0.0,163660.0,False
2019-01-13 01:56:00,583745.0,573610.125,573611.0,10134.0,0.0,101340.0,False
2019-01-13 01:57:00,563935.0,575443.875,575444.0,0.0,11509.0,11509.0,False
2019-01-13 01:58:00,576528.0,567938.75,567939.0,8589.0,0.0,85890.0,False
2019-01-13 01:59:00,584116.0,575246.4375,575247.0,8869.0,0.0,88690.0,False
2019-01-13 02:00:00,674300.0,573515.8125,573516.0,100784.0,0.0,1007840.0,False
2019-01-13 02:01:00,623178.0,598604.9375,598605.0,24573.0,0.0,245730.0,False
2019-01-13 02:02:00,609006.0,594733.1875,594734.0,14272.0,0.0,142720.0,False
2019-01-13 02:03:00,622443.0,597030.375,597031.0,25412.0,0.0,254120.0,False
2019-01-13 02:04:00,606621.0,594484.3125,594485.0,12136.0,0.0,121360.0,False
2019-01-13 02:05:00,616410.0,596391.4375,596392.0,20018.0,0.0,200180.0,False
2019-01-13 02:06:00,605972.0,594379.3125,594380.0,11592.0,0.0,115920.0,False
2019-01-13 02:07:00,711288.0,590831.25,590832.0,120456.0,0.0,1204560.0,False
2019-01-13 02:08:00,709972.0,621784.8125,621785.0,88187.0,0.0,881870.0,False
2019-01-13 02:09:00,682465.0,653554.875,653555.0,28910.0,0.0,289100.0,False
2019-01-13 02:10:00,666323.0,663269.0625,663270.0,3053.0,0.0,30530.0,False
2019-01-13 02:11:00,635048.0,638798.9375,638799.0,0.0,3751.0,3751.0,False
2019-01-13 02:12:00,657567.0,630760.0625,630761.0,26806.0,0.0,268060.0,False
2019-01-13 02:13:00,626909.0,629756.9375,629757.0,0.0,2848.0,2848.0,False
2019-01-13 02:14:00,613044.0,617522.0625,617523.0,0.0,4479.0,4479.0,False
2019-01-13 02:15:00,607517.0,607767.9375,607768.0,0.0,251.0,251.0,False
2019-01-13 02:16:00,594893.0,620141.4375,620142.0,0.0,25249.0,25249.0,False
2019-01-13 02:17:00,586111.0,629457.0625,629458.0,0.0,43347.0,43347.0,False
2019-01-13 02:18:00,584980.0,621063.6875,621064.0,0.0,36084.0,36084.0,False
2019-01-13 02:19:00,574588.0,615578.8125,615579.0,0.0,40991.0,40991.0,False
2019-01-13 02:20:00,597116.0,601750.4375,601751.0,0.0,4635.0,4635.0,False
2019-01-13 02:21:00,598254.0,604496.375,604497.0,0.0,6243.0,6243.0,False
2019-01-13 02:22:00,576947.0,599834.5,599835.0,0.0,22888.0,22888.0,False
2019-01-13 02:23:00,560558.0,588798.1875,588799.0,0.0,28241.0,28241.0,False
2019-01-13 02:24:00,563593.0,580577.9375,580578.0,0.0,16985.0,16985.0,False
2019-01-13 02:25:00,578624.0,575356.625,575357.0,3267.0,0.0,32670.0,False
2019-01-13 02:26:00,579467.0,574965.1875,574966.0,4501.0,0.0,45010.0,False
2019-01-13 02:27:00,570708.0,575047.875,575048.0,0.0,4340.0,4340.0,False
2019-01-13 02:28:00,584006.0,571749.9375,571750.0,12256.0,0.0,122560.0,False
2019-01-13 02:29:00,584998.0,575950.5625,575951.0,9047.0,0.0,90470.0,False
2019-01-13 02:30:00,649685.0,577704.875,577705.0,71980.0,0.0,719800.0,False
2019-01-13 02:31:00,619863.0,591034.8125,591035.0,28828.0,0.0,288280.0,False
2019-01-13 02:32:00,578550.0,586632.6875,586633.0,0.0,8083.0,8083.0,False
2019-01-13 02:33:00,600927.0,584192.1875,584193.0,16734.0,0.0,167340.0,False
2019-01-13 02:34:00,580590.0,584837.875,584838.0,0.0,4248.0,4248.0,False
2019-01-13 02:35:00,600271.0,584020.875,584021.0,16250.0,0.0,162500.0,False
2019-01-13 02:36:00,563113.0,586945.625,586946.0,0.0,23833.0,23833.0,False
2019-01-13 02:37:00,566337.0,578013.0625,578014.0,0.0,11677.0,11677.0,False
2019-01-13 02:38:00,559787.0,579028.0625,579029.0,0.0,19242.0,19242.0,False
2019-01-13 02:39:00,562299.0,583862.0625,583863.0,0.0,21564.0,21564.0,False
2019-01-13 02:40:00,600955.0,584955.0625,584956.0,15999.0,0.0,159990.0,False
2019-01-13 02:41:00,571130.0,574826.3125,574827.0,0.0,3697.0,3697.0,False
2019-01-13 02:42:00,541206.0,573638.5625,573639.0,0.0,32433.0,32433.0,False
2019-01-13 02:43:00,559743.0,564891.4375,564892.0,0.0,5149.0,5149.0,False
2019-01-13 02:44:00,574250.0,565563.5625,565564.0,8686.0,0.0,86860.0,False
2019-01-13 02:45:00,589076.0,562037.6875,562038.0,27038.0,0.0,270380.0,False
2019-01-13 02:46:00,570772.0,566254.1875,566255.0,4517.0,0.0,45170.0,False
2019-01-13 02:47:00,577843.0,563372.8125,563373.0,14470.0,0.0,144700.0,False
2019-01-13 02:48:00,588343.0,565928.6875,565929.0,22414.0,0.0,224140.0,False
2019-01-13 02:49:00,571065.0,573400.3125,573401.0,0.0,2336.0,2336.0,False
2019-01-13 02:50:00,576398.0,571257.9375,571258.0,5140.0,0.0,51400.0,False
2019-01-13 02:51:00,575444.0,565734.875,565735.0,9709.0,0.0,97090.0,False
2019-01-13 02:52:00,583331.0,567720.5625,567721.0,15610.0,0.0,156100.0,False
2019-01-13 02:53:00,571932.0,573969.875,573970.0,0.0,2038.0,2038.0,False
2019-01-13 02:54:00,565000.0,574761.0625,574762.0,0.0,9762.0,9762.0,False
2019-01-13 02:55:00,566342.0,571826.5625,571827.0,0.0,5485.0,5485.0,False
2019-01-13 02:56:00,569797.0,569015.125,569016.0,781.0,0.0,7810.0,False
2019-01-13 02:57:00,565885.0,572146.25,572147.0,0.0,6262.0,6262.0,False
2019-01-13 02:58:00,563263.0,567702.875,567703.0,0.0,4440.0,4440.0,False
2019-01-13 02:59:00,579371.0,566219.5625,566220.0,13151.0,0.0,131510.0,False
2019-01-13 03:00:00,684484.0,568013.1875,568014.0,116470.0,0.0,1164700.0,False
2019-01-13 03:01:00,602308.0,595970.5625,595971.0,6337.0,0.0,63370.0,False
2019-01-13 03:02:00,584196.0,587258.0625,587259.0,0.0,3063.0,3063.0,False
2019-01-13 03:03:00,570592.0,586170.0625,586171.0,0.0,15579.0,15579.0,False
2019-01-13 03:04:00,577479.0,572368.9375,572369.0,5110.0,0.0,51100.0,False
2019-01-13 03:05:00,575308.0,579586.5625,579587.0,0.0,4279.0,4279.0,False
2019-01-13 03:06:00,565183.0,575988.8125,575989.0,0.0,10806.0,10806.0,False
2019-01-13 03:07:00,641780.0,572779.5625,572780.0,69000.0,0.0,690000.0,False
2019-01-13 03:08:00,653098.0,586804.4375,586805.0,66293.0,0.0,662930.0,False
2019-01-13 03:09:00,661960.0,621657.4375,621658.0,40302.0,0.0,403020.0,False
2019-01-13 03:10:00,613251.0,627843.1875,627844.0,0.0,14593.0,14593.0,False
2019-01-13 03:11:00,550134.0,602834.8125,602835.0,0.0,52701.0,52701.0,False
2019-01-13 03:12:00,584885.0,588010.6875,588011.0,0.0,3126.0,3126.0,False
2019-01-13 03:13:00,685565.0,587424.125,587425.0,98140.0,0.0,981400.0,False
2019-01-13 03:14:00,684660.0,610660.3125,610661.0,73999.0,0.0,739990.0,False
2019-01-13 03:15:00,615173.0,622672.0625,622673.0,0.0,7500.0,7500.0,False
2019-01-13 03:16:00,578227.0,627010.625,627011.0,0.0,48784.0,48784.0,False
2019-01-13 03:17:00,585410.0,616149.75,616150.0,0.0,30740.0,30740.0,False
2019-01-13 03:18:00,579360.0,615367.4375,615368.0,0.0,36008.0,36008.0,False
2019-01-13 03:19:00,551394.0,604103.4375,604104.0,0.0,52710.0,52710.0,False
2019-01-13 03:20:00,576327.0,575141.4375,575142.0,1185.0,0.0,11850.0,False
2019-01-13 03:21:00,559157.0,573102.75,573103.0,0.0,13946.0,13946.0,False
2019-01-13 03:22:00,556611.0,588585.625,588586.0,0.0,31975.0,31975.0,False
2019-01-13 03:23:00,559494.0,601305.125,601306.0,0.0,41812.0,41812.0,False
2019-01-13 03:24:00,553837.0,580430.5,580431.0,0.0,26594.0,26594.0,False
2019-01-13 03:25:00,562405.0,562049.9375,562050.0,355.0,0.0,3550.0,False
2019-01-13 03:26:00,569908.0,559306.0625,559307.0,10601.0,0.0,106010.0,False
2019-01-13 03:27:00,556760.0,560087.8125,560088.0,0.0,3328.0,3328.0,False
2019-01-13 03:28:00,565964.0,551946.6875,551947.0,14017.0,0.0,140170.0,False
2019-01-13 03:29:00,539937.0,556845.9375,556846.0,0.0,16909.0,16909.0,False
2019-01-13 03:30:00,610193.0,548078.8125,548079.0,62114.0,0.0,621140.0,False
2019-01-13 03:31:00,572476.0,562029.375,562030.0,10446.0,0.0,104460.0,False
2019-01-13 03:32:00,562699.0,555348.3125,555349.0,7350.0,0.0,73500.0,False
2019-01-13 03:33:00,566953.0,560773.1875,560774.0,6179.0,0.0,61790.0,False
2019-01-13 03:34:00,534505.0,554840.3125,554841.0,0.0,20336.0,20336.0,False
2019-01-13 03:35:00,544447.0,554128.0625,554129.0,0.0,9682.0,9682.0,False
2019-01-13 03:36:00,561279.0,550176.5625,550177.0,11102.0,0.0,111020.0,False
2019-01-13 03:37:00,557919.0,551351.5625,551352.0,6567.0,0.0,65670.0,False
2019-01-13 03:38:00,548684.0,547508.4375,547509.0,1175.0,0.0,11750.0,False
2019-01-13 03:39:00,544562.0,555735.1875,555736.0,0.0,11174.0,11174.0,False
2019-01-13 03:40:00,583994.0,549895.8125,549896.0,34098.0,0.0,340980.0,False
2019-01-13 03:41:00,562095.0,551452.25,551453.0,10642.0,0.0,106420.0,False
2019-01-13 03:42:00,553564.0,549185.6875,549186.0,4378.0,0.0,43780.0,False
2019-01-13 03:43:00,549794.0,547842.1875,547843.0,1951.0,0.0,19510.0,False
2019-01-13 03:44:00,568205.0,542568.4375,542569.0,25636.0,0.0,256360.0,False
2019-01-13 03:45:00,576409.0,553140.3125,553141.0,23268.0,0.0,232680.0,False
2019-01-13 03:46:00,564478.0,554109.9375,554110.0,10368.0,0.0,103680.0,False
2019-01-13 03:47:00,562115.0,555700.625,555701.0,6414.0,0.0,64140.0,False
2019-01-13 03:48:00,578601.0,553477.1875,553478.0,25123.0,0.0,251230.0,False
2019-01-13 03:49:00,569954.0,563098.3125,563099.0,6855.0,0.0,68550.0,False
2019-01-13 03:50:00,593605.0,561267.6875,561268.0,32337.0,0.0,323370.0,False
2019-01-13 03:51:00,561041.0,566279.5625,566280.0,0.0,5239.0,5239.0,False
2019-01-13 03:52:00,559153.0,560142.0625,560143.0,0.0,990.0,990.0,False
2019-01-13 03:53:00,568945.0,565616.125,565617.0,3328.0,0.0,33280.0,False
2019-01-13 03:54:00,577332.0,563866.9375,563867.0,13465.0,0.0,134650.0,False
2019-01-13 03:55:00,564350.0,567357.0625,567358.0,0.0,3008.0,3008.0,False
2019-01-13 03:56:00,553468.0,562771.0625,562772.0,0.0,9304.0,9304.0,False
2019-01-13 03:57:00,563696.0,563902.8125,563903.0,0.0,207.0,207.0,False
2019-01-13 03:58:00,547748.0,560777.6875,560778.0,0.0,13030.0,13030.0,False
2019-01-13 03:59:00,552437.0,560637.1875,560638.0,0.0,8201.0,8201.0,False
2019-01-13 04:00:00,669960.0,556081.4375,556082.0,113878.0,0.0,1138780.0,False
2019-01-13 04:01:00,578573.0,577774.125,577775.0,798.0,0.0,7980.0,False
2019-01-13 04:02:00,585354.0,568721.125,568722.0,16632.0,0.0,166320.0,False
2019-01-13 04:03:00,592017.0,577128.4375,577129.0,14888.0,0.0,148880.0,False
2019-01-13 04:04:00,568339.0,564564.9375,564565.0,3774.0,0.0,37740.0,False
2019-01-13 04:05:00,585107.0,569392.5625,569393.0,15714.0,0.0,157140.0,False
2019-01-13 04:06:00,583129.0,570645.4375,570646.0,12483.0,0.0,124830.0,False
2019-01-13 04:07:00,606753.0,569948.375,569949.0,36804.0,0.0,368040.0,False
2019-01-13 04:08:00,574277.0,574451.4375,574452.0,0.0,175.0,175.0,False
2019-01-13 04:09:00,574815.0,595735.0625,595736.0,0.0,20921.0,20921.0,False
2019-01-13 04:10:00,588497.0,585769.5625,585770.0,2727.0,0.0,27270.0,False
2019-01-13 04:11:00,574414.0,576753.5,576754.0,0.0,2340.0,2340.0,False
2019-01-13 04:12:00,577868.0,579215.4375,579216.0,0.0,1348.0,1348.0,False
2019-01-13 04:13:00,584549.0,574605.5625,574606.0,9943.0,0.0,99430.0,False
2019-01-13 04:14:00,573266.0,576579.0625,576580.0,0.0,3314.0,3314.0,False
2019-01-13 04:15:00,598517.0,575409.9375,575410.0,23107.0,0.0,231070.0,False
2019-01-13 04:16:00,580848.0,584067.0625,584068.0,0.0,3220.0,3220.0,False
2019-01-13 04:17:00,585995.0,576683.0625,576684.0,9311.0,0.0,93110.0,False
2019-01-13 04:18:00,576863.0,577903.4375,577904.0,0.0,1041.0,1041.0,False
2019-01-13 04:19:00,583686.0,576597.1875,576598.0,7088.0,0.0,70880.0,False
2019-01-13 04:20:00,587103.0,578060.8125,578061.0,9042.0,0.0,90420.0,False
2019-01-13 04:21:00,596661.0,576835.4375,576836.0,19825.0,0.0,198250.0,False
2019-01-13 04:22:00,576193.0,581558.875,581559.0,0.0,5366.0,5366.0,False
2019-01-13 04:23:00,565917.0,576030.9375,576031.0,0.0,10114.0,10114.0,False
2019-01-13 04:24:00,576604.0,578253.25,578254.0,0.0,1650.0,1650.0,False
2019-01-13 04:25:00,578691.0,575029.9375,575030.0,3661.0,0.0,36610.0,False
2019-01-13 04:26:00,563611.0,576433.0625,576434.0,0.0,12823.0,12823.0,False
2019-01-13 04:27:00,564166.0,571930.5625,571931.0,0.0,7765.0,7765.0,False
2019-01-13 04:28:00,577151.0,570926.8125,570927.0,6224.0,0.0,62240.0,False
2019-01-13 04:29:00,588006.0,571876.1875,571877.0,16129.0,0.0,161290.0,False
2019-01-13 04:30:00,649967.0,577256.125,577257.0,72710.0,0.0,727100.0,False
2019-01-13 04:31:00,606452.0,589454.5625,589455.0,16997.0,0.0,169970.0,False
2019-01-13 04:32:00,608338.0,583134.4375,583135.0,25203.0,0.0,252030.0,False
2019-01-13 04:33:00,617334.0,588987.375,588988.0,28346.0,0.0,283460.0,False
2019-01-13 04:34:00,608066.0,587709.75,587710.0,20356.0,0.0,203560.0,False
2019-01-13 04:35:00,608997.0,589154.5625,589155.0,19842.0,0.0,198420.0,False
2019-01-13 04:36:00,591414.0,588169.4375,588170.0,3244.0,0.0,32440.0,False
2019-01-13 04:37:00,583633.0,586840.9375,586841.0,0.0,3208.0,3208.0,False
2019-01-13 04:38:00,570710.0,586217.0625,586218.0,0.0,15508.0,15508.0,False
2019-01-13 04:39:00,591377.0,595189.75,595190.0,0.0,3813.0,3813.0,False
2019-01-13 04:40:00,618459.0,593042.25,593043.0,25416.0,0.0,254160.0,False
2019-01-13 04:41:00,596596.0,591441.0,591441.0,5155.0,0.0,51550.0,False
2019-01-13 04:42:00,615202.0,592543.0625,592544.0,22658.0,0.0,226580.0,False
2019-01-13 04:43:00,612304.0,595242.5625,595243.0,17061.0,0.0,170610.0,False
2019-01-13 04:44:00,592835.0,593146.1875,593147.0,0.0,312.0,312.0,False
2019-01-13 04:45:00,617545.0,590411.75,590412.0,27133.0,0.0,271330.0,False
2019-01-13 04:46:00,603454.0,590979.0625,590980.0,12474.0,0.0,124740.0,False
2019-01-13 04:47:00,602063.0,586339.4375,586340.0,15723.0,0.0,157230.0,False
2019-01-13 04:48:00,601198.0,590149.5625,590150.0,11048.0,0.0,110480.0,False
2019-01-13 04:49:00,602549.0,593114.8125,593115.0,9434.0,0.0,94340.0,False
2019-01-13 04:50:00,612405.0,591738.0625,591739.0,20666.0,0.0,206660.0,False
2019-01-13 04:51:00,580951.0,594537.4375,594538.0,0.0,13587.0,13587.0,False
2019-01-13 04:52:00,595397.0,591105.4375,591106.0,4291.0,0.0,42910.0,False
2019-01-13 04:53:00,581151.0,588151.9375,588152.0,0.0,7001.0,7001.0,False
2019-01-13 04:54:00,595774.0,586416.9375,586417.0,9357.0,0.0,93570.0,False
2019-01-13 04:55:00,607339.0,589591.875,589592.0,17747.0,0.0,177470.0,False
2019-01-13 04:56:00,592368.0,587415.3125,587416.0,4952.0,0.0,49520.0,False
2019-01-13 04:57:00,599395.0,587752.125,587753.0,11642.0,0.0,116420.0,False
2019-01-13 04:58:00,609048.0,587621.1875,587622.0,21426.0,0.0,214260.0,False
2019-01-13 04:59:00,610804.0,591596.75,591597.0,19207.0,0.0,192070.0,False
2019-01-13 05:00:00,732195.0,589266.0625,589267.0,142928.0,0.0,1429280.0,False
2019-01-13 05:01:00,717513.0,626583.4375,626584.0,90929.0,0.0,909290.0,False
2019-01-13 05:02:00,722563.0,636666.8125,636667.0,85896.0,0.0,858960.0,False
2019-01-13 05:03:00,741830.0,660824.1875,660825.0,81005.0,0.0,810050.0,False
2019-01-13 05:04:00,751019.0,663973.8125,663974.0,87045.0,0.0,870450.0,False
2019-01-13 05:05:00,661808.0,676274.9375,676275.0,0.0,14467.0,14467.0,False
2019-01-13 05:06:00,614473.0,646934.5625,646935.0,0.0,32462.0,32462.0,False
2019-01-13 05:07:00,588127.0,625119.25,625120.0,0.0,36993.0,36993.0,False
2019-01-13 05:08:00,608823.0,590246.125,590247.0,18576.0,0.0,185760.0,False
2019-01-13 05:09:00,627550.0,618086.8125,618087.0,9463.0,0.0,94630.0,False
2019-01-13 05:10:00,645055.0,619909.5625,619910.0,25145.0,0.0,251450.0,False
2019-01-13 05:11:00,608991.0,627358.25,627359.0,0.0,18368.0,18368.0,False
2019-01-13 05:12:00,610630.0,627075.6875,627076.0,0.0,16446.0,16446.0,False
2019-01-13 05:13:00,588124.0,636075.625,636076.0,0.0,47952.0,47952.0,False
2019-01-13 05:14:00,612467.0,618706.4375,618707.0,0.0,6240.0,6240.0,False
2019-01-13 05:15:00,650283.0,610136.5625,610137.0,40146.0,0.0,401460.0,False
2019-01-13 05:16:00,650095.0,603980.375,603981.0,46114.0,0.0,461140.0,False
2019-01-13 05:17:00,767211.0,613877.75,613878.0,153333.0,0.0,1533330.0,False
2019-01-13 05:18:00,710773.0,661832.4375,661833.0,48940.0,0.0,489400.0,False
2019-01-13 05:19:00,758610.0,664852.4375,664853.0,93757.0,0.0,937570.0,False
2019-01-13 05:20:00,709911.0,688202.5625,688203.0,21708.0,0.0,217080.0,False
2019-01-13 05:21:00,637193.0,660138.0625,660139.0,0.0,22946.0,22946.0,False
2019-01-13 05:22:00,621590.0,643098.875,643099.0,0.0,21509.0,21509.0,False
2019-01-13 05:23:00,629886.0,612988.8125,612989.0,16897.0,0.0,168970.0,False
2019-01-13 05:24:00,634318.0,615348.125,615349.0,18969.0,0.0,189690.0,False
2019-01-13 05:25:00,621597.0,608480.3125,608481.0,13116.0,0.0,131160.0,False
2019-01-13 05:26:00,595409.0,635401.375,635402.0,0.0,39993.0,39993.0,False
2019-01-13 05:27:00,602657.0,616236.5625,616237.0,0.0,13580.0,13580.0,False
2019-01-13 05:28:00,621571.0,631658.1875,631659.0,0.0,10088.0,10088.0,False
2019-01-13 05:29:00,601322.0,629573.5,629574.0,0.0,28252.0,28252.0,False
2019-01-13 05:30:00,649869.0,615909.0625,615910.0,33959.0,0.0,339590.0,False
2019-01-13 05:31:00,618667.0,615068.8125,615069.0,3598.0,0.0,35980.0,False
2019-01-13 05:32:00,604085.0,609296.125,609297.0,0.0,5212.0,5212.0,False
2019-01-13 05:33:00,623407.0,612441.8125,612442.0,10965.0,0.0,109650.0,False
2019-01-13 05:34:00,586706.0,607794.6875,607795.0,0.0,21089.0,21089.0,False
2019-01-13 05:35:00,589676.0,595811.5625,595812.0,0.0,6136.0,6136.0,False
2019-01-13 05:36:00,600012.0,594044.0,594044.0,5968.0,0.0,59680.0,False
2019-01-13 05:37:00,586264.0,595258.125,595259.0,0.0,8995.0,8995.0,False
2019-01-13 05:38:00,586200.0,590765.0625,590766.0,0.0,4566.0,4566.0,False
2019-01-13 05:39:00,589201.0,598549.1875,598550.0,0.0,9349.0,9349.0,False
2019-01-13 05:40:00,600267.0,595330.375,595331.0,4936.0,0.0,49360.0,False
2019-01-13 05:41:00,554479.0,588359.4375,588360.0,0.0,33881.0,33881.0,False
2019-01-13 05:42:00,590310.0,583365.0625,583366.0,6944.0,0.0,69440.0,False
2019-01-13 05:43:00,604907.0,583499.0625,583500.0,21407.0,0.0,214070.0,False
2019-01-13 05:44:00,583642.0,580032.625,580033.0,3609.0,0.0,36090.0,False
2019-01-13 05:45:00,608570.0,584385.9375,584386.0,24184.0,0.0,241840.0,False
2019-01-13 05:46:00,617243.0,584223.5625,584224.0,33019.0,0.0,330190.0,False
2019-01-13 05:47:00,646777.0,586976.9375,586977.0,59800.0,0.0,598000.0,False
2019-01-13 05:48:00,614726.0,599178.0625,599179.0,15547.0,0.0,155470.0,False
2019-01-13 05:49:00,604789.0,597746.0625,597747.0,7042.0,0.0,70420.0,False
2019-01-13 05:50:00,639716.0,590826.8125,590827.0,48889.0,0.0,488890.0,False
2019-01-13 05:51:00,622342.0,599490.5625,599491.0,22851.0,0.0,228510.0,False
2019-01-13 05:52:00,613172.0,605309.8125,605310.0,7862.0,0.0,78620.0,False
2019-01-13 05:53:00,604293.0,601325.8125,601326.0,2967.0,0.0,29670.0,False
2019-01-13 05:54:00,605755.0,598368.5625,598369.0,7386.0,0.0,73860.0,False
2019-01-13 05:55:00,616946.0,601193.8125,601194.0,15752.0,0.0,157520.0,False
2019-01-13 05:56:00,595702.0,610692.9375,610693.0,0.0,14991.0,14991.0,False
2019-01-13 05:57:00,605071.0,602236.8125,602237.0,2834.0,0.0,28340.0,False
2019-01-13 05:58:00,605050.0,595240.75,595241.0,9809.0,0.0,98090.0,False
2019-01-13 05:59:00,597568.0,600101.1875,600102.0,0.0,2534.0,2534.0,False
2019-01-13 06:00:00,724660.0,600535.0,600535.0,124125.0,0.0,1241250.0,False
2019-01-13 06:01:00,680876.0,628931.9375,628932.0,51944.0,0.0,519440.0,False
2019-01-13 06:02:00,670435.0,629962.0625,629963.0,40472.0,0.0,404720.0,False
2019-01-13 06:03:00,688069.0,643160.125,643161.0,44908.0,0.0,449080.0,False
2019-01-13 06:04:00,642294.0,642132.1875,642133.0,161.0,0.0,1610.0,False
2019-01-13 06:05:00,753618.0,632283.1875,632284.0,121334.0,0.0,1213340.0,False
2019-01-13 06:06:00,717103.0,666161.3125,666162.0,50941.0,0.0,509410.0,False
2019-01-13 06:07:00,635550.0,657410.6875,657411.0,0.0,21861.0,21861.0,False
2019-01-13 06:08:00,748748.0,640422.0,640422.0,108326.0,0.0,1083260.0,False
2019-01-13 06:09:00,757991.0,682274.0625,682275.0,75716.0,0.0,757160.0,False
2019-01-13 06:10:00,663939.0,695190.1875,695191.0,0.0,31252.0,31252.0,False
2019-01-13 06:11:00,630818.0,676316.4375,676317.0,0.0,45499.0,45499.0,False
2019-01-13 06:12:00,647969.0,647900.8125,647901.0,68.0,0.0,680.0,False
2019-01-13 06:13:00,628734.0,627188.0625,627189.0,1545.0,0.0,15450.0,False
2019-01-13 06:14:00,629535.0,639302.625,639303.0,0.0,9768.0,9768.0,False
2019-01-13 06:15:00,665587.0,638969.3125,638970.0,26617.0,0.0,266170.0,False
2019-01-13 06:16:00,666661.0,621995.5625,621996.0,44665.0,0.0,446650.0,False
2019-01-13 06:17:00,655939.0,651491.9375,651492.0,4447.0,0.0,44470.0,False
2019-01-13 06:18:00,665961.0,668753.25,668754.0,0.0,2793.0,2793.0,False
2019-01-13 06:19:00,616448.0,659245.0625,659246.0,0.0,42798.0,42798.0,False
2019-01-13 06:20:00,627423.0,634337.5,634338.0,0.0,6915.0,6915.0,False
2019-01-13 06:21:00,645704.0,632763.5625,632764.0,12940.0,0.0,129400.0,False
2019-01-13 06:22:00,623887.0,627892.0625,627893.0,0.0,4006.0,4006.0,False
2019-01-13 06:23:00,632912.0,622185.5625,622186.0,10726.0,0.0,107260.0,False
2019-01-13 06:24:00,628671.0,629145.625,629146.0,0.0,475.0,475.0,False
2019-01-13 06:25:00,587226.0,632201.9375,632202.0,0.0,44976.0,44976.0,False
2019-01-13 06:26:00,575169.0,621327.5625,621328.0,0.0,46159.0,46159.0,False
2019-01-13 06:27:00,607609.0,616812.3125,616813.0,0.0,9204.0,9204.0,False
2019-01-13 06:28:00,618213.0,606384.6875,606385.0,11828.0,0.0,118280.0,False
2019-01-13 06:29:00,610797.0,603878.5625,603879.0,6918.0,0.0,69180.0,False
2019-01-13 06:30:00,652365.0,608980.4375,608981.0,43384.0,0.0,433840.0,False
2019-01-13 06:31:00,650507.0,616165.6875,616166.0,34341.0,0.0,343410.0,False
2019-01-13 06:32:00,638787.0,620253.75,620254.0,18533.0,0.0,185330.0,False
2019-01-13 06:33:00,624222.0,625266.25,625267.0,0.0,1045.0,1045.0,False
2019-01-13 06:34:00,616822.0,609459.5625,609460.0,7362.0,0.0,73620.0,False
2019-01-13 06:35:00,639793.0,602676.75,602677.0,37116.0,0.0,371160.0,False
2019-01-13 06:36:00,624149.0,611871.9375,611872.0,12277.0,0.0,122770.0,False
2019-01-13 06:37:00,627433.0,613527.0,613527.0,13906.0,0.0,139060.0,False
2019-01-13 06:38:00,625242.0,612454.4375,612455.0,12787.0,0.0,127870.0,False
2019-01-13 06:39:00,599064.0,618414.5625,618415.0,0.0,19351.0,19351.0,False
2019-01-13 06:40:00,656222.0,618460.6875,618461.0,37761.0,0.0,377610.0,False
2019-01-13 06:41:00,646090.0,627828.0625,627829.0,18261.0,0.0,182610.0,False
2019-01-13 06:42:00,653355.0,623296.875,623297.0,30058.0,0.0,300580.0,False
2019-01-13 06:43:00,655620.0,629171.8125,629172.0,26448.0,0.0,264480.0,False
2019-01-13 06:44:00,636247.0,631059.3125,631060.0,5187.0,0.0,51870.0,False
2019-01-13 06:45:00,664884.0,630421.875,630422.0,34462.0,0.0,344620.0,False
2019-01-13 06:46:00,643296.0,636256.5625,636257.0,7039.0,0.0,70390.0,False
2019-01-13 06:47:00,619513.0,631955.0625,631956.0,0.0,12443.0,12443.0,False
2019-01-13 06:48:00,627254.0,619557.0625,619558.0,7696.0,0.0,76960.0,False
2019-01-13 06:49:00,625217.0,623944.0625,623945.0,1272.0,0.0,12720.0,False
2019-01-13 06:50:00,654182.0,627719.0625,627720.0,26462.0,0.0,264620.0,False
2019-01-13 06:51:00,632116.0,634612.25,634613.0,0.0,2497.0,2497.0,False
2019-01-13 06:52:00,627322.0,632843.875,632844.0,0.0,5522.0,5522.0,False
2019-01-13 06:53:00,654934.0,627904.875,627905.0,27029.0,0.0,270290.0,False
2019-01-13 06:54:00,663369.0,636088.3125,636089.0,27280.0,0.0,272800.0,False
2019-01-13 06:55:00,681755.0,644297.5625,644298.0,37457.0,0.0,374570.0,False
2019-01-13 06:56:00,642385.0,646971.8125,646972.0,0.0,4587.0,4587.0,False
2019-01-13 06:57:00,645706.0,635433.875,635434.0,10272.0,0.0,102720.0,False
2019-01-13 06:58:00,650840.0,635996.0625,635997.0,14843.0,0.0,148430.0,False
2019-01-13 06:59:00,640297.0,638017.5625,638018.0,2279.0,0.0,22790.0,False
2019-01-13 07:00:00,742022.0,637888.9375,637889.0,104133.0,0.0,1041330.0,False
2019-01-13 07:01:00,681416.0,662033.75,662034.0,19382.0,0.0,193820.0,False
2019-01-13 07:02:00,724260.0,657015.4375,657016.0,67244.0,0.0,672440.0,False
2019-01-13 07:03:00,715798.0,687631.6875,687632.0,28166.0,0.0,281660.0,False
2019-01-13 07:04:00,683308.0,682214.0625,682215.0,1093.0,0.0,10930.0,False
2019-01-13 07:05:00,711024.0,679070.4375,679071.0,31953.0,0.0,319530.0,False
2019-01-13 07:06:00,739637.0,669729.8125,669730.0,69907.0,0.0,699070.0,False
2019-01-13 07:07:00,766157.0,680643.875,680644.0,85513.0,0.0,855130.0,False
2019-01-13 07:08:00,746872.0,688499.4375,688500.0,58372.0,0.0,583720.0,False
2019-01-13 07:09:00,759099.0,708126.375,708127.0,50972.0,0.0,509720.0,False
2019-01-13 07:10:00,711834.0,707729.0625,707730.0,4104.0,0.0,41040.0,False
2019-01-13 07:11:00,677521.0,696151.9375,696152.0,0.0,18631.0,18631.0,False
2019-01-13 07:12:00,676539.0,684201.1875,684202.0,0.0,7663.0,7663.0,False
2019-01-13 07:13:00,670000.0,659715.1875,659716.0,10284.0,0.0,102840.0,False
2019-01-13 07:14:00,664100.0,658849.6875,658850.0,5250.0,0.0,52500.0,False
2019-01-13 07:15:00,699742.0,658077.125,658078.0,41664.0,0.0,416640.0,False
2019-01-13 07:16:00,679937.0,677338.9375,677339.0,2598.0,0.0,25980.0,False
2019-01-13 07:17:00,674485.0,670978.8125,670979.0,3506.0,0.0,35060.0,False
2019-01-13 07:18:00,660232.0,683347.6875,683348.0,0.0,23116.0,23116.0,False
2019-01-13 07:19:00,678163.0,668575.1875,668576.0,9587.0,0.0,95870.0,False
2019-01-13 07:20:00,701024.0,671098.4375,671099.0,29925.0,0.0,299250.0,False
2019-01-13 07:21:00,697213.0,675670.5,675671.0,21542.0,0.0,215420.0,False
2019-01-13 07:22:00,719911.0,679273.6875,679274.0,40637.0,0.0,406370.0,False
2019-01-13 07:23:00,732760.0,683006.1875,683007.0,49753.0,0.0,497530.0,False
2019-01-13 07:24:00,676096.0,697108.3125,697109.0,0.0,21013.0,21013.0,False
2019-01-13 07:25:00,660739.0,681992.375,681993.0,0.0,21254.0,21254.0,False
2019-01-13 07:26:00,656548.0,669115.5625,669116.0,0.0,12568.0,12568.0,False
2019-01-13 07:27:00,648827.0,651050.3125,651051.0,0.0,2224.0,2224.0,False
2019-01-13 07:28:00,653967.0,647084.25,647085.0,6882.0,0.0,68820.0,False
2019-01-13 07:29:00,665825.0,649148.4375,649149.0,16676.0,0.0,166760.0,False
2019-01-13 07:30:00,734432.0,650399.6875,650400.0,84032.0,0.0,840320.0,False
2019-01-13 07:31:00,702256.0,683001.0625,683002.0,19254.0,0.0,192540.0,False
2019-01-13 07:32:00,711253.0,689928.6875,689929.0,21324.0,0.0,213240.0,False
2019-01-13 07:33:00,718298.0,692833.125,692834.0,25464.0,0.0,254640.0,False
2019-01-13 07:34:00,671347.0,683787.6875,683788.0,0.0,12441.0,12441.0,False
2019-01-13 07:35:00,683693.0,671623.0625,671624.0,12069.0,0.0,120690.0,False
2019-01-13 07:36:00,667702.0,663979.75,663980.0,3722.0,0.0,37220.0,False
2019-01-13 07:37:00,670895.0,649483.875,649484.0,21411.0,0.0,214110.0,False
2019-01-13 07:38:00,670731.0,652553.875,652554.0,18177.0,0.0,181770.0,False
2019-01-13 07:39:00,651978.0,665715.75,665716.0,0.0,13738.0,13738.0,False
2019-01-13 07:40:00,719251.0,657897.6875,657898.0,61353.0,0.0,613530.0,False
2019-01-13 07:41:00,737523.0,679670.375,679671.0,57852.0,0.0,578520.0,False
2019-01-13 07:42:00,734237.0,696368.1875,696369.0,37868.0,0.0,378680.0,False
2019-01-13 07:43:00,672000.0,701300.1875,701301.0,0.0,29301.0,29301.0,False
2019-01-13 07:44:00,693397.0,678361.4375,678362.0,15035.0,0.0,150350.0,False
2019-01-13 07:45:00,701556.0,678592.4375,678593.0,22963.0,0.0,229630.0,False
2019-01-13 07:46:00,692926.0,671098.6875,671099.0,21827.0,0.0,218270.0,False
2019-01-13 07:47:00,704645.0,674382.4375,674383.0,30262.0,0.0,302620.0,False
2019-01-13 07:48:00,702494.0,663177.3125,663178.0,39316.0,0.0,393160.0,False
2019-01-13 07:49:00,673073.0,674355.1875,674356.0,0.0,1283.0,1283.0,False
2019-01-13 07:50:00,718088.0,676749.0,676749.0,41339.0,0.0,413390.0,False
2019-01-13 07:51:00,671484.0,692075.3125,692076.0,0.0,20592.0,20592.0,False
2019-01-13 07:52:00,698860.0,666476.8125,666477.0,32383.0,0.0,323830.0,False
2019-01-13 07:53:00,681303.0,679767.3125,679768.0,1535.0,0.0,15350.0,False
2019-01-13 07:54:00,663596.0,668425.1875,668426.0,0.0,4830.0,4830.0,False
2019-01-13 07:55:00,686195.0,668215.9375,668216.0,17979.0,0.0,179790.0,False
2019-01-13 07:56:00,684849.0,669523.9375,669524.0,15325.0,0.0,153250.0,False
2019-01-13 07:57:00,687237.0,673453.375,673454.0,13783.0,0.0,137830.0,False
2019-01-13 07:58:00,690380.0,671384.3125,671385.0,18995.0,0.0,189950.0,False
2019-01-13 07:59:00,675470.0,680452.625,680453.0,0.0,4983.0,4983.0,False
2019-01-13 08:00:00,761153.0,670594.9375,670595.0,90558.0,0.0,905580.0,False
2019-01-13 08:01:00,760333.0,702150.0625,702151.0,58182.0,0.0,581820.0,False
2019-01-13 08:02:00,764895.0,707571.1875,707572.0,57323.0,0.0,573230.0,False
2019-01-13 08:03:00,771924.0,715629.5,715630.0,56294.0,0.0,562940.0,False
2019-01-13 08:04:00,704353.0,715220.8125,715221.0,0.0,10868.0,10868.0,False
2019-01-13 08:05:00,704053.0,699620.4375,699621.0,4432.0,0.0,44320.0,False
2019-01-13 08:06:00,713287.0,690135.1875,690136.0,23151.0,0.0,231510.0,False
2019-01-13 08:07:00,731357.0,678961.25,678962.0,52395.0,0.0,523950.0,False
2019-01-13 08:08:00,744953.0,680277.5625,680278.0,64675.0,0.0,646750.0,False
2019-01-13 08:09:00,754108.0,699201.3125,699202.0,54906.0,0.0,549060.0,False
2019-01-13 08:10:00,772037.0,708062.8125,708063.0,63974.0,0.0,639740.0,False
2019-01-13 08:11:00,747431.0,717582.6875,717583.0,29848.0,0.0,298480.0,False
2019-01-13 08:12:00,717670.0,720417.0625,720418.0,0.0,2748.0,2748.0,False
2019-01-13 08:13:00,679838.0,698901.25,698902.0,0.0,19064.0,19064.0,False
2019-01-13 08:14:00,681592.0,675005.0625,675006.0,6586.0,0.0,65860.0,False
2019-01-13 08:15:00,686841.0,668582.6875,668583.0,18258.0,0.0,182580.0,False
2019-01-13 08:16:00,684786.0,666910.8125,666911.0,17875.0,0.0,178750.0,False
2019-01-13 08:17:00,682564.0,670470.5625,670471.0,12093.0,0.0,120930.0,False
2019-01-13 08:18:00,690881.0,671133.25,671134.0,19747.0,0.0,197470.0,False
2019-01-13 08:19:00,674680.0,682236.9375,682237.0,0.0,7557.0,7557.0,False
2019-01-13 08:20:00,706845.0,678030.0625,678031.0,28814.0,0.0,288140.0,False
2019-01-13 08:21:00,683761.0,687284.8125,687285.0,0.0,3524.0,3524.0,False
2019-01-13 08:22:00,680013.0,675468.1875,675469.0,4544.0,0.0,45440.0,False
2019-01-13 08:23:00,675072.0,676540.8125,676541.0,0.0,1469.0,1469.0,False
2019-01-13 08:24:00,646895.0,669316.1875,669317.0,0.0,22422.0,22422.0,False
2019-01-13 08:25:00,654577.0,661036.8125,661037.0,0.0,6460.0,6460.0,False
2019-01-13 08:26:00,636931.0,656337.0625,656338.0,0.0,19407.0,19407.0,False
2019-01-13 08:27:00,634606.0,647538.5625,647539.0,0.0,12933.0,12933.0,False
2019-01-13 08:28:00,666021.0,642871.0,642871.0,23150.0,0.0,231500.0,False
2019-01-13 08:29:00,662739.0,653003.5625,653004.0,9735.0,0.0,97350.0,False
2019-01-13 08:30:00,717914.0,655964.75,655965.0,61949.0,0.0,619490.0,False
2019-01-13 08:31:00,681754.0,678404.625,678405.0,3349.0,0.0,33490.0,False
2019-01-13 08:32:00,688419.0,671545.3125,671546.0,16873.0,0.0,168730.0,False
2019-01-13 08:33:00,711021.0,674987.125,674988.0,36033.0,0.0,360330.0,False
2019-01-13 08:34:00,664188.0,672246.125,672247.0,0.0,8059.0,8059.0,False
2019-01-13 08:35:00,675517.0,662502.9375,662503.0,13014.0,0.0,130140.0,False
2019-01-13 08:36:00,653866.0,654699.25,654700.0,0.0,834.0,834.0,False
2019-01-13 08:37:00,656281.0,647166.1875,647167.0,9114.0,0.0,91140.0,False
2019-01-13 08:38:00,667644.0,651081.9375,651082.0,16562.0,0.0,165620.0,False
2019-01-13 08:39:00,659059.0,660164.375,660165.0,0.0,1106.0,1106.0,False
2019-01-13 08:40:00,663593.0,657790.8125,657791.0,5802.0,0.0,58020.0,False
2019-01-13 08:41:00,652064.0,658251.1875,658252.0,0.0,6188.0,6188.0,False
2019-01-13 08:42:00,642851.0,661133.0625,661134.0,0.0,18283.0,18283.0,False
2019-01-13 08:43:00,635537.0,650968.1875,650969.0,0.0,15432.0,15432.0,False
2019-01-13 08:44:00,653078.0,644517.5625,644518.0,8560.0,0.0,85600.0,False
2019-01-13 08:45:00,696703.0,644980.1875,644981.0,51722.0,0.0,517220.0,False
2019-01-13 08:46:00,653622.0,655085.5,655086.0,0.0,1464.0,1464.0,False
2019-01-13 08:47:00,652582.0,653235.8125,653236.0,0.0,654.0,654.0,False
2019-01-13 08:48:00,666861.0,653535.1875,653536.0,13325.0,0.0,133250.0,False
2019-01-13 08:49:00,639711.0,650543.5625,650544.0,0.0,10833.0,10833.0,False
2019-01-13 08:50:00,685406.0,647014.6875,647015.0,38391.0,0.0,383910.0,False
2019-01-13 08:51:00,639091.0,654775.5625,654776.0,0.0,15685.0,15685.0,False
2019-01-13 08:52:00,628407.0,635415.375,635416.0,0.0,7009.0,7009.0,False
2019-01-13 08:53:00,643458.0,637049.5,637050.0,6408.0,0.0,64080.0,False
2019-01-13 08:54:00,662695.0,642010.3125,642011.0,20684.0,0.0,206840.0,False
2019-01-13 08:55:00,666477.0,649470.5625,649471.0,17006.0,0.0,170060.0,False
2019-01-13 08:56:00,654261.0,647328.25,647329.0,6932.0,0.0,69320.0,False
2019-01-13 08:57:00,661425.0,650300.6875,650301.0,11124.0,0.0,111240.0,False
2019-01-13 08:58:00,660900.0,646713.875,646714.0,14186.0,0.0,141860.0,False
2019-01-13 08:59:00,639730.0,653935.75,653936.0,0.0,14206.0,14206.0,False
2019-01-13 09:00:00,725493.0,646808.25,646809.0,78684.0,0.0,786840.0,False
2019-01-13 09:01:00,683483.0,661521.9375,661522.0,21961.0,0.0,219610.0,False
2019-01-13 09:02:00,678966.0,654994.8125,654995.0,23971.0,0.0,239710.0,False
2019-01-13 09:03:00,663831.0,670978.75,670979.0,0.0,7148.0,7148.0,False
2019-01-13 09:04:00,655216.0,658085.9375,658086.0,0.0,2870.0,2870.0,False
2019-01-13 09:05:00,720038.0,657751.0,657751.0,62287.0,0.0,622870.0,False
2019-01-13 09:06:00,786788.0,670185.6875,670186.0,116602.0,0.0,1166020.0,True
2019-01-13 09:07:00,748748.0,701082.6875,701083.0,47665.0,0.0,476650.0,False
2019-01-13 09:08:00,764754.0,693922.875,693923.0,70831.0,0.0,708310.0,False
2019-01-13 09:09:00,647056.0,719178.625,719179.0,0.0,72123.0,72123.0,False
2019-01-13 09:10:00,704455.0,675773.4375,675774.0,28681.0,0.0,286810.0,False
2019-01-13 09:11:00,669764.0,686846.0625,686847.0,0.0,17083.0,17083.0,False
2019-01-13 09:12:00,632930.0,650993.4375,650994.0,0.0,18064.0,18064.0,False
2019-01-13 09:13:00,674175.0,640941.6875,640942.0,33233.0,0.0,332330.0,False
2019-01-13 09:14:00,663569.0,640696.625,640697.0,22872.0,0.0,228720.0,False
2019-01-13 09:15:00,684839.0,666806.1875,666807.0,18032.0,0.0,180320.0,False
2019-01-13 09:16:00,672323.0,671237.1875,671238.0,1085.0,0.0,10850.0,False
2019-01-13 09:17:00,657420.0,677549.8125,677550.0,0.0,20130.0,20130.0,False
2019-01-13 09:18:00,656588.0,658837.4375,658838.0,0.0,2250.0,2250.0,False
2019-01-13 09:19:00,649600.0,657812.4375,657813.0,0.0,8213.0,8213.0,False
2019-01-13 09:20:00,679858.0,658036.8125,658037.0,21821.0,0.0,218210.0,False
2019-01-13 09:21:00,645161.0,653329.1875,653330.0,0.0,8169.0,8169.0,False
2019-01-13 09:22:00,661858.0,647378.9375,647379.0,14479.0,0.0,144790.0,False
2019-01-13 09:23:00,645617.0,657319.5,657320.0,0.0,11703.0,11703.0,False
2019-01-13 09:24:00,631846.0,649254.6875,649255.0,0.0,17409.0,17409.0,False
2019-01-13 09:25:00,636462.0,650437.9375,650438.0,0.0,13976.0,13976.0,False
2019-01-13 09:26:00,656958.0,638001.8125,638002.0,18956.0,0.0,189560.0,False
2019-01-13 09:27:00,650967.0,642382.4375,642383.0,8584.0,0.0,85840.0,False
2019-01-13 09:28:00,650560.0,639300.0625,639301.0,11259.0,0.0,112590.0,False
2019-01-13 09:29:00,624244.0,648714.5625,648715.0,0.0,24471.0,24471.0,False
2019-01-13 09:30:00,680369.0,635364.25,635365.0,45004.0,0.0,450040.0,False
2019-01-13 09:31:00,662725.0,650657.0625,650658.0,12067.0,0.0,120670.0,False
2019-01-13 09:32:00,631987.0,648456.75,648457.0,0.0,16470.0,16470.0,False
2019-01-13 09:33:00,619847.0,640841.875,640842.0,0.0,20995.0,20995.0,False
2019-01-13 09:34:00,621276.0,623540.25,623541.0,0.0,2265.0,2265.0,False
2019-01-13 09:35:00,627818.0,627351.5,627352.0,466.0,0.0,4660.0,False
2019-01-13 09:36:00,618962.0,628098.6875,628099.0,0.0,9137.0,9137.0,False
2019-01-13 09:37:00,613680.0,623873.1875,623874.0,0.0,10194.0,10194.0,False
2019-01-13 09:38:00,630366.0,611263.9375,611264.0,19102.0,0.0,191020.0,False
2019-01-13 09:39:00,620035.0,623874.6875,623875.0,0.0,3840.0,3840.0,False
2019-01-13 09:40:00,661631.0,627777.875,627778.0,33853.0,0.0,338530.0,False
2019-01-13 09:41:00,638480.0,631742.5625,631743.0,6737.0,0.0,67370.0,False
2019-01-13 09:42:00,639565.0,620492.5,620493.0,19072.0,0.0,190720.0,False
2019-01-13 09:43:00,618730.0,624672.625,624673.0,0.0,5943.0,5943.0,False
2019-01-13 09:44:00,638657.0,615639.6875,615640.0,23017.0,0.0,230170.0,False
2019-01-13 09:45:00,666555.0,621108.125,621109.0,45446.0,0.0,454460.0,False
2019-01-13 09:46:00,650571.0,625844.1875,625845.0,24726.0,0.0,247260.0,False
2019-01-13 09:47:00,643882.0,633102.9375,633103.0,10779.0,0.0,107790.0,False
2019-01-13 09:48:00,633464.0,630478.625,630479.0,2985.0,0.0,29850.0,False
2019-01-13 09:49:00,644343.0,633088.6875,633089.0,11254.0,0.0,112540.0,False
2019-01-13 09:50:00,667301.0,636942.125,636943.0,30358.0,0.0,303580.0,False
2019-01-13 09:51:00,624309.0,640219.0,640219.0,0.0,15910.0,15910.0,False
2019-01-13 09:52:00,649056.0,627060.3125,627061.0,21995.0,0.0,219950.0,False
2019-01-13 09:53:00,639491.0,632434.1875,632435.0,7056.0,0.0,70560.0,False
2019-01-13 09:54:00,635086.0,635429.5625,635430.0,0.0,344.0,344.0,False
2019-01-13 09:55:00,653897.0,640468.0,640468.0,13429.0,0.0,134290.0,False
2019-01-13 09:56:00,638593.0,637049.6875,637050.0,1543.0,0.0,15430.0,False
2019-01-13 09:57:00,628351.0,631727.3125,631728.0,0.0,3377.0,3377.0,False
2019-01-13 09:58:00,623419.0,629609.8125,629610.0,0.0,6191.0,6191.0,False
2019-01-13 09:59:00,618989.0,631628.0,631628.0,0.0,12639.0,12639.0,False
2019-01-13 10:00:00,737398.0,622590.625,622591.0,114807.0,0.0,1148070.0,False
2019-01-13 10:01:00,711902.0,656222.1875,656223.0,55679.0,0.0,556790.0,False
2019-01-13 10:02:00,708427.0,661785.4375,661786.0,46641.0,0.0,466410.0,False
2019-01-13 10:03:00,716722.0,674802.1875,674803.0,41919.0,0.0,419190.0,False
2019-01-13 10:04:00,688071.0,671313.8125,671314.0,16757.0,0.0,167570.0,False
2019-01-13 10:05:00,717242.0,669920.1875,669921.0,47321.0,0.0,473210.0,False
2019-01-13 10:06:00,730550.0,668471.0625,668472.0,62078.0,0.0,620780.0,False
2019-01-13 10:07:00,715374.0,667928.375,667929.0,47445.0,0.0,474450.0,False
2019-01-13 10:08:00,690267.0,659955.0,659955.0,30312.0,0.0,303120.0,False
2019-01-13 10:09:00,721792.0,676573.375,676574.0,45218.0,0.0,452180.0,False
2019-01-13 10:10:00,683737.0,685729.6875,685730.0,0.0,1993.0,1993.0,False
2019-01-13 10:11:00,655956.0,673404.6875,673405.0,0.0,17449.0,17449.0,False
2019-01-13 10:12:00,637158.0,667369.4375,667370.0,0.0,30212.0,30212.0,False
2019-01-13 10:13:00,645805.0,642134.375,642135.0,3670.0,0.0,36700.0,False
2019-01-13 10:14:00,634407.0,645423.9375,645424.0,0.0,11017.0,11017.0,False
2019-01-13 10:15:00,658724.0,642869.8125,642870.0,15854.0,0.0,158540.0,False
2019-01-13 10:16:00,651573.0,649654.8125,649655.0,1918.0,0.0,19180.0,False
2019-01-13 10:17:00,623285.0,643302.5,643303.0,0.0,20018.0,20018.0,False
2019-01-13 10:18:00,650483.0,649201.125,649202.0,1281.0,0.0,12810.0,False
2019-01-13 10:19:00,641362.0,647433.3125,647434.0,0.0,6072.0,6072.0,False
2019-01-13 10:20:00,658398.0,641412.3125,641413.0,16985.0,0.0,169850.0,False
2019-01-13 10:21:00,637255.0,642213.75,642214.0,0.0,4959.0,4959.0,False
2019-01-13 10:22:00,636686.0,633512.9375,633513.0,3173.0,0.0,31730.0,False
2019-01-13 10:23:00,630693.0,632969.5,632970.0,0.0,2277.0,2277.0,False
2019-01-13 10:24:00,615430.0,630784.9375,630785.0,0.0,15355.0,15355.0,False
2019-01-13 10:25:00,645330.0,630324.1875,630325.0,15005.0,0.0,150050.0,False
2019-01-13 10:26:00,626160.0,625462.0625,625463.0,697.0,0.0,6970.0,False
2019-01-13 10:27:00,623951.0,623830.125,623831.0,120.0,0.0,1200.0,False
2019-01-13 10:28:00,613952.0,625569.875,625570.0,0.0,11618.0,11618.0,False
2019-01-13 10:29:00,628236.0,621323.3125,621324.0,6912.0,0.0,69120.0,False
2019-01-13 10:30:00,683336.0,623279.9375,623280.0,60056.0,0.0,600560.0,False
2019-01-13 10:31:00,632697.0,635168.8125,635169.0,0.0,2472.0,2472.0,False
2019-01-13 10:32:00,622805.0,629492.6875,629493.0,0.0,6688.0,6688.0,False
2019-01-13 10:33:00,617582.0,622627.0625,622628.0,0.0,5046.0,5046.0,False
2019-01-13 10:34:00,612783.0,616578.125,616579.0,0.0,3796.0,3796.0,False
2019-01-13 10:35:00,627331.0,616683.1875,616684.0,10647.0,0.0,106470.0,False
2019-01-13 10:36:00,610515.0,614162.0,614162.0,0.0,3647.0,3647.0,False
2019-01-13 10:37:00,611329.0,605212.75,605213.0,6116.0,0.0,61160.0,False
2019-01-13 10:38:00,647618.0,605233.6875,605234.0,42384.0,0.0,423840.0,False
2019-01-13 10:39:00,622119.0,627861.75,627862.0,0.0,5743.0,5743.0,False
2019-01-13 10:40:00,679992.0,623209.9375,623210.0,56782.0,0.0,567820.0,False
2019-01-13 10:41:00,652364.0,632560.375,632561.0,19803.0,0.0,198030.0,False
2019-01-13 10:42:00,655902.0,625762.1875,625763.0,30139.0,0.0,301390.0,False
2019-01-13 10:43:00,633635.0,634966.4375,634967.0,0.0,1332.0,1332.0,False
2019-01-13 10:44:00,637382.0,624619.875,624620.0,12762.0,0.0,127620.0,False
2019-01-13 10:45:00,669323.0,626134.625,626135.0,43188.0,0.0,431880.0,False
2019-01-13 10:46:00,631715.0,629003.3125,629004.0,2711.0,0.0,27110.0,False
2019-01-13 10:47:00,636388.0,633431.8125,633432.0,2956.0,0.0,29560.0,False
2019-01-13 10:48:00,620846.0,629869.6875,629870.0,0.0,9024.0,9024.0,False
2019-01-13 10:49:00,629942.0,629815.75,629816.0,126.0,0.0,1260.0,False
2019-01-13 10:50:00,650769.0,635494.25,635495.0,15274.0,0.0,152740.0,False
2019-01-13 10:51:00,626510.0,635348.8125,635349.0,0.0,8839.0,8839.0,False
2019-01-13 10:52:00,632854.0,627722.9375,627723.0,5131.0,0.0,51310.0,False
2019-01-13 10:53:00,625060.0,624462.5625,624463.0,597.0,0.0,5970.0,False
2019-01-13 10:54:00,621117.0,628476.9375,628477.0,0.0,7360.0,7360.0,False
2019-01-13 10:55:00,639438.0,625114.125,625115.0,14323.0,0.0,143230.0,False
2019-01-13 10:56:00,611415.0,622797.9375,622798.0,0.0,11383.0,11383.0,False
2019-01-13 10:57:00,627507.0,613066.8125,613067.0,14440.0,0.0,144400.0,False
2019-01-13 10:58:00,609230.0,615993.8125,615994.0,0.0,6764.0,6764.0,False
2019-01-13 10:59:00,614930.0,614768.8125,614769.0,161.0,0.0,1610.0,False
2019-01-13 11:00:00,725337.0,614892.0625,614893.0,110444.0,0.0,1104440.0,False
2019-01-13 11:01:00,682411.0,641275.8125,641276.0,41135.0,0.0,411350.0,False
2019-01-13 11:02:00,663537.0,643546.375,643547.0,19990.0,0.0,199900.0,False
2019-01-13 11:03:00,642260.0,648225.625,648226.0,0.0,5966.0,5966.0,False
2019-01-13 11:04:00,629967.0,633143.4375,633144.0,0.0,3177.0,3177.0,False
2019-01-13 11:05:00,648462.0,626099.75,626100.0,22362.0,0.0,223620.0,False
2019-01-13 11:06:00,714068.0,625026.875,625027.0,89041.0,0.0,890410.0,False
2019-01-13 11:07:00,720571.0,644041.25,644042.0,76529.0,0.0,765290.0,False
2019-01-13 11:08:00,684048.0,650980.0625,650981.0,33067.0,0.0,330670.0,False
2019-01-13 11:09:00,727708.0,677627.375,677628.0,50080.0,0.0,500800.0,False
2019-01-13 11:10:00,690386.0,689882.0625,689883.0,503.0,0.0,5030.0,False
2019-01-13 11:11:00,630915.0,676850.9375,676851.0,0.0,45936.0,45936.0,False
2019-01-13 11:12:00,627798.0,652728.25,652729.0,0.0,24931.0,24931.0,False
2019-01-13 11:13:00,635876.0,624438.4375,624439.0,11437.0,0.0,114370.0,False
2019-01-13 11:14:00,636610.0,616809.6875,616810.0,19800.0,0.0,198000.0,False
2019-01-13 11:15:00,659786.0,633523.5625,633524.0,26262.0,0.0,262620.0,False
2019-01-13 11:16:00,635159.0,646045.75,646046.0,0.0,10887.0,10887.0,False
2019-01-13 11:17:00,617394.0,636134.3125,636135.0,0.0,18741.0,18741.0,False
2019-01-13 11:18:00,621548.0,643529.5,643530.0,0.0,21982.0,21982.0,False
2019-01-13 11:19:00,606165.0,636924.0625,636925.0,0.0,30760.0,30760.0,False
2019-01-13 11:20:00,655294.0,621916.125,621917.0,33377.0,0.0,333770.0,False
2019-01-13 11:21:00,635518.0,623703.5625,623704.0,11814.0,0.0,118140.0,False
2019-01-13 11:22:00,621572.0,622031.6875,622032.0,0.0,460.0,460.0,False
2019-01-13 11:23:00,619903.0,623344.75,623345.0,0.0,3442.0,3442.0,False
2019-01-13 11:24:00,601904.0,622536.375,622537.0,0.0,20633.0,20633.0,False
2019-01-13 11:25:00,620051.0,617479.375,617480.0,2571.0,0.0,25710.0,False
2019-01-13 11:26:00,601785.0,610212.125,610213.0,0.0,8428.0,8428.0,False
2019-01-13 11:27:00,604609.0,602979.125,602980.0,1629.0,0.0,16290.0,False
2019-01-13 11:28:00,602073.0,599084.5625,599085.0,2988.0,0.0,29880.0,False
2019-01-13 11:29:00,606733.0,605194.125,605195.0,1538.0,0.0,15380.0,False
2019-01-13 11:30:00,685358.0,609032.75,609033.0,76325.0,0.0,763250.0,False
2019-01-13 11:31:00,635989.0,621806.9375,621807.0,14182.0,0.0,141820.0,False
2019-01-13 11:32:00,614652.0,618180.6875,618181.0,0.0,3529.0,3529.0,False
2019-01-13 11:33:00,626400.0,612932.1875,612933.0,13467.0,0.0,134670.0,False
2019-01-13 11:34:00,619131.0,607458.5625,607459.0,11672.0,0.0,116720.0,False
2019-01-13 11:35:00,623925.0,606752.5625,606753.0,17172.0,0.0,171720.0,False
2019-01-13 11:36:00,604437.0,607573.375,607574.0,0.0,3137.0,3137.0,False
2019-01-13 11:37:00,603052.0,599327.9375,599328.0,3724.0,0.0,37240.0,False
2019-01-13 11:38:00,598172.0,596867.4375,596868.0,1304.0,0.0,13040.0,False
2019-01-13 11:39:00,598896.0,612464.3125,612465.0,0.0,13569.0,13569.0,False
2019-01-13 11:40:00,638908.0,612283.3125,612284.0,26624.0,0.0,266240.0,False
2019-01-13 11:41:00,598256.0,606527.9375,606528.0,0.0,8272.0,8272.0,False
2019-01-13 11:42:00,648457.0,599793.3125,599794.0,48663.0,0.0,486630.0,False
2019-01-13 11:43:00,638380.0,613569.1875,613570.0,24810.0,0.0,248100.0,False
2019-01-13 11:44:00,627501.0,611567.5625,611568.0,15933.0,0.0,159330.0,False
2019-01-13 11:45:00,657588.0,613795.0625,613796.0,43792.0,0.0,437920.0,False
2019-01-13 11:46:00,648007.0,615702.0625,615703.0,32304.0,0.0,323040.0,False
2019-01-13 11:47:00,629666.0,619213.6875,619214.0,10452.0,0.0,104520.0,False
2019-01-13 11:48:00,636926.0,617221.125,617222.0,19704.0,0.0,197040.0,False
2019-01-13 11:49:00,638593.0,624690.0,624690.0,13903.0,0.0,139030.0,False
2019-01-13 11:50:00,652785.0,618327.3125,618328.0,34457.0,0.0,344570.0,False
2019-01-13 11:51:00,620515.0,632110.6875,632111.0,0.0,11596.0,11596.0,False
2019-01-13 11:52:00,623563.0,627944.0625,627945.0,0.0,4382.0,4382.0,False
2019-01-13 11:53:00,624070.0,621322.1875,621323.0,2747.0,0.0,27470.0,False
2019-01-13 11:54:00,629549.0,623178.125,623179.0,6370.0,0.0,63700.0,False
2019-01-13 11:55:00,630790.0,628464.6875,628465.0,2325.0,0.0,23250.0,False
2019-01-13 11:56:00,616685.0,621345.6875,621346.0,0.0,4661.0,4661.0,False
2019-01-13 11:57:00,611822.0,616261.5625,616262.0,0.0,4440.0,4440.0,False
2019-01-13 11:58:00,633042.0,614854.875,614855.0,18187.0,0.0,181870.0,False
2019-01-13 11:59:00,618982.0,621921.8125,621922.0,0.0,2940.0,2940.0,False
2019-01-13 12:00:00,738557.0,614725.6875,614726.0,123831.0,0.0,1238310.0,False
2019-01-13 12:01:00,671612.0,647558.375,647559.0,24053.0,0.0,240530.0,False
2019-01-13 12:02:00,678134.0,639311.8125,639312.0,38822.0,0.0,388220.0,False
2019-01-13 12:03:00,687847.0,657441.8125,657442.0,30405.0,0.0,304050.0,False
2019-01-13 12:04:00,650508.0,648005.25,648006.0,2502.0,0.0,25020.0,False
2019-01-13 12:05:00,705419.0,644384.0625,644385.0,61034.0,0.0,610340.0,False
2019-01-13 12:06:00,733421.0,651266.0625,651267.0,82154.0,0.0,821540.0,False
2019-01-13 12:07:00,714910.0,665387.8125,665388.0,49522.0,0.0,495220.0,False
2019-01-13 12:08:00,724544.0,667159.6875,667160.0,57384.0,0.0,573840.0,False
2019-01-13 12:09:00,688445.0,695982.375,695983.0,0.0,7538.0,7538.0,False
2019-01-13 12:10:00,671089.0,679399.625,679400.0,0.0,8311.0,8311.0,False
2019-01-13 12:11:00,636488.0,670048.3125,670049.0,0.0,33561.0,33561.0,False
2019-01-13 12:12:00,632173.0,651898.3125,651899.0,0.0,19726.0,19726.0,False
2019-01-13 12:13:00,623120.0,632872.1875,632873.0,0.0,9753.0,9753.0,False
2019-01-13 12:14:00,646911.0,625464.8125,625465.0,21446.0,0.0,214460.0,False
2019-01-13 12:15:00,664692.0,643464.625,643465.0,21227.0,0.0,212270.0,False
2019-01-13 12:16:00,682082.0,645763.6875,645764.0,36318.0,0.0,363180.0,False
2019-01-13 12:17:00,686672.0,666210.4375,666211.0,20461.0,0.0,204610.0,False
2019-01-13 12:18:00,685927.0,669324.375,669325.0,16602.0,0.0,166020.0,False
2019-01-13 12:19:00,648205.0,673188.0,673188.0,0.0,24983.0,24983.0,False
2019-01-13 12:20:00,668319.0,653596.125,653597.0,14722.0,0.0,147220.0,False
2019-01-13 12:21:00,634727.0,650243.75,650244.0,0.0,15517.0,15517.0,False
2019-01-13 12:22:00,629726.0,631364.8125,631365.0,0.0,1639.0,1639.0,False
2019-01-13 12:23:00,639412.0,633012.5,633013.0,6399.0,0.0,63990.0,False
2019-01-13 12:24:00,631580.0,630638.1875,630639.0,941.0,0.0,9410.0,False
2019-01-13 12:25:00,670933.0,638477.5625,638478.0,32455.0,0.0,324550.0,False
2019-01-13 12:26:00,644529.0,650787.0625,650788.0,0.0,6259.0,6259.0,False
2019-01-13 12:27:00,604407.0,649681.3125,649682.0,0.0,45275.0,45275.0,False
2019-01-13 12:28:00,627967.0,633985.6875,633986.0,0.0,6019.0,6019.0,False
2019-01-13 12:29:00,627388.0,630776.6875,630777.0,0.0,3389.0,3389.0,False
2019-01-13 12:30:00,673660.0,626433.5625,626434.0,47226.0,0.0,472260.0,False
2019-01-13 12:31:00,664857.0,635037.6875,635038.0,29819.0,0.0,298190.0,False
2019-01-13 12:32:00,664154.0,637653.6875,637654.0,26500.0,0.0,265000.0,False
2019-01-13 12:33:00,633467.0,644359.875,644360.0,0.0,10893.0,10893.0,False
2019-01-13 12:34:00,638712.0,641084.0625,641085.0,0.0,2373.0,2373.0,False
2019-01-13 12:35:00,640183.0,643024.0,643024.0,0.0,2841.0,2841.0,False
2019-01-13 12:36:00,611914.0,622557.0,622557.0,0.0,10643.0,10643.0,False
2019-01-13 12:37:00,600588.0,617374.6875,617375.0,0.0,16787.0,16787.0,False
2019-01-13 12:38:00,623615.0,609710.8125,609711.0,13904.0,0.0,139040.0,False
2019-01-13 12:39:00,617005.0,621967.0625,621968.0,0.0,4963.0,4963.0,False
2019-01-13 12:40:00,647124.0,625116.875,625117.0,22007.0,0.0,220070.0,False
2019-01-13 12:41:00,603782.0,633268.5625,633269.0,0.0,29487.0,29487.0,False
2019-01-13 12:42:00,616708.0,615793.375,615794.0,914.0,0.0,9140.0,False
2019-01-13 12:43:00,633942.0,615802.0625,615803.0,18139.0,0.0,181390.0,False
2019-01-13 12:44:00,631285.0,616633.125,616634.0,14651.0,0.0,146510.0,False
2019-01-13 12:45:00,660765.0,615079.6875,615080.0,45685.0,0.0,456850.0,False
2019-01-13 12:46:00,660288.0,617436.375,617437.0,42851.0,0.0,428510.0,False
2019-01-13 12:47:00,650397.0,626724.375,626725.0,23672.0,0.0,236720.0,False
2019-01-13 12:48:00,634949.0,630873.0,630873.0,4076.0,0.0,40760.0,False
2019-01-13 12:49:00,640612.0,631566.9375,631567.0,9045.0,0.0,90450.0,False
2019-01-13 12:50:00,659994.0,624738.875,624739.0,35255.0,0.0,352550.0,False
2019-01-13 12:51:00,651323.0,626961.5625,626962.0,24361.0,0.0,243610.0,False
2019-01-13 12:52:00,640861.0,633876.75,633877.0,6984.0,0.0,69840.0,False
2019-01-13 12:53:00,633585.0,631979.3125,631980.0,1605.0,0.0,16050.0,False
2019-01-13 12:54:00,638021.0,632658.4375,632659.0,5362.0,0.0,53620.0,False
2019-01-13 12:55:00,661599.0,637642.3125,637643.0,23956.0,0.0,239560.0,False
2019-01-13 12:56:00,646292.0,642732.5625,642733.0,3559.0,0.0,35590.0,False
2019-01-13 12:57:00,630524.0,636393.125,636394.0,0.0,5870.0,5870.0,False
2019-01-13 12:58:00,633859.0,630826.875,630827.0,3032.0,0.0,30320.0,False
2019-01-13 12:59:00,623645.0,631851.625,631852.0,0.0,8207.0,8207.0,False
2019-01-13 13:00:00,748700.0,630889.0625,630890.0,117810.0,0.0,1178100.0,False
2019-01-13 13:01:00,687942.0,665576.25,665577.0,22365.0,0.0,223650.0,False
2019-01-13 13:02:00,680631.0,654074.0,654074.0,26557.0,0.0,265570.0,False
2019-01-13 13:03:00,670618.0,665701.9375,665702.0,4916.0,0.0,49160.0,False
2019-01-13 13:04:00,668331.0,652869.625,652870.0,15461.0,0.0,154610.0,False
2019-01-13 13:05:00,663013.0,661763.0,661763.0,1250.0,0.0,12500.0,False
2019-01-13 13:06:00,689142.0,646015.9375,646016.0,43126.0,0.0,431260.0,False
2019-01-13 13:07:00,740876.0,652739.25,652740.0,88136.0,0.0,881360.0,False
2019-01-13 13:08:00,762149.0,663111.3125,663112.0,99037.0,0.0,990370.0,False
2019-01-13 13:09:00,769978.0,712638.4375,712639.0,57339.0,0.0,573390.0,False
2019-01-13 13:10:00,695218.0,719463.6875,719464.0,0.0,24246.0,24246.0,False
2019-01-13 13:11:00,672596.0,695612.0625,695613.0,0.0,23017.0,23017.0,False
2019-01-13 13:12:00,658621.0,679756.6875,679757.0,0.0,21136.0,21136.0,False
2019-01-13 13:13:00,669088.0,655273.1875,655274.0,13814.0,0.0,138140.0,False
2019-01-13 13:14:00,650851.0,651915.1875,651916.0,0.0,1065.0,1065.0,False
2019-01-13 13:15:00,683204.0,639045.1875,639046.0,44158.0,0.0,441580.0,False
2019-01-13 13:16:00,681256.0,663623.0625,663624.0,17632.0,0.0,176320.0,False
2019-01-13 13:17:00,678090.0,668401.375,668402.0,9688.0,0.0,96880.0,False
2019-01-13 13:18:00,679483.0,687386.5625,687387.0,0.0,7904.0,7904.0,False
2019-01-13 13:19:00,653077.0,674398.625,674399.0,0.0,21322.0,21322.0,False
2019-01-13 13:20:00,682058.0,664965.6875,664966.0,17092.0,0.0,170920.0,False
2019-01-13 13:21:00,660120.0,665204.0625,665205.0,0.0,5085.0,5085.0,False
2019-01-13 13:22:00,657867.0,657651.125,657652.0,215.0,0.0,2150.0,False
2019-01-13 13:23:00,658700.0,655866.4375,655867.0,2833.0,0.0,28330.0,False
2019-01-13 13:24:00,645084.0,652082.5625,652083.0,0.0,6999.0,6999.0,False
2019-01-13 13:25:00,672601.0,654824.6875,654825.0,17776.0,0.0,177760.0,False
2019-01-13 13:26:00,650250.0,659638.8125,659639.0,0.0,9389.0,9389.0,False
2019-01-13 13:27:00,652579.0,655569.5625,655570.0,0.0,2991.0,2991.0,False
2019-01-13 13:28:00,650122.0,652343.0625,652344.0,0.0,2222.0,2222.0,False
2019-01-13 13:29:00,652723.0,648284.375,648285.0,4438.0,0.0,44380.0,False
2019-01-13 13:30:00,705334.0,652796.5625,652797.0,52537.0,0.0,525370.0,False
2019-01-13 13:31:00,675274.0,664105.75,664106.0,11168.0,0.0,111680.0,False
2019-01-13 13:32:00,657533.0,662398.8125,662399.0,0.0,4866.0,4866.0,False
2019-01-13 13:33:00,666870.0,656764.3125,656765.0,10105.0,0.0,101050.0,False
2019-01-13 13:34:00,655518.0,655670.0625,655671.0,0.0,153.0,153.0,False
2019-01-13 13:35:00,672598.0,654153.3125,654154.0,18444.0,0.0,184440.0,False
2019-01-13 13:36:00,655622.0,654966.75,654967.0,655.0,0.0,6550.0,False
2019-01-13 13:37:00,649490.0,646803.0625,646804.0,2686.0,0.0,26860.0,False
2019-01-13 13:38:00,667836.0,644546.5,644547.0,23289.0,0.0,232890.0,False
2019-01-13 13:39:00,649817.0,658582.375,658583.0,0.0,8766.0,8766.0,False
2019-01-13 13:40:00,678446.0,657659.3125,657660.0,20786.0,0.0,207860.0,False
2019-01-13 13:41:00,661511.0,661261.25,661262.0,249.0,0.0,2490.0,False
2019-01-13 13:42:00,674716.0,654756.9375,654757.0,19959.0,0.0,199590.0,False
2019-01-13 13:43:00,662242.0,663147.9375,663148.0,0.0,906.0,906.0,False
2019-01-13 13:44:00,641646.0,657087.9375,657088.0,0.0,15442.0,15442.0,False
2019-01-13 13:45:00,681359.0,654376.5625,654377.0,26982.0,0.0,269820.0,False
2019-01-13 13:46:00,667668.0,654015.3125,654016.0,13652.0,0.0,136520.0,False
2019-01-13 13:47:00,658720.0,657063.5,657064.0,1656.0,0.0,16560.0,False
2019-01-13 13:48:00,660008.0,656566.9375,656567.0,3441.0,0.0,34410.0,False
2019-01-13 13:49:00,656296.0,654143.6875,654144.0,2152.0,0.0,21520.0,False
2019-01-13 13:50:00,679899.0,655578.0625,655579.0,24320.0,0.0,243200.0,False
2019-01-13 13:51:00,649639.0,663248.0,663248.0,0.0,13609.0,13609.0,False
2019-01-13 13:52:00,648444.0,655561.25,655562.0,0.0,7118.0,7118.0,False
2019-01-13 13:53:00,654582.0,646714.1875,646715.0,7867.0,0.0,78670.0,False
2019-01-13 13:54:00,653210.0,646810.6875,646811.0,6399.0,0.0,63990.0,False
2019-01-13 13:55:00,673656.0,654023.4375,654024.0,19632.0,0.0,196320.0,False
2019-01-13 13:56:00,652266.0,655459.1875,655460.0,0.0,3194.0,3194.0,False
2019-01-13 13:57:00,645691.0,649665.1875,649666.0,0.0,3975.0,3975.0,False
2019-01-13 13:58:00,655673.0,646982.3125,646983.0,8690.0,0.0,86900.0,False
2019-01-13 13:59:00,650901.0,650274.3125,650275.0,626.0,0.0,6260.0,False
2019-01-13 14:00:00,751842.0,648512.875,648513.0,103329.0,0.0,1033290.0,False
2019-01-13 14:01:00,705909.0,676333.6875,676334.0,29575.0,0.0,295750.0,False
2019-01-13 14:02:00,691113.0,671448.5625,671449.0,19664.0,0.0,196640.0,False
2019-01-13 14:03:00,707401.0,677857.9375,677858.0,29543.0,0.0,295430.0,False
2019-01-13 14:04:00,688777.0,674421.4375,674422.0,14355.0,0.0,143550.0,False
2019-01-13 14:05:00,706575.0,674921.9375,674922.0,31653.0,0.0,316530.0,False
2019-01-13 14:06:00,670946.0,670373.8125,670374.0,572.0,0.0,5720.0,False
2019-01-13 14:07:00,766913.0,655226.875,655227.0,111686.0,0.0,1116860.0,False
2019-01-13 14:08:00,773540.0,682616.0,682616.0,90924.0,0.0,909240.0,False
2019-01-13 14:09:00,780902.0,711909.6875,711910.0,68992.0,0.0,689920.0,True
2019-01-13 14:10:00,772538.0,728465.625,728466.0,44072.0,0.0,440720.0,False
2019-01-13 14:11:00,735948.0,716622.875,716623.0,19325.0,0.0,193250.0,False
2019-01-13 14:12:00,699928.0,716413.8125,716414.0,0.0,16486.0,16486.0,False
2019-01-13 14:13:00,665835.0,691511.9375,691512.0,0.0,25677.0,25677.0,False
2019-01-13 14:14:00,656164.0,673199.3125,673200.0,0.0,17036.0,17036.0,False
2019-01-13 14:15:00,706922.0,646042.4375,646043.0,60879.0,0.0,608790.0,False
2019-01-13 14:16:00,697580.0,675605.9375,675606.0,21974.0,0.0,219740.0,False
2019-01-13 14:17:00,670848.0,678618.5,678619.0,0.0,7771.0,7771.0,False
2019-01-13 14:18:00,670531.0,679749.5625,679750.0,0.0,9219.0,9219.0,False
2019-01-13 14:19:00,656887.0,674586.9375,674587.0,0.0,17700.0,17700.0,False
2019-01-13 14:20:00,683398.0,667986.8125,667987.0,15411.0,0.0,154110.0,False
2019-01-13 14:21:00,690678.0,672381.4375,672382.0,18296.0,0.0,182960.0,False
2019-01-13 14:22:00,646593.0,668850.9375,668851.0,0.0,22258.0,22258.0,False
2019-01-13 14:23:00,659387.0,652397.375,652398.0,6989.0,0.0,69890.0,False
2019-01-13 14:24:00,659235.0,659731.0625,659732.0,0.0,497.0,497.0,False
2019-01-13 14:25:00,694911.0,659170.1875,659171.0,35740.0,0.0,357400.0,False
2019-01-13 14:26:00,664467.0,671407.8125,671408.0,0.0,6941.0,6941.0,False
2019-01-13 14:27:00,643551.0,660525.3125,660526.0,0.0,16975.0,16975.0,False
2019-01-13 14:28:00,649846.0,651922.9375,651923.0,0.0,2077.0,2077.0,False
2019-01-13 14:29:00,627330.0,647226.9375,647227.0,0.0,19897.0,19897.0,False
2019-01-13 14:30:00,725334.0,647473.5625,647474.0,77860.0,0.0,778600.0,False
2019-01-13 14:31:00,674235.0,667314.9375,667315.0,6920.0,0.0,69200.0,False
2019-01-13 14:32:00,632654.0,652542.875,652543.0,0.0,19889.0,19889.0,False
2019-01-13 14:33:00,621861.0,652101.8125,652102.0,0.0,30241.0,30241.0,False
2019-01-13 14:34:00,659051.0,637472.4375,637473.0,21578.0,0.0,215780.0,False
2019-01-13 14:35:00,671745.0,647785.4375,647786.0,23959.0,0.0,239590.0,False
2019-01-13 14:36:00,659434.0,644513.0625,644514.0,14920.0,0.0,149200.0,False
2019-01-13 14:37:00,663618.0,645125.9375,645126.0,18492.0,0.0,184920.0,False
2019-01-13 14:38:00,664081.0,635991.9375,635992.0,28089.0,0.0,280890.0,False
2019-01-13 14:39:00,663055.0,659647.6875,659648.0,3407.0,0.0,34070.0,False
2019-01-13 14:40:00,689790.0,663270.0625,663271.0,26519.0,0.0,265190.0,False
2019-01-13 14:41:00,689541.0,662689.125,662690.0,26851.0,0.0,268510.0,False
2019-01-13 14:42:00,657393.0,655245.25,655246.0,2147.0,0.0,21470.0,False
2019-01-13 14:43:00,645293.0,655683.4375,655684.0,0.0,10391.0,10391.0,False
2019-01-13 14:44:00,649219.0,654693.5625,654694.0,0.0,5475.0,5475.0,False
2019-01-13 14:45:00,675194.0,648695.1875,648696.0,26498.0,0.0,264980.0,False
2019-01-13 14:46:00,670386.0,654606.3125,654607.0,15779.0,0.0,157790.0,False
2019-01-13 14:47:00,668760.0,656151.1875,656152.0,12608.0,0.0,126080.0,False
2019-01-13 14:48:00,649360.0,657521.3125,657522.0,0.0,8162.0,8162.0,False
2019-01-13 14:49:00,659213.0,654949.0625,654950.0,4263.0,0.0,42630.0,False
2019-01-13 14:50:00,685972.0,661879.125,661880.0,24092.0,0.0,240920.0,False
2019-01-13 14:51:00,663919.0,663547.25,663548.0,371.0,0.0,3710.0,False
2019-01-13 14:52:00,650105.0,656065.9375,656066.0,0.0,5961.0,5961.0,False
2019-01-13 14:53:00,648060.0,647708.0625,647709.0,351.0,0.0,3510.0,False
2019-01-13 14:54:00,670213.0,648004.875,648005.0,22208.0,0.0,222080.0,False
2019-01-13 14:55:00,677177.0,658325.0625,658326.0,18851.0,0.0,188510.0,False
2019-01-13 14:56:00,673261.0,662355.6875,662356.0,10905.0,0.0,109050.0,False
2019-01-13 14:57:00,668804.0,660767.6875,660768.0,8036.0,0.0,80360.0,False
2019-01-13 14:58:00,684670.0,655768.1875,655769.0,28901.0,0.0,289010.0,False
2019-01-13 14:59:00,662318.0,671847.9375,671848.0,0.0,9530.0,9530.0,False
2019-01-13 15:00:00,770040.0,665414.6875,665415.0,104625.0,0.0,1046250.0,False
2019-01-13 15:01:00,715240.0,696215.4375,696216.0,19024.0,0.0,190240.0,False
2019-01-13 15:02:00,712088.0,678596.25,678597.0,33491.0,0.0,334910.0,False
2019-01-13 15:03:00,673879.0,693500.125,693501.0,0.0,19622.0,19622.0,False
2019-01-13 15:04:00,703961.0,668943.6875,668944.0,35017.0,0.0,350170.0,False
2019-01-13 15:05:00,714973.0,682475.125,682476.0,32497.0,0.0,324970.0,False
2019-01-13 15:06:00,724390.0,674188.3125,674189.0,50201.0,0.0,502010.0,False
2019-01-13 15:07:00,746656.0,686189.8125,686190.0,60466.0,0.0,604660.0,False
2019-01-13 15:08:00,732936.0,682212.1875,682213.0,50723.0,0.0,507230.0,False
2019-01-13 15:09:00,706986.0,708036.4375,708037.0,0.0,1051.0,1051.0,False
2019-01-13 15:10:00,653634.0,692741.4375,692742.0,0.0,39108.0,39108.0,False
2019-01-13 15:11:00,662154.0,669173.1875,669174.0,0.0,7020.0,7020.0,False
2019-01-13 15:12:00,663618.0,654294.0,654294.0,9324.0,0.0,93240.0,False
2019-01-13 15:13:00,682962.0,648754.0625,648755.0,34207.0,0.0,342070.0,False
2019-01-13 15:14:00,668688.0,660385.5625,660386.0,8302.0,0.0,83020.0,False
2019-01-13 15:15:00,713436.0,657365.0625,657366.0,56070.0,0.0,560700.0,False
2019-01-13 15:16:00,708157.0,684493.0625,684494.0,23663.0,0.0,236630.0,False
2019-01-13 15:17:00,685602.0,686522.9375,686523.0,0.0,921.0,921.0,False
2019-01-13 15:18:00,685269.0,688359.4375,688360.0,0.0,3091.0,3091.0,False
2019-01-13 15:19:00,651020.0,672462.1875,672463.0,0.0,21443.0,21443.0,False
2019-01-13 15:20:00,694450.0,655964.625,655965.0,38485.0,0.0,384850.0,False
2019-01-13 15:21:00,671025.0,666140.3125,666141.0,4884.0,0.0,48840.0,False
2019-01-13 15:22:00,662671.0,659977.6875,659978.0,2693.0,0.0,26930.0,False
2019-01-13 15:23:00,664774.0,659987.375,659988.0,4786.0,0.0,47860.0,False
2019-01-13 15:24:00,665985.0,659244.25,659245.0,6740.0,0.0,67400.0,False
2019-01-13 15:25:00,659305.0,666263.4375,666264.0,0.0,6959.0,6959.0,False
2019-01-13 15:26:00,665688.0,660397.0625,660398.0,5290.0,0.0,52900.0,False
2019-01-13 15:27:00,658409.0,663691.6875,663692.0,0.0,5283.0,5283.0,False
2019-01-13 15:28:00,648620.0,652106.25,652107.0,0.0,3487.0,3487.0,False
2019-01-13 15:29:00,654583.0,655363.875,655364.0,0.0,781.0,781.0,False
2019-01-13 15:30:00,745496.0,654950.9375,654951.0,90545.0,0.0,905450.0,False
2019-01-13 15:31:00,704012.0,681661.9375,681662.0,22350.0,0.0,223500.0,False
2019-01-13 15:32:00,668458.0,677475.1875,677476.0,0.0,9018.0,9018.0,False
2019-01-13 15:33:00,682099.0,674977.5625,674978.0,7121.0,0.0,71210.0,False
2019-01-13 15:34:00,682055.0,663168.3125,663169.0,18886.0,0.0,188860.0,False
2019-01-13 15:35:00,701764.0,666970.125,666971.0,34793.0,0.0,347930.0,False
2019-01-13 15:36:00,672246.0,673124.5,673125.0,0.0,879.0,879.0,False
2019-01-13 15:37:00,661032.0,657121.8125,657122.0,3910.0,0.0,39100.0,False
2019-01-13 15:38:00,659673.0,648189.5,648190.0,11483.0,0.0,114830.0,False
2019-01-13 15:39:00,654239.0,666260.9375,666261.0,0.0,12022.0,12022.0,False
2019-01-13 15:40:00,687165.0,662631.875,662632.0,24533.0,0.0,245330.0,False
2019-01-13 15:41:00,674724.0,664631.3125,664632.0,10092.0,0.0,100920.0,False
2019-01-13 15:42:00,695768.0,663622.0625,663623.0,32145.0,0.0,321450.0,False
2019-01-13 15:43:00,665641.0,676371.4375,676372.0,0.0,10731.0,10731.0,False
2019-01-13 15:44:00,669401.0,670027.4375,670028.0,0.0,627.0,627.0,False
2019-01-13 15:45:00,675442.0,671180.3125,671181.0,4261.0,0.0,42610.0,False
2019-01-13 15:46:00,684662.0,662544.0625,662545.0,22117.0,0.0,221170.0,False
2019-01-13 15:47:00,659798.0,668716.1875,668717.0,0.0,8919.0,8919.0,False
2019-01-13 15:48:00,666001.0,655645.6875,655646.0,10355.0,0.0,103550.0,False
2019-01-13 15:49:00,660719.0,663205.5,663206.0,0.0,2487.0,2487.0,False
2019-01-13 15:50:00,691263.0,658456.3125,658457.0,32806.0,0.0,328060.0,False
2019-01-13 15:51:00,675282.0,676338.1875,676339.0,0.0,1057.0,1057.0,False
2019-01-13 15:52:00,669730.0,666735.6875,666736.0,2994.0,0.0,29940.0,False
2019-01-13 15:53:00,673436.0,667537.4375,667538.0,5898.0,0.0,58980.0,False
2019-01-13 15:54:00,660719.0,664798.9375,664799.0,0.0,4080.0,4080.0,False
2019-01-13 15:55:00,665361.0,667386.75,667387.0,0.0,2026.0,2026.0,False
2019-01-13 15:56:00,659396.0,661877.1875,661878.0,0.0,2482.0,2482.0,False
2019-01-13 15:57:00,654640.0,655788.8125,655789.0,0.0,1149.0,1149.0,False
2019-01-13 15:58:00,656073.0,653154.1875,653155.0,2918.0,0.0,29180.0,False
2019-01-13 15:59:00,662221.0,657021.3125,657022.0,5199.0,0.0,51990.0,False
2019-01-13 16:00:00,774156.0,659461.0625,659462.0,114694.0,0.0,1146940.0,False
2019-01-13 16:01:00,723548.0,695184.5625,695185.0,28363.0,0.0,283630.0,False
2019-01-13 16:02:00,722018.0,691386.9375,691387.0,30631.0,0.0,306310.0,False
2019-01-13 16:03:00,707953.0,698503.5625,698504.0,9449.0,0.0,94490.0,False
2019-01-13 16:04:00,689574.0,679066.6875,679067.0,10507.0,0.0,105070.0,False
2019-01-13 16:05:00,697368.0,678648.9375,678649.0,18719.0,0.0,187190.0,False
2019-01-13 16:06:00,748907.0,667515.9375,667516.0,81391.0,0.0,813910.0,False
2019-01-13 16:07:00,744555.0,679346.4375,679347.0,65208.0,0.0,652080.0,False
2019-01-13 16:08:00,732881.0,677632.375,677633.0,55248.0,0.0,552480.0,False
2019-01-13 16:09:00,727114.0,709487.375,709488.0,17626.0,0.0,176260.0,False
2019-01-13 16:10:00,766940.0,695443.0,695443.0,71497.0,0.0,714970.0,False
2019-01-13 16:11:00,713251.0,711687.8125,711688.0,1563.0,0.0,15630.0,False
2019-01-13 16:12:00,691785.0,692627.5625,692628.0,0.0,843.0,843.0,False
2019-01-13 16:13:00,672490.0,680950.3125,680951.0,0.0,8461.0,8461.0,False
2019-01-13 16:14:00,672328.0,656297.25,656298.0,16030.0,0.0,160300.0,False
2019-01-13 16:15:00,711958.0,670141.25,670142.0,41816.0,0.0,418160.0,False
2019-01-13 16:16:00,688169.0,676148.4375,676149.0,12020.0,0.0,120200.0,False
2019-01-13 16:17:00,703030.0,673003.8125,673004.0,30026.0,0.0,300260.0,False
2019-01-13 16:18:00,680745.0,678771.5625,678772.0,1973.0,0.0,19730.0,False
2019-01-13 16:19:00,674399.0,683999.375,684000.0,0.0,9601.0,9601.0,False
2019-01-13 16:20:00,700500.0,678727.0625,678728.0,21772.0,0.0,217720.0,False
2019-01-13 16:21:00,665555.0,678989.9375,678990.0,0.0,13435.0,13435.0,False
2019-01-13 16:22:00,658873.0,666651.0625,666652.0,0.0,7779.0,7779.0,False
2019-01-13 16:23:00,676192.0,658791.8125,658792.0,17400.0,0.0,174000.0,False
2019-01-13 16:24:00,665171.0,665557.125,665558.0,0.0,387.0,387.0,False
2019-01-13 16:25:00,673802.0,663468.25,663469.0,10333.0,0.0,103330.0,False
2019-01-13 16:26:00,678406.0,670365.125,670366.0,8040.0,0.0,80400.0,False
2019-01-13 16:27:00,652283.0,667763.6875,667764.0,0.0,15481.0,15481.0,False
2019-01-13 16:28:00,658141.0,660381.5625,660382.0,0.0,2241.0,2241.0,False
2019-01-13 16:29:00,649292.0,664307.625,664308.0,0.0,15016.0,15016.0,False
2019-01-13 16:30:00,717142.0,653724.5625,653725.0,63417.0,0.0,634170.0,False
2019-01-13 16:31:00,700782.0,672145.0625,672146.0,28636.0,0.0,286360.0,False
2019-01-13 16:32:00,682832.0,673530.8125,673531.0,9301.0,0.0,93010.0,False
2019-01-13 16:33:00,685378.0,677587.375,677588.0,7790.0,0.0,77900.0,False
2019-01-13 16:34:00,668681.0,669236.875,669237.0,0.0,556.0,556.0,False
2019-01-13 16:35:00,681835.0,670393.375,670394.0,11441.0,0.0,114410.0,False
2019-01-13 16:36:00,650918.0,665886.0,665886.0,0.0,14968.0,14968.0,False
2019-01-13 16:37:00,638477.0,649410.5625,649411.0,0.0,10934.0,10934.0,False
2019-01-13 16:38:00,656095.0,638898.1875,638899.0,17196.0,0.0,171960.0,False
2019-01-13 16:39:00,667420.0,649890.3125,649891.0,17529.0,0.0,175290.0,False
2019-01-13 16:40:00,686251.0,658924.8125,658925.0,27326.0,0.0,273260.0,False
2019-01-13 16:41:00,667463.0,667177.3125,667178.0,285.0,0.0,2850.0,False
2019-01-13 16:42:00,660373.0,665049.8125,665050.0,0.0,4677.0,4677.0,False
2019-01-13 16:43:00,663879.0,661432.6875,661433.0,2446.0,0.0,24460.0,False
2019-01-13 16:44:00,668478.0,661485.0625,661486.0,6992.0,0.0,69920.0,False
2019-01-13 16:45:00,693219.0,660849.1875,660850.0,32369.0,0.0,323690.0,False
2019-01-13 16:46:00,688619.0,661124.8125,661125.0,27494.0,0.0,274940.0,False
2019-01-13 16:47:00,665934.0,663884.6875,663885.0,2049.0,0.0,20490.0,False
2019-01-13 16:48:00,653382.0,664384.5625,664385.0,0.0,11003.0,11003.0,False
2019-01-13 16:49:00,655001.0,662823.8125,662824.0,0.0,7823.0,7823.0,False
2019-01-13 16:50:00,675438.0,657859.0,657859.0,17579.0,0.0,175790.0,False
2019-01-13 16:51:00,654609.0,658858.875,658859.0,0.0,4250.0,4250.0,False
2019-01-13 16:52:00,650161.0,652233.1875,652234.0,0.0,2073.0,2073.0,False
2019-01-13 16:53:00,664103.0,650901.0,650901.0,13202.0,0.0,132020.0,False
2019-01-13 16:54:00,675269.0,656241.3125,656242.0,19027.0,0.0,190270.0,False
2019-01-13 16:55:00,672146.0,666382.6875,666383.0,5763.0,0.0,57630.0,False
2019-01-13 16:56:00,656207.0,665449.8125,665450.0,0.0,9243.0,9243.0,False
2019-01-13 16:57:00,654471.0,656306.6875,656307.0,0.0,1836.0,1836.0,False
2019-01-13 16:58:00,659944.0,649818.4375,649819.0,10125.0,0.0,101250.0,False
2019-01-13 16:59:00,661193.0,655638.5,655639.0,5554.0,0.0,55540.0,False
2019-01-13 17:00:00,758438.0,656035.0625,656036.0,102402.0,0.0,1024020.0,False
2019-01-13 17:01:00,680898.0,682992.1875,682993.0,0.0,2095.0,2095.0,False
2019-01-13 17:02:00,678445.0,669091.25,669092.0,9353.0,0.0,93530.0,False
2019-01-13 17:03:00,688860.0,680802.25,680803.0,8057.0,0.0,80570.0,False
2019-01-13 17:04:00,675094.0,669353.25,669354.0,5740.0,0.0,57400.0,False
2019-01-13 17:05:00,696015.0,670394.75,670395.0,25620.0,0.0,256200.0,False
2019-01-13 17:06:00,769105.0,667378.5625,667379.0,101726.0,0.0,1017260.0,False
2019-01-13 17:07:00,783213.0,690590.8125,690591.0,92622.0,0.0,926220.0,True
2019-01-13 17:08:00,751192.0,703776.8125,703777.0,47415.0,0.0,474150.0,False
2019-01-13 17:09:00,672210.0,729181.6875,729182.0,0.0,56972.0,56972.0,False
2019-01-13 17:10:00,693032.0,688179.0625,688180.0,4852.0,0.0,48520.0,False
2019-01-13 17:11:00,666831.0,680501.5,680502.0,0.0,13671.0,13671.0,False
2019-01-13 17:12:00,666009.0,661725.1875,661726.0,4283.0,0.0,42830.0,False
2019-01-13 17:13:00,654956.0,656841.0,656841.0,0.0,1885.0,1885.0,False
2019-01-13 17:14:00,646712.0,639910.5625,639911.0,6801.0,0.0,68010.0,False
2019-01-13 17:15:00,680846.0,657567.8125,657568.0,23278.0,0.0,232780.0,False
2019-01-13 17:16:00,668214.0,671692.5,671693.0,0.0,3479.0,3479.0,False
2019-01-13 17:17:00,670412.0,672168.8125,672169.0,0.0,1757.0,1757.0,False
2019-01-13 17:18:00,680533.0,665467.8125,665468.0,15065.0,0.0,150650.0,False
2019-01-13 17:19:00,653421.0,669323.8125,669324.0,0.0,15903.0,15903.0,False
2019-01-13 17:20:00,688779.0,662253.5,662254.0,26525.0,0.0,265250.0,False
2019-01-13 17:21:00,663071.0,668726.1875,668727.0,0.0,5656.0,5656.0,False
2019-01-13 17:22:00,637462.0,657751.75,657752.0,0.0,20290.0,20290.0,False
2019-01-13 17:23:00,667585.0,647108.1875,647109.0,20476.0,0.0,204760.0,False
2019-01-13 17:24:00,656106.0,652248.3125,652249.0,3857.0,0.0,38570.0,False
2019-01-13 17:25:00,657542.0,653823.5,653824.0,3718.0,0.0,37180.0,False
2019-01-13 17:26:00,668531.0,655593.25,655594.0,12937.0,0.0,129370.0,False
2019-01-13 17:27:00,643634.0,658043.4375,658044.0,0.0,14410.0,14410.0,False
2019-01-13 17:28:00,655382.0,648331.75,648332.0,7050.0,0.0,70500.0,False
2019-01-13 17:29:00,654596.0,654524.0625,654525.0,71.0,0.0,710.0,False
2019-01-13 17:30:00,723692.0,652414.9375,652415.0,71277.0,0.0,712770.0,False
2019-01-13 17:31:00,678852.0,669784.9375,669785.0,9067.0,0.0,90670.0,False
2019-01-13 17:32:00,670316.0,662739.375,662740.0,7576.0,0.0,75760.0,False
2019-01-13 17:33:00,667607.0,670228.3125,670229.0,0.0,2622.0,2622.0,False
2019-01-13 17:34:00,653744.0,655082.9375,655083.0,0.0,1339.0,1339.0,False
2019-01-13 17:35:00,665028.0,659498.625,659499.0,5529.0,0.0,55290.0,False
2019-01-13 17:36:00,656180.0,652429.4375,652430.0,3750.0,0.0,37500.0,False
2019-01-13 17:37:00,649793.0,645373.6875,645374.0,4419.0,0.0,44190.0,False
2019-01-13 17:38:00,662089.0,642953.4375,642954.0,19135.0,0.0,191350.0,False
2019-01-13 17:39:00,663837.0,661084.9375,661085.0,2752.0,0.0,27520.0,False
2019-01-13 17:40:00,700014.0,660984.5625,660985.0,39029.0,0.0,390290.0,False
2019-01-13 17:41:00,683230.0,672661.5625,672662.0,10568.0,0.0,105680.0,False
2019-01-13 17:42:00,678326.0,669978.3125,669979.0,8347.0,0.0,83470.0,False
2019-01-13 17:43:00,683992.0,669334.875,669335.0,14657.0,0.0,146570.0,False
2019-01-13 17:44:00,682608.0,666832.3125,666833.0,15775.0,0.0,157750.0,False
2019-01-13 17:45:00,732398.0,670455.375,670456.0,61942.0,0.0,619420.0,False
2019-01-13 17:46:00,725063.0,681947.75,681948.0,43115.0,0.0,431150.0,False
2019-01-13 17:47:00,698976.0,684135.4375,684136.0,14840.0,0.0,148400.0,False
2019-01-13 17:48:00,666572.0,682324.4375,682325.0,0.0,15753.0,15753.0,False
2019-01-13 17:49:00,665814.0,672629.0625,672630.0,0.0,6816.0,6816.0,False
2019-01-13 17:50:00,705222.0,666558.8125,666559.0,38663.0,0.0,386630.0,False
2019-01-13 17:51:00,662497.0,672062.625,672063.0,0.0,9566.0,9566.0,False
2019-01-13 17:52:00,649505.0,660781.125,660782.0,0.0,11277.0,11277.0,False
2019-01-13 17:53:00,659406.0,652231.0625,652232.0,7174.0,0.0,71740.0,False
2019-01-13 17:54:00,652645.0,657059.875,657060.0,0.0,4415.0,4415.0,False
2019-01-13 17:55:00,704683.0,660189.3125,660190.0,44493.0,0.0,444930.0,False
2019-01-13 17:56:00,722074.0,675291.6875,675292.0,46782.0,0.0,467820.0,False
2019-01-13 17:57:00,687441.0,679091.875,679092.0,8349.0,0.0,83490.0,False
2019-01-13 17:58:00,684259.0,675014.1875,675015.0,9244.0,0.0,92440.0,False
2019-01-13 17:59:00,674139.0,679468.6875,679469.0,0.0,5330.0,5330.0,False
2019-01-13 18:00:00,765020.0,669337.6875,669338.0,95682.0,0.0,956820.0,False
2019-01-13 18:01:00,711871.0,692725.9375,692726.0,19145.0,0.0,191450.0,False
2019-01-13 18:02:00,704634.0,678462.1875,678463.0,26171.0,0.0,261710.0,False
2019-01-13 18:03:00,703953.0,679999.9375,680000.0,23953.0,0.0,239530.0,False
2019-01-13 18:04:00,698045.0,674312.875,674313.0,23732.0,0.0,237320.0,False
2019-01-13 18:05:00,783279.0,688641.5625,688642.0,94637.0,0.0,946370.0,True
2019-01-13 18:06:00,866343.0,706925.4375,706926.0,159417.0,0.0,1594170.0,True
2019-01-13 18:07:00,802998.0,740006.5625,740007.0,62991.0,0.0,629910.0,True
2019-01-13 18:08:00,683463.0,732805.5,732806.0,0.0,49343.0,49343.0,False
2019-01-13 18:09:00,685750.0,723157.0625,723158.0,0.0,37408.0,37408.0,False
2019-01-13 18:10:00,708719.0,700992.4375,700993.0,7726.0,0.0,77260.0,False
2019-01-13 18:11:00,687585.0,688512.0625,688513.0,0.0,928.0,928.0,False
2019-01-13 18:12:00,681543.0,684373.9375,684374.0,0.0,2831.0,2831.0,False
2019-01-13 18:13:00,679819.0,665420.0625,665421.0,14398.0,0.0,143980.0,False
2019-01-13 18:14:00,676368.0,682845.1875,682846.0,0.0,6478.0,6478.0,False
2019-01-13 18:15:00,682968.0,704857.3125,704858.0,0.0,21890.0,21890.0,False
2019-01-13 18:16:00,669888.0,696611.1875,696612.0,0.0,26724.0,26724.0,False
2019-01-13 18:17:00,673814.0,671535.4375,671536.0,2278.0,0.0,22780.0,False
2019-01-13 18:18:00,669415.0,667316.0625,667317.0,2098.0,0.0,20980.0,False
2019-01-13 18:19:00,654622.0,670114.9375,670115.0,0.0,15493.0,15493.0,False
2019-01-13 18:20:00,687399.0,664455.8125,664456.0,22943.0,0.0,229430.0,False
2019-01-13 18:21:00,650990.0,670539.25,670540.0,0.0,19550.0,19550.0,False
2019-01-13 18:22:00,650098.0,659661.1875,659662.0,0.0,9564.0,9564.0,False
2019-01-13 18:23:00,649261.0,659771.625,659772.0,0.0,10511.0,10511.0,False
2019-01-13 18:24:00,641848.0,651111.9375,651112.0,0.0,9264.0,9264.0,False
2019-01-13 18:25:00,649331.0,649769.875,649770.0,0.0,439.0,439.0,False
2019-01-13 18:26:00,658093.0,646678.875,646679.0,11414.0,0.0,114140.0,False
2019-01-13 18:27:00,678305.0,649719.4375,649720.0,28585.0,0.0,285850.0,False
2019-01-13 18:28:00,682351.0,653782.9375,653783.0,28568.0,0.0,285680.0,False
2019-01-13 18:29:00,664525.0,666021.25,666022.0,0.0,1497.0,1497.0,False
2019-01-13 18:30:00,716808.0,662043.375,662044.0,54764.0,0.0,547640.0,False
2019-01-13 18:31:00,695392.0,672834.9375,672835.0,22557.0,0.0,225570.0,False
2019-01-13 18:32:00,673946.0,669977.9375,669978.0,3968.0,0.0,39680.0,False
2019-01-13 18:33:00,667668.0,667141.5625,667142.0,526.0,0.0,5260.0,False
2019-01-13 18:34:00,658330.0,655067.25,655068.0,3262.0,0.0,32620.0,False
2019-01-13 18:35:00,644924.0,653201.0,653201.0,0.0,8277.0,8277.0,False
2019-01-13 18:36:00,659501.0,650572.4375,650573.0,8928.0,0.0,89280.0,False
2019-01-13 18:37:00,613804.0,654396.9375,654397.0,0.0,40593.0,40593.0,False
2019-01-13 18:38:00,647160.0,633376.0,633376.0,13784.0,0.0,137840.0,False
2019-01-13 18:39:00,641339.0,651145.1875,651146.0,0.0,9807.0,9807.0,False
2019-01-13 18:40:00,678553.0,644441.0625,644442.0,34111.0,0.0,341110.0,False
2019-01-13 18:41:00,670394.0,660554.1875,660555.0,9839.0,0.0,98390.0,False
2019-01-13 18:42:00,653869.0,656046.25,656047.0,0.0,2178.0,2178.0,False
2019-01-13 18:43:00,633408.0,657211.0,657211.0,0.0,23803.0,23803.0,False
2019-01-13 18:44:00,669010.0,639670.8125,639671.0,29339.0,0.0,293390.0,False
2019-01-13 18:45:00,673665.0,651136.6875,651137.0,22528.0,0.0,225280.0,False
2019-01-13 18:46:00,671413.0,643853.6875,643854.0,27559.0,0.0,275590.0,False
2019-01-13 18:47:00,655035.0,652619.3125,652620.0,2415.0,0.0,24150.0,False
2019-01-13 18:48:00,669761.0,644814.0,644814.0,24947.0,0.0,249470.0,False
2019-01-13 18:49:00,659695.0,659068.6875,659069.0,626.0,0.0,6260.0,False
2019-01-13 18:50:00,667841.0,659459.5,659460.0,8381.0,0.0,83810.0,False
2019-01-13 18:51:00,669240.0,662086.1875,662087.0,7153.0,0.0,71530.0,False
2019-01-13 18:52:00,657337.0,649645.5,649646.0,7691.0,0.0,76910.0,False
2019-01-13 18:53:00,654750.0,654801.4375,654802.0,0.0,52.0,52.0,False
2019-01-13 18:54:00,670849.0,657017.5625,657018.0,13831.0,0.0,138310.0,False
2019-01-13 18:55:00,680219.0,662286.6875,662287.0,17932.0,0.0,179320.0,False
2019-01-13 18:56:00,657712.0,662544.8125,662545.0,0.0,4833.0,4833.0,False
2019-01-13 18:57:00,654332.0,659779.75,659780.0,0.0,5448.0,5448.0,False
2019-01-13 18:58:00,649596.0,655715.3125,655716.0,0.0,6120.0,6120.0,False
2019-01-13 18:59:00,653071.0,650208.8125,650209.0,2862.0,0.0,28620.0,False
2019-01-13 19:00:00,737547.0,653271.75,653272.0,84275.0,0.0,842750.0,False
2019-01-13 19:01:00,692288.0,677099.1875,677100.0,15188.0,0.0,151880.0,False
2019-01-13 19:02:00,672907.0,667928.25,667929.0,4978.0,0.0,49780.0,False
2019-01-13 19:03:00,662109.0,671979.625,671980.0,0.0,9871.0,9871.0,False
2019-01-13 19:04:00,646339.0,661615.5,661616.0,0.0,15277.0,15277.0,False
2019-01-13 19:05:00,657290.0,655230.4375,655231.0,2059.0,0.0,20590.0,False
2019-01-13 19:06:00,715375.0,646885.625,646886.0,68489.0,0.0,684890.0,False
2019-01-13 19:07:00,748863.0,660980.1875,660981.0,87882.0,0.0,878820.0,False
2019-01-13 19:08:00,725887.0,676209.4375,676210.0,49677.0,0.0,496770.0,False
2019-01-13 19:09:00,742040.0,702671.625,702672.0,39368.0,0.0,393680.0,False
2019-01-13 19:10:00,754996.0,704996.3125,704997.0,49999.0,0.0,499990.0,False
2019-01-13 19:11:00,686329.0,706270.1875,706271.0,0.0,19942.0,19942.0,False
2019-01-13 19:12:00,662331.0,683943.6875,683944.0,0.0,21613.0,21613.0,False
2019-01-13 19:13:00,651222.0,659338.9375,659339.0,0.0,8117.0,8117.0,False
2019-01-13 19:14:00,634685.0,633961.0,633961.0,724.0,0.0,7240.0,False
2019-01-13 19:15:00,693681.0,639273.6875,639274.0,54407.0,0.0,544070.0,False
2019-01-13 19:16:00,682975.0,662418.3125,662419.0,20556.0,0.0,205560.0,False
2019-01-13 19:17:00,666129.0,658645.0,658645.0,7484.0,0.0,74840.0,False
2019-01-13 19:18:00,664930.0,669531.3125,669532.0,0.0,4602.0,4602.0,False
2019-01-13 19:19:00,649035.0,672399.6875,672400.0,0.0,23365.0,23365.0,False
2019-01-13 19:20:00,650848.0,661273.4375,661274.0,0.0,10426.0,10426.0,False
2019-01-13 19:21:00,671670.0,653308.1875,653309.0,18361.0,0.0,183610.0,False
2019-01-13 19:22:00,650611.0,652516.0625,652517.0,0.0,1906.0,1906.0,False
2019-01-13 19:23:00,659469.0,639526.8125,639527.0,19942.0,0.0,199420.0,False
2019-01-13 19:24:00,663033.0,653741.8125,653742.0,9291.0,0.0,92910.0,False
2019-01-13 19:25:00,658632.0,658132.0625,658133.0,499.0,0.0,4990.0,False
2019-01-13 19:26:00,655844.0,658286.9375,658287.0,0.0,2443.0,2443.0,False
2019-01-13 19:27:00,598715.0,653732.9375,653733.0,0.0,55018.0,55018.0,False
2019-01-13 19:28:00,630036.0,632514.3125,632515.0,0.0,2479.0,2479.0,False
2019-01-13 19:29:00,613309.0,630540.0625,630541.0,0.0,17232.0,17232.0,False
2019-01-13 19:30:00,697594.0,626373.5,626374.0,71220.0,0.0,712200.0,False
2019-01-13 19:31:00,651854.0,652083.6875,652084.0,0.0,230.0,230.0,False
2019-01-13 19:32:00,644379.0,639627.4375,639628.0,4751.0,0.0,47510.0,False
2019-01-13 19:33:00,656199.0,650889.9375,650890.0,5309.0,0.0,53090.0,False
2019-01-13 19:34:00,623660.0,643174.0625,643175.0,0.0,19515.0,19515.0,False
2019-01-13 19:35:00,643664.0,639388.3125,639389.0,4275.0,0.0,42750.0,False
2019-01-13 19:36:00,644634.0,626376.0,626376.0,18258.0,0.0,182580.0,False
2019-01-13 19:37:00,648377.0,622095.6875,622096.0,26281.0,0.0,262810.0,False
2019-01-13 19:38:00,618717.0,625354.3125,625355.0,0.0,6638.0,6638.0,False
2019-01-13 19:39:00,588714.0,633569.0625,633570.0,0.0,44856.0,44856.0,False
2019-01-13 19:40:00,664109.0,626179.5625,626180.0,37929.0,0.0,379290.0,False
2019-01-13 19:41:00,627675.0,631950.9375,631951.0,0.0,4276.0,4276.0,False
2019-01-13 19:42:00,618946.0,630025.0,630025.0,0.0,11079.0,11079.0,False
2019-01-13 19:43:00,629964.0,625731.3125,625732.0,4232.0,0.0,42320.0,False
2019-01-13 19:44:00,635024.0,617006.75,617007.0,18017.0,0.0,180170.0,False
2019-01-13 19:45:00,658801.0,626346.3125,626347.0,32454.0,0.0,324540.0,False
2019-01-13 19:46:00,655552.0,635803.1875,635804.0,19748.0,0.0,197480.0,False
2019-01-13 19:47:00,642831.0,633028.1875,633029.0,9802.0,0.0,98020.0,False
2019-01-13 19:48:00,656379.0,620797.625,620798.0,35581.0,0.0,355810.0,False
2019-01-13 19:49:00,643279.0,638941.5625,638942.0,4337.0,0.0,43370.0,False
2019-01-13 19:50:00,664587.0,637188.3125,637189.0,27398.0,0.0,273980.0,False
2019-01-13 19:51:00,634941.0,637693.0625,637694.0,0.0,2753.0,2753.0,False
2019-01-13 19:52:00,635903.0,629234.8125,629235.0,6668.0,0.0,66680.0,False
2019-01-13 19:53:00,652301.0,632500.9375,632501.0,19800.0,0.0,198000.0,False
2019-01-13 19:54:00,645761.0,636607.9375,636608.0,9153.0,0.0,91530.0,False
2019-01-13 19:55:00,650785.0,643234.6875,643235.0,7550.0,0.0,75500.0,False
2019-01-13 19:56:00,647856.0,640694.8125,640695.0,7161.0,0.0,71610.0,False
2019-01-13 19:57:00,636830.0,639719.0625,639720.0,0.0,2890.0,2890.0,False
2019-01-13 19:58:00,640287.0,636491.8125,636492.0,3795.0,0.0,37950.0,False
2019-01-13 19:59:00,631436.0,638407.5625,638408.0,0.0,6972.0,6972.0,False
2019-01-13 20:00:00,741208.0,631794.8125,631795.0,109413.0,0.0,1094130.0,False
2019-01-13 20:01:00,700018.0,660875.5,660876.0,39142.0,0.0,391420.0,False
2019-01-13 20:02:00,662709.0,661820.5,661821.0,888.0,0.0,8880.0,False
2019-01-13 20:03:00,648015.0,664300.5625,664301.0,0.0,16286.0,16286.0,False
2019-01-13 20:04:00,634257.0,642972.4375,642973.0,0.0,8716.0,8716.0,False
2019-01-13 20:05:00,668320.0,639144.0,639144.0,29176.0,0.0,291760.0,False
2019-01-13 20:06:00,670615.0,639146.9375,639147.0,31468.0,0.0,314680.0,False
2019-01-13 20:07:00,686541.0,639194.9375,639195.0,47346.0,0.0,473460.0,False
2019-01-13 20:08:00,661189.0,644320.9375,644321.0,16868.0,0.0,168680.0,False
2019-01-13 20:09:00,676073.0,663711.4375,663712.0,12361.0,0.0,123610.0,False
2019-01-13 20:10:00,769906.0,673595.125,673596.0,96310.0,0.0,963100.0,False
2019-01-13 20:11:00,689199.0,696556.0,696556.0,0.0,7357.0,7357.0,False
2019-01-13 20:12:00,620724.0,680180.5625,680181.0,0.0,59457.0,59457.0,False
2019-01-13 20:13:00,603863.0,650189.1875,650190.0,0.0,46327.0,46327.0,False
2019-01-13 20:14:00,613797.0,626845.8125,626846.0,0.0,13049.0,13049.0,False
2019-01-13 20:15:00,608362.0,626192.125,626193.0,0.0,17831.0,17831.0,False
2019-01-13 20:16:00,630135.0,624277.6875,624278.0,5857.0,0.0,58570.0,False
2019-01-13 20:17:00,614967.0,616529.1875,616530.0,0.0,1563.0,1563.0,False
2019-01-13 20:18:00,620477.0,609907.9375,609908.0,10569.0,0.0,105690.0,False
2019-01-13 20:19:00,621247.0,639230.9375,639231.0,0.0,17984.0,17984.0,False
2019-01-13 20:20:00,625652.0,629792.4375,629793.0,0.0,4141.0,4141.0,False
2019-01-13 20:21:00,601415.0,618606.6875,618607.0,0.0,17192.0,17192.0,False
2019-01-13 20:22:00,580410.0,598733.6875,598734.0,0.0,18324.0,18324.0,False
2019-01-13 20:23:00,612614.0,594966.875,594967.0,17647.0,0.0,176470.0,False
2019-01-13 20:24:00,602401.0,596465.9375,596466.0,5935.0,0.0,59350.0,False
2019-01-13 20:25:00,627879.0,598810.9375,598811.0,29068.0,0.0,290680.0,False
2019-01-13 20:26:00,611009.0,605215.5625,605216.0,5793.0,0.0,57930.0,False
2019-01-13 20:27:00,603485.0,599116.3125,599117.0,4368.0,0.0,43680.0,False
2019-01-13 20:28:00,609089.0,601328.8125,601329.0,7760.0,0.0,77600.0,False
2019-01-13 20:29:00,620591.0,599839.6875,599840.0,20751.0,0.0,207510.0,False
2019-01-13 20:30:00,692500.0,599766.6875,599767.0,92733.0,0.0,927330.0,False
2019-01-13 20:31:00,661328.0,615586.8125,615587.0,45741.0,0.0,457410.0,False
2019-01-13 20:32:00,658194.0,624280.75,624281.0,33913.0,0.0,339130.0,False
2019-01-13 20:33:00,631354.0,631578.5,631579.0,0.0,225.0,225.0,False
2019-01-13 20:34:00,615976.0,621983.0,621983.0,0.0,6007.0,6007.0,False
2019-01-13 20:35:00,618509.0,617578.625,617579.0,930.0,0.0,9300.0,False
2019-01-13 20:36:00,616422.0,609050.6875,609051.0,7371.0,0.0,73710.0,False
2019-01-13 20:37:00,595515.0,606689.6875,606690.0,0.0,11175.0,11175.0,False
2019-01-13 20:38:00,604345.0,600312.1875,600313.0,4032.0,0.0,40320.0,False
2019-01-13 20:39:00,599022.0,616874.1875,616875.0,0.0,17853.0,17853.0,False
2019-01-13 20:40:00,643067.0,616494.4375,616495.0,26572.0,0.0,265720.0,False
2019-01-13 20:41:00,628528.0,624770.8125,624771.0,3757.0,0.0,37570.0,False
2019-01-13 20:42:00,602778.0,616827.5625,616828.0,0.0,14050.0,14050.0,False
2019-01-13 20:43:00,602556.0,605789.0,605789.0,0.0,3233.0,3233.0,False
2019-01-13 20:44:00,620724.0,599564.6875,599565.0,21159.0,0.0,211590.0,False
2019-01-13 20:45:00,633448.0,603894.75,603895.0,29553.0,0.0,295530.0,False
2019-01-13 20:46:00,629715.0,603986.0625,603987.0,25728.0,0.0,257280.0,False
2019-01-13 20:47:00,621728.0,605967.5625,605968.0,15760.0,0.0,157600.0,False
2019-01-13 20:48:00,614479.0,603207.1875,603208.0,11271.0,0.0,112710.0,False
2019-01-13 20:49:00,629063.0,611181.625,611182.0,17881.0,0.0,178810.0,False
2019-01-13 20:50:00,632722.0,616083.125,616084.0,16638.0,0.0,166380.0,False
2019-01-13 20:51:00,627144.0,609506.6875,609507.0,17637.0,0.0,176370.0,False
2019-01-13 20:52:00,620880.0,607346.1875,607347.0,13533.0,0.0,135330.0,False
2019-01-13 20:53:00,610313.0,609062.75,609063.0,1250.0,0.0,12500.0,False
2019-01-13 20:54:00,590847.0,610809.4375,610810.0,0.0,19963.0,19963.0,False
2019-01-13 20:55:00,616722.0,606495.8125,606496.0,10226.0,0.0,102260.0,False
2019-01-13 20:56:00,597337.0,605966.4375,605967.0,0.0,8630.0,8630.0,False
2019-01-13 20:57:00,614245.0,597630.5625,597631.0,16614.0,0.0,166140.0,False
2019-01-13 20:58:00,610850.0,604325.375,604326.0,6524.0,0.0,65240.0,False
2019-01-13 20:59:00,603803.0,602951.8125,602952.0,851.0,0.0,8510.0,False
2019-01-13 21:00:00,709711.0,603361.625,603362.0,106349.0,0.0,1063490.0,False
2019-01-13 21:01:00,658287.0,627749.25,627750.0,30537.0,0.0,305370.0,False
2019-01-13 21:02:00,640497.0,625389.0,625389.0,15108.0,0.0,151080.0,False
2019-01-13 21:03:00,642007.0,625738.0625,625739.0,16268.0,0.0,162680.0,False
2019-01-13 21:04:00,642490.0,617489.625,617490.0,25000.0,0.0,250000.0,False
2019-01-13 21:05:00,700347.0,618684.0625,618685.0,81662.0,0.0,816620.0,False
2019-01-13 21:06:00,710159.0,640332.3125,640333.0,69826.0,0.0,698260.0,False
2019-01-13 21:07:00,655037.0,650066.1875,650067.0,4970.0,0.0,49700.0,False
2019-01-13 21:08:00,699616.0,638259.9375,638260.0,61356.0,0.0,613560.0,False
2019-01-13 21:09:00,700580.0,669913.4375,669914.0,30666.0,0.0,306660.0,False
2019-01-13 21:10:00,659991.0,672464.75,672465.0,0.0,12474.0,12474.0,False
2019-01-13 21:11:00,631925.0,660007.5,660008.0,0.0,28083.0,28083.0,False
2019-01-13 21:12:00,631648.0,635751.1875,635752.0,0.0,4104.0,4104.0,False
2019-01-13 21:13:00,629153.0,624156.0625,624157.0,4996.0,0.0,49960.0,False
2019-01-13 21:14:00,621324.0,630768.1875,630769.0,0.0,9445.0,9445.0,False
2019-01-13 21:15:00,634827.0,638203.5,638204.0,0.0,3377.0,3377.0,False
2019-01-13 21:16:00,631032.0,626097.875,626098.0,4934.0,0.0,49340.0,False
2019-01-13 21:17:00,615337.0,631411.1875,631412.0,0.0,16075.0,16075.0,False
2019-01-13 21:18:00,618683.0,634051.0625,634052.0,0.0,15369.0,15369.0,False
2019-01-13 21:19:00,610498.0,628643.6875,628644.0,0.0,18146.0,18146.0,False
2019-01-13 21:20:00,632714.0,616070.3125,616071.0,16643.0,0.0,166430.0,False
2019-01-13 21:21:00,628896.0,616276.4375,616277.0,12619.0,0.0,126190.0,False
2019-01-13 21:22:00,618943.0,614629.5625,614630.0,4313.0,0.0,43130.0,False
2019-01-13 21:23:00,605840.0,611581.1875,611582.0,0.0,5742.0,5742.0,False
2019-01-13 21:24:00,592789.0,608329.75,608330.0,0.0,15541.0,15541.0,False
2019-01-13 21:25:00,611354.0,605757.25,605758.0,5596.0,0.0,55960.0,False
2019-01-13 21:26:00,620573.0,602312.0625,602313.0,18260.0,0.0,182600.0,False
2019-01-13 21:27:00,595761.0,602319.5,602320.0,0.0,6559.0,6559.0,False
2019-01-13 21:28:00,602407.0,596825.3125,596826.0,5581.0,0.0,55810.0,False
2019-01-13 21:29:00,612879.0,600077.5625,600078.0,12801.0,0.0,128010.0,False
2019-01-13 21:30:00,686466.0,602373.4375,602374.0,84092.0,0.0,840920.0,False
2019-01-13 21:31:00,638875.0,622019.1875,622020.0,16855.0,0.0,168550.0,False
2019-01-13 21:32:00,619480.0,616074.0625,616075.0,3405.0,0.0,34050.0,False
2019-01-13 21:33:00,620979.0,612747.4375,612748.0,8231.0,0.0,82310.0,False
2019-01-13 21:34:00,614180.0,604931.3125,604932.0,9248.0,0.0,92480.0,False
2019-01-13 21:35:00,624940.0,609561.125,609562.0,15378.0,0.0,153780.0,False
2019-01-13 21:36:00,607025.0,607174.6875,607175.0,0.0,150.0,150.0,False
2019-01-13 21:37:00,602548.0,599402.9375,599403.0,3145.0,0.0,31450.0,False
2019-01-13 21:38:00,600057.0,598171.0,598171.0,1886.0,0.0,18860.0,False
2019-01-13 21:39:00,600735.0,613344.4375,613345.0,0.0,12610.0,12610.0,False
2019-01-13 21:40:00,629003.0,613103.9375,613104.0,15899.0,0.0,158990.0,False
2019-01-13 21:41:00,597366.0,605986.8125,605987.0,0.0,8621.0,8621.0,False
2019-01-13 21:42:00,586638.0,597830.1875,597831.0,0.0,11193.0,11193.0,False
2019-01-13 21:43:00,597548.0,595003.0,595003.0,2545.0,0.0,25450.0,False
2019-01-13 21:44:00,591392.0,594229.1875,594230.0,0.0,2838.0,2838.0,False
2019-01-13 21:45:00,616686.0,591508.4375,591509.0,25177.0,0.0,251770.0,False
2019-01-13 21:46:00,617126.0,592871.0625,592872.0,24254.0,0.0,242540.0,False
2019-01-13 21:47:00,614583.0,592849.1875,592850.0,21733.0,0.0,217330.0,False
2019-01-13 21:48:00,615803.0,595014.875,595015.0,20788.0,0.0,207880.0,False
2019-01-13 21:49:00,598294.0,600864.3125,600865.0,0.0,2571.0,2571.0,False
2019-01-13 21:50:00,610746.0,594181.9375,594182.0,16564.0,0.0,165640.0,False
2019-01-13 21:51:00,580855.0,591872.0625,591873.0,0.0,11018.0,11018.0,False
2019-01-13 21:52:00,600161.0,587345.9375,587346.0,12815.0,0.0,128150.0,False
2019-01-13 21:53:00,599731.0,589628.3125,589629.0,10102.0,0.0,101020.0,False
2019-01-13 21:54:00,586242.0,590071.3125,590072.0,0.0,3830.0,3830.0,False
2019-01-13 21:55:00,600113.0,592886.9375,592887.0,7226.0,0.0,72260.0,False
2019-01-13 21:56:00,583827.0,591495.1875,591496.0,0.0,7669.0,7669.0,False
2019-01-13 21:57:00,591070.0,589007.6875,589008.0,2062.0,0.0,20620.0,False
2019-01-13 21:58:00,581574.0,586478.9375,586479.0,0.0,4905.0,4905.0,False
2019-01-13 21:59:00,584553.0,584501.4375,584502.0,51.0,0.0,510.0,False
2019-01-13 22:00:00,687700.0,581682.9375,581683.0,106017.0,0.0,1060170.0,False
2019-01-13 22:01:00,656653.0,606951.1875,606952.0,49701.0,0.0,497010.0,False
2019-01-13 22:02:00,638012.0,614754.1875,614755.0,23257.0,0.0,232570.0,False
2019-01-13 22:03:00,646609.0,617773.5,617774.0,28835.0,0.0,288350.0,False
2019-01-13 22:04:00,631890.0,613667.6875,613668.0,18222.0,0.0,182220.0,False
2019-01-13 22:05:00,640097.0,611203.8125,611204.0,28893.0,0.0,288930.0,False
2019-01-13 22:06:00,643927.0,616206.9375,616207.0,27720.0,0.0,277200.0,False
2019-01-13 22:07:00,685545.0,613708.3125,613709.0,71836.0,0.0,718360.0,False
2019-01-13 22:08:00,692018.0,627627.4375,627628.0,64390.0,0.0,643900.0,False
2019-01-13 22:09:00,705156.0,657588.5,657589.0,47567.0,0.0,475670.0,False
2019-01-13 22:10:00,686223.0,677827.1875,677828.0,8395.0,0.0,83950.0,False
2019-01-13 22:11:00,646201.0,664341.125,664342.0,0.0,18141.0,18141.0,False
2019-01-13 22:12:00,609603.0,652373.9375,652374.0,0.0,42771.0,42771.0,False
2019-01-13 22:13:00,604766.0,628165.1875,628166.0,0.0,23400.0,23400.0,False
2019-01-13 22:14:00,594416.0,616427.375,616428.0,0.0,22012.0,22012.0,False
2019-01-13 22:15:00,621235.0,606896.0625,606897.0,14338.0,0.0,143380.0,False
2019-01-13 22:16:00,620688.0,617665.3125,617666.0,3022.0,0.0,30220.0,False
2019-01-13 22:17:00,603620.0,620489.9375,620490.0,0.0,16870.0,16870.0,False
2019-01-13 22:18:00,595076.0,623444.5625,623445.0,0.0,28369.0,28369.0,False
2019-01-13 22:19:00,599093.0,619258.0625,619259.0,0.0,20166.0,20166.0,False
2019-01-13 22:20:00,628357.0,613534.875,613535.0,14822.0,0.0,148220.0,False
2019-01-13 22:21:00,615706.0,604023.9375,604024.0,11682.0,0.0,116820.0,False
2019-01-13 22:22:00,595043.0,597640.3125,597641.0,0.0,2598.0,2598.0,False
2019-01-13 22:23:00,584889.0,592000.1875,592001.0,0.0,7112.0,7112.0,False
2019-01-13 22:24:00,602746.0,592119.5625,592120.0,10626.0,0.0,106260.0,False
2019-01-13 22:25:00,604465.0,596666.0,596666.0,7799.0,0.0,77990.0,False
2019-01-13 22:26:00,604272.0,592402.625,592403.0,11869.0,0.0,118690.0,False
2019-01-13 22:27:00,600918.0,590757.25,590758.0,10160.0,0.0,101600.0,False
2019-01-13 22:28:00,598259.0,588604.8125,588605.0,9654.0,0.0,96540.0,False
2019-01-13 22:29:00,590528.0,594969.5625,594970.0,0.0,4442.0,4442.0,False
2019-01-13 22:30:00,671020.0,593074.5625,593075.0,77945.0,0.0,779450.0,False
2019-01-13 22:31:00,621894.0,607249.8125,607250.0,14644.0,0.0,146440.0,False
2019-01-13 22:32:00,609808.0,600189.9375,600190.0,9618.0,0.0,96180.0,False
2019-01-13 22:33:00,616165.0,605336.0625,605337.0,10828.0,0.0,108280.0,False
2019-01-13 22:34:00,595543.0,597769.9375,597770.0,0.0,2227.0,2227.0,False
2019-01-13 22:35:00,600690.0,597944.5625,597945.0,2745.0,0.0,27450.0,False
2019-01-13 22:36:00,618716.0,596112.8125,596113.0,22603.0,0.0,226030.0,False
2019-01-13 22:37:00,604539.0,596378.125,596379.0,8160.0,0.0,81600.0,False
2019-01-13 22:38:00,591946.0,591529.6875,591530.0,416.0,0.0,4160.0,False
2019-01-13 22:39:00,589484.0,606925.125,606926.0,0.0,17442.0,17442.0,False
2019-01-13 22:40:00,626425.0,602479.75,602480.0,23945.0,0.0,239450.0,False
2019-01-13 22:41:00,594423.0,597934.0625,597935.0,0.0,3512.0,3512.0,False
2019-01-13 22:42:00,593449.0,593252.9375,593253.0,196.0,0.0,1960.0,False
2019-01-13 22:43:00,595221.0,591252.0625,591253.0,3968.0,0.0,39680.0,False
2019-01-13 22:44:00,581324.0,585924.6875,585925.0,0.0,4601.0,4601.0,False
2019-01-13 22:45:00,612038.0,590138.1875,590139.0,21899.0,0.0,218990.0,False
2019-01-13 22:46:00,634439.0,591994.0625,591995.0,42444.0,0.0,424440.0,False
2019-01-13 22:47:00,612552.0,595488.5625,595489.0,17063.0,0.0,170630.0,False
2019-01-13 22:48:00,608745.0,593787.0625,593788.0,14957.0,0.0,149570.0,False
2019-01-13 22:49:00,599187.0,600452.4375,600453.0,0.0,1266.0,1266.0,False
2019-01-13 22:50:00,629791.0,592776.0625,592777.0,37014.0,0.0,370140.0,False
2019-01-13 22:51:00,608112.0,598266.0625,598267.0,9845.0,0.0,98450.0,False
2019-01-13 22:52:00,588502.0,594753.6875,594754.0,0.0,6252.0,6252.0,False
2019-01-13 22:53:00,591968.0,590062.125,590063.0,1905.0,0.0,19050.0,False
2019-01-13 22:54:00,593665.0,590301.0625,590302.0,3363.0,0.0,33630.0,False
2019-01-13 22:55:00,597600.0,597602.9375,597603.0,0.0,3.0,3.0,False
2019-01-13 22:56:00,589237.0,594971.75,594972.0,0.0,5735.0,5735.0,False
2019-01-13 22:57:00,585298.0,589233.1875,589234.0,0.0,3936.0,3936.0,False
2019-01-13 22:58:00,606630.0,585333.9375,585334.0,21296.0,0.0,212960.0,False
2019-01-13 22:59:00,589822.0,593802.25,593803.0,0.0,3981.0,3981.0,False
2019-01-13 23:00:00,703777.0,589890.3125,589891.0,113886.0,0.0,1138860.0,False
2019-01-13 23:01:00,647071.0,615001.1875,615002.0,32069.0,0.0,320690.0,False
2019-01-13 23:02:00,635905.0,611445.5,611446.0,24459.0,0.0,244590.0,False
2019-01-13 23:03:00,620118.0,620371.8125,620372.0,0.0,254.0,254.0,False
2019-01-13 23:04:00,608038.0,602991.0,602991.0,5047.0,0.0,50470.0,False
2019-01-13 23:05:00,614425.0,602988.8125,602989.0,11436.0,0.0,114360.0,False
2019-01-13 23:06:00,613815.0,599853.6875,599854.0,13961.0,0.0,139610.0,False
2019-01-13 23:07:00,669309.0,600730.1875,600731.0,68578.0,0.0,685780.0,False
2019-01-13 23:08:00,659348.0,610747.4375,610748.0,48600.0,0.0,486000.0,False
2019-01-13 23:09:00,662596.0,640409.5,640410.0,22186.0,0.0,221860.0,False
2019-01-13 23:10:00,686017.0,651998.4375,651999.0,34018.0,0.0,340180.0,False
2019-01-13 23:11:00,644829.0,650254.5625,650255.0,0.0,5426.0,5426.0,False
2019-01-13 23:12:00,624998.0,638545.875,638546.0,0.0,13548.0,13548.0,False
2019-01-13 23:13:00,618167.0,625861.625,625862.0,0.0,7695.0,7695.0,False
2019-01-13 23:14:00,599244.0,614300.125,614301.0,0.0,15057.0,15057.0,False
2019-01-13 23:15:00,626728.0,606711.6875,606712.0,20016.0,0.0,200160.0,False
2019-01-13 23:16:00,606231.0,621002.3125,621003.0,0.0,14772.0,14772.0,False
2019-01-13 23:17:00,608134.0,617989.375,617990.0,0.0,9856.0,9856.0,False
2019-01-13 23:18:00,612232.0,616745.8125,616746.0,0.0,4514.0,4514.0,False
2019-01-13 23:19:00,589391.0,620881.1875,620882.0,0.0,31491.0,31491.0,False
2019-01-13 23:20:00,644545.0,613511.6875,613512.0,31033.0,0.0,310330.0,False
2019-01-13 23:21:00,636841.0,613233.75,613234.0,23607.0,0.0,236070.0,False
2019-01-13 23:22:00,611602.0,610085.8125,610086.0,1516.0,0.0,15160.0,False
2019-01-13 23:23:00,593237.0,604972.0625,604973.0,0.0,11736.0,11736.0,False
2019-01-13 23:24:00,608121.0,600274.875,600275.0,7846.0,0.0,78460.0,False
2019-01-13 23:25:00,604425.0,600655.1875,600656.0,3769.0,0.0,37690.0,False
2019-01-13 23:26:00,593230.0,596774.6875,596775.0,0.0,3545.0,3545.0,False
2019-01-13 23:27:00,602130.0,597199.6875,597200.0,4930.0,0.0,49300.0,False
2019-01-13 23:28:00,605886.0,590230.125,590231.0,15655.0,0.0,156550.0,False
2019-01-13 23:29:00,621249.0,601007.375,601008.0,20241.0,0.0,202410.0,False
2019-01-13 23:30:00,680201.0,609084.9375,609085.0,71116.0,0.0,711160.0,False
2019-01-13 23:31:00,630802.0,619395.1875,619396.0,11406.0,0.0,114060.0,False
2019-01-13 23:32:00,615899.0,610687.3125,610688.0,5211.0,0.0,52110.0,False
2019-01-13 23:33:00,620871.0,611652.375,611653.0,9218.0,0.0,92180.0,False
2019-01-13 23:34:00,598207.0,604169.1875,604170.0,0.0,5963.0,5963.0,False
2019-01-13 23:35:00,610651.0,599287.0625,599288.0,11363.0,0.0,113630.0,False
2019-01-13 23:36:00,600688.0,601074.0625,601075.0,0.0,387.0,387.0,False
2019-01-13 23:37:00,604343.0,595419.8125,595420.0,8923.0,0.0,89230.0,False
2019-01-13 23:38:00,600874.0,598605.3125,598606.0,2268.0,0.0,22680.0,False
2019-01-13 23:39:00,573240.0,611405.875,611406.0,0.0,38166.0,38166.0,False
2019-01-13 23:40:00,621477.0,604257.8125,604258.0,17219.0,0.0,172190.0,False
2019-01-13 23:41:00,602338.0,598837.4375,598838.0,3500.0,0.0,35000.0,False
2019-01-13 23:42:00,590068.0,594797.75,594798.0,0.0,4730.0,4730.0,False
2019-01-13 23:43:00,596692.0,591778.1875,591779.0,4913.0,0.0,49130.0,False
2019-01-13 23:44:00,600927.0,588783.3125,588784.0,12143.0,0.0,121430.0,False
2019-01-13 23:45:00,653071.0,590086.6875,590087.0,62984.0,0.0,629840.0,False
2019-01-13 23:46:00,621614.0,602841.875,602842.0,18772.0,0.0,187720.0,False
2019-01-13 23:47:00,606799.0,601698.25,601699.0,5100.0,0.0,51000.0,False
2019-01-13 23:48:00,598873.0,596414.0625,596415.0,2458.0,0.0,24580.0,False
2019-01-13 23:49:00,591034.0,597091.9375,597092.0,0.0,6058.0,6058.0,False
2019-01-13 23:50:00,618909.0,595842.5625,595843.0,23066.0,0.0,230660.0,False
2019-01-13 23:51:00,592778.0,595484.125,595485.0,0.0,2707.0,2707.0,False
2019-01-13 23:52:00,583822.0,590753.4375,590754.0,0.0,6932.0,6932.0,False
2019-01-13 23:53:00,572881.0,589678.625,589679.0,0.0,16798.0,16798.0,False
2019-01-13 23:54:00,579033.0,595429.6875,595430.0,0.0,16397.0,16397.0,False
2019-01-13 23:55:00,601101.0,595627.3125,595628.0,5473.0,0.0,54730.0,False
2019-01-13 23:56:00,605542.0,588239.8125,588240.0,17302.0,0.0,173020.0,False
2019-01-13 23:57:00,578247.0,588199.8125,588200.0,0.0,9953.0,9953.0,False
2019-01-13 23:58:00,593032.0,582200.8125,582201.0,10831.0,0.0,108310.0,False
2019-01-13 23:59:00,582241.0,588863.9375,588864.0,0.0,6623.0,6623.0,False
2019-01-14 00:00:00,724008.0,582335.9375,582336.0,141672.0,0.0,1416720.0,False
2019-01-14 00:01:00,686866.0,618648.5,618649.0,68217.0,0.0,682170.0,False
2019-01-14 00:02:00,676676.0,622082.9375,622083.0,54593.0,0.0,545930.0,False
2019-01-14 00:03:00,702263.0,639331.0625,639332.0,62931.0,0.0,629310.0,False
2019-01-14 00:04:00,750027.0,642339.5625,642340.0,107687.0,0.0,1076870.0,False
2019-01-14 00:05:00,768514.0,670638.625,670639.0,97875.0,0.0,978750.0,False
2019-01-14 00:06:00,760477.0,681639.625,681640.0,78837.0,0.0,788370.0,False
2019-01-14 00:07:00,690234.0,686947.0625,686948.0,3286.0,0.0,32860.0,False
2019-01-14 00:08:00,653675.0,658411.8125,658412.0,0.0,4737.0,4737.0,False
2019-01-14 00:09:00,646362.0,669133.8125,669134.0,0.0,22772.0,22772.0,False
2019-01-14 00:10:00,661470.0,651044.6875,651045.0,10425.0,0.0,104250.0,False
2019-01-14 00:11:00,614286.0,645531.6875,645532.0,0.0,31246.0,31246.0,False
2019-01-14 00:12:00,640283.0,627105.4375,627106.0,13177.0,0.0,131770.0,False
2019-01-14 00:13:00,661933.0,643411.8125,643412.0,18521.0,0.0,185210.0,False
2019-01-14 00:14:00,647814.0,650777.9375,650778.0,0.0,2964.0,2964.0,False
2019-01-14 00:15:00,660230.0,663533.9375,663534.0,0.0,3304.0,3304.0,False
2019-01-14 00:16:00,633263.0,658058.375,658059.0,0.0,24796.0,24796.0,False
2019-01-14 00:17:00,612830.0,643375.5625,643376.0,0.0,30546.0,30546.0,False
2019-01-14 00:18:00,620193.0,631228.125,631229.0,0.0,11036.0,11036.0,False
2019-01-14 00:19:00,602740.0,629113.5625,629114.0,0.0,26374.0,26374.0,False
2019-01-14 00:20:00,633806.0,614100.5625,614101.0,19705.0,0.0,197050.0,False
2019-01-14 00:21:00,614246.0,616565.6875,616566.0,0.0,2320.0,2320.0,False
2019-01-14 00:22:00,592625.0,618903.4375,618904.0,0.0,26279.0,26279.0,False
2019-01-14 00:23:00,606052.0,615951.5625,615952.0,0.0,9900.0,9900.0,False
2019-01-14 00:24:00,596656.0,613353.0625,613354.0,0.0,16698.0,16698.0,False
2019-01-14 00:25:00,630457.0,608014.6875,608015.0,22442.0,0.0,224420.0,False
2019-01-14 00:26:00,612414.0,605117.4375,605118.0,7296.0,0.0,72960.0,False
2019-01-14 00:27:00,615933.0,600068.1875,600069.0,15864.0,0.0,158640.0,False
2019-01-14 00:28:00,612140.0,600162.5625,600163.0,11977.0,0.0,119770.0,False
2019-01-14 00:29:00,619235.0,601850.3125,601851.0,17384.0,0.0,173840.0,False
2019-01-14 00:30:00,661329.0,605365.6875,605366.0,55963.0,0.0,559630.0,False
2019-01-14 00:31:00,651960.0,609774.1875,609775.0,42185.0,0.0,421850.0,False
2019-01-14 00:32:00,604361.0,617019.4375,617020.0,0.0,12659.0,12659.0,False
2019-01-14 00:33:00,608555.0,607849.1875,607850.0,705.0,0.0,7050.0,False
2019-01-14 00:34:00,607374.0,609603.5625,609604.0,0.0,2230.0,2230.0,False
2019-01-14 00:35:00,593715.0,605517.3125,605518.0,0.0,11803.0,11803.0,False
2019-01-14 00:36:00,589115.0,602693.1875,602694.0,0.0,13579.0,13579.0,False
2019-01-14 00:37:00,574144.0,596980.3125,596981.0,0.0,22837.0,22837.0,False
2019-01-14 00:38:00,599723.0,591156.0,591156.0,8567.0,0.0,85670.0,False
2019-01-14 00:39:00,588388.0,605323.6875,605324.0,0.0,16936.0,16936.0,False
2019-01-14 00:40:00,616983.0,606465.9375,606466.0,10517.0,0.0,105170.0,False
2019-01-14 00:41:00,600285.0,598733.1875,598734.0,1551.0,0.0,15510.0,False
2019-01-14 00:42:00,580191.0,588639.8125,588640.0,0.0,8449.0,8449.0,False
2019-01-14 00:43:00,589322.0,589115.9375,589116.0,206.0,0.0,2060.0,False
2019-01-14 00:44:00,589025.0,584114.5625,584115.0,4910.0,0.0,49100.0,False
2019-01-14 00:45:00,615643.0,583443.8125,583444.0,32199.0,0.0,321990.0,False
2019-01-14 00:46:00,607328.0,585807.3125,585808.0,21520.0,0.0,215200.0,False
2019-01-14 00:47:00,593823.0,588932.25,588933.0,4890.0,0.0,48900.0,False
2019-01-14 00:48:00,593657.0,587212.75,587213.0,6444.0,0.0,64440.0,False
2019-01-14 00:49:00,598774.0,589640.0625,589641.0,9133.0,0.0,91330.0,False
2019-01-14 00:50:00,635094.0,589686.9375,589687.0,45407.0,0.0,454070.0,False
2019-01-14 00:51:00,606319.0,593522.0625,593523.0,12796.0,0.0,127960.0,False
2019-01-14 00:52:00,583038.0,591190.3125,591191.0,0.0,8153.0,8153.0,False
2019-01-14 00:53:00,582240.0,588258.0,588258.0,0.0,6018.0,6018.0,False
2019-01-14 00:54:00,590908.0,588209.9375,588210.0,2698.0,0.0,26980.0,False
2019-01-14 00:55:00,595042.0,589860.5,589861.0,5181.0,0.0,51810.0,False
2019-01-14 00:56:00,612850.0,586786.3125,586787.0,26063.0,0.0,260630.0,False
2019-01-14 00:57:00,609483.0,589349.625,589350.0,20133.0,0.0,201330.0,False
2019-01-14 00:58:00,587247.0,589563.3125,589564.0,0.0,2317.0,2317.0,False
2019-01-14 00:59:00,577520.0,595600.9375,595601.0,0.0,18081.0,18081.0,False
2019-01-14 01:00:00,676954.0,589288.5625,589289.0,87665.0,0.0,876650.0,False
2019-01-14 01:01:00,639336.0,604476.4375,604477.0,34859.0,0.0,348590.0,False
2019-01-14 01:02:00,635492.0,605524.125,605525.0,29967.0,0.0,299670.0,False
2019-01-14 01:03:00,625915.0,614779.4375,614780.0,11135.0,0.0,111350.0,False
2019-01-14 01:04:00,602986.0,603684.4375,603685.0,0.0,699.0,699.0,False
2019-01-14 01:05:00,615172.0,605503.0625,605504.0,9668.0,0.0,96680.0,False
2019-01-14 01:06:00,650273.0,606308.4375,606309.0,43964.0,0.0,439640.0,False
2019-01-14 01:07:00,658641.0,610197.5625,610198.0,48443.0,0.0,484430.0,False
2019-01-14 01:08:00,672226.0,612962.9375,612963.0,59263.0,0.0,592630.0,False
2019-01-14 01:09:00,664053.0,644470.75,644471.0,19582.0,0.0,195820.0,False
2019-01-14 01:10:00,688272.0,648998.1875,648999.0,39273.0,0.0,392730.0,False
2019-01-14 01:11:00,662530.0,654701.625,654702.0,7828.0,0.0,78280.0,False
2019-01-14 01:12:00,619185.0,645953.25,645954.0,0.0,26769.0,26769.0,False
2019-01-14 01:13:00,603714.0,627126.5,627127.0,0.0,23413.0,23413.0,False
2019-01-14 01:14:00,582492.0,610914.75,610915.0,0.0,28423.0,28423.0,False
2019-01-14 01:15:00,601546.0,610728.5625,610729.0,0.0,9183.0,9183.0,False
2019-01-14 01:16:00,599824.0,614566.4375,614567.0,0.0,14743.0,14743.0,False
2019-01-14 01:17:00,595465.0,613279.875,613280.0,0.0,17815.0,17815.0,False
2019-01-14 01:18:00,583158.0,611711.8125,611712.0,0.0,28554.0,28554.0,False
2019-01-14 01:19:00,580202.0,612210.25,612211.0,0.0,32009.0,32009.0,False
2019-01-14 01:20:00,605787.0,610487.8125,610488.0,0.0,4701.0,4701.0,False
2019-01-14 01:21:00,574633.0,600154.9375,600155.0,0.0,25522.0,25522.0,False
2019-01-14 01:22:00,578424.0,584948.6875,584949.0,0.0,6525.0,6525.0,False
2019-01-14 01:23:00,564686.0,580692.5625,580693.0,0.0,16007.0,16007.0,False
2019-01-14 01:24:00,563107.0,575531.8125,575532.0,0.0,12425.0,12425.0,False
2019-01-14 01:25:00,586602.0,576622.6875,576623.0,9979.0,0.0,99790.0,False
2019-01-14 01:26:00,572238.0,576866.1875,576867.0,0.0,4629.0,4629.0,False
2019-01-14 01:27:00,583263.0,573722.75,573723.0,9540.0,0.0,95400.0,False
2019-01-14 01:28:00,586359.0,574048.6875,574049.0,12310.0,0.0,123100.0,False
2019-01-14 01:29:00,592079.0,578009.6875,578010.0,14069.0,0.0,140690.0,False
2019-01-14 01:30:00,631658.0,577119.1875,577120.0,54538.0,0.0,545380.0,False
2019-01-14 01:31:00,610743.0,584901.8125,584902.0,25841.0,0.0,258410.0,False
2019-01-14 01:32:00,593795.0,583171.9375,583172.0,10623.0,0.0,106230.0,False
2019-01-14 01:33:00,612835.0,582036.6875,582037.0,30798.0,0.0,307980.0,False
2019-01-14 01:34:00,587121.0,587003.9375,587004.0,117.0,0.0,1170.0,False
2019-01-14 01:35:00,593417.0,583638.875,583639.0,9778.0,0.0,97780.0,False
2019-01-14 01:36:00,599434.0,586110.9375,586111.0,13323.0,0.0,133230.0,False
2019-01-14 01:37:00,594103.0,585102.875,585103.0,9000.0,0.0,90000.0,False
2019-01-14 01:38:00,598315.0,586513.9375,586514.0,11801.0,0.0,118010.0,False
2019-01-14 01:39:00,598095.0,594478.4375,594479.0,3616.0,0.0,36160.0,False
2019-01-14 01:40:00,612515.0,593056.25,593057.0,19458.0,0.0,194580.0,False
2019-01-14 01:41:00,594206.0,589974.3125,589975.0,4231.0,0.0,42310.0,False
2019-01-14 01:42:00,584676.0,590167.8125,590168.0,0.0,5492.0,5492.0,False
2019-01-14 01:43:00,593841.0,586206.5625,586207.0,7634.0,0.0,76340.0,False
2019-01-14 01:44:00,572140.0,584382.3125,584383.0,0.0,12243.0,12243.0,False
2019-01-14 01:45:00,592478.0,582407.3125,582408.0,10070.0,0.0,100700.0,False
2019-01-14 01:46:00,581277.0,584620.0,584620.0,0.0,3343.0,3343.0,False
2019-01-14 01:47:00,576015.0,581295.0625,581296.0,0.0,5281.0,5281.0,False
2019-01-14 01:48:00,593748.0,581717.5625,581718.0,12030.0,0.0,120300.0,False
2019-01-14 01:49:00,588534.0,584911.5,584912.0,3622.0,0.0,36220.0,False
2019-01-14 01:50:00,604205.0,583324.25,583325.0,20880.0,0.0,208800.0,False
2019-01-14 01:51:00,585638.0,583956.125,583957.0,1681.0,0.0,16810.0,False
2019-01-14 01:52:00,586197.0,582255.3125,582256.0,3941.0,0.0,39410.0,False
2019-01-14 01:53:00,589045.0,580378.6875,580379.0,8666.0,0.0,86660.0,False
2019-01-14 01:54:00,586329.0,580879.375,580880.0,5449.0,0.0,54490.0,False
2019-01-14 01:55:00,594730.0,581118.375,581119.0,13611.0,0.0,136110.0,False
2019-01-14 01:56:00,604010.0,580199.625,580200.0,23810.0,0.0,238100.0,False
2019-01-14 01:57:00,553544.0,585014.4375,585015.0,0.0,31471.0,31471.0,False
2019-01-14 01:58:00,583737.0,576378.125,576379.0,7358.0,0.0,73580.0,False
2019-01-14 01:59:00,574871.0,582822.1875,582823.0,0.0,7952.0,7952.0,False
2019-01-14 02:00:00,662813.0,573499.0625,573500.0,89313.0,0.0,893130.0,False
2019-01-14 02:01:00,626663.0,597965.8125,597966.0,28697.0,0.0,286970.0,False
2019-01-14 02:02:00,630428.0,594628.9375,594629.0,35799.0,0.0,357990.0,False
2019-01-14 02:03:00,610738.0,605292.9375,605293.0,5445.0,0.0,54450.0,False
2019-01-14 02:04:00,603111.0,592260.3125,592261.0,10850.0,0.0,108500.0,False
2019-01-14 02:05:00,630392.0,599609.6875,599610.0,30782.0,0.0,307820.0,False
2019-01-14 02:06:00,702394.0,594155.125,594156.0,108238.0,0.0,1082380.0,False
2019-01-14 02:07:00,698618.0,622220.8125,622221.0,76397.0,0.0,763970.0,False
2019-01-14 02:08:00,699105.0,632677.0625,632678.0,66427.0,0.0,664270.0,False
2019-01-14 02:09:00,646306.0,664162.75,664163.0,0.0,17857.0,17857.0,False
2019-01-14 02:10:00,618290.0,644883.4375,644884.0,0.0,26594.0,26594.0,False
2019-01-14 02:11:00,621798.0,628499.9375,628500.0,0.0,6702.0,6702.0,False
2019-01-14 02:12:00,599828.0,612210.875,612211.0,0.0,12383.0,12383.0,False
2019-01-14 02:13:00,606306.0,599658.5625,599659.0,6647.0,0.0,66470.0,False
2019-01-14 02:14:00,612062.0,597424.625,597425.0,14637.0,0.0,146370.0,False
2019-01-14 02:15:00,630775.0,612777.6875,612778.0,17997.0,0.0,179970.0,False
2019-01-14 02:16:00,619182.0,626631.5625,626632.0,0.0,7450.0,7450.0,False
2019-01-14 02:17:00,597184.0,627916.625,627917.0,0.0,30733.0,30733.0,False
2019-01-14 02:18:00,578319.0,617419.1875,617420.0,0.0,39101.0,39101.0,False
2019-01-14 02:19:00,577190.0,598458.5,598459.0,0.0,21269.0,21269.0,False
2019-01-14 02:20:00,606664.0,592988.5625,592989.0,13675.0,0.0,136750.0,False
2019-01-14 02:21:00,608332.0,591099.9375,591100.0,17232.0,0.0,172320.0,False
2019-01-14 02:22:00,577247.0,591432.75,591433.0,0.0,14186.0,14186.0,False
2019-01-14 02:23:00,588671.0,588583.375,588584.0,87.0,0.0,870.0,False
2019-01-14 02:24:00,591482.0,593283.3125,593284.0,0.0,1802.0,1802.0,False
2019-01-14 02:25:00,600822.0,590860.8125,590861.0,9961.0,0.0,99610.0,False
2019-01-14 02:26:00,601005.0,588920.8125,588921.0,12084.0,0.0,120840.0,False
2019-01-14 02:27:00,585256.0,583668.6875,583669.0,1587.0,0.0,15870.0,False
2019-01-14 02:28:00,619376.0,581147.9375,581148.0,38228.0,0.0,382280.0,False
2019-01-14 02:29:00,597214.0,590744.5625,590745.0,6469.0,0.0,64690.0,False
2019-01-14 02:30:00,657216.0,589422.1875,589423.0,67793.0,0.0,677930.0,False
2019-01-14 02:31:00,590080.0,602565.1875,602566.0,0.0,12486.0,12486.0,False
2019-01-14 02:32:00,613328.0,588867.5,588868.0,24460.0,0.0,244600.0,False
2019-01-14 02:33:00,607946.0,600351.4375,600352.0,7594.0,0.0,75940.0,False
2019-01-14 02:34:00,593981.0,591132.875,591133.0,2848.0,0.0,28480.0,False
2019-01-14 02:35:00,605660.0,597227.5625,597228.0,8432.0,0.0,84320.0,False
2019-01-14 02:36:00,606875.0,590152.8125,590153.0,16722.0,0.0,167220.0,False
2019-01-14 02:37:00,584617.0,597276.9375,597277.0,0.0,12660.0,12660.0,False
2019-01-14 02:38:00,575358.0,589620.5,589621.0,0.0,14263.0,14263.0,False
2019-01-14 02:39:00,579152.0,599323.8125,599324.0,0.0,20172.0,20172.0,False
2019-01-14 02:40:00,615563.0,587417.125,587418.0,28145.0,0.0,281450.0,False
2019-01-14 02:41:00,594108.0,591266.25,591267.0,2841.0,0.0,28410.0,False
2019-01-14 02:42:00,593272.0,589164.3125,589165.0,4107.0,0.0,41070.0,False
2019-01-14 02:43:00,592151.0,587700.6875,587701.0,4450.0,0.0,44500.0,False
2019-01-14 02:44:00,596551.0,585242.875,585243.0,11308.0,0.0,113080.0,False
2019-01-14 02:45:00,626458.0,589212.6875,589213.0,37245.0,0.0,372450.0,False
2019-01-14 02:46:00,620164.0,591459.9375,591460.0,28704.0,0.0,287040.0,False
2019-01-14 02:47:00,604021.0,591072.5,591073.0,12948.0,0.0,129480.0,False
2019-01-14 02:48:00,579581.0,589168.4375,589169.0,0.0,9588.0,9588.0,False
2019-01-14 02:49:00,592229.0,590045.5625,590046.0,2183.0,0.0,21830.0,False
2019-01-14 02:50:00,628801.0,589055.8125,589056.0,39745.0,0.0,397450.0,False
2019-01-14 02:51:00,589419.0,593498.5625,593499.0,0.0,4080.0,4080.0,False
2019-01-14 02:52:00,586251.0,588796.9375,588797.0,0.0,2546.0,2546.0,False
2019-01-14 02:53:00,571031.0,588287.0625,588288.0,0.0,17257.0,17257.0,False
2019-01-14 02:54:00,578521.0,586934.0625,586935.0,0.0,8414.0,8414.0,False
2019-01-14 02:55:00,597500.0,590975.9375,590976.0,6524.0,0.0,65240.0,False
2019-01-14 02:56:00,588547.0,587125.8125,587126.0,1421.0,0.0,14210.0,False
2019-01-14 02:57:00,591917.0,582165.5625,582166.0,9751.0,0.0,97510.0,False
2019-01-14 02:58:00,584230.0,582789.875,582790.0,1440.0,0.0,14400.0,False
2019-01-14 02:59:00,593274.0,588794.5625,588795.0,4479.0,0.0,44790.0,False
2019-01-14 03:00:00,679837.0,585464.625,585465.0,94372.0,0.0,943720.0,False
2019-01-14 03:01:00,622688.0,604255.6875,604256.0,18432.0,0.0,184320.0,False
2019-01-14 03:02:00,604889.0,599116.4375,599117.0,5772.0,0.0,57720.0,False
2019-01-14 03:03:00,617184.0,599450.6875,599451.0,17733.0,0.0,177330.0,False
2019-01-14 03:04:00,597274.0,595690.4375,595691.0,1583.0,0.0,15830.0,False
2019-01-14 03:05:00,622600.0,594991.5,594992.0,27608.0,0.0,276080.0,False
2019-01-14 03:06:00,592123.0,600132.8125,600133.0,0.0,8010.0,8010.0,False
2019-01-14 03:07:00,626849.0,589872.75,589873.0,36976.0,0.0,369760.0,False
2019-01-14 03:08:00,682292.0,597935.375,597936.0,84356.0,0.0,843560.0,False
2019-01-14 03:09:00,700401.0,631973.0625,631974.0,68427.0,0.0,684270.0,False
2019-01-14 03:10:00,666389.0,651563.875,651564.0,14825.0,0.0,148250.0,False
2019-01-14 03:11:00,612572.0,637413.9375,637414.0,0.0,24842.0,24842.0,False
2019-01-14 03:12:00,621920.0,620719.0625,620720.0,1200.0,0.0,12000.0,False
2019-01-14 03:13:00,613161.0,611344.5625,611345.0,1816.0,0.0,18160.0,False
2019-01-14 03:14:00,609025.0,608036.6875,608037.0,988.0,0.0,9880.0,False
2019-01-14 03:15:00,623121.0,602250.6875,602251.0,20870.0,0.0,208700.0,False
2019-01-14 03:16:00,637494.0,599679.75,599680.0,37814.0,0.0,378140.0,False
2019-01-14 03:17:00,635466.0,621363.5625,621364.0,14102.0,0.0,141020.0,False
2019-01-14 03:18:00,617721.0,635484.3125,635485.0,0.0,17764.0,17764.0,False
2019-01-14 03:19:00,583251.0,630728.5625,630729.0,0.0,47478.0,47478.0,False
2019-01-14 03:20:00,622233.0,607133.8125,607134.0,15099.0,0.0,150990.0,False
2019-01-14 03:21:00,615859.0,605908.3125,605909.0,9950.0,0.0,99500.0,False
2019-01-14 03:22:00,616556.0,603102.5625,603103.0,13453.0,0.0,134530.0,False
2019-01-14 03:23:00,597281.0,604246.25,604247.0,0.0,6966.0,6966.0,False
2019-01-14 03:24:00,570549.0,598396.0625,598397.0,0.0,27848.0,27848.0,False
2019-01-14 03:25:00,604727.0,599401.5625,599402.0,5325.0,0.0,53250.0,False
2019-01-14 03:26:00,598281.0,603029.5625,603030.0,0.0,4749.0,4749.0,False
2019-01-14 03:27:00,603782.0,596730.5625,596731.0,7051.0,0.0,70510.0,False
2019-01-14 03:28:00,588089.0,590048.4375,590049.0,0.0,1960.0,1960.0,False
2019-01-14 03:29:00,607015.0,589922.375,589923.0,17092.0,0.0,170920.0,False
2019-01-14 03:30:00,666081.0,595601.3125,595602.0,70479.0,0.0,704790.0,False
2019-01-14 03:31:00,617054.0,609439.6875,609440.0,7614.0,0.0,76140.0,False
2019-01-14 03:32:00,589402.0,604060.1875,604061.0,0.0,14659.0,14659.0,False
2019-01-14 03:33:00,592313.0,593455.0625,593456.0,0.0,1143.0,1143.0,False
2019-01-14 03:34:00,597191.0,591552.875,591553.0,5638.0,0.0,56380.0,False
2019-01-14 03:35:00,608885.0,593142.0,593142.0,15743.0,0.0,157430.0,False
2019-01-14 03:36:00,614924.0,595837.9375,595838.0,19086.0,0.0,190860.0,False
2019-01-14 03:37:00,591135.0,593361.5625,593362.0,0.0,2227.0,2227.0,False
2019-01-14 03:38:00,575684.0,590809.25,590810.0,0.0,15126.0,15126.0,False
2019-01-14 03:39:00,583480.0,602992.9375,602993.0,0.0,19513.0,19513.0,False
2019-01-14 03:40:00,606771.0,597661.75,597662.0,9109.0,0.0,91090.0,False
2019-01-14 03:41:00,591184.0,587776.3125,587777.0,3407.0,0.0,34070.0,False
2019-01-14 03:42:00,579308.0,585018.375,585019.0,0.0,5711.0,5711.0,False
2019-01-14 03:43:00,587563.0,584147.9375,584148.0,3415.0,0.0,34150.0,False
2019-01-14 03:44:00,578360.0,584752.8125,584753.0,0.0,6393.0,6393.0,False
2019-01-14 03:45:00,612950.0,585705.5625,585706.0,27244.0,0.0,272440.0,False
2019-01-14 03:46:00,596192.0,588578.9375,588579.0,7613.0,0.0,76130.0,False
2019-01-14 03:47:00,591518.0,581997.4375,581998.0,9520.0,0.0,95200.0,False
2019-01-14 03:48:00,592613.0,584046.3125,584047.0,8566.0,0.0,85660.0,False
2019-01-14 03:49:00,579253.0,585506.3125,585507.0,0.0,6254.0,6254.0,False
2019-01-14 03:50:00,600333.0,583400.25,583401.0,16932.0,0.0,169320.0,False
2019-01-14 03:51:00,604746.0,583369.9375,583370.0,21376.0,0.0,213760.0,False
2019-01-14 03:52:00,599344.0,585050.625,585051.0,14293.0,0.0,142930.0,False
2019-01-14 03:53:00,592668.0,584868.0,584868.0,7800.0,0.0,78000.0,False
2019-01-14 03:54:00,594867.0,588298.9375,588299.0,6568.0,0.0,65680.0,False
2019-01-14 03:55:00,601547.0,587281.6875,587282.0,14265.0,0.0,142650.0,False
2019-01-14 03:56:00,604289.0,586267.125,586268.0,18021.0,0.0,180210.0,False
2019-01-14 03:57:00,585113.0,588008.5,588009.0,0.0,2896.0,2896.0,False
2019-01-14 03:58:00,577410.0,582933.1875,582934.0,0.0,5524.0,5524.0,False
2019-01-14 03:59:00,589425.0,583495.0625,583496.0,5929.0,0.0,59290.0,False
2019-01-14 04:00:00,697029.0,584853.25,584854.0,112175.0,0.0,1121750.0,False
2019-01-14 04:01:00,660790.0,612242.3125,612243.0,48547.0,0.0,485470.0,False
2019-01-14 04:02:00,632167.0,616928.125,616929.0,15238.0,0.0,152380.0,False
2019-01-14 04:03:00,631597.0,619750.125,619751.0,11846.0,0.0,118460.0,False
2019-01-14 04:04:00,600180.0,609338.8125,609339.0,0.0,9159.0,9159.0,False
2019-01-14 04:05:00,623522.0,603282.6875,603283.0,20239.0,0.0,202390.0,False
2019-01-14 04:06:00,596248.0,605603.125,605604.0,0.0,9356.0,9356.0,False
2019-01-14 04:07:00,581607.0,592599.75,592600.0,0.0,10993.0,10993.0,False
2019-01-14 04:08:00,580618.0,589509.4375,589510.0,0.0,8892.0,8892.0,False
2019-01-14 04:09:00,591141.0,605589.5625,605590.0,0.0,14449.0,14449.0,False
2019-01-14 04:10:00,617690.0,612674.5625,612675.0,5015.0,0.0,50150.0,False
2019-01-14 04:11:00,599715.0,607228.3125,607229.0,0.0,7514.0,7514.0,False
2019-01-14 04:12:00,589409.0,600087.4375,600088.0,0.0,10679.0,10679.0,False
2019-01-14 04:13:00,598879.0,590716.3125,590717.0,8162.0,0.0,81620.0,False
2019-01-14 04:14:00,585839.0,591778.3125,591779.0,0.0,5940.0,5940.0,False
2019-01-14 04:15:00,604982.0,587254.5625,587255.0,17727.0,0.0,177270.0,False
2019-01-14 04:16:00,609346.0,586224.5625,586225.0,23121.0,0.0,231210.0,False
2019-01-14 04:17:00,603995.0,585761.3125,585762.0,18233.0,0.0,182330.0,False
2019-01-14 04:18:00,614134.0,588636.125,588637.0,25497.0,0.0,254970.0,False
2019-01-14 04:19:00,598634.0,594998.1875,594999.0,3635.0,0.0,36350.0,False
2019-01-14 04:20:00,612941.0,591184.9375,591185.0,21756.0,0.0,217560.0,False
2019-01-14 04:21:00,607902.0,591459.0,591459.0,16443.0,0.0,164430.0,False
2019-01-14 04:22:00,594345.0,591065.4375,591066.0,3279.0,0.0,32790.0,False
2019-01-14 04:23:00,591751.0,588762.4375,588763.0,2988.0,0.0,29880.0,False
2019-01-14 04:24:00,579338.0,588587.125,588588.0,0.0,9250.0,9250.0,False
2019-01-14 04:25:00,599287.0,587378.0,587378.0,11909.0,0.0,119090.0,False
2019-01-14 04:26:00,597834.0,588750.3125,588751.0,9083.0,0.0,90830.0,False
2019-01-14 04:27:00,566671.0,589609.875,589610.0,0.0,22939.0,22939.0,False
2019-01-14 04:28:00,584909.0,583306.5,583307.0,1602.0,0.0,16020.0,False
2019-01-14 04:29:00,589918.0,585340.0,585340.0,4578.0,0.0,45780.0,False
2019-01-14 04:30:00,648537.0,584557.0625,584558.0,63979.0,0.0,639790.0,False
2019-01-14 04:31:00,615342.0,597767.9375,597768.0,17574.0,0.0,175740.0,False
2019-01-14 04:32:00,611144.0,593470.5625,593471.0,17673.0,0.0,176730.0,False
2019-01-14 04:33:00,595225.0,595281.4375,595282.0,0.0,57.0,57.0,False
2019-01-14 04:34:00,581029.0,589067.875,589068.0,0.0,8039.0,8039.0,False
2019-01-14 04:35:00,607635.0,590854.1875,590855.0,16780.0,0.0,167800.0,False
2019-01-14 04:36:00,592691.0,586991.875,586992.0,5699.0,0.0,56990.0,False
2019-01-14 04:37:00,591771.0,585946.4375,585947.0,5824.0,0.0,58240.0,False
2019-01-14 04:38:00,587780.0,587358.9375,587359.0,421.0,0.0,4210.0,False
2019-01-14 04:39:00,606984.0,596488.625,596489.0,10495.0,0.0,104950.0,False
2019-01-14 04:40:00,678532.0,598375.5,598376.0,80156.0,0.0,801560.0,False
2019-01-14 04:41:00,668562.0,611636.75,611637.0,56925.0,0.0,569250.0,False
2019-01-14 04:42:00,623387.0,619787.8125,619788.0,3599.0,0.0,35990.0,False
2019-01-14 04:43:00,615886.0,613095.25,613096.0,2790.0,0.0,27900.0,False
2019-01-14 04:44:00,647792.0,607839.875,607840.0,39952.0,0.0,399520.0,False
2019-01-14 04:45:00,665412.0,612112.4375,612113.0,53299.0,0.0,532990.0,False
2019-01-14 04:46:00,661926.0,622491.25,622492.0,39434.0,0.0,394340.0,False
2019-01-14 04:47:00,645203.0,627163.8125,627164.0,18039.0,0.0,180390.0,False
2019-01-14 04:48:00,618127.0,623524.3125,623525.0,0.0,5398.0,5398.0,False
2019-01-14 04:49:00,609602.0,631677.375,631678.0,0.0,22076.0,22076.0,False
2019-01-14 04:50:00,614106.0,634055.875,634056.0,0.0,19950.0,19950.0,False
2019-01-14 04:51:00,597144.0,619736.0625,619737.0,0.0,22593.0,22593.0,False
2019-01-14 04:52:00,600938.0,603584.75,603585.0,0.0,2647.0,2647.0,False
2019-01-14 04:53:00,593225.0,606129.6875,606130.0,0.0,12905.0,12905.0,False
2019-01-14 04:54:00,586083.0,609885.8125,609886.0,0.0,23803.0,23803.0,False
2019-01-14 04:55:00,595807.0,612011.75,612012.0,0.0,16205.0,16205.0,False
2019-01-14 04:56:00,600295.0,607263.125,607264.0,0.0,6969.0,6969.0,False
2019-01-14 04:57:00,604990.0,597125.0625,597126.0,7864.0,0.0,78640.0,False
2019-01-14 04:58:00,593882.0,592236.625,592237.0,1645.0,0.0,16450.0,False
2019-01-14 04:59:00,594173.0,590807.9375,590808.0,3365.0,0.0,33650.0,False
2019-01-14 05:00:00,696965.0,587787.9375,587788.0,109177.0,0.0,1091770.0,False
2019-01-14 05:01:00,661256.0,613150.5625,613151.0,48105.0,0.0,481050.0,False
2019-01-14 05:02:00,637970.0,617842.5,617843.0,20127.0,0.0,201270.0,False
2019-01-14 05:03:00,628963.0,621011.3125,621012.0,7951.0,0.0,79510.0,False
2019-01-14 05:04:00,592836.0,608947.9375,608948.0,0.0,16112.0,16112.0,False
2019-01-14 05:05:00,607714.0,601508.6875,601509.0,6205.0,0.0,62050.0,False
2019-01-14 05:06:00,592538.0,603383.1875,603384.0,0.0,10846.0,10846.0,False
2019-01-14 05:07:00,645079.0,593659.4375,593660.0,51419.0,0.0,514190.0,False
2019-01-14 05:08:00,652923.0,602185.3125,602186.0,50737.0,0.0,507370.0,False
2019-01-14 05:09:00,657840.0,628204.6875,628205.0,29635.0,0.0,296350.0,False
2019-01-14 05:10:00,677156.0,645289.6875,645290.0,31866.0,0.0,318660.0,False
2019-01-14 05:11:00,668398.0,645214.1875,645215.0,23183.0,0.0,231830.0,False
2019-01-14 05:12:00,656794.0,644406.1875,644407.0,12387.0,0.0,123870.0,False
2019-01-14 05:13:00,639662.0,634317.1875,634318.0,5344.0,0.0,53440.0,False
2019-01-14 05:14:00,600651.0,627221.9375,627222.0,0.0,26571.0,26571.0,False
2019-01-14 05:15:00,627013.0,609700.0625,609701.0,17312.0,0.0,173120.0,False
2019-01-14 05:16:00,618807.0,619994.3125,619995.0,0.0,1188.0,1188.0,False
2019-01-14 05:17:00,614652.0,621100.5625,621101.0,0.0,6449.0,6449.0,False
2019-01-14 05:18:00,608849.0,621673.4375,621674.0,0.0,12825.0,12825.0,False
2019-01-14 05:19:00,597392.0,620781.3125,620782.0,0.0,23390.0,23390.0,False
2019-01-14 05:20:00,638884.0,619979.3125,619980.0,18904.0,0.0,189040.0,False
2019-01-14 05:21:00,653698.0,625097.4375,625098.0,28600.0,0.0,286000.0,False
2019-01-14 05:22:00,646745.0,627216.375,627217.0,19528.0,0.0,195280.0,False
2019-01-14 05:23:00,623909.0,619624.8125,619625.0,4284.0,0.0,42840.0,False
2019-01-14 05:24:00,600845.0,615551.5625,615552.0,0.0,14707.0,14707.0,False
2019-01-14 05:25:00,618773.0,609556.8125,609557.0,9216.0,0.0,92160.0,False
2019-01-14 05:26:00,619560.0,608546.6875,608547.0,11013.0,0.0,110130.0,False
2019-01-14 05:27:00,628203.0,606846.8125,606847.0,21356.0,0.0,213560.0,False
2019-01-14 05:28:00,594132.0,605898.25,605899.0,0.0,11767.0,11767.0,False
2019-01-14 05:29:00,606977.0,604017.0625,604018.0,2959.0,0.0,29590.0,False
2019-01-14 05:30:00,691350.0,613707.375,613708.0,77642.0,0.0,776420.0,False
2019-01-14 05:31:00,672963.0,634483.375,634484.0,38479.0,0.0,384790.0,False
2019-01-14 05:32:00,652094.0,637970.8125,637971.0,14123.0,0.0,141230.0,False
2019-01-14 05:33:00,674332.0,632275.5625,632276.0,42056.0,0.0,420560.0,False
2019-01-14 05:34:00,648153.0,635783.625,635784.0,12369.0,0.0,123690.0,False
2019-01-14 05:35:00,652818.0,633557.0,633557.0,19261.0,0.0,192610.0,False
2019-01-14 05:36:00,643219.0,640852.6875,640853.0,2366.0,0.0,23660.0,False
2019-01-14 05:37:00,634244.0,623793.8125,623794.0,10450.0,0.0,104500.0,False
2019-01-14 05:38:00,640978.0,620845.4375,620846.0,20132.0,0.0,201320.0,False
2019-01-14 05:39:00,648013.0,636940.8125,636941.0,11072.0,0.0,110720.0,False
2019-01-14 05:40:00,651590.0,647101.1875,647102.0,4488.0,0.0,44880.0,False
2019-01-14 05:41:00,637965.0,642141.875,642142.0,0.0,4177.0,4177.0,False
2019-01-14 05:42:00,632759.0,641935.4375,641936.0,0.0,9177.0,9177.0,False
2019-01-14 05:43:00,632653.0,637082.3125,637083.0,0.0,4430.0,4430.0,False
2019-01-14 05:44:00,617595.0,631423.0,631423.0,0.0,13828.0,13828.0,False
2019-01-14 05:45:00,640348.0,625913.4375,625914.0,14434.0,0.0,144340.0,False
2019-01-14 05:46:00,659886.0,625636.375,625637.0,34249.0,0.0,342490.0,False
2019-01-14 05:47:00,663086.0,631459.0625,631460.0,31626.0,0.0,316260.0,False
2019-01-14 05:48:00,642775.0,642067.5625,642068.0,707.0,0.0,7070.0,False
2019-01-14 05:49:00,651533.0,640678.9375,640679.0,10854.0,0.0,108540.0,False
2019-01-14 05:50:00,655981.0,640118.75,640119.0,15862.0,0.0,158620.0,False
2019-01-14 05:51:00,644054.0,636889.375,636890.0,7164.0,0.0,71640.0,False
2019-01-14 05:52:00,637252.0,636554.9375,636555.0,697.0,0.0,6970.0,False
2019-01-14 05:53:00,634154.0,627431.6875,627432.0,6722.0,0.0,67220.0,False
2019-01-14 05:54:00,634984.0,625704.375,625705.0,9279.0,0.0,92790.0,False
2019-01-14 05:55:00,597586.0,632259.5,632260.0,0.0,34674.0,34674.0,False
2019-01-14 05:56:00,612409.0,626038.3125,626039.0,0.0,13630.0,13630.0,False
2019-01-14 05:57:00,608468.0,621334.3125,621335.0,0.0,12867.0,12867.0,False
2019-01-14 05:58:00,623296.0,613768.375,613769.0,9527.0,0.0,95270.0,False
2019-01-14 05:59:00,645371.0,621249.1875,621250.0,24121.0,0.0,241210.0,False
2019-01-14 06:00:00,725785.0,623484.9375,623485.0,102300.0,0.0,1023000.0,False
2019-01-14 06:01:00,679964.0,650688.6875,650689.0,29275.0,0.0,292750.0,False
2019-01-14 06:02:00,679141.0,647636.4375,647637.0,31504.0,0.0,315040.0,False
2019-01-14 06:03:00,678464.0,657646.375,657647.0,20817.0,0.0,208170.0,False
2019-01-14 06:04:00,647312.0,639941.3125,639942.0,7370.0,0.0,73700.0,False
2019-01-14 06:05:00,670040.0,636474.3125,636475.0,33565.0,0.0,335650.0,False
2019-01-14 06:06:00,641744.0,637429.5625,637430.0,4314.0,0.0,43140.0,False
2019-01-14 06:07:00,634744.0,627424.0625,627425.0,7319.0,0.0,73190.0,False
2019-01-14 06:08:00,722325.0,629902.0,629902.0,92423.0,0.0,924230.0,False
2019-01-14 06:09:00,733797.0,672701.0625,672702.0,61095.0,0.0,610950.0,False
2019-01-14 06:10:00,749241.0,686378.375,686379.0,62862.0,0.0,628620.0,False
2019-01-14 06:11:00,698603.0,704166.875,704167.0,0.0,5564.0,5564.0,False
2019-01-14 06:12:00,659782.0,686231.25,686232.0,0.0,26450.0,26450.0,False
2019-01-14 06:13:00,640003.0,667235.8125,667236.0,0.0,27233.0,27233.0,False
2019-01-14 06:14:00,656923.0,644864.1875,644865.0,12058.0,0.0,120580.0,False
2019-01-14 06:15:00,651325.0,641342.8125,641343.0,9982.0,0.0,99820.0,False
2019-01-14 06:16:00,643850.0,620628.4375,620629.0,23221.0,0.0,232210.0,False
2019-01-14 06:17:00,648529.0,638850.3125,638851.0,9678.0,0.0,96780.0,False
2019-01-14 06:18:00,660405.0,645477.4375,645478.0,14927.0,0.0,149270.0,False
2019-01-14 06:19:00,632829.0,661401.25,661402.0,0.0,28573.0,28573.0,False
2019-01-14 06:20:00,647027.0,650154.75,650155.0,0.0,3128.0,3128.0,False
2019-01-14 06:21:00,628865.0,648012.3125,648013.0,0.0,19148.0,19148.0,False
2019-01-14 06:22:00,630520.0,630442.5625,630443.0,77.0,0.0,770.0,False
2019-01-14 06:23:00,624091.0,632741.8125,632742.0,0.0,8651.0,8651.0,False
2019-01-14 06:24:00,628580.0,628137.5625,628138.0,442.0,0.0,4420.0,False
2019-01-14 06:25:00,647373.0,626376.125,626377.0,20996.0,0.0,209960.0,False
2019-01-14 06:26:00,642270.0,629581.9375,629582.0,12688.0,0.0,126880.0,False
2019-01-14 06:27:00,633911.0,635080.0,635080.0,0.0,1169.0,1169.0,False
2019-01-14 06:28:00,621964.0,630509.6875,630510.0,0.0,8546.0,8546.0,False
2019-01-14 06:29:00,611218.0,623938.8125,623939.0,0.0,12721.0,12721.0,False
2019-01-14 06:30:00,666612.0,617994.125,617995.0,48617.0,0.0,486170.0,False
2019-01-14 06:31:00,618273.0,628457.5,628458.0,0.0,10185.0,10185.0,False
2019-01-14 06:32:00,673224.0,619113.4375,619114.0,54110.0,0.0,541100.0,False
2019-01-14 06:33:00,663554.0,637240.625,637241.0,26313.0,0.0,263130.0,False
2019-01-14 06:34:00,658450.0,637280.4375,637281.0,21169.0,0.0,211690.0,False
2019-01-14 06:35:00,666154.0,651110.5625,651111.0,15043.0,0.0,150430.0,False
2019-01-14 06:36:00,631392.0,645175.0,645175.0,0.0,13783.0,13783.0,False
2019-01-14 06:37:00,619589.0,633937.5625,633938.0,0.0,14349.0,14349.0,False
2019-01-14 06:38:00,596116.0,620754.6875,620755.0,0.0,24639.0,24639.0,False
2019-01-14 06:39:00,619545.0,621207.875,621208.0,0.0,1663.0,1663.0,False
2019-01-14 06:40:00,674905.0,617309.8125,617310.0,57595.0,0.0,575950.0,False
2019-01-14 06:41:00,657413.0,634938.9375,634939.0,22474.0,0.0,224740.0,False
2019-01-14 06:42:00,642517.0,646271.4375,646272.0,0.0,3755.0,3755.0,False
2019-01-14 06:43:00,641231.0,644140.4375,644141.0,0.0,2910.0,2910.0,False
2019-01-14 06:44:00,654724.0,640372.625,640373.0,14351.0,0.0,143510.0,False
2019-01-14 06:45:00,669955.0,639102.4375,639103.0,30852.0,0.0,308520.0,False
2019-01-14 06:46:00,652813.0,638522.4375,638523.0,14290.0,0.0,142900.0,False
2019-01-14 06:47:00,638826.0,630206.4375,630207.0,8619.0,0.0,86190.0,False
2019-01-14 06:48:00,655473.0,626429.875,626430.0,29043.0,0.0,290430.0,False
2019-01-14 06:49:00,657186.0,642893.875,642894.0,14292.0,0.0,142920.0,False
2019-01-14 06:50:00,668879.0,649132.3125,649133.0,19746.0,0.0,197460.0,False
2019-01-14 06:51:00,645687.0,650337.0,650337.0,0.0,4650.0,4650.0,False
2019-01-14 06:52:00,629315.0,639140.4375,639141.0,0.0,9826.0,9826.0,False
2019-01-14 06:53:00,617971.0,636092.8125,636093.0,0.0,18122.0,18122.0,False
2019-01-14 06:54:00,637702.0,632319.875,632320.0,5382.0,0.0,53820.0,False
2019-01-14 06:55:00,649616.0,635318.75,635319.0,14297.0,0.0,142970.0,False
2019-01-14 06:56:00,610571.0,630733.0625,630734.0,0.0,20163.0,20163.0,False
2019-01-14 06:57:00,678967.0,624112.9375,624113.0,54854.0,0.0,548540.0,False
2019-01-14 06:58:00,625666.0,643359.4375,643360.0,0.0,17694.0,17694.0,False
2019-01-14 06:59:00,593984.0,636384.4375,636385.0,0.0,42401.0,42401.0,False
2019-01-14 07:00:00,732733.0,631168.4375,631169.0,101564.0,0.0,1015640.0,False
2019-01-14 07:01:00,687551.0,649789.75,649790.0,37761.0,0.0,377610.0,False
2019-01-14 07:02:00,684670.0,647050.125,647051.0,37619.0,0.0,376190.0,False
2019-01-14 07:03:00,673223.0,666017.4375,666018.0,7205.0,0.0,72050.0,False
2019-01-14 07:04:00,682269.0,653796.9375,653797.0,28472.0,0.0,284720.0,False
2019-01-14 07:05:00,667838.0,655586.0,655586.0,12252.0,0.0,122520.0,False
2019-01-14 07:06:00,731007.0,659850.75,659851.0,71156.0,0.0,711560.0,False
2019-01-14 07:07:00,732876.0,679628.875,679629.0,53247.0,0.0,532470.0,False
2019-01-14 07:08:00,723653.0,660987.25,660988.0,62665.0,0.0,626650.0,False
2019-01-14 07:09:00,705345.0,699642.6875,699643.0,5702.0,0.0,57020.0,False
2019-01-14 07:10:00,694661.0,688789.6875,688790.0,5871.0,0.0,58710.0,False
2019-01-14 07:11:00,650565.0,683993.1875,683994.0,0.0,33429.0,33429.0,False
2019-01-14 07:12:00,626170.0,659840.4375,659841.0,0.0,33671.0,33671.0,False
2019-01-14 07:13:00,662314.0,643248.0625,643249.0,19065.0,0.0,190650.0,False
2019-01-14 07:14:00,638352.0,636023.9375,636024.0,2328.0,0.0,23280.0,False
2019-01-14 07:15:00,671440.0,641153.5,641154.0,30286.0,0.0,302860.0,False
2019-01-14 07:16:00,662209.0,658356.625,658357.0,3852.0,0.0,38520.0,False
2019-01-14 07:17:00,656046.0,653793.75,653794.0,2252.0,0.0,22520.0,False
2019-01-14 07:18:00,659270.0,661982.1875,661983.0,0.0,2713.0,2713.0,False
2019-01-14 07:19:00,650664.0,658285.75,658286.0,0.0,7622.0,7622.0,False
2019-01-14 07:20:00,700867.0,653893.1875,653894.0,46973.0,0.0,469730.0,False
2019-01-14 07:21:00,677473.0,656623.3125,656624.0,20849.0,0.0,208490.0,False
2019-01-14 07:22:00,692621.0,659081.3125,659082.0,33539.0,0.0,335390.0,False
2019-01-14 07:23:00,660290.0,668975.6875,668976.0,0.0,8686.0,8686.0,False
2019-01-14 07:24:00,650556.0,656317.1875,656318.0,0.0,5762.0,5762.0,False
2019-01-14 07:25:00,653108.0,659662.25,659663.0,0.0,6555.0,6555.0,False
2019-01-14 07:26:00,649248.0,646844.6875,646845.0,2403.0,0.0,24030.0,False
2019-01-14 07:27:00,641227.0,645666.8125,645667.0,0.0,4440.0,4440.0,False
2019-01-14 07:28:00,646478.0,636192.8125,636193.0,10285.0,0.0,102850.0,False
2019-01-14 07:29:00,650106.0,645452.6875,645453.0,4653.0,0.0,46530.0,False
2019-01-14 07:30:00,683820.0,646571.75,646572.0,37248.0,0.0,372480.0,False
2019-01-14 07:31:00,691831.0,663549.8125,663550.0,28281.0,0.0,282810.0,False
2019-01-14 07:32:00,681811.0,666809.375,666810.0,15001.0,0.0,150010.0,False
2019-01-14 07:33:00,669725.0,666004.1875,666005.0,3720.0,0.0,37200.0,False
2019-01-14 07:34:00,654064.0,659583.0625,659584.0,0.0,5520.0,5520.0,False
2019-01-14 07:35:00,664397.0,653827.8125,653828.0,10569.0,0.0,105690.0,False
2019-01-14 07:36:00,657164.0,650793.625,650794.0,6370.0,0.0,63700.0,False
2019-01-14 07:37:00,648269.0,645923.1875,645924.0,2345.0,0.0,23450.0,False
2019-01-14 07:38:00,634011.0,642507.5625,642508.0,0.0,8497.0,8497.0,False
2019-01-14 07:39:00,642360.0,641212.6875,641213.0,1147.0,0.0,11470.0,False
2019-01-14 07:40:00,674563.0,648074.8125,648075.0,26488.0,0.0,264880.0,False
2019-01-14 07:41:00,679018.0,655980.75,655981.0,23037.0,0.0,230370.0,False
2019-01-14 07:42:00,719074.0,662419.9375,662420.0,56654.0,0.0,566540.0,False
2019-01-14 07:43:00,685398.0,676319.4375,676320.0,9078.0,0.0,90780.0,False
2019-01-14 07:44:00,657208.0,668969.4375,668970.0,0.0,11762.0,11762.0,False
2019-01-14 07:45:00,683871.0,665380.875,665381.0,18490.0,0.0,184900.0,False
2019-01-14 07:46:00,670640.0,660874.0,660874.0,9766.0,0.0,97660.0,False
2019-01-14 07:47:00,666924.0,653302.8125,653303.0,13621.0,0.0,136210.0,False
2019-01-14 07:48:00,666366.0,650999.5625,651000.0,15366.0,0.0,153660.0,False
2019-01-14 07:49:00,653233.0,652580.9375,652581.0,652.0,0.0,6520.0,False
2019-01-14 07:50:00,671816.0,654827.9375,654828.0,16988.0,0.0,169880.0,False
2019-01-14 07:51:00,685568.0,668621.875,668622.0,16946.0,0.0,169460.0,False
2019-01-14 07:52:00,680803.0,671538.8125,671539.0,9264.0,0.0,92640.0,False
2019-01-14 07:53:00,613708.0,668705.8125,668706.0,0.0,54998.0,54998.0,False
2019-01-14 07:54:00,670584.0,648428.375,648429.0,22155.0,0.0,221550.0,False
2019-01-14 07:55:00,673500.0,660421.0625,660422.0,13078.0,0.0,130780.0,False
2019-01-14 07:56:00,645388.0,654513.125,654514.0,0.0,9126.0,9126.0,False
2019-01-14 07:57:00,637624.0,658573.4375,658574.0,0.0,20950.0,20950.0,False
2019-01-14 07:58:00,640301.0,639374.25,639375.0,926.0,0.0,9260.0,False
2019-01-14 07:59:00,666048.0,639480.0625,639481.0,26567.0,0.0,265670.0,False
2019-01-14 08:00:00,777449.0,652971.6875,652972.0,124477.0,0.0,1244770.0,False
2019-01-14 08:01:00,728456.0,697499.0625,697500.0,30956.0,0.0,309560.0,False
2019-01-14 08:02:00,728894.0,678520.4375,678521.0,50373.0,0.0,503730.0,False
2019-01-14 08:03:00,706179.0,692316.5625,692317.0,13862.0,0.0,138620.0,False
2019-01-14 08:04:00,665804.0,682712.75,682713.0,0.0,16909.0,16909.0,False
2019-01-14 08:05:00,685641.0,669358.625,669359.0,16282.0,0.0,162820.0,False
2019-01-14 08:06:00,714086.0,654254.625,654255.0,59831.0,0.0,598310.0,False
2019-01-14 08:07:00,745982.0,655993.1875,655994.0,89988.0,0.0,899880.0,False
2019-01-14 08:08:00,692925.0,672170.5625,672171.0,20754.0,0.0,207540.0,False
2019-01-14 08:09:00,732017.0,692225.6875,692226.0,39791.0,0.0,397910.0,False
2019-01-14 08:10:00,752072.0,696394.0625,696395.0,55677.0,0.0,556770.0,False
2019-01-14 08:11:00,688850.0,702611.75,702612.0,0.0,13762.0,13762.0,False
2019-01-14 08:12:00,680890.0,691113.3125,691114.0,0.0,10224.0,10224.0,False
2019-01-14 08:13:00,677754.0,669337.9375,669338.0,8416.0,0.0,84160.0,False
2019-01-14 08:14:00,702301.0,657723.25,657724.0,44577.0,0.0,445770.0,False
2019-01-14 08:15:00,677834.0,673279.0625,673280.0,4554.0,0.0,45540.0,False
2019-01-14 08:16:00,661203.0,674349.4375,674350.0,0.0,13147.0,13147.0,False
2019-01-14 08:17:00,641663.0,658962.5625,658963.0,0.0,17300.0,17300.0,False
2019-01-14 08:18:00,673638.0,653514.6875,653515.0,20123.0,0.0,201230.0,False
2019-01-14 08:19:00,654752.0,672523.4375,672524.0,0.0,17772.0,17772.0,False
2019-01-14 08:20:00,668647.0,656918.9375,656919.0,11728.0,0.0,117280.0,False
2019-01-14 08:21:00,670467.0,663552.6875,663553.0,6914.0,0.0,69140.0,False
2019-01-14 08:22:00,665844.0,657772.3125,657773.0,8071.0,0.0,80710.0,False
2019-01-14 08:23:00,651876.0,669812.875,669813.0,0.0,17937.0,17937.0,False
2019-01-14 08:24:00,641749.0,659946.6875,659947.0,0.0,18198.0,18198.0,False
2019-01-14 08:25:00,666666.0,652745.5625,652746.0,13920.0,0.0,139200.0,False
2019-01-14 08:26:00,653309.0,647705.4375,647706.0,5603.0,0.0,56030.0,False
2019-01-14 08:27:00,618999.0,649675.0625,649676.0,0.0,30677.0,30677.0,False
2019-01-14 08:28:00,639577.0,641198.0625,641199.0,0.0,1622.0,1622.0,False
2019-01-14 08:29:00,625300.0,637635.25,637636.0,0.0,12336.0,12336.0,False
2019-01-14 08:30:00,652429.0,635980.9375,635981.0,16448.0,0.0,164480.0,False
2019-01-14 08:31:00,681190.0,643724.9375,643725.0,37465.0,0.0,374650.0,False
2019-01-14 08:32:00,671928.0,648875.8125,648876.0,23052.0,0.0,230520.0,False
2019-01-14 08:33:00,668624.0,650298.0625,650299.0,18325.0,0.0,183250.0,False
2019-01-14 08:34:00,647810.0,657584.9375,657585.0,0.0,9775.0,9775.0,False
2019-01-14 08:35:00,688472.0,651920.75,651921.0,36551.0,0.0,365510.0,False
2019-01-14 08:36:00,689046.0,653692.8125,653693.0,35353.0,0.0,353530.0,False
2019-01-14 08:37:00,670848.0,654817.3125,654818.0,16030.0,0.0,160300.0,False
2019-01-14 08:38:00,652432.0,655687.0,655687.0,0.0,3255.0,3255.0,False
2019-01-14 08:39:00,646200.0,646129.875,646130.0,70.0,0.0,700.0,False
2019-01-14 08:40:00,680669.0,652882.625,652883.0,27786.0,0.0,277860.0,False
2019-01-14 08:41:00,659747.0,661802.0625,661803.0,0.0,2056.0,2056.0,False
2019-01-14 08:42:00,667818.0,657319.8125,657320.0,10498.0,0.0,104980.0,False
2019-01-14 08:43:00,675868.0,655022.25,655023.0,20845.0,0.0,208450.0,False
2019-01-14 08:44:00,656799.0,658768.5,658769.0,0.0,1970.0,1970.0,False
2019-01-14 08:45:00,681395.0,665568.1875,665569.0,15826.0,0.0,158260.0,False
2019-01-14 08:46:00,668001.0,668634.625,668635.0,0.0,634.0,634.0,False
2019-01-14 08:47:00,667945.0,659901.5625,659902.0,8043.0,0.0,80430.0,False
2019-01-14 08:48:00,678172.0,657190.375,657191.0,20981.0,0.0,209810.0,False
2019-01-14 08:49:00,667031.0,663972.5625,663973.0,3058.0,0.0,30580.0,False
2019-01-14 08:50:00,678839.0,665032.5,665033.0,13806.0,0.0,138060.0,False
2019-01-14 08:51:00,647672.0,665929.125,665930.0,0.0,18258.0,18258.0,False
2019-01-14 08:52:00,659282.0,658864.375,658865.0,417.0,0.0,4170.0,False
2019-01-14 08:53:00,652899.0,656972.6875,656973.0,0.0,4074.0,4074.0,False
2019-01-14 08:54:00,656942.0,652092.1875,652093.0,4849.0,0.0,48490.0,False
2019-01-14 08:55:00,689883.0,657521.625,657522.0,32361.0,0.0,323610.0,False
2019-01-14 08:56:00,675873.0,662162.3125,662163.0,13710.0,0.0,137100.0,False
2019-01-14 08:57:00,673108.0,667130.8125,667131.0,5977.0,0.0,59770.0,False
2019-01-14 08:58:00,655842.0,667775.625,667776.0,0.0,11934.0,11934.0,False
2019-01-14 08:59:00,649430.0,661726.6875,661727.0,0.0,12297.0,12297.0,False
2019-01-14 09:00:00,740629.0,653453.6875,653454.0,87175.0,0.0,871750.0,False
2019-01-14 09:01:00,714909.0,675629.125,675630.0,39279.0,0.0,392790.0,False
2019-01-14 09:02:00,718401.0,677125.625,677126.0,41275.0,0.0,412750.0,False
2019-01-14 09:03:00,701506.0,685646.75,685647.0,15859.0,0.0,158590.0,False
2019-01-14 09:04:00,669117.0,679788.9375,679789.0,0.0,10672.0,10672.0,False
2019-01-14 09:05:00,687572.0,674658.25,674659.0,12913.0,0.0,129130.0,False
2019-01-14 09:06:00,719695.0,669617.3125,669618.0,50077.0,0.0,500770.0,False
2019-01-14 09:07:00,775031.0,673005.8125,673006.0,102025.0,0.0,1020250.0,False
2019-01-14 09:08:00,765094.0,687125.375,687126.0,77968.0,0.0,779680.0,False
2019-01-14 09:09:00,770168.0,711524.6875,711525.0,58643.0,0.0,586430.0,False
2019-01-14 09:10:00,786559.0,720614.875,720615.0,65944.0,0.0,659440.0,True
2019-01-14 09:11:00,691588.0,727950.3125,727951.0,0.0,36363.0,36363.0,False
2019-01-14 09:12:00,670145.0,701355.3125,701356.0,0.0,31211.0,31211.0,False
2019-01-14 09:13:00,688286.0,676469.375,676470.0,11816.0,0.0,118160.0,False
2019-01-14 09:14:00,680151.0,659617.25,659618.0,20533.0,0.0,205330.0,False
2019-01-14 09:15:00,696329.0,665945.5625,665946.0,30383.0,0.0,303830.0,False
2019-01-14 09:16:00,687818.0,680102.3125,680103.0,7715.0,0.0,77150.0,False
2019-01-14 09:17:00,676535.0,678763.6875,678764.0,0.0,2229.0,2229.0,False
2019-01-14 09:18:00,662186.0,678067.0625,678068.0,0.0,15882.0,15882.0,False
2019-01-14 09:19:00,663260.0,683815.6875,683816.0,0.0,20556.0,20556.0,False
2019-01-14 09:20:00,676233.0,668359.5625,668360.0,7873.0,0.0,78730.0,False
2019-01-14 09:21:00,674960.0,663205.4375,663206.0,11754.0,0.0,117540.0,False
2019-01-14 09:22:00,682510.0,667229.75,667230.0,15280.0,0.0,152800.0,False
2019-01-14 09:23:00,692175.0,670429.0,670429.0,21746.0,0.0,217460.0,False
2019-01-14 09:24:00,674646.0,677813.9375,677814.0,0.0,3168.0,3168.0,False
2019-01-14 09:25:00,692021.0,675485.1875,675486.0,16535.0,0.0,165350.0,False
2019-01-14 09:26:00,678080.0,679794.5625,679795.0,0.0,1715.0,1715.0,False
2019-01-14 09:27:00,672678.0,670668.75,670669.0,2009.0,0.0,20090.0,False
2019-01-14 09:28:00,652276.0,668097.8125,668098.0,0.0,15822.0,15822.0,False
2019-01-14 09:29:00,626011.0,658795.4375,658796.0,0.0,32785.0,32785.0,False
2019-01-14 09:30:00,703216.0,647678.3125,647679.0,55537.0,0.0,555370.0,False
2019-01-14 09:31:00,688930.0,665500.8125,665501.0,23429.0,0.0,234290.0,False
2019-01-14 09:32:00,675681.0,668443.8125,668444.0,7237.0,0.0,72370.0,False
2019-01-14 09:33:00,680449.0,673325.4375,673326.0,7123.0,0.0,71230.0,False
2019-01-14 09:34:00,647808.0,668498.9375,668499.0,0.0,20691.0,20691.0,False
2019-01-14 09:35:00,675448.0,661967.6875,661968.0,13480.0,0.0,134800.0,False
2019-01-14 09:36:00,673288.0,665234.25,665235.0,8053.0,0.0,80530.0,False
2019-01-14 09:37:00,651606.0,658589.5625,658590.0,0.0,6984.0,6984.0,False
2019-01-14 09:38:00,662221.0,643436.5625,643437.0,18784.0,0.0,187840.0,False
2019-01-14 09:39:00,666745.0,654163.5625,654164.0,12581.0,0.0,125810.0,False
2019-01-14 09:40:00,686699.0,662565.75,662566.0,24133.0,0.0,241330.0,False
2019-01-14 09:41:00,654241.0,670425.6875,670426.0,0.0,16185.0,16185.0,False
2019-01-14 09:42:00,667669.0,663134.1875,663135.0,4534.0,0.0,45340.0,False
2019-01-14 09:43:00,685617.0,659733.5625,659734.0,25883.0,0.0,258830.0,False
2019-01-14 09:44:00,650930.0,662199.75,662200.0,0.0,11270.0,11270.0,False
2019-01-14 09:45:00,687839.0,663794.3125,663795.0,24044.0,0.0,240440.0,False
2019-01-14 09:46:00,700489.0,665401.5625,665402.0,35087.0,0.0,350870.0,False
2019-01-14 09:47:00,675243.0,666449.6875,666450.0,8793.0,0.0,87930.0,False
2019-01-14 09:48:00,680024.0,670724.4375,670725.0,9299.0,0.0,92990.0,False
2019-01-14 09:49:00,661041.0,673867.0625,673868.0,0.0,12827.0,12827.0,False
2019-01-14 09:50:00,636701.0,660750.6875,660751.0,0.0,24050.0,24050.0,False
2019-01-14 09:51:00,644088.0,648400.9375,648401.0,0.0,4313.0,4313.0,False
2019-01-14 09:52:00,656196.0,649829.5625,649830.0,6366.0,0.0,63660.0,False
2019-01-14 09:53:00,627141.0,642340.5625,642341.0,0.0,15200.0,15200.0,False
2019-01-14 09:54:00,622829.0,638874.5625,638875.0,0.0,16046.0,16046.0,False
2019-01-14 09:55:00,650976.0,641822.4375,641823.0,9153.0,0.0,91530.0,False
2019-01-14 09:56:00,653012.0,641626.625,641627.0,11385.0,0.0,113850.0,False
2019-01-14 09:57:00,649299.0,647288.5625,647289.0,2010.0,0.0,20100.0,False
2019-01-14 09:58:00,649663.0,648350.8125,648351.0,1312.0,0.0,13120.0,False
2019-01-14 09:59:00,649473.0,638769.375,638770.0,10703.0,0.0,107030.0,False
2019-01-14 10:00:00,744728.0,637153.875,637154.0,107574.0,0.0,1075740.0,False
2019-01-14 10:01:00,710968.0,674237.5625,674238.0,36730.0,0.0,367300.0,False
2019-01-14 10:02:00,647593.0,669353.6875,669354.0,0.0,21761.0,21761.0,False
2019-01-14 10:03:00,669281.0,651883.3125,651884.0,17397.0,0.0,173970.0,False
2019-01-14 10:04:00,667491.0,647402.375,647403.0,20088.0,0.0,200880.0,False
2019-01-14 10:05:00,672615.0,650669.1875,650670.0,21945.0,0.0,219450.0,False
2019-01-14 10:06:00,745045.0,654692.5625,654693.0,90352.0,0.0,903520.0,False
2019-01-14 10:07:00,831890.0,672177.6875,672178.0,159712.0,0.0,1597120.0,True
2019-01-14 10:08:00,813099.0,707788.0,707788.0,105311.0,0.0,1053110.0,True
2019-01-14 10:09:00,646409.0,744139.5625,744140.0,0.0,97731.0,97731.0,False
2019-01-14 10:10:00,666122.0,702101.5625,702102.0,0.0,35980.0,35980.0,False
2019-01-14 10:11:00,673414.0,684150.3125,684151.0,0.0,10737.0,10737.0,False
2019-01-14 10:12:00,667635.0,656580.875,656581.0,11054.0,0.0,110540.0,False
2019-01-14 10:13:00,684217.0,667587.4375,667588.0,16629.0,0.0,166290.0,False
2019-01-14 10:14:00,652581.0,650373.25,650374.0,2207.0,0.0,22070.0,False
2019-01-14 10:15:00,690042.0,662963.0,662963.0,27079.0,0.0,270790.0,False
2019-01-14 10:16:00,683727.0,694282.1875,694283.0,0.0,10556.0,10556.0,False
2019-01-14 10:17:00,689709.0,699699.3125,699700.0,0.0,9991.0,9991.0,False
2019-01-14 10:18:00,683678.0,683398.875,683399.0,279.0,0.0,2790.0,False
2019-01-14 10:19:00,659764.0,665022.9375,665023.0,0.0,5259.0,5259.0,False
2019-01-14 10:20:00,686419.0,665936.9375,665937.0,20482.0,0.0,204820.0,False
2019-01-14 10:21:00,671644.0,667612.3125,667613.0,4031.0,0.0,40310.0,False
2019-01-14 10:22:00,682660.0,667011.5,667012.0,15648.0,0.0,156480.0,False
2019-01-14 10:23:00,669696.0,667026.25,667027.0,2669.0,0.0,26690.0,False
2019-01-14 10:24:00,639658.0,662299.6875,662300.0,0.0,22642.0,22642.0,False
2019-01-14 10:25:00,634712.0,658052.1875,658053.0,0.0,23341.0,23341.0,False
2019-01-14 10:26:00,654334.0,649205.5,649206.0,5128.0,0.0,51280.0,False
2019-01-14 10:27:00,649003.0,651153.0625,651154.0,0.0,2151.0,2151.0,False
2019-01-14 10:28:00,594801.0,644610.3125,644611.0,0.0,49810.0,49810.0,False
2019-01-14 10:29:00,612645.0,633531.75,633532.0,0.0,20887.0,20887.0,False
2019-01-14 10:30:00,692248.0,629850.9375,629851.0,62397.0,0.0,623970.0,False
2019-01-14 10:31:00,667742.0,649829.3125,649830.0,17912.0,0.0,179120.0,False
2019-01-14 10:32:00,640824.0,657005.4375,657006.0,0.0,16182.0,16182.0,False
2019-01-14 10:33:00,607017.0,647755.8125,647756.0,0.0,40739.0,40739.0,False
2019-01-14 10:34:00,631999.0,620901.4375,620902.0,11097.0,0.0,110970.0,False
2019-01-14 10:35:00,635537.0,628746.9375,628747.0,6790.0,0.0,67900.0,False
2019-01-14 10:36:00,605726.0,631247.1875,631248.0,0.0,25522.0,25522.0,False
2019-01-14 10:37:00,623147.0,609650.5625,609651.0,13496.0,0.0,134960.0,False
2019-01-14 10:38:00,657828.0,603636.9375,603637.0,54191.0,0.0,541910.0,False
2019-01-14 10:39:00,645716.0,632567.625,632568.0,13148.0,0.0,131480.0,False
2019-01-14 10:40:00,670169.0,643491.3125,643492.0,26677.0,0.0,266770.0,False
2019-01-14 10:41:00,646106.0,647721.8125,647722.0,0.0,1616.0,1616.0,False
2019-01-14 10:42:00,647548.0,628179.8125,628180.0,19368.0,0.0,193680.0,False
2019-01-14 10:43:00,639604.0,634344.8125,634345.0,5259.0,0.0,52590.0,False
2019-01-14 10:44:00,619499.0,631463.0625,631464.0,0.0,11965.0,11965.0,False
2019-01-14 10:45:00,635215.0,620084.9375,620085.0,15130.0,0.0,151300.0,False
2019-01-14 10:46:00,638273.0,618525.25,618526.0,19747.0,0.0,197470.0,False
2019-01-14 10:47:00,641732.0,629345.4375,629346.0,12386.0,0.0,123860.0,False
2019-01-14 10:48:00,639966.0,632771.3125,632772.0,7194.0,0.0,71940.0,False
2019-01-14 10:49:00,615677.0,635865.0,635865.0,0.0,20188.0,20188.0,False
2019-01-14 10:50:00,640985.0,628893.3125,628894.0,12091.0,0.0,120910.0,False
2019-01-14 10:51:00,615854.0,630042.4375,630043.0,0.0,14189.0,14189.0,False
2019-01-14 10:52:00,604547.0,621858.6875,621859.0,0.0,17312.0,17312.0,False
2019-01-14 10:53:00,600439.0,612939.5625,612940.0,0.0,12501.0,12501.0,False
2019-01-14 10:54:00,608249.0,606517.9375,606518.0,1731.0,0.0,17310.0,False
2019-01-14 10:55:00,643444.0,610139.75,610140.0,33304.0,0.0,333040.0,False
2019-01-14 10:56:00,633786.0,618465.8125,618466.0,15320.0,0.0,153200.0,False
2019-01-14 10:57:00,641155.0,620338.8125,620339.0,20816.0,0.0,208160.0,False
2019-01-14 10:58:00,629122.0,618583.4375,618584.0,10538.0,0.0,105380.0,False
2019-01-14 10:59:00,631012.0,617897.8125,617898.0,13114.0,0.0,131140.0,False
2019-01-14 11:00:00,721881.0,618120.625,618121.0,103760.0,0.0,1037600.0,False
2019-01-14 11:01:00,680542.0,640164.8125,640165.0,40377.0,0.0,403770.0,False
2019-01-14 11:02:00,666735.0,638304.3125,638305.0,28430.0,0.0,284300.0,False
2019-01-14 11:03:00,654408.0,646078.9375,646079.0,8329.0,0.0,83290.0,False
2019-01-14 11:04:00,656911.0,639257.9375,639258.0,17653.0,0.0,176530.0,False
2019-01-14 11:05:00,665745.0,646153.9375,646154.0,19591.0,0.0,195910.0,False
2019-01-14 11:06:00,704589.0,644475.25,644476.0,60113.0,0.0,601130.0,False
2019-01-14 11:07:00,727628.0,657703.4375,657704.0,69924.0,0.0,699240.0,False
2019-01-14 11:08:00,716151.0,664344.0625,664345.0,51806.0,0.0,518060.0,False
2019-01-14 11:09:00,707636.0,692617.25,692618.0,15018.0,0.0,150180.0,False
2019-01-14 11:10:00,729727.0,691351.5,691352.0,38375.0,0.0,383750.0,False
2019-01-14 11:11:00,709399.0,693210.5,693211.0,16188.0,0.0,161880.0,False
2019-01-14 11:12:00,629363.0,682340.4375,682341.0,0.0,52978.0,52978.0,False
2019-01-14 11:13:00,636344.0,649419.25,649420.0,0.0,13076.0,13076.0,False
2019-01-14 11:14:00,631246.0,635153.125,635154.0,0.0,3908.0,3908.0,False
2019-01-14 11:15:00,669564.0,629549.5625,629550.0,40014.0,0.0,400140.0,False
2019-01-14 11:16:00,659571.0,650430.8125,650431.0,9140.0,0.0,91400.0,False
2019-01-14 11:17:00,641418.0,645591.9375,645592.0,0.0,4174.0,4174.0,False
2019-01-14 11:18:00,654700.0,646264.0625,646265.0,8435.0,0.0,84350.0,False
2019-01-14 11:19:00,627644.0,653395.6875,653396.0,0.0,25752.0,25752.0,False
2019-01-14 11:20:00,646752.0,649058.8125,649059.0,0.0,2307.0,2307.0,False
2019-01-14 11:21:00,633629.0,641000.5625,641001.0,0.0,7372.0,7372.0,False
2019-01-14 11:22:00,623825.0,625929.625,625930.0,0.0,2105.0,2105.0,False
2019-01-14 11:23:00,622366.0,623609.4375,623610.0,0.0,1244.0,1244.0,False
2019-01-14 11:24:00,599977.0,626651.3125,626652.0,0.0,26675.0,26675.0,False
2019-01-14 11:25:00,630374.0,624871.75,624872.0,5502.0,0.0,55020.0,False
2019-01-14 11:26:00,619149.0,623059.75,623060.0,0.0,3911.0,3911.0,False
2019-01-14 11:27:00,617099.0,619471.5,619472.0,0.0,2373.0,2373.0,False
2019-01-14 11:28:00,612139.0,616264.9375,616265.0,0.0,4126.0,4126.0,False
2019-01-14 11:29:00,618739.0,611610.625,611611.0,7128.0,0.0,71280.0,False
2019-01-14 11:30:00,691799.0,613666.6875,613667.0,78132.0,0.0,781320.0,False
2019-01-14 11:31:00,660837.0,629495.3125,629496.0,31341.0,0.0,313410.0,False
2019-01-14 11:32:00,641571.0,631068.0625,631069.0,10502.0,0.0,105020.0,False
2019-01-14 11:33:00,641490.0,627580.0625,627581.0,13909.0,0.0,139090.0,False
2019-01-14 11:34:00,631144.0,623335.1875,623336.0,7808.0,0.0,78080.0,False
2019-01-14 11:35:00,643329.0,622266.4375,622267.0,21062.0,0.0,210620.0,False
2019-01-14 11:36:00,640689.0,623168.375,623169.0,17520.0,0.0,175200.0,False
2019-01-14 11:37:00,623986.0,619227.0,619227.0,4759.0,0.0,47590.0,False
2019-01-14 11:38:00,614496.0,614677.1875,614678.0,0.0,182.0,182.0,False
2019-01-14 11:39:00,608629.0,627156.1875,627157.0,0.0,18528.0,18528.0,False
2019-01-14 11:40:00,644785.0,627093.4375,627094.0,17691.0,0.0,176910.0,False
2019-01-14 11:41:00,621814.0,627553.3125,627554.0,0.0,5740.0,5740.0,False
2019-01-14 11:42:00,618576.0,620522.0625,620523.0,0.0,1947.0,1947.0,False
2019-01-14 11:43:00,612963.0,617756.375,617757.0,0.0,4794.0,4794.0,False
2019-01-14 11:44:00,625762.0,613224.9375,613225.0,12537.0,0.0,125370.0,False
2019-01-14 11:45:00,652460.0,618915.6875,618916.0,33544.0,0.0,335440.0,False
2019-01-14 11:46:00,649213.0,621633.9375,621634.0,27579.0,0.0,275790.0,False
2019-01-14 11:47:00,652162.0,621496.4375,621497.0,30665.0,0.0,306650.0,False
2019-01-14 11:48:00,636488.0,623446.3125,623447.0,13041.0,0.0,130410.0,False
2019-01-14 11:49:00,611346.0,627540.5625,627541.0,0.0,16195.0,16195.0,False
2019-01-14 11:50:00,637409.0,620177.125,620178.0,17231.0,0.0,172310.0,False
2019-01-14 11:51:00,634353.0,618701.3125,618702.0,15651.0,0.0,156510.0,False
2019-01-14 11:52:00,618924.0,616332.5,616333.0,2591.0,0.0,25910.0,False
2019-01-14 11:53:00,632806.0,616000.6875,616001.0,16805.0,0.0,168050.0,False
2019-01-14 11:54:00,636917.0,622990.6875,622991.0,13926.0,0.0,139260.0,False
2019-01-14 11:55:00,641165.0,627976.3125,627977.0,13188.0,0.0,131880.0,False
2019-01-14 11:56:00,630171.0,632402.1875,632403.0,0.0,2232.0,2232.0,False
2019-01-14 11:57:00,624934.0,627257.125,627258.0,0.0,2324.0,2324.0,False
2019-01-14 11:58:00,636242.0,615783.875,615784.0,20458.0,0.0,204580.0,False
2019-01-14 11:59:00,630985.0,620457.5,620458.0,10527.0,0.0,105270.0,False
2019-01-14 12:00:00,741291.0,623025.625,623026.0,118265.0,0.0,1182650.0,False
2019-01-14 12:01:00,698946.0,654254.0,654254.0,44692.0,0.0,446920.0,False
2019-01-14 12:02:00,687885.0,652968.1875,652969.0,34916.0,0.0,349160.0,False
2019-01-14 12:03:00,683916.0,667430.5,667431.0,16485.0,0.0,164850.0,False
2019-01-14 12:04:00,653657.0,655113.1875,655114.0,0.0,1457.0,1457.0,False
2019-01-14 12:05:00,667422.0,649411.6875,649412.0,18010.0,0.0,180100.0,False
2019-01-14 12:06:00,727525.0,642262.0,642262.0,85263.0,0.0,852630.0,False
2019-01-14 12:07:00,742209.0,660472.25,660473.0,81736.0,0.0,817360.0,False
2019-01-14 12:08:00,693795.0,669808.6875,669809.0,23986.0,0.0,239860.0,False
2019-01-14 12:09:00,731649.0,689001.25,689002.0,42647.0,0.0,426470.0,False
2019-01-14 12:10:00,718279.0,696569.75,696570.0,21709.0,0.0,217090.0,False
2019-01-14 12:11:00,658340.0,689150.4375,689151.0,0.0,30811.0,30811.0,False
2019-01-14 12:12:00,631281.0,674921.9375,674922.0,0.0,43641.0,43641.0,False
2019-01-14 12:13:00,653198.0,641728.5,641729.0,11469.0,0.0,114690.0,False
2019-01-14 12:14:00,665613.0,631656.3125,631657.0,33956.0,0.0,339560.0,False
2019-01-14 12:15:00,674893.0,648096.8125,648097.0,26796.0,0.0,267960.0,False
2019-01-14 12:16:00,679167.0,664111.6875,664112.0,15055.0,0.0,150550.0,False
2019-01-14 12:17:00,700858.0,657771.875,657772.0,43086.0,0.0,430860.0,False
2019-01-14 12:18:00,713195.0,680877.9375,680878.0,32317.0,0.0,323170.0,False
2019-01-14 12:19:00,682285.0,690563.9375,690564.0,0.0,8279.0,8279.0,False
2019-01-14 12:20:00,681529.0,679527.8125,679528.0,2001.0,0.0,20010.0,False
2019-01-14 12:21:00,657407.0,665210.9375,665211.0,0.0,7804.0,7804.0,False
2019-01-14 12:22:00,649693.0,651768.0,651768.0,0.0,2075.0,2075.0,False
2019-01-14 12:23:00,634782.0,652005.6875,652006.0,0.0,17224.0,17224.0,False
2019-01-14 12:24:00,640529.0,641945.9375,641946.0,0.0,1417.0,1417.0,False
2019-01-14 12:25:00,634926.0,640997.75,640998.0,0.0,6072.0,6072.0,False
2019-01-14 12:26:00,645115.0,639574.1875,639575.0,5540.0,0.0,55400.0,False
2019-01-14 12:27:00,620424.0,648088.0625,648089.0,0.0,27665.0,27665.0,False
2019-01-14 12:28:00,635618.0,636720.0625,636721.0,0.0,1103.0,1103.0,False
2019-01-14 12:29:00,638888.0,640677.6875,640678.0,0.0,1790.0,1790.0,False
2019-01-14 12:30:00,714200.0,635576.5625,635577.0,78623.0,0.0,786230.0,False
2019-01-14 12:31:00,699087.0,658660.9375,658661.0,40426.0,0.0,404260.0,False
2019-01-14 12:32:00,658264.0,657324.1875,657325.0,939.0,0.0,9390.0,False
2019-01-14 12:33:00,661807.0,654516.1875,654517.0,7290.0,0.0,72900.0,False
2019-01-14 12:34:00,646959.0,644917.1875,644918.0,2041.0,0.0,20410.0,False
2019-01-14 12:35:00,657896.0,641205.25,641206.0,16690.0,0.0,166900.0,False
2019-01-14 12:36:00,672032.0,638224.375,638225.0,33807.0,0.0,338070.0,False
2019-01-14 12:37:00,655989.0,638136.875,638137.0,17852.0,0.0,178520.0,False
2019-01-14 12:38:00,645853.0,636693.9375,636694.0,9159.0,0.0,91590.0,False
2019-01-14 12:39:00,651286.0,650983.9375,650984.0,302.0,0.0,3020.0,False
2019-01-14 12:40:00,686312.0,655703.5625,655704.0,30608.0,0.0,306080.0,False
2019-01-14 12:41:00,664652.0,661311.6875,661312.0,3340.0,0.0,33400.0,False
2019-01-14 12:42:00,666079.0,656354.25,656355.0,9724.0,0.0,97240.0,False
2019-01-14 12:43:00,672824.0,656930.5,656931.0,15893.0,0.0,158930.0,False
2019-01-14 12:44:00,654228.0,652876.4375,652877.0,1351.0,0.0,13510.0,False
2019-01-14 12:45:00,687398.0,658385.5625,658386.0,29012.0,0.0,290120.0,False
2019-01-14 12:46:00,684646.0,665448.5625,665449.0,19197.0,0.0,191970.0,False
2019-01-14 12:47:00,692190.0,660129.0625,660130.0,32060.0,0.0,320600.0,False
2019-01-14 12:48:00,688334.0,667060.3125,667061.0,21273.0,0.0,212730.0,False
2019-01-14 12:49:00,665056.0,673278.9375,673279.0,0.0,8223.0,8223.0,False
2019-01-14 12:50:00,686171.0,669292.5625,669293.0,16878.0,0.0,168780.0,False
2019-01-14 12:51:00,687858.0,668690.6875,668691.0,19167.0,0.0,191670.0,False
2019-01-14 12:52:00,692230.0,671225.875,671226.0,21004.0,0.0,210040.0,False
2019-01-14 12:53:00,670490.0,671285.9375,671286.0,0.0,796.0,796.0,False
2019-01-14 12:54:00,672584.0,665941.4375,665942.0,6642.0,0.0,66420.0,False
2019-01-14 12:55:00,680513.0,669470.0625,669471.0,11042.0,0.0,110420.0,False
2019-01-14 12:56:00,656299.0,670567.125,670568.0,0.0,14269.0,14269.0,False
2019-01-14 12:57:00,652936.0,666027.5625,666028.0,0.0,13092.0,13092.0,False
2019-01-14 12:58:00,663658.0,655565.0,655565.0,8093.0,0.0,80930.0,False
2019-01-14 12:59:00,630999.0,656471.0625,656472.0,0.0,25473.0,25473.0,False
2019-01-14 13:00:00,740497.0,649892.9375,649893.0,90604.0,0.0,906040.0,False
2019-01-14 13:01:00,705767.0,684668.9375,684669.0,21098.0,0.0,210980.0,False
2019-01-14 13:02:00,697609.0,674921.75,674922.0,22687.0,0.0,226870.0,False
2019-01-14 13:03:00,681619.0,687376.9375,687377.0,0.0,5758.0,5758.0,False
2019-01-14 13:04:00,664706.0,670394.6875,670395.0,0.0,5689.0,5689.0,False
2019-01-14 13:05:00,721562.0,667190.1875,667191.0,54371.0,0.0,543710.0,False
2019-01-14 13:06:00,734820.0,671745.875,671746.0,63074.0,0.0,630740.0,False
2019-01-14 13:07:00,734894.0,682063.375,682064.0,52830.0,0.0,528300.0,False
2019-01-14 13:08:00,744367.0,678739.1875,678740.0,65627.0,0.0,656270.0,False
2019-01-14 13:09:00,735943.0,701294.9375,701295.0,34648.0,0.0,346480.0,False
2019-01-14 13:10:00,749838.0,703193.375,703194.0,46644.0,0.0,466440.0,False
2019-01-14 13:11:00,695986.0,707181.125,707182.0,0.0,11196.0,11196.0,False
2019-01-14 13:12:00,654488.0,684174.375,684175.0,0.0,29687.0,29687.0,False
2019-01-14 13:13:00,667640.0,657667.125,657668.0,9972.0,0.0,99720.0,False
2019-01-14 13:14:00,658251.0,653926.9375,653927.0,4324.0,0.0,43240.0,False
2019-01-14 13:15:00,697754.0,654767.75,654768.0,42986.0,0.0,429860.0,False
2019-01-14 13:16:00,681562.0,666854.875,666855.0,14707.0,0.0,147070.0,False
2019-01-14 13:17:00,678876.0,667229.75,667230.0,11646.0,0.0,116460.0,False
2019-01-14 13:18:00,650106.0,673828.6875,673829.0,0.0,23723.0,23723.0,False
2019-01-14 13:19:00,658611.0,668724.5625,668725.0,0.0,10114.0,10114.0,False
2019-01-14 13:20:00,678510.0,666493.0625,666494.0,12016.0,0.0,120160.0,False
2019-01-14 13:21:00,661968.0,658595.25,658596.0,3372.0,0.0,33720.0,False
2019-01-14 13:22:00,658523.0,657137.4375,657138.0,1385.0,0.0,13850.0,False
2019-01-14 13:23:00,657521.0,652478.0,652478.0,5043.0,0.0,50430.0,False
2019-01-14 13:24:00,662778.0,656823.4375,656824.0,5954.0,0.0,59540.0,False
2019-01-14 13:25:00,663867.0,660898.5625,660899.0,2968.0,0.0,29680.0,False
2019-01-14 13:26:00,660927.0,661665.8125,661666.0,0.0,739.0,739.0,False
2019-01-14 13:27:00,649026.0,655638.5625,655639.0,0.0,6613.0,6613.0,False
2019-01-14 13:28:00,664308.0,646078.1875,646079.0,18229.0,0.0,182290.0,False
2019-01-14 13:29:00,655699.0,657500.1875,657501.0,0.0,1802.0,1802.0,False
2019-01-14 13:30:00,741333.0,653965.3125,653966.0,87367.0,0.0,873670.0,False
2019-01-14 13:31:00,701742.0,681969.0625,681970.0,19772.0,0.0,197720.0,False
2019-01-14 13:32:00,678805.0,672842.0625,672843.0,5962.0,0.0,59620.0,False
2019-01-14 13:33:00,686187.0,677052.9375,677053.0,9134.0,0.0,91340.0,False
2019-01-14 13:34:00,673956.0,666859.8125,666860.0,7096.0,0.0,70960.0,False
2019-01-14 13:35:00,662692.0,667776.4375,667777.0,0.0,5085.0,5085.0,False
2019-01-14 13:36:00,656913.0,655534.1875,655535.0,1378.0,0.0,13780.0,False
2019-01-14 13:37:00,658650.0,648483.125,648484.0,10166.0,0.0,101660.0,False
2019-01-14 13:38:00,677514.0,643490.0,643490.0,34024.0,0.0,340240.0,False
2019-01-14 13:39:00,669498.0,669929.0625,669930.0,0.0,432.0,432.0,False
2019-01-14 13:40:00,699706.0,667545.0625,667546.0,32160.0,0.0,321600.0,False
2019-01-14 13:41:00,684298.0,677391.5625,677392.0,6906.0,0.0,69060.0,False
2019-01-14 13:42:00,691805.0,675117.5625,675118.0,16687.0,0.0,166870.0,False
2019-01-14 13:43:00,703089.0,681672.875,681673.0,21416.0,0.0,214160.0,False
2019-01-14 13:44:00,675971.0,678403.1875,678404.0,0.0,2433.0,2433.0,False
2019-01-14 13:45:00,703432.0,671031.1875,671032.0,32400.0,0.0,324000.0,False
2019-01-14 13:46:00,713309.0,674114.1875,674115.0,39194.0,0.0,391940.0,False
2019-01-14 13:47:00,695968.0,680526.5,680527.0,15441.0,0.0,154410.0,False
2019-01-14 13:48:00,689171.0,679856.0,679856.0,9315.0,0.0,93150.0,False
2019-01-14 13:49:00,675775.0,678733.875,678734.0,0.0,2959.0,2959.0,False
2019-01-14 13:50:00,705484.0,670190.0625,670191.0,35293.0,0.0,352930.0,False
2019-01-14 13:51:00,693565.0,679053.8125,679054.0,14511.0,0.0,145110.0,False
2019-01-14 13:52:00,682709.0,678462.9375,678463.0,4246.0,0.0,42460.0,False
2019-01-14 13:53:00,676072.0,672440.1875,672441.0,3631.0,0.0,36310.0,False
2019-01-14 13:54:00,687431.0,668732.375,668733.0,18698.0,0.0,186980.0,False
2019-01-14 13:55:00,686696.0,677208.875,677209.0,9487.0,0.0,94870.0,False
2019-01-14 13:56:00,689496.0,675339.1875,675340.0,14156.0,0.0,141560.0,False
2019-01-14 13:57:00,677781.0,677106.875,677107.0,674.0,0.0,6740.0,False
2019-01-14 13:58:00,665077.0,668992.0625,668993.0,0.0,3916.0,3916.0,False
2019-01-14 13:59:00,665301.0,670353.1875,670354.0,0.0,5053.0,5053.0,False
2019-01-14 14:00:00,771019.0,666555.9375,666556.0,104463.0,0.0,1044630.0,False
2019-01-14 14:01:00,738118.0,699226.3125,699227.0,38891.0,0.0,388910.0,False
2019-01-14 14:02:00,704653.0,696555.25,696556.0,8097.0,0.0,80970.0,False
2019-01-14 14:03:00,716192.0,697100.5,697101.0,19091.0,0.0,190910.0,False
2019-01-14 14:04:00,701489.0,686820.6875,686821.0,14668.0,0.0,146680.0,False
2019-01-14 14:05:00,726021.0,685686.1875,685687.0,40334.0,0.0,403340.0,False
2019-01-14 14:06:00,697961.0,688973.1875,688974.0,8987.0,0.0,89870.0,False
2019-01-14 14:07:00,791135.0,670484.0,670484.0,120651.0,0.0,1206510.0,True
2019-01-14 14:08:00,773341.0,695504.875,695505.0,77836.0,0.0,778360.0,False
2019-01-14 14:09:00,796844.0,717601.1875,717602.0,79242.0,0.0,792420.0,True
2019-01-14 14:10:00,794042.0,739820.9375,739821.0,54221.0,0.0,542210.0,True
2019-01-14 14:11:00,751432.0,724916.4375,724917.0,26515.0,0.0,265150.0,False
2019-01-14 14:12:00,704617.0,729029.0625,729030.0,0.0,24413.0,24413.0,False
2019-01-14 14:13:00,701282.0,698104.0625,698105.0,3177.0,0.0,31770.0,False
2019-01-14 14:14:00,715127.0,693849.5625,693850.0,21277.0,0.0,212770.0,False
2019-01-14 14:15:00,725309.0,676633.6875,676634.0,48675.0,0.0,486750.0,False
2019-01-14 14:16:00,725174.0,703414.5625,703415.0,21759.0,0.0,217590.0,False
2019-01-14 14:17:00,720080.0,698181.5,698182.0,21898.0,0.0,218980.0,False
2019-01-14 14:18:00,715040.0,702435.1875,702436.0,12604.0,0.0,126040.0,False
2019-01-14 14:19:00,681257.0,701487.625,701488.0,0.0,20231.0,20231.0,False
2019-01-14 14:20:00,725500.0,682130.1875,682131.0,43369.0,0.0,433690.0,False
2019-01-14 14:21:00,710066.0,684925.1875,684926.0,25140.0,0.0,251400.0,False
2019-01-14 14:22:00,704335.0,676836.5625,676837.0,27498.0,0.0,274980.0,False
2019-01-14 14:23:00,697944.0,682876.25,682877.0,15067.0,0.0,150670.0,False
2019-01-14 14:24:00,702886.0,676721.0625,676722.0,26164.0,0.0,261640.0,False
2019-01-14 14:25:00,707264.0,682173.1875,682174.0,25090.0,0.0,250900.0,False
2019-01-14 14:26:00,675947.0,682924.5625,682925.0,0.0,6978.0,6978.0,False
2019-01-14 14:27:00,650073.0,674747.0625,674748.0,0.0,24675.0,24675.0,False
2019-01-14 14:28:00,666228.0,655340.125,655341.0,10887.0,0.0,108870.0,False
2019-01-14 14:29:00,666287.0,661675.0625,661676.0,4611.0,0.0,46110.0,False
2019-01-14 14:30:00,733886.0,659062.3125,659063.0,74823.0,0.0,748230.0,False
2019-01-14 14:31:00,703323.0,685196.75,685197.0,18126.0,0.0,181260.0,False
2019-01-14 14:32:00,686919.0,679090.1875,679091.0,7828.0,0.0,78280.0,False
2019-01-14 14:33:00,681979.0,684704.625,684705.0,0.0,2726.0,2726.0,False
2019-01-14 14:34:00,682894.0,676570.0625,676571.0,6323.0,0.0,63230.0,False
2019-01-14 14:35:00,691956.0,677377.125,677378.0,14578.0,0.0,145780.0,False
2019-01-14 14:36:00,687738.0,668718.6875,668719.0,19019.0,0.0,190190.0,False
2019-01-14 14:37:00,650667.0,665052.3125,665053.0,0.0,14386.0,14386.0,False
2019-01-14 14:38:00,667975.0,651793.0625,651794.0,16181.0,0.0,161810.0,False
2019-01-14 14:39:00,668036.0,668879.75,668880.0,0.0,844.0,844.0,False
2019-01-14 14:40:00,703648.0,663002.3125,663003.0,40645.0,0.0,406450.0,False
2019-01-14 14:41:00,684932.0,678502.3125,678503.0,6429.0,0.0,64290.0,False
2019-01-14 14:42:00,679686.0,671378.5,671379.0,8307.0,0.0,83070.0,False
2019-01-14 14:43:00,679125.0,675102.5625,675103.0,4022.0,0.0,40220.0,False
2019-01-14 14:44:00,674808.0,671719.1875,671720.0,3088.0,0.0,30880.0,False
2019-01-14 14:45:00,681444.0,675381.0625,675382.0,6062.0,0.0,60620.0,False
2019-01-14 14:46:00,682058.0,667703.3125,667704.0,14354.0,0.0,143540.0,False
2019-01-14 14:47:00,662869.0,665717.5625,665718.0,0.0,2849.0,2849.0,False
2019-01-14 14:48:00,673340.0,661474.5,661475.0,11865.0,0.0,118650.0,False
2019-01-14 14:49:00,646842.0,670524.0625,670525.0,0.0,23683.0,23683.0,False
2019-01-14 14:50:00,656150.0,658946.75,658947.0,0.0,2797.0,2797.0,False
2019-01-14 14:51:00,666918.0,660286.375,660287.0,6631.0,0.0,66310.0,False
2019-01-14 14:52:00,658791.0,657386.875,657387.0,1404.0,0.0,14040.0,False
2019-01-14 14:53:00,654670.0,658874.8125,658875.0,0.0,4205.0,4205.0,False
2019-01-14 14:54:00,638675.0,656306.3125,656307.0,0.0,17632.0,17632.0,False
2019-01-14 14:55:00,681135.0,651237.875,651238.0,29897.0,0.0,298970.0,False
2019-01-14 14:56:00,657109.0,659242.0625,659243.0,0.0,2134.0,2134.0,False
2019-01-14 14:57:00,664234.0,655073.1875,655074.0,9160.0,0.0,91600.0,False
2019-01-14 14:58:00,665722.0,658405.625,658406.0,7316.0,0.0,73160.0,False
2019-01-14 14:59:00,657899.0,648530.3125,648531.0,9368.0,0.0,93680.0,False
2019-01-14 15:00:00,765198.0,657570.3125,657571.0,107627.0,0.0,1076270.0,False
2019-01-14 15:01:00,710831.0,690295.6875,690296.0,20535.0,0.0,205350.0,False
2019-01-14 15:02:00,680218.0,681611.6875,681612.0,0.0,1394.0,1394.0,False
2019-01-14 15:03:00,646589.0,674500.4375,674501.0,0.0,27912.0,27912.0,False
2019-01-14 15:04:00,558971.0,652771.0,652771.0,0.0,93800.0,93800.0,False
2019-01-14 15:05:00,655702.0,628546.8125,628547.0,27155.0,0.0,271550.0,False
2019-01-14 15:06:00,720600.0,634099.0625,634100.0,86500.0,0.0,865000.0,False
2019-01-14 15:07:00,721783.0,650645.375,650646.0,71137.0,0.0,711370.0,False
2019-01-14 15:08:00,707607.0,666741.1875,666742.0,40865.0,0.0,408650.0,False
2019-01-14 15:09:00,694493.0,690537.9375,690538.0,3955.0,0.0,39550.0,False
2019-01-14 15:10:00,705604.0,684899.5625,684900.0,20704.0,0.0,207040.0,False
2019-01-14 15:11:00,696239.0,685038.75,685039.0,11200.0,0.0,112000.0,False
2019-01-14 15:12:00,653828.0,677369.9375,677370.0,0.0,23542.0,23542.0,False
2019-01-14 15:13:00,680755.0,632686.1875,632687.0,48068.0,0.0,480680.0,False
2019-01-14 15:14:00,674554.0,643226.6875,643227.0,31327.0,0.0,313270.0,False
2019-01-14 15:15:00,689131.0,660045.8125,660046.0,29085.0,0.0,290850.0,False
2019-01-14 15:16:00,681168.0,676238.3125,676239.0,4929.0,0.0,49290.0,False
2019-01-14 15:17:00,636609.0,669611.5625,669612.0,0.0,33003.0,33003.0,False
2019-01-14 15:18:00,643489.0,657200.4375,657201.0,0.0,13712.0,13712.0,False
2019-01-14 15:19:00,638525.0,654351.5,654352.0,0.0,15827.0,15827.0,False
2019-01-14 15:20:00,662755.0,648462.4375,648463.0,14292.0,0.0,142920.0,False
2019-01-14 15:21:00,654014.0,648579.6875,648580.0,5434.0,0.0,54340.0,False
2019-01-14 15:22:00,643978.0,645837.6875,645838.0,0.0,1860.0,1860.0,False
2019-01-14 15:23:00,652303.0,648732.0,648732.0,3571.0,0.0,35710.0,False
2019-01-14 15:24:00,632856.0,649300.3125,649301.0,0.0,16445.0,16445.0,False
2019-01-14 15:25:00,630557.0,647211.3125,647212.0,0.0,16655.0,16655.0,False
2019-01-14 15:26:00,637485.0,635786.5625,635787.0,1698.0,0.0,16980.0,False
2019-01-14 15:27:00,620969.0,627998.125,627999.0,0.0,7030.0,7030.0,False
2019-01-14 15:28:00,612534.0,622927.1875,622928.0,0.0,10394.0,10394.0,False
2019-01-14 15:29:00,620130.0,623787.8125,623788.0,0.0,3658.0,3658.0,False
2019-01-14 15:30:00,723308.0,624555.8125,624556.0,98752.0,0.0,987520.0,False
2019-01-14 15:31:00,675046.0,650905.875,650906.0,24140.0,0.0,241400.0,False
2019-01-14 15:32:00,659748.0,650406.875,650407.0,9341.0,0.0,93410.0,False
2019-01-14 15:33:00,662148.0,654148.1875,654149.0,7999.0,0.0,79990.0,False
2019-01-14 15:34:00,632958.0,638591.5625,638592.0,0.0,5634.0,5634.0,False
2019-01-14 15:35:00,659655.0,636054.5625,636055.0,23600.0,0.0,236000.0,False
2019-01-14 15:36:00,656058.0,636589.9375,636590.0,19468.0,0.0,194680.0,False
2019-01-14 15:37:00,644127.0,627550.6875,627551.0,16576.0,0.0,165760.0,False
2019-01-14 15:38:00,634197.0,626630.625,626631.0,7566.0,0.0,75660.0,False
2019-01-14 15:39:00,660435.0,644465.6875,644466.0,15969.0,0.0,159690.0,False
2019-01-14 15:40:00,672545.0,653387.0625,653388.0,19157.0,0.0,191570.0,False
2019-01-14 15:41:00,655368.0,653812.0625,653813.0,1555.0,0.0,15550.0,False
2019-01-14 15:42:00,638338.0,654783.5,654784.0,0.0,16446.0,16446.0,False
2019-01-14 15:43:00,673048.0,639006.9375,639007.0,34041.0,0.0,340410.0,False
2019-01-14 15:44:00,657644.0,648383.875,648384.0,9260.0,0.0,92600.0,False
2019-01-14 15:45:00,680473.0,650126.8125,650127.0,30346.0,0.0,303460.0,False
2019-01-14 15:46:00,667439.0,659877.5,659878.0,7561.0,0.0,75610.0,False
2019-01-14 15:47:00,656464.0,646411.0625,646412.0,10052.0,0.0,100520.0,False
2019-01-14 15:48:00,659987.0,653715.4375,653716.0,6271.0,0.0,62710.0,False
2019-01-14 15:49:00,644980.0,655959.5,655960.0,0.0,10980.0,10980.0,False
2019-01-14 15:50:00,670878.0,651630.6875,651631.0,19247.0,0.0,192470.0,False
2019-01-14 15:51:00,644838.0,648900.6875,648901.0,0.0,4063.0,4063.0,False
2019-01-14 15:52:00,651658.0,646200.625,646201.0,5457.0,0.0,54570.0,False
2019-01-14 15:53:00,635747.0,651549.5625,651550.0,0.0,15803.0,15803.0,False
2019-01-14 15:54:00,622100.0,642959.75,642960.0,0.0,20860.0,20860.0,False
2019-01-14 15:55:00,642256.0,642573.625,642574.0,0.0,318.0,318.0,False
2019-01-14 15:56:00,647781.0,636697.75,636698.0,11083.0,0.0,110830.0,False
2019-01-14 15:57:00,641890.0,639311.75,639312.0,2578.0,0.0,25780.0,False
2019-01-14 15:58:00,636819.0,636198.0625,636199.0,620.0,0.0,6200.0,False
2019-01-14 15:59:00,660884.0,637306.75,637307.0,23577.0,0.0,235770.0,False
2019-01-14 16:00:00,744411.0,642891.5625,642892.0,101519.0,0.0,1015190.0,False
2019-01-14 16:01:00,718809.0,671908.875,671909.0,46900.0,0.0,469000.0,False
2019-01-14 16:02:00,680483.0,675474.5,675475.0,5008.0,0.0,50080.0,False
2019-01-14 16:03:00,670118.0,664265.5,664266.0,5852.0,0.0,58520.0,False
2019-01-14 16:04:00,657885.0,652900.375,652901.0,4984.0,0.0,49840.0,False
2019-01-14 16:05:00,677971.0,651618.3125,651619.0,26352.0,0.0,263520.0,False
2019-01-14 16:06:00,747814.0,653116.75,653117.0,94697.0,0.0,946970.0,False
2019-01-14 16:07:00,735790.0,669354.375,669355.0,66435.0,0.0,664350.0,False
2019-01-14 16:08:00,731188.0,676771.3125,676772.0,54416.0,0.0,544160.0,False
2019-01-14 16:09:00,736730.0,707007.4375,707008.0,29722.0,0.0,297220.0,False
2019-01-14 16:10:00,726666.0,704357.0625,704358.0,22308.0,0.0,223080.0,False
2019-01-14 16:11:00,677023.0,700075.875,700076.0,0.0,23053.0,23053.0,False
2019-01-14 16:12:00,649361.0,676556.0625,676557.0,0.0,27196.0,27196.0,False
2019-01-14 16:13:00,649312.0,650326.25,650327.0,0.0,1015.0,1015.0,False
2019-01-14 16:14:00,660115.0,636249.125,636250.0,23865.0,0.0,238650.0,False
2019-01-14 16:15:00,695613.0,653918.1875,653919.0,41694.0,0.0,416940.0,False
2019-01-14 16:16:00,663647.0,664568.25,664569.0,0.0,922.0,922.0,False
2019-01-14 16:17:00,680898.0,659815.3125,659816.0,21082.0,0.0,210820.0,False
2019-01-14 16:18:00,674288.0,674145.125,674146.0,142.0,0.0,1420.0,False
2019-01-14 16:19:00,640490.0,671852.5625,671853.0,0.0,31363.0,31363.0,False
2019-01-14 16:20:00,677074.0,662305.1875,662306.0,14768.0,0.0,147680.0,False
2019-01-14 16:21:00,652653.0,658279.9375,658280.0,0.0,5627.0,5627.0,False
2019-01-14 16:22:00,653630.0,644671.5625,644672.0,8958.0,0.0,89580.0,False
2019-01-14 16:23:00,664612.0,649608.1875,649609.0,15003.0,0.0,150030.0,False
2019-01-14 16:24:00,652996.0,656462.5625,656463.0,0.0,3467.0,3467.0,False
2019-01-14 16:25:00,650729.0,654703.375,654704.0,0.0,3975.0,3975.0,False
2019-01-14 16:26:00,644285.0,653489.3125,653490.0,0.0,9205.0,9205.0,False
2019-01-14 16:27:00,626726.0,651246.5625,651247.0,0.0,24521.0,24521.0,False
2019-01-14 16:28:00,654044.0,635108.375,635109.0,18935.0,0.0,189350.0,False
2019-01-14 16:29:00,648912.0,642704.0625,642705.0,6207.0,0.0,62070.0,False
2019-01-14 16:30:00,705027.0,642398.0625,642399.0,62628.0,0.0,626280.0,False
2019-01-14 16:31:00,683297.0,660193.8125,660194.0,23103.0,0.0,231030.0,False
2019-01-14 16:32:00,658672.0,660406.4375,660407.0,0.0,1735.0,1735.0,False
2019-01-14 16:33:00,675954.0,661710.875,661711.0,14243.0,0.0,142430.0,False
2019-01-14 16:34:00,672361.0,655936.5625,655937.0,16424.0,0.0,164240.0,False
2019-01-14 16:35:00,662410.0,656993.125,656994.0,5416.0,0.0,54160.0,False
2019-01-14 16:36:00,661444.0,648771.0625,648772.0,12672.0,0.0,126720.0,False
2019-01-14 16:37:00,642590.0,647846.5625,647847.0,0.0,5257.0,5257.0,False
2019-01-14 16:38:00,653112.0,640475.6875,640476.0,12636.0,0.0,126360.0,False
2019-01-14 16:39:00,650619.0,654024.3125,654025.0,0.0,3406.0,3406.0,False
2019-01-14 16:40:00,677960.0,653497.0625,653498.0,24462.0,0.0,244620.0,False
2019-01-14 16:41:00,650986.0,659251.625,659252.0,0.0,8266.0,8266.0,False
2019-01-14 16:42:00,637115.0,651781.4375,651782.0,0.0,14667.0,14667.0,False
2019-01-14 16:43:00,592880.0,652433.6875,652434.0,0.0,59554.0,59554.0,False
2019-01-14 16:44:00,629685.0,628053.5625,628054.0,1631.0,0.0,16310.0,False
2019-01-14 16:45:00,656291.0,633921.6875,633922.0,22369.0,0.0,223690.0,False
2019-01-14 16:46:00,645124.0,631916.1875,631917.0,13207.0,0.0,132070.0,False
2019-01-14 16:47:00,664929.0,635462.875,635463.0,29466.0,0.0,294660.0,False
2019-01-14 16:48:00,651500.0,640433.3125,640434.0,11066.0,0.0,110660.0,False
2019-01-14 16:49:00,658968.0,646637.75,646638.0,12330.0,0.0,123300.0,False
2019-01-14 16:50:00,672298.0,653124.4375,653125.0,19173.0,0.0,191730.0,False
2019-01-14 16:51:00,666057.0,650184.9375,650185.0,15872.0,0.0,158720.0,False
2019-01-14 16:52:00,645729.0,639348.3125,639349.0,6380.0,0.0,63800.0,False
2019-01-14 16:53:00,653583.0,636538.9375,636539.0,17044.0,0.0,170440.0,False
2019-01-14 16:54:00,658182.0,645699.5625,645700.0,12482.0,0.0,124820.0,False
2019-01-14 16:55:00,679507.0,645252.5625,645253.0,34254.0,0.0,342540.0,False
2019-01-14 16:56:00,663543.0,658217.4375,658218.0,5325.0,0.0,53250.0,False
2019-01-14 16:57:00,672930.0,654800.3125,654801.0,18129.0,0.0,181290.0,False
2019-01-14 16:58:00,668842.0,658562.9375,658563.0,10279.0,0.0,102790.0,False
2019-01-14 16:59:00,653559.0,660159.5,660160.0,0.0,6601.0,6601.0,False
2019-01-14 17:00:00,740641.0,661015.0625,661016.0,79625.0,0.0,796250.0,False
2019-01-14 17:01:00,694238.0,679236.0,679236.0,15002.0,0.0,150020.0,False
2019-01-14 17:02:00,661143.0,669081.625,669082.0,0.0,7939.0,7939.0,False
2019-01-14 17:03:00,669509.0,667365.4375,667366.0,2143.0,0.0,21430.0,False
2019-01-14 17:04:00,667905.0,660851.75,660852.0,7053.0,0.0,70530.0,False
2019-01-14 17:05:00,664308.0,662346.3125,662347.0,1961.0,0.0,19610.0,False
2019-01-14 17:06:00,705006.0,659219.0,659219.0,45787.0,0.0,457870.0,False
2019-01-14 17:07:00,749132.0,669926.625,669927.0,79205.0,0.0,792050.0,False
2019-01-14 17:08:00,762257.0,681131.0625,681132.0,81125.0,0.0,811250.0,False
2019-01-14 17:09:00,748766.0,716567.5625,716568.0,32198.0,0.0,321980.0,False
2019-01-14 17:10:00,703904.0,714128.5625,714129.0,0.0,10225.0,10225.0,False
2019-01-14 17:11:00,668113.0,692895.9375,692896.0,0.0,24783.0,24783.0,False
2019-01-14 17:12:00,646929.0,671923.1875,671924.0,0.0,24995.0,24995.0,False
2019-01-14 17:13:00,653089.0,651345.1875,651346.0,1743.0,0.0,17430.0,False
2019-01-14 17:14:00,643130.0,639321.4375,639322.0,3808.0,0.0,38080.0,False
2019-01-14 17:15:00,669740.0,634531.5,634532.0,35208.0,0.0,352080.0,False
2019-01-14 17:16:00,685767.0,655973.6875,655974.0,29793.0,0.0,297930.0,False
2019-01-14 17:17:00,689138.0,667524.8125,667525.0,21613.0,0.0,216130.0,False
2019-01-14 17:18:00,681658.0,682164.625,682165.0,0.0,507.0,507.0,False
2019-01-14 17:19:00,660739.0,676896.875,676897.0,0.0,16158.0,16158.0,False
2019-01-14 17:20:00,679404.0,667850.1875,667851.0,11553.0,0.0,115530.0,False
2019-01-14 17:21:00,662630.0,663632.3125,663633.0,0.0,1003.0,1003.0,False
2019-01-14 17:22:00,678310.0,654750.875,654751.0,23559.0,0.0,235590.0,False
2019-01-14 17:23:00,660421.0,658393.4375,658394.0,2027.0,0.0,20270.0,False
2019-01-14 17:24:00,637876.0,651626.9375,651627.0,0.0,13751.0,13751.0,False
2019-01-14 17:25:00,665289.0,654800.9375,654801.0,10488.0,0.0,104880.0,False
2019-01-14 17:26:00,680763.0,657041.9375,657042.0,23721.0,0.0,237210.0,False
2019-01-14 17:27:00,687765.0,664940.9375,664941.0,22824.0,0.0,228240.0,False
2019-01-14 17:28:00,667949.0,668854.625,668855.0,0.0,906.0,906.0,False
2019-01-14 17:29:00,661660.0,665548.4375,665549.0,0.0,3889.0,3889.0,False
2019-01-14 17:30:00,723649.0,661967.4375,661968.0,61681.0,0.0,616810.0,False
2019-01-14 17:31:00,687709.0,681431.9375,681432.0,6277.0,0.0,62770.0,False
2019-01-14 17:32:00,677969.0,676217.6875,676218.0,1751.0,0.0,17510.0,False
2019-01-14 17:33:00,673200.0,667562.1875,667563.0,5637.0,0.0,56370.0,False
2019-01-14 17:34:00,638728.0,657155.5625,657156.0,0.0,18428.0,18428.0,False
2019-01-14 17:35:00,674002.0,656306.6875,656307.0,17695.0,0.0,176950.0,False
2019-01-14 17:36:00,687774.0,663489.5625,663490.0,24284.0,0.0,242840.0,False
2019-01-14 17:37:00,681293.0,662374.4375,662375.0,18918.0,0.0,189180.0,False
2019-01-14 17:38:00,691031.0,663715.8125,663716.0,27315.0,0.0,273150.0,False
2019-01-14 17:39:00,674970.0,679151.9375,679152.0,0.0,4182.0,4182.0,False
2019-01-14 17:40:00,695027.0,674540.4375,674541.0,20486.0,0.0,204860.0,False
2019-01-14 17:41:00,699984.0,679697.6875,679698.0,20286.0,0.0,202860.0,False
2019-01-14 17:42:00,664782.0,681334.6875,681335.0,0.0,16553.0,16553.0,False
2019-01-14 17:43:00,666559.0,662599.875,662600.0,3959.0,0.0,39590.0,False
2019-01-14 17:44:00,664490.0,658622.875,658623.0,5867.0,0.0,58670.0,False
2019-01-14 17:45:00,671588.0,661904.3125,661905.0,9683.0,0.0,96830.0,False
2019-01-14 17:46:00,705226.0,665342.75,665343.0,39883.0,0.0,398830.0,False
2019-01-14 17:47:00,675704.0,676782.1875,676783.0,0.0,1079.0,1079.0,False
2019-01-14 17:48:00,681264.0,669408.4375,669409.0,11855.0,0.0,118550.0,False
2019-01-14 17:49:00,659755.0,675762.1875,675763.0,0.0,16008.0,16008.0,False
2019-01-14 17:50:00,692925.0,668133.8125,668134.0,24791.0,0.0,247910.0,False
2019-01-14 17:51:00,654702.0,675014.0,675014.0,0.0,20312.0,20312.0,False
2019-01-14 17:52:00,639464.0,656955.1875,656956.0,0.0,17492.0,17492.0,False
2019-01-14 17:53:00,647099.0,652307.5625,652308.0,0.0,5209.0,5209.0,False
2019-01-14 17:54:00,637996.0,641468.3125,641469.0,0.0,3473.0,3473.0,False
2019-01-14 17:55:00,694214.0,648949.0,648949.0,45265.0,0.0,452650.0,False
2019-01-14 17:56:00,706200.0,661751.125,661752.0,44448.0,0.0,444480.0,False
2019-01-14 17:57:00,679368.0,670772.8125,670773.0,8595.0,0.0,85950.0,False
2019-01-14 17:58:00,664628.0,669324.1875,669325.0,0.0,4697.0,4697.0,False
2019-01-14 17:59:00,665904.0,665705.5625,665706.0,198.0,0.0,1980.0,False
2019-01-14 18:00:00,752010.0,661715.5,661716.0,90294.0,0.0,902940.0,False
2019-01-14 18:01:00,725401.0,680856.125,680857.0,44544.0,0.0,445440.0,False
2019-01-14 18:02:00,731664.0,679463.5625,679464.0,52200.0,0.0,522000.0,False
2019-01-14 18:03:00,725003.0,684670.3125,684671.0,40332.0,0.0,403320.0,False
2019-01-14 18:04:00,697030.0,684757.25,684758.0,12272.0,0.0,122720.0,False
2019-01-14 18:05:00,726045.0,691787.5625,691788.0,34257.0,0.0,342570.0,False
2019-01-14 18:06:00,782214.0,689377.1875,689378.0,92836.0,0.0,928360.0,True
2019-01-14 18:07:00,748146.0,701573.5625,701574.0,46572.0,0.0,465720.0,False
2019-01-14 18:08:00,765492.0,690258.0625,690259.0,75233.0,0.0,752330.0,False
2019-01-14 18:09:00,770729.0,720065.0625,720066.0,50663.0,0.0,506630.0,False
2019-01-14 18:10:00,751323.0,711672.1875,711673.0,39650.0,0.0,396500.0,False
2019-01-14 18:11:00,703284.0,718906.0625,718907.0,0.0,15623.0,15623.0,False
2019-01-14 18:12:00,678670.0,694997.5,694998.0,0.0,16328.0,16328.0,False
2019-01-14 18:13:00,675787.0,673225.0,673225.0,2562.0,0.0,25620.0,False
2019-01-14 18:14:00,668842.0,662246.6875,662247.0,6595.0,0.0,65950.0,False
2019-01-14 18:15:00,693943.0,674509.25,674510.0,19433.0,0.0,194330.0,False
2019-01-14 18:16:00,705739.0,670222.375,670223.0,35516.0,0.0,355160.0,False
2019-01-14 18:17:00,701957.0,681374.5625,681375.0,20582.0,0.0,205820.0,False
2019-01-14 18:18:00,704232.0,690408.3125,690409.0,13823.0,0.0,138230.0,False
2019-01-14 18:19:00,689509.0,693306.5625,693307.0,0.0,3798.0,3798.0,False
2019-01-14 18:20:00,682522.0,683962.3125,683963.0,0.0,1441.0,1441.0,False
2019-01-14 18:21:00,710305.0,677008.375,677009.0,33296.0,0.0,332960.0,False
2019-01-14 18:22:00,666371.0,680585.0625,680586.0,0.0,14215.0,14215.0,False
2019-01-14 18:23:00,665076.0,663636.3125,663637.0,1439.0,0.0,14390.0,False
2019-01-14 18:24:00,645673.0,664263.1875,664264.0,0.0,18591.0,18591.0,False
2019-01-14 18:25:00,672497.0,652510.1875,652511.0,19986.0,0.0,199860.0,False
2019-01-14 18:26:00,685398.0,662991.8125,662992.0,22406.0,0.0,224060.0,False
2019-01-14 18:27:00,653618.0,666513.5625,666514.0,0.0,12896.0,12896.0,False
2019-01-14 18:28:00,679086.0,662497.75,662498.0,16588.0,0.0,165880.0,False
2019-01-14 18:29:00,656339.0,664323.375,664324.0,0.0,7985.0,7985.0,False
2019-01-14 18:30:00,738687.0,664716.0625,664717.0,73970.0,0.0,739700.0,False
2019-01-14 18:31:00,711580.0,689600.8125,689601.0,21979.0,0.0,219790.0,False
2019-01-14 18:32:00,698868.0,679829.5625,679830.0,19038.0,0.0,190380.0,False
2019-01-14 18:33:00,676625.0,681960.6875,681961.0,0.0,5336.0,5336.0,False
2019-01-14 18:34:00,652849.0,663110.4375,663111.0,0.0,10262.0,10262.0,False
2019-01-14 18:35:00,650204.0,666100.1875,666101.0,0.0,15897.0,15897.0,False
2019-01-14 18:36:00,666622.0,647668.1875,647669.0,18953.0,0.0,189530.0,False
2019-01-14 18:37:00,676499.0,649737.9375,649738.0,26761.0,0.0,267610.0,False
2019-01-14 18:38:00,688717.0,648720.0,648720.0,39997.0,0.0,399970.0,False
2019-01-14 18:39:00,635902.0,673891.625,673892.0,0.0,37990.0,37990.0,False
2019-01-14 18:40:00,685362.0,658010.6875,658011.0,27351.0,0.0,273510.0,False
2019-01-14 18:41:00,654032.0,671759.625,671760.0,0.0,17728.0,17728.0,False
2019-01-14 18:42:00,645807.0,657189.3125,657190.0,0.0,11383.0,11383.0,False
2019-01-14 18:43:00,654376.0,656768.5625,656769.0,0.0,2393.0,2393.0,False
2019-01-14 18:44:00,648640.0,639577.3125,639578.0,9062.0,0.0,90620.0,False
2019-01-14 18:45:00,679323.0,644761.6875,644762.0,34561.0,0.0,345610.0,False
2019-01-14 18:46:00,676110.0,658305.8125,658306.0,17804.0,0.0,178040.0,False
2019-01-14 18:47:00,648546.0,666342.3125,666343.0,0.0,17797.0,17797.0,False
2019-01-14 18:48:00,682131.0,650844.9375,650845.0,31286.0,0.0,312860.0,False
2019-01-14 18:49:00,666763.0,661456.9375,661457.0,5306.0,0.0,53060.0,False
2019-01-14 18:50:00,692059.0,659835.375,659836.0,32223.0,0.0,322230.0,False
2019-01-14 18:51:00,658736.0,666680.3125,666681.0,0.0,7945.0,7945.0,False
2019-01-14 18:52:00,650511.0,652501.3125,652502.0,0.0,1991.0,1991.0,False
2019-01-14 18:53:00,648328.0,651433.4375,651434.0,0.0,3106.0,3106.0,False
2019-01-14 18:54:00,659757.0,646308.0,646308.0,13449.0,0.0,134490.0,False
2019-01-14 18:55:00,660729.0,657489.625,657490.0,3239.0,0.0,32390.0,False
2019-01-14 18:56:00,636298.0,647687.6875,647688.0,0.0,11390.0,11390.0,False
2019-01-14 18:57:00,650955.0,645152.4375,645153.0,5802.0,0.0,58020.0,False
2019-01-14 18:58:00,658474.0,646670.125,646671.0,11803.0,0.0,118030.0,False
2019-01-14 18:59:00,645765.0,652778.5625,652779.0,0.0,7014.0,7014.0,False
2019-01-14 19:00:00,724007.0,649893.8125,649894.0,74113.0,0.0,741130.0,False
2019-01-14 19:01:00,682141.0,668272.8125,668273.0,13868.0,0.0,138680.0,False
2019-01-14 19:02:00,662056.0,659246.0625,659247.0,2809.0,0.0,28090.0,False
2019-01-14 19:03:00,652939.0,664044.1875,664045.0,0.0,11106.0,11106.0,False
2019-01-14 19:04:00,616147.0,651481.375,651482.0,0.0,35335.0,35335.0,False
2019-01-14 19:05:00,634508.0,635273.25,635274.0,0.0,766.0,766.0,False
2019-01-14 19:06:00,674976.0,629727.8125,629728.0,45248.0,0.0,452480.0,False
2019-01-14 19:07:00,782503.0,640509.4375,640510.0,141993.0,0.0,1419930.0,True
2019-01-14 19:08:00,779450.0,680186.0625,680187.0,99263.0,0.0,992630.0,False
2019-01-14 19:09:00,685776.0,712242.4375,712243.0,0.0,26467.0,26467.0,False
2019-01-14 19:10:00,693741.0,695121.1875,695122.0,0.0,1381.0,1381.0,False
2019-01-14 19:11:00,680601.0,681579.9375,681580.0,0.0,979.0,979.0,False
2019-01-14 19:12:00,655545.0,664392.0625,664393.0,0.0,8848.0,8848.0,False
2019-01-14 19:13:00,647104.0,646013.5625,646014.0,1090.0,0.0,10900.0,False
2019-01-14 19:14:00,645812.0,622508.6875,622509.0,23303.0,0.0,233030.0,False
2019-01-14 19:15:00,688770.0,624947.9375,624948.0,63822.0,0.0,638220.0,False
2019-01-14 19:16:00,675900.0,669177.75,669178.0,6722.0,0.0,67220.0,False
2019-01-14 19:17:00,659977.0,678332.6875,678333.0,0.0,18356.0,18356.0,False
2019-01-14 19:18:00,676001.0,665343.6875,665344.0,10657.0,0.0,106570.0,False
2019-01-14 19:19:00,649056.0,665324.1875,665325.0,0.0,16269.0,16269.0,False
2019-01-14 19:20:00,680219.0,659773.75,659774.0,20445.0,0.0,204450.0,False
2019-01-14 19:21:00,683428.0,664403.1875,664404.0,19024.0,0.0,190240.0,False
2019-01-14 19:22:00,661053.0,657335.6875,657336.0,3717.0,0.0,37170.0,False
2019-01-14 19:23:00,664052.0,654283.3125,654284.0,9768.0,0.0,97680.0,False
2019-01-14 19:24:00,657863.0,659056.1875,659057.0,0.0,1194.0,1194.0,False
2019-01-14 19:25:00,663647.0,661023.0625,661024.0,2623.0,0.0,26230.0,False
2019-01-14 19:26:00,647101.0,657809.0,657809.0,0.0,10708.0,10708.0,False
2019-01-14 19:27:00,624672.0,652868.625,652869.0,0.0,28197.0,28197.0,False
2019-01-14 19:28:00,631523.0,638979.625,638980.0,0.0,7457.0,7457.0,False
2019-01-14 19:29:00,631815.0,635877.75,635878.0,0.0,4063.0,4063.0,False
2019-01-14 19:30:00,698503.0,640894.625,640895.0,57608.0,0.0,576080.0,False
2019-01-14 19:31:00,662179.0,656967.4375,656968.0,5211.0,0.0,52110.0,False
2019-01-14 19:32:00,658495.0,650942.1875,650943.0,7552.0,0.0,75520.0,False
2019-01-14 19:33:00,650494.0,656417.6875,656418.0,0.0,5924.0,5924.0,False
2019-01-14 19:34:00,638613.0,646113.3125,646114.0,0.0,7501.0,7501.0,False
2019-01-14 19:35:00,627384.0,644525.625,644526.0,0.0,17142.0,17142.0,False
2019-01-14 19:36:00,637582.0,626392.8125,626393.0,11189.0,0.0,111890.0,False
2019-01-14 19:37:00,622451.0,623939.625,623940.0,0.0,1489.0,1489.0,False
2019-01-14 19:38:00,615976.0,616337.5625,616338.0,0.0,362.0,362.0,False
2019-01-14 19:39:00,620173.0,630223.0,630223.0,0.0,10050.0,10050.0,False
2019-01-14 19:40:00,649887.0,628448.0625,628449.0,21438.0,0.0,214380.0,False
2019-01-14 19:41:00,626528.0,633267.0625,633268.0,0.0,6740.0,6740.0,False
2019-01-14 19:42:00,616599.0,628485.0,628485.0,0.0,11886.0,11886.0,False
2019-01-14 19:43:00,634251.0,622766.5625,622767.0,11484.0,0.0,114840.0,False
2019-01-14 19:44:00,638098.0,617594.6875,617595.0,20503.0,0.0,205030.0,False
2019-01-14 19:45:00,659298.0,622696.4375,622697.0,36601.0,0.0,366010.0,False
2019-01-14 19:46:00,645723.0,629348.9375,629349.0,16374.0,0.0,163740.0,False
2019-01-14 19:47:00,649118.0,624864.6875,624865.0,24253.0,0.0,242530.0,False
2019-01-14 19:48:00,644796.0,628759.3125,628760.0,16036.0,0.0,160360.0,False
2019-01-14 19:49:00,634203.0,633794.4375,633795.0,408.0,0.0,4080.0,False
2019-01-14 19:50:00,651809.0,631442.0625,631443.0,20366.0,0.0,203660.0,False
2019-01-14 19:51:00,632039.0,627564.6875,627565.0,4474.0,0.0,44740.0,False
2019-01-14 19:52:00,639584.0,625504.8125,625505.0,14079.0,0.0,140790.0,False
2019-01-14 19:53:00,630248.0,630317.5625,630318.0,0.0,70.0,70.0,False
2019-01-14 19:54:00,644150.0,629968.3125,629969.0,14181.0,0.0,141810.0,False
2019-01-14 19:55:00,647429.0,635382.9375,635383.0,12046.0,0.0,120460.0,False
2019-01-14 19:56:00,634617.0,634177.875,634178.0,439.0,0.0,4390.0,False
2019-01-14 19:57:00,642185.0,633450.5625,633451.0,8734.0,0.0,87340.0,False
2019-01-14 19:58:00,638503.0,629919.4375,629920.0,8583.0,0.0,85830.0,False
2019-01-14 19:59:00,633430.0,631481.5,631482.0,1948.0,0.0,19480.0,False
2019-01-14 20:00:00,729691.0,629233.5,629234.0,100457.0,0.0,1004570.0,False
2019-01-14 20:01:00,660045.0,657194.6875,657195.0,2850.0,0.0,28500.0,False
2019-01-14 20:02:00,664402.0,644327.6875,644328.0,20074.0,0.0,200740.0,False
2019-01-14 20:03:00,647707.0,656089.625,656090.0,0.0,8383.0,8383.0,False
2019-01-14 20:04:00,648382.0,638467.0625,638468.0,9914.0,0.0,99140.0,False
2019-01-14 20:05:00,653859.0,643151.4375,643152.0,10707.0,0.0,107070.0,False
2019-01-14 20:06:00,705258.0,635670.125,635671.0,69587.0,0.0,695870.0,False
2019-01-14 20:07:00,728414.0,655336.5625,655337.0,73077.0,0.0,730770.0,False
2019-01-14 20:08:00,720235.0,662154.1875,662155.0,58080.0,0.0,580800.0,False
2019-01-14 20:09:00,723023.0,696260.6875,696261.0,26762.0,0.0,267620.0,False
2019-01-14 20:10:00,709796.0,690608.1875,690609.0,19187.0,0.0,191870.0,False
2019-01-14 20:11:00,682163.0,684760.75,684761.0,0.0,2598.0,2598.0,False
2019-01-14 20:12:00,647469.0,670735.625,670736.0,0.0,23267.0,23267.0,False
2019-01-14 20:13:00,636998.0,646830.0,646830.0,0.0,9832.0,9832.0,False
2019-01-14 20:14:00,624944.0,630658.0625,630659.0,0.0,5715.0,5715.0,False
2019-01-14 20:15:00,676927.0,629048.125,629049.0,47878.0,0.0,478780.0,False
2019-01-14 20:16:00,667837.0,651763.4375,651764.0,16073.0,0.0,160730.0,False
2019-01-14 20:17:00,672120.0,652169.125,652170.0,19950.0,0.0,199500.0,False
2019-01-14 20:18:00,652397.0,667541.1875,667542.0,0.0,15145.0,15145.0,False
2019-01-14 20:19:00,635836.0,657933.125,657934.0,0.0,22098.0,22098.0,False
2019-01-14 20:20:00,660339.0,654832.8125,654833.0,5506.0,0.0,55060.0,False
2019-01-14 20:21:00,642079.0,648946.4375,648947.0,0.0,6868.0,6868.0,False
2019-01-14 20:22:00,642855.0,637780.5625,637781.0,5074.0,0.0,50740.0,False
2019-01-14 20:23:00,643858.0,631414.4375,631415.0,12443.0,0.0,124430.0,False
2019-01-14 20:24:00,639810.0,636914.3125,636915.0,2895.0,0.0,28950.0,False
2019-01-14 20:25:00,658640.0,643471.5,643472.0,15168.0,0.0,151680.0,False
2019-01-14 20:26:00,641121.0,647920.9375,647921.0,0.0,6800.0,6800.0,False
2019-01-14 20:27:00,621717.0,642622.9375,642623.0,0.0,20906.0,20906.0,False
2019-01-14 20:28:00,627626.0,629723.0,629723.0,0.0,2097.0,2097.0,False
2019-01-14 20:29:00,605169.0,629030.375,629031.0,0.0,23862.0,23862.0,False
2019-01-14 20:30:00,652512.0,622078.9375,622079.0,30433.0,0.0,304330.0,False
2019-01-14 20:31:00,624649.0,629078.625,629079.0,0.0,4430.0,4430.0,False
2019-01-14 20:32:00,607889.0,623097.4375,623098.0,0.0,15209.0,15209.0,False
2019-01-14 20:33:00,632286.0,620563.625,620564.0,11722.0,0.0,117220.0,False
2019-01-14 20:34:00,615967.0,623264.8125,623265.0,0.0,7298.0,7298.0,False
2019-01-14 20:35:00,630576.0,621773.8125,621774.0,8802.0,0.0,88020.0,False
2019-01-14 20:36:00,644715.0,617190.4375,617191.0,27524.0,0.0,275240.0,False
2019-01-14 20:37:00,629121.0,618528.9375,618529.0,10592.0,0.0,105920.0,False
2019-01-14 20:38:00,621777.0,613435.3125,613436.0,8341.0,0.0,83410.0,False
2019-01-14 20:39:00,613424.0,620487.6875,620488.0,0.0,7064.0,7064.0,False
2019-01-14 20:40:00,640169.0,615925.1875,615926.0,24243.0,0.0,242430.0,False
2019-01-14 20:41:00,611936.0,612968.1875,612969.0,0.0,1033.0,1033.0,False
2019-01-14 20:42:00,617117.0,611329.6875,611330.0,5787.0,0.0,57870.0,False
2019-01-14 20:43:00,621267.0,611184.6875,611185.0,10082.0,0.0,100820.0,False
2019-01-14 20:44:00,626651.0,609212.5625,609213.0,17438.0,0.0,174380.0,False
2019-01-14 20:45:00,640017.0,618487.4375,618488.0,21529.0,0.0,215290.0,False
2019-01-14 20:46:00,633376.0,620183.4375,620184.0,13192.0,0.0,131920.0,False
2019-01-14 20:47:00,655904.0,616579.1875,616580.0,39324.0,0.0,393240.0,False
2019-01-14 20:48:00,643601.0,621715.8125,621716.0,21885.0,0.0,218850.0,False
2019-01-14 20:49:00,623391.0,626895.5625,626896.0,0.0,3505.0,3505.0,False
2019-01-14 20:50:00,649571.0,621373.0,621373.0,28198.0,0.0,281980.0,False
2019-01-14 20:51:00,640909.0,621983.9375,621984.0,18925.0,0.0,189250.0,False
2019-01-14 20:52:00,658850.0,623326.9375,623327.0,35523.0,0.0,355230.0,False
2019-01-14 20:53:00,636102.0,633831.0625,633832.0,2270.0,0.0,22700.0,False
2019-01-14 20:54:00,621152.0,630319.3125,630320.0,0.0,9168.0,9168.0,False
2019-01-14 20:55:00,642066.0,627259.5,627260.0,14806.0,0.0,148060.0,False
2019-01-14 20:56:00,627550.0,631690.8125,631691.0,0.0,4141.0,4141.0,False
2019-01-14 20:57:00,624159.0,630680.9375,630681.0,0.0,6522.0,6522.0,False
2019-01-14 20:58:00,629443.0,621397.6875,621398.0,8045.0,0.0,80450.0,False
2019-01-14 20:59:00,627116.0,622242.875,622243.0,4873.0,0.0,48730.0,False
2019-01-14 21:00:00,713622.0,623685.5625,623686.0,89936.0,0.0,899360.0,False
2019-01-14 21:01:00,682471.0,653817.125,653818.0,28653.0,0.0,286530.0,False
2019-01-14 21:02:00,665548.0,652336.6875,652337.0,13211.0,0.0,132110.0,False
2019-01-14 21:03:00,647485.0,651228.125,651229.0,0.0,3744.0,3744.0,False
2019-01-14 21:04:00,656537.0,637872.0625,637873.0,18664.0,0.0,186640.0,False
2019-01-14 21:05:00,658689.0,642455.4375,642456.0,16233.0,0.0,162330.0,False
2019-01-14 21:06:00,650743.0,635443.1875,635444.0,15299.0,0.0,152990.0,False
2019-01-14 21:07:00,671512.0,635756.8125,635757.0,35755.0,0.0,357550.0,False
2019-01-14 21:08:00,746368.0,635929.6875,635930.0,110438.0,0.0,1104380.0,False
2019-01-14 21:09:00,755706.0,685264.1875,685265.0,70441.0,0.0,704410.0,False
2019-01-14 21:10:00,721742.0,704598.4375,704599.0,17143.0,0.0,171430.0,False
2019-01-14 21:11:00,634048.0,699953.9375,699954.0,0.0,65906.0,65906.0,False
2019-01-14 21:12:00,653608.0,658600.375,658601.0,0.0,4993.0,4993.0,False
2019-01-14 21:13:00,651736.0,649520.5625,649521.0,2215.0,0.0,22150.0,False
2019-01-14 21:14:00,647479.0,638437.1875,638438.0,9041.0,0.0,90410.0,False
2019-01-14 21:15:00,648939.0,635198.9375,635199.0,13740.0,0.0,137400.0,False
2019-01-14 21:16:00,637511.0,625802.5625,625803.0,11708.0,0.0,117080.0,False
2019-01-14 21:17:00,660161.0,644218.875,644219.0,15942.0,0.0,159420.0,False
2019-01-14 21:18:00,645540.0,658550.875,658551.0,0.0,13011.0,13011.0,False
2019-01-14 21:19:00,648124.0,655858.875,655859.0,0.0,7735.0,7735.0,False
2019-01-14 21:20:00,675828.0,644985.0,644985.0,30843.0,0.0,308430.0,False
2019-01-14 21:21:00,655098.0,646270.1875,646271.0,8827.0,0.0,88270.0,False
2019-01-14 21:22:00,644619.0,648704.25,648705.0,0.0,4086.0,4086.0,False
2019-01-14 21:23:00,639264.0,645582.8125,645583.0,0.0,6319.0,6319.0,False
2019-01-14 21:24:00,619322.0,637016.9375,637017.0,0.0,17695.0,17695.0,False
2019-01-14 21:25:00,638808.0,627654.0625,627655.0,11153.0,0.0,111530.0,False
2019-01-14 21:26:00,627354.0,632208.1875,632209.0,0.0,4855.0,4855.0,False
2019-01-14 21:27:00,634318.0,627994.6875,627995.0,6323.0,0.0,63230.0,False
2019-01-14 21:28:00,622513.0,626398.8125,626399.0,0.0,3886.0,3886.0,False
2019-01-14 21:29:00,632693.0,628478.0625,628479.0,4214.0,0.0,42140.0,False
2019-01-14 21:30:00,749223.0,632625.3125,632626.0,116597.0,0.0,1165970.0,False
2019-01-14 21:31:00,683293.0,663622.1875,663623.0,19670.0,0.0,196700.0,False
2019-01-14 21:32:00,650097.0,655949.0625,655950.0,0.0,5853.0,5853.0,False
2019-01-14 21:33:00,647019.0,650494.5625,650495.0,0.0,3476.0,3476.0,False
2019-01-14 21:34:00,626563.0,632549.5,632550.0,0.0,5987.0,5987.0,False
2019-01-14 21:35:00,641004.0,628590.4375,628591.0,12413.0,0.0,124130.0,False
2019-01-14 21:36:00,638907.0,626037.625,626038.0,12869.0,0.0,128690.0,False
2019-01-14 21:37:00,632517.0,618564.0625,618565.0,13952.0,0.0,139520.0,False
2019-01-14 21:38:00,627948.0,614211.5625,614212.0,13736.0,0.0,137360.0,False
2019-01-14 21:39:00,639289.0,642537.9375,642538.0,0.0,3249.0,3249.0,False
2019-01-14 21:40:00,660362.0,642750.4375,642751.0,17611.0,0.0,176110.0,False
2019-01-14 21:41:00,629310.0,642714.3125,642715.0,0.0,13405.0,13405.0,False
2019-01-14 21:42:00,625209.0,633992.3125,633993.0,0.0,8784.0,8784.0,False
2019-01-14 21:43:00,633703.0,625753.9375,625754.0,7949.0,0.0,79490.0,False
2019-01-14 21:44:00,618526.0,623263.125,623264.0,0.0,4738.0,4738.0,False
2019-01-14 21:45:00,630324.0,622727.0625,622728.0,7596.0,0.0,75960.0,False
2019-01-14 21:46:00,626136.0,622194.1875,622195.0,3941.0,0.0,39410.0,False
2019-01-14 21:47:00,646299.0,616535.4375,616536.0,29763.0,0.0,297630.0,False
2019-01-14 21:48:00,622032.0,624991.125,624992.0,0.0,2960.0,2960.0,False
2019-01-14 21:49:00,614926.0,626539.625,626540.0,0.0,11614.0,11614.0,False
2019-01-14 21:50:00,630777.0,621603.25,621604.0,9173.0,0.0,91730.0,False
2019-01-14 21:51:00,641511.0,614818.75,614819.0,26692.0,0.0,266920.0,False
2019-01-14 21:52:00,636468.0,621719.0,621719.0,14749.0,0.0,147490.0,False
2019-01-14 21:53:00,619147.0,620103.9375,620104.0,0.0,957.0,957.0,False
2019-01-14 21:54:00,633728.0,616212.3125,616213.0,17515.0,0.0,175150.0,False
2019-01-14 21:55:00,629719.0,618463.625,618464.0,11255.0,0.0,112550.0,False
2019-01-14 21:56:00,622534.0,622399.8125,622400.0,134.0,0.0,1340.0,False
2019-01-14 21:57:00,638027.0,619155.9375,619156.0,18871.0,0.0,188710.0,False
2019-01-14 21:58:00,618927.0,615268.0625,615269.0,3658.0,0.0,36580.0,False
2019-01-14 21:59:00,624671.0,614182.625,614183.0,10488.0,0.0,104880.0,False
2019-01-14 22:00:00,726231.0,620520.4375,620521.0,105710.0,0.0,1057100.0,False
2019-01-14 22:01:00,651412.0,649675.0625,649676.0,1736.0,0.0,17360.0,False
2019-01-14 22:02:00,652930.0,636192.125,636193.0,16737.0,0.0,167370.0,False
2019-01-14 22:03:00,642876.0,644906.1875,644907.0,0.0,2031.0,2031.0,False
2019-01-14 22:04:00,634330.0,627297.8125,627298.0,7032.0,0.0,70320.0,False
2019-01-14 22:05:00,647171.0,628705.5625,628706.0,18465.0,0.0,184650.0,False
2019-01-14 22:06:00,722589.0,628516.6875,628517.0,94072.0,0.0,940720.0,False
2019-01-14 22:07:00,725084.0,650345.6875,650346.0,74738.0,0.0,747380.0,False
2019-01-14 22:08:00,727419.0,656926.9375,656927.0,70492.0,0.0,704920.0,False
2019-01-14 22:09:00,694547.0,696911.3125,696912.0,0.0,2365.0,2365.0,False
2019-01-14 22:10:00,661817.0,677652.0625,677653.0,0.0,15836.0,15836.0,False
2019-01-14 22:11:00,648076.0,662509.6875,662510.0,0.0,14434.0,14434.0,False
2019-01-14 22:12:00,636912.0,644835.8125,644836.0,0.0,7924.0,7924.0,False
2019-01-14 22:13:00,628149.0,628424.5625,628425.0,0.0,276.0,276.0,False
2019-01-14 22:14:00,627421.0,615814.5625,615815.0,11606.0,0.0,116060.0,False
2019-01-14 22:15:00,653408.0,630144.6875,630145.0,23263.0,0.0,232630.0,False
2019-01-14 22:16:00,637563.0,642611.3125,642612.0,0.0,5049.0,5049.0,False
2019-01-14 22:17:00,639372.0,646598.4375,646599.0,0.0,7227.0,7227.0,False
2019-01-14 22:18:00,627615.0,646560.125,646561.0,0.0,18946.0,18946.0,False
2019-01-14 22:19:00,623973.0,635738.4375,635739.0,0.0,11766.0,11766.0,False
2019-01-14 22:20:00,638312.0,630606.4375,630607.0,7705.0,0.0,77050.0,False
2019-01-14 22:21:00,625041.0,627048.5625,627049.0,0.0,2008.0,2008.0,False
2019-01-14 22:22:00,619713.0,620449.5625,620450.0,0.0,737.0,737.0,False
2019-01-14 22:23:00,614103.0,616092.875,616093.0,0.0,1990.0,1990.0,False
2019-01-14 22:24:00,616165.0,618106.125,618107.0,0.0,1942.0,1942.0,False
2019-01-14 22:25:00,616171.0,617847.5625,617848.0,0.0,1677.0,1677.0,False
2019-01-14 22:26:00,625452.0,614326.25,614327.0,11125.0,0.0,111250.0,False
2019-01-14 22:27:00,635677.0,613333.6875,613334.0,22343.0,0.0,223430.0,False
2019-01-14 22:28:00,636054.0,613338.0,613338.0,22716.0,0.0,227160.0,False
2019-01-14 22:29:00,617821.0,618917.6875,618918.0,0.0,1097.0,1097.0,False
2019-01-14 22:30:00,677698.0,614403.4375,614404.0,63294.0,0.0,632940.0,False
2019-01-14 22:31:00,647610.0,628192.5625,628193.0,19417.0,0.0,194170.0,False
2019-01-14 22:32:00,626252.0,624404.4375,624405.0,1847.0,0.0,18470.0,False
2019-01-14 22:33:00,623358.0,625132.5625,625133.0,0.0,1775.0,1775.0,False
2019-01-14 22:34:00,613736.0,613998.1875,613999.0,0.0,263.0,263.0,False
2019-01-14 22:35:00,626600.0,614220.8125,614221.0,12379.0,0.0,123790.0,False
2019-01-14 22:36:00,612123.0,618640.0625,618641.0,0.0,6518.0,6518.0,False
2019-01-14 22:37:00,604535.0,614577.4375,614578.0,0.0,10043.0,10043.0,False
2019-01-14 22:38:00,604385.0,605073.0625,605074.0,0.0,689.0,689.0,False
2019-01-14 22:39:00,607582.0,614529.125,614530.0,0.0,6948.0,6948.0,False
2019-01-14 22:40:00,641559.0,616796.9375,616797.0,24762.0,0.0,247620.0,False
2019-01-14 22:41:00,623349.0,614425.6875,614426.0,8923.0,0.0,89230.0,False
2019-01-14 22:42:00,595166.0,609061.625,609062.0,0.0,13896.0,13896.0,False
2019-01-14 22:43:00,623969.0,601332.6875,601333.0,22636.0,0.0,226360.0,False
2019-01-14 22:44:00,616972.0,605738.5,605739.0,11233.0,0.0,112330.0,False
2019-01-14 22:45:00,638137.0,603589.9375,603590.0,34547.0,0.0,345470.0,False
2019-01-14 22:46:00,623340.0,608597.3125,608598.0,14742.0,0.0,147420.0,False
2019-01-14 22:47:00,645070.0,603906.9375,603907.0,41163.0,0.0,411630.0,False
2019-01-14 22:48:00,629597.0,613096.4375,613097.0,16500.0,0.0,165000.0,False
2019-01-14 22:49:00,599110.0,618000.3125,618001.0,0.0,18891.0,18891.0,False
2019-01-14 22:50:00,639246.0,613435.875,613436.0,25810.0,0.0,258100.0,False
2019-01-14 22:51:00,604252.0,608952.6875,608953.0,0.0,4701.0,4701.0,False
2019-01-14 22:52:00,611750.0,605697.6875,605698.0,6052.0,0.0,60520.0,False
2019-01-14 22:53:00,606205.0,609387.375,609388.0,0.0,3183.0,3183.0,False
2019-01-14 22:54:00,605963.0,605433.375,605434.0,529.0,0.0,5290.0,False
2019-01-14 22:55:00,615895.0,606626.625,606627.0,9268.0,0.0,92680.0,False
2019-01-14 22:56:00,613157.0,608997.3125,608998.0,4159.0,0.0,41590.0,False
2019-01-14 22:57:00,607959.0,608893.3125,608894.0,0.0,935.0,935.0,False
2019-01-14 22:58:00,625235.0,596464.5625,596465.0,28770.0,0.0,287700.0,False
2019-01-14 22:59:00,611442.0,606783.1875,606784.0,4658.0,0.0,46580.0,False
2019-01-14 23:00:00,711484.0,600424.9375,600425.0,111059.0,0.0,1110590.0,False
2019-01-14 23:01:00,645106.0,628876.1875,628877.0,16229.0,0.0,162290.0,False
2019-01-14 23:02:00,652371.0,620312.1875,620313.0,32058.0,0.0,320580.0,False
2019-01-14 23:03:00,651248.0,632020.8125,632021.0,19227.0,0.0,192270.0,False
2019-01-14 23:04:00,629553.0,621375.5625,621376.0,8177.0,0.0,81770.0,False
2019-01-14 23:05:00,637780.0,623736.6875,623737.0,14043.0,0.0,140430.0,False
2019-01-14 23:06:00,652740.0,619341.4375,619342.0,33398.0,0.0,333980.0,False
2019-01-14 23:07:00,676817.0,624294.1875,624295.0,52522.0,0.0,525220.0,False
2019-01-14 23:08:00,684261.0,632337.3125,632338.0,51923.0,0.0,519230.0,False
2019-01-14 23:09:00,686833.0,663523.4375,663524.0,23309.0,0.0,233090.0,False
2019-01-14 23:10:00,667390.0,667751.75,667752.0,0.0,362.0,362.0,False
2019-01-14 23:11:00,637495.0,658125.6875,658126.0,0.0,20631.0,20631.0,False
2019-01-14 23:12:00,658949.0,649192.4375,649193.0,9756.0,0.0,97560.0,False
2019-01-14 23:13:00,620860.0,643656.6875,643657.0,0.0,22797.0,22797.0,False
2019-01-14 23:14:00,609331.0,626806.3125,626807.0,0.0,17476.0,17476.0,False
2019-01-14 23:15:00,630045.0,625207.0625,625208.0,4837.0,0.0,48370.0,False
2019-01-14 23:16:00,604802.0,627378.9375,627379.0,0.0,22577.0,22577.0,False
2019-01-14 23:17:00,535995.0,628782.875,628783.0,0.0,92788.0,92788.0,False
2019-01-14 23:18:00,567885.0,614742.375,614743.0,0.0,46858.0,46858.0,False
2019-01-14 23:19:00,591624.0,611213.4375,611214.0,0.0,19590.0,19590.0,False
2019-01-14 23:20:00,633844.0,599486.5625,599487.0,34357.0,0.0,343570.0,False
2019-01-14 23:21:00,622058.0,613625.9375,613626.0,8432.0,0.0,84320.0,False
2019-01-14 23:22:00,605205.0,605685.375,605686.0,0.0,481.0,481.0,False
2019-01-14 23:23:00,622582.0,596536.8125,596537.0,26045.0,0.0,260450.0,False
2019-01-14 23:24:00,612415.0,600363.8125,600364.0,12051.0,0.0,120510.0,False
2019-01-14 23:25:00,616866.0,599298.1875,599299.0,17567.0,0.0,175670.0,False
2019-01-14 23:26:00,601307.0,586944.375,586945.0,14362.0,0.0,143620.0,False
2019-01-14 23:27:00,614037.0,585538.4375,585539.0,28498.0,0.0,284980.0,False
2019-01-14 23:28:00,618267.0,594295.5625,594296.0,23971.0,0.0,239710.0,False
2019-01-14 23:29:00,636622.0,603596.9375,603597.0,33025.0,0.0,330250.0,False
2019-01-14 23:30:00,704185.0,611996.9375,611997.0,92188.0,0.0,921880.0,False
2019-01-14 23:31:00,644028.0,628153.3125,628154.0,15874.0,0.0,158740.0,False
2019-01-14 23:32:00,616963.0,625714.375,625715.0,0.0,8752.0,8752.0,False
2019-01-14 23:33:00,611267.0,620495.8125,620496.0,0.0,9229.0,9229.0,False
2019-01-14 23:34:00,581705.0,605895.3125,605896.0,0.0,24191.0,24191.0,False
2019-01-14 23:35:00,593599.0,597866.6875,597867.0,0.0,4268.0,4268.0,False
2019-01-14 23:36:00,597509.0,597225.4375,597226.0,283.0,0.0,2830.0,False
2019-01-14 23:37:00,599955.0,592214.875,592215.0,7740.0,0.0,77400.0,False
2019-01-14 23:38:00,595014.0,596098.0625,596099.0,0.0,1085.0,1085.0,False
2019-01-14 23:39:00,594908.0,612532.125,612533.0,0.0,17625.0,17625.0,False
2019-01-14 23:40:00,634585.0,610153.5625,610154.0,24431.0,0.0,244310.0,False
2019-01-14 23:41:00,608947.0,604164.1875,604165.0,4782.0,0.0,47820.0,False
2019-01-14 23:42:00,607280.0,596917.1875,596918.0,10362.0,0.0,103620.0,False
2019-01-14 23:43:00,613165.0,593137.5,593138.0,20027.0,0.0,200270.0,False
2019-01-14 23:44:00,613704.0,591439.1875,591440.0,22264.0,0.0,222640.0,False
2019-01-14 23:45:00,639067.0,595472.9375,595473.0,43594.0,0.0,435940.0,False
2019-01-14 23:46:00,620960.0,602442.3125,602443.0,18517.0,0.0,185170.0,False
2019-01-14 23:47:00,604475.0,600584.3125,600585.0,3890.0,0.0,38900.0,False
2019-01-14 23:48:00,614541.0,597190.5625,597191.0,17350.0,0.0,173500.0,False
2019-01-14 23:49:00,591612.0,605213.4375,605214.0,0.0,13602.0,13602.0,False
2019-01-14 23:50:00,617163.0,598834.75,598835.0,18328.0,0.0,183280.0,False
2019-01-14 23:51:00,591331.0,599643.625,599644.0,0.0,8313.0,8313.0,False
2019-01-14 23:52:00,580034.0,593050.5625,593051.0,0.0,13017.0,13017.0,False
2019-01-14 23:53:00,583403.0,593471.9375,593472.0,0.0,10069.0,10069.0,False
2019-01-14 23:54:00,598860.0,594461.9375,594462.0,4398.0,0.0,43980.0,False
2019-01-14 23:55:00,611202.0,596799.9375,596800.0,14402.0,0.0,144020.0,False
2019-01-14 23:56:00,588891.0,591577.75,591578.0,0.0,2687.0,2687.0,False
2019-01-14 23:57:00,578440.0,590495.875,590496.0,0.0,12056.0,12056.0,False
2019-01-14 23:58:00,587982.0,584060.5625,584061.0,3921.0,0.0,39210.0,False
2019-01-14 23:59:00,586114.0,586827.1875,586828.0,0.0,714.0,714.0,False
