timestamp,actual_demand,predicted,provisioned,cold_starts,idle_capacity,cost,is_extreme
2019-01-12 09:36:00,553495.0,814996.1724413916,814997.0,0.0,261502.0,261502.0,False
2019-01-12 09:37:00,559100.0,851728.1724413916,851729.0,0.0,292629.0,292629.0,False
2019-01-12 09:38:00,555599.0,858122.1724413916,858123.0,0.0,302524.0,302524.0,False
2019-01-12 09:39:00,570612.0,850594.1724413916,850595.0,0.0,279983.0,279983.0,False
2019-01-12 09:40:00,584966.0,861948.1724413916,861949.0,0.0,276983.0,276983.0,False
2019-01-12 09:41:00,571705.0,836479.1724413916,836480.0,0.0,264775.0,264775.0,False
2019-01-12 09:42:00,575588.0,833028.1724413916,833029.0,0.0,257441.0,257441.0,False
2019-01-12 09:43:00,565964.0,832661.1724413916,832662.0,0.0,266698.0,266698.0,False
2019-01-12 09:44:00,572865.0,817536.1724413916,817537.0,0.0,244672.0,244672.0,False
2019-01-12 09:45:00,617089.0,845558.1724413916,845559.0,0.0,228470.0,228470.0,False
2019-01-12 09:46:00,615697.0,833895.1724413916,833896.0,0.0,218199.0,218199.0,False
2019-01-12 09:47:00,621582.0,837628.1724413916,837629.0,0.0,216047.0,216047.0,False
2019-01-12 09:48:00,602921.0,831088.1724413916,831089.0,0.0,228168.0,228168.0,False
2019-01-12 09:49:00,590658.0,820275.1724413916,820276.0,0.0,229618.0,229618.0,False
2019-01-12 09:50:00,613440.0,842496.1724413916,842497.0,0.0,229057.0,229057.0,False
2019-01-12 09:51:00,599705.0,813144.1724413916,813145.0,0.0,213440.0,213440.0,False
2019-01-12 09:52:00,587745.0,827505.1724413916,827506.0,0.0,239761.0,239761.0,False
2019-01-12 09:53:00,562710.0,817423.1724413916,817424.0,0.0,254714.0,254714.0,False
2019-01-12 09:54:00,581482.0,799373.1724413916,799374.0,0.0,217892.0,217892.0,False
2019-01-12 09:55:00,578549.0,827252.1724413916,827253.0,0.0,248704.0,248704.0,False
2019-01-12 09:56:00,555120.0,810479.1724413916,810480.0,0.0,255360.0,255360.0,False
2019-01-12 09:57:00,550793.0,799836.1724413916,799837.0,0.0,249044.0,249044.0,False
2019-01-12 09:58:00,562589.0,802947.1724413916,802948.0,0.0,240359.0,240359.0,False
2019-01-12 09:59:00,583837.0,828338.1724413916,828339.0,0.0,244502.0,244502.0,False
2019-01-12 10:00:00,672798.0,931000.1724413916,931001.0,0.0,258203.0,258203.0,False
2019-01-12 10:01:00,613156.0,879062.1724413916,879063.0,0.0,265907.0,265907.0,False
2019-01-12 10:02:00,615925.0,858951.1724413916,858952.0,0.0,243027.0,243027.0,False
2019-01-12 10:03:00,605002.0,867735.1724413916,867736.0,0.0,262734.0,262734.0,False
2019-01-12 10:04:00,614712.0,871010.1724413916,871011.0,0.0,256299.0,256299.0,False
2019-01-12 10:05:00,632308.0,870471.1724413916,870472.0,0.0,238164.0,238164.0,False
2019-01-12 10:06:00,629592.0,794826.1399611775,794827.0,0.0,165235.0,165235.0,False
2019-01-12 10:07:00,621169.0,839836.2306123432,839837.0,0.0,218668.0,218668.0,False
2019-01-12 10:08:00,611268.0,836634.8774179891,836635.0,0.0,225367.0,225367.0,False
2019-01-12 10:09:00,588057.0,818087.3392424581,818088.0,0.0,230031.0,230031.0,False
2019-01-12 10:10:00,630571.0,851367.0755384059,851368.0,0.0,220797.0,220797.0,False
2019-01-12 10:11:00,626327.0,826842.7088878212,826843.0,0.0,200516.0,200516.0,False
2019-01-12 10:12:00,609606.0,781853.8054690859,781854.0,0.0,172248.0,172248.0,False
2019-01-12 10:13:00,590924.0,754986.62870614,754987.0,0.0,164063.0,164063.0,False
2019-01-12 10:14:00,569357.0,747218.1832084127,747219.0,0.0,177862.0,177862.0,False
2019-01-12 10:15:00,601976.0,767689.6407549042,767690.0,0.0,165714.0,165714.0,False
2019-01-12 10:16:00,611700.0,754856.0524441802,754857.0,0.0,143157.0,143157.0,False
2019-01-12 10:17:00,613031.0,767351.5742304531,767352.0,0.0,154321.0,154321.0,False
2019-01-12 10:18:00,620360.0,756429.3702465271,756430.0,0.0,136070.0,136070.0,False
2019-01-12 10:19:00,616865.0,733663.0058594998,733664.0,0.0,116799.0,116799.0,False
2019-01-12 10:20:00,645195.0,777226.9532740468,777227.0,0.0,132032.0,132032.0,False
2019-01-12 10:21:00,630220.0,739461.418858722,739462.0,0.0,109242.0,109242.0,False
2019-01-12 10:22:00,616579.0,776248.6994072502,776249.0,0.0,159670.0,159670.0,False
2019-01-12 10:23:00,617967.0,744226.0838816932,744227.0,0.0,126260.0,126260.0,False
2019-01-12 10:24:00,590719.0,742097.6354603743,742098.0,0.0,151379.0,151379.0,False
2019-01-12 10:25:00,607461.0,735462.7870427751,735463.0,0.0,128002.0,128002.0,False
2019-01-12 10:26:00,595604.0,729334.2315942474,729335.0,0.0,133731.0,133731.0,False
2019-01-12 10:27:00,579180.0,739327.2416103499,739328.0,0.0,160148.0,160148.0,False
2019-01-12 10:28:00,577091.0,725608.8332936193,725609.0,0.0,148518.0,148518.0,False
2019-01-12 10:29:00,589654.0,735156.0021029387,735157.0,0.0,145503.0,145503.0,False
2019-01-12 10:30:00,635898.0,818917.1630145903,818918.0,0.0,183020.0,183020.0,False
2019-01-12 10:31:00,570907.0,746086.7381708006,746087.0,0.0,175180.0,175180.0,False
2019-01-12 10:32:00,582776.0,753914.1502900113,753915.0,0.0,171139.0,171139.0,False
2019-01-12 10:33:00,566317.0,734979.3127306902,734980.0,0.0,168663.0,168663.0,False
2019-01-12 10:34:00,536499.0,730199.8258552242,730200.0,0.0,193701.0,193701.0,False
2019-01-12 10:35:00,584796.0,771507.8041208221,771508.0,0.0,186712.0,186712.0,False
2019-01-12 10:36:00,567809.0,738438.978062486,738439.0,0.0,170630.0,170630.0,False
2019-01-12 10:37:00,568353.0,744314.2277601149,744315.0,0.0,175962.0,175962.0,False
2019-01-12 10:38:00,557289.0,691230.771136367,691231.0,0.0,133942.0,133942.0,False
2019-01-12 10:39:00,570739.0,702617.530675494,702618.0,0.0,131879.0,131879.0,False
2019-01-12 10:40:00,592745.0,735866.3315802584,735867.0,0.0,143122.0,143122.0,False
2019-01-12 10:41:00,590520.0,682978.4809339573,682979.0,0.0,92459.0,92459.0,False
2019-01-12 10:42:00,613963.0,652697.9741926834,652698.0,0.0,38735.0,38735.0,False
2019-01-12 10:43:00,607943.0,666387.911944132,666388.0,0.0,58445.0,58445.0,False
2019-01-12 10:44:00,624957.0,672889.562178221,672890.0,0.0,47933.0,47933.0,False
2019-01-12 10:45:00,657422.0,695191.0339092815,695192.0,0.0,37770.0,37770.0,False
2019-01-12 10:46:00,638847.0,712548.0717950406,712549.0,0.0,73702.0,73702.0,False
2019-01-12 10:47:00,643693.0,691969.9210227982,691970.0,0.0,48277.0,48277.0,False
2019-01-12 10:48:00,648756.0,710675.0403765528,710676.0,0.0,61920.0,61920.0,False
2019-01-12 10:49:00,627792.0,697532.7653512509,697533.0,0.0,69741.0,69741.0,False
2019-01-12 10:50:00,631550.0,726669.5951762669,726670.0,0.0,95120.0,95120.0,False
2019-01-12 10:51:00,625232.0,705811.0433700375,705812.0,0.0,80580.0,80580.0,False
2019-01-12 10:52:00,628748.0,705794.0439956633,705795.0,0.0,77047.0,77047.0,False
2019-01-12 10:53:00,621864.0,700130.0299657667,700131.0,0.0,78267.0,78267.0,False
2019-01-12 10:54:00,615623.0,730690.1744962917,730691.0,0.0,115068.0,115068.0,False
2019-01-12 10:55:00,613658.0,744008.6180707765,744009.0,0.0,130351.0,130351.0,False
2019-01-12 10:56:00,595818.0,695207.67561028,695208.0,0.0,99390.0,99390.0,False
2019-01-12 10:57:00,589360.0,698639.812913819,698640.0,0.0,109280.0,109280.0,False
2019-01-12 10:58:00,590099.0,695963.2149987424,695964.0,0.0,105865.0,105865.0,False
2019-01-12 10:59:00,579094.0,698702.4658071736,698703.0,0.0,119609.0,119609.0,False
2019-01-12 11:00:00,689136.0,827401.5017392307,827402.0,0.0,138266.0,138266.0,False
2019-01-12 11:01:00,638849.0,766191.2095488469,766192.0,0.0,127343.0,127343.0,False
2019-01-12 11:02:00,617645.0,764302.6730822596,764303.0,0.0,146658.0,146658.0,False
2019-01-12 11:03:00,613628.0,743977.5445481506,743978.0,0.0,130350.0,130350.0,False
2019-01-12 11:04:00,601598.0,751163.2685135046,751164.0,0.0,149566.0,149566.0,False
2019-01-12 11:05:00,608504.0,756258.3690309091,756259.0,0.0,147755.0,147755.0,False
2019-01-12 11:06:00,672356.0,800021.204483483,800022.0,0.0,127666.0,127666.0,False
2019-01-12 11:07:00,662473.0,849283.4420815933,849284.0,0.0,186811.0,186811.0,False
2019-01-12 11:08:00,683414.0,871557.6506009265,871558.0,0.0,188144.0,188144.0,False
2019-01-12 11:09:00,680693.0,833631.446132616,833632.0,0.0,152939.0,152939.0,False
2019-01-12 11:10:00,686199.0,839530.9212703307,839531.0,0.0,153332.0,153332.0,False
2019-01-12 11:11:00,652373.0,781889.4334219581,781890.0,0.0,129517.0,129517.0,False
2019-01-12 11:12:00,647148.0,731505.0956161208,731506.0,0.0,84358.0,84358.0,False
2019-01-12 11:13:00,615680.0,733565.8108706869,733566.0,0.0,117886.0,117886.0,False
2019-01-12 11:14:00,604997.0,723195.9357313322,723196.0,0.0,118199.0,118199.0,False
2019-01-12 11:15:00,656380.0,751086.1216301711,751087.0,0.0,94707.0,94707.0,False
2019-01-12 11:16:00,619308.0,739872.0455583624,739873.0,0.0,120565.0,120565.0,False
2019-01-12 11:17:00,609750.0,733082.6408506917,733083.0,0.0,123333.0,123333.0,False
2019-01-12 11:18:00,608803.0,720477.8855125979,720478.0,0.0,111675.0,111675.0,False
2019-01-12 11:19:00,619098.0,698290.3650301456,698291.0,0.0,79193.0,79193.0,False
2019-01-12 11:20:00,634030.0,740393.8668317847,740394.0,0.0,106364.0,106364.0,False
2019-01-12 11:21:00,623732.0,721498.1826911013,721499.0,0.0,97767.0,97767.0,False
2019-01-12 11:22:00,600260.0,695164.2061306481,695165.0,0.0,94905.0,94905.0,False
2019-01-12 11:23:00,603439.0,715303.3712595114,715304.0,0.0,111865.0,111865.0,False
2019-01-12 11:24:00,600748.0,689920.3150491796,689921.0,0.0,89173.0,89173.0,False
2019-01-12 11:25:00,597077.0,713363.5101636859,713364.0,0.0,116287.0,116287.0,False
2019-01-12 11:26:00,606076.0,699252.5151200842,699253.0,0.0,93177.0,93177.0,False
2019-01-12 11:27:00,589363.0,690472.9070181513,690473.0,0.0,101110.0,101110.0,False
2019-01-12 11:28:00,584865.0,648567.6905551059,648568.0,0.0,63703.0,63703.0,False
2019-01-12 11:29:00,586629.0,690578.383398578,690579.0,0.0,103950.0,103950.0,False
2019-01-12 11:30:00,667010.0,762921.3489780021,762922.0,0.0,95912.0,95912.0,False
2019-01-12 11:31:00,630921.0,725407.5652439792,725408.0,0.0,94487.0,94487.0,False
2019-01-12 11:32:00,621874.0,695741.6072383927,695742.0,0.0,73868.0,73868.0,False
2019-01-12 11:33:00,624462.0,707688.9124289514,707689.0,0.0,83227.0,83227.0,False
2019-01-12 11:34:00,611739.0,703257.2674850854,703258.0,0.0,91519.0,91519.0,False
2019-01-12 11:35:00,633526.0,718341.7608393374,718342.0,0.0,84816.0,84816.0,False
2019-01-12 11:36:00,609703.0,693439.8354185469,693440.0,0.0,83737.0,83737.0,False
2019-01-12 11:37:00,604886.0,685140.586264463,685141.0,0.0,80255.0,80255.0,False
2019-01-12 11:38:00,599055.0,681168.6536712062,681169.0,0.0,82114.0,82114.0,False
2019-01-12 11:39:00,606871.0,663707.831118273,663708.0,0.0,56837.0,56837.0,False
2019-01-12 11:40:00,627560.0,698254.746965294,698255.0,0.0,70695.0,70695.0,False
2019-01-12 11:41:00,601990.0,686772.5763697282,686773.0,0.0,84783.0,84783.0,False
2019-01-12 11:42:00,597969.0,666071.6136748474,666072.0,0.0,68103.0,68103.0,False
2019-01-12 11:43:00,600061.0,677482.3897567544,677483.0,0.0,77422.0,77422.0,False
2019-01-12 11:44:00,590787.0,690733.0050487685,690734.0,0.0,99947.0,99947.0,False
2019-01-12 11:45:00,626420.0,710326.3893929524,710327.0,0.0,83907.0,83907.0,False
2019-01-12 11:46:00,610391.0,700645.5273867635,700646.0,0.0,90255.0,90255.0,False
2019-01-12 11:47:00,623041.0,693389.0315575568,693390.0,0.0,70349.0,70349.0,False
2019-01-12 11:48:00,622582.0,696843.1000371272,696844.0,0.0,74262.0,74262.0,False
2019-01-12 11:49:00,603930.0,702973.3243197908,702974.0,0.0,99044.0,99044.0,False
2019-01-12 11:50:00,624126.0,726524.4123258336,726525.0,0.0,102399.0,102399.0,False
2019-01-12 11:51:00,607805.0,727069.4889201431,727070.0,0.0,119265.0,119265.0,False
2019-01-12 11:52:00,621061.0,721991.0085010873,721992.0,0.0,100931.0,100931.0,False
2019-01-12 11:53:00,601186.0,706663.0236768175,706664.0,0.0,105478.0,105478.0,False
2019-01-12 11:54:00,614788.0,699703.7376685046,699704.0,0.0,84916.0,84916.0,False
2019-01-12 11:55:00,648044.0,730806.7419936913,730807.0,0.0,82763.0,82763.0,False
2019-01-12 11:56:00,607104.0,740019.6673845839,740020.0,0.0,132916.0,132916.0,False
2019-01-12 11:57:00,599038.0,736555.8453383197,736556.0,0.0,137518.0,137518.0,False
2019-01-12 11:58:00,578714.0,727755.3751479562,727756.0,0.0,149042.0,149042.0,False
2019-01-12 11:59:00,584432.0,724698.1549565254,724699.0,0.0,140267.0,140267.0,False
2019-01-12 12:00:00,710456.0,878615.9658948807,878616.0,0.0,168160.0,168160.0,False
2019-01-12 12:01:00,650176.0,812430.5641558776,812431.0,0.0,162255.0,162255.0,False
2019-01-12 12:02:00,653458.0,802076.6330080575,802077.0,0.0,148619.0,148619.0,False
2019-01-12 12:03:00,633152.0,768970.724527244,768971.0,0.0,135819.0,135819.0,False
2019-01-12 12:04:00,618287.0,774321.8899035627,774322.0,0.0,156035.0,156035.0,False
2019-01-12 12:05:00,682236.0,792929.6460283772,792930.0,0.0,110694.0,110694.0,False
2019-01-12 12:06:00,706413.0,875711.4458509745,875712.0,0.0,169299.0,169299.0,False
2019-01-12 12:07:00,710186.0,833736.2151302182,833737.0,0.0,123551.0,123551.0,False
2019-01-12 12:08:00,731428.0,845997.2884688516,845998.0,0.0,114570.0,114570.0,False
2019-01-12 12:09:00,730227.0,836880.7937180379,836881.0,0.0,106654.0,106654.0,False
2019-01-12 12:10:00,675699.0,821123.1083136732,821124.0,0.0,145425.0,145425.0,False
2019-01-12 12:11:00,634651.0,753330.717028299,753331.0,0.0,118680.0,118680.0,False
2019-01-12 12:12:00,612267.0,744282.9334716949,744283.0,0.0,132016.0,132016.0,False
2019-01-12 12:13:00,619758.0,737713.7772591119,737714.0,0.0,117956.0,117956.0,False
2019-01-12 12:14:00,621463.0,742108.5904103436,742109.0,0.0,120646.0,120646.0,False
2019-01-12 12:15:00,662960.0,780339.9150485755,780340.0,0.0,117380.0,117380.0,False
2019-01-12 12:16:00,647567.0,764307.3909781165,764308.0,0.0,116741.0,116741.0,False
2019-01-12 12:17:00,646980.0,768417.7455299457,768418.0,0.0,121438.0,121438.0,False
2019-01-12 12:18:00,652729.0,746332.2338845135,746333.0,0.0,93604.0,93604.0,False
2019-01-12 12:19:00,654293.0,756024.7903102225,756025.0,0.0,101732.0,101732.0,False
2019-01-12 12:20:00,658594.0,768379.162366844,768380.0,0.0,109786.0,109786.0,False
2019-01-12 12:21:00,621109.0,762732.2829884698,762733.0,0.0,141624.0,141624.0,False
2019-01-12 12:22:00,611693.0,743757.324576216,743758.0,0.0,132065.0,132065.0,False
2019-01-12 12:23:00,615396.0,740957.9401665144,740958.0,0.0,125562.0,125562.0,False
2019-01-12 12:24:00,627098.0,695447.5256540766,695448.0,0.0,68350.0,68350.0,False
2019-01-12 12:25:00,607715.0,736133.2455817934,736134.0,0.0,128419.0,128419.0,False
2019-01-12 12:26:00,598956.0,700443.2832195603,700444.0,0.0,101488.0,101488.0,False
2019-01-12 12:27:00,602450.0,701041.4009487889,701042.0,0.0,98592.0,98592.0,False
2019-01-12 12:28:00,590159.0,710593.0197935773,710594.0,0.0,120435.0,120435.0,False
2019-01-12 12:29:00,602459.0,724655.2531200843,724656.0,0.0,122197.0,122197.0,False
2019-01-12 12:30:00,667302.0,780356.635946394,780357.0,0.0,113055.0,113055.0,False
2019-01-12 12:31:00,637873.0,735005.6780206931,735006.0,0.0,97133.0,97133.0,False
2019-01-12 12:32:00,636552.0,727843.72630638,727844.0,0.0,91292.0,91292.0,False
2019-01-12 12:33:00,643793.0,732618.9930881121,732619.0,0.0,88826.0,88826.0,False
2019-01-12 12:34:00,635801.0,733677.1247109736,733678.0,0.0,97877.0,97877.0,False
2019-01-12 12:35:00,638370.0,739511.8399854092,739512.0,0.0,101142.0,101142.0,False
2019-01-12 12:36:00,644264.0,711543.8618803466,711544.0,0.0,67280.0,67280.0,False
2019-01-12 12:37:00,621809.0,701407.3647835721,701408.0,0.0,79599.0,79599.0,False
2019-01-12 12:38:00,605102.0,697790.3149383251,697791.0,0.0,92689.0,92689.0,False
2019-01-12 12:39:00,612841.0,727559.516376201,727560.0,0.0,114719.0,114719.0,False
2019-01-12 12:40:00,640759.0,753057.2209467561,753058.0,0.0,112299.0,112299.0,False
2019-01-12 12:41:00,619318.0,719222.5936075572,719223.0,0.0,99905.0,99905.0,False
2019-01-12 12:42:00,622150.0,728798.7212709842,728799.0,0.0,106649.0,106649.0,False
2019-01-12 12:43:00,637722.0,710054.8063102295,710055.0,0.0,72333.0,72333.0,False
2019-01-12 12:44:00,632725.0,724979.7807807516,724980.0,0.0,92255.0,92255.0,False
2019-01-12 12:45:00,651955.0,758289.9576645639,758290.0,0.0,106335.0,106335.0,False
2019-01-12 12:46:00,653909.0,735373.9776315718,735374.0,0.0,81465.0,81465.0,False
2019-01-12 12:47:00,651527.0,772927.4081820792,772928.0,0.0,121401.0,121401.0,False
2019-01-12 12:48:00,640182.0,736863.2108710486,736864.0,0.0,96682.0,96682.0,False
2019-01-12 12:49:00,648749.0,718459.2490245582,718460.0,0.0,69711.0,69711.0,False
2019-01-12 12:50:00,679400.0,746645.8029104196,746646.0,0.0,67246.0,67246.0,False
2019-01-12 12:51:00,659264.0,731468.0159608519,731469.0,0.0,72205.0,72205.0,False
2019-01-12 12:52:00,675013.0,737091.2136425156,737092.0,0.0,62079.0,62079.0,False
2019-01-12 12:53:00,662687.0,722437.615062345,722438.0,0.0,59751.0,59751.0,False
2019-01-12 12:54:00,684138.0,727509.744381312,727510.0,0.0,43372.0,43372.0,False
2019-01-12 12:55:00,670150.0,776119.0725192683,776120.0,0.0,105970.0,105970.0,False
2019-01-12 12:56:00,648510.0,755049.573204633,755050.0,0.0,106540.0,106540.0,False
2019-01-12 12:57:00,636559.0,751670.5302209649,751671.0,0.0,115112.0,115112.0,False
2019-01-12 12:58:00,631408.0,749797.7593369326,749798.0,0.0,118390.0,118390.0,False
2019-01-12 12:59:00,635327.0,736813.4229920057,736814.0,0.0,101487.0,101487.0,False
2019-01-12 13:00:00,743162.0,864784.7083746768,864785.0,0.0,121623.0,121623.0,False
2019-01-12 13:01:00,687123.0,797834.8909148205,797835.0,0.0,110712.0,110712.0,False
2019-01-12 13:02:00,691558.0,774158.1897664146,774159.0,0.0,82601.0,82601.0,False
2019-01-12 13:03:00,707900.0,774232.9395396817,774233.0,0.0,66333.0,66333.0,False
2019-01-12 13:04:00,665132.0,762706.6383504809,762707.0,0.0,97575.0,97575.0,False
2019-01-12 13:05:00,670364.0,835350.7166020673,835351.0,0.0,164987.0,164987.0,False
2019-01-12 13:06:00,701916.0,851078.9536590561,851079.0,0.0,149163.0,149163.0,False
2019-01-12 13:07:00,720580.0,853631.4409640741,853632.0,0.0,133052.0,133052.0,False
2019-01-12 13:08:00,717152.0,858989.7049494932,858990.0,0.0,141838.0,141838.0,False
2019-01-12 13:09:00,740164.0,868948.4506963926,868949.0,0.0,128785.0,128785.0,False
2019-01-12 13:10:00,734851.0,894027.6294838808,894028.0,0.0,159177.0,159177.0,False
2019-01-12 13:11:00,727068.0,820742.0644682341,820743.0,0.0,93675.0,93675.0,False
2019-01-12 13:12:00,710610.0,813900.1560603431,813901.0,0.0,103291.0,103291.0,False
2019-01-12 13:13:00,670371.0,812471.0458514562,812472.0,0.0,142101.0,142101.0,False
2019-01-12 13:14:00,658204.0,789791.7730390619,789792.0,0.0,131588.0,131588.0,False
2019-01-12 13:15:00,675841.0,827968.9327547541,827969.0,0.0,152128.0,152128.0,False
2019-01-12 13:16:00,654723.0,775370.7152261648,775371.0,0.0,120648.0,120648.0,False
2019-01-12 13:17:00,649283.0,765146.3207981241,765147.0,0.0,115864.0,115864.0,False
2019-01-12 13:18:00,640966.0,781952.2571609046,781953.0,0.0,140987.0,140987.0,False
2019-01-12 13:19:00,641444.0,779782.0952746507,779783.0,0.0,138339.0,138339.0,False
2019-01-12 13:20:00,653162.0,821539.1463574583,821540.0,0.0,168378.0,168378.0,False
2019-01-12 13:21:00,636508.0,797982.5971460289,797983.0,0.0,161475.0,161475.0,False
2019-01-12 13:22:00,630465.0,789520.8529003549,789521.0,0.0,159056.0,159056.0,False
2019-01-12 13:23:00,632271.0,787393.4841552572,787394.0,0.0,155123.0,155123.0,False
2019-01-12 13:24:00,632057.0,797703.7369071627,797704.0,0.0,165647.0,165647.0,False
2019-01-12 13:25:00,634516.0,791251.988649837,791252.0,0.0,156736.0,156736.0,False
2019-01-12 13:26:00,627849.0,787085.3975744956,787086.0,0.0,159237.0,159237.0,False
2019-01-12 13:27:00,618578.0,791505.5981365301,791506.0,0.0,172928.0,172928.0,False
2019-01-12 13:28:00,628306.0,800787.5132098239,800788.0,0.0,172482.0,172482.0,False
2019-01-12 13:29:00,631695.0,846620.6599565067,846621.0,0.0,214926.0,214926.0,False
2019-01-12 13:30:00,700249.0,900345.9944451882,900346.0,0.0,200097.0,200097.0,False
2019-01-12 13:31:00,662373.0,800749.7258835846,800750.0,0.0,138377.0,138377.0,False
2019-01-12 13:32:00,652967.0,787384.4499498385,787385.0,0.0,134418.0,134418.0,False
2019-01-12 13:33:00,652840.0,798812.7688251949,798813.0,0.0,145973.0,145973.0,False
2019-01-12 13:34:00,649576.0,785154.80975889,785155.0,0.0,135579.0,135579.0,False
2019-01-12 13:35:00,672621.0,788137.9405888718,788138.0,0.0,115517.0,115517.0,False
2019-01-12 13:36:00,673337.0,781963.9053801254,781964.0,0.0,108627.0,108627.0,False
2019-01-12 13:37:00,669050.0,808057.8306782255,808058.0,0.0,139008.0,139008.0,False
2019-01-12 13:38:00,659639.0,803273.8241922378,803274.0,0.0,143635.0,143635.0,False
2019-01-12 13:39:00,639379.0,812332.6798731614,812333.0,0.0,172954.0,172954.0,False
2019-01-12 13:40:00,660628.0,822981.3227817639,822982.0,0.0,162354.0,162354.0,False
2019-01-12 13:41:00,622770.0,783224.3778444577,783225.0,0.0,160455.0,160455.0,False
2019-01-12 13:42:00,627915.0,781823.6215204692,781824.0,0.0,153909.0,153909.0,False
2019-01-12 13:43:00,630397.0,745739.8405797438,745740.0,0.0,115343.0,115343.0,False
2019-01-12 13:44:00,637742.0,790521.9176981692,790522.0,0.0,152780.0,152780.0,False
2019-01-12 13:45:00,666238.0,800442.3516815619,800443.0,0.0,134205.0,134205.0,False
2019-01-12 13:46:00,648877.0,786904.7217766822,786905.0,0.0,138028.0,138028.0,False
2019-01-12 13:47:00,647690.0,793065.4041001677,793066.0,0.0,145376.0,145376.0,False
2019-01-12 13:48:00,640007.0,784074.6021056449,784075.0,0.0,144068.0,144068.0,False
2019-01-12 13:49:00,642038.0,782004.3425103899,782005.0,0.0,139967.0,139967.0,False
2019-01-12 13:50:00,671877.0,838741.4341127742,838742.0,0.0,166865.0,166865.0,False
2019-01-12 13:51:00,646491.0,805072.2439578456,805073.0,0.0,158582.0,158582.0,False
2019-01-12 13:52:00,637107.0,784843.3073034503,784844.0,0.0,147737.0,147737.0,False
2019-01-12 13:53:00,624481.0,778366.5260564813,778367.0,0.0,153886.0,153886.0,False
2019-01-12 13:54:00,604614.0,771447.7010561646,771448.0,0.0,166834.0,166834.0,False
2019-01-12 13:55:00,649852.0,771426.7615998316,771427.0,0.0,121575.0,121575.0,False
2019-01-12 13:56:00,628350.0,780954.2257253568,780955.0,0.0,152605.0,152605.0,False
2019-01-12 13:57:00,614857.0,773627.5275774002,773628.0,0.0,158771.0,158771.0,False
2019-01-12 13:58:00,619489.0,770031.0844354347,770032.0,0.0,150543.0,150543.0,False
2019-01-12 13:59:00,634144.0,749722.2761733911,749723.0,0.0,115579.0,115579.0,False
2019-01-12 14:00:00,734824.0,850391.249395415,850392.0,0.0,115568.0,115568.0,False
2019-01-12 14:01:00,670937.0,821578.5537610991,821579.0,0.0,150642.0,150642.0,False
2019-01-12 14:02:00,667911.0,782253.5807027337,782254.0,0.0,114343.0,114343.0,False
2019-01-12 14:03:00,659159.0,784674.355626563,784675.0,0.0,125516.0,125516.0,False
2019-01-12 14:04:00,649275.0,765762.4579017747,765763.0,0.0,116488.0,116488.0,False
2019-01-12 14:05:00,656518.0,811011.0505615813,811012.0,0.0,154494.0,154494.0,False
2019-01-12 14:06:00,768448.0,854713.1398700373,854714.0,0.0,86266.0,86266.0,False
2019-01-12 14:07:00,843623.0,871206.3728817508,871207.0,0.0,27584.0,27584.0,True
2019-01-12 14:08:00,841915.0,866801.5049790721,866802.0,0.0,24887.0,24887.0,True
2019-01-12 14:09:00,701544.0,864921.2007073837,864922.0,0.0,163378.0,163378.0,False
2019-01-12 14:10:00,674780.0,851271.3142527068,851272.0,0.0,176492.0,176492.0,False
2019-01-12 14:11:00,625975.0,819837.2837692428,819838.0,0.0,193863.0,193863.0,False
2019-01-12 14:12:00,621827.0,818619.5370938161,818620.0,0.0,196793.0,196793.0,False
2019-01-12 14:13:00,617365.0,795960.7144019172,795961.0,0.0,178596.0,178596.0,False
2019-01-12 14:14:00,620878.0,796721.2279702257,796722.0,0.0,175844.0,175844.0,False
2019-01-12 14:15:00,651511.0,814698.1009289476,814699.0,0.0,163188.0,163188.0,False
2019-01-12 14:16:00,637854.0,790348.742619416,790349.0,0.0,152495.0,152495.0,False
2019-01-12 14:17:00,631059.0,778649.0869035721,778650.0,0.0,147591.0,147591.0,False
2019-01-12 14:18:00,621756.0,776785.7996007993,776786.0,0.0,155030.0,155030.0,False
2019-01-12 14:19:00,621798.0,759743.529979965,759744.0,0.0,137946.0,137946.0,False
2019-01-12 14:20:00,629815.0,771355.5898464995,771356.0,0.0,141541.0,141541.0,False
2019-01-12 14:21:00,605733.0,771834.9967837038,771835.0,0.0,166102.0,166102.0,False
2019-01-12 14:22:00,627045.0,783661.9733508489,783662.0,0.0,156617.0,156617.0,False
2019-01-12 14:23:00,636337.0,779769.2492065174,779770.0,0.0,143433.0,143433.0,False
2019-01-12 14:24:00,605578.0,744478.3238601312,744479.0,0.0,138901.0,138901.0,False
2019-01-12 14:25:00,595000.0,731150.2738244173,731151.0,0.0,136151.0,136151.0,False
2019-01-12 14:26:00,588100.0,742850.0130061472,742851.0,0.0,154751.0,154751.0,False
2019-01-12 14:27:00,575571.0,722155.2466888522,722156.0,0.0,146585.0,146585.0,False
2019-01-12 14:28:00,567609.0,718008.7060175866,718009.0,0.0,150400.0,150400.0,False
2019-01-12 14:29:00,562673.0,722447.2100522565,722448.0,0.0,159775.0,159775.0,False
2019-01-12 14:30:00,651870.0,797718.9557680163,797719.0,0.0,145849.0,145849.0,False
2019-01-12 14:31:00,619189.0,747282.2638168926,747283.0,0.0,128094.0,128094.0,False
2019-01-12 14:32:00,611441.0,750738.3113787046,750739.0,0.0,139298.0,139298.0,False
2019-01-12 14:33:00,615412.0,744260.8517581932,744261.0,0.0,128849.0,128849.0,False
2019-01-12 14:34:00,607293.0,741291.2796109775,741292.0,0.0,133999.0,133999.0,False
2019-01-12 14:35:00,619425.0,768320.2783126952,768321.0,0.0,148896.0,148896.0,False
2019-01-12 14:36:00,600096.0,749403.2867700544,749404.0,0.0,149308.0,149308.0,False
2019-01-12 14:37:00,592262.0,745614.094236381,745615.0,0.0,153353.0,153353.0,False
2019-01-12 14:38:00,604236.0,713605.1351333114,713606.0,0.0,109370.0,109370.0,False
2019-01-12 14:39:00,605806.0,678754.0533414596,678755.0,0.0,72949.0,72949.0,False
2019-01-12 14:40:00,656113.0,711532.6339558657,711533.0,0.0,55420.0,55420.0,False
2019-01-12 14:41:00,614753.0,690107.7884811718,690108.0,0.0,75355.0,75355.0,False
2019-01-12 14:42:00,591028.0,707210.7825350913,707211.0,0.0,116183.0,116183.0,False
2019-01-12 14:43:00,587933.0,682799.3393776866,682800.0,0.0,94867.0,94867.0,False
2019-01-12 14:44:00,590113.0,682926.3958771863,682927.0,0.0,92814.0,92814.0,False
2019-01-12 14:45:00,611133.0,701658.0360783793,701659.0,0.0,90526.0,90526.0,False
2019-01-12 14:46:00,609086.0,698238.2480178471,698239.0,0.0,89153.0,89153.0,False
2019-01-12 14:47:00,604148.0,701519.3416485958,701520.0,0.0,97372.0,97372.0,False
2019-01-12 14:48:00,594884.0,664646.4265036787,664647.0,0.0,69763.0,69763.0,False
2019-01-12 14:49:00,592428.0,666686.9907796942,666687.0,0.0,74259.0,74259.0,False
2019-01-12 14:50:00,621215.0,686701.0940362795,686702.0,0.0,65487.0,65487.0,False
2019-01-12 14:51:00,598946.0,665458.7709478592,665459.0,0.0,66513.0,66513.0,False
2019-01-12 14:52:00,583467.0,673435.7370667845,673436.0,0.0,89969.0,89969.0,False
2019-01-12 14:53:00,585538.0,665429.1859079923,665430.0,0.0,79892.0,79892.0,False
2019-01-12 14:54:00,582360.0,682562.6122077487,682563.0,0.0,100203.0,100203.0,False
2019-01-12 14:55:00,586413.0,675101.112030156,675102.0,0.0,88689.0,88689.0,False
2019-01-12 14:56:00,577093.0,648829.6885645569,648830.0,0.0,71737.0,71737.0,False
2019-01-12 14:57:00,593357.0,696443.4908993959,696444.0,0.0,103087.0,103087.0,False
2019-01-12 14:58:00,564427.0,702209.9252183212,702210.0,0.0,137783.0,137783.0,False
2019-01-12 14:59:00,577309.0,721471.984606246,721472.0,0.0,144163.0,144163.0,False
2019-01-12 15:00:00,684547.0,874290.4938427643,874291.0,0.0,189744.0,189744.0,False
2019-01-12 15:01:00,616441.0,849928.8375825487,849929.0,0.0,233488.0,233488.0,False
2019-01-12 15:02:00,638624.0,837063.4705515056,837064.0,0.0,198440.0,198440.0,False
2019-01-12 15:03:00,652970.0,812152.8171088644,812153.0,0.0,159183.0,159183.0,False
2019-01-12 15:04:00,637666.0,790834.2609442832,790835.0,0.0,153169.0,153169.0,False
2019-01-12 15:05:00,709512.0,798254.2716177843,798255.0,0.0,88743.0,88743.0,False
2019-01-12 15:06:00,682344.0,917860.7403068467,917861.0,0.0,235517.0,235517.0,False
2019-01-12 15:07:00,679076.0,970881.1876242791,970882.0,0.0,291806.0,291806.0,False
2019-01-12 15:08:00,697420.0,935049.6253145933,935050.0,0.0,237630.0,237630.0,False
2019-01-12 15:09:00,693682.0,861610.8004664136,861611.0,0.0,167929.0,167929.0,False
2019-01-12 15:10:00,699265.0,833204.1950036925,833205.0,0.0,133940.0,133940.0,False
2019-01-12 15:11:00,627796.0,817982.8875480101,817983.0,0.0,190187.0,190187.0,False
2019-01-12 15:12:00,613516.0,808646.5725232904,808647.0,0.0,195131.0,195131.0,False
2019-01-12 15:13:00,597195.0,783055.2936333192,783056.0,0.0,185861.0,185861.0,False
2019-01-12 15:14:00,623213.0,806080.8448940762,806081.0,0.0,182868.0,182868.0,False
2019-01-12 15:15:00,662165.0,849643.9604872474,849644.0,0.0,187479.0,187479.0,False
2019-01-12 15:16:00,668258.0,823823.7637332387,823824.0,0.0,155566.0,155566.0,False
2019-01-12 15:17:00,677095.0,844494.8198064097,844495.0,0.0,167400.0,167400.0,False
2019-01-12 15:18:00,649685.0,845690.8722164152,845691.0,0.0,196006.0,196006.0,False
2019-01-12 15:19:00,634778.0,843567.6593460297,843568.0,0.0,208790.0,208790.0,False
2019-01-12 15:20:00,658680.0,829972.7672914157,829973.0,0.0,171293.0,171293.0,False
2019-01-12 15:21:00,640343.0,807283.6694513237,807284.0,0.0,166941.0,166941.0,False
2019-01-12 15:22:00,635097.0,831430.3062688208,831431.0,0.0,196334.0,196334.0,False
2019-01-12 15:23:00,629153.0,819708.3865271372,819709.0,0.0,190556.0,190556.0,False
2019-01-12 15:24:00,658421.0,830768.6679795197,830769.0,0.0,172348.0,172348.0,False
2019-01-12 15:25:00,648715.0,836016.5908338437,836017.0,0.0,187302.0,187302.0,False
2019-01-12 15:26:00,637623.0,825257.3252371807,825258.0,0.0,187635.0,187635.0,False
2019-01-12 15:27:00,606860.0,799009.8683194328,799010.0,0.0,192150.0,192150.0,False
2019-01-12 15:28:00,613573.0,773609.496092492,773610.0,0.0,160037.0,160037.0,False
2019-01-12 15:29:00,596745.0,767436.9945631038,767437.0,0.0,170692.0,170692.0,False
2019-01-12 15:30:00,688453.0,847100.0313443746,847101.0,0.0,158648.0,158648.0,False
2019-01-12 15:31:00,643553.0,808778.0955831093,808779.0,0.0,165226.0,165226.0,False
2019-01-12 15:32:00,644997.0,800082.124484205,800083.0,0.0,155086.0,155086.0,False
2019-01-12 15:33:00,634958.0,768628.6881442546,768629.0,0.0,133671.0,133671.0,False
2019-01-12 15:34:00,644087.0,781972.046405741,781973.0,0.0,137886.0,137886.0,False
2019-01-12 15:35:00,668458.0,782860.1265118279,782861.0,0.0,114403.0,114403.0,False
2019-01-12 15:36:00,652477.0,768274.4520061727,768275.0,0.0,115798.0,115798.0,False
2019-01-12 15:37:00,638208.0,755338.4939544988,755339.0,0.0,117131.0,117131.0,False
2019-01-12 15:38:00,634125.0,697791.4312572842,697792.0,0.0,63667.0,63667.0,False
2019-01-12 15:39:00,641118.0,696065.2241970173,696066.0,0.0,54948.0,54948.0,False
2019-01-12 15:40:00,654547.0,737793.2431966622,737794.0,0.0,83247.0,83247.0,False
2019-01-12 15:41:00,639479.0,706979.6348382821,706980.0,0.0,67501.0,67501.0,False
2019-01-12 15:42:00,635996.0,728908.9380623021,728909.0,0.0,92913.0,92913.0,False
2019-01-12 15:43:00,634006.0,705577.5113581386,705578.0,0.0,71572.0,71572.0,False
2019-01-12 15:44:00,642541.0,692488.5979051234,692489.0,0.0,49948.0,49948.0,False
2019-01-12 15:45:00,649700.0,721195.1812990225,721196.0,0.0,71496.0,71496.0,False
2019-01-12 15:46:00,657249.0,719447.480308858,719448.0,0.0,62199.0,62199.0,False
2019-01-12 15:47:00,662157.0,704752.1651645245,704753.0,0.0,42596.0,42596.0,False
2019-01-12 15:48:00,657394.0,714133.2129249558,714134.0,0.0,56740.0,56740.0,False
2019-01-12 15:49:00,635113.0,701057.6450512054,701058.0,0.0,65945.0,65945.0,False
2019-01-12 15:50:00,652149.0,716227.4708275334,716228.0,0.0,64079.0,64079.0,False
2019-01-12 15:51:00,637202.0,691132.2608309044,691133.0,0.0,53931.0,53931.0,False
2019-01-12 15:52:00,661289.0,687236.2629375726,687237.0,0.0,25948.0,25948.0,False
2019-01-12 15:53:00,654077.0,695721.5310103094,695722.0,0.0,41645.0,41645.0,False
2019-01-12 15:54:00,626137.0,700467.2297898406,700468.0,0.0,74331.0,74331.0,False
2019-01-12 15:55:00,647452.0,709971.1585870538,709972.0,0.0,62520.0,62520.0,False
2019-01-12 15:56:00,630124.0,695300.0101073807,695301.0,0.0,65177.0,65177.0,False
2019-01-12 15:57:00,633347.0,691353.1590225599,691354.0,0.0,58007.0,58007.0,False
2019-01-12 15:58:00,628085.0,684400.5428582384,684401.0,0.0,56316.0,56316.0,False
2019-01-12 15:59:00,637645.0,684826.8640876174,684827.0,0.0,47182.0,47182.0,False
2019-01-12 16:00:00,749034.0,800177.7695380808,800178.0,0.0,51144.0,51144.0,False
2019-01-12 16:01:00,678327.0,738786.4500507874,738787.0,0.0,60460.0,60460.0,False
2019-01-12 16:02:00,682825.0,753740.4871338014,753741.0,0.0,70916.0,70916.0,False
2019-01-12 16:03:00,683983.0,721032.8569850145,721033.0,0.0,37050.0,37050.0,False
2019-01-12 16:04:00,667920.0,715290.6600221959,715291.0,0.0,47371.0,47371.0,False
2019-01-12 16:05:00,652288.0,699284.0838468181,699285.0,0.0,46997.0,46997.0,False
2019-01-12 16:06:00,660875.0,752980.9696729128,752981.0,0.0,92106.0,92106.0,False
2019-01-12 16:07:00,707286.0,791153.396404438,791154.0,0.0,83868.0,83868.0,False
2019-01-12 16:08:00,729135.0,787591.800455536,787592.0,0.0,58457.0,58457.0,False
2019-01-12 16:09:00,731134.0,729277.1476170762,729278.0,1856.0,0.0,18560.0,False
2019-01-12 16:10:00,752858.0,854738.2525296418,854739.0,0.0,101881.0,101881.0,False
2019-01-12 16:11:00,720984.0,763949.1068311193,763950.0,0.0,42966.0,42966.0,False
2019-01-12 16:12:00,682955.0,690610.7468961969,690611.0,0.0,7656.0,7656.0,False
2019-01-12 16:13:00,667455.0,699879.6223113548,699880.0,0.0,32425.0,32425.0,False
2019-01-12 16:14:00,671982.0,705366.0997277987,705367.0,0.0,33385.0,33385.0,False
2019-01-12 16:15:00,712220.0,741711.8514216674,741712.0,0.0,29492.0,29492.0,False
2019-01-12 16:16:00,675238.0,729732.9195813054,729733.0,0.0,54495.0,54495.0,False
2019-01-12 16:17:00,659700.0,729434.301093933,729435.0,0.0,69735.0,69735.0,False
2019-01-12 16:18:00,675508.0,721276.1667654719,721277.0,0.0,45769.0,45769.0,False
2019-01-12 16:19:00,650280.0,726563.3551322939,726564.0,0.0,76284.0,76284.0,False
2019-01-12 16:20:00,660006.0,735448.7599031597,735449.0,0.0,75443.0,75443.0,False
2019-01-12 16:21:00,653519.0,724409.9371618654,724410.0,0.0,70891.0,70891.0,False
2019-01-12 16:22:00,640498.0,728668.9030370008,728669.0,0.0,88171.0,88171.0,False
2019-01-12 16:23:00,638059.0,723598.3460006192,723599.0,0.0,85540.0,85540.0,False
2019-01-12 16:24:00,638232.0,727238.8937726272,727239.0,0.0,89007.0,89007.0,False
2019-01-12 16:25:00,633904.0,733457.447318967,733458.0,0.0,99554.0,99554.0,False
2019-01-12 16:26:00,605069.0,718651.5630040474,718652.0,0.0,113583.0,113583.0,False
2019-01-12 16:27:00,604187.0,713759.7853037777,713760.0,0.0,109573.0,109573.0,False
2019-01-12 16:28:00,621131.0,732311.0912630353,732312.0,0.0,111181.0,111181.0,False
2019-01-12 16:29:00,629017.0,725739.7755097239,725740.0,0.0,96723.0,96723.0,False
2019-01-12 16:30:00,696602.0,790829.3281273781,790830.0,0.0,94228.0,94228.0,False
2019-01-12 16:31:00,655952.0,725231.1351681354,725232.0,0.0,69280.0,69280.0,False
2019-01-12 16:32:00,639297.0,737066.9204163341,737067.0,0.0,97770.0,97770.0,False
2019-01-12 16:33:00,644703.0,744303.7173861901,744304.0,0.0,99601.0,99601.0,False
2019-01-12 16:34:00,649457.0,742346.4512807908,742347.0,0.0,92890.0,92890.0,False
2019-01-12 16:35:00,648090.0,734251.6315705071,734252.0,0.0,86162.0,86162.0,False
2019-01-12 16:36:00,648852.0,722739.5667189967,722740.0,0.0,73888.0,73888.0,False
2019-01-12 16:37:00,625270.0,703823.2904586031,703824.0,0.0,78554.0,78554.0,False
2019-01-12 16:38:00,637216.0,697351.462824714,697352.0,0.0,60136.0,60136.0,False
2019-01-12 16:39:00,641665.0,683312.0437517955,683313.0,0.0,41648.0,41648.0,False
2019-01-12 16:40:00,676336.0,710882.8555031015,710883.0,0.0,34547.0,34547.0,False
2019-01-12 16:41:00,643729.0,685674.6014143538,685675.0,0.0,41946.0,41946.0,False
2019-01-12 16:42:00,659423.0,706573.8683148086,706574.0,0.0,47151.0,47151.0,False
2019-01-12 16:43:00,673181.0,693533.9542382887,693534.0,0.0,20353.0,20353.0,False
2019-01-12 16:44:00,661137.0,685922.2238780006,685923.0,0.0,24786.0,24786.0,False
2019-01-12 16:45:00,671467.0,708132.1017986197,708133.0,0.0,36666.0,36666.0,False
2019-01-12 16:46:00,663000.0,689088.1955973974,689089.0,0.0,26089.0,26089.0,False
2019-01-12 16:47:00,664810.0,693075.297674005,693076.0,0.0,28266.0,28266.0,False
2019-01-12 16:48:00,653675.0,692188.3567343501,692189.0,0.0,38514.0,38514.0,False
2019-01-12 16:49:00,659747.0,676021.364864309,676022.0,0.0,16275.0,16275.0,False
2019-01-12 16:50:00,657828.0,695616.0257962934,695617.0,0.0,37789.0,37789.0,False
2019-01-12 16:51:00,638141.0,677819.2057907095,677820.0,0.0,39679.0,39679.0,False
2019-01-12 16:52:00,632338.0,663925.0217376876,663926.0,0.0,31588.0,31588.0,False
2019-01-12 16:53:00,639072.0,637334.4870880638,637335.0,1737.0,0.0,17370.0,False
2019-01-12 16:54:00,638970.0,693143.3718064323,693144.0,0.0,54174.0,54174.0,False
2019-01-12 16:55:00,646913.0,662543.0075670728,662544.0,0.0,15631.0,15631.0,False
2019-01-12 16:56:00,633421.0,663577.3507400164,663578.0,0.0,30157.0,30157.0,False
2019-01-12 16:57:00,631879.0,655867.9740554458,655868.0,0.0,23989.0,23989.0,False
2019-01-12 16:58:00,629570.0,650864.7485343977,650865.0,0.0,21295.0,21295.0,False
2019-01-12 16:59:00,618780.0,664706.9473037799,664707.0,0.0,45927.0,45927.0,False
2019-01-12 17:00:00,756499.0,770704.2889050147,770705.0,0.0,14206.0,14206.0,False
2019-01-12 17:01:00,666583.0,693490.2881143282,693491.0,0.0,26908.0,26908.0,False
2019-01-12 17:02:00,647910.0,715125.3651070296,715126.0,0.0,67216.0,67216.0,False
2019-01-12 17:03:00,655945.0,718067.4241863043,718068.0,0.0,62123.0,62123.0,False
2019-01-12 17:04:00,639904.0,676087.4105095043,676088.0,0.0,36184.0,36184.0,False
2019-01-12 17:05:00,649745.0,695117.062578567,695118.0,0.0,45373.0,45373.0,False
2019-01-12 17:06:00,696810.0,677766.2997521147,677767.0,19043.0,0.0,190430.0,False
2019-01-12 17:07:00,700756.0,763448.2329002335,763449.0,0.0,62693.0,62693.0,False
2019-01-12 17:08:00,716194.0,791594.390612471,791595.0,0.0,75401.0,75401.0,False
2019-01-12 17:09:00,700647.0,772698.1798279434,772699.0,0.0,72052.0,72052.0,False
2019-01-12 17:10:00,718574.0,799695.3224864666,799696.0,0.0,81122.0,81122.0,False
2019-01-12 17:11:00,709709.0,791820.4885121252,791821.0,0.0,82112.0,82112.0,False
2019-01-12 17:12:00,680653.0,761282.9868926066,761283.0,0.0,80630.0,80630.0,False
2019-01-12 17:13:00,658894.0,729526.3845216457,729527.0,0.0,70633.0,70633.0,False
2019-01-12 17:14:00,646066.0,689865.3204719598,689866.0,0.0,43800.0,43800.0,False
2019-01-12 17:15:00,666224.0,723992.8470716855,723993.0,0.0,57769.0,57769.0,False
2019-01-12 17:16:00,640365.0,707716.0463867452,707717.0,0.0,67352.0,67352.0,False
2019-01-12 17:17:00,645604.0,701708.4216814301,701709.0,0.0,56105.0,56105.0,False
2019-01-12 17:18:00,615720.0,703100.887456893,703101.0,0.0,87381.0,87381.0,False
2019-01-12 17:19:00,617895.0,687374.2162897441,687375.0,0.0,69480.0,69480.0,False
2019-01-12 17:20:00,646781.0,689058.2991874306,689059.0,0.0,42278.0,42278.0,False
2019-01-12 17:21:00,629533.0,694609.80264859,694610.0,0.0,65077.0,65077.0,False
2019-01-12 17:22:00,622610.0,693302.1089495723,693303.0,0.0,70693.0,70693.0,False
2019-01-12 17:23:00,608298.0,684857.1320585388,684858.0,0.0,76560.0,76560.0,False
2019-01-12 17:24:00,611728.0,693222.9689223346,693223.0,0.0,81495.0,81495.0,False
2019-01-12 17:25:00,608834.0,688001.3418563616,688002.0,0.0,79168.0,79168.0,False
2019-01-12 17:26:00,621285.0,680674.1716111589,680675.0,0.0,59390.0,59390.0,False
2019-01-12 17:27:00,607451.0,693176.7477219515,693177.0,0.0,85726.0,85726.0,False
2019-01-12 17:28:00,622789.0,659134.3431323718,659135.0,0.0,36346.0,36346.0,False
2019-01-12 17:29:00,614786.0,684825.8547147604,684826.0,0.0,70040.0,70040.0,False
2019-01-12 17:30:00,702669.0,732456.3065862792,732457.0,0.0,29788.0,29788.0,False
2019-01-12 17:31:00,673537.0,712911.9257253364,712912.0,0.0,39375.0,39375.0,False
2019-01-12 17:32:00,687321.0,702470.0354007564,702471.0,0.0,15150.0,15150.0,False
2019-01-12 17:33:00,688021.0,704055.1964211549,704056.0,0.0,16035.0,16035.0,False
2019-01-12 17:34:00,667514.0,711742.5629630741,711743.0,0.0,44229.0,44229.0,False
2019-01-12 17:35:00,671905.0,711110.8440603984,711111.0,0.0,39206.0,39206.0,False
2019-01-12 17:36:00,669108.0,708861.4247471438,708862.0,0.0,39754.0,39754.0,False
2019-01-12 17:37:00,664197.0,702262.2229152992,702263.0,0.0,38066.0,38066.0,False
2019-01-12 17:38:00,676038.0,680746.8218673882,680747.0,0.0,4709.0,4709.0,False
2019-01-12 17:39:00,670373.0,708111.1958635236,708112.0,0.0,37739.0,37739.0,False
2019-01-12 17:40:00,711355.0,727190.9353765177,727191.0,0.0,15836.0,15836.0,False
2019-01-12 17:41:00,693984.0,705154.6821645068,705155.0,0.0,11171.0,11171.0,False
2019-01-12 17:42:00,695309.0,728456.5795012905,728457.0,0.0,33148.0,33148.0,False
2019-01-12 17:43:00,700454.0,724789.1012400037,724790.0,0.0,24336.0,24336.0,False
2019-01-12 17:44:00,718516.0,732889.5928804665,732890.0,0.0,14374.0,14374.0,False
2019-01-12 17:45:00,754549.0,762043.9316017778,762044.0,0.0,7495.0,7495.0,False
2019-01-12 17:46:00,744787.0,745946.6257959577,745947.0,0.0,1160.0,1160.0,False
2019-01-12 17:47:00,739769.0,756146.4221216218,756147.0,0.0,16378.0,16378.0,False
2019-01-12 17:48:00,736073.0,761813.8373297072,761814.0,0.0,25741.0,25741.0,False
2019-01-12 17:49:00,714528.0,750692.8265550302,750693.0,0.0,36165.0,36165.0,False
2019-01-12 17:50:00,729903.0,803756.4767864343,803757.0,0.0,73854.0,73854.0,False
2019-01-12 17:51:00,718788.0,769533.0561991693,769534.0,0.0,50746.0,50746.0,False
2019-01-12 17:52:00,715090.0,761332.3222931677,761333.0,0.0,46243.0,46243.0,False
2019-01-12 17:53:00,697832.0,757624.321875512,757625.0,0.0,59793.0,59793.0,False
2019-01-12 17:54:00,703576.0,758971.3542867302,758972.0,0.0,55396.0,55396.0,False
2019-01-12 17:55:00,717529.0,779941.8504351405,779942.0,0.0,62413.0,62413.0,False
2019-01-12 17:56:00,745009.0,779200.7247463857,779201.0,0.0,34192.0,34192.0,False
2019-01-12 17:57:00,728822.0,764118.1183733316,764119.0,0.0,35297.0,35297.0,False
2019-01-12 17:58:00,699675.0,723571.3810883921,723572.0,0.0,23897.0,23897.0,False
2019-01-12 17:59:00,675422.0,726142.0195174048,726143.0,0.0,50721.0,50721.0,False
2019-01-12 18:00:00,792925.0,816748.7242432842,816749.0,0.0,23824.0,23824.0,True
2019-01-12 18:01:00,738043.0,772957.3237698696,772958.0,0.0,34915.0,34915.0,False
2019-01-12 18:02:00,743929.0,765663.2101350299,765664.0,0.0,21735.0,21735.0,False
2019-01-12 18:03:00,750933.0,750449.3866394783,750450.0,483.0,0.0,4830.0,False
2019-01-12 18:04:00,729648.0,748798.3228376453,748799.0,0.0,19151.0,19151.0,False
2019-01-12 18:05:00,720618.0,744017.4633112815,744018.0,0.0,23400.0,23400.0,False
2019-01-12 18:06:00,760650.0,786764.43815577,786765.0,0.0,26115.0,26115.0,False
2019-01-12 18:07:00,788516.0,777786.7090104386,777787.0,10729.0,0.0,107290.0,True
2019-01-12 18:08:00,799435.0,789073.5608425101,789074.0,10361.0,0.0,103610.0,True
2019-01-12 18:09:00,795642.0,783746.998506059,783747.0,11895.0,0.0,118950.0,True
2019-01-12 18:10:00,811903.0,808643.517453082,808644.0,3259.0,0.0,32590.0,True
2019-01-12 18:11:00,813572.0,797657.1318158593,797658.0,15914.0,0.0,159140.0,True
2019-01-12 18:12:00,794668.0,739243.5363353111,739244.0,55424.0,0.0,554240.0,True
2019-01-12 18:13:00,774650.0,725437.0795928335,725438.0,49212.0,0.0,492120.0,False
2019-01-12 18:14:00,774968.0,719543.5021355873,719544.0,55424.0,0.0,554240.0,False
2019-01-12 18:15:00,788938.0,763651.5620403317,763652.0,25286.0,0.0,252860.0,True
2019-01-12 18:16:00,777432.0,758428.586521484,758429.0,19003.0,0.0,190030.0,False
2019-01-12 18:17:00,755709.0,761243.3838631448,761244.0,0.0,5535.0,5535.0,False
2019-01-12 18:18:00,742403.0,745565.218882809,745566.0,0.0,3163.0,3163.0,False
2019-01-12 18:19:00,738768.0,739867.6190298991,739868.0,0.0,1100.0,1100.0,False
2019-01-12 18:20:00,765903.0,758745.4213980902,758746.0,7157.0,0.0,71570.0,False
2019-01-12 18:21:00,730290.0,745359.5520028365,745360.0,0.0,15070.0,15070.0,False
2019-01-12 18:22:00,712827.0,738661.3007323355,738662.0,0.0,25835.0,25835.0,False
2019-01-12 18:23:00,709646.0,741081.1051082241,741082.0,0.0,31436.0,31436.0,False
2019-01-12 18:24:00,700748.0,703296.8071950071,703297.0,0.0,2549.0,2549.0,False
2019-01-12 18:25:00,721462.0,736394.8674273536,736395.0,0.0,14933.0,14933.0,False
2019-01-12 18:26:00,695482.0,718466.7707458644,718467.0,0.0,22985.0,22985.0,False
2019-01-12 18:27:00,684960.0,705349.8753912661,705350.0,0.0,20390.0,20390.0,False
2019-01-12 18:28:00,696422.0,702180.8990734223,702181.0,0.0,5759.0,5759.0,False
2019-01-12 18:29:00,740045.0,718629.9534157984,718630.0,21415.0,0.0,214150.0,False
2019-01-12 18:30:00,782824.0,779046.8683474538,779047.0,3777.0,0.0,37770.0,False
2019-01-12 18:31:00,758608.0,765037.6041608324,765038.0,0.0,6430.0,6430.0,False
2019-01-12 18:32:00,735260.0,742413.0976713798,742414.0,0.0,7154.0,7154.0,False
2019-01-12 18:33:00,715569.0,740415.2437870791,740416.0,0.0,24847.0,24847.0,False
2019-01-12 18:34:00,711777.0,740124.1343080804,740125.0,0.0,28348.0,28348.0,False
2019-01-12 18:35:00,718313.0,741881.6391491095,741882.0,0.0,23569.0,23569.0,False
2019-01-12 18:36:00,708389.0,707362.5108425798,707363.0,1026.0,0.0,10260.0,False
2019-01-12 18:37:00,706808.0,707680.3536243276,707681.0,0.0,873.0,873.0,False
2019-01-12 18:38:00,702310.0,728325.31588028,728326.0,0.0,26016.0,26016.0,False
2019-01-12 18:39:00,711484.0,731627.8646169958,731628.0,0.0,20144.0,20144.0,False
2019-01-12 18:40:00,721286.0,750548.2598878073,750549.0,0.0,29263.0,29263.0,False
2019-01-12 18:41:00,709949.0,710500.0717655156,710501.0,0.0,552.0,552.0,False
2019-01-12 18:42:00,729117.0,716500.5527135776,716501.0,12616.0,0.0,126160.0,False
2019-01-12 18:43:00,696096.0,705749.3777507226,705750.0,0.0,9654.0,9654.0,False
2019-01-12 18:44:00,704925.0,716400.6517128896,716401.0,0.0,11476.0,11476.0,False
2019-01-12 18:45:00,729819.0,740432.9907712275,740433.0,0.0,10614.0,10614.0,False
2019-01-12 18:46:00,720476.0,739451.5265011513,739452.0,0.0,18976.0,18976.0,False
2019-01-12 18:47:00,715352.0,730062.117022921,730063.0,0.0,14711.0,14711.0,False
2019-01-12 18:48:00,738572.0,700890.7468880162,700891.0,37681.0,0.0,376810.0,False
2019-01-12 18:49:00,723139.0,694091.9454824124,694092.0,29047.0,0.0,290470.0,False
2019-01-12 18:50:00,734593.0,729536.0231125822,729537.0,5056.0,0.0,50560.0,False
2019-01-12 18:51:00,716241.0,718272.2588797853,718273.0,0.0,2032.0,2032.0,False
2019-01-12 18:52:00,720816.0,703277.6733167011,703278.0,17538.0,0.0,175380.0,False
2019-01-12 18:53:00,704397.0,697524.8641850493,697525.0,6872.0,0.0,68720.0,False
2019-01-12 18:54:00,702887.0,700813.044528431,700814.0,2073.0,0.0,20730.0,False
2019-01-12 18:55:00,722525.0,705250.2094054213,705251.0,17274.0,0.0,172740.0,False
2019-01-12 18:56:00,731342.0,695138.752393301,695139.0,36203.0,0.0,362030.0,False
2019-01-12 18:57:00,706882.0,685394.2258030087,685395.0,21487.0,0.0,214870.0,False
2019-01-12 18:58:00,707409.0,679868.6654694314,679869.0,27540.0,0.0,275400.0,False
2019-01-12 18:59:00,701478.0,675842.183009181,675843.0,25635.0,0.0,256350.0,False
2019-01-12 19:00:00,794618.0,788425.291656663,788426.0,6192.0,0.0,61920.0,True
2019-01-12 19:01:00,750292.0,719852.1899334906,719853.0,30439.0,0.0,304390.0,False
2019-01-12 19:02:00,732565.0,721668.2835032439,721669.0,10896.0,0.0,108960.0,False
2019-01-12 19:03:00,721966.0,734724.5745625552,734725.0,0.0,12759.0,12759.0,False
2019-01-12 19:04:00,735159.0,754826.7884442564,754827.0,0.0,19668.0,19668.0,False
2019-01-12 19:05:00,758381.0,724520.6219173972,724521.0,33860.0,0.0,338600.0,False
2019-01-12 19:06:00,781880.0,727000.7694862542,727001.0,54879.0,0.0,548790.0,False
2019-01-12 19:07:00,789930.0,705987.9421820259,705988.0,83942.0,0.0,839420.0,True
2019-01-12 19:08:00,778645.0,862585.6343169175,862586.0,0.0,83941.0,83941.0,False
2019-01-12 19:09:00,800593.0,851411.3432119444,851412.0,0.0,50819.0,50819.0,True
2019-01-12 19:10:00,817910.0,878106.5577954788,878107.0,0.0,60197.0,60197.0,True
2019-01-12 19:11:00,782527.0,828587.7014699352,828588.0,0.0,46061.0,46061.0,False
2019-01-12 19:12:00,725682.0,767370.0156771858,767371.0,0.0,41689.0,41689.0,False
2019-01-12 19:13:00,722513.0,744000.799344376,744001.0,0.0,21488.0,21488.0,False
2019-01-12 19:14:00,687351.0,737375.2251773248,737376.0,0.0,50025.0,50025.0,False
2019-01-12 19:15:00,739400.0,753700.3471043466,753701.0,0.0,14301.0,14301.0,False
2019-01-12 19:16:00,745234.0,772078.4050435845,772079.0,0.0,26845.0,26845.0,False
2019-01-12 19:17:00,719114.0,765875.6254673004,765876.0,0.0,46762.0,46762.0,False
2019-01-12 19:18:00,704197.0,744878.5856790299,744879.0,0.0,40682.0,40682.0,False
2019-01-12 19:19:00,709966.0,738618.5867690959,738619.0,0.0,28653.0,28653.0,False
2019-01-12 19:20:00,731493.0,747682.9099666589,747683.0,0.0,16190.0,16190.0,False
2019-01-12 19:21:00,719366.0,734622.1759406112,734623.0,0.0,15257.0,15257.0,False
2019-01-12 19:22:00,706146.0,723029.7202302599,723030.0,0.0,16884.0,16884.0,False
2019-01-12 19:23:00,710692.0,702466.8434067958,702467.0,8225.0,0.0,82250.0,False
2019-01-12 19:24:00,700719.0,709661.2780572695,709662.0,0.0,8943.0,8943.0,False
2019-01-12 19:25:00,709452.0,725006.4029907286,725007.0,0.0,15555.0,15555.0,False
2019-01-12 19:26:00,686168.0,695809.3281595748,695810.0,0.0,9642.0,9642.0,False
2019-01-12 19:27:00,704416.0,697004.0310116143,697005.0,7411.0,0.0,74110.0,False
2019-01-12 19:28:00,701580.0,683442.72155545,683443.0,18137.0,0.0,181370.0,False
2019-01-12 19:29:00,685727.0,700551.7292027497,700552.0,0.0,14825.0,14825.0,False
2019-01-12 19:30:00,753765.0,784613.8601830103,784614.0,0.0,30849.0,30849.0,False
2019-01-12 19:31:00,706952.0,731087.933411927,731088.0,0.0,24136.0,24136.0,False
2019-01-12 19:32:00,709788.0,729267.8251402135,729268.0,0.0,19480.0,19480.0,False
2019-01-12 19:33:00,724936.0,726864.3674550863,726865.0,0.0,1929.0,1929.0,False
2019-01-12 19:34:00,698499.0,727889.4126731539,727890.0,0.0,29391.0,29391.0,False
2019-01-12 19:35:00,708781.0,745145.7103549873,745146.0,0.0,36365.0,36365.0,False
2019-01-12 19:36:00,692993.0,720350.047933542,720351.0,0.0,27358.0,27358.0,False
2019-01-12 19:37:00,694505.0,713402.4571857589,713403.0,0.0,18898.0,18898.0,False
2019-01-12 19:38:00,673462.0,695606.8308077822,695607.0,0.0,22145.0,22145.0,False
2019-01-12 19:39:00,686094.0,685227.1907472059,685228.0,866.0,0.0,8660.0,False
2019-01-12 19:40:00,715967.0,691926.2689484546,691927.0,24040.0,0.0,240400.0,False
2019-01-12 19:41:00,691778.0,665754.8391014863,665755.0,26023.0,0.0,260230.0,False
2019-01-12 19:42:00,670199.0,675804.4962397992,675805.0,0.0,5606.0,5606.0,False
2019-01-12 19:43:00,700392.0,664517.5560277719,664518.0,35874.0,0.0,358740.0,False
2019-01-12 19:44:00,704464.0,682654.1965442182,682655.0,21809.0,0.0,218090.0,False
2019-01-12 19:45:00,749977.0,689340.0253365327,689341.0,60636.0,0.0,606360.0,False
2019-01-12 19:46:00,700435.0,687952.5845572925,687953.0,12482.0,0.0,124820.0,False
2019-01-12 19:47:00,708932.0,699609.6338885394,699610.0,9322.0,0.0,93220.0,False
2019-01-12 19:48:00,731619.0,685212.1907254631,685213.0,46406.0,0.0,464060.0,False
2019-01-12 19:49:00,691581.0,671636.9635718936,671637.0,19944.0,0.0,199440.0,False
2019-01-12 19:50:00,696708.0,670339.6563804622,670340.0,26368.0,0.0,263680.0,False
2019-01-12 19:51:00,680464.0,677900.7132762067,677901.0,2563.0,0.0,25630.0,False
2019-01-12 19:52:00,679730.0,672824.4169088502,672825.0,6905.0,0.0,69050.0,False
2019-01-12 19:53:00,678689.0,670545.8596016909,670546.0,8143.0,0.0,81430.0,False
2019-01-12 19:54:00,695001.0,669562.4582368039,669563.0,25438.0,0.0,254380.0,False
2019-01-12 19:55:00,686007.0,675483.6997834106,675484.0,10523.0,0.0,105230.0,False
2019-01-12 19:56:00,665229.0,660974.0665928794,660975.0,4254.0,0.0,42540.0,False
2019-01-12 19:57:00,658685.0,654488.96324671,654489.0,4196.0,0.0,41960.0,False
2019-01-12 19:58:00,667085.0,638683.162734049,638684.0,28401.0,0.0,284010.0,False
2019-01-12 19:59:00,667576.0,638708.7748601584,638709.0,28867.0,0.0,288670.0,False
2019-01-12 20:00:00,796571.0,749264.3757922458,749265.0,47306.0,0.0,473060.0,True
2019-01-12 20:01:00,738572.0,696846.0653932651,696847.0,41725.0,0.0,417250.0,False
2019-01-12 20:02:00,703626.0,682926.179631317,682927.0,20699.0,0.0,206990.0,False
2019-01-12 20:03:00,701737.0,682017.1449553934,682018.0,19719.0,0.0,197190.0,False
2019-01-12 20:04:00,685672.0,663797.0491623308,663798.0,21874.0,0.0,218740.0,False
2019-01-12 20:05:00,693960.0,763110.3641626674,763111.0,0.0,69151.0,69151.0,False
2019-01-12 20:06:00,725485.0,820453.528108254,820454.0,0.0,94969.0,94969.0,False
2019-01-12 20:07:00,745277.0,833065.5921775984,833066.0,0.0,87789.0,87789.0,False
2019-01-12 20:08:00,776750.0,830900.1484582878,830901.0,0.0,54151.0,54151.0,False
2019-01-12 20:09:00,751047.0,797361.8120389583,797362.0,0.0,46315.0,46315.0,False
2019-01-12 20:10:00,761033.0,803959.8882794459,803960.0,0.0,42927.0,42927.0,False
2019-01-12 20:11:00,733690.0,765580.2145761322,765581.0,0.0,31891.0,31891.0,False
2019-01-12 20:12:00,742944.0,756093.5374683172,756094.0,0.0,13150.0,13150.0,False
2019-01-12 20:13:00,689445.0,741818.5170866967,741819.0,0.0,52374.0,52374.0,False
2019-01-12 20:14:00,683984.0,735383.0205226472,735384.0,0.0,51400.0,51400.0,False
2019-01-12 20:15:00,728124.0,756404.7683926581,756405.0,0.0,28281.0,28281.0,False
2019-01-12 20:16:00,691874.0,732453.5371388406,732454.0,0.0,40580.0,40580.0,False
2019-01-12 20:17:00,680300.0,740709.5007540317,740710.0,0.0,60410.0,60410.0,False
2019-01-12 20:18:00,684025.0,743015.1276250742,743016.0,0.0,58991.0,58991.0,False
2019-01-12 20:19:00,655646.0,702514.4500581945,702515.0,0.0,46869.0,46869.0,False
2019-01-12 20:20:00,678022.0,708387.8651425192,708388.0,0.0,30366.0,30366.0,False
2019-01-12 20:21:00,678471.0,695090.9203904374,695091.0,0.0,16620.0,16620.0,False
2019-01-12 20:22:00,664100.0,701281.7868508958,701282.0,0.0,37182.0,37182.0,False
2019-01-12 20:23:00,699443.0,702913.7655780272,702914.0,0.0,3471.0,3471.0,False
2019-01-12 20:24:00,687032.0,695600.3126250292,695601.0,0.0,8569.0,8569.0,False
2019-01-12 20:25:00,680038.0,698161.4530850232,698162.0,0.0,18124.0,18124.0,False
2019-01-12 20:26:00,658441.0,683345.1274430307,683346.0,0.0,24905.0,24905.0,False
2019-01-12 20:27:00,667155.0,695145.3155799151,695146.0,0.0,27991.0,27991.0,False
2019-01-12 20:28:00,672388.0,686513.1663236599,686514.0,0.0,14126.0,14126.0,False
2019-01-12 20:29:00,664264.0,689814.3815497152,689815.0,0.0,25551.0,25551.0,False
2019-01-12 20:30:00,743428.0,756717.2097476795,756718.0,0.0,13290.0,13290.0,False
2019-01-12 20:31:00,698609.0,692981.1919266008,692982.0,5627.0,0.0,56270.0,False
2019-01-12 20:32:00,674792.0,705697.2838855018,705698.0,0.0,30906.0,30906.0,False
2019-01-12 20:33:00,663884.0,698827.2505775817,698828.0,0.0,34944.0,34944.0,False
2019-01-12 20:34:00,663471.0,685770.3515184817,685771.0,0.0,22300.0,22300.0,False
2019-01-12 20:35:00,655776.0,688163.8121175896,688164.0,0.0,32388.0,32388.0,False
2019-01-12 20:36:00,660759.0,661310.1647323141,661311.0,0.0,552.0,552.0,False
2019-01-12 20:37:00,648449.0,637066.3989008821,637067.0,11382.0,0.0,113820.0,False
2019-01-12 20:38:00,666700.0,627973.5781466898,627974.0,38726.0,0.0,387260.0,False
2019-01-12 20:39:00,658715.0,628610.7295153077,628611.0,30104.0,0.0,301040.0,False
2019-01-12 20:40:00,699681.0,656330.2675662956,656331.0,43350.0,0.0,433500.0,False
2019-01-12 20:41:00,664320.0,626071.0277832996,626072.0,38248.0,0.0,382480.0,False
2019-01-12 20:42:00,644786.0,650879.1014566284,650880.0,0.0,6094.0,6094.0,False
2019-01-12 20:43:00,653023.0,657760.0904733911,657761.0,0.0,4738.0,4738.0,False
2019-01-12 20:44:00,673301.0,667427.7780781181,667428.0,5873.0,0.0,58730.0,False
2019-01-12 20:45:00,693274.0,683828.133694195,683829.0,9445.0,0.0,94450.0,False
2019-01-12 20:46:00,673899.0,679089.9653934059,679090.0,0.0,5191.0,5191.0,False
2019-01-12 20:47:00,688985.0,685375.9260669918,685376.0,3609.0,0.0,36090.0,False
2019-01-12 20:48:00,703279.0,635462.9171362317,635463.0,67816.0,0.0,678160.0,False
2019-01-12 20:49:00,680256.0,684401.8692445239,684402.0,0.0,4146.0,4146.0,False
2019-01-12 20:50:00,686286.0,750723.5387739346,750724.0,0.0,64438.0,64438.0,False
2019-01-12 20:51:00,655157.0,745295.3414661923,745296.0,0.0,90139.0,90139.0,False
2019-01-12 20:52:00,661087.0,750609.2286920077,750610.0,0.0,89523.0,89523.0,False
2019-01-12 20:53:00,651248.0,681881.7442337254,681882.0,0.0,30634.0,30634.0,False
2019-01-12 20:54:00,666638.0,676867.3947907484,676868.0,0.0,10230.0,10230.0,False
2019-01-12 20:55:00,659833.0,683028.6950677881,683029.0,0.0,23196.0,23196.0,False
2019-01-12 20:56:00,628047.0,660361.0366015496,660362.0,0.0,32315.0,32315.0,False
2019-01-12 20:57:00,634554.0,661797.3147656976,661798.0,0.0,27244.0,27244.0,False
2019-01-12 20:58:00,660790.0,658292.2210172614,658293.0,2497.0,0.0,24970.0,False
2019-01-12 20:59:00,690985.0,649143.218896691,649144.0,41841.0,0.0,418410.0,False
2019-01-12 21:00:00,791209.0,768197.672467366,768198.0,23011.0,0.0,230110.0,True
2019-01-12 21:01:00,721768.0,725447.5765468413,725448.0,0.0,3680.0,3680.0,False
2019-01-12 21:02:00,709311.0,704259.3990675263,704260.0,5051.0,0.0,50510.0,False
2019-01-12 21:03:00,701008.0,702178.4846189629,702179.0,0.0,1171.0,1171.0,False
2019-01-12 21:04:00,710666.0,705862.7636722156,705863.0,4803.0,0.0,48030.0,False
2019-01-12 21:05:00,705111.0,738478.9373650204,738479.0,0.0,33368.0,33368.0,False
2019-01-12 21:06:00,655047.0,777786.3391739025,777787.0,0.0,122740.0,122740.0,False
2019-01-12 21:07:00,651637.0,793739.2886187846,793740.0,0.0,142103.0,142103.0,False
2019-01-12 21:08:00,697318.0,778008.219115773,778009.0,0.0,80691.0,80691.0,False
2019-01-12 21:09:00,738252.0,725034.0435923128,725035.0,13217.0,0.0,132170.0,False
2019-01-12 21:10:00,770881.0,793835.7775225079,793836.0,0.0,22955.0,22955.0,False
2019-01-12 21:11:00,754017.0,839989.6105364473,839990.0,0.0,85973.0,85973.0,False
2019-01-12 21:12:00,719812.0,833176.1554017368,833177.0,0.0,113365.0,113365.0,False
2019-01-12 21:13:00,688805.0,778489.8979323633,778490.0,0.0,89685.0,89685.0,False
2019-01-12 21:14:00,671099.0,776753.3304693724,776754.0,0.0,105655.0,105655.0,False
2019-01-12 21:15:00,695334.0,790081.9961922094,790082.0,0.0,94748.0,94748.0,False
2019-01-12 21:16:00,680740.0,778915.7580639228,778916.0,0.0,98176.0,98176.0,False
2019-01-12 21:17:00,681532.0,759232.3718853923,759233.0,0.0,77701.0,77701.0,False
2019-01-12 21:18:00,659178.0,757071.9523509744,757072.0,0.0,97894.0,97894.0,False
2019-01-12 21:19:00,648442.0,737258.7675029758,737259.0,0.0,88817.0,88817.0,False
2019-01-12 21:20:00,695938.0,745695.2298307366,745696.0,0.0,49758.0,49758.0,False
2019-01-12 21:21:00,671206.0,735932.7481069257,735933.0,0.0,64727.0,64727.0,False
2019-01-12 21:22:00,681019.0,711792.6183486835,711793.0,0.0,30774.0,30774.0,False
2019-01-12 21:23:00,689819.0,705716.1156102085,705717.0,0.0,15898.0,15898.0,False
2019-01-12 21:24:00,697578.0,707881.5605250071,707882.0,0.0,10304.0,10304.0,False
2019-01-12 21:25:00,697732.0,706512.3101301352,706513.0,0.0,8781.0,8781.0,False
2019-01-12 21:26:00,679266.0,692667.1613816771,692668.0,0.0,13402.0,13402.0,False
2019-01-12 21:27:00,670279.0,694510.8963244145,694511.0,0.0,24232.0,24232.0,False
2019-01-12 21:28:00,661216.0,690257.3797340877,690258.0,0.0,29042.0,29042.0,False
2019-01-12 21:29:00,659644.0,686648.5677631266,686649.0,0.0,27005.0,27005.0,False
2019-01-12 21:30:00,719603.0,745709.8012558601,745710.0,0.0,26107.0,26107.0,False
2019-01-12 21:31:00,698439.0,711165.3932641153,711166.0,0.0,12727.0,12727.0,False
2019-01-12 21:32:00,691969.0,703145.3734678484,703146.0,0.0,11177.0,11177.0,False
2019-01-12 21:33:00,711198.0,701709.7881406011,701710.0,9488.0,0.0,94880.0,False
2019-01-12 21:34:00,691277.0,706246.948087184,706247.0,0.0,14970.0,14970.0,False
2019-01-12 21:35:00,672199.0,704392.5349423243,704393.0,0.0,32194.0,32194.0,False
2019-01-12 21:36:00,681224.0,679784.4973377343,679785.0,1439.0,0.0,14390.0,False
2019-01-12 21:37:00,674182.0,644477.5251052574,644478.0,29704.0,0.0,297040.0,False
2019-01-12 21:38:00,675090.0,650943.6533192872,650944.0,24146.0,0.0,241460.0,False
2019-01-12 21:39:00,672613.0,641376.6384181208,641377.0,31236.0,0.0,312360.0,False
2019-01-12 21:40:00,684705.0,650495.714054608,650496.0,34209.0,0.0,342090.0,False
2019-01-12 21:41:00,691307.0,641199.8087940713,641200.0,50107.0,0.0,501070.0,False
2019-01-12 21:42:00,661570.0,630444.5218346587,630445.0,31125.0,0.0,311250.0,False
2019-01-12 21:43:00,648163.0,623971.2480578492,623972.0,24191.0,0.0,241910.0,False
2019-01-12 21:44:00,645866.0,615416.598705492,615417.0,30449.0,0.0,304490.0,False
2019-01-12 21:45:00,683224.0,636331.7788960021,636332.0,46892.0,0.0,468920.0,False
2019-01-12 21:46:00,675724.0,618731.8641482415,618732.0,56992.0,0.0,569920.0,False
2019-01-12 21:47:00,672529.0,606339.4349497552,606340.0,66189.0,0.0,661890.0,False
2019-01-12 21:48:00,648277.0,610326.4745563419,610327.0,37950.0,0.0,379500.0,False
2019-01-12 21:49:00,642136.0,592196.3613219915,592197.0,49939.0,0.0,499390.0,False
2019-01-12 21:50:00,663326.0,613391.8179982919,613392.0,49934.0,0.0,499340.0,False
2019-01-12 21:51:00,632656.0,591532.1826903234,591533.0,41123.0,0.0,411230.0,False
2019-01-12 21:52:00,661495.0,602292.3553142484,602293.0,59202.0,0.0,592020.0,False
2019-01-12 21:53:00,650566.0,598114.5532287498,598115.0,52451.0,0.0,524510.0,False
2019-01-12 21:54:00,663599.0,591621.5994249433,591622.0,71977.0,0.0,719770.0,False
2019-01-12 21:55:00,668710.0,600501.1231791496,600502.0,68208.0,0.0,682080.0,False
2019-01-12 21:56:00,643516.0,617871.7725531914,617872.0,25644.0,0.0,256440.0,False
2019-01-12 21:57:00,605963.0,612260.0151357974,612261.0,0.0,6298.0,6298.0,False
2019-01-12 21:58:00,644176.0,599634.3665522127,599635.0,44541.0,0.0,445410.0,False
2019-01-12 21:59:00,641230.0,618960.531398567,618961.0,22269.0,0.0,222690.0,False
2019-01-12 22:00:00,757674.0,734269.6630391123,734270.0,23404.0,0.0,234040.0,False
2019-01-12 22:01:00,679196.0,663667.4298403796,663668.0,15528.0,0.0,155280.0,False
2019-01-12 22:02:00,679445.0,646312.9905221142,646313.0,33132.0,0.0,331320.0,False
2019-01-12 22:03:00,680919.0,654152.3056550673,654153.0,26766.0,0.0,267660.0,False
2019-01-12 22:04:00,679960.0,626974.8669982301,626975.0,52985.0,0.0,529850.0,False
2019-01-12 22:05:00,670362.0,648196.8809698595,648197.0,22165.0,0.0,221650.0,False
2019-01-12 22:06:00,673968.0,677349.7847645229,677350.0,0.0,3382.0,3382.0,False
2019-01-12 22:07:00,703069.0,744732.0915749578,744733.0,0.0,41664.0,41664.0,False
2019-01-12 22:08:00,728319.0,752881.3185890255,752882.0,0.0,24563.0,24563.0,False
2019-01-12 22:09:00,731923.0,741077.2313873129,741078.0,0.0,9155.0,9155.0,False
2019-01-12 22:10:00,757255.0,736751.0535052686,736752.0,20503.0,0.0,205030.0,False
2019-01-12 22:11:00,729269.0,713541.2421879121,713542.0,15727.0,0.0,157270.0,False
2019-01-12 22:12:00,738046.0,646399.8276685738,646400.0,91646.0,0.0,916460.0,False
2019-01-12 22:13:00,703338.0,645683.6702349548,645684.0,57654.0,0.0,576540.0,False
2019-01-12 22:14:00,682512.0,650225.8139451426,650226.0,32286.0,0.0,322860.0,False
2019-01-12 22:15:00,691524.0,693851.7142192284,693852.0,0.0,2328.0,2328.0,False
2019-01-12 22:16:00,687145.0,671740.546077939,671741.0,15404.0,0.0,154040.0,False
2019-01-12 22:17:00,678527.0,681633.4558880967,681634.0,0.0,3107.0,3107.0,False
2019-01-12 22:18:00,678968.0,672248.0618091202,672249.0,6719.0,0.0,67190.0,False
2019-01-12 22:19:00,647809.0,660193.0151711181,660194.0,0.0,12385.0,12385.0,False
2019-01-12 22:20:00,680656.0,683656.202110495,683657.0,0.0,3001.0,3001.0,False
2019-01-12 22:21:00,662294.0,677228.1909882675,677229.0,0.0,14935.0,14935.0,False
2019-01-12 22:22:00,651879.0,654385.2757097118,654386.0,0.0,2507.0,2507.0,False
2019-01-12 22:23:00,646506.0,652927.8134444997,652928.0,0.0,6422.0,6422.0,False
2019-01-12 22:24:00,694286.0,659834.3484136941,659835.0,34451.0,0.0,344510.0,False
2019-01-12 22:25:00,698717.0,666666.2636222019,666667.0,32050.0,0.0,320500.0,False
2019-01-12 22:26:00,735231.0,661409.9918345714,661410.0,73821.0,0.0,738210.0,False
2019-01-12 22:27:00,730650.0,669318.2112429292,669319.0,61331.0,0.0,613310.0,False
2019-01-12 22:28:00,678991.0,655991.7859204907,655992.0,22999.0,0.0,229990.0,False
2019-01-12 22:29:00,660918.0,658708.1839859023,658709.0,2209.0,0.0,22090.0,False
2019-01-12 22:30:00,750446.0,738732.8600358164,738733.0,11713.0,0.0,117130.0,False
2019-01-12 22:31:00,716578.0,688505.4873664693,688506.0,28072.0,0.0,280720.0,False
2019-01-12 22:32:00,705676.0,678382.8627048157,678383.0,27293.0,0.0,272930.0,False
2019-01-12 22:33:00,685114.0,672082.0981621437,672083.0,13031.0,0.0,130310.0,False
2019-01-12 22:34:00,679226.0,664212.6751453697,664213.0,15013.0,0.0,150130.0,False
2019-01-12 22:35:00,693936.0,673868.4920969272,673869.0,20067.0,0.0,200670.0,False
2019-01-12 22:36:00,660433.0,677432.2811160131,677433.0,0.0,17000.0,17000.0,False
2019-01-12 22:37:00,659229.0,668212.7577765186,668213.0,0.0,8984.0,8984.0,False
2019-01-12 22:38:00,652232.0,651141.7422372296,651142.0,1090.0,0.0,10900.0,False
2019-01-12 22:39:00,654857.0,639970.9652019878,639971.0,14886.0,0.0,148860.0,False
2019-01-12 22:40:00,714798.0,665766.729547713,665767.0,49031.0,0.0,490310.0,False
2019-01-12 22:41:00,678383.0,642847.5363870036,642848.0,35535.0,0.0,355350.0,False
2019-01-12 22:42:00,663426.0,649382.0888595491,649383.0,14043.0,0.0,140430.0,False
2019-01-12 22:43:00,658147.0,653888.2560015128,653889.0,4258.0,0.0,42580.0,False
2019-01-12 22:44:00,662136.0,654096.3445295196,654097.0,8039.0,0.0,80390.0,False
2019-01-12 22:45:00,690097.0,653602.9979367839,653603.0,36494.0,0.0,364940.0,False
2019-01-12 22:46:00,697557.0,634493.7938976807,634494.0,63063.0,0.0,630630.0,False
2019-01-12 22:47:00,710281.0,642256.4627785004,642257.0,68024.0,0.0,680240.0,False
2019-01-12 22:48:00,684837.0,637161.9680216265,637162.0,47675.0,0.0,476750.0,False
2019-01-12 22:49:00,697536.0,624824.2864181085,624825.0,72711.0,0.0,727110.0,False
2019-01-12 22:50:00,670769.0,651922.9888810748,651923.0,18846.0,0.0,188460.0,False
2019-01-12 22:51:00,625999.0,640446.9698944078,640447.0,0.0,14448.0,14448.0,False
2019-01-12 22:52:00,625099.0,657190.64607342,657191.0,0.0,32092.0,32092.0,False
2019-01-12 22:53:00,618947.0,649635.5602202221,649636.0,0.0,30689.0,30689.0,False
2019-01-12 22:54:00,637997.0,639207.8771213593,639208.0,0.0,1211.0,1211.0,False
2019-01-12 22:55:00,670915.0,672895.2470942568,672896.0,0.0,1981.0,1981.0,False
2019-01-12 22:56:00,640367.0,648419.6365762347,648420.0,0.0,8053.0,8053.0,False
2019-01-12 22:57:00,638117.0,643187.0676906042,643188.0,0.0,5071.0,5071.0,False
2019-01-12 22:58:00,603324.0,629998.5759115285,629999.0,0.0,26675.0,26675.0,False
2019-01-12 22:59:00,615495.0,627045.2419724481,627046.0,0.0,11551.0,11551.0,False
2019-01-12 23:00:00,733233.0,741635.7330798818,741636.0,0.0,8403.0,8403.0,False
2019-01-12 23:01:00,685712.0,684015.1499166423,684016.0,1696.0,0.0,16960.0,False
2019-01-12 23:02:00,671046.0,667419.4320027713,667420.0,3626.0,0.0,36260.0,False
2019-01-12 23:03:00,679353.0,653982.7286979959,653983.0,25370.0,0.0,253700.0,False
2019-01-12 23:04:00,640617.0,642963.7864761397,642964.0,0.0,2347.0,2347.0,False
2019-01-12 23:05:00,665119.0,704961.6867256685,704962.0,0.0,39843.0,39843.0,False
2019-01-12 23:06:00,700875.0,694668.0751366143,694669.0,6206.0,0.0,62060.0,False
2019-01-12 23:07:00,717459.0,723160.01674106,723161.0,0.0,5702.0,5702.0,False
2019-01-12 23:08:00,721501.0,771602.2469976643,771603.0,0.0,50102.0,50102.0,False
2019-01-12 23:09:00,736328.0,782041.9678800923,782042.0,0.0,45714.0,45714.0,False
2019-01-12 23:10:00,747804.0,667562.3370734977,667563.0,80241.0,0.0,802410.0,False
2019-01-12 23:11:00,662692.0,654673.6920393149,654674.0,8018.0,0.0,80180.0,False
2019-01-12 23:12:00,672222.0,637283.4290951656,637284.0,34938.0,0.0,349380.0,False
2019-01-12 23:13:00,637289.0,659366.6607642102,659367.0,0.0,22078.0,22078.0,False
2019-01-12 23:14:00,644037.0,648593.0816399769,648594.0,0.0,4557.0,4557.0,False
2019-01-12 23:15:00,646305.0,670326.6984908942,670327.0,0.0,24022.0,24022.0,False
2019-01-12 23:16:00,622041.0,666982.8317564945,666983.0,0.0,44942.0,44942.0,False
2019-01-12 23:17:00,627165.0,654888.9698091343,654889.0,0.0,27724.0,27724.0,False
2019-01-12 23:18:00,625591.0,635539.6793537516,635540.0,0.0,9949.0,9949.0,False
2019-01-12 23:19:00,634341.0,620068.0511485959,620069.0,14272.0,0.0,142720.0,False
2019-01-12 23:20:00,638871.0,624220.582138723,624221.0,14650.0,0.0,146500.0,False
2019-01-12 23:21:00,607852.0,623050.6113683786,623051.0,0.0,15199.0,15199.0,False
2019-01-12 23:22:00,616937.0,621578.3992403698,621579.0,0.0,4642.0,4642.0,False
2019-01-12 23:23:00,616686.0,627155.7722596244,627156.0,0.0,10470.0,10470.0,False
2019-01-12 23:24:00,613361.0,633756.5320931539,633757.0,0.0,20396.0,20396.0,False
2019-01-12 23:25:00,609458.0,640837.3750600801,640838.0,0.0,31380.0,31380.0,False
2019-01-12 23:26:00,617303.0,640797.2988121405,640798.0,0.0,23495.0,23495.0,False
2019-01-12 23:27:00,599956.0,628673.6125465664,628674.0,0.0,28718.0,28718.0,False
2019-01-12 23:28:00,609875.0,631525.7244913517,631526.0,0.0,21651.0,21651.0,False
2019-01-12 23:29:00,615107.0,623094.3477006275,623095.0,0.0,7988.0,7988.0,False
2019-01-12 23:30:00,697804.0,696905.9600839941,696906.0,898.0,0.0,8980.0,False
2019-01-12 23:31:00,628889.0,658375.5907951833,658376.0,0.0,29487.0,29487.0,False
2019-01-12 23:32:00,631100.0,635935.8266846938,635936.0,0.0,4836.0,4836.0,False
2019-01-12 23:33:00,639881.0,622941.5238667117,622942.0,16939.0,0.0,169390.0,False
2019-01-12 23:34:00,623448.0,614386.1827442694,614387.0,9061.0,0.0,90610.0,False
2019-01-12 23:35:00,623999.0,624571.6535903927,624572.0,0.0,573.0,573.0,False
2019-01-12 23:36:00,616474.0,604339.0892972654,604340.0,12134.0,0.0,121340.0,False
2019-01-12 23:37:00,592615.0,599790.0275946594,599791.0,0.0,7176.0,7176.0,False
2019-01-12 23:38:00,607761.0,594460.4502507669,594461.0,13300.0,0.0,133000.0,False
2019-01-12 23:39:00,593462.0,598059.5028028782,598060.0,0.0,4598.0,4598.0,False
2019-01-12 23:40:00,649492.0,603516.7373210402,603517.0,45975.0,0.0,459750.0,False
2019-01-12 23:41:00,598444.0,578294.0603826838,578295.0,20149.0,0.0,201490.0,False
2019-01-12 23:42:00,587116.0,575449.5657866492,575450.0,11666.0,0.0,116660.0,False
2019-01-12 23:43:00,598316.0,567091.303493201,567092.0,31224.0,0.0,312240.0,False
2019-01-12 23:44:00,626882.0,567659.5756660576,567660.0,59222.0,0.0,592220.0,False
2019-01-12 23:45:00,631070.0,590236.9848895556,590237.0,40833.0,0.0,408330.0,False
2019-01-12 23:46:00,622787.0,568369.6712671327,568370.0,54417.0,0.0,544170.0,False
2019-01-12 23:47:00,616871.0,573879.5235237274,573880.0,42991.0,0.0,429910.0,False
2019-01-12 23:48:00,618972.0,577488.8588752904,577489.0,41483.0,0.0,414830.0,False
2019-01-12 23:49:00,623293.0,567748.687617166,567749.0,55544.0,0.0,555440.0,False
2019-01-12 23:50:00,634622.0,593011.9866867115,593012.0,41610.0,0.0,416100.0,False
2019-01-12 23:51:00,625776.0,574843.0611309215,574844.0,50932.0,0.0,509320.0,False
2019-01-12 23:52:00,600714.0,566046.1284033295,566047.0,34667.0,0.0,346670.0,False
2019-01-12 23:53:00,602961.0,569385.3679672595,569386.0,33575.0,0.0,335750.0,False
2019-01-12 23:54:00,606194.0,565533.7568886778,565534.0,40660.0,0.0,406600.0,False
2019-01-12 23:55:00,622042.0,572057.8011755861,572058.0,49984.0,0.0,499840.0,False
2019-01-12 23:56:00,627210.0,553137.5447195383,553138.0,74072.0,0.0,740720.0,False
2019-01-12 23:57:00,608978.0,563220.3644136415,563221.0,45757.0,0.0,457570.0,False
2019-01-12 23:58:00,596954.0,558085.7792946042,558086.0,38868.0,0.0,388680.0,False
2019-01-12 23:59:00,596724.0,562114.9216607062,562115.0,34609.0,0.0,346090.0,False
2019-01-13 00:00:00,762610.0,714686.0312226427,714687.0,47923.0,0.0,479230.0,False
2019-01-13 00:01:00,704794.0,661046.8645144138,661047.0,43747.0,0.0,437470.0,False
2019-01-13 00:02:00,714897.0,656872.0886630055,656873.0,58024.0,0.0,580240.0,False
2019-01-13 00:03:00,706977.0,670326.8969226715,670327.0,36650.0,0.0,366500.0,False
2019-01-13 00:04:00,688870.0,647898.2796387168,647899.0,40971.0,0.0,409710.0,False
2019-01-13 00:05:00,690015.0,619482.8597440567,619483.0,70532.0,0.0,705320.0,False
2019-01-13 00:06:00,732496.0,669108.6938491982,669109.0,63387.0,0.0,633870.0,False
2019-01-13 00:07:00,795773.0,687583.5974191076,687584.0,108189.0,0.0,1081890.0,True
2019-01-13 00:08:00,773262.0,677654.3149618036,677655.0,95607.0,0.0,956070.0,False
2019-01-13 00:09:00,775581.0,709273.0949175787,709274.0,66307.0,0.0,663070.0,False
2019-01-13 00:10:00,705599.0,718501.268096195,718502.0,0.0,12903.0,12903.0,False
2019-01-13 00:11:00,656762.0,710410.3159296691,710411.0,0.0,53649.0,53649.0,False
2019-01-13 00:12:00,640359.0,676327.3083386598,676328.0,0.0,35969.0,35969.0,False
2019-01-13 00:13:00,638837.0,661976.1428719545,661977.0,0.0,23140.0,23140.0,False
2019-01-13 00:14:00,645006.0,630705.2736361255,630706.0,14300.0,0.0,143000.0,False
2019-01-13 00:15:00,658128.0,659071.4952195596,659072.0,0.0,944.0,944.0,False
2019-01-13 00:16:00,652154.0,644778.8845849173,644779.0,7375.0,0.0,73750.0,False
2019-01-13 00:17:00,657426.0,648895.4853285447,648896.0,8530.0,0.0,85300.0,False
2019-01-13 00:18:00,663215.0,656907.2157169338,656908.0,6307.0,0.0,63070.0,False
2019-01-13 00:19:00,655440.0,648134.8111579174,648135.0,7305.0,0.0,73050.0,False
2019-01-13 00:20:00,673090.0,658475.0404331348,658476.0,14614.0,0.0,146140.0,False
2019-01-13 00:21:00,647584.0,635372.9250343002,635373.0,12211.0,0.0,122110.0,False
2019-01-13 00:22:00,626276.0,623317.7222039558,623318.0,2958.0,0.0,29580.0,False
2019-01-13 00:23:00,635502.0,631373.3058980384,631374.0,4128.0,0.0,41280.0,False
2019-01-13 00:24:00,647512.0,616394.9635513737,616395.0,31117.0,0.0,311170.0,False
2019-01-13 00:25:00,630537.0,629244.5975027296,629245.0,1292.0,0.0,12920.0,False
2019-01-13 00:26:00,620960.0,621357.428432031,621358.0,0.0,398.0,398.0,False
2019-01-13 00:27:00,615458.0,635703.7874104352,635704.0,0.0,20246.0,20246.0,False
2019-01-13 00:28:00,615722.0,626818.1444272754,626819.0,0.0,11097.0,11097.0,False
2019-01-13 00:29:00,625878.0,616104.3977721983,616105.0,9773.0,0.0,97730.0,False
2019-01-13 00:30:00,716021.0,689449.4594595539,689450.0,26571.0,0.0,265710.0,False
2019-01-13 00:31:00,650813.0,666886.6305416463,666887.0,0.0,16074.0,16074.0,False
2019-01-13 00:32:00,659764.0,638675.8686308917,638676.0,21088.0,0.0,210880.0,False
2019-01-13 00:33:00,639213.0,635841.5136274648,635842.0,3371.0,0.0,33710.0,False
2019-01-13 00:34:00,643058.0,636920.3439168095,636921.0,6137.0,0.0,61370.0,False
2019-01-13 00:35:00,645674.0,620079.0049901899,620080.0,25594.0,0.0,255940.0,False
2019-01-13 00:36:00,632499.0,608590.6040654592,608591.0,23908.0,0.0,239080.0,False
2019-01-13 00:37:00,610466.0,609630.5793353845,609631.0,835.0,0.0,8350.0,False
2019-01-13 00:38:00,626408.0,587801.7705567435,587802.0,38606.0,0.0,386060.0,False
2019-01-13 00:39:00,607638.0,597007.3544451656,597008.0,10630.0,0.0,106300.0,False
2019-01-13 00:40:00,631218.0,618770.7971184229,618771.0,12447.0,0.0,124470.0,False
2019-01-13 00:41:00,605321.0,603485.6307872346,603486.0,1835.0,0.0,18350.0,False
2019-01-13 00:42:00,604872.0,563518.2230992351,563519.0,41353.0,0.0,413530.0,False
2019-01-13 00:43:00,602343.0,560024.2431308671,560025.0,42318.0,0.0,423180.0,False
2019-01-13 00:44:00,598522.0,553587.7302158138,553588.0,44934.0,0.0,449340.0,False
2019-01-13 00:45:00,630849.0,587440.0327469427,587441.0,43408.0,0.0,434080.0,False
2019-01-13 00:46:00,630230.0,594506.453116948,594507.0,35723.0,0.0,357230.0,False
2019-01-13 00:47:00,611907.0,594026.6711532905,594027.0,17880.0,0.0,178800.0,False
2019-01-13 00:48:00,603617.0,592911.1552932807,592912.0,10705.0,0.0,107050.0,False
2019-01-13 00:49:00,602502.0,586482.5366394634,586483.0,16019.0,0.0,160190.0,False
2019-01-13 00:50:00,623397.0,592522.1674396672,592523.0,30874.0,0.0,308740.0,False
2019-01-13 00:51:00,596512.0,566975.0761934404,566976.0,29536.0,0.0,295360.0,False
2019-01-13 00:52:00,606395.0,563581.1167691447,563582.0,42813.0,0.0,428130.0,False
2019-01-13 00:53:00,594052.0,560296.2694633421,560297.0,33755.0,0.0,337550.0,False
2019-01-13 00:54:00,596465.0,560173.9595684243,560174.0,36291.0,0.0,362910.0,False
2019-01-13 00:55:00,613178.0,562855.5192860286,562856.0,50322.0,0.0,503220.0,False
2019-01-13 00:56:00,593663.0,552068.8198308081,552069.0,41594.0,0.0,415940.0,False
2019-01-13 00:57:00,606809.0,572753.3740008188,572754.0,34055.0,0.0,340550.0,False
2019-01-13 00:58:00,593128.0,562045.8679140923,562046.0,31082.0,0.0,310820.0,False
2019-01-13 00:59:00,582378.0,557078.8019632722,557079.0,25299.0,0.0,252990.0,False
2019-01-13 01:00:00,685387.0,668381.5075115777,668382.0,17005.0,0.0,170050.0,False
2019-01-13 01:01:00,624658.0,610686.7092833853,610687.0,13971.0,0.0,139710.0,False
2019-01-13 01:02:00,618457.0,615087.0895201465,615088.0,3369.0,0.0,33690.0,False
2019-01-13 01:03:00,632179.0,603867.3689682594,603868.0,28311.0,0.0,283110.0,False
2019-01-13 01:04:00,618712.0,577673.41113929,577674.0,41038.0,0.0,410380.0,False
2019-01-13 01:05:00,628398.0,586387.5207642716,586388.0,42010.0,0.0,420100.0,False
2019-01-13 01:06:00,623492.0,665310.2192185179,665311.0,0.0,41819.0,41819.0,False
2019-01-13 01:07:00,639352.0,701646.9287791125,701647.0,0.0,62295.0,62295.0,False
2019-01-13 01:08:00,629820.0,712490.2384630174,712491.0,0.0,82671.0,82671.0,False
2019-01-13 01:09:00,630155.0,720941.1030415101,720942.0,0.0,90787.0,90787.0,False
2019-01-13 01:10:00,657495.0,667812.7372631184,667813.0,0.0,10318.0,10318.0,False
2019-01-13 01:11:00,652311.0,656934.0075378343,656935.0,0.0,4624.0,4624.0,False
2019-01-13 01:12:00,638473.0,643000.0203311947,643001.0,0.0,4528.0,4528.0,False
2019-01-13 01:13:00,634612.0,625801.1489163775,625802.0,8810.0,0.0,88100.0,False
2019-01-13 01:14:00,628107.0,641078.0216247371,641079.0,0.0,12972.0,12972.0,False
2019-01-13 01:15:00,654785.0,656583.2237944794,656584.0,0.0,1799.0,1799.0,False
2019-01-13 01:16:00,651149.0,638799.1626106856,638800.0,12349.0,0.0,123490.0,False
2019-01-13 01:17:00,653240.0,640156.7281456277,640157.0,13083.0,0.0,130830.0,False
2019-01-13 01:18:00,658463.0,636914.1336426617,636915.0,21548.0,0.0,215480.0,False
2019-01-13 01:19:00,644218.0,623233.6507944715,623234.0,20984.0,0.0,209840.0,False
2019-01-13 01:20:00,653903.0,660420.8655135864,660421.0,0.0,6518.0,6518.0,False
2019-01-13 01:21:00,619759.0,652078.6552612097,652079.0,0.0,32320.0,32320.0,False
2019-01-13 01:22:00,635396.0,650482.1665599758,650483.0,0.0,15087.0,15087.0,False
2019-01-13 01:23:00,618691.0,644153.5407082695,644154.0,0.0,25463.0,25463.0,False
2019-01-13 01:24:00,578910.0,641198.8870814181,641199.0,0.0,62289.0,62289.0,False
2019-01-13 01:25:00,594066.0,663159.4858708782,663160.0,0.0,69094.0,69094.0,False
2019-01-13 01:26:00,600920.0,639263.9854390016,639264.0,0.0,38344.0,38344.0,False
2019-01-13 01:27:00,578136.0,651160.0469385227,651161.0,0.0,73025.0,73025.0,False
2019-01-13 01:28:00,595878.0,649845.1382357106,649846.0,0.0,53968.0,53968.0,False
2019-01-13 01:29:00,576898.0,650065.7793174682,650066.0,0.0,73168.0,73168.0,False
2019-01-13 01:30:00,661329.0,717548.2382541408,717549.0,0.0,56220.0,56220.0,False
2019-01-13 01:31:00,606852.0,667639.3444949083,667640.0,0.0,60788.0,60788.0,False
2019-01-13 01:32:00,606977.0,660067.6086499689,660068.0,0.0,53091.0,53091.0,False
2019-01-13 01:33:00,605835.0,660555.820740598,660556.0,0.0,54721.0,54721.0,False
2019-01-13 01:34:00,594342.0,639212.7702975589,639213.0,0.0,44871.0,44871.0,False
2019-01-13 01:35:00,614620.0,673902.3552651961,673903.0,0.0,59283.0,59283.0,False
2019-01-13 01:36:00,607178.0,664599.248342819,664600.0,0.0,57422.0,57422.0,False
2019-01-13 01:37:00,604113.0,643606.9218523857,643607.0,0.0,39494.0,39494.0,False
2019-01-13 01:38:00,584654.0,612695.82156254,612696.0,0.0,28042.0,28042.0,False
2019-01-13 01:39:00,579568.0,600814.2597945189,600815.0,0.0,21247.0,21247.0,False
2019-01-13 01:40:00,601653.0,601823.0290636932,601824.0,0.0,171.0,171.0,False
2019-01-13 01:41:00,567176.0,584677.1425791918,584678.0,0.0,17502.0,17502.0,False
2019-01-13 01:42:00,571170.0,578803.0764447298,578804.0,0.0,7634.0,7634.0,False
2019-01-13 01:43:00,572672.0,583304.1176492786,583305.0,0.0,10633.0,10633.0,False
2019-01-13 01:44:00,560298.0,586351.6133369898,586352.0,0.0,26054.0,26054.0,False
2019-01-13 01:45:00,610744.0,620669.2707521513,620670.0,0.0,9926.0,9926.0,False
2019-01-13 01:46:00,585700.0,609565.8051186384,609566.0,0.0,23866.0,23866.0,False
2019-01-13 01:47:00,578744.0,598095.8186764109,598096.0,0.0,19352.0,19352.0,False
2019-01-13 01:48:00,580815.0,588964.6734128201,588965.0,0.0,8150.0,8150.0,False
2019-01-13 01:49:00,558552.0,574254.2979986966,574255.0,0.0,15703.0,15703.0,False
2019-01-13 01:50:00,596514.0,588959.2260443667,588960.0,7554.0,0.0,75540.0,False
2019-01-13 01:51:00,570470.0,558263.6241728559,558264.0,12206.0,0.0,122060.0,False
2019-01-13 01:52:00,581234.0,552149.6398037338,552150.0,29084.0,0.0,290840.0,False
2019-01-13 01:53:00,569687.0,563003.8413137643,563004.0,6683.0,0.0,66830.0,False
2019-01-13 01:54:00,571309.0,539764.0545415839,539765.0,31544.0,0.0,315440.0,False
2019-01-13 01:55:00,592011.0,556139.985117124,556140.0,35871.0,0.0,358710.0,False
2019-01-13 01:56:00,583745.0,536251.1167636905,536252.0,47493.0,0.0,474930.0,False
2019-01-13 01:57:00,563935.0,530297.7823021451,530298.0,33637.0,0.0,336370.0,False
2019-01-13 01:58:00,576528.0,534126.919601243,534127.0,42401.0,0.0,424010.0,False
2019-01-13 01:59:00,584116.0,533238.5922353794,533239.0,50877.0,0.0,508770.0,False
2019-01-13 02:00:00,674300.0,627529.3341904066,627530.0,46770.0,0.0,467700.0,False
2019-01-13 02:01:00,623178.0,578927.168802922,578928.0,44250.0,0.0,442500.0,False
2019-01-13 02:02:00,609006.0,565363.4449308285,565364.0,43642.0,0.0,436420.0,False
2019-01-13 02:03:00,622443.0,565522.6734619819,565523.0,56920.0,0.0,569200.0,False
2019-01-13 02:04:00,606621.0,549963.0451845123,549964.0,56657.0,0.0,566570.0,False
2019-01-13 02:05:00,616410.0,599879.8462269898,599880.0,16530.0,0.0,165300.0,False
2019-01-13 02:06:00,605972.0,662706.7403136923,662707.0,0.0,56735.0,56735.0,False
2019-01-13 02:07:00,711288.0,710966.6449122084,710967.0,321.0,0.0,3210.0,False
2019-01-13 02:08:00,709972.0,641914.126928613,641915.0,68057.0,0.0,680570.0,False
2019-01-13 02:09:00,682465.0,621846.7933956862,621847.0,60618.0,0.0,606180.0,False
2019-01-13 02:10:00,666323.0,737388.4894251814,737389.0,0.0,71066.0,71066.0,False
2019-01-13 02:11:00,635048.0,718027.0253328017,718028.0,0.0,82980.0,82980.0,False
2019-01-13 02:12:00,657567.0,626432.3343624931,626433.0,31134.0,0.0,311340.0,False
2019-01-13 02:13:00,626909.0,607216.3648679337,607217.0,19692.0,0.0,196920.0,False
2019-01-13 02:14:00,613044.0,615936.5226809215,615937.0,0.0,2893.0,2893.0,False
2019-01-13 02:15:00,607517.0,660164.8506990433,660165.0,0.0,52648.0,52648.0,False
2019-01-13 02:16:00,594893.0,641131.2353080005,641132.0,0.0,46239.0,46239.0,False
2019-01-13 02:17:00,586111.0,621695.2990913865,621696.0,0.0,35585.0,35585.0,False
2019-01-13 02:18:00,584980.0,624804.1116286789,624805.0,0.0,39825.0,39825.0,False
2019-01-13 02:19:00,574588.0,634909.6899003848,634910.0,0.0,60322.0,60322.0,False
2019-01-13 02:20:00,597116.0,639541.1833890266,639542.0,0.0,42426.0,42426.0,False
2019-01-13 02:21:00,598254.0,627900.8641085287,627901.0,0.0,29647.0,29647.0,False
2019-01-13 02:22:00,576947.0,614297.1187246233,614298.0,0.0,37351.0,37351.0,False
2019-01-13 02:23:00,560558.0,615812.9540077813,615813.0,0.0,55255.0,55255.0,False
2019-01-13 02:24:00,563593.0,611587.64627749,611588.0,0.0,47995.0,47995.0,False
2019-01-13 02:25:00,578624.0,630846.4693359549,630847.0,0.0,52223.0,52223.0,False
2019-01-13 02:26:00,579467.0,623048.7714596111,623049.0,0.0,43582.0,43582.0,False
2019-01-13 02:27:00,570708.0,622878.8005857602,622879.0,0.0,52171.0,52171.0,False
2019-01-13 02:28:00,584006.0,608144.0639755607,608145.0,0.0,24139.0,24139.0,False
2019-01-13 02:29:00,584998.0,608536.110083116,608537.0,0.0,23539.0,23539.0,False
2019-01-13 02:30:00,649685.0,650808.109478252,650809.0,0.0,1124.0,1124.0,False
2019-01-13 02:31:00,619863.0,633694.5001111068,633695.0,0.0,13832.0,13832.0,False
2019-01-13 02:32:00,578550.0,641390.8511378352,641391.0,0.0,62841.0,62841.0,False
2019-01-13 02:33:00,600927.0,643156.2069751507,643157.0,0.0,42230.0,42230.0,False
2019-01-13 02:34:00,580590.0,646439.487010118,646440.0,0.0,65850.0,65850.0,False
2019-01-13 02:35:00,600271.0,654183.9189070049,654184.0,0.0,53913.0,53913.0,False
2019-01-13 02:36:00,563113.0,641918.1489582809,641919.0,0.0,78806.0,78806.0,False
2019-01-13 02:37:00,566337.0,636048.3345526848,636049.0,0.0,69712.0,69712.0,False
2019-01-13 02:38:00,559787.0,636528.7172464938,636529.0,0.0,76742.0,76742.0,False
2019-01-13 02:39:00,562299.0,637514.6230841136,637515.0,0.0,75216.0,75216.0,False
2019-01-13 02:40:00,600955.0,655776.2998455609,655777.0,0.0,54822.0,54822.0,False
2019-01-13 02:41:00,571130.0,625713.5842574481,625714.0,0.0,54584.0,54584.0,False
2019-01-13 02:42:00,541206.0,607281.8425334324,607282.0,0.0,66076.0,66076.0,False
2019-01-13 02:43:00,559743.0,599896.5285055072,599897.0,0.0,40154.0,40154.0,False
2019-01-13 02:44:00,574250.0,600250.0847319157,600251.0,0.0,26001.0,26001.0,False
2019-01-13 02:45:00,589076.0,621129.5271256722,621130.0,0.0,32054.0,32054.0,False
2019-01-13 02:46:00,570772.0,607276.2949243337,607277.0,0.0,36505.0,36505.0,False
2019-01-13 02:47:00,577843.0,613466.8021298668,613467.0,0.0,35624.0,35624.0,False
2019-01-13 02:48:00,588343.0,600776.5251127799,600777.0,0.0,12434.0,12434.0,False
2019-01-13 02:49:00,571065.0,596083.2390749769,596084.0,0.0,25019.0,25019.0,False
2019-01-13 02:50:00,576398.0,606990.441794714,606991.0,0.0,30593.0,30593.0,False
2019-01-13 02:51:00,575444.0,578154.420611947,578155.0,0.0,2711.0,2711.0,False
2019-01-13 02:52:00,583331.0,596017.7834927097,596018.0,0.0,12687.0,12687.0,False
2019-01-13 02:53:00,571932.0,577270.490550453,577271.0,0.0,5339.0,5339.0,False
2019-01-13 02:54:00,565000.0,573732.9427668767,573733.0,0.0,8733.0,8733.0,False
2019-01-13 02:55:00,566342.0,583607.0318184288,583608.0,0.0,17266.0,17266.0,False
2019-01-13 02:56:00,569797.0,571271.8969178832,571272.0,0.0,1475.0,1475.0,False
2019-01-13 02:57:00,565885.0,575515.7809650564,575516.0,0.0,9631.0,9631.0,False
2019-01-13 02:58:00,563263.0,563882.1359058266,563883.0,0.0,620.0,620.0,False
2019-01-13 02:59:00,579371.0,576128.9502457331,576129.0,3242.0,0.0,32420.0,False
2019-01-13 03:00:00,684484.0,664568.8242974642,664569.0,19915.0,0.0,199150.0,False
2019-01-13 03:01:00,602308.0,627911.5219817765,627912.0,0.0,25604.0,25604.0,False
2019-01-13 03:02:00,584196.0,588379.2988925744,588380.0,0.0,4184.0,4184.0,False
2019-01-13 03:03:00,570592.0,602777.9248764182,602778.0,0.0,32186.0,32186.0,False
2019-01-13 03:04:00,577479.0,628900.9365875372,628901.0,0.0,51422.0,51422.0,False
2019-01-13 03:05:00,575308.0,668393.3813717244,668394.0,0.0,93086.0,93086.0,False
2019-01-13 03:06:00,565183.0,663220.9953639965,663221.0,0.0,98038.0,98038.0,False
2019-01-13 03:07:00,641780.0,607281.3940463153,607282.0,34498.0,0.0,344980.0,False
2019-01-13 03:08:00,653098.0,591750.7686136015,591751.0,61347.0,0.0,613470.0,False
2019-01-13 03:09:00,661960.0,641949.7550553853,641950.0,20010.0,0.0,200100.0,False
2019-01-13 03:10:00,613251.0,759572.1242315785,759573.0,0.0,146322.0,146322.0,False
2019-01-13 03:11:00,550134.0,718400.6388504026,718401.0,0.0,168267.0,168267.0,False
2019-01-13 03:12:00,584885.0,674761.8444238405,674762.0,0.0,89877.0,89877.0,False
2019-01-13 03:13:00,685565.0,642313.6057731652,642314.0,43251.0,0.0,432510.0,False
2019-01-13 03:14:00,684660.0,655260.2883813491,655261.0,29399.0,0.0,293990.0,False
2019-01-13 03:15:00,615173.0,700046.908484634,700047.0,0.0,84874.0,84874.0,False
2019-01-13 03:16:00,578227.0,710489.352690933,710490.0,0.0,132263.0,132263.0,False
2019-01-13 03:17:00,585410.0,716442.7003691877,716443.0,0.0,131033.0,131033.0,False
2019-01-13 03:18:00,579360.0,703706.1686593589,703707.0,0.0,124347.0,124347.0,False
2019-01-13 03:19:00,551394.0,701041.820142799,701042.0,0.0,149648.0,149648.0,False
2019-01-13 03:20:00,576327.0,709684.3523296752,709685.0,0.0,133358.0,133358.0,False
2019-01-13 03:21:00,559157.0,696173.5599166583,696174.0,0.0,137017.0,137017.0,False
2019-01-13 03:22:00,556611.0,689156.2621084711,689157.0,0.0,132546.0,132546.0,False
2019-01-13 03:23:00,559494.0,693240.0062001307,693241.0,0.0,133747.0,133747.0,False
2019-01-13 03:24:00,553837.0,683751.8006476627,683752.0,0.0,129915.0,129915.0,False
2019-01-13 03:25:00,562405.0,684786.8426093832,684787.0,0.0,122382.0,122382.0,False
2019-01-13 03:26:00,569908.0,685209.0486115369,685210.0,0.0,115302.0,115302.0,False
2019-01-13 03:27:00,556760.0,672030.8574823451,672031.0,0.0,115271.0,115271.0,False
2019-01-13 03:28:00,565964.0,661122.0096670233,661123.0,0.0,95159.0,95159.0,False
2019-01-13 03:29:00,539937.0,683673.1604952221,683674.0,0.0,143737.0,143737.0,False
2019-01-13 03:30:00,610193.0,753382.1837418752,753383.0,0.0,143190.0,143190.0,False
2019-01-13 03:31:00,572476.0,708332.7568181802,708333.0,0.0,135857.0,135857.0,False
2019-01-13 03:32:00,562699.0,706382.1513565516,706383.0,0.0,143684.0,143684.0,False
2019-01-13 03:33:00,566953.0,706208.2140439544,706209.0,0.0,139256.0,139256.0,False
2019-01-13 03:34:00,534505.0,693270.734291099,693271.0,0.0,158766.0,158766.0,False
2019-01-13 03:35:00,544447.0,714078.8340956069,714079.0,0.0,169632.0,169632.0,False
2019-01-13 03:36:00,561279.0,709106.1689189628,709107.0,0.0,147828.0,147828.0,False
2019-01-13 03:37:00,557919.0,703353.918934,703354.0,0.0,145435.0,145435.0,False
2019-01-13 03:38:00,548684.0,670727.207358942,670728.0,0.0,122044.0,122044.0,False
2019-01-13 03:39:00,544562.0,660174.966148833,660175.0,0.0,115613.0,115613.0,False
2019-01-13 03:40:00,583994.0,672699.3121085152,672700.0,0.0,88706.0,88706.0,False
2019-01-13 03:41:00,562095.0,643448.3456395159,643449.0,0.0,81354.0,81354.0,False
2019-01-13 03:42:00,553564.0,627611.521924957,627612.0,0.0,74048.0,74048.0,False
2019-01-13 03:43:00,549794.0,634578.070419287,634579.0,0.0,84785.0,84785.0,False
2019-01-13 03:44:00,568205.0,615765.734475835,615766.0,0.0,47561.0,47561.0,False
2019-01-13 03:45:00,576409.0,585279.3107158587,585280.0,0.0,8871.0,8871.0,False
2019-01-13 03:46:00,564478.0,563347.5313942933,563348.0,1130.0,0.0,11300.0,False
2019-01-13 03:47:00,562115.0,555651.3097323768,555652.0,6463.0,0.0,64630.0,False
2019-01-13 03:48:00,578601.0,558998.3767290288,558999.0,19602.0,0.0,196020.0,False
2019-01-13 03:49:00,569954.0,552652.9082190368,552653.0,17301.0,0.0,173010.0,False
2019-01-13 03:50:00,593605.0,604744.446644699,604745.0,0.0,11140.0,11140.0,False
2019-01-13 03:51:00,561041.0,566311.3721909309,566312.0,0.0,5271.0,5271.0,False
2019-01-13 03:52:00,559153.0,548520.0667934682,548521.0,10632.0,0.0,106320.0,False
2019-01-13 03:53:00,568945.0,553279.6096477336,553280.0,15665.0,0.0,156650.0,False
2019-01-13 03:54:00,577332.0,548761.6174237278,548762.0,28570.0,0.0,285700.0,False
2019-01-13 03:55:00,564350.0,548456.1337775225,548457.0,15893.0,0.0,158930.0,False
2019-01-13 03:56:00,553468.0,534486.593856747,534487.0,18981.0,0.0,189810.0,False
2019-01-13 03:57:00,563696.0,548129.8349856453,548130.0,15566.0,0.0,155660.0,False
2019-01-13 03:58:00,547748.0,546560.3729182908,546561.0,1187.0,0.0,11870.0,False
2019-01-13 03:59:00,552437.0,533639.6983605059,533640.0,18797.0,0.0,187970.0,False
2019-01-13 04:00:00,669960.0,636852.3212775384,636853.0,33107.0,0.0,331070.0,False
2019-01-13 04:01:00,578573.0,591219.7782236479,591220.0,0.0,12647.0,12647.0,False
2019-01-13 04:02:00,585354.0,560993.7391206862,560994.0,24360.0,0.0,243600.0,False
2019-01-13 04:03:00,592017.0,576174.6456890887,576175.0,15842.0,0.0,158420.0,False
2019-01-13 04:04:00,568339.0,565417.018095932,565418.0,2921.0,0.0,29210.0,False
2019-01-13 04:05:00,585107.0,577724.1492312726,577725.0,7382.0,0.0,73820.0,False
2019-01-13 04:06:00,583129.0,546673.8286483383,546674.0,36455.0,0.0,364550.0,False
2019-01-13 04:07:00,606753.0,547205.6575122336,547206.0,59547.0,0.0,595470.0,False
2019-01-13 04:08:00,574277.0,545807.7133513765,545808.0,28469.0,0.0,284690.0,False
2019-01-13 04:09:00,574815.0,538529.177009191,538530.0,36285.0,0.0,362850.0,False
2019-01-13 04:10:00,588497.0,555337.1292891224,555338.0,33159.0,0.0,331590.0,False
2019-01-13 04:11:00,574414.0,544189.2995456327,544190.0,30224.0,0.0,302240.0,False
2019-01-13 04:12:00,577868.0,546064.5692868951,546065.0,31803.0,0.0,318030.0,False
2019-01-13 04:13:00,584549.0,549335.5780733266,549336.0,35213.0,0.0,352130.0,False
2019-01-13 04:14:00,573266.0,547235.4572214336,547236.0,26030.0,0.0,260300.0,False
2019-01-13 04:15:00,598517.0,576904.9934548539,576905.0,21612.0,0.0,216120.0,False
2019-01-13 04:16:00,580848.0,559633.4075897986,559634.0,21214.0,0.0,212140.0,False
2019-01-13 04:17:00,585995.0,560200.2342184924,560201.0,25794.0,0.0,257940.0,False
2019-01-13 04:18:00,576863.0,554817.2066043884,554818.0,22045.0,0.0,220450.0,False
2019-01-13 04:19:00,583686.0,547223.542548311,547224.0,36462.0,0.0,364620.0,False
2019-01-13 04:20:00,587103.0,568589.0076754887,568590.0,18513.0,0.0,185130.0,False
2019-01-13 04:21:00,596661.0,547005.8687089639,547006.0,49655.0,0.0,496550.0,False
2019-01-13 04:22:00,576193.0,539584.149194577,539585.0,36608.0,0.0,366080.0,False
2019-01-13 04:23:00,565917.0,538868.7326156164,538869.0,27048.0,0.0,270480.0,False
2019-01-13 04:24:00,576604.0,526281.1811421032,526282.0,50322.0,0.0,503220.0,False
2019-01-13 04:25:00,578691.0,535438.4164079998,535439.0,43252.0,0.0,432520.0,False
2019-01-13 04:26:00,563611.0,519309.6602095052,519310.0,44301.0,0.0,443010.0,False
2019-01-13 04:27:00,564166.0,522019.08575970354,522020.0,42146.0,0.0,421460.0,False
2019-01-13 04:28:00,577151.0,522774.56765369326,522775.0,54376.0,0.0,543760.0,False
2019-01-13 04:29:00,588006.0,535660.0389122685,535661.0,52345.0,0.0,523450.0,False
2019-01-13 04:30:00,649967.0,586886.7566228354,586887.0,63080.0,0.0,630800.0,False
2019-01-13 04:31:00,606452.0,568082.4797508209,568083.0,38369.0,0.0,383690.0,False
2019-01-13 04:32:00,608338.0,551425.5363105637,551426.0,56912.0,0.0,569120.0,False
2019-01-13 04:33:00,617334.0,555500.5811232869,555501.0,61833.0,0.0,618330.0,False
2019-01-13 04:34:00,608066.0,547130.3320505816,547131.0,60935.0,0.0,609350.0,False
2019-01-13 04:35:00,608997.0,562811.4574136587,562812.0,46185.0,0.0,461850.0,False
2019-01-13 04:36:00,591414.0,557896.0339207466,557897.0,33517.0,0.0,335170.0,False
2019-01-13 04:37:00,583633.0,558995.3684582722,558996.0,24637.0,0.0,246370.0,False
2019-01-13 04:38:00,570710.0,565190.0329848909,565191.0,5519.0,0.0,55190.0,False
2019-01-13 04:39:00,591377.0,555825.6542289795,555826.0,35551.0,0.0,355510.0,False
2019-01-13 04:40:00,618459.0,581696.3361748639,581697.0,36762.0,0.0,367620.0,False
2019-01-13 04:41:00,596596.0,560744.2669153952,560745.0,35851.0,0.0,358510.0,False
2019-01-13 04:42:00,615202.0,560169.5058220148,560170.0,55032.0,0.0,550320.0,False
2019-01-13 04:43:00,612304.0,584782.827111985,584783.0,27521.0,0.0,275210.0,False
2019-01-13 04:44:00,592835.0,601285.6173300216,601286.0,0.0,8451.0,8451.0,False
2019-01-13 04:45:00,617545.0,636162.6323643166,636163.0,0.0,18618.0,18618.0,False
2019-01-13 04:46:00,603454.0,626320.1878788681,626321.0,0.0,22867.0,22867.0,False
2019-01-13 04:47:00,602063.0,629884.6316895018,629885.0,0.0,27822.0,27822.0,False
2019-01-13 04:48:00,601198.0,642391.040216777,642392.0,0.0,41194.0,41194.0,False
2019-01-13 04:49:00,602549.0,633044.5963421171,633045.0,0.0,30496.0,30496.0,False
2019-01-13 04:50:00,612405.0,669624.9870153617,669625.0,0.0,57220.0,57220.0,False
2019-01-13 04:51:00,580951.0,668243.2104833879,668244.0,0.0,87293.0,87293.0,False
2019-01-13 04:52:00,595397.0,652172.0156234552,652173.0,0.0,56776.0,56776.0,False
2019-01-13 04:53:00,581151.0,631740.2008471871,631741.0,0.0,50590.0,50590.0,False
2019-01-13 04:54:00,595774.0,634914.6710744257,634915.0,0.0,39141.0,39141.0,False
2019-01-13 04:55:00,607339.0,642714.4606239692,642715.0,0.0,35376.0,35376.0,False
2019-01-13 04:56:00,592368.0,637888.7926118831,637889.0,0.0,45521.0,45521.0,False
2019-01-13 04:57:00,599395.0,631232.8757506174,631233.0,0.0,31838.0,31838.0,False
2019-01-13 04:58:00,609048.0,625677.5056993105,625678.0,0.0,16630.0,16630.0,False
2019-01-13 04:59:00,610804.0,638905.4515051313,638906.0,0.0,28102.0,28102.0,False
2019-01-13 05:00:00,732195.0,743763.2358997707,743764.0,0.0,11569.0,11569.0,False
2019-01-13 05:01:00,717513.0,716198.0906608705,716199.0,1314.0,0.0,13140.0,False
2019-01-13 05:02:00,722563.0,676360.1708648927,676361.0,46202.0,0.0,462020.0,False
2019-01-13 05:03:00,741830.0,673869.3603996419,673870.0,67960.0,0.0,679600.0,False
2019-01-13 05:04:00,751019.0,667666.0619498957,667667.0,83352.0,0.0,833520.0,False
2019-01-13 05:05:00,661808.0,705018.5710331537,705019.0,0.0,43211.0,43211.0,False
2019-01-13 05:06:00,614473.0,671386.6867113176,671387.0,0.0,56914.0,56914.0,False
2019-01-13 05:07:00,588127.0,733527.0098405199,733528.0,0.0,145401.0,145401.0,False
2019-01-13 05:08:00,608823.0,801242.2422892313,801243.0,0.0,192420.0,192420.0,False
2019-01-13 05:09:00,627550.0,773852.1910344004,773853.0,0.0,146303.0,146303.0,False
2019-01-13 05:10:00,645055.0,730877.528333903,730878.0,0.0,85823.0,85823.0,False
2019-01-13 05:11:00,608991.0,703459.2997957437,703460.0,0.0,94469.0,94469.0,False
2019-01-13 05:12:00,610630.0,758395.1085961552,758396.0,0.0,147766.0,147766.0,False
2019-01-13 05:13:00,588124.0,798630.9130263159,798631.0,0.0,210507.0,210507.0,False
2019-01-13 05:14:00,612467.0,796783.65997679,796784.0,0.0,184317.0,184317.0,False
2019-01-13 05:15:00,650283.0,771613.7288840704,771614.0,0.0,121331.0,121331.0,False
2019-01-13 05:16:00,650095.0,738021.3009613492,738022.0,0.0,87927.0,87927.0,False
2019-01-13 05:17:00,767211.0,724171.3182442848,724172.0,43039.0,0.0,430390.0,False
2019-01-13 05:18:00,710773.0,752041.1703475702,752042.0,0.0,41269.0,41269.0,False
2019-01-13 05:19:00,758610.0,758866.1332942118,758867.0,0.0,257.0,257.0,False
2019-01-13 05:20:00,709911.0,805323.3694851683,805324.0,0.0,95413.0,95413.0,False
2019-01-13 05:21:00,637193.0,804006.7318910143,804007.0,0.0,166814.0,166814.0,False
2019-01-13 05:22:00,621590.0,789074.9499994849,789075.0,0.0,167485.0,167485.0,False
2019-01-13 05:23:00,629886.0,798001.9627674157,798002.0,0.0,168116.0,168116.0,False
2019-01-13 05:24:00,634318.0,808880.784720993,808881.0,0.0,174563.0,174563.0,False
2019-01-13 05:25:00,621597.0,780510.9178974014,780511.0,0.0,158914.0,158914.0,False
2019-01-13 05:26:00,595409.0,769435.5189372548,769436.0,0.0,174027.0,174027.0,False
2019-01-13 05:27:00,602657.0,757303.4042849757,757304.0,0.0,154647.0,154647.0,False
2019-01-13 05:28:00,621571.0,749733.4089832924,749734.0,0.0,128163.0,128163.0,False
2019-01-13 05:29:00,601322.0,768971.7773919698,768972.0,0.0,167650.0,167650.0,False
2019-01-13 05:30:00,649869.0,812303.1955508897,812304.0,0.0,162435.0,162435.0,False
2019-01-13 05:31:00,618667.0,775082.3231549851,775083.0,0.0,156416.0,156416.0,False
2019-01-13 05:32:00,604085.0,764490.7142772209,764491.0,0.0,160406.0,160406.0,False
2019-01-13 05:33:00,623407.0,768505.1939805623,768506.0,0.0,145099.0,145099.0,False
2019-01-13 05:34:00,586706.0,759470.5368115439,759471.0,0.0,172765.0,172765.0,False
2019-01-13 05:35:00,589676.0,750658.878119238,750659.0,0.0,160983.0,160983.0,False
2019-01-13 05:36:00,600012.0,743972.4561734422,743973.0,0.0,143961.0,143961.0,False
2019-01-13 05:37:00,586264.0,741607.0756894451,741608.0,0.0,155344.0,155344.0,False
2019-01-13 05:38:00,586200.0,723916.6462539026,723917.0,0.0,137717.0,137717.0,False
2019-01-13 05:39:00,589201.0,721195.8840891256,721196.0,0.0,131995.0,131995.0,False
2019-01-13 05:40:00,600267.0,740297.0340564846,740298.0,0.0,140031.0,140031.0,False
2019-01-13 05:41:00,554479.0,726687.4209224246,726688.0,0.0,172209.0,172209.0,False
2019-01-13 05:42:00,590310.0,729247.0109157021,729248.0,0.0,138938.0,138938.0,False
2019-01-13 05:43:00,604907.0,745816.6727122004,745817.0,0.0,140910.0,140910.0,False
2019-01-13 05:44:00,583642.0,708250.0962031303,708251.0,0.0,124609.0,124609.0,False
2019-01-13 05:45:00,608570.0,716927.544959206,716928.0,0.0,108358.0,108358.0,False
2019-01-13 05:46:00,617243.0,703152.0473948098,703153.0,0.0,85910.0,85910.0,False
2019-01-13 05:47:00,646777.0,724228.0867478611,724229.0,0.0,77452.0,77452.0,False
2019-01-13 05:48:00,614726.0,679091.0264037484,679092.0,0.0,64366.0,64366.0,False
2019-01-13 05:49:00,604789.0,669027.8171287925,669028.0,0.0,64239.0,64239.0,False
2019-01-13 05:50:00,639716.0,628178.9930955836,628179.0,11537.0,0.0,115370.0,False
2019-01-13 05:51:00,622342.0,598447.443819592,598448.0,23894.0,0.0,238940.0,False
2019-01-13 05:52:00,613172.0,583385.184486466,583386.0,29786.0,0.0,297860.0,False
2019-01-13 05:53:00,604293.0,581507.5203114196,581508.0,22785.0,0.0,227850.0,False
2019-01-13 05:54:00,605755.0,591664.9793168121,591665.0,14090.0,0.0,140900.0,False
2019-01-13 05:55:00,616946.0,600776.311309651,600777.0,16169.0,0.0,161690.0,False
2019-01-13 05:56:00,595702.0,597382.8900768557,597383.0,0.0,1681.0,1681.0,False
2019-01-13 05:57:00,605071.0,593600.9386262756,593601.0,11470.0,0.0,114700.0,False
2019-01-13 05:58:00,605050.0,592436.2787601504,592437.0,12613.0,0.0,126130.0,False
2019-01-13 05:59:00,597568.0,599084.1075561828,599085.0,0.0,1517.0,1517.0,False
2019-01-13 06:00:00,724660.0,709759.7068909585,709760.0,14900.0,0.0,149000.0,False
2019-01-13 06:01:00,680876.0,646310.2608316315,646311.0,34565.0,0.0,345650.0,False
2019-01-13 06:02:00,670435.0,633929.5036183003,633930.0,36505.0,0.0,365050.0,False
2019-01-13 06:03:00,688069.0,627692.9336580721,627693.0,60376.0,0.0,603760.0,False
2019-01-13 06:04:00,642294.0,612011.6282174351,612012.0,30282.0,0.0,302820.0,False
2019-01-13 06:05:00,753618.0,612044.4910270143,612045.0,141573.0,0.0,1415730.0,False
2019-01-13 06:06:00,717103.0,650666.0526390186,650667.0,66436.0,0.0,664360.0,False
2019-01-13 06:07:00,635550.0,720923.2529678086,720924.0,0.0,85374.0,85374.0,False
2019-01-13 06:08:00,748748.0,765190.8820569946,765191.0,0.0,16443.0,16443.0,False
2019-01-13 06:09:00,757991.0,772327.4314619212,772328.0,0.0,14337.0,14337.0,False
2019-01-13 06:10:00,663939.0,832301.8749966777,832302.0,0.0,168363.0,168363.0,False
2019-01-13 06:11:00,630818.0,759316.4805318526,759317.0,0.0,128499.0,128499.0,False
2019-01-13 06:12:00,647969.0,719110.3601574278,719111.0,0.0,71142.0,71142.0,False
2019-01-13 06:13:00,628734.0,709513.3830396023,709514.0,0.0,80780.0,80780.0,False
2019-01-13 06:14:00,629535.0,707397.6872053344,707398.0,0.0,77863.0,77863.0,False
2019-01-13 06:15:00,665587.0,728093.6044401135,728094.0,0.0,62507.0,62507.0,False
2019-01-13 06:16:00,666661.0,703372.7179327811,703373.0,0.0,36712.0,36712.0,False
2019-01-13 06:17:00,655939.0,701159.6937220697,701160.0,0.0,45221.0,45221.0,False
2019-01-13 06:18:00,665961.0,710541.6411036099,710542.0,0.0,44581.0,44581.0,False
2019-01-13 06:19:00,616448.0,678247.8911134433,678248.0,0.0,61800.0,61800.0,False
2019-01-13 06:20:00,627423.0,714040.2247959125,714041.0,0.0,86618.0,86618.0,False
2019-01-13 06:21:00,645704.0,679103.1007150192,679104.0,0.0,33400.0,33400.0,False
2019-01-13 06:22:00,623887.0,679174.0259696579,679175.0,0.0,55288.0,55288.0,False
2019-01-13 06:23:00,632912.0,689822.9024446377,689823.0,0.0,56911.0,56911.0,False
2019-01-13 06:24:00,628671.0,696272.0650481984,696273.0,0.0,67602.0,67602.0,False
2019-01-13 06:25:00,587226.0,695243.6010865128,695244.0,0.0,108018.0,108018.0,False
2019-01-13 06:26:00,575169.0,678981.2365299356,678982.0,0.0,103813.0,103813.0,False
2019-01-13 06:27:00,607609.0,684796.3301019063,684797.0,0.0,77188.0,77188.0,False
2019-01-13 06:28:00,618213.0,678312.9342267783,678313.0,0.0,60100.0,60100.0,False
2019-01-13 06:29:00,610797.0,662465.9514183769,662466.0,0.0,51669.0,51669.0,False
2019-01-13 06:30:00,652365.0,711735.4779142588,711736.0,0.0,59371.0,59371.0,False
2019-01-13 06:31:00,650507.0,688366.110774338,688367.0,0.0,37860.0,37860.0,False
2019-01-13 06:32:00,638787.0,674148.828449277,674149.0,0.0,35362.0,35362.0,False
2019-01-13 06:33:00,624222.0,681480.1530646142,681481.0,0.0,57259.0,57259.0,False
2019-01-13 06:34:00,616822.0,691186.2116741873,691187.0,0.0,74365.0,74365.0,False
2019-01-13 06:35:00,639793.0,695956.6618959361,695957.0,0.0,56164.0,56164.0,False
2019-01-13 06:36:00,624149.0,657930.6710893194,657931.0,0.0,33782.0,33782.0,False
2019-01-13 06:37:00,627433.0,633202.1237894872,633203.0,0.0,5770.0,5770.0,False
2019-01-13 06:38:00,625242.0,630824.7547097136,630825.0,0.0,5583.0,5583.0,False
2019-01-13 06:39:00,599064.0,655805.883662472,655806.0,0.0,56742.0,56742.0,False
2019-01-13 06:40:00,656222.0,681638.1083675085,681639.0,0.0,25417.0,25417.0,False
2019-01-13 06:41:00,646090.0,623858.6980286934,623859.0,22231.0,0.0,222310.0,False
2019-01-13 06:42:00,653355.0,602795.7585930624,602796.0,50559.0,0.0,505590.0,False
2019-01-13 06:43:00,655620.0,606649.4895600358,606650.0,48970.0,0.0,489700.0,False
2019-01-13 06:44:00,636247.0,607116.400646141,607117.0,29130.0,0.0,291300.0,False
2019-01-13 06:45:00,664884.0,624612.138202948,624613.0,40271.0,0.0,402710.0,False
2019-01-13 06:46:00,643296.0,621923.6871814514,621924.0,21372.0,0.0,213720.0,False
2019-01-13 06:47:00,619513.0,627893.6271412193,627894.0,0.0,8381.0,8381.0,False
2019-01-13 06:48:00,627254.0,620376.6221406758,620377.0,6877.0,0.0,68770.0,False
2019-01-13 06:49:00,625217.0,619465.4337983744,619466.0,5751.0,0.0,57510.0,False
2019-01-13 06:50:00,654182.0,648644.7432703902,648645.0,5537.0,0.0,55370.0,False
2019-01-13 06:51:00,632116.0,625127.5990586833,625128.0,6988.0,0.0,69880.0,False
2019-01-13 06:52:00,627322.0,619116.8643794219,619117.0,8205.0,0.0,82050.0,False
2019-01-13 06:53:00,654934.0,623686.2954373881,623687.0,31247.0,0.0,312470.0,False
2019-01-13 06:54:00,663369.0,651637.6926308497,651638.0,11731.0,0.0,117310.0,False
2019-01-13 06:55:00,681755.0,616097.666021051,616098.0,65657.0,0.0,656570.0,False
2019-01-13 06:56:00,642385.0,604634.8949229518,604635.0,37750.0,0.0,377500.0,False
2019-01-13 06:57:00,645706.0,594448.6506863441,594449.0,51257.0,0.0,512570.0,False
2019-01-13 06:58:00,650840.0,590015.8450385015,590016.0,60824.0,0.0,608240.0,False
2019-01-13 06:59:00,640297.0,607411.0002534552,607412.0,32885.0,0.0,328850.0,False
2019-01-13 07:00:00,742022.0,727816.6697390823,727817.0,14205.0,0.0,142050.0,False
2019-01-13 07:01:00,681416.0,680460.9802443632,680461.0,955.0,0.0,9550.0,False
2019-01-13 07:02:00,724260.0,658707.932670382,658708.0,65552.0,0.0,655520.0,False
2019-01-13 07:03:00,715798.0,675680.9448492429,675681.0,40117.0,0.0,401170.0,False
2019-01-13 07:04:00,683308.0,674441.3257257122,674442.0,8866.0,0.0,88660.0,False
2019-01-13 07:05:00,711024.0,695762.8940858915,695763.0,15261.0,0.0,152610.0,False
2019-01-13 07:06:00,739637.0,740847.7923356983,740848.0,0.0,1211.0,1211.0,False
2019-01-13 07:07:00,766157.0,727507.198792505,727508.0,38649.0,0.0,386490.0,False
2019-01-13 07:08:00,746872.0,743979.6031412005,743980.0,2892.0,0.0,28920.0,False
2019-01-13 07:09:00,759099.0,797681.8037498877,797682.0,0.0,38583.0,38583.0,False
2019-01-13 07:10:00,711834.0,792685.1769640532,792686.0,0.0,80852.0,80852.0,False
2019-01-13 07:11:00,677521.0,764121.0171991804,764122.0,0.0,86601.0,86601.0,False
2019-01-13 07:12:00,676539.0,771485.3387389532,771486.0,0.0,94947.0,94947.0,False
2019-01-13 07:13:00,670000.0,731764.0135458943,731765.0,0.0,61765.0,61765.0,False
2019-01-13 07:14:00,664100.0,682277.9330650192,682278.0,0.0,18178.0,18178.0,False
2019-01-13 07:15:00,699742.0,688118.3445152711,688119.0,11623.0,0.0,116230.0,False
2019-01-13 07:16:00,679937.0,675779.8052191836,675780.0,4157.0,0.0,41570.0,False
2019-01-13 07:17:00,674485.0,684069.5586519308,684070.0,0.0,9585.0,9585.0,False
2019-01-13 07:18:00,660232.0,689413.7507981082,689414.0,0.0,29182.0,29182.0,False
2019-01-13 07:19:00,678163.0,684951.2925077504,684952.0,0.0,6789.0,6789.0,False
2019-01-13 07:20:00,701024.0,701507.6280395756,701508.0,0.0,484.0,484.0,False
2019-01-13 07:21:00,697213.0,700704.8812699509,700705.0,0.0,3492.0,3492.0,False
2019-01-13 07:22:00,719911.0,701484.1490536237,701485.0,18426.0,0.0,184260.0,False
2019-01-13 07:23:00,732760.0,714129.0220047736,714130.0,18630.0,0.0,186300.0,False
2019-01-13 07:24:00,676096.0,705033.1927485048,705034.0,0.0,28938.0,28938.0,False
2019-01-13 07:25:00,660739.0,714565.7005136602,714566.0,0.0,53827.0,53827.0,False
2019-01-13 07:26:00,656548.0,661597.5794631825,661598.0,0.0,5050.0,5050.0,False
2019-01-13 07:27:00,648827.0,688936.3365005158,688937.0,0.0,40110.0,40110.0,False
2019-01-13 07:28:00,653967.0,666239.9783236374,666240.0,0.0,12273.0,12273.0,False
2019-01-13 07:29:00,665825.0,655865.2829239494,655866.0,9959.0,0.0,99590.0,False
2019-01-13 07:30:00,734432.0,719642.2209014833,719643.0,14789.0,0.0,147890.0,False
2019-01-13 07:31:00,702256.0,718402.4099600074,718403.0,0.0,16147.0,16147.0,False
2019-01-13 07:32:00,711253.0,726585.1286308337,726586.0,0.0,15333.0,15333.0,False
2019-01-13 07:33:00,718298.0,709287.5662731826,709288.0,9010.0,0.0,90100.0,False
2019-01-13 07:34:00,671347.0,697863.7273748599,697864.0,0.0,26517.0,26517.0,False
2019-01-13 07:35:00,683693.0,694661.1767544717,694662.0,0.0,10969.0,10969.0,False
2019-01-13 07:36:00,667702.0,695921.295198789,695922.0,0.0,28220.0,28220.0,False
2019-01-13 07:37:00,670895.0,689752.6265265767,689753.0,0.0,18858.0,18858.0,False
2019-01-13 07:38:00,670731.0,703066.2180511549,703067.0,0.0,32336.0,32336.0,False
2019-01-13 07:39:00,651978.0,690300.0189783691,690301.0,0.0,38323.0,38323.0,False
2019-01-13 07:40:00,719251.0,715418.9785474067,715419.0,3832.0,0.0,38320.0,False
2019-01-13 07:41:00,737523.0,687843.5508423686,687844.0,49679.0,0.0,496790.0,False
2019-01-13 07:42:00,734237.0,656466.1892708532,656467.0,77770.0,0.0,777700.0,False
2019-01-13 07:43:00,672000.0,641214.5584716522,641215.0,30785.0,0.0,307850.0,False
2019-01-13 07:44:00,693397.0,620998.3205559542,620999.0,72398.0,0.0,723980.0,False
2019-01-13 07:45:00,701556.0,637795.3005375438,637796.0,63760.0,0.0,637600.0,False
2019-01-13 07:46:00,692926.0,634127.7632938001,634128.0,58798.0,0.0,587980.0,False
2019-01-13 07:47:00,704645.0,635791.6393132627,635792.0,68853.0,0.0,688530.0,False
2019-01-13 07:48:00,702494.0,633231.631678101,633232.0,69262.0,0.0,692620.0,False
2019-01-13 07:49:00,673073.0,619573.171285404,619574.0,53499.0,0.0,534990.0,False
2019-01-13 07:50:00,718088.0,639768.5035024752,639769.0,78319.0,0.0,783190.0,False
2019-01-13 07:51:00,671484.0,619235.7748308396,619236.0,52248.0,0.0,522480.0,False
2019-01-13 07:52:00,698860.0,630589.6155150865,630590.0,68270.0,0.0,682700.0,False
2019-01-13 07:53:00,681303.0,601184.6097565669,601185.0,80118.0,0.0,801180.0,False
2019-01-13 07:54:00,663596.0,605086.790151556,605087.0,58509.0,0.0,585090.0,False
2019-01-13 07:55:00,686195.0,632161.9962296747,632162.0,54033.0,0.0,540330.0,False
2019-01-13 07:56:00,684849.0,624272.8756050593,624273.0,60576.0,0.0,605760.0,False
2019-01-13 07:57:00,687237.0,603395.2608899532,603396.0,83841.0,0.0,838410.0,False
2019-01-13 07:58:00,690380.0,596575.4299476234,596576.0,93804.0,0.0,938040.0,False
2019-01-13 07:59:00,675470.0,615496.1713380802,615497.0,59973.0,0.0,599730.0,False
2019-01-13 08:00:00,761153.0,698185.1492803933,698186.0,62967.0,0.0,629670.0,False
2019-01-13 08:01:00,760333.0,686826.004814624,686827.0,73506.0,0.0,735060.0,False
2019-01-13 08:02:00,764895.0,654090.6659682146,654091.0,110804.0,0.0,1108040.0,False
2019-01-13 08:03:00,771924.0,649530.4969652036,649531.0,122393.0,0.0,1223930.0,False
2019-01-13 08:04:00,704353.0,647700.7702492874,647701.0,56652.0,0.0,566520.0,False
2019-01-13 08:05:00,704053.0,737998.5979147936,737999.0,0.0,33946.0,33946.0,False
2019-01-13 08:06:00,713287.0,767133.3670418886,767134.0,0.0,53847.0,53847.0,False
2019-01-13 08:07:00,731357.0,750720.8881091163,750721.0,0.0,19364.0,19364.0,False
2019-01-13 08:08:00,744953.0,805031.3728904065,805032.0,0.0,60079.0,60079.0,False
2019-01-13 08:09:00,754108.0,857211.2383223212,857212.0,0.0,103104.0,103104.0,False
2019-01-13 08:10:00,772037.0,736650.4366664272,736651.0,35386.0,0.0,353860.0,False
2019-01-13 08:11:00,747431.0,716472.8589509714,716473.0,30958.0,0.0,309580.0,False
2019-01-13 08:12:00,717670.0,716068.6042853247,716069.0,1601.0,0.0,16010.0,False
2019-01-13 08:13:00,679838.0,705307.7485593132,705308.0,0.0,25470.0,25470.0,False
2019-01-13 08:14:00,681592.0,730530.0279605072,730531.0,0.0,48939.0,48939.0,False
2019-01-13 08:15:00,686841.0,751284.7249788628,751285.0,0.0,64444.0,64444.0,False
2019-01-13 08:16:00,684786.0,702340.0555893625,702341.0,0.0,17555.0,17555.0,False
2019-01-13 08:17:00,682564.0,711847.4352922114,711848.0,0.0,29284.0,29284.0,False
2019-01-13 08:18:00,690881.0,732098.5267350626,732099.0,0.0,41218.0,41218.0,False
2019-01-13 08:19:00,674680.0,710110.3460523884,710111.0,0.0,35431.0,35431.0,False
2019-01-13 08:20:00,706845.0,732749.6591994271,732750.0,0.0,25905.0,25905.0,False
2019-01-13 08:21:00,683761.0,701233.9549809531,701234.0,0.0,17473.0,17473.0,False
2019-01-13 08:22:00,680013.0,702822.0935400155,702823.0,0.0,22810.0,22810.0,False
2019-01-13 08:23:00,675072.0,714155.9225355802,714156.0,0.0,39084.0,39084.0,False
2019-01-13 08:24:00,646895.0,710510.315454325,710511.0,0.0,63616.0,63616.0,False
2019-01-13 08:25:00,654577.0,712046.9141081288,712047.0,0.0,57470.0,57470.0,False
2019-01-13 08:26:00,636931.0,696791.1727240433,696792.0,0.0,59861.0,59861.0,False
2019-01-13 08:27:00,634606.0,720884.1200549875,720885.0,0.0,86279.0,86279.0,False
2019-01-13 08:28:00,666021.0,678998.5804045111,678999.0,0.0,12978.0,12978.0,False
2019-01-13 08:29:00,662739.0,673189.969925073,673190.0,0.0,10451.0,10451.0,False
2019-01-13 08:30:00,717914.0,739916.7971867258,739917.0,0.0,22003.0,22003.0,False
2019-01-13 08:31:00,681754.0,699518.1852518234,699519.0,0.0,17765.0,17765.0,False
2019-01-13 08:32:00,688419.0,681346.7489978682,681347.0,7072.0,0.0,70720.0,False
2019-01-13 08:33:00,711021.0,693988.2176166783,693989.0,17032.0,0.0,170320.0,False
2019-01-13 08:34:00,664188.0,673323.9190118768,673324.0,0.0,9136.0,9136.0,False
2019-01-13 08:35:00,675517.0,711402.1272550888,711403.0,0.0,35886.0,35886.0,False
2019-01-13 08:36:00,653866.0,666807.9515685195,666808.0,0.0,12942.0,12942.0,False
2019-01-13 08:37:00,656281.0,649673.7988615332,649674.0,6607.0,0.0,66070.0,False
2019-01-13 08:38:00,667644.0,643303.0689170171,643304.0,24340.0,0.0,243400.0,False
2019-01-13 08:39:00,659059.0,659091.5661326923,659092.0,0.0,33.0,33.0,False
2019-01-13 08:40:00,663593.0,653777.243248091,653778.0,9815.0,0.0,98150.0,False
2019-01-13 08:41:00,652064.0,629198.8709531665,629199.0,22865.0,0.0,228650.0,False
2019-01-13 08:42:00,642851.0,639016.5140302131,639017.0,3834.0,0.0,38340.0,False
2019-01-13 08:43:00,635537.0,624016.8915560783,624017.0,11520.0,0.0,115200.0,False
2019-01-13 08:44:00,653078.0,611170.4532302386,611171.0,41907.0,0.0,419070.0,False
2019-01-13 08:45:00,696703.0,649822.1151468299,649823.0,46880.0,0.0,468800.0,False
2019-01-13 08:46:00,653622.0,659241.336896789,659242.0,0.0,5620.0,5620.0,False
2019-01-13 08:47:00,652582.0,667896.4401542877,667897.0,0.0,15315.0,15315.0,False
2019-01-13 08:48:00,666861.0,678718.0206533625,678719.0,0.0,11858.0,11858.0,False
2019-01-13 08:49:00,639711.0,662211.3395193848,662212.0,0.0,22501.0,22501.0,False
2019-01-13 08:50:00,685406.0,662707.8285846796,662708.0,22698.0,0.0,226980.0,False
2019-01-13 08:51:00,639091.0,664903.2781273916,664904.0,0.0,25813.0,25813.0,False
2019-01-13 08:52:00,628407.0,677357.1875964146,677358.0,0.0,48951.0,48951.0,False
2019-01-13 08:53:00,643458.0,683465.4964132248,683466.0,0.0,40008.0,40008.0,False
2019-01-13 08:54:00,662695.0,694391.2775170831,694392.0,0.0,31697.0,31697.0,False
2019-01-13 08:55:00,666477.0,688632.9888801667,688633.0,0.0,22156.0,22156.0,False
2019-01-13 08:56:00,654261.0,690224.217105652,690225.0,0.0,35964.0,35964.0,False
2019-01-13 08:57:00,661425.0,706358.0579658027,706359.0,0.0,44934.0,44934.0,False
2019-01-13 08:58:00,660900.0,683072.515453759,683073.0,0.0,22173.0,22173.0,False
2019-01-13 08:59:00,639730.0,668959.7198592313,668960.0,0.0,29230.0,29230.0,False
2019-01-13 09:00:00,725493.0,776975.1484183646,776976.0,0.0,51483.0,51483.0,False
2019-01-13 09:01:00,683483.0,736320.3840738594,736321.0,0.0,52838.0,52838.0,False
2019-01-13 09:02:00,678966.0,726552.6411240023,726553.0,0.0,47587.0,47587.0,False
2019-01-13 09:03:00,663831.0,711718.335304241,711719.0,0.0,47888.0,47888.0,False
2019-01-13 09:04:00,655216.0,698019.2781759853,698020.0,0.0,42804.0,42804.0,False
2019-01-13 09:05:00,720038.0,731799.715263511,731800.0,0.0,11762.0,11762.0,False
2019-01-13 09:06:00,786788.0,781905.2886846873,781906.0,4882.0,0.0,48820.0,True
2019-01-13 09:07:00,748748.0,782214.9064011557,782215.0,0.0,33467.0,33467.0,False
2019-01-13 09:08:00,764754.0,778884.3818162144,778885.0,0.0,14131.0,14131.0,False
2019-01-13 09:09:00,647056.0,836927.8186131127,836928.0,0.0,189872.0,189872.0,False
2019-01-13 09:10:00,704455.0,780183.7229910183,780184.0,0.0,75729.0,75729.0,False
2019-01-13 09:11:00,669764.0,727980.9751741093,727981.0,0.0,58217.0,58217.0,False
2019-01-13 09:12:00,632930.0,723233.8107114576,723234.0,0.0,90304.0,90304.0,False
2019-01-13 09:13:00,674175.0,710121.9606933573,710122.0,0.0,35947.0,35947.0,False
2019-01-13 09:14:00,663569.0,716466.9790020321,716467.0,0.0,52898.0,52898.0,False
2019-01-13 09:15:00,684839.0,738557.9910107772,738558.0,0.0,53719.0,53719.0,False
2019-01-13 09:16:00,672323.0,734138.0206614437,734139.0,0.0,61816.0,61816.0,False
2019-01-13 09:17:00,657420.0,733915.5144138526,733916.0,0.0,76496.0,76496.0,False
2019-01-13 09:18:00,656588.0,705460.5873280923,705461.0,0.0,48873.0,48873.0,False
2019-01-13 09:19:00,649600.0,715800.3673916999,715801.0,0.0,66201.0,66201.0,False
2019-01-13 09:20:00,679858.0,717439.8679032148,717440.0,0.0,37582.0,37582.0,False
2019-01-13 09:21:00,645161.0,691000.9343622908,691001.0,0.0,45840.0,45840.0,False
2019-01-13 09:22:00,661858.0,698619.4404987394,698620.0,0.0,36762.0,36762.0,False
2019-01-13 09:23:00,645617.0,692704.9124512804,692705.0,0.0,47088.0,47088.0,False
2019-01-13 09:24:00,631846.0,678805.4461487661,678806.0,0.0,46960.0,46960.0,False
2019-01-13 09:25:00,636462.0,693409.1862825458,693410.0,0.0,56948.0,56948.0,False
2019-01-13 09:26:00,656958.0,675706.2071738045,675707.0,0.0,18749.0,18749.0,False
2019-01-13 09:27:00,650967.0,690093.9926034231,690094.0,0.0,39127.0,39127.0,False
2019-01-13 09:28:00,650560.0,697593.6651534741,697594.0,0.0,47034.0,47034.0,False
2019-01-13 09:29:00,624244.0,684553.6097078816,684554.0,0.0,60310.0,60310.0,False
2019-01-13 09:30:00,680369.0,758288.5884639253,758289.0,0.0,77920.0,77920.0,False
2019-01-13 09:31:00,662725.0,713785.1520555762,713786.0,0.0,51061.0,51061.0,False
2019-01-13 09:32:00,631987.0,711324.1793156762,711325.0,0.0,79338.0,79338.0,False
2019-01-13 09:33:00,619847.0,715196.4828242827,715197.0,0.0,95350.0,95350.0,False
2019-01-13 09:34:00,621276.0,689603.9348771125,689604.0,0.0,68328.0,68328.0,False
2019-01-13 09:35:00,627818.0,690204.5937727481,690205.0,0.0,62387.0,62387.0,False
2019-01-13 09:36:00,618962.0,684968.0547599003,684969.0,0.0,66007.0,66007.0,False
2019-01-13 09:37:00,613680.0,688986.5616818009,688987.0,0.0,75307.0,75307.0,False
2019-01-13 09:38:00,630366.0,685635.2897454925,685636.0,0.0,55270.0,55270.0,False
2019-01-13 09:39:00,620035.0,700634.1029180923,700635.0,0.0,80600.0,80600.0,False
2019-01-13 09:40:00,661631.0,644081.6948590531,644082.0,17549.0,0.0,175490.0,False
2019-01-13 09:41:00,638480.0,630753.4893726276,630754.0,7726.0,0.0,77260.0,False
2019-01-13 09:42:00,639565.0,634417.5236963325,634418.0,5147.0,0.0,51470.0,False
2019-01-13 09:43:00,618730.0,622781.4404814291,622782.0,0.0,4052.0,4052.0,False
2019-01-13 09:44:00,638657.0,627627.8724865608,627628.0,11029.0,0.0,110290.0,False
2019-01-13 09:45:00,666555.0,671049.9190089395,671050.0,0.0,4495.0,4495.0,False
2019-01-13 09:46:00,650571.0,670779.1389676946,670780.0,0.0,20209.0,20209.0,False
2019-01-13 09:47:00,643882.0,680858.8580798053,680859.0,0.0,36977.0,36977.0,False
2019-01-13 09:48:00,633464.0,668338.9554106698,668339.0,0.0,34875.0,34875.0,False
2019-01-13 09:49:00,644343.0,659476.7800572787,659477.0,0.0,15134.0,15134.0,False
2019-01-13 09:50:00,667301.0,682660.5815207339,682661.0,0.0,15360.0,15360.0,False
2019-01-13 09:51:00,624309.0,667008.3367630962,667009.0,0.0,42700.0,42700.0,False
2019-01-13 09:52:00,649056.0,658615.1352987321,658616.0,0.0,9560.0,9560.0,False
2019-01-13 09:53:00,639491.0,631191.1841391644,631192.0,8299.0,0.0,82990.0,False
2019-01-13 09:54:00,635086.0,649628.3666854419,649629.0,0.0,14543.0,14543.0,False
2019-01-13 09:55:00,653897.0,645642.8079460614,645643.0,8254.0,0.0,82540.0,False
2019-01-13 09:56:00,638593.0,622592.8678828442,622593.0,16000.0,0.0,160000.0,False
2019-01-13 09:57:00,628351.0,612492.2573349453,612493.0,15858.0,0.0,158580.0,False
2019-01-13 09:58:00,623419.0,622056.4182095696,622057.0,1362.0,0.0,13620.0,False
2019-01-13 09:59:00,618989.0,641127.3217003462,641128.0,0.0,22139.0,22139.0,False
2019-01-13 10:00:00,737398.0,731380.0669621076,731381.0,6017.0,0.0,60170.0,False
2019-01-13 10:01:00,711902.0,671836.7093033815,671837.0,40065.0,0.0,400650.0,False
2019-01-13 10:02:00,708427.0,678780.0064137417,678781.0,29646.0,0.0,296460.0,False
2019-01-13 10:03:00,716722.0,671304.207947686,671305.0,45417.0,0.0,454170.0,False
2019-01-13 10:04:00,688071.0,686848.1356739247,686849.0,1222.0,0.0,12220.0,False
2019-01-13 10:05:00,717242.0,704791.1435003387,704792.0,12450.0,0.0,124500.0,False
2019-01-13 10:06:00,730550.0,703358.2545532865,703359.0,27191.0,0.0,271910.0,False
2019-01-13 10:07:00,715374.0,698789.4275566469,698790.0,16584.0,0.0,165840.0,False
2019-01-13 10:08:00,690267.0,690906.3833192509,690907.0,0.0,640.0,640.0,False
2019-01-13 10:09:00,721792.0,667946.9120001951,667947.0,53845.0,0.0,538450.0,False
2019-01-13 10:10:00,683737.0,720653.602477084,720654.0,0.0,36917.0,36917.0,False
2019-01-13 10:11:00,655956.0,716750.7360184634,716751.0,0.0,60795.0,60795.0,False
2019-01-13 10:12:00,637158.0,703211.9421791938,703212.0,0.0,66054.0,66054.0,False
2019-01-13 10:13:00,645805.0,687739.6041731464,687740.0,0.0,41935.0,41935.0,False
2019-01-13 10:14:00,634407.0,666068.1868385316,666069.0,0.0,31662.0,31662.0,False
2019-01-13 10:15:00,658724.0,698686.6694965194,698687.0,0.0,39963.0,39963.0,False
2019-01-13 10:16:00,651573.0,708023.4491073957,708024.0,0.0,56451.0,56451.0,False
2019-01-13 10:17:00,623285.0,708739.9193189213,708740.0,0.0,85455.0,85455.0,False
2019-01-13 10:18:00,650483.0,718625.5210098188,718626.0,0.0,68143.0,68143.0,False
2019-01-13 10:19:00,641362.0,715192.9635592754,715193.0,0.0,73831.0,73831.0,False
2019-01-13 10:20:00,658398.0,746661.5015397333,746662.0,0.0,88264.0,88264.0,False
2019-01-13 10:21:00,637255.0,736608.4949847327,736609.0,0.0,99354.0,99354.0,False
2019-01-13 10:22:00,636686.0,726154.6484945201,726155.0,0.0,89469.0,89469.0,False
2019-01-13 10:23:00,630693.0,730789.0299949466,730790.0,0.0,100097.0,100097.0,False
2019-01-13 10:24:00,615430.0,707081.6221915408,707082.0,0.0,91652.0,91652.0,False
2019-01-13 10:25:00,645330.0,725800.1608111889,725801.0,0.0,80471.0,80471.0,False
2019-01-13 10:26:00,626160.0,714025.6706958441,714026.0,0.0,87866.0,87866.0,False
2019-01-13 10:27:00,623951.0,697360.1614076082,697361.0,0.0,73410.0,73410.0,False
2019-01-13 10:28:00,613952.0,694470.8918357927,694471.0,0.0,80519.0,80519.0,False
2019-01-13 10:29:00,628236.0,707418.2773662364,707419.0,0.0,79183.0,79183.0,False
2019-01-13 10:30:00,683336.0,753465.3412202962,753466.0,0.0,70130.0,70130.0,False
2019-01-13 10:31:00,632697.0,688276.2151204087,688277.0,0.0,55580.0,55580.0,False
2019-01-13 10:32:00,622805.0,696341.9339009196,696342.0,0.0,73537.0,73537.0,False
2019-01-13 10:33:00,617582.0,676769.3749050201,676770.0,0.0,59188.0,59188.0,False
2019-01-13 10:34:00,612783.0,639116.1516024729,639117.0,0.0,26334.0,26334.0,False
2019-01-13 10:35:00,627331.0,687738.0530269248,687739.0,0.0,60408.0,60408.0,False
2019-01-13 10:36:00,610515.0,667804.6392531889,667805.0,0.0,57290.0,57290.0,False
2019-01-13 10:37:00,611329.0,661631.9164886315,661632.0,0.0,50303.0,50303.0,False
2019-01-13 10:38:00,647618.0,644581.9247087861,644582.0,3036.0,0.0,30360.0,False
2019-01-13 10:39:00,622119.0,660281.5423442855,660282.0,0.0,38163.0,38163.0,False
2019-01-13 10:40:00,679992.0,659830.602745471,659831.0,20161.0,0.0,201610.0,False
2019-01-13 10:41:00,652364.0,663604.6671331044,663605.0,0.0,11241.0,11241.0,False
2019-01-13 10:42:00,655902.0,687763.5732043613,687764.0,0.0,31862.0,31862.0,False
2019-01-13 10:43:00,633635.0,681098.7368346122,681099.0,0.0,47464.0,47464.0,False
2019-01-13 10:44:00,637382.0,698459.3906313024,698460.0,0.0,61078.0,61078.0,False
2019-01-13 10:45:00,669323.0,731600.3614367252,731601.0,0.0,62278.0,62278.0,False
2019-01-13 10:46:00,631715.0,714293.5847598019,714294.0,0.0,82579.0,82579.0,False
2019-01-13 10:47:00,636388.0,724546.5790157174,724547.0,0.0,88159.0,88159.0,False
2019-01-13 10:48:00,620846.0,732756.8091344713,732757.0,0.0,111911.0,111911.0,False
2019-01-13 10:49:00,629942.0,721213.4777636211,721214.0,0.0,91272.0,91272.0,False
2019-01-13 10:50:00,650769.0,727036.100299851,727037.0,0.0,76268.0,76268.0,False
2019-01-13 10:51:00,626510.0,720250.4735219508,720251.0,0.0,93741.0,93741.0,False
2019-01-13 10:52:00,632854.0,724517.9045066565,724518.0,0.0,91664.0,91664.0,False
2019-01-13 10:53:00,625060.0,719121.3723893843,719122.0,0.0,94062.0,94062.0,False
2019-01-13 10:54:00,621117.0,713906.6690859302,713907.0,0.0,92790.0,92790.0,False
2019-01-13 10:55:00,639438.0,713366.3782732021,713367.0,0.0,73929.0,73929.0,False
2019-01-13 10:56:00,611415.0,695541.1539340647,695542.0,0.0,84127.0,84127.0,False
2019-01-13 10:57:00,627507.0,689620.9311476487,689621.0,0.0,62114.0,62114.0,False
2019-01-13 10:58:00,609230.0,690078.752793979,690079.0,0.0,80849.0,80849.0,False
2019-01-13 10:59:00,614930.0,679289.0161847626,679290.0,0.0,64360.0,64360.0,False
2019-01-13 11:00:00,725337.0,789254.692266295,789255.0,0.0,63918.0,63918.0,False
2019-01-13 11:01:00,682411.0,738426.2439883276,738427.0,0.0,56016.0,56016.0,False
2019-01-13 11:02:00,663537.0,715456.4613883906,715457.0,0.0,51920.0,51920.0,False
2019-01-13 11:03:00,642260.0,711773.3963781182,711774.0,0.0,69514.0,69514.0,False
2019-01-13 11:04:00,629967.0,698714.8534413414,698715.0,0.0,68748.0,68748.0,False
2019-01-13 11:05:00,648462.0,700497.8021581359,700498.0,0.0,52036.0,52036.0,False
2019-01-13 11:06:00,714068.0,764186.4985721578,764187.0,0.0,50119.0,50119.0,False
2019-01-13 11:07:00,720571.0,754235.7978547709,754236.0,0.0,33665.0,33665.0,False
2019-01-13 11:08:00,684048.0,776751.7997689318,776752.0,0.0,92704.0,92704.0,False
2019-01-13 11:09:00,727708.0,765951.4528905951,765952.0,0.0,38244.0,38244.0,False
2019-01-13 11:10:00,690386.0,770930.7926108461,770931.0,0.0,80545.0,80545.0,False
2019-01-13 11:11:00,630915.0,727316.8931241473,727317.0,0.0,96402.0,96402.0,False
2019-01-13 11:12:00,627798.0,722219.0582165498,722220.0,0.0,94422.0,94422.0,False
2019-01-13 11:13:00,635876.0,693027.298947443,693028.0,0.0,57152.0,57152.0,False
2019-01-13 11:14:00,636610.0,682165.6357550157,682166.0,0.0,45556.0,45556.0,False
2019-01-13 11:15:00,659786.0,734051.4621589268,734052.0,0.0,74266.0,74266.0,False
2019-01-13 11:16:00,635159.0,697422.0885452278,697423.0,0.0,62264.0,62264.0,False
2019-01-13 11:17:00,617394.0,686217.2173488892,686218.0,0.0,68824.0,68824.0,False
2019-01-13 11:18:00,621548.0,683778.362250584,683779.0,0.0,62231.0,62231.0,False
2019-01-13 11:19:00,606165.0,687738.4219437558,687739.0,0.0,81574.0,81574.0,False
2019-01-13 11:20:00,655294.0,704929.644522311,704930.0,0.0,49636.0,49636.0,False
2019-01-13 11:21:00,635518.0,694642.2936229814,694643.0,0.0,59125.0,59125.0,False
2019-01-13 11:22:00,621572.0,670357.0410616406,670358.0,0.0,48786.0,48786.0,False
2019-01-13 11:23:00,619903.0,672779.7633145578,672780.0,0.0,52877.0,52877.0,False
2019-01-13 11:24:00,601904.0,669225.7750177553,669226.0,0.0,67322.0,67322.0,False
2019-01-13 11:25:00,620051.0,666013.5988715673,666014.0,0.0,45963.0,45963.0,False
2019-01-13 11:26:00,601785.0,674947.6768570719,674948.0,0.0,73163.0,73163.0,False
2019-01-13 11:27:00,604609.0,659969.8365621241,659970.0,0.0,55361.0,55361.0,False
2019-01-13 11:28:00,602073.0,654484.8075576446,654485.0,0.0,52412.0,52412.0,False
2019-01-13 11:29:00,606733.0,656259.1368545492,656260.0,0.0,49527.0,49527.0,False
2019-01-13 11:30:00,685358.0,735764.496103009,735765.0,0.0,50407.0,50407.0,False
2019-01-13 11:31:00,635989.0,698683.0642823261,698684.0,0.0,62695.0,62695.0,False
2019-01-13 11:32:00,614652.0,687939.7050994373,687940.0,0.0,73288.0,73288.0,False
2019-01-13 11:33:00,626400.0,689307.762478775,689308.0,0.0,62908.0,62908.0,False
2019-01-13 11:34:00,619131.0,676434.3364415645,676435.0,0.0,57304.0,57304.0,False
2019-01-13 11:35:00,623925.0,697640.3080071169,697641.0,0.0,73716.0,73716.0,False
2019-01-13 11:36:00,604437.0,672926.034216038,672927.0,0.0,68490.0,68490.0,False
2019-01-13 11:37:00,603052.0,665767.6002326168,665768.0,0.0,62716.0,62716.0,False
2019-01-13 11:38:00,598172.0,651489.075326491,651490.0,0.0,53318.0,53318.0,False
2019-01-13 11:39:00,598896.0,659403.7041665701,659404.0,0.0,60508.0,60508.0,False
2019-01-13 11:40:00,638908.0,674328.7831399773,674329.0,0.0,35421.0,35421.0,False
2019-01-13 11:41:00,598256.0,648853.4413758094,648854.0,0.0,50598.0,50598.0,False
2019-01-13 11:42:00,648457.0,641670.6284329162,641671.0,6786.0,0.0,67860.0,False
2019-01-13 11:43:00,638380.0,648463.4588418285,648464.0,0.0,10084.0,10084.0,False
2019-01-13 11:44:00,627501.0,642173.5745247785,642174.0,0.0,14673.0,14673.0,False
2019-01-13 11:45:00,657588.0,678800.2612241907,678801.0,0.0,21213.0,21213.0,False
2019-01-13 11:46:00,648007.0,664242.0544138106,664243.0,0.0,16236.0,16236.0,False
2019-01-13 11:47:00,629666.0,679428.0792606217,679429.0,0.0,49763.0,49763.0,False
2019-01-13 11:48:00,636926.0,679003.8673468572,679004.0,0.0,42078.0,42078.0,False
2019-01-13 11:49:00,638593.0,660373.2113984884,660374.0,0.0,21781.0,21781.0,False
2019-01-13 11:50:00,652785.0,679966.0806885511,679967.0,0.0,27182.0,27182.0,False
2019-01-13 11:51:00,620515.0,664277.8492266568,664278.0,0.0,43763.0,43763.0,False
2019-01-13 11:52:00,623563.0,677524.4534181074,677525.0,0.0,53962.0,53962.0,False
2019-01-13 11:53:00,624070.0,657846.3795507001,657847.0,0.0,33777.0,33777.0,False
2019-01-13 11:54:00,629549.0,671758.5798251253,671759.0,0.0,42210.0,42210.0,False
2019-01-13 11:55:00,630790.0,704463.1096320241,704464.0,0.0,73674.0,73674.0,False
2019-01-13 11:56:00,616685.0,666473.7110980224,666474.0,0.0,49789.0,49789.0,False
2019-01-13 11:57:00,611822.0,657429.3978114523,657430.0,0.0,45608.0,45608.0,False
2019-01-13 11:58:00,633042.0,637083.1784075976,637084.0,0.0,4042.0,4042.0,False
2019-01-13 11:59:00,618982.0,648495.0291530197,648496.0,0.0,29514.0,29514.0,False
2019-01-13 12:00:00,738557.0,775746.8645462682,775747.0,0.0,37190.0,37190.0,False
2019-01-13 12:01:00,671612.0,716004.0973379255,716005.0,0.0,44393.0,44393.0,False
2019-01-13 12:02:00,678134.0,719100.592919209,719101.0,0.0,40967.0,40967.0,False
2019-01-13 12:03:00,687847.0,697332.3253457211,697333.0,0.0,9486.0,9486.0,False
2019-01-13 12:04:00,650508.0,686169.0302129544,686170.0,0.0,35662.0,35662.0,False
2019-01-13 12:05:00,705419.0,750311.5891605618,750312.0,0.0,44893.0,44893.0,False
2019-01-13 12:06:00,733421.0,771876.614920046,771877.0,0.0,38456.0,38456.0,False
2019-01-13 12:07:00,714910.0,773613.4761548734,773614.0,0.0,58704.0,58704.0,False
2019-01-13 12:08:00,724544.0,793993.3084802802,793994.0,0.0,69450.0,69450.0,False
2019-01-13 12:09:00,688445.0,793792.9735039214,793793.0,0.0,105348.0,105348.0,False
2019-01-13 12:10:00,671089.0,748685.7218626516,748686.0,0.0,77597.0,77597.0,False
2019-01-13 12:11:00,636488.0,709121.5944942053,709122.0,0.0,72634.0,72634.0,False
2019-01-13 12:12:00,632173.0,686092.1664850813,686093.0,0.0,53920.0,53920.0,False
2019-01-13 12:13:00,623120.0,690747.8670584742,690748.0,0.0,67628.0,67628.0,False
2019-01-13 12:14:00,646911.0,691878.7477376225,691879.0,0.0,44968.0,44968.0,False
2019-01-13 12:15:00,664692.0,732446.4797244209,732447.0,0.0,67755.0,67755.0,False
2019-01-13 12:16:00,682082.0,717083.1668363938,717084.0,0.0,35002.0,35002.0,False
2019-01-13 12:17:00,686672.0,716121.9183167737,716122.0,0.0,29450.0,29450.0,False
2019-01-13 12:18:00,685927.0,723176.5125847037,723177.0,0.0,37250.0,37250.0,False
2019-01-13 12:19:00,648205.0,725446.174358518,725447.0,0.0,77242.0,77242.0,False
2019-01-13 12:20:00,668319.0,730412.279429954,730413.0,0.0,62094.0,62094.0,False
2019-01-13 12:21:00,634727.0,692583.083643508,692584.0,0.0,57857.0,57857.0,False
2019-01-13 12:22:00,629726.0,683153.1731211108,683154.0,0.0,53428.0,53428.0,False
2019-01-13 12:23:00,639412.0,686327.849769415,686328.0,0.0,46916.0,46916.0,False
2019-01-13 12:24:00,631580.0,698077.3832874531,698078.0,0.0,66498.0,66498.0,False
2019-01-13 12:25:00,670933.0,679090.7574875493,679091.0,0.0,8158.0,8158.0,False
2019-01-13 12:26:00,644529.0,672942.2358389313,672943.0,0.0,28414.0,28414.0,False
2019-01-13 12:27:00,604407.0,678104.7688605073,678105.0,0.0,73698.0,73698.0,False
2019-01-13 12:28:00,627967.0,666549.2945848968,666550.0,0.0,38583.0,38583.0,False
2019-01-13 12:29:00,627388.0,676382.3321133303,676383.0,0.0,48995.0,48995.0,False
2019-01-13 12:30:00,673660.0,740627.9753902834,740628.0,0.0,66968.0,66968.0,False
2019-01-13 12:31:00,664857.0,711331.1291821352,711332.0,0.0,46475.0,46475.0,False
2019-01-13 12:32:00,664154.0,710205.3786920221,710206.0,0.0,46052.0,46052.0,False
2019-01-13 12:33:00,633467.0,717578.8238526132,717579.0,0.0,84112.0,84112.0,False
2019-01-13 12:34:00,638712.0,707698.9951619485,707699.0,0.0,68987.0,68987.0,False
2019-01-13 12:35:00,640183.0,709924.8032676223,709925.0,0.0,69742.0,69742.0,False
2019-01-13 12:36:00,611914.0,716095.3748759725,716096.0,0.0,104182.0,104182.0,False
2019-01-13 12:37:00,600588.0,698989.1773397457,698990.0,0.0,98402.0,98402.0,False
2019-01-13 12:38:00,623615.0,685073.3505462753,685074.0,0.0,61459.0,61459.0,False
2019-01-13 12:39:00,617005.0,691994.1434670018,691995.0,0.0,74990.0,74990.0,False
2019-01-13 12:40:00,647124.0,711729.9661816543,711730.0,0.0,64606.0,64606.0,False
2019-01-13 12:41:00,603782.0,689429.463663232,689430.0,0.0,85648.0,85648.0,False
2019-01-13 12:42:00,616708.0,694388.4421076555,694389.0,0.0,77681.0,77681.0,False
2019-01-13 12:43:00,633942.0,710840.0538103137,710841.0,0.0,76899.0,76899.0,False
2019-01-13 12:44:00,631285.0,706369.58122252,706370.0,0.0,75085.0,75085.0,False
2019-01-13 12:45:00,660765.0,725621.721072077,725622.0,0.0,64857.0,64857.0,False
2019-01-13 12:46:00,660288.0,727311.9286390728,727312.0,0.0,67024.0,67024.0,False
2019-01-13 12:47:00,650397.0,723474.9121546578,723475.0,0.0,73078.0,73078.0,False
2019-01-13 12:48:00,634949.0,709969.0254630303,709970.0,0.0,75021.0,75021.0,False
2019-01-13 12:49:00,640612.0,717377.4110936397,717378.0,0.0,76766.0,76766.0,False
2019-01-13 12:50:00,659994.0,748221.0310072813,748222.0,0.0,88228.0,88228.0,False
2019-01-13 12:51:00,651323.0,730289.7971050441,730290.0,0.0,78967.0,78967.0,False
2019-01-13 12:52:00,640861.0,746560.3078798989,746561.0,0.0,105700.0,105700.0,False
2019-01-13 12:53:00,633585.0,738326.7996401467,738327.0,0.0,104742.0,104742.0,False
2019-01-13 12:54:00,638021.0,761669.7733799403,761670.0,0.0,123649.0,123649.0,False
2019-01-13 12:55:00,661599.0,753744.6437743013,753745.0,0.0,92146.0,92146.0,False
2019-01-13 12:56:00,646292.0,721710.3533707857,721711.0,0.0,75419.0,75419.0,False
2019-01-13 12:57:00,630524.0,703038.9405494563,703039.0,0.0,72515.0,72515.0,False
2019-01-13 12:58:00,633859.0,697853.8585067025,697854.0,0.0,63995.0,63995.0,False
2019-01-13 12:59:00,623645.0,696298.1981261381,696299.0,0.0,72654.0,72654.0,False
2019-01-13 13:00:00,748700.0,801233.9062583128,801234.0,0.0,52534.0,52534.0,False
2019-01-13 13:01:00,687942.0,745128.615361234,745129.0,0.0,57187.0,57187.0,False
2019-01-13 13:02:00,680631.0,745734.2139147079,745735.0,0.0,65104.0,65104.0,False
2019-01-13 13:03:00,670618.0,757368.726056913,757369.0,0.0,86751.0,86751.0,False
2019-01-13 13:04:00,668331.0,718107.9601554458,718108.0,0.0,49777.0,49777.0,False
2019-01-13 13:05:00,663013.0,723365.8503585686,723366.0,0.0,60353.0,60353.0,False
2019-01-13 13:06:00,689142.0,754503.3860220484,754504.0,0.0,65362.0,65362.0,False
2019-01-13 13:07:00,740876.0,770896.2111423523,770897.0,0.0,30021.0,30021.0,False
2019-01-13 13:08:00,762149.0,769770.7164771305,769771.0,0.0,7622.0,7622.0,False
2019-01-13 13:09:00,769978.0,800239.4273540818,800240.0,0.0,30262.0,30262.0,False
2019-01-13 13:10:00,695218.0,798782.2953160256,798783.0,0.0,103565.0,103565.0,False
2019-01-13 13:11:00,672596.0,794234.6024470244,794235.0,0.0,121639.0,121639.0,False
2019-01-13 13:12:00,658621.0,784250.9278251142,784251.0,0.0,125630.0,125630.0,False
2019-01-13 13:13:00,669088.0,749188.9877993283,749189.0,0.0,80101.0,80101.0,False
2019-01-13 13:14:00,650851.0,737110.2752008408,737111.0,0.0,86260.0,86260.0,False
2019-01-13 13:15:00,683204.0,754594.8874201217,754595.0,0.0,71391.0,71391.0,False
2019-01-13 13:16:00,681256.0,733342.5021587851,733343.0,0.0,52087.0,52087.0,False
2019-01-13 13:17:00,678090.0,730594.3182735818,730595.0,0.0,52505.0,52505.0,False
2019-01-13 13:18:00,679483.0,725609.3037337845,725610.0,0.0,46127.0,46127.0,False
2019-01-13 13:19:00,653077.0,731055.8286809459,731056.0,0.0,77979.0,77979.0,False
2019-01-13 13:20:00,682058.0,743480.9145478783,743481.0,0.0,61423.0,61423.0,False
2019-01-13 13:21:00,660120.0,728939.8831962808,728940.0,0.0,68820.0,68820.0,False
2019-01-13 13:22:00,657867.0,724498.917903112,724499.0,0.0,66632.0,66632.0,False
2019-01-13 13:23:00,658700.0,725906.0550523973,725907.0,0.0,67207.0,67207.0,False
2019-01-13 13:24:00,645084.0,725352.4548334196,725353.0,0.0,80269.0,80269.0,False
2019-01-13 13:25:00,672601.0,722770.3369067507,722771.0,0.0,50170.0,50170.0,False
2019-01-13 13:26:00,650250.0,718517.3383972707,718518.0,0.0,68268.0,68268.0,False
2019-01-13 13:27:00,652579.0,709835.465808843,709836.0,0.0,57257.0,57257.0,False
2019-01-13 13:28:00,650122.0,721023.4579741723,721024.0,0.0,70902.0,70902.0,False
2019-01-13 13:29:00,652723.0,724863.7527791731,724864.0,0.0,72141.0,72141.0,False
2019-01-13 13:30:00,705334.0,792953.1985228718,792954.0,0.0,87620.0,87620.0,False
2019-01-13 13:31:00,675274.0,755083.4416985721,755084.0,0.0,79810.0,79810.0,False
2019-01-13 13:32:00,657533.0,745584.7814998867,745585.0,0.0,88052.0,88052.0,False
2019-01-13 13:33:00,666870.0,744599.7575867125,744600.0,0.0,77730.0,77730.0,False
2019-01-13 13:34:00,655518.0,736093.6802511071,736094.0,0.0,80576.0,80576.0,False
2019-01-13 13:35:00,672598.0,759052.8952852583,759053.0,0.0,86455.0,86455.0,False
2019-01-13 13:36:00,655622.0,759238.9926392722,759239.0,0.0,103617.0,103617.0,False
2019-01-13 13:37:00,649490.0,755587.2436603844,755588.0,0.0,106098.0,106098.0,False
2019-01-13 13:38:00,667836.0,748106.5027883035,748107.0,0.0,80271.0,80271.0,False
2019-01-13 13:39:00,649817.0,724766.5918226445,724767.0,0.0,74950.0,74950.0,False
2019-01-13 13:40:00,678446.0,744882.8706516651,744883.0,0.0,66437.0,66437.0,False
2019-01-13 13:41:00,661511.0,701164.071255374,701165.0,0.0,39654.0,39654.0,False
2019-01-13 13:42:00,674716.0,696035.6797707656,696036.0,0.0,21320.0,21320.0,False
2019-01-13 13:43:00,662242.0,687110.9464490104,687111.0,0.0,24869.0,24869.0,False
2019-01-13 13:44:00,641646.0,694077.6092312989,694078.0,0.0,52432.0,52432.0,False
2019-01-13 13:45:00,681359.0,720936.6931620624,720937.0,0.0,39578.0,39578.0,False
2019-01-13 13:46:00,667668.0,703180.2039557511,703181.0,0.0,35513.0,35513.0,False
2019-01-13 13:47:00,658720.0,701707.1055059854,701708.0,0.0,42988.0,42988.0,False
2019-01-13 13:48:00,660008.0,693683.6824812507,693684.0,0.0,33676.0,33676.0,False
2019-01-13 13:49:00,656296.0,693892.0987630673,693893.0,0.0,37597.0,37597.0,False
2019-01-13 13:50:00,679899.0,723653.9219250154,723654.0,0.0,43755.0,43755.0,False
2019-01-13 13:51:00,649639.0,697899.0937218126,697900.0,0.0,48261.0,48261.0,False
2019-01-13 13:52:00,648444.0,688882.3443889542,688883.0,0.0,40439.0,40439.0,False
2019-01-13 13:53:00,654582.0,675683.5298427008,675684.0,0.0,21102.0,21102.0,False
2019-01-13 13:54:00,653210.0,656219.8178980036,656220.0,0.0,3010.0,3010.0,False
2019-01-13 13:55:00,673656.0,705719.0493486592,705720.0,0.0,32064.0,32064.0,False
2019-01-13 13:56:00,652266.0,682570.8864262749,682571.0,0.0,30305.0,30305.0,False
2019-01-13 13:57:00,645691.0,669166.5292417489,669167.0,0.0,23476.0,23476.0,False
2019-01-13 13:58:00,655673.0,673385.1432611325,673386.0,0.0,17713.0,17713.0,False
2019-01-13 13:59:00,650901.0,689500.8251990012,689501.0,0.0,38600.0,38600.0,False
2019-01-13 14:00:00,751842.0,790084.108970006,790085.0,0.0,38243.0,38243.0,False
2019-01-13 14:01:00,705909.0,725745.4777803813,725746.0,0.0,19837.0,19837.0,False
2019-01-13 14:02:00,691113.0,723943.2872923601,723944.0,0.0,32831.0,32831.0,False
2019-01-13 14:03:00,707401.0,714717.4946169215,714718.0,0.0,7317.0,7317.0,False
2019-01-13 14:04:00,688777.0,708084.3994328405,708085.0,0.0,19308.0,19308.0,False
2019-01-13 14:05:00,706575.0,716143.0598344922,716144.0,0.0,9569.0,9569.0,False
2019-01-13 14:06:00,670946.0,829579.6207750532,829580.0,0.0,158634.0,158634.0,False
2019-01-13 14:07:00,766913.0,938136.3631465104,938137.0,0.0,171224.0,171224.0,False
2019-01-13 14:08:00,773540.0,951878.4259626773,951879.0,0.0,178339.0,178339.0,False
2019-01-13 14:09:00,780902.0,824121.1674662337,824122.0,0.0,43220.0,43220.0,False
2019-01-13 14:10:00,772538.0,804080.8861059872,804081.0,0.0,31543.0,31543.0,False
2019-01-13 14:11:00,735948.0,765185.7254500778,765186.0,0.0,29238.0,29238.0,False
2019-01-13 14:12:00,699928.0,772121.4921404179,772122.0,0.0,72194.0,72194.0,False
2019-01-13 14:13:00,665835.0,771123.5211499253,771124.0,0.0,105289.0,105289.0,False
2019-01-13 14:14:00,656164.0,775408.7126806001,775409.0,0.0,119245.0,119245.0,False
2019-01-13 14:15:00,706922.0,805679.4395855811,805680.0,0.0,98758.0,98758.0,False
2019-01-13 14:16:00,697580.0,793136.2632948327,793137.0,0.0,95557.0,95557.0,False
2019-01-13 14:17:00,670848.0,787753.5923095378,787754.0,0.0,116906.0,116906.0,False
2019-01-13 14:18:00,670531.0,778285.1591501113,778286.0,0.0,107755.0,107755.0,False
2019-01-13 14:19:00,656887.0,778777.9419076275,778778.0,0.0,121891.0,121891.0,False
2019-01-13 14:20:00,683398.0,786535.1236802175,786536.0,0.0,103138.0,103138.0,False
2019-01-13 14:21:00,690678.0,762495.5176483057,762496.0,0.0,71818.0,71818.0,False
2019-01-13 14:22:00,646593.0,786292.8039917457,786293.0,0.0,139700.0,139700.0,False
2019-01-13 14:23:00,659387.0,795182.1432093468,795183.0,0.0,135796.0,135796.0,False
2019-01-13 14:24:00,659235.0,764562.8106313576,764563.0,0.0,105328.0,105328.0,False
2019-01-13 14:25:00,694911.0,754212.0025618958,754213.0,0.0,59302.0,59302.0,False
2019-01-13 14:26:00,664467.0,752517.3555803752,752518.0,0.0,88051.0,88051.0,False
2019-01-13 14:27:00,643551.0,741660.0037402445,741661.0,0.0,98110.0,98110.0,False
2019-01-13 14:28:00,649846.0,734664.5571603335,734665.0,0.0,84819.0,84819.0,False
2019-01-13 14:29:00,627330.0,731880.7260173903,731881.0,0.0,104551.0,104551.0,False
2019-01-13 14:30:00,725334.0,820923.951396747,820924.0,0.0,95590.0,95590.0,False
2019-01-13 14:31:00,674235.0,788452.1256680436,788453.0,0.0,114218.0,114218.0,False
2019-01-13 14:32:00,632654.0,780703.6458210525,780704.0,0.0,148050.0,148050.0,False
2019-01-13 14:33:00,621861.0,784788.2855626643,784789.0,0.0,162928.0,162928.0,False
2019-01-13 14:34:00,659051.0,778441.0237107804,778442.0,0.0,119391.0,119391.0,False
2019-01-13 14:35:00,671745.0,790618.933245247,790619.0,0.0,118874.0,118874.0,False
2019-01-13 14:36:00,659434.0,771327.8204145439,771328.0,0.0,111894.0,111894.0,False
2019-01-13 14:37:00,663618.0,735946.8170628604,735947.0,0.0,72329.0,72329.0,False
2019-01-13 14:38:00,664081.0,721960.7152183848,721961.0,0.0,57880.0,57880.0,False
2019-01-13 14:39:00,663055.0,691350.0358977362,691351.0,0.0,28296.0,28296.0,False
2019-01-13 14:40:00,689790.0,740584.0479828825,740585.0,0.0,50795.0,50795.0,False
2019-01-13 14:41:00,689541.0,696412.5384663148,696413.0,0.0,6872.0,6872.0,False
2019-01-13 14:42:00,657393.0,665712.4386133025,665713.0,0.0,8320.0,8320.0,False
2019-01-13 14:43:00,645293.0,661446.78198898,661447.0,0.0,16154.0,16154.0,False
2019-01-13 14:44:00,649219.0,663545.1708747046,663546.0,0.0,14327.0,14327.0,False
2019-01-13 14:45:00,675194.0,683487.9820472024,683488.0,0.0,8294.0,8294.0,False
2019-01-13 14:46:00,670386.0,681647.0061613116,681648.0,0.0,11262.0,11262.0,False
2019-01-13 14:47:00,668760.0,676751.9370230397,676752.0,0.0,7992.0,7992.0,False
2019-01-13 14:48:00,649360.0,666909.9844337531,666910.0,0.0,17550.0,17550.0,False
2019-01-13 14:49:00,659213.0,664284.6130503104,664285.0,0.0,5072.0,5072.0,False
2019-01-13 14:50:00,685972.0,691876.7213068039,691877.0,0.0,5905.0,5905.0,False
2019-01-13 14:51:00,663919.0,669680.5125177201,669681.0,0.0,5762.0,5762.0,False
2019-01-13 14:52:00,650105.0,652158.7035897557,652159.0,0.0,2054.0,2054.0,False
2019-01-13 14:53:00,648060.0,649695.1458341609,649696.0,0.0,1636.0,1636.0,False
2019-01-13 14:54:00,670213.0,641970.1443290098,641971.0,28242.0,0.0,282420.0,False
2019-01-13 14:55:00,677177.0,648310.5967878066,648311.0,28866.0,0.0,288660.0,False
2019-01-13 14:56:00,673261.0,636858.6506352603,636859.0,36402.0,0.0,364020.0,False
2019-01-13 14:57:00,668804.0,656445.3593111038,656446.0,12358.0,0.0,123580.0,False
2019-01-13 14:58:00,684670.0,627990.0672683087,627991.0,56679.0,0.0,566790.0,False
2019-01-13 14:59:00,662318.0,649845.615560764,649846.0,12472.0,0.0,124720.0,False
2019-01-13 15:00:00,770040.0,758364.9779271296,758365.0,11675.0,0.0,116750.0,False
2019-01-13 15:01:00,715240.0,691282.6928448027,691283.0,23957.0,0.0,239570.0,False
2019-01-13 15:02:00,712088.0,716258.7409820857,716259.0,0.0,4171.0,4171.0,False
2019-01-13 15:03:00,673879.0,724884.9015295875,724885.0,0.0,51006.0,51006.0,False
2019-01-13 15:04:00,703961.0,704853.3038367688,704854.0,0.0,893.0,893.0,False
2019-01-13 15:05:00,714973.0,775836.7318243358,775837.0,0.0,60864.0,60864.0,False
2019-01-13 15:06:00,724390.0,759358.1778781208,759359.0,0.0,34969.0,34969.0,False
2019-01-13 15:07:00,746656.0,757596.9710198775,757597.0,0.0,10941.0,10941.0,False
2019-01-13 15:08:00,732936.0,775881.8348889259,775882.0,0.0,42946.0,42946.0,False
2019-01-13 15:09:00,706986.0,774494.3327315106,774495.0,0.0,67509.0,67509.0,False
2019-01-13 15:10:00,653634.0,786565.0680026477,786566.0,0.0,132932.0,132932.0,False
2019-01-13 15:11:00,662154.0,738213.7189387617,738214.0,0.0,76060.0,76060.0,False
2019-01-13 15:12:00,663618.0,724895.3436281459,724896.0,0.0,61278.0,61278.0,False
2019-01-13 15:13:00,682962.0,708677.9805533749,708678.0,0.0,25716.0,25716.0,False
2019-01-13 15:14:00,668688.0,735908.535298305,735909.0,0.0,67221.0,67221.0,False
2019-01-13 15:15:00,713436.0,775269.2693139166,775270.0,0.0,61834.0,61834.0,False
2019-01-13 15:16:00,708157.0,781469.7715423359,781470.0,0.0,73313.0,73313.0,False
2019-01-13 15:17:00,685602.0,790998.4790893522,790999.0,0.0,105397.0,105397.0,False
2019-01-13 15:18:00,685269.0,767941.4416816866,767942.0,0.0,82673.0,82673.0,False
2019-01-13 15:19:00,651020.0,753820.6360933146,753821.0,0.0,102801.0,102801.0,False
2019-01-13 15:20:00,694450.0,780212.2764591264,780213.0,0.0,85763.0,85763.0,False
2019-01-13 15:21:00,671025.0,762281.961464182,762282.0,0.0,91257.0,91257.0,False
2019-01-13 15:22:00,662671.0,757677.165478996,757678.0,0.0,95007.0,95007.0,False
2019-01-13 15:23:00,664774.0,752393.0949489671,752394.0,0.0,87620.0,87620.0,False
2019-01-13 15:24:00,665985.0,781834.1899854052,781835.0,0.0,115850.0,115850.0,False
2019-01-13 15:25:00,659305.0,772528.4805035032,772529.0,0.0,113224.0,113224.0,False
2019-01-13 15:26:00,665688.0,760300.9462563447,760301.0,0.0,94613.0,94613.0,False
2019-01-13 15:27:00,658409.0,725262.1481465407,725263.0,0.0,66854.0,66854.0,False
2019-01-13 15:28:00,648620.0,730187.9007619707,730188.0,0.0,81568.0,81568.0,False
2019-01-13 15:29:00,654583.0,701449.3602013887,701450.0,0.0,46867.0,46867.0,False
2019-01-13 15:30:00,745496.0,789553.0645332567,789554.0,0.0,44058.0,44058.0,False
2019-01-13 15:31:00,704012.0,740641.3694108371,740642.0,0.0,36630.0,36630.0,False
2019-01-13 15:32:00,668458.0,734722.2408212916,734723.0,0.0,66265.0,66265.0,False
2019-01-13 15:33:00,682099.0,721558.1768545664,721559.0,0.0,39460.0,39460.0,False
2019-01-13 15:34:00,682055.0,730575.8983678255,730576.0,0.0,48521.0,48521.0,False
2019-01-13 15:35:00,701764.0,752546.9026022505,752547.0,0.0,50783.0,50783.0,False
2019-01-13 15:36:00,672246.0,734392.899963638,734393.0,0.0,62147.0,62147.0,False
2019-01-13 15:37:00,661032.0,720582.9818354871,720583.0,0.0,59551.0,59551.0,False
2019-01-13 15:38:00,659673.0,713873.0723255611,713874.0,0.0,54201.0,54201.0,False
2019-01-13 15:39:00,654239.0,720991.0483210412,720992.0,0.0,66753.0,66753.0,False
2019-01-13 15:40:00,687165.0,734438.7853575354,734439.0,0.0,47274.0,47274.0,False
2019-01-13 15:41:00,674724.0,700518.4433434113,700519.0,0.0,25795.0,25795.0,False
2019-01-13 15:42:00,695768.0,697031.9638719598,697032.0,0.0,1264.0,1264.0,False
2019-01-13 15:43:00,665641.0,696314.3328190218,696315.0,0.0,30674.0,30674.0,False
2019-01-13 15:44:00,669401.0,695452.7030209138,695453.0,0.0,26052.0,26052.0,False
2019-01-13 15:45:00,675442.0,702231.6787998668,702232.0,0.0,26790.0,26790.0,False
2019-01-13 15:46:00,684662.0,708619.3609025053,708620.0,0.0,23958.0,23958.0,False
2019-01-13 15:47:00,659798.0,713381.7466374165,713382.0,0.0,53584.0,53584.0,False
2019-01-13 15:48:00,666001.0,711111.8678901937,711112.0,0.0,45111.0,45111.0,False
2019-01-13 15:49:00,660719.0,690713.0673019112,690714.0,0.0,29995.0,29995.0,False
2019-01-13 15:50:00,691263.0,707040.3896921366,707041.0,0.0,15778.0,15778.0,False
2019-01-13 15:51:00,675282.0,692254.2276985092,692255.0,0.0,16973.0,16973.0,False
2019-01-13 15:52:00,669730.0,716514.0223657802,716515.0,0.0,46785.0,46785.0,False
2019-01-13 15:53:00,673436.0,711170.2102620688,711171.0,0.0,37735.0,37735.0,False
2019-01-13 15:54:00,660719.0,683590.1366606181,683591.0,0.0,22872.0,22872.0,False
2019-01-13 15:55:00,665361.0,702978.363375793,702979.0,0.0,37618.0,37618.0,False
2019-01-13 15:56:00,659396.0,684703.2511952117,684704.0,0.0,25308.0,25308.0,False
2019-01-13 15:57:00,654640.0,687900.848845599,687901.0,0.0,33261.0,33261.0,False
2019-01-13 15:58:00,656073.0,681348.4882637785,681349.0,0.0,25276.0,25276.0,False
2019-01-13 15:59:00,662221.0,690841.2508070867,690842.0,0.0,28621.0,28621.0,False
2019-01-13 16:00:00,774156.0,799109.9999150079,799110.0,0.0,24954.0,24954.0,False
2019-01-13 16:01:00,723548.0,724938.7885064081,724939.0,0.0,1391.0,1391.0,False
2019-01-13 16:02:00,722018.0,725868.73201997,725869.0,0.0,3851.0,3851.0,False
2019-01-13 16:03:00,707953.0,727567.4767775263,727568.0,0.0,19615.0,19615.0,False
2019-01-13 16:04:00,689574.0,709707.4199470303,709708.0,0.0,20134.0,20134.0,False
2019-01-13 16:05:00,697368.0,693611.5383414621,693612.0,3756.0,0.0,37560.0,False
2019-01-13 16:06:00,748907.0,703638.018270266,703639.0,45268.0,0.0,452680.0,False
2019-01-13 16:07:00,744555.0,764685.12294498,764686.0,0.0,20131.0,20131.0,False
2019-01-13 16:08:00,732881.0,786578.537149444,786579.0,0.0,53698.0,53698.0,False
2019-01-13 16:09:00,727114.0,790890.8049384878,790891.0,0.0,63777.0,63777.0,False
2019-01-13 16:10:00,766940.0,815464.6389314053,815465.0,0.0,48525.0,48525.0,False
2019-01-13 16:11:00,713251.0,784195.9727378929,784196.0,0.0,70945.0,70945.0,False
2019-01-13 16:12:00,691785.0,749892.487418101,749893.0,0.0,58108.0,58108.0,False
2019-01-13 16:13:00,672490.0,731583.5649814619,731584.0,0.0,59094.0,59094.0,False
2019-01-13 16:14:00,672328.0,737150.8352480279,737151.0,0.0,64823.0,64823.0,False
2019-01-13 16:15:00,711958.0,779051.32669905,779052.0,0.0,67094.0,67094.0,False
2019-01-13 16:16:00,688169.0,743658.6583464191,743659.0,0.0,55490.0,55490.0,False
2019-01-13 16:17:00,703030.0,728277.1250925321,728278.0,0.0,25248.0,25248.0,False
2019-01-13 16:18:00,680745.0,743532.2079973754,743533.0,0.0,62788.0,62788.0,False
2019-01-13 16:19:00,674399.0,718640.2018317358,718641.0,0.0,44242.0,44242.0,False
2019-01-13 16:20:00,700500.0,728350.0132788537,728351.0,0.0,27851.0,27851.0,False
2019-01-13 16:21:00,665555.0,722004.1856994028,722005.0,0.0,56450.0,56450.0,False
2019-01-13 16:22:00,658873.0,708602.3119249775,708603.0,0.0,49730.0,49730.0,False
2019-01-13 16:23:00,676192.0,705611.8941152898,705612.0,0.0,29420.0,29420.0,False
2019-01-13 16:24:00,665171.0,706463.6312746963,706464.0,0.0,41293.0,41293.0,False
2019-01-13 16:25:00,673802.0,701773.9779912061,701774.0,0.0,27972.0,27972.0,False
2019-01-13 16:26:00,678406.0,673693.7880683932,673694.0,4712.0,0.0,47120.0,False
2019-01-13 16:27:00,652283.0,679695.4694921968,679696.0,0.0,27413.0,27413.0,False
2019-01-13 16:28:00,658141.0,697980.4848245304,697981.0,0.0,39840.0,39840.0,False
2019-01-13 16:29:00,649292.0,706176.0926630943,706177.0,0.0,56885.0,56885.0,False
2019-01-13 16:30:00,717142.0,773850.6016498915,773851.0,0.0,56709.0,56709.0,False
2019-01-13 16:31:00,700782.0,733282.1175316557,733283.0,0.0,32501.0,32501.0,False
2019-01-13 16:32:00,682832.0,716586.9133460266,716587.0,0.0,33755.0,33755.0,False
2019-01-13 16:33:00,685378.0,722351.0179290394,722352.0,0.0,36974.0,36974.0,False
2019-01-13 16:34:00,668681.0,727632.0417616602,727633.0,0.0,58952.0,58952.0,False
2019-01-13 16:35:00,681835.0,726346.2991724468,726347.0,0.0,44512.0,44512.0,False
2019-01-13 16:36:00,650918.0,726318.9672389398,726319.0,0.0,75401.0,75401.0,False
2019-01-13 16:37:00,638477.0,692698.3982044761,692699.0,0.0,54222.0,54222.0,False
2019-01-13 16:38:00,656095.0,704309.7266415948,704310.0,0.0,48215.0,48215.0,False
2019-01-13 16:39:00,667420.0,707660.1445080995,707661.0,0.0,40241.0,40241.0,False
2019-01-13 16:40:00,686251.0,739880.7688374502,739881.0,0.0,53630.0,53630.0,False
2019-01-13 16:41:00,667463.0,707603.1280540612,707604.0,0.0,40141.0,40141.0,False
2019-01-13 16:42:00,660373.0,719802.6009595989,719803.0,0.0,59430.0,59430.0,False
2019-01-13 16:43:00,663879.0,734642.7155096314,734643.0,0.0,70764.0,70764.0,False
2019-01-13 16:44:00,668478.0,725146.9640462169,725147.0,0.0,56669.0,56669.0,False
2019-01-13 16:45:00,693219.0,734530.410289278,734531.0,0.0,41312.0,41312.0,False
2019-01-13 16:46:00,688619.0,723964.9635727857,723965.0,0.0,35346.0,35346.0,False
2019-01-13 16:47:00,665934.0,725234.9597379151,725235.0,0.0,59301.0,59301.0,False
2019-01-13 16:48:00,653382.0,714892.22467731,714893.0,0.0,61511.0,61511.0,False
2019-01-13 16:49:00,655001.0,721778.7920295333,721779.0,0.0,66778.0,66778.0,False
2019-01-13 16:50:00,675438.0,722510.2753215312,722511.0,0.0,47073.0,47073.0,False
2019-01-13 16:51:00,654609.0,701879.23327585,701880.0,0.0,47271.0,47271.0,False
2019-01-13 16:52:00,650161.0,695838.1880592734,695839.0,0.0,45678.0,45678.0,False
2019-01-13 16:53:00,664103.0,702588.1279827007,702589.0,0.0,38486.0,38486.0,False
2019-01-13 16:54:00,675269.0,701675.4919738439,701676.0,0.0,26407.0,26407.0,False
2019-01-13 16:55:00,672146.0,710204.8163704395,710205.0,0.0,38059.0,38059.0,False
2019-01-13 16:56:00,656207.0,695689.79846314,695690.0,0.0,39483.0,39483.0,False
2019-01-13 16:57:00,654471.0,684156.0412254473,684157.0,0.0,29686.0,29686.0,False
2019-01-13 16:58:00,659944.0,678558.8865397999,678559.0,0.0,18615.0,18615.0,False
2019-01-13 16:59:00,661193.0,666940.9102663336,666941.0,0.0,5748.0,5748.0,False
2019-01-13 17:00:00,758438.0,806892.6110876347,806893.0,0.0,48455.0,48455.0,False
2019-01-13 17:01:00,680898.0,718241.4681911992,718242.0,0.0,37344.0,37344.0,False
2019-01-13 17:02:00,678445.0,696809.2615149815,696810.0,0.0,18365.0,18365.0,False
2019-01-13 17:03:00,688860.0,702676.4837247098,702677.0,0.0,13817.0,13817.0,False
2019-01-13 17:04:00,675094.0,685284.5810640256,685285.0,0.0,10191.0,10191.0,False
2019-01-13 17:05:00,696015.0,696493.7216454004,696494.0,0.0,479.0,479.0,False
2019-01-13 17:06:00,769105.0,745937.9528913964,745938.0,23167.0,0.0,231670.0,False
2019-01-13 17:07:00,783213.0,759452.895708875,759453.0,23760.0,0.0,237600.0,False
2019-01-13 17:08:00,751192.0,786517.681994434,786518.0,0.0,35326.0,35326.0,False
2019-01-13 17:09:00,672210.0,771311.4672670604,771312.0,0.0,99102.0,99102.0,False
2019-01-13 17:10:00,693032.0,796587.0881402252,796588.0,0.0,103556.0,103556.0,False
2019-01-13 17:11:00,666831.0,793067.6347229959,793068.0,0.0,126237.0,126237.0,False
2019-01-13 17:12:00,666009.0,773240.4629567128,773241.0,0.0,107232.0,107232.0,False
2019-01-13 17:13:00,654956.0,753229.0961163364,753230.0,0.0,98274.0,98274.0,False
2019-01-13 17:14:00,646712.0,739813.1444444403,739814.0,0.0,93102.0,93102.0,False
2019-01-13 17:15:00,680846.0,760388.4448082001,760389.0,0.0,79543.0,79543.0,False
2019-01-13 17:16:00,668214.0,734515.7431456686,734516.0,0.0,66302.0,66302.0,False
2019-01-13 17:17:00,670412.0,739844.527873194,739845.0,0.0,69433.0,69433.0,False
2019-01-13 17:18:00,680533.0,709418.408257988,709419.0,0.0,28886.0,28886.0,False
2019-01-13 17:19:00,653421.0,715209.9794538623,715210.0,0.0,61789.0,61789.0,False
2019-01-13 17:20:00,688779.0,743059.6668904391,743060.0,0.0,54281.0,54281.0,False
2019-01-13 17:21:00,663071.0,726591.5164477357,726592.0,0.0,63521.0,63521.0,False
2019-01-13 17:22:00,637462.0,719807.7877650803,719808.0,0.0,82346.0,82346.0,False
2019-01-13 17:23:00,667585.0,705585.3950796198,705586.0,0.0,38001.0,38001.0,False
2019-01-13 17:24:00,656106.0,711675.0198160828,711676.0,0.0,55570.0,55570.0,False
2019-01-13 17:25:00,657542.0,709313.0438823166,709314.0,0.0,51772.0,51772.0,False
2019-01-13 17:26:00,668531.0,722918.4370213803,722919.0,0.0,54388.0,54388.0,False
2019-01-13 17:27:00,643634.0,709998.9611250105,709999.0,0.0,66365.0,66365.0,False
2019-01-13 17:28:00,655382.0,725495.3138063687,725496.0,0.0,70114.0,70114.0,False
2019-01-13 17:29:00,654596.0,717534.710691105,717535.0,0.0,62939.0,62939.0,False
2019-01-13 17:30:00,723692.0,805265.7159001132,805266.0,0.0,81574.0,81574.0,False
2019-01-13 17:31:00,678852.0,774913.353662206,774914.0,0.0,96062.0,96062.0,False
2019-01-13 17:32:00,670316.0,789342.4386021316,789343.0,0.0,119027.0,119027.0,False
2019-01-13 17:33:00,667607.0,793781.6999327483,793782.0,0.0,126175.0,126175.0,False
2019-01-13 17:34:00,653744.0,777080.4439312123,777081.0,0.0,123337.0,123337.0,False
2019-01-13 17:35:00,665028.0,783728.5426289465,783729.0,0.0,118701.0,118701.0,False
2019-01-13 17:36:00,656180.0,781230.3236120753,781231.0,0.0,125051.0,125051.0,False
2019-01-13 17:37:00,649793.0,772832.6264400855,772833.0,0.0,123040.0,123040.0,False
2019-01-13 17:38:00,662089.0,777668.0073163027,777669.0,0.0,115580.0,115580.0,False
2019-01-13 17:39:00,663837.0,772586.9172105894,772587.0,0.0,108750.0,108750.0,False
2019-01-13 17:40:00,700014.0,810799.200144459,810800.0,0.0,110786.0,110786.0,False
2019-01-13 17:41:00,683230.0,791495.4273607206,791496.0,0.0,108266.0,108266.0,False
2019-01-13 17:42:00,678326.0,786968.1595004626,786969.0,0.0,108643.0,108643.0,False
2019-01-13 17:43:00,683992.0,792440.0782560168,792441.0,0.0,108449.0,108449.0,False
2019-01-13 17:44:00,682608.0,811904.7231552816,811905.0,0.0,129297.0,129297.0,False
2019-01-13 17:45:00,732398.0,852949.8191212695,852950.0,0.0,120552.0,120552.0,False
2019-01-13 17:46:00,725063.0,845709.112976567,845710.0,0.0,120647.0,120647.0,False
2019-01-13 17:47:00,698976.0,842080.9522445091,842081.0,0.0,143105.0,143105.0,False
2019-01-13 17:48:00,666572.0,842917.0959496448,842918.0,0.0,176346.0,176346.0,False
2019-01-13 17:49:00,665814.0,825643.9655553609,825644.0,0.0,159830.0,159830.0,False
2019-01-13 17:50:00,705222.0,843804.5581591845,843805.0,0.0,138583.0,138583.0,False
2019-01-13 17:51:00,662497.0,830492.7201701921,830493.0,0.0,167996.0,167996.0,False
2019-01-13 17:52:00,649505.0,829635.5124602821,829636.0,0.0,180131.0,180131.0,False
2019-01-13 17:53:00,659406.0,818028.2473038713,818029.0,0.0,158623.0,158623.0,False
2019-01-13 17:54:00,652645.0,817099.3338564475,817100.0,0.0,164455.0,164455.0,False
2019-01-13 17:55:00,704683.0,827997.3762191772,827998.0,0.0,123315.0,123315.0,False
2019-01-13 17:56:00,722074.0,847643.501679568,847644.0,0.0,125570.0,125570.0,False
2019-01-13 17:57:00,687441.0,822847.3299455313,822848.0,0.0,135407.0,135407.0,False
2019-01-13 17:58:00,684259.0,787809.5337968011,787810.0,0.0,103551.0,103551.0,False
2019-01-13 17:59:00,674139.0,756476.2191316963,756477.0,0.0,82338.0,82338.0,False
2019-01-13 18:00:00,765020.0,864522.099338602,864523.0,0.0,99503.0,99503.0,False
2019-01-13 18:01:00,711871.0,803432.1081964727,803433.0,0.0,91562.0,91562.0,False
2019-01-13 18:02:00,704634.0,806197.101518344,806198.0,0.0,101564.0,101564.0,False
2019-01-13 18:03:00,703953.0,813456.73087848,813457.0,0.0,109504.0,109504.0,False
2019-01-13 18:04:00,698045.0,793307.1469277862,793308.0,0.0,95263.0,95263.0,False
2019-01-13 18:05:00,783279.0,783651.6910850902,783652.0,0.0,373.0,373.0,False
2019-01-13 18:06:00,866343.0,845363.0803970137,845364.0,20979.0,0.0,209790.0,True
2019-01-13 18:07:00,802998.0,907532.458162325,907533.0,0.0,104535.0,104535.0,True
2019-01-13 18:08:00,683463.0,920623.6035230326,920624.0,0.0,237161.0,237161.0,False
2019-01-13 18:09:00,685750.0,930886.3105438211,930887.0,0.0,245137.0,245137.0,False
2019-01-13 18:10:00,708719.0,957032.5725873152,957033.0,0.0,248314.0,248314.0,False
2019-01-13 18:11:00,687585.0,965894.5319124903,965895.0,0.0,278310.0,278310.0,False
2019-01-13 18:12:00,681543.0,957840.2892288396,957841.0,0.0,276298.0,276298.0,False
2019-01-13 18:13:00,679819.0,944740.2252930506,944741.0,0.0,264922.0,264922.0,False
2019-01-13 18:14:00,676368.0,948178.8552385491,948179.0,0.0,271811.0,271811.0,False
2019-01-13 18:15:00,682968.0,965982.603932841,965983.0,0.0,283015.0,283015.0,False
2019-01-13 18:16:00,669888.0,958386.93891455,958387.0,0.0,288499.0,288499.0,False
2019-01-13 18:17:00,673814.0,940017.8575035753,940018.0,0.0,266204.0,266204.0,False
2019-01-13 18:18:00,669415.0,927849.4728406577,927850.0,0.0,258435.0,258435.0,False
2019-01-13 18:19:00,654622.0,924382.6836348678,924383.0,0.0,269761.0,269761.0,False
2019-01-13 18:20:00,687399.0,952785.3031135427,952786.0,0.0,265387.0,265387.0,False
2019-01-13 18:21:00,650990.0,917123.4172387045,917124.0,0.0,266134.0,266134.0,False
2019-01-13 18:22:00,650098.0,900407.2206830742,900408.0,0.0,250310.0,250310.0,False
2019-01-13 18:23:00,649261.0,897159.0235817356,897160.0,0.0,247899.0,247899.0,False
2019-01-13 18:24:00,641848.0,888038.9842779532,888039.0,0.0,246191.0,246191.0,False
2019-01-13 18:25:00,649331.0,908761.6021768942,908762.0,0.0,259431.0,259431.0,False
2019-01-13 18:26:00,658093.0,881042.7684135617,881043.0,0.0,222950.0,222950.0,False
2019-01-13 18:27:00,678305.0,869650.8585118756,869651.0,0.0,191346.0,191346.0,False
2019-01-13 18:28:00,682351.0,883647.2960274396,883648.0,0.0,201297.0,201297.0,False
2019-01-13 18:29:00,664525.0,927393.8335049176,927394.0,0.0,262869.0,262869.0,False
2019-01-13 18:30:00,716808.0,967052.7353042079,967053.0,0.0,250245.0,250245.0,False
2019-01-13 18:31:00,695392.0,941797.4363260263,941798.0,0.0,246406.0,246406.0,False
2019-01-13 18:32:00,673946.0,917133.792533305,917134.0,0.0,243188.0,243188.0,False
2019-01-13 18:33:00,667668.0,896891.5300214278,896892.0,0.0,229224.0,229224.0,False
2019-01-13 18:34:00,658330.0,893069.5328696396,893070.0,0.0,234740.0,234740.0,False
2019-01-13 18:35:00,644924.0,898624.3221269412,898625.0,0.0,253701.0,253701.0,False
2019-01-13 18:36:00,659501.0,868920.5741102101,868921.0,0.0,209420.0,209420.0,False
2019-01-13 18:37:00,613804.0,821324.7000681844,821325.0,0.0,207521.0,207521.0,False
2019-01-13 18:38:00,647160.0,802354.3802075303,802355.0,0.0,155195.0,155195.0,False
2019-01-13 18:39:00,641339.0,808685.9750241402,808686.0,0.0,167347.0,167347.0,False
2019-01-13 18:40:00,678553.0,815507.8391817334,815508.0,0.0,136955.0,136955.0,False
2019-01-13 18:41:00,670394.0,803698.3119172591,803699.0,0.0,133305.0,133305.0,False
2019-01-13 18:42:00,653869.0,817292.0892015623,817293.0,0.0,163424.0,163424.0,False
2019-01-13 18:43:00,633408.0,779179.0759962043,779180.0,0.0,145772.0,145772.0,False
2019-01-13 18:44:00,669010.0,785835.2081850775,785836.0,0.0,116826.0,116826.0,False
2019-01-13 18:45:00,673665.0,809644.8444740049,809645.0,0.0,135980.0,135980.0,False
2019-01-13 18:46:00,671413.0,795173.9959146344,795174.0,0.0,123761.0,123761.0,False
2019-01-13 18:47:00,655035.0,783881.345474935,783882.0,0.0,128847.0,128847.0,False
2019-01-13 18:48:00,669761.0,805476.282114052,805477.0,0.0,135716.0,135716.0,False
2019-01-13 18:49:00,659695.0,789718.2769615578,789719.0,0.0,130024.0,130024.0,False
2019-01-13 18:50:00,667841.0,799094.3331486614,799095.0,0.0,131254.0,131254.0,False
2019-01-13 18:51:00,669240.0,779581.0286721799,779582.0,0.0,110342.0,110342.0,False
2019-01-13 18:52:00,657337.0,782786.3768942987,782787.0,0.0,125450.0,125450.0,False
2019-01-13 18:53:00,654750.0,766401.9507832413,766402.0,0.0,111652.0,111652.0,False
2019-01-13 18:54:00,670849.0,764971.2281875936,764972.0,0.0,94123.0,94123.0,False
2019-01-13 18:55:00,680219.0,786397.1211669454,786398.0,0.0,106179.0,106179.0,False
2019-01-13 18:56:00,657712.0,794688.2536758767,794689.0,0.0,136977.0,136977.0,False
2019-01-13 18:57:00,654332.0,770434.7189091631,770435.0,0.0,116103.0,116103.0,False
2019-01-13 18:58:00,649596.0,762401.7803147569,762402.0,0.0,112806.0,112806.0,False
2019-01-13 18:59:00,653071.0,748748.4568481944,748749.0,0.0,95678.0,95678.0,False
2019-01-13 19:00:00,737547.0,840874.6645734855,840875.0,0.0,103328.0,103328.0,False
2019-01-13 19:01:00,692288.0,796194.5306319195,796195.0,0.0,103907.0,103907.0,False
2019-01-13 19:02:00,672907.0,778293.2108055631,778294.0,0.0,105387.0,105387.0,False
2019-01-13 19:03:00,662109.0,767638.829858054,767639.0,0.0,105530.0,105530.0,False
2019-01-13 19:04:00,646339.0,780487.8953219417,780488.0,0.0,134149.0,134149.0,False
2019-01-13 19:05:00,657290.0,807875.2118695243,807876.0,0.0,150586.0,150586.0,False
2019-01-13 19:06:00,715375.0,837630.5060965435,837631.0,0.0,122256.0,122256.0,False
2019-01-13 19:07:00,748863.0,845427.9628619873,845428.0,0.0,96565.0,96565.0,False
2019-01-13 19:08:00,725887.0,830913.0564874493,830914.0,0.0,105027.0,105027.0,False
2019-01-13 19:09:00,742040.0,852940.8731704617,852941.0,0.0,110901.0,110901.0,False
2019-01-13 19:10:00,754996.0,869655.8496208609,869656.0,0.0,114660.0,114660.0,False
2019-01-13 19:11:00,686329.0,833415.1604737829,833416.0,0.0,147087.0,147087.0,False
2019-01-13 19:12:00,662331.0,780413.9062456975,780414.0,0.0,118083.0,118083.0,False
2019-01-13 19:13:00,651222.0,776397.7630086883,776398.0,0.0,125176.0,125176.0,False
2019-01-13 19:14:00,634685.0,741700.4670828073,741701.0,0.0,107016.0,107016.0,False
2019-01-13 19:15:00,693681.0,791626.2069574364,791627.0,0.0,97946.0,97946.0,False
2019-01-13 19:16:00,682975.0,798256.70439012,798257.0,0.0,115282.0,115282.0,False
2019-01-13 19:17:00,666129.0,771621.8755742628,771622.0,0.0,105493.0,105493.0,False
2019-01-13 19:18:00,664930.0,756939.6546451623,756940.0,0.0,92010.0,92010.0,False
2019-01-13 19:19:00,649035.0,764102.4672097345,764103.0,0.0,115068.0,115068.0,False
2019-01-13 19:20:00,650848.0,785577.7733060599,785578.0,0.0,134730.0,134730.0,False
2019-01-13 19:21:00,671670.0,774933.599503041,774934.0,0.0,103264.0,103264.0,False
2019-01-13 19:22:00,650611.0,761647.5340027977,761648.0,0.0,111037.0,111037.0,False
2019-01-13 19:23:00,659469.0,766213.4879184067,766214.0,0.0,106745.0,106745.0,False
2019-01-13 19:24:00,663033.0,756129.8973834524,756130.0,0.0,93097.0,93097.0,False
2019-01-13 19:25:00,658632.0,763786.1806842015,763787.0,0.0,105155.0,105155.0,False
2019-01-13 19:26:00,655844.0,739607.5994541177,739608.0,0.0,83764.0,83764.0,False
2019-01-13 19:27:00,598715.0,760352.5499200202,760353.0,0.0,161638.0,161638.0,False
2019-01-13 19:28:00,630036.0,764780.7235654319,764781.0,0.0,134745.0,134745.0,False
2019-01-13 19:29:00,613309.0,749280.4017589049,749281.0,0.0,135972.0,135972.0,False
2019-01-13 19:30:00,697594.0,817159.1378314034,817160.0,0.0,119566.0,119566.0,False
2019-01-13 19:31:00,651854.0,770376.9262025072,770377.0,0.0,118523.0,118523.0,False
2019-01-13 19:32:00,644379.0,773312.3622877904,773313.0,0.0,128934.0,128934.0,False
2019-01-13 19:33:00,656199.0,788488.6221496713,788489.0,0.0,132290.0,132290.0,False
2019-01-13 19:34:00,623660.0,762183.9845272736,762184.0,0.0,138524.0,138524.0,False
2019-01-13 19:35:00,643664.0,770611.9939182336,770612.0,0.0,126948.0,126948.0,False
2019-01-13 19:36:00,644634.0,749214.4605205135,749215.0,0.0,104581.0,104581.0,False
2019-01-13 19:37:00,648377.0,751100.7459877795,751101.0,0.0,102724.0,102724.0,False
2019-01-13 19:38:00,618717.0,729440.6907363011,729441.0,0.0,110724.0,110724.0,False
2019-01-13 19:39:00,588714.0,741978.1255115508,741979.0,0.0,153265.0,153265.0,False
2019-01-13 19:40:00,664109.0,776640.4687523091,776641.0,0.0,112532.0,112532.0,False
2019-01-13 19:41:00,627675.0,752745.7871357629,752746.0,0.0,125071.0,125071.0,False
2019-01-13 19:42:00,618946.0,726679.626554757,726680.0,0.0,107734.0,107734.0,False
2019-01-13 19:43:00,629964.0,757096.0081176911,757097.0,0.0,127133.0,127133.0,False
2019-01-13 19:44:00,635024.0,761096.126277301,761097.0,0.0,126073.0,126073.0,False
2019-01-13 19:45:00,658801.0,806758.3544994758,806759.0,0.0,147958.0,147958.0,False
2019-01-13 19:46:00,655552.0,759696.2827561641,759697.0,0.0,104145.0,104145.0,False
2019-01-13 19:47:00,642831.0,769140.7415930849,769141.0,0.0,126310.0,126310.0,False
2019-01-13 19:48:00,656379.0,791668.9807928706,791669.0,0.0,135290.0,135290.0,False
2019-01-13 19:49:00,643279.0,750403.2224543071,750404.0,0.0,107125.0,107125.0,False
2019-01-13 19:50:00,664587.0,756233.4762752493,756234.0,0.0,91647.0,91647.0,False
2019-01-13 19:51:00,634941.0,741700.5287495687,741701.0,0.0,106760.0,106760.0,False
2019-01-13 19:52:00,635903.0,741174.3422565564,741175.0,0.0,105272.0,105272.0,False
2019-01-13 19:53:00,652301.0,740981.8604494445,740982.0,0.0,88681.0,88681.0,False
2019-01-13 19:54:00,645761.0,760701.4445129813,760702.0,0.0,114941.0,114941.0,False
2019-01-13 19:55:00,650785.0,750511.4750523479,750512.0,0.0,99727.0,99727.0,False
2019-01-13 19:56:00,647856.0,731379.9138425217,731380.0,0.0,83524.0,83524.0,False
2019-01-13 19:57:00,636830.0,727657.8431225602,727658.0,0.0,90828.0,90828.0,False
2019-01-13 19:58:00,640287.0,732736.0537184209,732737.0,0.0,92450.0,92450.0,False
2019-01-13 19:59:00,631436.0,734942.6853459338,734943.0,0.0,103507.0,103507.0,False
2019-01-13 20:00:00,741208.0,863855.1613009945,863856.0,0.0,122648.0,122648.0,False
2019-01-13 20:01:00,700018.0,805843.735026496,805844.0,0.0,105826.0,105826.0,False
2019-01-13 20:02:00,662709.0,771530.871381318,771531.0,0.0,108822.0,108822.0,False
2019-01-13 20:03:00,648015.0,769514.7704733253,769515.0,0.0,121500.0,121500.0,False
2019-01-13 20:04:00,634257.0,752556.8841427594,752557.0,0.0,118300.0,118300.0,False
2019-01-13 20:05:00,668320.0,759046.416204901,759047.0,0.0,90727.0,90727.0,False
2019-01-13 20:06:00,670615.0,791727.897101029,791728.0,0.0,121113.0,121113.0,False
2019-01-13 20:07:00,686541.0,811609.9122310515,811610.0,0.0,125069.0,125069.0,False
2019-01-13 20:08:00,661189.0,843296.4432824193,843297.0,0.0,182108.0,182108.0,False
2019-01-13 20:09:00,676073.0,829588.7985200939,829589.0,0.0,153516.0,153516.0,False
2019-01-13 20:10:00,769906.0,835332.5108893206,835333.0,0.0,65427.0,65427.0,False
2019-01-13 20:11:00,689199.0,817242.2770032093,817243.0,0.0,128044.0,128044.0,False
2019-01-13 20:12:00,620724.0,825962.6528597168,825963.0,0.0,205239.0,205239.0,False
2019-01-13 20:13:00,603863.0,784786.6677664141,784787.0,0.0,180924.0,180924.0,False
2019-01-13 20:14:00,613797.0,781094.2432704371,781095.0,0.0,167298.0,167298.0,False
2019-01-13 20:15:00,608362.0,825293.3843398782,825294.0,0.0,216932.0,216932.0,False
2019-01-13 20:16:00,630135.0,795426.4431295844,795427.0,0.0,165292.0,165292.0,False
2019-01-13 20:17:00,614967.0,783895.0574350447,783896.0,0.0,168929.0,168929.0,False
2019-01-13 20:18:00,620477.0,787580.4453478623,787581.0,0.0,167104.0,167104.0,False
2019-01-13 20:19:00,621247.0,758411.6865185915,758412.0,0.0,137165.0,137165.0,False
2019-01-13 20:20:00,625652.0,781406.9367505598,781407.0,0.0,155755.0,155755.0,False
2019-01-13 20:21:00,601415.0,781018.0366773683,781019.0,0.0,179604.0,179604.0,False
2019-01-13 20:22:00,580410.0,767671.7407655095,767672.0,0.0,187262.0,187262.0,False
2019-01-13 20:23:00,612614.0,804499.1446017702,804500.0,0.0,191886.0,191886.0,False
2019-01-13 20:24:00,602401.0,792198.5555037949,792199.0,0.0,189798.0,189798.0,False
2019-01-13 20:25:00,627879.0,786490.9317404251,786491.0,0.0,158612.0,158612.0,False
2019-01-13 20:26:00,611009.0,763895.0971559132,763896.0,0.0,152887.0,152887.0,False
2019-01-13 20:27:00,603485.0,769337.071328994,769338.0,0.0,165853.0,165853.0,False
2019-01-13 20:28:00,609089.0,771467.6930738834,771468.0,0.0,162379.0,162379.0,False
2019-01-13 20:29:00,620591.0,760709.3831709675,760710.0,0.0,140119.0,140119.0,False
2019-01-13 20:30:00,692500.0,839127.3148984389,839128.0,0.0,146628.0,146628.0,False
2019-01-13 20:31:00,661328.0,794493.292899937,794494.0,0.0,133166.0,133166.0,False
2019-01-13 20:32:00,658194.0,770813.3311622662,770814.0,0.0,112620.0,112620.0,False
2019-01-13 20:33:00,631354.0,763384.1832658709,763385.0,0.0,132031.0,132031.0,False
2019-01-13 20:34:00,615976.0,764588.0689461369,764589.0,0.0,148613.0,148613.0,False
2019-01-13 20:35:00,618509.0,757080.1024556116,757081.0,0.0,138572.0,138572.0,False
2019-01-13 20:36:00,616422.0,760627.7454373441,760628.0,0.0,144206.0,144206.0,False
2019-01-13 20:37:00,595515.0,748825.6830512321,748826.0,0.0,153311.0,153311.0,False
2019-01-13 20:38:00,604345.0,767198.3453775581,767199.0,0.0,162854.0,162854.0,False
2019-01-13 20:39:00,599022.0,752549.6814371927,752550.0,0.0,153528.0,153528.0,False
2019-01-13 20:40:00,643067.0,792928.2185573139,792929.0,0.0,149862.0,149862.0,False
2019-01-13 20:41:00,628528.0,746402.4293107819,746403.0,0.0,117875.0,117875.0,False
2019-01-13 20:42:00,602778.0,727767.680579392,727768.0,0.0,124990.0,124990.0,False
2019-01-13 20:43:00,602556.0,726076.6702672563,726077.0,0.0,123521.0,123521.0,False
2019-01-13 20:44:00,620724.0,744127.065328501,744128.0,0.0,123404.0,123404.0,False
2019-01-13 20:45:00,633448.0,763563.15534033,763564.0,0.0,130116.0,130116.0,False
2019-01-13 20:46:00,629715.0,730399.6886733144,730400.0,0.0,100685.0,100685.0,False
2019-01-13 20:47:00,621728.0,745576.2481474683,745577.0,0.0,123849.0,123849.0,False
2019-01-13 20:48:00,614479.0,760053.4792544434,760054.0,0.0,145575.0,145575.0,False
2019-01-13 20:49:00,629063.0,741044.3680473329,741045.0,0.0,111982.0,111982.0,False
2019-01-13 20:50:00,632722.0,745699.4661742351,745700.0,0.0,112978.0,112978.0,False
2019-01-13 20:51:00,627144.0,714554.6134345016,714555.0,0.0,87411.0,87411.0,False
2019-01-13 20:52:00,620880.0,721007.4087865385,721008.0,0.0,100128.0,100128.0,False
2019-01-13 20:53:00,610313.0,708230.0898302837,708231.0,0.0,97918.0,97918.0,False
2019-01-13 20:54:00,590847.0,719106.1338278246,719107.0,0.0,128260.0,128260.0,False
2019-01-13 20:55:00,616722.0,710133.6477759163,710134.0,0.0,93412.0,93412.0,False
2019-01-13 20:56:00,597337.0,678511.2737516648,678512.0,0.0,81175.0,81175.0,False
2019-01-13 20:57:00,614245.0,686428.685442589,686429.0,0.0,72184.0,72184.0,False
2019-01-13 20:58:00,610850.0,714854.5917238722,714855.0,0.0,104005.0,104005.0,False
2019-01-13 20:59:00,603803.0,744091.2786801683,744092.0,0.0,140289.0,140289.0,False
2019-01-13 21:00:00,709711.0,850007.5877766734,850008.0,0.0,140297.0,140297.0,False
2019-01-13 21:01:00,658287.0,784164.6548339383,784165.0,0.0,125878.0,125878.0,False
2019-01-13 21:02:00,640497.0,771753.695905638,771754.0,0.0,131257.0,131257.0,False
2019-01-13 21:03:00,642007.0,760320.2168716703,760321.0,0.0,118314.0,118314.0,False
2019-01-13 21:04:00,642490.0,768661.2510780097,768662.0,0.0,126172.0,126172.0,False
2019-01-13 21:05:00,700347.0,763746.359409745,763747.0,0.0,63400.0,63400.0,False
2019-01-13 21:06:00,710159.0,720752.670637314,720753.0,0.0,10594.0,10594.0,False
2019-01-13 21:07:00,655037.0,746621.5430404496,746622.0,0.0,91585.0,91585.0,False
2019-01-13 21:08:00,699616.0,798028.9888236388,798029.0,0.0,98413.0,98413.0,False
2019-01-13 21:09:00,700580.0,843299.2994996078,843300.0,0.0,142720.0,142720.0,False
2019-01-13 21:10:00,659991.0,875610.8133866935,875611.0,0.0,215620.0,215620.0,False
2019-01-13 21:11:00,631925.0,866717.7117170098,866718.0,0.0,234793.0,234793.0,False
2019-01-13 21:12:00,631648.0,842042.9079150779,842043.0,0.0,210395.0,210395.0,False
2019-01-13 21:13:00,629153.0,813373.0228148074,813374.0,0.0,184221.0,184221.0,False
2019-01-13 21:14:00,621324.0,795789.7778172357,795790.0,0.0,174466.0,174466.0,False
2019-01-13 21:15:00,634827.0,820024.8756356953,820025.0,0.0,185198.0,185198.0,False
2019-01-13 21:16:00,631032.0,805451.482780102,805452.0,0.0,174420.0,174420.0,False
2019-01-13 21:17:00,615337.0,806163.5798018613,806164.0,0.0,190827.0,190827.0,False
2019-01-13 21:18:00,618683.0,783754.6526864376,783755.0,0.0,165072.0,165072.0,False
2019-01-13 21:19:00,610498.0,770702.0037653485,770703.0,0.0,160205.0,160205.0,False
2019-01-13 21:20:00,632714.0,818420.5830873661,818421.0,0.0,185707.0,185707.0,False
2019-01-13 21:21:00,628896.0,793984.4540527102,793985.0,0.0,165089.0,165089.0,False
2019-01-13 21:22:00,618943.0,803080.9413926845,803081.0,0.0,184138.0,184138.0,False
2019-01-13 21:23:00,605840.0,811934.8559391927,811935.0,0.0,206095.0,206095.0,False
2019-01-13 21:24:00,592789.0,821299.2129057525,821300.0,0.0,228511.0,228511.0,False
2019-01-13 21:25:00,611354.0,825087.0147401291,825088.0,0.0,213734.0,213734.0,False
2019-01-13 21:26:00,620573.0,808152.5417530102,808153.0,0.0,187580.0,187580.0,False
2019-01-13 21:27:00,595761.0,798217.3821181407,798218.0,0.0,202457.0,202457.0,False
2019-01-13 21:28:00,602407.0,787538.6103306512,787539.0,0.0,185132.0,185132.0,False
2019-01-13 21:29:00,612879.0,785874.1986915363,785875.0,0.0,172996.0,172996.0,False
2019-01-13 21:30:00,686466.0,844488.3941207194,844489.0,0.0,158023.0,158023.0,False
2019-01-13 21:31:00,638875.0,823031.509768082,823032.0,0.0,184157.0,184157.0,False
2019-01-13 21:32:00,619480.0,816470.9288916932,816471.0,0.0,196991.0,196991.0,False
2019-01-13 21:33:00,620979.0,835897.6241024227,835898.0,0.0,214919.0,214919.0,False
2019-01-13 21:34:00,614180.0,817992.2130165745,817993.0,0.0,203813.0,203813.0,False
2019-01-13 21:35:00,624940.0,799406.7921506595,799407.0,0.0,174467.0,174467.0,False
2019-01-13 21:36:00,607025.0,804059.4406689899,804060.0,0.0,197035.0,197035.0,False
2019-01-13 21:37:00,602548.0,772513.8394419076,772514.0,0.0,169966.0,169966.0,False
2019-01-13 21:38:00,600057.0,763713.2434915043,763714.0,0.0,163657.0,163657.0,False
2019-01-13 21:39:00,600735.0,749844.7329943469,749845.0,0.0,149110.0,149110.0,False
2019-01-13 21:40:00,629003.0,759557.3927482557,759558.0,0.0,130555.0,130555.0,False
2019-01-13 21:41:00,597366.0,760969.9089402516,760970.0,0.0,163604.0,163604.0,False
2019-01-13 21:42:00,586638.0,723659.3495480992,723660.0,0.0,137022.0,137022.0,False
2019-01-13 21:43:00,597548.0,708756.8297619213,708757.0,0.0,111209.0,111209.0,False
2019-01-13 21:44:00,591392.0,707048.6985287629,707049.0,0.0,115657.0,115657.0,False
2019-01-13 21:45:00,616686.0,744006.2615542358,744007.0,0.0,127321.0,127321.0,False
2019-01-13 21:46:00,617126.0,736456.53830111,736457.0,0.0,119331.0,119331.0,False
2019-01-13 21:47:00,614583.0,732595.2715515256,732596.0,0.0,118013.0,118013.0,False
2019-01-13 21:48:00,615803.0,708510.203024613,708511.0,0.0,92708.0,92708.0,False
2019-01-13 21:49:00,598294.0,703922.2557170369,703923.0,0.0,105629.0,105629.0,False
2019-01-13 21:50:00,610746.0,724154.7521499803,724155.0,0.0,113409.0,113409.0,False
2019-01-13 21:51:00,580855.0,693972.8444205073,693973.0,0.0,113118.0,113118.0,False
2019-01-13 21:52:00,600161.0,721666.1893922315,721667.0,0.0,121506.0,121506.0,False
2019-01-13 21:53:00,599731.0,710752.7469963665,710753.0,0.0,111022.0,111022.0,False
2019-01-13 21:54:00,586242.0,723031.4180085808,723032.0,0.0,136790.0,136790.0,False
2019-01-13 21:55:00,600113.0,722476.9811023643,722477.0,0.0,122364.0,122364.0,False
2019-01-13 21:56:00,583827.0,695151.1777641393,695152.0,0.0,111325.0,111325.0,False
2019-01-13 21:57:00,591070.0,657574.5899135331,657575.0,0.0,66505.0,66505.0,False
2019-01-13 21:58:00,581574.0,703199.6251682295,703200.0,0.0,121626.0,121626.0,False
2019-01-13 21:59:00,584553.0,700267.105966483,700268.0,0.0,115715.0,115715.0,False
2019-01-13 22:00:00,687700.0,816095.7012702049,816096.0,0.0,128396.0,128396.0,False
2019-01-13 22:01:00,656653.0,735011.1063482845,735012.0,0.0,78359.0,78359.0,False
2019-01-13 22:02:00,638012.0,740600.1492423464,740601.0,0.0,102589.0,102589.0,False
2019-01-13 22:03:00,646609.0,742732.312070171,742733.0,0.0,96124.0,96124.0,False
2019-01-13 22:04:00,631890.0,740379.6652911201,740380.0,0.0,108490.0,108490.0,False
2019-01-13 22:05:00,640097.0,729691.1204600005,729692.0,0.0,89595.0,89595.0,False
2019-01-13 22:06:00,643927.0,735380.2113446656,735381.0,0.0,91454.0,91454.0,False
2019-01-13 22:07:00,685545.0,765467.3342175483,765468.0,0.0,79923.0,79923.0,False
2019-01-13 22:08:00,692018.0,793973.8024829188,793974.0,0.0,101956.0,101956.0,False
2019-01-13 22:09:00,705156.0,796725.5140592188,796726.0,0.0,91570.0,91570.0,False
2019-01-13 22:10:00,686223.0,822498.2707148042,822499.0,0.0,136276.0,136276.0,False
2019-01-13 22:11:00,646201.0,795780.7109223465,795781.0,0.0,149580.0,149580.0,False
2019-01-13 22:12:00,609603.0,801898.563098701,801899.0,0.0,192296.0,192296.0,False
2019-01-13 22:13:00,604766.0,782974.0965174058,782975.0,0.0,178209.0,178209.0,False
2019-01-13 22:14:00,594416.0,767459.1121577129,767460.0,0.0,173044.0,173044.0,False
2019-01-13 22:15:00,621235.0,779259.0975329874,779260.0,0.0,158025.0,158025.0,False
2019-01-13 22:16:00,620688.0,775123.325410248,775124.0,0.0,154436.0,154436.0,False
2019-01-13 22:17:00,603620.0,766786.4693738727,766787.0,0.0,163167.0,163167.0,False
2019-01-13 22:18:00,595076.0,768109.1951872647,768110.0,0.0,173034.0,173034.0,False
2019-01-13 22:19:00,599093.0,737343.7259835148,737344.0,0.0,138251.0,138251.0,False
2019-01-13 22:20:00,628357.0,769934.9734427924,769935.0,0.0,141578.0,141578.0,False
2019-01-13 22:21:00,615706.0,751579.7242977293,751580.0,0.0,135874.0,135874.0,False
2019-01-13 22:22:00,595043.0,741366.7925962307,741367.0,0.0,146324.0,146324.0,False
2019-01-13 22:23:00,584889.0,735956.4573509833,735957.0,0.0,151068.0,151068.0,False
2019-01-13 22:24:00,602746.0,783676.4273095117,783677.0,0.0,180931.0,180931.0,False
2019-01-13 22:25:00,604465.0,789857.9092862204,789858.0,0.0,185393.0,185393.0,False
2019-01-13 22:26:00,604272.0,829034.4700622712,829035.0,0.0,224763.0,224763.0,False
2019-01-13 22:27:00,600918.0,835052.7688901273,835053.0,0.0,234135.0,234135.0,False
2019-01-13 22:28:00,598259.0,787502.4092689783,787503.0,0.0,189244.0,189244.0,False
2019-01-13 22:29:00,590528.0,769864.7789889858,769865.0,0.0,179337.0,179337.0,False
2019-01-13 22:30:00,671020.0,859264.8883974452,859265.0,0.0,188245.0,188245.0,False
2019-01-13 22:31:00,621894.0,825700.1926699955,825701.0,0.0,203807.0,203807.0,False
2019-01-13 22:32:00,609808.0,812252.6427706075,812253.0,0.0,202445.0,202445.0,False
2019-01-13 22:33:00,616165.0,791441.3635353879,791442.0,0.0,175277.0,175277.0,False
2019-01-13 22:34:00,595543.0,782836.4969786233,782837.0,0.0,187294.0,187294.0,False
2019-01-13 22:35:00,600690.0,796593.4434281316,796594.0,0.0,195904.0,195904.0,False
2019-01-13 22:36:00,618716.0,759866.3519255508,759867.0,0.0,141151.0,141151.0,False
2019-01-13 22:37:00,604539.0,756702.6756740847,756703.0,0.0,152164.0,152164.0,False
2019-01-13 22:38:00,591946.0,743086.8566928583,743087.0,0.0,151141.0,151141.0,False
2019-01-13 22:39:00,589484.0,742460.5945666115,742461.0,0.0,152977.0,152977.0,False
2019-01-13 22:40:00,626425.0,796252.9588728852,796253.0,0.0,169828.0,169828.0,False
2019-01-13 22:41:00,594423.0,759885.6630381776,759886.0,0.0,165463.0,165463.0,False
2019-01-13 22:42:00,593449.0,744947.1819573188,744948.0,0.0,151499.0,151499.0,False
2019-01-13 22:43:00,595221.0,733198.0123762942,733199.0,0.0,137978.0,137978.0,False
2019-01-13 22:44:00,581324.0,736426.4943159175,736427.0,0.0,155103.0,155103.0,False
2019-01-13 22:45:00,612038.0,764049.1116046653,764050.0,0.0,152012.0,152012.0,False
2019-01-13 22:46:00,634439.0,771418.4035251245,771419.0,0.0,136980.0,136980.0,False
2019-01-13 22:47:00,612552.0,784360.0894743955,784361.0,0.0,171809.0,171809.0,False
2019-01-13 22:48:00,608745.0,760154.4717283652,760155.0,0.0,151410.0,151410.0,False
2019-01-13 22:49:00,599187.0,772718.643537444,772719.0,0.0,173532.0,173532.0,False
2019-01-13 22:50:00,629791.0,744824.3826364817,744825.0,0.0,115034.0,115034.0,False
2019-01-13 22:51:00,608112.0,702048.3031033765,702049.0,0.0,93937.0,93937.0,False
2019-01-13 22:52:00,588502.0,707998.0085297349,707999.0,0.0,119497.0,119497.0,False
2019-01-13 22:53:00,591968.0,704858.9810356841,704859.0,0.0,112891.0,112891.0,False
2019-01-13 22:54:00,593665.0,729073.652526459,729074.0,0.0,135409.0,135409.0,False
2019-01-13 22:55:00,597600.0,763395.9208802758,763396.0,0.0,165796.0,165796.0,False
2019-01-13 22:56:00,589237.0,731851.3233453437,731852.0,0.0,142615.0,142615.0,False
2019-01-13 22:57:00,585298.0,722217.4733688141,722218.0,0.0,136920.0,136920.0,False
2019-01-13 22:58:00,606630.0,678428.5037183319,678429.0,0.0,71799.0,71799.0,False
2019-01-13 22:59:00,589822.0,702585.9194546908,702586.0,0.0,112764.0,112764.0,False
2019-01-13 23:00:00,703777.0,823732.5332728438,823733.0,0.0,119956.0,119956.0,False
2019-01-13 23:01:00,647071.0,778083.4616454425,778084.0,0.0,131013.0,131013.0,False
2019-01-13 23:02:00,635905.0,761931.4029108004,761932.0,0.0,126027.0,126027.0,False
2019-01-13 23:03:00,620118.0,768375.4593111854,768376.0,0.0,148258.0,148258.0,False
2019-01-13 23:04:00,608038.0,729348.758867096,729349.0,0.0,121311.0,121311.0,False
2019-01-13 23:05:00,614425.0,753510.8928630501,753511.0,0.0,139086.0,139086.0,False
2019-01-13 23:06:00,613815.0,785812.8841198373,785813.0,0.0,171998.0,171998.0,False
2019-01-13 23:07:00,669309.0,804423.6848210198,804424.0,0.0,135115.0,135115.0,False
2019-01-13 23:08:00,659348.0,808605.2075694549,808606.0,0.0,149258.0,149258.0,False
2019-01-13 23:09:00,662596.0,823481.0093956438,823482.0,0.0,160886.0,160886.0,False
2019-01-13 23:10:00,686017.0,835501.4270804793,835502.0,0.0,149485.0,149485.0,False
2019-01-13 23:11:00,644829.0,747887.66510306,747888.0,0.0,103059.0,103059.0,False
2019-01-13 23:12:00,624998.0,758446.8989732435,758447.0,0.0,133449.0,133449.0,False
2019-01-13 23:13:00,618167.0,722850.7397284437,722851.0,0.0,104684.0,104684.0,False
2019-01-13 23:14:00,599244.0,731816.972676116,731817.0,0.0,132573.0,132573.0,False
2019-01-13 23:15:00,626728.0,731889.5837842369,731890.0,0.0,105162.0,105162.0,False
2019-01-13 23:16:00,606231.0,707564.5466494092,707565.0,0.0,101334.0,101334.0,False
2019-01-13 23:17:00,608134.0,714379.916575287,714380.0,0.0,106246.0,106246.0,False
2019-01-13 23:18:00,612232.0,707493.0342410448,707494.0,0.0,95262.0,95262.0,False
2019-01-13 23:19:00,589391.0,715488.9617683656,715489.0,0.0,126098.0,126098.0,False
2019-01-13 23:20:00,644545.0,710914.6315384458,710915.0,0.0,66370.0,66370.0,False
2019-01-13 23:21:00,636841.0,685411.2782939272,685412.0,0.0,48571.0,48571.0,False
2019-01-13 23:22:00,611602.0,704651.8186611999,704652.0,0.0,93050.0,93050.0,False
2019-01-13 23:23:00,593237.0,706603.9321990479,706604.0,0.0,113367.0,113367.0,False
2019-01-13 23:24:00,608121.0,703445.1691178152,703446.0,0.0,95325.0,95325.0,False
2019-01-13 23:25:00,604425.0,701312.728239913,701313.0,0.0,96888.0,96888.0,False
2019-01-13 23:26:00,593230.0,707165.4319975794,707166.0,0.0,113936.0,113936.0,False
2019-01-13 23:27:00,602130.0,689014.5528663617,689015.0,0.0,86885.0,86885.0,False
2019-01-13 23:28:00,605886.0,700104.7402331106,700105.0,0.0,94219.0,94219.0,False
2019-01-13 23:29:00,621249.0,704358.6316313598,704359.0,0.0,83110.0,83110.0,False
2019-01-13 23:30:00,680201.0,789834.4439877145,789835.0,0.0,109634.0,109634.0,False
2019-01-13 23:31:00,630802.0,721157.5615088139,721158.0,0.0,90356.0,90356.0,False
2019-01-13 23:32:00,615899.0,724958.1011532393,724959.0,0.0,109060.0,109060.0,False
2019-01-13 23:33:00,620871.0,733819.06688337,733820.0,0.0,112949.0,112949.0,False
2019-01-13 23:34:00,598207.0,714832.3668498887,714833.0,0.0,116626.0,116626.0,False
2019-01-13 23:35:00,610651.0,715227.4614087765,715228.0,0.0,104577.0,104577.0,False
2019-01-13 23:36:00,600688.0,706235.8754412504,706236.0,0.0,105548.0,105548.0,False
2019-01-13 23:37:00,604343.0,671892.9399992863,671893.0,0.0,67550.0,67550.0,False
2019-01-13 23:38:00,600874.0,687456.1693378699,687457.0,0.0,86583.0,86583.0,False
2019-01-13 23:39:00,573240.0,668089.3320211372,668090.0,0.0,94850.0,94850.0,False
2019-01-13 23:40:00,621477.0,714089.2216171678,714090.0,0.0,92613.0,92613.0,False
2019-01-13 23:41:00,602338.0,655968.1340835652,655969.0,0.0,53631.0,53631.0,False
2019-01-13 23:42:00,590068.0,645650.3837256266,645651.0,0.0,55583.0,55583.0,False
2019-01-13 23:43:00,596692.0,653178.6206671568,653179.0,0.0,56487.0,56487.0,False
2019-01-13 23:44:00,600927.0,681840.9596790201,681841.0,0.0,80914.0,80914.0,False
2019-01-13 23:45:00,653071.0,682334.7406209474,682335.0,0.0,29264.0,29264.0,False
2019-01-13 23:46:00,621614.0,677562.0852238722,677563.0,0.0,55949.0,55949.0,False
2019-01-13 23:47:00,606799.0,671652.1637503997,671653.0,0.0,64854.0,64854.0,False
2019-01-13 23:48:00,598873.0,673313.3838833239,673314.0,0.0,74441.0,74441.0,False
2019-01-13 23:49:00,591034.0,678079.7137038461,678080.0,0.0,87046.0,87046.0,False
2019-01-13 23:50:00,618909.0,686358.0847275619,686359.0,0.0,67450.0,67450.0,False
2019-01-13 23:51:00,592778.0,676965.5780238843,676966.0,0.0,84188.0,84188.0,False
2019-01-13 23:52:00,583822.0,647924.0478593257,647925.0,0.0,64103.0,64103.0,False
2019-01-13 23:53:00,572881.0,650205.5497116812,650206.0,0.0,77325.0,77325.0,False
2019-01-13 23:54:00,579033.0,654351.1559138612,654352.0,0.0,75319.0,75319.0,False
2019-01-13 23:55:00,601101.0,671076.133634847,671077.0,0.0,69976.0,69976.0,False
2019-01-13 23:56:00,605542.0,676352.763776624,676353.0,0.0,70811.0,70811.0,False
2019-01-13 23:57:00,578247.0,657906.0487354486,657907.0,0.0,79660.0,79660.0,False
2019-01-13 23:58:00,593032.0,646263.100628418,646264.0,0.0,53232.0,53232.0,False
2019-01-13 23:59:00,582241.0,646038.5096460454,646039.0,0.0,63798.0,63798.0,False
2019-01-14 00:00:00,724008.0,810207.269763507,810208.0,0.0,86200.0,86200.0,False
2019-01-14 00:01:00,686866.0,754839.5396070811,754840.0,0.0,67974.0,67974.0,False
2019-01-14 00:02:00,676676.0,763737.1777348795,763738.0,0.0,87062.0,87062.0,False
2019-01-14 00:03:00,702263.0,757905.6676976401,757906.0,0.0,55643.0,55643.0,False
2019-01-14 00:04:00,750027.0,740287.622561449,740288.0,9739.0,0.0,97390.0,False
2019-01-14 00:05:00,768514.0,760595.1285044396,760596.0,7918.0,0.0,79180.0,False
2019-01-14 00:06:00,760477.0,823941.3555674771,823942.0,0.0,63465.0,63465.0,False
2019-01-14 00:07:00,690234.0,890220.431645974,890221.0,0.0,199987.0,199987.0,False
2019-01-14 00:08:00,653675.0,885100.6856793016,885101.0,0.0,231426.0,231426.0,False
2019-01-14 00:09:00,646362.0,906481.3739661117,906482.0,0.0,260120.0,260120.0,False
2019-01-14 00:10:00,661470.0,854999.6105258195,855000.0,0.0,193530.0,193530.0,False
2019-01-14 00:11:00,614286.0,806887.6640492118,806888.0,0.0,192602.0,192602.0,False
2019-01-14 00:12:00,640283.0,790261.7855569082,790262.0,0.0,149979.0,149979.0,False
2019-01-14 00:13:00,661933.0,788542.8722567179,788543.0,0.0,126610.0,126610.0,False
2019-01-14 00:14:00,647814.0,796921.8111038166,796922.0,0.0,149108.0,149108.0,False
2019-01-14 00:15:00,660230.0,810756.206109367,810757.0,0.0,150527.0,150527.0,False
2019-01-14 00:16:00,633263.0,802998.9414467404,802999.0,0.0,169736.0,169736.0,False
2019-01-14 00:17:00,612830.0,807727.6319248406,807728.0,0.0,194898.0,194898.0,False
2019-01-14 00:18:00,620193.0,814034.9029168901,814035.0,0.0,193842.0,193842.0,False
2019-01-14 00:19:00,602740.0,806810.3889486619,806811.0,0.0,204071.0,204071.0,False
2019-01-14 00:20:00,633806.0,825522.9589037455,825523.0,0.0,191717.0,191717.0,False
2019-01-14 00:21:00,614246.0,800220.7481728703,800221.0,0.0,185975.0,185975.0,False
2019-01-14 00:22:00,592625.0,778920.5999090783,778921.0,0.0,186296.0,186296.0,False
2019-01-14 00:23:00,606052.0,788157.6414185887,788158.0,0.0,182106.0,182106.0,False
2019-01-14 00:24:00,596656.0,800159.9286422571,800160.0,0.0,203504.0,203504.0,False
2019-01-14 00:25:00,630457.0,784048.1648593355,784049.0,0.0,153592.0,153592.0,False
2019-01-14 00:26:00,612414.0,775334.4970308879,775335.0,0.0,162921.0,162921.0,False
2019-01-14 00:27:00,615933.0,770189.9347875733,770190.0,0.0,154257.0,154257.0,False
2019-01-14 00:28:00,612140.0,771236.8730672701,771237.0,0.0,159097.0,159097.0,False
2019-01-14 00:29:00,619235.0,781411.3097527548,781412.0,0.0,162177.0,162177.0,False
2019-01-14 00:30:00,661329.0,871832.5872894815,871833.0,0.0,210504.0,210504.0,False
2019-01-14 00:31:00,651960.0,807604.6059250198,807605.0,0.0,155645.0,155645.0,False
2019-01-14 00:32:00,604361.0,817340.9593121429,817341.0,0.0,212980.0,212980.0,False
2019-01-14 00:33:00,608555.0,797835.7901893936,797836.0,0.0,189281.0,189281.0,False
2019-01-14 00:34:00,607374.0,801210.92543125,801211.0,0.0,193837.0,193837.0,False
2019-01-14 00:35:00,593715.0,793405.5657626177,793406.0,0.0,199691.0,199691.0,False
2019-01-14 00:36:00,589115.0,763106.5396775976,763107.0,0.0,173992.0,173992.0,False
2019-01-14 00:37:00,574144.0,734976.6657705919,734977.0,0.0,160833.0,160833.0,False
2019-01-14 00:38:00,599723.0,741949.9672298061,741950.0,0.0,142227.0,142227.0,False
2019-01-14 00:39:00,588388.0,708030.3522672353,708031.0,0.0,119643.0,119643.0,False
2019-01-14 00:40:00,616983.0,707335.9699357101,707336.0,0.0,90353.0,90353.0,False
2019-01-14 00:41:00,600285.0,680807.9932453267,680808.0,0.0,80523.0,80523.0,False
2019-01-14 00:42:00,580191.0,680458.815194403,680459.0,0.0,100268.0,100268.0,False
2019-01-14 00:43:00,589322.0,676326.2272932263,676327.0,0.0,87005.0,87005.0,False
2019-01-14 00:44:00,589025.0,666081.5853906719,666082.0,0.0,77057.0,77057.0,False
2019-01-14 00:45:00,615643.0,696671.1467019606,696672.0,0.0,81029.0,81029.0,False
2019-01-14 00:46:00,607328.0,693837.4808415127,693838.0,0.0,86510.0,86510.0,False
2019-01-14 00:47:00,593823.0,675361.3540804781,675362.0,0.0,81539.0,81539.0,False
2019-01-14 00:48:00,593657.0,666186.628952832,666187.0,0.0,72530.0,72530.0,False
2019-01-14 00:49:00,598774.0,664812.8302104651,664813.0,0.0,66039.0,66039.0,False
2019-01-14 00:50:00,635094.0,684291.0382687872,684292.0,0.0,49198.0,49198.0,False
2019-01-14 00:51:00,606319.0,660313.9907455917,660314.0,0.0,53995.0,53995.0,False
2019-01-14 00:52:00,583038.0,672683.4276311873,672684.0,0.0,89646.0,89646.0,False
2019-01-14 00:53:00,582240.0,659774.2644736704,659775.0,0.0,77535.0,77535.0,False
2019-01-14 00:54:00,590908.0,662044.9246865362,662045.0,0.0,71137.0,71137.0,False
2019-01-14 00:55:00,595042.0,675833.2844583986,675834.0,0.0,80792.0,80792.0,False
2019-01-14 00:56:00,612850.0,655253.305870813,655254.0,0.0,42404.0,42404.0,False
2019-01-14 00:57:00,609483.0,672595.1896498352,672596.0,0.0,63113.0,63113.0,False
2019-01-14 00:58:00,587247.0,659176.3672675607,659177.0,0.0,71930.0,71930.0,False
2019-01-14 00:59:00,577520.0,648244.4084843582,648245.0,0.0,70725.0,70725.0,False
2019-01-14 01:00:00,676954.0,751383.2914811315,751384.0,0.0,74430.0,74430.0,False
2019-01-14 01:01:00,639336.0,686048.5959088267,686049.0,0.0,46713.0,46713.0,False
2019-01-14 01:02:00,635492.0,681963.1864775663,681964.0,0.0,46472.0,46472.0,False
2019-01-14 01:03:00,625915.0,693151.1825813646,693152.0,0.0,67237.0,67237.0,False
2019-01-14 01:04:00,602986.0,678655.2422155194,678656.0,0.0,75670.0,75670.0,False
2019-01-14 01:05:00,615172.0,686346.4774855339,686347.0,0.0,71175.0,71175.0,False
2019-01-14 01:06:00,650273.0,674937.0866115151,674938.0,0.0,24665.0,24665.0,False
2019-01-14 01:07:00,658641.0,691101.3218144228,691102.0,0.0,32461.0,32461.0,False
2019-01-14 01:08:00,672226.0,680763.8893251559,680764.0,0.0,8538.0,8538.0,False
2019-01-14 01:09:00,664053.0,687770.1656139852,687771.0,0.0,23718.0,23718.0,False
2019-01-14 01:10:00,688272.0,718831.0034944761,718832.0,0.0,30560.0,30560.0,False
2019-01-14 01:11:00,662530.0,716427.9866204188,716428.0,0.0,53898.0,53898.0,False
2019-01-14 01:12:00,619185.0,702845.9182509236,702846.0,0.0,83661.0,83661.0,False
2019-01-14 01:13:00,603714.0,698196.5496567518,698197.0,0.0,94483.0,94483.0,False
2019-01-14 01:14:00,582492.0,694242.47939043,694243.0,0.0,111751.0,111751.0,False
2019-01-14 01:15:00,601546.0,726788.1464903431,726789.0,0.0,125243.0,125243.0,False
2019-01-14 01:16:00,599824.0,729958.1431453213,729959.0,0.0,130135.0,130135.0,False
2019-01-14 01:17:00,595465.0,737027.7608481458,737028.0,0.0,141563.0,141563.0,False
2019-01-14 01:18:00,583158.0,748686.1166537794,748687.0,0.0,165529.0,165529.0,False
2019-01-14 01:19:00,580202.0,744941.9858551482,744942.0,0.0,164740.0,164740.0,False
2019-01-14 01:20:00,605787.0,760895.806287292,760896.0,0.0,155109.0,155109.0,False
2019-01-14 01:21:00,574633.0,728639.1685169308,728640.0,0.0,154007.0,154007.0,False
2019-01-14 01:22:00,578424.0,745467.99944327,745468.0,0.0,167044.0,167044.0,False
2019-01-14 01:23:00,564686.0,732125.0419846424,732126.0,0.0,167440.0,167440.0,False
2019-01-14 01:24:00,563107.0,695140.6461196053,695141.0,0.0,132034.0,132034.0,False
2019-01-14 01:25:00,586602.0,710115.046270578,710116.0,0.0,123514.0,123514.0,False
2019-01-14 01:26:00,572238.0,717076.420856234,717077.0,0.0,144839.0,144839.0,False
2019-01-14 01:27:00,583263.0,692297.9801930378,692298.0,0.0,109035.0,109035.0,False
2019-01-14 01:28:00,586359.0,710227.5055876903,710228.0,0.0,123869.0,123869.0,False
2019-01-14 01:29:00,592079.0,691123.7634284317,691124.0,0.0,99045.0,99045.0,False
2019-01-14 01:30:00,631658.0,777149.9281302738,777150.0,0.0,145492.0,145492.0,False
2019-01-14 01:31:00,610743.0,722850.6862677095,722851.0,0.0,112108.0,112108.0,False
2019-01-14 01:32:00,593795.0,721937.5526789258,721938.0,0.0,128143.0,128143.0,False
2019-01-14 01:33:00,612835.0,718587.4665314001,718588.0,0.0,105753.0,105753.0,False
2019-01-14 01:34:00,587121.0,708006.6990307925,708007.0,0.0,120886.0,120886.0,False
2019-01-14 01:35:00,593417.0,728484.8851603976,728485.0,0.0,135068.0,135068.0,False
2019-01-14 01:36:00,599434.0,721023.889811198,721024.0,0.0,121590.0,121590.0,False
2019-01-14 01:37:00,594103.0,714335.8394793982,714336.0,0.0,120233.0,120233.0,False
2019-01-14 01:38:00,598315.0,692142.2332845513,692143.0,0.0,93828.0,93828.0,False
2019-01-14 01:39:00,598095.0,681467.0677005827,681468.0,0.0,83373.0,83373.0,False
2019-01-14 01:40:00,612515.0,700504.3437021995,700505.0,0.0,87990.0,87990.0,False
2019-01-14 01:41:00,594206.0,662354.7188978636,662355.0,0.0,68149.0,68149.0,False
2019-01-14 01:42:00,584676.0,669304.3930899474,669305.0,0.0,84629.0,84629.0,False
2019-01-14 01:43:00,593841.0,673327.9130271722,673328.0,0.0,79487.0,79487.0,False
2019-01-14 01:44:00,572140.0,664123.7685718834,664124.0,0.0,91984.0,91984.0,False
2019-01-14 01:45:00,592478.0,714806.6509928132,714807.0,0.0,122329.0,122329.0,False
2019-01-14 01:46:00,581277.0,686999.4686007459,687000.0,0.0,105723.0,105723.0,False
2019-01-14 01:47:00,576015.0,677518.1205036527,677519.0,0.0,101504.0,101504.0,False
2019-01-14 01:48:00,593748.0,675553.9385571688,675554.0,0.0,81806.0,81806.0,False
2019-01-14 01:49:00,588534.0,645029.5856212436,645030.0,0.0,56496.0,56496.0,False
2019-01-14 01:50:00,604205.0,678730.0173864624,678731.0,0.0,74526.0,74526.0,False
2019-01-14 01:51:00,585638.0,648359.2590546575,648360.0,0.0,62722.0,62722.0,False
2019-01-14 01:52:00,586197.0,655293.3426939667,655294.0,0.0,69097.0,69097.0,False
2019-01-14 01:53:00,589045.0,634569.5364235569,634570.0,0.0,45525.0,45525.0,False
2019-01-14 01:54:00,586329.0,626933.433127545,626934.0,0.0,40605.0,40605.0,False
2019-01-14 01:55:00,594730.0,646942.0334714314,646943.0,0.0,52213.0,52213.0,False
2019-01-14 01:56:00,604010.0,638237.0184600048,638238.0,0.0,34228.0,34228.0,False
2019-01-14 01:57:00,553544.0,615148.9019978568,615149.0,0.0,61605.0,61605.0,False
2019-01-14 01:58:00,583737.0,628676.6385794841,628677.0,0.0,44940.0,44940.0,False
2019-01-14 01:59:00,574871.0,635455.3662068977,635456.0,0.0,60585.0,60585.0,False
2019-01-14 02:00:00,662813.0,725982.6224691683,725983.0,0.0,63170.0,63170.0,False
2019-01-14 02:01:00,626663.0,671010.1786409683,671011.0,0.0,44348.0,44348.0,False
2019-01-14 02:02:00,630428.0,656842.447860147,656843.0,0.0,26415.0,26415.0,False
2019-01-14 02:03:00,610738.0,669872.0845497949,669873.0,0.0,59135.0,59135.0,False
2019-01-14 02:04:00,603111.0,655365.1497362355,655366.0,0.0,52255.0,52255.0,False
2019-01-14 02:05:00,630392.0,664807.4847088453,664808.0,0.0,34416.0,34416.0,False
2019-01-14 02:06:00,702394.0,651311.0167968406,651312.0,51082.0,0.0,510820.0,False
2019-01-14 02:07:00,698618.0,783298.318145678,783299.0,0.0,84681.0,84681.0,False
2019-01-14 02:08:00,699105.0,782313.6195110647,782314.0,0.0,83209.0,83209.0,False
2019-01-14 02:09:00,646306.0,755973.2884822552,755974.0,0.0,109668.0,109668.0,False
2019-01-14 02:10:00,618290.0,744999.1639341301,745000.0,0.0,126710.0,126710.0,False
2019-01-14 02:11:00,621798.0,721217.9798980968,721218.0,0.0,99420.0,99420.0,False
2019-01-14 02:12:00,599828.0,743330.6345592074,743331.0,0.0,143503.0,143503.0,False
2019-01-14 02:13:00,606306.0,720988.343193243,720989.0,0.0,114683.0,114683.0,False
2019-01-14 02:14:00,612062.0,707270.5391319537,707271.0,0.0,95209.0,95209.0,False
2019-01-14 02:15:00,630775.0,701443.1842254899,701444.0,0.0,70669.0,70669.0,False
2019-01-14 02:16:00,619182.0,689161.2436965706,689162.0,0.0,69980.0,69980.0,False
2019-01-14 02:17:00,597184.0,681408.5725545088,681409.0,0.0,84225.0,84225.0,False
2019-01-14 02:18:00,578319.0,680377.4679964952,680378.0,0.0,102059.0,102059.0,False
2019-01-14 02:19:00,577190.0,669924.4709319489,669925.0,0.0,92735.0,92735.0,False
2019-01-14 02:20:00,606664.0,690675.0929520426,690676.0,0.0,84012.0,84012.0,False
2019-01-14 02:21:00,608332.0,691874.5585927402,691875.0,0.0,83543.0,83543.0,False
2019-01-14 02:22:00,577247.0,670306.4428967778,670307.0,0.0,93060.0,93060.0,False
2019-01-14 02:23:00,588671.0,653883.3707827126,653884.0,0.0,65213.0,65213.0,False
2019-01-14 02:24:00,591482.0,657804.1306137327,657805.0,0.0,66323.0,66323.0,False
2019-01-14 02:25:00,600822.0,673973.09966745,673974.0,0.0,73152.0,73152.0,False
2019-01-14 02:26:00,601005.0,675708.7898682549,675709.0,0.0,74704.0,74704.0,False
2019-01-14 02:27:00,585256.0,667052.6318826226,667053.0,0.0,81797.0,81797.0,False
2019-01-14 02:28:00,619376.0,680277.5856684991,680278.0,0.0,60902.0,60902.0,False
2019-01-14 02:29:00,597214.0,683407.0764787495,683408.0,0.0,86194.0,86194.0,False
2019-01-14 02:30:00,657216.0,747821.7825367671,747822.0,0.0,90606.0,90606.0,False
2019-01-14 02:31:00,590080.0,717420.787261712,717421.0,0.0,127341.0,127341.0,False
2019-01-14 02:32:00,613328.0,678651.024109311,678652.0,0.0,65324.0,65324.0,False
2019-01-14 02:33:00,607946.0,702333.5787622213,702334.0,0.0,94388.0,94388.0,False
2019-01-14 02:34:00,593981.0,681419.3728868389,681420.0,0.0,87439.0,87439.0,False
2019-01-14 02:35:00,605660.0,701047.201076112,701048.0,0.0,95388.0,95388.0,False
2019-01-14 02:36:00,606875.0,663751.7437298073,663752.0,0.0,56877.0,56877.0,False
2019-01-14 02:37:00,584617.0,651487.614805528,651488.0,0.0,66871.0,66871.0,False
2019-01-14 02:38:00,575358.0,644686.385114577,644687.0,0.0,69329.0,69329.0,False
2019-01-14 02:39:00,579152.0,646798.8128058546,646799.0,0.0,67647.0,67647.0,False
2019-01-14 02:40:00,615563.0,681036.1285638335,681037.0,0.0,65474.0,65474.0,False
2019-01-14 02:41:00,594108.0,642420.9811620669,642421.0,0.0,48313.0,48313.0,False
2019-01-14 02:42:00,593272.0,611329.0750000933,611330.0,0.0,18058.0,18058.0,False
2019-01-14 02:43:00,592151.0,618777.8735474617,618778.0,0.0,26627.0,26627.0,False
2019-01-14 02:44:00,596551.0,629577.2596419153,629578.0,0.0,33027.0,33027.0,False
2019-01-14 02:45:00,626458.0,643323.6584481988,643324.0,0.0,16866.0,16866.0,False
2019-01-14 02:46:00,620164.0,626414.8691195468,626415.0,0.0,6251.0,6251.0,False
2019-01-14 02:47:00,604021.0,636935.4123311117,636936.0,0.0,32915.0,32915.0,False
2019-01-14 02:48:00,579581.0,647429.9716432026,647430.0,0.0,67849.0,67849.0,False
2019-01-14 02:49:00,592229.0,630546.607685639,630547.0,0.0,38318.0,38318.0,False
2019-01-14 02:50:00,628801.0,634920.4111700242,634921.0,0.0,6120.0,6120.0,False
2019-01-14 02:51:00,589419.0,637183.4436982196,637184.0,0.0,47765.0,47765.0,False
2019-01-14 02:52:00,586251.0,644833.7020563994,644834.0,0.0,58583.0,58583.0,False
2019-01-14 02:53:00,571031.0,633086.5792489535,633087.0,0.0,62056.0,62056.0,False
2019-01-14 02:54:00,578521.0,627535.582992985,627536.0,0.0,49015.0,49015.0,False
2019-01-14 02:55:00,597500.0,628801.6552662326,628802.0,0.0,31302.0,31302.0,False
2019-01-14 02:56:00,588547.0,632666.7356173266,632667.0,0.0,44120.0,44120.0,False
2019-01-14 02:57:00,591917.0,628750.7386549724,628751.0,0.0,36834.0,36834.0,False
2019-01-14 02:58:00,584230.0,626145.282373431,626146.0,0.0,41916.0,41916.0,False
2019-01-14 02:59:00,593274.0,641467.6602018783,641468.0,0.0,48194.0,48194.0,False
2019-01-14 03:00:00,679837.0,746503.8180596475,746504.0,0.0,66667.0,66667.0,False
2019-01-14 03:01:00,622688.0,665805.6853359409,665806.0,0.0,43118.0,43118.0,False
2019-01-14 03:02:00,604889.0,638815.5790394966,638816.0,0.0,33927.0,33927.0,False
2019-01-14 03:03:00,617184.0,624465.7340716395,624466.0,0.0,7282.0,7282.0,False
2019-01-14 03:04:00,597274.0,633020.4080576,633021.0,0.0,35747.0,35747.0,False
2019-01-14 03:05:00,622600.0,630584.7642130762,630585.0,0.0,7985.0,7985.0,False
2019-01-14 03:06:00,592123.0,621550.5533075543,621551.0,0.0,29428.0,29428.0,False
2019-01-14 03:07:00,626849.0,696619.8910612836,696620.0,0.0,69771.0,69771.0,False
2019-01-14 03:08:00,682292.0,712973.5429905882,712974.0,0.0,30682.0,30682.0,False
2019-01-14 03:09:00,700401.0,721859.9250308293,721860.0,0.0,21459.0,21459.0,False
2019-01-14 03:10:00,666389.0,673890.6025949839,673891.0,0.0,7502.0,7502.0,False
2019-01-14 03:11:00,612572.0,613417.405908488,613418.0,0.0,846.0,846.0,False
2019-01-14 03:12:00,621920.0,652628.8601860607,652629.0,0.0,30709.0,30709.0,False
2019-01-14 03:13:00,613161.0,751508.5085203433,751509.0,0.0,138348.0,138348.0,False
2019-01-14 03:14:00,609025.0,774984.0908656168,774985.0,0.0,165960.0,165960.0,False
2019-01-14 03:15:00,623121.0,724663.2273445318,724664.0,0.0,101543.0,101543.0,False
2019-01-14 03:16:00,637494.0,687182.3383497465,687183.0,0.0,49689.0,49689.0,False
2019-01-14 03:17:00,635466.0,695749.9992283506,695750.0,0.0,60284.0,60284.0,False
2019-01-14 03:18:00,617721.0,691493.129422418,691494.0,0.0,73773.0,73773.0,False
2019-01-14 03:19:00,583251.0,662725.1217078051,662726.0,0.0,79475.0,79475.0,False
2019-01-14 03:20:00,622233.0,687907.2546396151,687908.0,0.0,65675.0,65675.0,False
2019-01-14 03:21:00,615859.0,670033.6735549791,670034.0,0.0,54175.0,54175.0,False
2019-01-14 03:22:00,616556.0,669779.883798482,669780.0,0.0,53224.0,53224.0,False
2019-01-14 03:23:00,597281.0,674501.7821782024,674502.0,0.0,77221.0,77221.0,False
2019-01-14 03:24:00,570549.0,668025.9447923886,668026.0,0.0,97477.0,97477.0,False
2019-01-14 03:25:00,604727.0,676479.0343790089,676480.0,0.0,71753.0,71753.0,False
2019-01-14 03:26:00,598281.0,684454.7811136437,684455.0,0.0,86174.0,86174.0,False
2019-01-14 03:27:00,603782.0,671237.8386656368,671238.0,0.0,67456.0,67456.0,False
2019-01-14 03:28:00,588089.0,681244.4693942493,681245.0,0.0,93156.0,93156.0,False
2019-01-14 03:29:00,607015.0,655197.0553805409,655198.0,0.0,48183.0,48183.0,False
2019-01-14 03:30:00,666081.0,727971.3789924331,727972.0,0.0,61891.0,61891.0,False
2019-01-14 03:31:00,617054.0,689481.4408407819,689482.0,0.0,72428.0,72428.0,False
2019-01-14 03:32:00,589402.0,679865.7792729218,679866.0,0.0,90464.0,90464.0,False
2019-01-14 03:33:00,592313.0,683960.3807716636,683961.0,0.0,91648.0,91648.0,False
2019-01-14 03:34:00,597191.0,651123.4467837078,651124.0,0.0,53933.0,53933.0,False
2019-01-14 03:35:00,608885.0,662597.2363763979,662598.0,0.0,53713.0,53713.0,False
2019-01-14 03:36:00,614924.0,680856.518954548,680857.0,0.0,65933.0,65933.0,False
2019-01-14 03:37:00,591135.0,678180.3375013453,678181.0,0.0,87046.0,87046.0,False
2019-01-14 03:38:00,575684.0,664669.8378554689,664670.0,0.0,88986.0,88986.0,False
2019-01-14 03:39:00,583480.0,660602.237796192,660603.0,0.0,77123.0,77123.0,False
2019-01-14 03:40:00,606771.0,700040.6700403893,700041.0,0.0,93270.0,93270.0,False
2019-01-14 03:41:00,591184.0,677756.1513576678,677757.0,0.0,86573.0,86573.0,False
2019-01-14 03:42:00,579308.0,667721.000978152,667722.0,0.0,88414.0,88414.0,False
2019-01-14 03:43:00,587563.0,664002.6331340933,664003.0,0.0,76440.0,76440.0,False
2019-01-14 03:44:00,578360.0,659223.9883793271,659224.0,0.0,80864.0,80864.0,False
2019-01-14 03:45:00,612950.0,633298.7273629725,633299.0,0.0,20349.0,20349.0,False
2019-01-14 03:46:00,596192.0,617623.456061905,617624.0,0.0,21432.0,21432.0,False
2019-01-14 03:47:00,591518.0,613938.6164724898,613939.0,0.0,22421.0,22421.0,False
2019-01-14 03:48:00,592613.0,630247.8100684728,630248.0,0.0,37635.0,37635.0,False
2019-01-14 03:49:00,579253.0,623866.7261140278,623867.0,0.0,44614.0,44614.0,False
2019-01-14 03:50:00,600333.0,650344.079613088,650345.0,0.0,50012.0,50012.0,False
2019-01-14 03:51:00,604746.0,620543.2514830749,620544.0,0.0,15798.0,15798.0,False
2019-01-14 03:52:00,599344.0,617271.2143154042,617272.0,0.0,17928.0,17928.0,False
2019-01-14 03:53:00,592668.0,624833.4310549113,624834.0,0.0,32166.0,32166.0,False
2019-01-14 03:54:00,594867.0,633574.9476638739,633575.0,0.0,38708.0,38708.0,False
2019-01-14 03:55:00,601547.0,620490.0358406577,620491.0,0.0,18944.0,18944.0,False
2019-01-14 03:56:00,604289.0,609381.3626967473,609382.0,0.0,5093.0,5093.0,False
2019-01-14 03:57:00,585113.0,620520.9712719321,620521.0,0.0,35408.0,35408.0,False
2019-01-14 03:58:00,577410.0,604545.7593491931,604546.0,0.0,27136.0,27136.0,False
2019-01-14 03:59:00,589425.0,608795.3548065859,608796.0,0.0,19371.0,19371.0,False
2019-01-14 04:00:00,697029.0,721987.6686319478,721988.0,0.0,24959.0,24959.0,False
2019-01-14 04:01:00,660790.0,628455.4402084893,628456.0,32334.0,0.0,323340.0,False
2019-01-14 04:02:00,632167.0,644173.8994828088,644174.0,0.0,12007.0,12007.0,False
2019-01-14 04:03:00,631597.0,651297.6108575731,651298.0,0.0,19701.0,19701.0,False
2019-01-14 04:04:00,600180.0,627455.9243174108,627456.0,0.0,27276.0,27276.0,False
2019-01-14 04:05:00,623522.0,641211.5012579317,641212.0,0.0,17690.0,17690.0,False
2019-01-14 04:06:00,596248.0,635507.8724283999,635508.0,0.0,39260.0,39260.0,False
2019-01-14 04:07:00,581607.0,658605.2617076827,658606.0,0.0,76999.0,76999.0,False
2019-01-14 04:08:00,580618.0,637228.2039411517,637229.0,0.0,56611.0,56611.0,False
2019-01-14 04:09:00,591141.0,639410.6749602298,639411.0,0.0,48270.0,48270.0,False
2019-01-14 04:10:00,617690.0,653159.3982481952,653160.0,0.0,35470.0,35470.0,False
2019-01-14 04:11:00,599715.0,639000.6258868584,639001.0,0.0,39286.0,39286.0,False
2019-01-14 04:12:00,589409.0,642470.7578260018,642471.0,0.0,53062.0,53062.0,False
2019-01-14 04:13:00,598879.0,649966.5088246933,649967.0,0.0,51088.0,51088.0,False
2019-01-14 04:14:00,585839.0,638814.6769063688,638815.0,0.0,52976.0,52976.0,False
2019-01-14 04:15:00,604982.0,663830.4025587386,663831.0,0.0,58849.0,58849.0,False
2019-01-14 04:16:00,609346.0,647044.1036102384,647045.0,0.0,37699.0,37699.0,False
2019-01-14 04:17:00,603995.0,652098.573734892,652099.0,0.0,48104.0,48104.0,False
2019-01-14 04:18:00,614134.0,643082.9820824664,643083.0,0.0,28949.0,28949.0,False
2019-01-14 04:19:00,598634.0,649924.9024069059,649925.0,0.0,51291.0,51291.0,False
2019-01-14 04:20:00,612941.0,652844.9039646431,652845.0,0.0,39904.0,39904.0,False
2019-01-14 04:21:00,607902.0,661159.3592181439,661160.0,0.0,53258.0,53258.0,False
2019-01-14 04:22:00,594345.0,640419.3697194036,640420.0,0.0,46075.0,46075.0,False
2019-01-14 04:23:00,591751.0,629581.458174188,629582.0,0.0,37831.0,37831.0,False
2019-01-14 04:24:00,579338.0,640266.1591458652,640267.0,0.0,60929.0,60929.0,False
2019-01-14 04:25:00,599287.0,643758.2197470302,643759.0,0.0,44472.0,44472.0,False
2019-01-14 04:26:00,597834.0,628175.7371196495,628176.0,0.0,30342.0,30342.0,False
2019-01-14 04:27:00,566671.0,626667.7854074498,626668.0,0.0,59997.0,59997.0,False
2019-01-14 04:28:00,584909.0,641043.5044761496,641044.0,0.0,56135.0,56135.0,False
2019-01-14 04:29:00,589918.0,652423.5175175333,652424.0,0.0,62506.0,62506.0,False
2019-01-14 04:30:00,648537.0,714835.1567012154,714836.0,0.0,66299.0,66299.0,False
2019-01-14 04:31:00,615342.0,672694.8803174902,672695.0,0.0,57353.0,57353.0,False
2019-01-14 04:32:00,611144.0,660667.6475473556,660668.0,0.0,49524.0,49524.0,False
2019-01-14 04:33:00,595225.0,666734.974493895,666735.0,0.0,71510.0,71510.0,False
2019-01-14 04:34:00,581029.0,660619.8913112635,660620.0,0.0,79591.0,79591.0,False
2019-01-14 04:35:00,607635.0,666284.3505293592,666285.0,0.0,58650.0,58650.0,False
2019-01-14 04:36:00,592691.0,646563.208736691,646564.0,0.0,53873.0,53873.0,False
2019-01-14 04:37:00,591771.0,639073.3845077489,639074.0,0.0,47303.0,47303.0,False
2019-01-14 04:38:00,587780.0,621065.4995349552,621066.0,0.0,33286.0,33286.0,False
2019-01-14 04:39:00,606984.0,641747.5017910287,641748.0,0.0,34764.0,34764.0,False
2019-01-14 04:40:00,678532.0,668804.0292544761,668805.0,9727.0,0.0,97270.0,False
2019-01-14 04:41:00,668562.0,654672.1676428725,654673.0,13889.0,0.0,138890.0,False
2019-01-14 04:42:00,623387.0,684088.3060714443,684089.0,0.0,60702.0,60702.0,False
2019-01-14 04:43:00,615886.0,681279.1137015366,681280.0,0.0,65394.0,65394.0,False
2019-01-14 04:44:00,647792.0,662137.3957519699,662138.0,0.0,14346.0,14346.0,False
2019-01-14 04:45:00,665412.0,691611.7222739514,691612.0,0.0,26200.0,26200.0,False
2019-01-14 04:46:00,661926.0,680109.0977250244,680110.0,0.0,18184.0,18184.0,False
2019-01-14 04:47:00,645203.0,682921.3045218947,682922.0,0.0,37719.0,37719.0,False
2019-01-14 04:48:00,618127.0,683673.6120095742,683674.0,0.0,65547.0,65547.0,False
2019-01-14 04:49:00,609602.0,684089.9814495159,684090.0,0.0,74488.0,74488.0,False
2019-01-14 04:50:00,614106.0,694214.0900144024,694215.0,0.0,80109.0,80109.0,False
2019-01-14 04:51:00,597144.0,663169.5230492915,663170.0,0.0,66026.0,66026.0,False
2019-01-14 04:52:00,600938.0,677538.4331275087,677539.0,0.0,76601.0,76601.0,False
2019-01-14 04:53:00,593225.0,663600.2649594593,663601.0,0.0,70376.0,70376.0,False
2019-01-14 04:54:00,586083.0,678031.1104195145,678032.0,0.0,91949.0,91949.0,False
2019-01-14 04:55:00,595807.0,690804.1886555596,690805.0,0.0,94998.0,94998.0,False
2019-01-14 04:56:00,600295.0,677507.3498638222,677508.0,0.0,77213.0,77213.0,False
2019-01-14 04:57:00,604990.0,683621.7790590718,683622.0,0.0,78632.0,78632.0,False
2019-01-14 04:58:00,593882.0,693126.977689605,693127.0,0.0,99245.0,99245.0,False
2019-01-14 04:59:00,594173.0,696805.6159133129,696806.0,0.0,102633.0,102633.0,False
2019-01-14 05:00:00,696965.0,819983.3973672495,819984.0,0.0,123019.0,123019.0,False
2019-01-14 05:01:00,661256.0,810025.4015417522,810026.0,0.0,148770.0,148770.0,False
2019-01-14 05:02:00,637970.0,824554.3405024199,824555.0,0.0,186585.0,186585.0,False
2019-01-14 05:03:00,628963.0,859934.9718475619,859935.0,0.0,230972.0,230972.0,False
2019-01-14 05:04:00,592836.0,890398.185588961,890399.0,0.0,297563.0,297563.0,False
2019-01-14 05:05:00,607714.0,834127.3218593062,834128.0,0.0,226414.0,226414.0,False
2019-01-14 05:06:00,592538.0,790037.7543538387,790038.0,0.0,197500.0,197500.0,False
2019-01-14 05:07:00,645079.0,764073.8526764615,764074.0,0.0,118995.0,118995.0,False
2019-01-14 05:08:00,652923.0,788848.9917461349,788849.0,0.0,135926.0,135926.0,False
2019-01-14 05:09:00,657840.0,809595.2240896742,809596.0,0.0,151756.0,151756.0,False
2019-01-14 05:10:00,677156.0,827907.9484092158,827908.0,0.0,150752.0,150752.0,False
2019-01-14 05:11:00,668398.0,788787.3239462303,788788.0,0.0,120390.0,120390.0,False
2019-01-14 05:12:00,656794.0,788438.5180776255,788439.0,0.0,131645.0,131645.0,False
2019-01-14 05:13:00,639662.0,768478.2061584308,768479.0,0.0,128817.0,128817.0,False
2019-01-14 05:14:00,600651.0,795870.6778814504,795871.0,0.0,195220.0,195220.0,False
2019-01-14 05:15:00,627013.0,830309.7927005991,830310.0,0.0,203297.0,203297.0,False
2019-01-14 05:16:00,618807.0,827626.5298110509,827627.0,0.0,208820.0,208820.0,False
2019-01-14 05:17:00,614652.0,940684.2969777444,940685.0,0.0,326033.0,326033.0,False
2019-01-14 05:18:00,608849.0,904156.5497592817,904157.0,0.0,295308.0,295308.0,False
2019-01-14 05:19:00,597392.0,958851.4101776704,958852.0,0.0,361460.0,361460.0,False
2019-01-14 05:20:00,638884.0,929264.7510184218,929265.0,0.0,290381.0,290381.0,False
2019-01-14 05:21:00,653698.0,857998.411609705,857999.0,0.0,204301.0,204301.0,False
2019-01-14 05:22:00,646745.0,842420.0866560547,842421.0,0.0,195676.0,195676.0,False
2019-01-14 05:23:00,623909.0,852212.5764465372,852213.0,0.0,228304.0,228304.0,False
2019-01-14 05:24:00,600845.0,855688.7806290524,855689.0,0.0,254844.0,254844.0,False
2019-01-14 05:25:00,618773.0,842781.911575252,842782.0,0.0,224009.0,224009.0,False
2019-01-14 05:26:00,619560.0,816903.2772609105,816904.0,0.0,197344.0,197344.0,False
2019-01-14 05:27:00,628203.0,825422.6656337155,825423.0,0.0,197220.0,197220.0,False
2019-01-14 05:28:00,594132.0,845850.3516238977,845851.0,0.0,251719.0,251719.0,False
2019-01-14 05:29:00,606977.0,825520.8025253187,825521.0,0.0,218544.0,218544.0,False
2019-01-14 05:30:00,691350.0,874863.7114475355,874864.0,0.0,183514.0,183514.0,False
2019-01-14 05:31:00,672963.0,847359.8183421269,847360.0,0.0,174397.0,174397.0,False
2019-01-14 05:32:00,652094.0,836570.5576678687,836571.0,0.0,184477.0,184477.0,False
2019-01-14 05:33:00,674332.0,855303.6194916826,855304.0,0.0,180972.0,180972.0,False
2019-01-14 05:34:00,648153.0,812587.4990593718,812588.0,0.0,164435.0,164435.0,False
2019-01-14 05:35:00,652818.0,796936.013411028,796937.0,0.0,144119.0,144119.0,False
2019-01-14 05:36:00,643219.0,808077.1845085185,808078.0,0.0,164859.0,164859.0,False
2019-01-14 05:37:00,634244.0,795176.5989420466,795177.0,0.0,160933.0,160933.0,False
2019-01-14 05:38:00,640978.0,794259.2958269023,794260.0,0.0,153282.0,153282.0,False
2019-01-14 05:39:00,648013.0,798210.1324052436,798211.0,0.0,150198.0,150198.0,False
2019-01-14 05:40:00,651590.0,811479.3564091433,811480.0,0.0,159890.0,159890.0,False
2019-01-14 05:41:00,637965.0,767025.7743961803,767026.0,0.0,129061.0,129061.0,False
2019-01-14 05:42:00,632759.0,805877.3736603052,805878.0,0.0,173119.0,173119.0,False
2019-01-14 05:43:00,632653.0,820209.6617969128,820210.0,0.0,187557.0,187557.0,False
2019-01-14 05:44:00,617595.0,797437.5894441232,797438.0,0.0,179843.0,179843.0,False
2019-01-14 05:45:00,640348.0,822681.634937007,822682.0,0.0,182334.0,182334.0,False
2019-01-14 05:46:00,659886.0,830819.6763271397,830820.0,0.0,170934.0,170934.0,False
2019-01-14 05:47:00,663086.0,859527.5052577902,859528.0,0.0,196442.0,196442.0,False
2019-01-14 05:48:00,642775.0,797628.6760512854,797629.0,0.0,154854.0,154854.0,False
2019-01-14 05:49:00,651533.0,769759.8640568719,769760.0,0.0,118227.0,118227.0,False
2019-01-14 05:50:00,655981.0,752498.6921882973,752499.0,0.0,96518.0,96518.0,False
2019-01-14 05:51:00,644054.0,714307.0046588496,714308.0,0.0,70254.0,70254.0,False
2019-01-14 05:52:00,637252.0,704819.3165872438,704820.0,0.0,67568.0,67568.0,False
2019-01-14 05:53:00,634154.0,695979.3009207381,695980.0,0.0,61826.0,61826.0,False
2019-01-14 05:54:00,634984.0,693905.1926494769,693906.0,0.0,58922.0,58922.0,False
2019-01-14 05:55:00,597586.0,693323.0091748139,693324.0,0.0,95738.0,95738.0,False
2019-01-14 05:56:00,612409.0,676194.8607088946,676195.0,0.0,63786.0,63786.0,False
2019-01-14 05:57:00,608468.0,686131.726019275,686132.0,0.0,77664.0,77664.0,False
2019-01-14 05:58:00,623296.0,688387.4011172645,688388.0,0.0,65092.0,65092.0,False
2019-01-14 05:59:00,645371.0,671249.0270685612,671250.0,0.0,25879.0,25879.0,False
2019-01-14 06:00:00,725785.0,795959.718022449,795960.0,0.0,70175.0,70175.0,False
2019-01-14 06:01:00,679964.0,755699.311586311,755700.0,0.0,75736.0,75736.0,False
2019-01-14 06:02:00,679141.0,747766.953161123,747767.0,0.0,68626.0,68626.0,False
2019-01-14 06:03:00,678464.0,766461.2602387097,766462.0,0.0,87998.0,87998.0,False
2019-01-14 06:04:00,647312.0,724180.2895546099,724181.0,0.0,76869.0,76869.0,False
2019-01-14 06:05:00,670040.0,834497.3366062891,834498.0,0.0,164458.0,164458.0,False
2019-01-14 06:06:00,641744.0,822155.8974084449,822156.0,0.0,180412.0,180412.0,False
2019-01-14 06:07:00,634744.0,757249.896926238,757250.0,0.0,122506.0,122506.0,False
2019-01-14 06:08:00,722325.0,869703.902632457,869704.0,0.0,147379.0,147379.0,False
2019-01-14 06:09:00,733797.0,879737.3948464582,879738.0,0.0,145941.0,145941.0,False
2019-01-14 06:10:00,749241.0,784813.082503156,784814.0,0.0,35573.0,35573.0,False
2019-01-14 06:11:00,698603.0,757983.9493836177,757984.0,0.0,59381.0,59381.0,False
2019-01-14 06:12:00,659782.0,771895.57239141,771896.0,0.0,112114.0,112114.0,False
2019-01-14 06:13:00,640003.0,751187.4233103826,751188.0,0.0,111185.0,111185.0,False
2019-01-14 06:14:00,656923.0,751575.7872579165,751576.0,0.0,94653.0,94653.0,False
2019-01-14 06:15:00,651325.0,787202.3711192429,787203.0,0.0,135878.0,135878.0,False
2019-01-14 06:16:00,643850.0,788620.4248380009,788621.0,0.0,144771.0,144771.0,False
2019-01-14 06:17:00,648529.0,777709.1739673879,777710.0,0.0,129181.0,129181.0,False
2019-01-14 06:18:00,660405.0,787986.7787331935,787987.0,0.0,127582.0,127582.0,False
2019-01-14 06:19:00,632829.0,737940.7770585227,737941.0,0.0,105112.0,105112.0,False
2019-01-14 06:20:00,647027.0,746165.3512331457,746166.0,0.0,99139.0,99139.0,False
2019-01-14 06:21:00,628865.0,764597.1249479785,764598.0,0.0,135733.0,135733.0,False
2019-01-14 06:22:00,630520.0,743063.7937480105,743064.0,0.0,112544.0,112544.0,False
2019-01-14 06:23:00,624091.0,751365.9685652102,751366.0,0.0,127275.0,127275.0,False
2019-01-14 06:24:00,628580.0,746045.7775674432,746046.0,0.0,117466.0,117466.0,False
2019-01-14 06:25:00,647373.0,703229.1626213609,703230.0,0.0,55857.0,55857.0,False
2019-01-14 06:26:00,642270.0,696234.053920317,696235.0,0.0,53965.0,53965.0,False
2019-01-14 06:27:00,633911.0,735019.5606095338,735020.0,0.0,101109.0,101109.0,False
2019-01-14 06:28:00,621964.0,746306.4155307575,746307.0,0.0,124343.0,124343.0,False
2019-01-14 06:29:00,611218.0,738648.242761034,738649.0,0.0,127431.0,127431.0,False
2019-01-14 06:30:00,666612.0,777194.0350950637,777195.0,0.0,110583.0,110583.0,False
2019-01-14 06:31:00,618273.0,775485.4527119651,775486.0,0.0,157213.0,157213.0,False
2019-01-14 06:32:00,673224.0,765903.6254494386,765904.0,0.0,92680.0,92680.0,False
2019-01-14 06:33:00,663554.0,752827.8298765467,752828.0,0.0,89274.0,89274.0,False
2019-01-14 06:34:00,658450.0,746967.903192156,746968.0,0.0,88518.0,88518.0,False
2019-01-14 06:35:00,666154.0,771897.6307467115,771898.0,0.0,105744.0,105744.0,False
2019-01-14 06:36:00,631392.0,742428.6924906204,742429.0,0.0,111037.0,111037.0,False
2019-01-14 06:37:00,619589.0,731310.6241765466,731311.0,0.0,111722.0,111722.0,False
2019-01-14 06:38:00,596116.0,729623.1156623943,729624.0,0.0,133508.0,133508.0,False
2019-01-14 06:39:00,619545.0,703889.47624906,703890.0,0.0,84345.0,84345.0,False
2019-01-14 06:40:00,674905.0,758177.9312380739,758178.0,0.0,83273.0,83273.0,False
2019-01-14 06:41:00,657413.0,736954.8047016679,736955.0,0.0,79542.0,79542.0,False
2019-01-14 06:42:00,642517.0,736630.5793177022,736631.0,0.0,94114.0,94114.0,False
2019-01-14 06:43:00,641231.0,740002.4133483847,740003.0,0.0,98772.0,98772.0,False
2019-01-14 06:44:00,654724.0,722021.5897617966,722022.0,0.0,67298.0,67298.0,False
2019-01-14 06:45:00,669955.0,750045.913961993,750046.0,0.0,80091.0,80091.0,False
2019-01-14 06:46:00,652813.0,727149.7169298602,727150.0,0.0,74337.0,74337.0,False
2019-01-14 06:47:00,638826.0,700648.0795207566,700649.0,0.0,61823.0,61823.0,False
2019-01-14 06:48:00,655473.0,707702.3611051433,707703.0,0.0,52230.0,52230.0,False
2019-01-14 06:49:00,657186.0,705561.86609403,705562.0,0.0,48376.0,48376.0,False
2019-01-14 06:50:00,668879.0,735449.9227018429,735450.0,0.0,66571.0,66571.0,False
2019-01-14 06:51:00,645687.0,713276.9570080462,713277.0,0.0,67590.0,67590.0,False
2019-01-14 06:52:00,629315.0,706098.6753673147,706099.0,0.0,76784.0,76784.0,False
2019-01-14 06:53:00,617971.0,733943.6090824202,733944.0,0.0,115973.0,115973.0,False
2019-01-14 06:54:00,637702.0,747591.6668470012,747592.0,0.0,109890.0,109890.0,False
2019-01-14 06:55:00,649616.0,769123.5371053187,769124.0,0.0,119508.0,119508.0,False
2019-01-14 06:56:00,610571.0,728131.5426702468,728132.0,0.0,117561.0,117561.0,False
2019-01-14 06:57:00,678967.0,726243.4444038545,726244.0,0.0,47277.0,47277.0,False
2019-01-14 06:58:00,625666.0,732245.509009864,732246.0,0.0,106580.0,106580.0,False
2019-01-14 06:59:00,593984.0,724047.5964804303,724048.0,0.0,130064.0,130064.0,False
2019-01-14 07:00:00,732733.0,831850.9040994361,831851.0,0.0,99118.0,99118.0,False
2019-01-14 07:01:00,687551.0,771285.7781347794,771286.0,0.0,83735.0,83735.0,False
2019-01-14 07:02:00,684670.0,811196.1837845157,811197.0,0.0,126527.0,126527.0,False
2019-01-14 07:03:00,673223.0,804526.6741259863,804527.0,0.0,131304.0,131304.0,False
2019-01-14 07:04:00,682269.0,772624.844185875,772625.0,0.0,90356.0,90356.0,False
2019-01-14 07:05:00,667838.0,795730.064775377,795731.0,0.0,127893.0,127893.0,False
2019-01-14 07:06:00,731007.0,825832.3634766734,825833.0,0.0,94826.0,94826.0,False
2019-01-14 07:07:00,732876.0,851983.8519668281,851984.0,0.0,119108.0,119108.0,False
2019-01-14 07:08:00,723653.0,834468.1358122948,834469.0,0.0,110816.0,110816.0,False
2019-01-14 07:09:00,705345.0,846137.4900082604,846138.0,0.0,140793.0,140793.0,False
2019-01-14 07:10:00,694661.0,802034.8355237679,802035.0,0.0,107374.0,107374.0,False
2019-01-14 07:11:00,650565.0,766007.2895943751,766008.0,0.0,115443.0,115443.0,False
2019-01-14 07:12:00,626170.0,764503.9021204781,764504.0,0.0,138334.0,138334.0,False
2019-01-14 07:13:00,662314.0,761400.0321466858,761401.0,0.0,99087.0,99087.0,False
2019-01-14 07:14:00,638352.0,755545.8804485379,755546.0,0.0,117194.0,117194.0,False
2019-01-14 07:15:00,671440.0,789239.7934981071,789240.0,0.0,117800.0,117800.0,False
2019-01-14 07:16:00,662209.0,768991.2678084901,768992.0,0.0,106783.0,106783.0,False
2019-01-14 07:17:00,656046.0,762073.1728305287,762074.0,0.0,106028.0,106028.0,False
2019-01-14 07:18:00,659270.0,744701.2275807183,744702.0,0.0,85432.0,85432.0,False
2019-01-14 07:19:00,650664.0,757980.0312070013,757981.0,0.0,107317.0,107317.0,False
2019-01-14 07:20:00,700867.0,773872.0621553949,773873.0,0.0,73006.0,73006.0,False
2019-01-14 07:21:00,677473.0,767662.1520689203,767663.0,0.0,90190.0,90190.0,False
2019-01-14 07:22:00,692621.0,786683.2831460716,786684.0,0.0,94063.0,94063.0,False
2019-01-14 07:23:00,660290.0,797751.3352778404,797752.0,0.0,137462.0,137462.0,False
2019-01-14 07:24:00,650556.0,747912.699381714,747913.0,0.0,97357.0,97357.0,False
2019-01-14 07:25:00,653108.0,732554.4318151561,732555.0,0.0,79447.0,79447.0,False
2019-01-14 07:26:00,649248.0,728875.168536881,728876.0,0.0,79628.0,79628.0,False
2019-01-14 07:27:00,641227.0,721593.5100655844,721594.0,0.0,80367.0,80367.0,False
2019-01-14 07:28:00,646478.0,717775.8472128434,717776.0,0.0,71298.0,71298.0,False
2019-01-14 07:29:00,650106.0,730439.7036086256,730440.0,0.0,80334.0,80334.0,False
2019-01-14 07:30:00,683820.0,797339.9196225108,797340.0,0.0,113520.0,113520.0,False
2019-01-14 07:31:00,691831.0,767127.7610290744,767128.0,0.0,75297.0,75297.0,False
2019-01-14 07:32:00,681811.0,773783.6204180582,773784.0,0.0,91973.0,91973.0,False
2019-01-14 07:33:00,669725.0,780094.2184895909,780095.0,0.0,110370.0,110370.0,False
2019-01-14 07:34:00,654064.0,734025.6143026939,734026.0,0.0,79962.0,79962.0,False
2019-01-14 07:35:00,664397.0,744733.0187076787,744734.0,0.0,80337.0,80337.0,False
2019-01-14 07:36:00,657164.0,727534.3711130433,727535.0,0.0,70371.0,70371.0,False
2019-01-14 07:37:00,648269.0,730540.3280028251,730541.0,0.0,82272.0,82272.0,False
2019-01-14 07:38:00,634011.0,730037.1224466022,730038.0,0.0,96027.0,96027.0,False
2019-01-14 07:39:00,642360.0,711899.5404833079,711900.0,0.0,69540.0,69540.0,False
2019-01-14 07:40:00,674563.0,776421.2573410093,776422.0,0.0,101859.0,101859.0,False
2019-01-14 07:41:00,679018.0,796329.9029944174,796330.0,0.0,117312.0,117312.0,False
2019-01-14 07:42:00,719074.0,797177.7243136333,797178.0,0.0,78104.0,78104.0,False
2019-01-14 07:43:00,685398.0,732760.0622311069,732761.0,0.0,47363.0,47363.0,False
2019-01-14 07:44:00,657208.0,757758.4589598121,757759.0,0.0,100551.0,100551.0,False
2019-01-14 07:45:00,683871.0,766490.0917225868,766491.0,0.0,82620.0,82620.0,False
2019-01-14 07:46:00,670640.0,757825.9390150772,757826.0,0.0,87186.0,87186.0,False
2019-01-14 07:47:00,666924.0,769474.7452649479,769475.0,0.0,102551.0,102551.0,False
2019-01-14 07:48:00,666366.0,767978.8667667909,767979.0,0.0,101613.0,101613.0,False
2019-01-14 07:49:00,653233.0,737389.113868722,737390.0,0.0,84157.0,84157.0,False
2019-01-14 07:50:00,671816.0,782428.4003786102,782429.0,0.0,110613.0,110613.0,False
2019-01-14 07:51:00,685568.0,735347.6589142139,735348.0,0.0,49780.0,49780.0,False
2019-01-14 07:52:00,680803.0,767463.4289745531,767464.0,0.0,86661.0,86661.0,False
2019-01-14 07:53:00,613708.0,749997.148049555,749998.0,0.0,136290.0,136290.0,False
2019-01-14 07:54:00,670584.0,730910.4444268112,730911.0,0.0,60327.0,60327.0,False
2019-01-14 07:55:00,673500.0,756313.0920882593,756314.0,0.0,82814.0,82814.0,False
2019-01-14 07:56:00,645388.0,754578.9177329211,754579.0,0.0,109191.0,109191.0,False
2019-01-14 07:57:00,637624.0,756926.6202871709,756927.0,0.0,119303.0,119303.0,False
2019-01-14 07:58:00,640301.0,761017.2592847017,761018.0,0.0,120717.0,120717.0,False
2019-01-14 07:59:00,666048.0,746747.5160758403,746748.0,0.0,80700.0,80700.0,False
2019-01-14 08:00:00,777449.0,832956.2375677326,832957.0,0.0,55508.0,55508.0,False
2019-01-14 08:01:00,728456.0,835364.1433369815,835365.0,0.0,106909.0,106909.0,False
2019-01-14 08:02:00,728894.0,839480.6509784663,839481.0,0.0,110587.0,110587.0,False
2019-01-14 08:03:00,706179.0,846781.2368717131,846782.0,0.0,140603.0,140603.0,False
2019-01-14 08:04:00,665804.0,782169.8743422015,782170.0,0.0,116366.0,116366.0,False
2019-01-14 08:05:00,685641.0,782047.0063157778,782048.0,0.0,96407.0,96407.0,False
2019-01-14 08:06:00,714086.0,791318.2443275875,791319.0,0.0,77233.0,77233.0,False
2019-01-14 08:07:00,745982.0,810692.8177126951,810693.0,0.0,64711.0,64711.0,False
2019-01-14 08:08:00,692925.0,828443.0020246096,828444.0,0.0,135519.0,135519.0,False
2019-01-14 08:09:00,732017.0,839047.2091830596,839048.0,0.0,107031.0,107031.0,False
2019-01-14 08:10:00,752072.0,856363.3790302188,856364.0,0.0,104292.0,104292.0,False
2019-01-14 08:11:00,688850.0,830926.0112894264,830927.0,0.0,142077.0,142077.0,False
2019-01-14 08:12:00,680890.0,801177.7232932334,801178.0,0.0,120288.0,120288.0,False
2019-01-14 08:13:00,677754.0,763392.9191742993,763393.0,0.0,85639.0,85639.0,False
2019-01-14 08:14:00,702301.0,762642.2748355976,762643.0,0.0,60342.0,60342.0,False
2019-01-14 08:15:00,677834.0,772941.7186681827,772942.0,0.0,95108.0,95108.0,False
2019-01-14 08:16:00,661203.0,771350.5639361135,771351.0,0.0,110148.0,110148.0,False
2019-01-14 08:17:00,641663.0,769120.3269971487,769121.0,0.0,127458.0,127458.0,False
2019-01-14 08:18:00,673638.0,777667.5047017325,777668.0,0.0,104030.0,104030.0,False
2019-01-14 08:19:00,654752.0,761227.1147168794,761228.0,0.0,106476.0,106476.0,False
2019-01-14 08:20:00,668647.0,793390.4704768127,793391.0,0.0,124744.0,124744.0,False
2019-01-14 08:21:00,670467.0,769576.2926603348,769577.0,0.0,99110.0,99110.0,False
2019-01-14 08:22:00,665844.0,762515.3207969262,762516.0,0.0,96672.0,96672.0,False
2019-01-14 08:23:00,651876.0,757736.1938366507,757737.0,0.0,105861.0,105861.0,False
2019-01-14 08:24:00,641749.0,724486.4157645162,724487.0,0.0,82738.0,82738.0,False
2019-01-14 08:25:00,666666.0,730587.5345593753,730588.0,0.0,63922.0,63922.0,False
2019-01-14 08:26:00,653309.0,715948.7953416547,715949.0,0.0,62640.0,62640.0,False
2019-01-14 08:27:00,618999.0,716496.5336482786,716497.0,0.0,97498.0,97498.0,False
2019-01-14 08:28:00,639577.0,745677.6889926469,745678.0,0.0,106101.0,106101.0,False
2019-01-14 08:29:00,625300.0,739963.0286342156,739964.0,0.0,114664.0,114664.0,False
2019-01-14 08:30:00,652429.0,795801.0647269491,795802.0,0.0,143373.0,143373.0,False
2019-01-14 08:31:00,681190.0,761258.735256536,761259.0,0.0,80069.0,80069.0,False
2019-01-14 08:32:00,671928.0,768824.6476043896,768825.0,0.0,96897.0,96897.0,False
2019-01-14 08:33:00,668624.0,790878.7411109649,790879.0,0.0,122255.0,122255.0,False
2019-01-14 08:34:00,647810.0,739781.50350271,739782.0,0.0,91972.0,91972.0,False
2019-01-14 08:35:00,688472.0,750113.6368379972,750114.0,0.0,61642.0,61642.0,False
2019-01-14 08:36:00,689046.0,731189.3036190388,731190.0,0.0,42144.0,42144.0,False
2019-01-14 08:37:00,670848.0,739933.0974676782,739934.0,0.0,69086.0,69086.0,False
2019-01-14 08:38:00,652432.0,751286.9751280783,751287.0,0.0,98855.0,98855.0,False
2019-01-14 08:39:00,646200.0,739433.1899982281,739434.0,0.0,93234.0,93234.0,False
2019-01-14 08:40:00,680669.0,743870.0792574253,743871.0,0.0,63202.0,63202.0,False
2019-01-14 08:41:00,659747.0,734858.7259954093,734859.0,0.0,75112.0,75112.0,False
2019-01-14 08:42:00,667818.0,721351.8369967781,721352.0,0.0,53534.0,53534.0,False
2019-01-14 08:43:00,675868.0,715642.3284805748,715643.0,0.0,39775.0,39775.0,False
2019-01-14 08:44:00,656799.0,739210.1666947608,739211.0,0.0,82412.0,82412.0,False
2019-01-14 08:45:00,681395.0,781093.4456308146,781094.0,0.0,99699.0,99699.0,False
2019-01-14 08:46:00,668001.0,738109.2492644051,738110.0,0.0,70109.0,70109.0,False
2019-01-14 08:47:00,667945.0,737804.8603961588,737805.0,0.0,69860.0,69860.0,False
2019-01-14 08:48:00,678172.0,750463.2587590213,750464.0,0.0,72292.0,72292.0,False
2019-01-14 08:49:00,667031.0,723681.3325145163,723682.0,0.0,56651.0,56651.0,False
2019-01-14 08:50:00,678839.0,771234.9148176416,771235.0,0.0,92396.0,92396.0,False
2019-01-14 08:51:00,647672.0,721871.0816302355,721872.0,0.0,74200.0,74200.0,False
2019-01-14 08:52:00,659282.0,711156.1192506731,711157.0,0.0,51875.0,51875.0,False
2019-01-14 08:53:00,652899.0,728302.7410933089,728303.0,0.0,75404.0,75404.0,False
2019-01-14 08:54:00,656942.0,746370.699497705,746371.0,0.0,89429.0,89429.0,False
2019-01-14 08:55:00,689883.0,750171.8766813221,750172.0,0.0,60289.0,60289.0,False
2019-01-14 08:56:00,675873.0,738895.8535863189,738896.0,0.0,63023.0,63023.0,False
2019-01-14 08:57:00,673108.0,746516.0903323139,746517.0,0.0,73409.0,73409.0,False
2019-01-14 08:58:00,655842.0,745475.9884398454,745476.0,0.0,89634.0,89634.0,False
2019-01-14 08:59:00,649430.0,722332.835007543,722333.0,0.0,72903.0,72903.0,False
2019-01-14 09:00:00,740629.0,803757.3485567056,803758.0,0.0,63129.0,63129.0,False
2019-01-14 09:01:00,714909.0,746925.8886186737,746926.0,0.0,32017.0,32017.0,False
2019-01-14 09:02:00,718401.0,743994.7016391952,743995.0,0.0,25594.0,25594.0,False
2019-01-14 09:03:00,701506.0,729641.019537291,729642.0,0.0,28136.0,28136.0,False
2019-01-14 09:04:00,669117.0,713509.8659222625,713510.0,0.0,44393.0,44393.0,False
2019-01-14 09:05:00,687572.0,775058.718861286,775059.0,0.0,87487.0,87487.0,False
2019-01-14 09:06:00,719695.0,849221.1242687199,849222.0,0.0,129527.0,129527.0,False
2019-01-14 09:07:00,775031.0,827350.6699586589,827351.0,0.0,52320.0,52320.0,False
2019-01-14 09:08:00,765094.0,844055.6661042664,844056.0,0.0,78962.0,78962.0,False
2019-01-14 09:09:00,770168.0,724944.6026942625,724945.0,45223.0,0.0,452230.0,False
2019-01-14 09:10:00,786559.0,809136.657028716,809137.0,0.0,22578.0,22578.0,True
2019-01-14 09:11:00,691588.0,782962.5733576682,782963.0,0.0,91375.0,91375.0,False
2019-01-14 09:12:00,670145.0,746020.4525109754,746021.0,0.0,75876.0,75876.0,False
2019-01-14 09:13:00,688286.0,787890.6864861929,787891.0,0.0,99605.0,99605.0,False
2019-01-14 09:14:00,680151.0,776296.6137656,776297.0,0.0,96146.0,96146.0,False
2019-01-14 09:15:00,696329.0,797248.458666405,797249.0,0.0,100920.0,100920.0,False
2019-01-14 09:16:00,687818.0,782782.2973593604,782783.0,0.0,94965.0,94965.0,False
2019-01-14 09:17:00,676535.0,767866.6362104197,767867.0,0.0,91332.0,91332.0,False
2019-01-14 09:18:00,662186.0,767023.6444995732,767024.0,0.0,104838.0,104838.0,False
2019-01-14 09:19:00,663260.0,760241.6887410551,760242.0,0.0,96982.0,96982.0,False
2019-01-14 09:20:00,676233.0,790353.1653852672,790354.0,0.0,114121.0,114121.0,False
2019-01-14 09:21:00,674960.0,755404.3088907336,755405.0,0.0,80445.0,80445.0,False
2019-01-14 09:22:00,682510.0,772206.7512162098,772207.0,0.0,89697.0,89697.0,False
2019-01-14 09:23:00,692175.0,755666.7781796509,755667.0,0.0,63492.0,63492.0,False
2019-01-14 09:24:00,674646.0,743227.0681922899,743228.0,0.0,68582.0,68582.0,False
2019-01-14 09:25:00,692021.0,747584.3581063781,747585.0,0.0,55564.0,55564.0,False
2019-01-14 09:26:00,678080.0,770262.8087719693,770263.0,0.0,92183.0,92183.0,False
2019-01-14 09:27:00,672678.0,764272.6153478443,764273.0,0.0,91595.0,91595.0,False
2019-01-14 09:28:00,652276.0,763670.0560464017,763671.0,0.0,111395.0,111395.0,False
2019-01-14 09:29:00,626011.0,736752.7964314789,736753.0,0.0,110742.0,110742.0,False
2019-01-14 09:30:00,703216.0,793363.6663457765,793364.0,0.0,90148.0,90148.0,False
2019-01-14 09:31:00,688930.0,775627.167079218,775628.0,0.0,86698.0,86698.0,False
2019-01-14 09:32:00,675681.0,744762.4058511215,744763.0,0.0,69082.0,69082.0,False
2019-01-14 09:33:00,680449.0,732927.2325107438,732928.0,0.0,52479.0,52479.0,False
2019-01-14 09:34:00,647808.0,736577.4402419458,736578.0,0.0,88770.0,88770.0,False
2019-01-14 09:35:00,675448.0,742977.9792212276,742978.0,0.0,67530.0,67530.0,False
2019-01-14 09:36:00,673288.0,728981.6889633258,728982.0,0.0,55694.0,55694.0,False
2019-01-14 09:37:00,651606.0,706355.9396070678,706356.0,0.0,54750.0,54750.0,False
2019-01-14 09:38:00,662221.0,723130.3950089035,723131.0,0.0,60910.0,60910.0,False
2019-01-14 09:39:00,666745.0,710635.0341684083,710636.0,0.0,43891.0,43891.0,False
2019-01-14 09:40:00,686699.0,730344.4289939636,730345.0,0.0,43646.0,43646.0,False
2019-01-14 09:41:00,654241.0,697708.151429804,697709.0,0.0,43468.0,43468.0,False
2019-01-14 09:42:00,667669.0,699148.7614050325,699149.0,0.0,31480.0,31480.0,False
2019-01-14 09:43:00,685617.0,677941.6891738987,677942.0,7675.0,0.0,76750.0,False
2019-01-14 09:44:00,650930.0,702502.5265597194,702503.0,0.0,51573.0,51573.0,False
2019-01-14 09:45:00,687839.0,730794.0122527624,730795.0,0.0,42956.0,42956.0,False
2019-01-14 09:46:00,700489.0,714032.900194733,714033.0,0.0,13544.0,13544.0,False
2019-01-14 09:47:00,675243.0,708128.7631120435,708129.0,0.0,32886.0,32886.0,False
2019-01-14 09:48:00,680024.0,697329.2447853159,697330.0,0.0,17306.0,17306.0,False
2019-01-14 09:49:00,661041.0,706902.6408397073,706903.0,0.0,45862.0,45862.0,False
2019-01-14 09:50:00,636701.0,729525.4439397089,729526.0,0.0,92825.0,92825.0,False
2019-01-14 09:51:00,644088.0,694760.7062495884,694761.0,0.0,50673.0,50673.0,False
2019-01-14 09:52:00,656196.0,719853.4073338567,719854.0,0.0,63658.0,63658.0,False
2019-01-14 09:53:00,627141.0,711580.4962965506,711581.0,0.0,84440.0,84440.0,False
2019-01-14 09:54:00,622829.0,711139.1110754161,711140.0,0.0,88311.0,88311.0,False
2019-01-14 09:55:00,650976.0,733456.9523022093,733457.0,0.0,82481.0,82481.0,False
2019-01-14 09:56:00,653012.0,717813.9922132615,717814.0,0.0,64802.0,64802.0,False
2019-01-14 09:57:00,649299.0,707797.0059582554,707798.0,0.0,58499.0,58499.0,False
2019-01-14 09:58:00,649663.0,702875.7754580122,702876.0,0.0,53213.0,53213.0,False
2019-01-14 09:59:00,649473.0,697087.198079584,697088.0,0.0,47615.0,47615.0,False
2019-01-14 10:00:00,744728.0,814072.4085754756,814073.0,0.0,69345.0,69345.0,False
2019-01-14 10:01:00,710968.0,789454.3333426368,789455.0,0.0,78487.0,78487.0,False
2019-01-14 10:02:00,647593.0,787741.2674479886,787742.0,0.0,140149.0,140149.0,False
2019-01-14 10:03:00,669281.0,811689.282624163,811690.0,0.0,142409.0,142409.0,False
2019-01-14 10:04:00,667491.0,788807.5318248464,788808.0,0.0,121317.0,121317.0,False
2019-01-14 10:05:00,672615.0,820587.7623777745,820588.0,0.0,147973.0,147973.0,False
2019-01-14 10:06:00,745045.0,838520.3405256232,838521.0,0.0,93476.0,93476.0,False
2019-01-14 10:07:00,831890.0,819819.3047536984,819820.0,12070.0,0.0,120700.0,True
2019-01-14 10:08:00,813099.0,813393.6120802371,813394.0,0.0,295.0,295.0,True
2019-01-14 10:09:00,646409.0,862773.128604834,862774.0,0.0,216365.0,216365.0,False
2019-01-14 10:10:00,666122.0,834947.3281005875,834948.0,0.0,168826.0,168826.0,False
2019-01-14 10:11:00,673414.0,808159.5971668838,808160.0,0.0,134746.0,134746.0,False
2019-01-14 10:12:00,667635.0,789385.5425815342,789386.0,0.0,121751.0,121751.0,False
2019-01-14 10:13:00,684217.0,798148.2767377007,798149.0,0.0,113932.0,113932.0,False
2019-01-14 10:14:00,652581.0,783465.1253413638,783466.0,0.0,130885.0,130885.0,False
2019-01-14 10:15:00,690042.0,807856.4889167637,807857.0,0.0,117815.0,117815.0,False
2019-01-14 10:16:00,683727.0,801135.7634647427,801136.0,0.0,117409.0,117409.0,False
2019-01-14 10:17:00,689709.0,771340.5876443712,771341.0,0.0,81632.0,81632.0,False
2019-01-14 10:18:00,683678.0,802232.7296224919,802233.0,0.0,118555.0,118555.0,False
2019-01-14 10:19:00,659764.0,792062.7977958794,792063.0,0.0,132299.0,132299.0,False
2019-01-14 10:20:00,686419.0,809128.2469103998,809129.0,0.0,122710.0,122710.0,False
2019-01-14 10:21:00,671644.0,785751.3044868057,785752.0,0.0,114108.0,114108.0,False
2019-01-14 10:22:00,682660.0,785738.4790592683,785739.0,0.0,103079.0,103079.0,False
2019-01-14 10:23:00,669696.0,781060.6500952486,781061.0,0.0,111365.0,111365.0,False
2019-01-14 10:24:00,639658.0,765422.6435664636,765423.0,0.0,125765.0,125765.0,False
2019-01-14 10:25:00,634712.0,794154.8823566668,794155.0,0.0,159443.0,159443.0,False
2019-01-14 10:26:00,654334.0,775517.7448968119,775518.0,0.0,121184.0,121184.0,False
2019-01-14 10:27:00,649003.0,773436.090516154,773437.0,0.0,124434.0,124434.0,False
2019-01-14 10:28:00,594801.0,763491.2147385471,763492.0,0.0,168691.0,168691.0,False
2019-01-14 10:29:00,612645.0,779550.4192906177,779551.0,0.0,166906.0,166906.0,False
2019-01-14 10:30:00,692248.0,835746.3268939947,835747.0,0.0,143499.0,143499.0,False
2019-01-14 10:31:00,667742.0,785075.9827291544,785076.0,0.0,117334.0,117334.0,False
2019-01-14 10:32:00,640824.0,775292.1258931651,775293.0,0.0,134469.0,134469.0,False
2019-01-14 10:33:00,607017.0,761315.6084225911,761316.0,0.0,154299.0,154299.0,False
2019-01-14 10:34:00,631999.0,751176.3655841434,751177.0,0.0,119178.0,119178.0,False
2019-01-14 10:35:00,635537.0,763079.6780394408,763080.0,0.0,127543.0,127543.0,False
2019-01-14 10:36:00,605726.0,739439.999627738,739440.0,0.0,133714.0,133714.0,False
2019-01-14 10:37:00,623147.0,741396.5845469815,741397.0,0.0,118250.0,118250.0,False
2019-01-14 10:38:00,657828.0,762267.8565382113,762268.0,0.0,104440.0,104440.0,False
2019-01-14 10:39:00,645716.0,714437.1754512955,714438.0,0.0,68722.0,68722.0,False
2019-01-14 10:40:00,670169.0,750322.5397478438,750323.0,0.0,80154.0,80154.0,False
2019-01-14 10:41:00,646106.0,721158.2713540479,721159.0,0.0,75053.0,75053.0,False
2019-01-14 10:42:00,647548.0,726572.8477707229,726573.0,0.0,79025.0,79025.0,False
2019-01-14 10:43:00,639604.0,705825.5103595213,705826.0,0.0,66222.0,66222.0,False
2019-01-14 10:44:00,619499.0,708504.0656717371,708505.0,0.0,89006.0,89006.0,False
2019-01-14 10:45:00,635215.0,743613.7193004239,743614.0,0.0,108399.0,108399.0,False
2019-01-14 10:46:00,638273.0,711382.4876746847,711383.0,0.0,73110.0,73110.0,False
2019-01-14 10:47:00,641732.0,715087.6117475493,715088.0,0.0,73356.0,73356.0,False
2019-01-14 10:48:00,639966.0,690909.556259351,690910.0,0.0,50944.0,50944.0,False
2019-01-14 10:49:00,615677.0,698591.0928494142,698592.0,0.0,82915.0,82915.0,False
2019-01-14 10:50:00,640985.0,720731.5388176842,720732.0,0.0,79747.0,79747.0,False
2019-01-14 10:51:00,615854.0,696117.2450529699,696118.0,0.0,80264.0,80264.0,False
2019-01-14 10:52:00,604547.0,700901.0038651903,700902.0,0.0,96355.0,96355.0,False
2019-01-14 10:53:00,600439.0,690947.4509076165,690948.0,0.0,90509.0,90509.0,False
2019-01-14 10:54:00,608249.0,684823.1999153006,684824.0,0.0,76575.0,76575.0,False
2019-01-14 10:55:00,643444.0,701795.5075070946,701796.0,0.0,58352.0,58352.0,False
2019-01-14 10:56:00,633786.0,673463.8803226165,673464.0,0.0,39678.0,39678.0,False
2019-01-14 10:57:00,641155.0,688557.6825509397,688558.0,0.0,47403.0,47403.0,False
2019-01-14 10:58:00,629122.0,668723.7704774584,668724.0,0.0,39602.0,39602.0,False
2019-01-14 10:59:00,631012.0,674483.9634095945,674484.0,0.0,43472.0,43472.0,False
2019-01-14 11:00:00,721881.0,784649.0919176493,784650.0,0.0,62769.0,62769.0,False
2019-01-14 11:01:00,680542.0,741629.07020958,741630.0,0.0,61088.0,61088.0,False
2019-01-14 11:02:00,666735.0,718490.1288882772,718491.0,0.0,51756.0,51756.0,False
2019-01-14 11:03:00,654408.0,695998.5442078001,695999.0,0.0,41591.0,41591.0,False
2019-01-14 11:04:00,656911.0,683827.8210671104,683828.0,0.0,26917.0,26917.0,False
2019-01-14 11:05:00,665745.0,703655.9432279179,703656.0,0.0,37911.0,37911.0,False
2019-01-14 11:06:00,704589.0,770072.2017492903,770073.0,0.0,65484.0,65484.0,False
2019-01-14 11:07:00,727628.0,776858.1955898525,776859.0,0.0,49231.0,49231.0,False
2019-01-14 11:08:00,716151.0,740028.6560890336,740029.0,0.0,23878.0,23878.0,False
2019-01-14 11:09:00,707636.0,786882.5369232657,786883.0,0.0,79247.0,79247.0,False
2019-01-14 11:10:00,729727.0,749239.2462212216,749240.0,0.0,19513.0,19513.0,False
2019-01-14 11:11:00,709399.0,694456.4018121323,694457.0,14942.0,0.0,149420.0,False
2019-01-14 11:12:00,629363.0,707692.0472811025,707693.0,0.0,78330.0,78330.0,False
2019-01-14 11:13:00,636344.0,715352.1630685781,715353.0,0.0,79009.0,79009.0,False
2019-01-14 11:14:00,631246.0,716129.0662314637,716130.0,0.0,84884.0,84884.0,False
2019-01-14 11:15:00,669564.0,738214.2526704214,738215.0,0.0,68651.0,68651.0,False
2019-01-14 11:16:00,659571.0,709270.9819099002,709271.0,0.0,49700.0,49700.0,False
2019-01-14 11:17:00,641418.0,692378.0078516627,692379.0,0.0,50961.0,50961.0,False
2019-01-14 11:18:00,654700.0,697288.2474722179,697289.0,0.0,42589.0,42589.0,False
2019-01-14 11:19:00,627644.0,683303.332258394,683304.0,0.0,55660.0,55660.0,False
2019-01-14 11:20:00,646752.0,731424.4753078574,731425.0,0.0,84673.0,84673.0,False
2019-01-14 11:21:00,633629.0,711521.7103745551,711522.0,0.0,77893.0,77893.0,False
2019-01-14 11:22:00,623825.0,696807.7796199436,696808.0,0.0,72983.0,72983.0,False
2019-01-14 11:23:00,622366.0,691078.9386399884,691079.0,0.0,68713.0,68713.0,False
2019-01-14 11:24:00,599977.0,669443.6155030887,669444.0,0.0,69467.0,69467.0,False
2019-01-14 11:25:00,630374.0,686275.9762895473,686276.0,0.0,55902.0,55902.0,False
2019-01-14 11:26:00,619149.0,667813.0184222298,667814.0,0.0,48665.0,48665.0,False
2019-01-14 11:27:00,617099.0,670390.407309956,670391.0,0.0,53292.0,53292.0,False
2019-01-14 11:28:00,612139.0,667846.600031847,667847.0,0.0,55708.0,55708.0,False
2019-01-14 11:29:00,618739.0,672309.1759422283,672310.0,0.0,53571.0,53571.0,False
2019-01-14 11:30:00,691799.0,750870.4237559285,750871.0,0.0,59072.0,59072.0,False
2019-01-14 11:31:00,660837.0,700853.3056483691,700854.0,0.0,40017.0,40017.0,False
2019-01-14 11:32:00,641571.0,679376.088194814,679377.0,0.0,37806.0,37806.0,False
2019-01-14 11:33:00,641490.0,691417.3225444291,691418.0,0.0,49928.0,49928.0,False
2019-01-14 11:34:00,631144.0,684148.9292354226,684149.0,0.0,53005.0,53005.0,False
2019-01-14 11:35:00,643329.0,688354.7740237222,688355.0,0.0,45026.0,45026.0,False
2019-01-14 11:36:00,640689.0,668937.9684470803,668938.0,0.0,28249.0,28249.0,False
2019-01-14 11:37:00,623986.0,667379.2266378674,667380.0,0.0,43394.0,43394.0,False
2019-01-14 11:38:00,614496.0,662411.6594682687,662412.0,0.0,47916.0,47916.0,False
2019-01-14 11:39:00,608629.0,662174.3448796916,662175.0,0.0,53546.0,53546.0,False
2019-01-14 11:40:00,644785.0,698041.3872783085,698042.0,0.0,53257.0,53257.0,False
2019-01-14 11:41:00,621814.0,655584.5921276129,655585.0,0.0,33771.0,33771.0,False
2019-01-14 11:42:00,618576.0,688048.3575564377,688049.0,0.0,69473.0,69473.0,False
2019-01-14 11:43:00,612963.0,685931.4038249514,685932.0,0.0,72969.0,72969.0,False
2019-01-14 11:44:00,625762.0,680178.7333383836,680179.0,0.0,54417.0,54417.0,False
2019-01-14 11:45:00,652460.0,709848.8040767082,709849.0,0.0,57389.0,57389.0,False
2019-01-14 11:46:00,649213.0,701255.7240424346,701256.0,0.0,52043.0,52043.0,False
2019-01-14 11:47:00,652162.0,682407.824302951,682408.0,0.0,30246.0,30246.0,False
2019-01-14 11:48:00,636488.0,689502.29840154,689503.0,0.0,53015.0,53015.0,False
2019-01-14 11:49:00,611346.0,689176.4501837954,689177.0,0.0,77831.0,77831.0,False
2019-01-14 11:50:00,637409.0,707459.7696425646,707460.0,0.0,70051.0,70051.0,False
2019-01-14 11:51:00,634353.0,676159.8469756066,676160.0,0.0,41807.0,41807.0,False
2019-01-14 11:52:00,618924.0,679098.7231097403,679099.0,0.0,60175.0,60175.0,False
2019-01-14 11:53:00,632806.0,680031.9056405004,680032.0,0.0,47226.0,47226.0,False
2019-01-14 11:54:00,636917.0,685443.6094469337,685444.0,0.0,48527.0,48527.0,False
2019-01-14 11:55:00,641165.0,686365.4730089882,686366.0,0.0,45201.0,45201.0,False
2019-01-14 11:56:00,630171.0,672261.6090195973,672262.0,0.0,42091.0,42091.0,False
2019-01-14 11:57:00,624934.0,667163.2803096047,667164.0,0.0,42230.0,42230.0,False
2019-01-14 11:58:00,636242.0,688409.0106141174,688410.0,0.0,52168.0,52168.0,False
2019-01-14 11:59:00,630985.0,674379.7884596711,674380.0,0.0,43395.0,43395.0,False
2019-01-14 12:00:00,741291.0,793954.677556231,793955.0,0.0,52664.0,52664.0,False
2019-01-14 12:01:00,698946.0,727078.5996893222,727079.0,0.0,28133.0,28133.0,False
2019-01-14 12:02:00,687885.0,733957.0410281537,733958.0,0.0,46073.0,46073.0,False
2019-01-14 12:03:00,683916.0,742162.9016792226,742163.0,0.0,58247.0,58247.0,False
2019-01-14 12:04:00,653657.0,704912.0854065542,704913.0,0.0,51256.0,51256.0,False
2019-01-14 12:05:00,667422.0,759695.8120924683,759696.0,0.0,92274.0,92274.0,False
2019-01-14 12:06:00,727525.0,793540.1536687643,793541.0,0.0,66016.0,66016.0,False
2019-01-14 12:07:00,742209.0,771328.021939685,771329.0,0.0,29120.0,29120.0,False
2019-01-14 12:08:00,693795.0,781980.3393314935,781981.0,0.0,88186.0,88186.0,False
2019-01-14 12:09:00,731649.0,748854.3081056022,748855.0,0.0,17206.0,17206.0,False
2019-01-14 12:10:00,718279.0,737045.2633288901,737046.0,0.0,18767.0,18767.0,False
2019-01-14 12:11:00,658340.0,708422.2867450179,708423.0,0.0,50083.0,50083.0,False
2019-01-14 12:12:00,631281.0,703914.9840038657,703915.0,0.0,72634.0,72634.0,False
2019-01-14 12:13:00,653198.0,691537.8144994895,691538.0,0.0,38340.0,38340.0,False
2019-01-14 12:14:00,665613.0,714340.3350125344,714341.0,0.0,48728.0,48728.0,False
2019-01-14 12:15:00,674893.0,732373.9764148842,732374.0,0.0,57481.0,57481.0,False
2019-01-14 12:16:00,679167.0,749331.618211724,749332.0,0.0,70165.0,70165.0,False
2019-01-14 12:17:00,700858.0,754129.6700329604,754130.0,0.0,53272.0,53272.0,False
2019-01-14 12:18:00,713195.0,752800.6044047329,752801.0,0.0,39606.0,39606.0,False
2019-01-14 12:19:00,682285.0,716116.0945493681,716117.0,0.0,33832.0,33832.0,False
2019-01-14 12:20:00,681529.0,734136.6917465222,734137.0,0.0,52608.0,52608.0,False
2019-01-14 12:21:00,657407.0,698429.0123004181,698430.0,0.0,41023.0,41023.0,False
2019-01-14 12:22:00,649693.0,693848.8147801941,693849.0,0.0,44156.0,44156.0,False
2019-01-14 12:23:00,634782.0,702907.7001707664,702908.0,0.0,68126.0,68126.0,False
2019-01-14 12:24:00,640529.0,695923.2494019083,695924.0,0.0,55395.0,55395.0,False
2019-01-14 12:25:00,634926.0,735241.4597391129,735242.0,0.0,100316.0,100316.0,False
2019-01-14 12:26:00,645115.0,715608.308810235,715609.0,0.0,70494.0,70494.0,False
2019-01-14 12:27:00,620424.0,675696.3846512043,675697.0,0.0,55273.0,55273.0,False
2019-01-14 12:28:00,635618.0,699340.3438555197,699341.0,0.0,63723.0,63723.0,False
2019-01-14 12:29:00,638888.0,698648.0722337234,698649.0,0.0,59761.0,59761.0,False
2019-01-14 12:30:00,714200.0,744914.3874128907,744915.0,0.0,30715.0,30715.0,False
2019-01-14 12:31:00,699087.0,738554.0823819624,738555.0,0.0,39468.0,39468.0,False
2019-01-14 12:32:00,658264.0,738614.292689988,738615.0,0.0,80351.0,80351.0,False
2019-01-14 12:33:00,661807.0,708724.68132683,708725.0,0.0,46918.0,46918.0,False
2019-01-14 12:34:00,646959.0,714127.2640838951,714128.0,0.0,67169.0,67169.0,False
2019-01-14 12:35:00,657896.0,715421.2073908928,715422.0,0.0,57526.0,57526.0,False
2019-01-14 12:36:00,672032.0,679614.2700017409,679615.0,0.0,7583.0,7583.0,False
2019-01-14 12:37:00,655989.0,673066.3675975594,673067.0,0.0,17078.0,17078.0,False
2019-01-14 12:38:00,645853.0,700010.7188183985,700011.0,0.0,54158.0,54158.0,False
2019-01-14 12:39:00,651286.0,686669.2002820851,686670.0,0.0,35384.0,35384.0,False
2019-01-14 12:40:00,686312.0,715702.291297653,715703.0,0.0,29391.0,29391.0,False
2019-01-14 12:41:00,664652.0,671136.9049810577,671137.0,0.0,6485.0,6485.0,False
2019-01-14 12:42:00,666079.0,689309.4469765204,689310.0,0.0,23231.0,23231.0,False
2019-01-14 12:43:00,672824.0,707656.7788383629,707657.0,0.0,34833.0,34833.0,False
2019-01-14 12:44:00,654228.0,705653.1264264581,705654.0,0.0,51426.0,51426.0,False
2019-01-14 12:45:00,687398.0,735115.286541576,735116.0,0.0,47718.0,47718.0,False
2019-01-14 12:46:00,684646.0,734314.0583502126,734315.0,0.0,49669.0,49669.0,False
2019-01-14 12:47:00,692190.0,722561.3098530656,722562.0,0.0,30372.0,30372.0,False
2019-01-14 12:48:00,688334.0,707819.5223509858,707820.0,0.0,19486.0,19486.0,False
2019-01-14 12:49:00,665056.0,715826.0714691258,715827.0,0.0,50771.0,50771.0,False
2019-01-14 12:50:00,686171.0,734964.5252107489,734965.0,0.0,48794.0,48794.0,False
2019-01-14 12:51:00,687858.0,725924.1622420251,725925.0,0.0,38067.0,38067.0,False
2019-01-14 12:52:00,692230.0,715801.6667760161,715802.0,0.0,23572.0,23572.0,False
2019-01-14 12:53:00,670490.0,710205.2145946891,710206.0,0.0,39716.0,39716.0,False
2019-01-14 12:54:00,672584.0,712088.6758638317,712089.0,0.0,39505.0,39505.0,False
2019-01-14 12:55:00,680513.0,734710.5258429508,734711.0,0.0,54198.0,54198.0,False
2019-01-14 12:56:00,656299.0,706197.6387936686,706198.0,0.0,49899.0,49899.0,False
2019-01-14 12:57:00,652936.0,688731.1841170511,688732.0,0.0,35796.0,35796.0,False
2019-01-14 12:58:00,663658.0,691521.8020729283,691522.0,0.0,27864.0,27864.0,False
2019-01-14 12:59:00,630999.0,679220.5781604506,679221.0,0.0,48222.0,48222.0,False
2019-01-14 13:00:00,740497.0,804969.0038615015,804970.0,0.0,64473.0,64473.0,False
2019-01-14 13:01:00,705767.0,749317.5136111901,749318.0,0.0,43551.0,43551.0,False
2019-01-14 13:02:00,697609.0,742427.7689795503,742428.0,0.0,44819.0,44819.0,False
2019-01-14 13:03:00,681619.0,728517.330697856,728518.0,0.0,46899.0,46899.0,False
2019-01-14 13:04:00,664706.0,727511.6093478082,727512.0,0.0,62806.0,62806.0,False
2019-01-14 13:05:00,721562.0,724435.6457838874,724436.0,0.0,2874.0,2874.0,False
2019-01-14 13:06:00,734820.0,752786.6433654362,752787.0,0.0,17967.0,17967.0,False
2019-01-14 13:07:00,734894.0,802351.1054304913,802352.0,0.0,67458.0,67458.0,False
2019-01-14 13:08:00,744367.0,825463.9982221894,825464.0,0.0,81097.0,81097.0,False
2019-01-14 13:09:00,735943.0,839655.9842500512,839656.0,0.0,103713.0,103713.0,False
2019-01-14 13:10:00,749838.0,774695.6812679531,774696.0,0.0,24858.0,24858.0,False
2019-01-14 13:11:00,695986.0,753850.162407428,753851.0,0.0,57865.0,57865.0,False
2019-01-14 13:12:00,654488.0,736383.4863761265,736384.0,0.0,81896.0,81896.0,False
2019-01-14 13:13:00,667640.0,746936.220266509,746937.0,0.0,79297.0,79297.0,False
2019-01-14 13:14:00,658251.0,729268.7123316041,729269.0,0.0,71018.0,71018.0,False
2019-01-14 13:15:00,697754.0,762056.0758857654,762057.0,0.0,64303.0,64303.0,False
2019-01-14 13:16:00,681562.0,760067.6468148403,760068.0,0.0,78506.0,78506.0,False
2019-01-14 13:17:00,678876.0,757794.2047599253,757795.0,0.0,78919.0,78919.0,False
2019-01-14 13:18:00,650106.0,758535.3339566177,758536.0,0.0,108430.0,108430.0,False
2019-01-14 13:19:00,658611.0,733952.2235792107,733953.0,0.0,75342.0,75342.0,False
2019-01-14 13:20:00,678510.0,762887.0570040238,762888.0,0.0,84378.0,84378.0,False
2019-01-14 13:21:00,661968.0,741316.4585391616,741317.0,0.0,79349.0,79349.0,False
2019-01-14 13:22:00,658523.0,737882.2138554323,737883.0,0.0,79360.0,79360.0,False
2019-01-14 13:23:00,657521.0,734687.0341972329,734688.0,0.0,77167.0,77167.0,False
2019-01-14 13:24:00,662778.0,719345.3256971939,719346.0,0.0,56568.0,56568.0,False
2019-01-14 13:25:00,663867.0,745197.4443539027,745198.0,0.0,81331.0,81331.0,False
2019-01-14 13:26:00,660927.0,723320.2706458181,723321.0,0.0,62394.0,62394.0,False
2019-01-14 13:27:00,649026.0,725659.7068043521,725660.0,0.0,76634.0,76634.0,False
2019-01-14 13:28:00,664308.0,722870.5448312229,722871.0,0.0,58563.0,58563.0,False
2019-01-14 13:29:00,655699.0,724067.0302239067,724068.0,0.0,68369.0,68369.0,False
2019-01-14 13:30:00,741333.0,776703.9617704493,776704.0,0.0,35371.0,35371.0,False
2019-01-14 13:31:00,701742.0,748451.0877533366,748452.0,0.0,46710.0,46710.0,False
2019-01-14 13:32:00,678805.0,731419.8692430481,731420.0,0.0,52615.0,52615.0,False
2019-01-14 13:33:00,686187.0,741028.5662381765,741029.0,0.0,54842.0,54842.0,False
2019-01-14 13:34:00,673956.0,730005.0454358625,730006.0,0.0,56050.0,56050.0,False
2019-01-14 13:35:00,662692.0,746930.5495393801,746931.0,0.0,84239.0,84239.0,False
2019-01-14 13:36:00,656913.0,723320.2365899772,723321.0,0.0,66408.0,66408.0,False
2019-01-14 13:37:00,658650.0,712205.9282400411,712206.0,0.0,53556.0,53556.0,False
2019-01-14 13:38:00,677514.0,730154.4238130786,730155.0,0.0,52641.0,52641.0,False
2019-01-14 13:39:00,669498.0,710211.2054292023,710212.0,0.0,40714.0,40714.0,False
2019-01-14 13:40:00,699706.0,733073.8781786839,733074.0,0.0,33368.0,33368.0,False
2019-01-14 13:41:00,684298.0,707832.1537936528,707833.0,0.0,23535.0,23535.0,False
2019-01-14 13:42:00,691805.0,720951.2996498368,720952.0,0.0,29147.0,29147.0,False
2019-01-14 13:43:00,703089.0,708243.8834932955,708244.0,0.0,5155.0,5155.0,False
2019-01-14 13:44:00,675971.0,691684.9872193367,691685.0,0.0,15714.0,15714.0,False
2019-01-14 13:45:00,703432.0,733808.3814706218,733809.0,0.0,30377.0,30377.0,False
2019-01-14 13:46:00,713309.0,720585.6761479373,720586.0,0.0,7277.0,7277.0,False
2019-01-14 13:47:00,695968.0,715650.8496895207,715651.0,0.0,19683.0,19683.0,False
2019-01-14 13:48:00,689171.0,718602.4229965602,718603.0,0.0,29432.0,29432.0,False
2019-01-14 13:49:00,675775.0,708517.6893615611,708518.0,0.0,32743.0,32743.0,False
2019-01-14 13:50:00,705484.0,731783.6782540957,731784.0,0.0,26300.0,26300.0,False
2019-01-14 13:51:00,693565.0,700284.0813805225,700285.0,0.0,6720.0,6720.0,False
2019-01-14 13:52:00,682709.0,700956.9082876784,700957.0,0.0,18248.0,18248.0,False
2019-01-14 13:53:00,676072.0,706767.666545564,706768.0,0.0,30696.0,30696.0,False
2019-01-14 13:54:00,687431.0,703646.2154636135,703647.0,0.0,16216.0,16216.0,False
2019-01-14 13:55:00,686696.0,724866.3978359167,724867.0,0.0,38171.0,38171.0,False
2019-01-14 13:56:00,689496.0,700022.19834842,700023.0,0.0,10527.0,10527.0,False
2019-01-14 13:57:00,677781.0,693965.7235970007,693966.0,0.0,16185.0,16185.0,False
2019-01-14 13:58:00,665077.0,701251.3632091741,701252.0,0.0,36175.0,36175.0,False
2019-01-14 13:59:00,665301.0,696980.2740303676,696981.0,0.0,31680.0,31680.0,False
2019-01-14 14:00:00,771019.0,796371.1531684119,796372.0,0.0,25353.0,25353.0,False
2019-01-14 14:01:00,738118.0,749752.4833835601,749753.0,0.0,11635.0,11635.0,False
2019-01-14 14:02:00,704653.0,735297.0569704048,735298.0,0.0,30645.0,30645.0,False
2019-01-14 14:03:00,716192.0,751997.7810790018,751998.0,0.0,35806.0,35806.0,False
2019-01-14 14:04:00,701489.0,734225.9857173435,734226.0,0.0,32737.0,32737.0,False
2019-01-14 14:05:00,726021.0,752387.2848533362,752388.0,0.0,26367.0,26367.0,False
2019-01-14 14:06:00,697961.0,711611.0350487243,711612.0,0.0,13651.0,13651.0,False
2019-01-14 14:07:00,791135.0,804937.0548606052,804938.0,0.0,13803.0,13803.0,True
2019-01-14 14:08:00,773341.0,810249.3606298058,810250.0,0.0,36909.0,36909.0,False
2019-01-14 14:09:00,796844.0,819780.4988932889,819781.0,0.0,22937.0,22937.0,True
2019-01-14 14:10:00,794042.0,811678.5259790833,811679.0,0.0,17637.0,17637.0,True
2019-01-14 14:11:00,751432.0,775080.9514399626,775081.0,0.0,23649.0,23649.0,False
2019-01-14 14:12:00,704617.0,739452.0145727334,739453.0,0.0,34836.0,34836.0,False
2019-01-14 14:13:00,701282.0,707024.4094891681,707025.0,0.0,5743.0,5743.0,False
2019-01-14 14:14:00,715127.0,696544.0290792234,696545.0,18582.0,0.0,185820.0,False
2019-01-14 14:15:00,725309.0,752752.2093068392,752753.0,0.0,27444.0,27444.0,False
2019-01-14 14:16:00,725174.0,743544.0545925153,743545.0,0.0,18371.0,18371.0,False
2019-01-14 14:17:00,720080.0,714663.5756838414,714664.0,5416.0,0.0,54160.0,False
2019-01-14 14:18:00,715040.0,716523.849688608,716524.0,0.0,1484.0,1484.0,False
2019-01-14 14:19:00,681257.0,704611.3818536535,704612.0,0.0,23355.0,23355.0,False
2019-01-14 14:20:00,725500.0,731010.0000123318,731011.0,0.0,5511.0,5511.0,False
2019-01-14 14:21:00,710066.0,739571.6261073194,739572.0,0.0,29506.0,29506.0,False
2019-01-14 14:22:00,704335.0,694016.6860248368,694017.0,10318.0,0.0,103180.0,False
2019-01-14 14:23:00,697944.0,711027.7067217265,711028.0,0.0,13084.0,13084.0,False
2019-01-14 14:24:00,702886.0,711508.2944705274,711509.0,0.0,8623.0,8623.0,False
2019-01-14 14:25:00,707264.0,748162.1644756494,748163.0,0.0,40899.0,40899.0,False
2019-01-14 14:26:00,675947.0,717790.0058923669,717791.0,0.0,41844.0,41844.0,False
2019-01-14 14:27:00,650073.0,697118.8618687057,697119.0,0.0,47046.0,47046.0,False
2019-01-14 14:28:00,666228.0,704483.5575600934,704484.0,0.0,38256.0,38256.0,False
2019-01-14 14:29:00,666287.0,681348.7215821175,681349.0,0.0,15062.0,15062.0,False
2019-01-14 14:30:00,733886.0,779684.4677359359,779685.0,0.0,45799.0,45799.0,False
2019-01-14 14:31:00,703323.0,729502.1294522061,729503.0,0.0,26180.0,26180.0,False
2019-01-14 14:32:00,686919.0,687785.8643615618,687786.0,0.0,867.0,867.0,False
2019-01-14 14:33:00,681979.0,679514.6872698704,679515.0,2464.0,0.0,24640.0,False
2019-01-14 14:34:00,682894.0,719385.202612021,719386.0,0.0,36492.0,36492.0,False
2019-01-14 14:35:00,691956.0,731313.1800092629,731314.0,0.0,39358.0,39358.0,False
2019-01-14 14:36:00,687738.0,718956.448848393,718957.0,0.0,31219.0,31219.0,False
2019-01-14 14:37:00,650667.0,723134.0342732996,723135.0,0.0,72468.0,72468.0,False
2019-01-14 14:38:00,667975.0,729126.4521104846,729127.0,0.0,61152.0,61152.0,False
2019-01-14 14:39:00,668036.0,727428.7890067766,727429.0,0.0,59393.0,59393.0,False
2019-01-14 14:40:00,703648.0,755339.087725024,755340.0,0.0,51692.0,51692.0,False
2019-01-14 14:41:00,684932.0,755533.4684634085,755534.0,0.0,70602.0,70602.0,False
2019-01-14 14:42:00,679686.0,725996.4560276316,725997.0,0.0,46311.0,46311.0,False
2019-01-14 14:43:00,679125.0,712507.8099357411,712508.0,0.0,33383.0,33383.0,False
2019-01-14 14:44:00,674808.0,716352.4647633316,716353.0,0.0,41545.0,41545.0,False
2019-01-14 14:45:00,681444.0,738844.7961766234,738845.0,0.0,57401.0,57401.0,False
2019-01-14 14:46:00,682058.0,735057.8211211348,735058.0,0.0,53000.0,53000.0,False
2019-01-14 14:47:00,662869.0,733956.6272624248,733957.0,0.0,71088.0,71088.0,False
2019-01-14 14:48:00,673340.0,715222.7560911268,715223.0,0.0,41883.0,41883.0,False
2019-01-14 14:49:00,646842.0,723498.7886391927,723499.0,0.0,76657.0,76657.0,False
2019-01-14 14:50:00,656150.0,753829.9272860523,753830.0,0.0,97680.0,97680.0,False
2019-01-14 14:51:00,666918.0,737480.2066780187,737481.0,0.0,70563.0,70563.0,False
2019-01-14 14:52:00,658791.0,724304.1382946733,724305.0,0.0,65514.0,65514.0,False
2019-01-14 14:53:00,654670.0,717619.9319619806,717620.0,0.0,62950.0,62950.0,False
2019-01-14 14:54:00,638675.0,738421.8434154629,738422.0,0.0,99747.0,99747.0,False
2019-01-14 14:55:00,681135.0,748886.1972838287,748887.0,0.0,67752.0,67752.0,False
2019-01-14 14:56:00,657109.0,745180.0602914772,745181.0,0.0,88072.0,88072.0,False
2019-01-14 14:57:00,664234.0,742968.3766874338,742969.0,0.0,78735.0,78735.0,False
2019-01-14 14:58:00,665722.0,759471.5778373023,759472.0,0.0,93750.0,93750.0,False
2019-01-14 14:59:00,657899.0,739399.4198360487,739400.0,0.0,81501.0,81501.0,False
2019-01-14 15:00:00,765198.0,845175.9313874318,845176.0,0.0,79978.0,79978.0,False
2019-01-14 15:01:00,710831.0,790845.4363101063,790846.0,0.0,80015.0,80015.0,False
2019-01-14 15:02:00,680218.0,786769.1374200981,786770.0,0.0,106552.0,106552.0,False
2019-01-14 15:03:00,646589.0,745702.7627265654,745703.0,0.0,99114.0,99114.0,False
2019-01-14 15:04:00,558971.0,768307.8489838511,768308.0,0.0,209337.0,209337.0,False
2019-01-14 15:05:00,655702.0,826557.7880083196,826558.0,0.0,170856.0,170856.0,False
2019-01-14 15:06:00,720600.0,839964.156498854,839965.0,0.0,119365.0,119365.0,False
2019-01-14 15:07:00,721783.0,859878.5630783469,859879.0,0.0,138096.0,138096.0,False
2019-01-14 15:08:00,707607.0,846616.3876000397,846617.0,0.0,139010.0,139010.0,False
2019-01-14 15:09:00,694493.0,820830.7478513158,820831.0,0.0,126338.0,126338.0,False
2019-01-14 15:10:00,705604.0,767079.0196236486,767080.0,0.0,61476.0,61476.0,False
2019-01-14 15:11:00,696239.0,781430.4796325674,781431.0,0.0,85192.0,85192.0,False
2019-01-14 15:12:00,653828.0,785988.3465562603,785989.0,0.0,132161.0,132161.0,False
2019-01-14 15:13:00,680755.0,803732.4199902541,803733.0,0.0,122978.0,122978.0,False
2019-01-14 15:14:00,674554.0,786271.2678754592,786272.0,0.0,111718.0,111718.0,False
2019-01-14 15:15:00,689131.0,829177.699966761,829178.0,0.0,140047.0,140047.0,False
2019-01-14 15:16:00,681168.0,823665.5341592308,823666.0,0.0,142498.0,142498.0,False
2019-01-14 15:17:00,636609.0,800459.9858872332,800460.0,0.0,163851.0,163851.0,False
2019-01-14 15:18:00,643489.0,802272.9393500225,802273.0,0.0,158784.0,158784.0,False
2019-01-14 15:19:00,638525.0,766468.9514500402,766469.0,0.0,127944.0,127944.0,False
2019-01-14 15:20:00,662755.0,809897.094176924,809898.0,0.0,147143.0,147143.0,False
2019-01-14 15:21:00,654014.0,786568.2153877658,786569.0,0.0,132555.0,132555.0,False
2019-01-14 15:22:00,643978.0,777490.2510183884,777491.0,0.0,133513.0,133513.0,False
2019-01-14 15:23:00,652303.0,778313.7330425185,778314.0,0.0,126011.0,126011.0,False
2019-01-14 15:24:00,632856.0,778422.3502736856,778423.0,0.0,145567.0,145567.0,False
2019-01-14 15:25:00,630557.0,771822.0553129507,771823.0,0.0,141266.0,141266.0,False
2019-01-14 15:26:00,637485.0,777344.3222344783,777345.0,0.0,139860.0,139860.0,False
2019-01-14 15:27:00,620969.0,770155.1359894321,770156.0,0.0,149187.0,149187.0,False
2019-01-14 15:28:00,612534.0,760374.4789646778,760375.0,0.0,147841.0,147841.0,False
2019-01-14 15:29:00,620130.0,766705.7117347866,766706.0,0.0,146576.0,146576.0,False
2019-01-14 15:30:00,723308.0,857268.2565047452,857269.0,0.0,133961.0,133961.0,False
2019-01-14 15:31:00,675046.0,815143.8025038508,815144.0,0.0,140098.0,140098.0,False
2019-01-14 15:32:00,659748.0,778907.2219473973,778908.0,0.0,119160.0,119160.0,False
2019-01-14 15:33:00,662148.0,792879.3287035358,792880.0,0.0,130732.0,130732.0,False
2019-01-14 15:34:00,632958.0,792833.648799205,792834.0,0.0,159876.0,159876.0,False
2019-01-14 15:35:00,659655.0,780726.2152798089,780727.0,0.0,121072.0,121072.0,False
2019-01-14 15:36:00,656058.0,748360.9012822352,748361.0,0.0,92303.0,92303.0,False
2019-01-14 15:37:00,644127.0,736469.8454398599,736470.0,0.0,92343.0,92343.0,False
2019-01-14 15:38:00,634197.0,735069.3022857151,735070.0,0.0,100873.0,100873.0,False
2019-01-14 15:39:00,660435.0,729639.8584322885,729640.0,0.0,69205.0,69205.0,False
2019-01-14 15:40:00,672545.0,764244.5994770098,764245.0,0.0,91700.0,91700.0,False
2019-01-14 15:41:00,655368.0,736109.6083815565,736110.0,0.0,80742.0,80742.0,False
2019-01-14 15:42:00,638338.0,745171.5735933044,745172.0,0.0,106834.0,106834.0,False
2019-01-14 15:43:00,673048.0,718784.2987130478,718785.0,0.0,45737.0,45737.0,False
2019-01-14 15:44:00,657644.0,724567.4492046523,724568.0,0.0,66924.0,66924.0,False
2019-01-14 15:45:00,680473.0,727610.0518341836,727611.0,0.0,47138.0,47138.0,False
2019-01-14 15:46:00,667439.0,740232.8495591341,740233.0,0.0,72794.0,72794.0,False
2019-01-14 15:47:00,656464.0,715501.6866072951,715502.0,0.0,59038.0,59038.0,False
2019-01-14 15:48:00,659987.0,720605.1772363147,720606.0,0.0,60619.0,60619.0,False
2019-01-14 15:49:00,644980.0,714698.9835041186,714699.0,0.0,69719.0,69719.0,False
2019-01-14 15:50:00,670878.0,745067.2705533204,745068.0,0.0,74190.0,74190.0,False
2019-01-14 15:51:00,644838.0,728637.1570483806,728638.0,0.0,83800.0,83800.0,False
2019-01-14 15:52:00,651658.0,723372.6286694955,723373.0,0.0,71715.0,71715.0,False
2019-01-14 15:53:00,635747.0,727092.3065598749,727093.0,0.0,91346.0,91346.0,False
2019-01-14 15:54:00,622100.0,715052.5353860519,715053.0,0.0,92953.0,92953.0,False
2019-01-14 15:55:00,642256.0,720272.8277051524,720273.0,0.0,78017.0,78017.0,False
2019-01-14 15:56:00,647781.0,714144.0652257102,714145.0,0.0,66364.0,66364.0,False
2019-01-14 15:57:00,641890.0,709621.5919166609,709622.0,0.0,67732.0,67732.0,False
2019-01-14 15:58:00,636819.0,710292.1027341094,710293.0,0.0,73474.0,73474.0,False
2019-01-14 15:59:00,660884.0,715483.6848464137,715484.0,0.0,54600.0,54600.0,False
2019-01-14 16:00:00,744411.0,827845.5582094821,827846.0,0.0,83435.0,83435.0,False
2019-01-14 16:01:00,718809.0,777639.6431478269,777640.0,0.0,58831.0,58831.0,False
2019-01-14 16:02:00,680483.0,776480.6011969788,776481.0,0.0,95998.0,95998.0,False
2019-01-14 16:03:00,670118.0,763943.3730942636,763944.0,0.0,93826.0,93826.0,False
2019-01-14 16:04:00,657885.0,746763.6427068826,746764.0,0.0,88879.0,88879.0,False
2019-01-14 16:05:00,677971.0,751875.4942364587,751876.0,0.0,73905.0,73905.0,False
2019-01-14 16:06:00,747814.0,801354.7386260688,801355.0,0.0,53541.0,53541.0,False
2019-01-14 16:07:00,735790.0,798181.5134012597,798182.0,0.0,62392.0,62392.0,False
2019-01-14 16:08:00,731188.0,786844.0353569919,786845.0,0.0,55657.0,55657.0,False
2019-01-14 16:09:00,736730.0,781815.7380181316,781816.0,0.0,45086.0,45086.0,False
2019-01-14 16:10:00,726666.0,822293.8689385728,822294.0,0.0,95628.0,95628.0,False
2019-01-14 16:11:00,677023.0,770495.6033653447,770496.0,0.0,93473.0,93473.0,False
2019-01-14 16:12:00,649361.0,750195.8024388961,750196.0,0.0,100835.0,100835.0,False
2019-01-14 16:13:00,649312.0,727391.7202876974,727392.0,0.0,78080.0,78080.0,False
2019-01-14 16:14:00,660115.0,724688.1746243297,724689.0,0.0,64574.0,64574.0,False
2019-01-14 16:15:00,695613.0,764292.4135920437,764293.0,0.0,68680.0,68680.0,False
2019-01-14 16:16:00,663647.0,738096.1078699395,738097.0,0.0,74450.0,74450.0,False
2019-01-14 16:17:00,680898.0,753017.0554665022,753018.0,0.0,72120.0,72120.0,False
2019-01-14 16:18:00,674288.0,729522.0805985822,729523.0,0.0,55235.0,55235.0,False
2019-01-14 16:19:00,640490.0,723121.262914403,723122.0,0.0,82632.0,82632.0,False
2019-01-14 16:20:00,677074.0,749822.013789403,749823.0,0.0,72749.0,72749.0,False
2019-01-14 16:21:00,652653.0,714892.3383320859,714893.0,0.0,62240.0,62240.0,False
2019-01-14 16:22:00,653630.0,708120.5040424096,708121.0,0.0,54491.0,54491.0,False
2019-01-14 16:23:00,664612.0,726401.1957397504,726402.0,0.0,61790.0,61790.0,False
2019-01-14 16:24:00,652996.0,714342.2077532024,714343.0,0.0,61347.0,61347.0,False
2019-01-14 16:25:00,650729.0,721520.5518591714,721521.0,0.0,70792.0,70792.0,False
2019-01-14 16:26:00,644285.0,726123.2911815369,726124.0,0.0,81839.0,81839.0,False
2019-01-14 16:27:00,626726.0,700763.2804403715,700764.0,0.0,74038.0,74038.0,False
2019-01-14 16:28:00,654044.0,706576.2336866093,706577.0,0.0,52533.0,52533.0,False
2019-01-14 16:29:00,648912.0,698744.2339792912,698745.0,0.0,49833.0,49833.0,False
2019-01-14 16:30:00,705027.0,766743.0037539566,766744.0,0.0,61717.0,61717.0,False
2019-01-14 16:31:00,683297.0,750086.5413183029,750087.0,0.0,66790.0,66790.0,False
2019-01-14 16:32:00,658672.0,731290.731884833,731291.0,0.0,72619.0,72619.0,False
2019-01-14 16:33:00,675954.0,731678.182798252,731679.0,0.0,55725.0,55725.0,False
2019-01-14 16:34:00,672361.0,713517.7249658977,713518.0,0.0,41157.0,41157.0,False
2019-01-14 16:35:00,662410.0,727636.6913043741,727637.0,0.0,65227.0,65227.0,False
2019-01-14 16:36:00,661444.0,696720.4695375509,696721.0,0.0,35277.0,35277.0,False
2019-01-14 16:37:00,642590.0,686446.5596631302,686447.0,0.0,43857.0,43857.0,False
2019-01-14 16:38:00,653112.0,705551.9372332449,705552.0,0.0,52440.0,52440.0,False
2019-01-14 16:39:00,650619.0,716732.2135450939,716733.0,0.0,66114.0,66114.0,False
2019-01-14 16:40:00,677960.0,732689.1628812172,732690.0,0.0,54730.0,54730.0,False
2019-01-14 16:41:00,650986.0,711431.7603128393,711432.0,0.0,60446.0,60446.0,False
2019-01-14 16:42:00,637115.0,702168.9674496348,702169.0,0.0,65054.0,65054.0,False
2019-01-14 16:43:00,592880.0,701978.4058352928,701979.0,0.0,109099.0,109099.0,False
2019-01-14 16:44:00,629685.0,720820.075705225,720821.0,0.0,91136.0,91136.0,False
2019-01-14 16:45:00,656291.0,747512.5151353426,747513.0,0.0,91222.0,91222.0,False
2019-01-14 16:46:00,645124.0,744430.4259512359,744431.0,0.0,99307.0,99307.0,False
2019-01-14 16:47:00,664929.0,724033.8031730074,724034.0,0.0,59105.0,59105.0,False
2019-01-14 16:48:00,651500.0,712386.6856107591,712387.0,0.0,60887.0,60887.0,False
2019-01-14 16:49:00,658968.0,714424.8640443815,714425.0,0.0,55457.0,55457.0,False
2019-01-14 16:50:00,672298.0,735248.3044956595,735249.0,0.0,62951.0,62951.0,False
2019-01-14 16:51:00,666057.0,714726.83791966,714727.0,0.0,48670.0,48670.0,False
2019-01-14 16:52:00,645729.0,712604.5633525439,712605.0,0.0,66876.0,66876.0,False
2019-01-14 16:53:00,653583.0,726597.9355148624,726598.0,0.0,73015.0,73015.0,False
2019-01-14 16:54:00,658182.0,737786.722919842,737787.0,0.0,79605.0,79605.0,False
2019-01-14 16:55:00,679507.0,734673.7983321454,734674.0,0.0,55167.0,55167.0,False
2019-01-14 16:56:00,663543.0,719954.0556578455,719955.0,0.0,56412.0,56412.0,False
2019-01-14 16:57:00,672930.0,718029.5627861801,718030.0,0.0,45100.0,45100.0,False
2019-01-14 16:58:00,668842.0,725704.3302901099,725705.0,0.0,56863.0,56863.0,False
2019-01-14 16:59:00,653559.0,727997.6920750873,727998.0,0.0,74439.0,74439.0,False
2019-01-14 17:00:00,740641.0,824959.2327204214,824960.0,0.0,84319.0,84319.0,False
2019-01-14 17:01:00,694238.0,747580.2689187559,747581.0,0.0,53343.0,53343.0,False
2019-01-14 17:02:00,661143.0,746649.0144735867,746650.0,0.0,85507.0,85507.0,False
2019-01-14 17:03:00,669509.0,756585.4182343364,756586.0,0.0,87077.0,87077.0,False
2019-01-14 17:04:00,667905.0,743121.6460388056,743122.0,0.0,75217.0,75217.0,False
2019-01-14 17:05:00,664308.0,763502.6758210898,763503.0,0.0,99195.0,99195.0,False
2019-01-14 17:06:00,705006.0,837754.458524517,837755.0,0.0,132749.0,132749.0,False
2019-01-14 17:07:00,749132.0,858442.6056546571,858443.0,0.0,109311.0,109311.0,False
2019-01-14 17:08:00,762257.0,826733.8647709102,826734.0,0.0,64477.0,64477.0,False
2019-01-14 17:09:00,748766.0,749136.7117856304,749137.0,0.0,371.0,371.0,False
2019-01-14 17:10:00,703904.0,788949.3485268285,788950.0,0.0,85046.0,85046.0,False
2019-01-14 17:11:00,668113.0,763708.4581409656,763709.0,0.0,95596.0,95596.0,False
2019-01-14 17:12:00,646929.0,763042.5222596093,763043.0,0.0,116114.0,116114.0,False
2019-01-14 17:13:00,653089.0,751774.7976771902,751775.0,0.0,98686.0,98686.0,False
2019-01-14 17:14:00,643130.0,734638.5070470353,734639.0,0.0,91509.0,91509.0,False
2019-01-14 17:15:00,669740.0,766241.8377746395,766242.0,0.0,96502.0,96502.0,False
2019-01-14 17:16:00,685767.0,751205.7798619851,751206.0,0.0,65439.0,65439.0,False
2019-01-14 17:17:00,689138.0,750543.680639959,750544.0,0.0,61406.0,61406.0,False
2019-01-14 17:18:00,681658.0,761826.6066554098,761827.0,0.0,80169.0,80169.0,False
2019-01-14 17:19:00,660739.0,734741.5073193097,734742.0,0.0,74003.0,74003.0,False
2019-01-14 17:20:00,679404.0,770231.3935253001,770232.0,0.0,90828.0,90828.0,False
2019-01-14 17:21:00,662630.0,744657.8193565788,744658.0,0.0,82028.0,82028.0,False
2019-01-14 17:22:00,678310.0,718567.7540560748,718568.0,0.0,40258.0,40258.0,False
2019-01-14 17:23:00,660421.0,753239.4572695779,753240.0,0.0,92819.0,92819.0,False
2019-01-14 17:24:00,637876.0,741631.6481675764,741632.0,0.0,103756.0,103756.0,False
2019-01-14 17:25:00,665289.0,743161.0242411512,743162.0,0.0,77873.0,77873.0,False
2019-01-14 17:26:00,680763.0,754166.1057829608,754167.0,0.0,73404.0,73404.0,False
2019-01-14 17:27:00,687765.0,729523.9420788713,729524.0,0.0,41759.0,41759.0,False
2019-01-14 17:28:00,667949.0,745146.1831092323,745147.0,0.0,77198.0,77198.0,False
2019-01-14 17:29:00,661660.0,744541.6023075484,744542.0,0.0,82882.0,82882.0,False
2019-01-14 17:30:00,723649.0,813589.1282369167,813590.0,0.0,89941.0,89941.0,False
2019-01-14 17:31:00,687709.0,767928.3198758647,767929.0,0.0,80220.0,80220.0,False
2019-01-14 17:32:00,677969.0,759183.2595026804,759184.0,0.0,81215.0,81215.0,False
2019-01-14 17:33:00,673200.0,755724.5952416441,755725.0,0.0,82525.0,82525.0,False
2019-01-14 17:34:00,638728.0,740760.2303458286,740761.0,0.0,102033.0,102033.0,False
2019-01-14 17:35:00,674002.0,752560.2263694322,752561.0,0.0,78559.0,78559.0,False
2019-01-14 17:36:00,687774.0,740833.0065823182,740834.0,0.0,53060.0,53060.0,False
2019-01-14 17:37:00,681293.0,723457.7744955111,723458.0,0.0,42165.0,42165.0,False
2019-01-14 17:38:00,691031.0,732146.9307603608,732147.0,0.0,41116.0,41116.0,False
2019-01-14 17:39:00,674970.0,735003.3890757777,735004.0,0.0,60034.0,60034.0,False
2019-01-14 17:40:00,695027.0,756073.689559735,756074.0,0.0,61047.0,61047.0,False
2019-01-14 17:41:00,699984.0,739814.5501813013,739815.0,0.0,39831.0,39831.0,False
2019-01-14 17:42:00,664782.0,735096.6241451286,735097.0,0.0,70315.0,70315.0,False
2019-01-14 17:43:00,666559.0,739772.3058195569,739773.0,0.0,73214.0,73214.0,False
2019-01-14 17:44:00,664490.0,740364.8985396579,740365.0,0.0,75875.0,75875.0,False
2019-01-14 17:45:00,671588.0,792012.7935800706,792013.0,0.0,120425.0,120425.0,False
2019-01-14 17:46:00,705226.0,797862.0948827318,797863.0,0.0,92637.0,92637.0,False
2019-01-14 17:47:00,675704.0,772988.2882076722,772989.0,0.0,97285.0,97285.0,False
2019-01-14 17:48:00,681264.0,741878.8733370235,741879.0,0.0,60615.0,60615.0,False
2019-01-14 17:49:00,659755.0,741508.7394308604,741509.0,0.0,81754.0,81754.0,False
2019-01-14 17:50:00,692925.0,781073.7731913731,781074.0,0.0,88149.0,88149.0,False
2019-01-14 17:51:00,654702.0,738563.2239272274,738564.0,0.0,83862.0,83862.0,False
2019-01-14 17:52:00,639464.0,725830.9646123248,725831.0,0.0,86367.0,86367.0,False
2019-01-14 17:53:00,647099.0,731701.1937009187,731702.0,0.0,84603.0,84603.0,False
2019-01-14 17:54:00,637996.0,725241.5703087908,725242.0,0.0,87246.0,87246.0,False
2019-01-14 17:55:00,694214.0,776931.4515945007,776932.0,0.0,82718.0,82718.0,False
2019-01-14 17:56:00,706200.0,794480.3884012535,794481.0,0.0,88281.0,88281.0,False
2019-01-14 17:57:00,679368.0,760039.8557669222,760040.0,0.0,80672.0,80672.0,False
2019-01-14 17:58:00,664628.0,750564.9641592985,750565.0,0.0,85937.0,85937.0,False
2019-01-14 17:59:00,665904.0,740475.8509370438,740476.0,0.0,74572.0,74572.0,False
2019-01-14 18:00:00,752010.0,831009.7753489615,831010.0,0.0,79000.0,79000.0,False
2019-01-14 18:01:00,725401.0,778015.5282254895,778016.0,0.0,52615.0,52615.0,False
2019-01-14 18:02:00,731664.0,771249.2227169389,771250.0,0.0,39586.0,39586.0,False
2019-01-14 18:03:00,725003.0,773162.3084152372,773163.0,0.0,48160.0,48160.0,False
2019-01-14 18:04:00,697030.0,768836.6795480157,768837.0,0.0,71807.0,71807.0,False
2019-01-14 18:05:00,726045.0,853679.9579996415,853680.0,0.0,127635.0,127635.0,False
2019-01-14 18:06:00,782214.0,944202.2750143689,944203.0,0.0,161989.0,161989.0,False
2019-01-14 18:07:00,748146.0,891925.732817061,891926.0,0.0,143780.0,143780.0,False
2019-01-14 18:08:00,765492.0,772835.5586452052,772836.0,0.0,7344.0,7344.0,False
2019-01-14 18:09:00,770729.0,790382.5774135172,790383.0,0.0,19654.0,19654.0,False
2019-01-14 18:10:00,751323.0,829035.7597319493,829036.0,0.0,77713.0,77713.0,False
2019-01-14 18:11:00,703284.0,812100.2913372129,812101.0,0.0,108817.0,108817.0,False
2019-01-14 18:12:00,678670.0,805978.6690414513,805979.0,0.0,127309.0,127309.0,False
2019-01-14 18:13:00,675787.0,804177.4510331543,804178.0,0.0,128391.0,128391.0,False
2019-01-14 18:14:00,668842.0,800497.2983992631,800498.0,0.0,131656.0,131656.0,False
2019-01-14 18:15:00,693943.0,806826.807101148,806827.0,0.0,112884.0,112884.0,False
2019-01-14 18:16:00,705739.0,788534.7251602138,788535.0,0.0,82796.0,82796.0,False
2019-01-14 18:17:00,701957.0,794364.0752745422,794365.0,0.0,92408.0,92408.0,False
2019-01-14 18:18:00,704232.0,790394.4825364612,790395.0,0.0,86163.0,86163.0,False
2019-01-14 18:19:00,689509.0,777229.3001669035,777230.0,0.0,87721.0,87721.0,False
2019-01-14 18:20:00,682522.0,811696.9055339289,811697.0,0.0,129175.0,129175.0,False
2019-01-14 18:21:00,710305.0,774997.0031301929,774998.0,0.0,64693.0,64693.0,False
2019-01-14 18:22:00,666371.0,778877.7182002332,778878.0,0.0,112507.0,112507.0,False
2019-01-14 18:23:00,665076.0,777807.4255137495,777808.0,0.0,112732.0,112732.0,False
2019-01-14 18:24:00,645673.0,769936.270443759,769937.0,0.0,124264.0,124264.0,False
2019-01-14 18:25:00,672497.0,776635.8864288992,776636.0,0.0,104139.0,104139.0,False
2019-01-14 18:26:00,685398.0,785171.5201827278,785172.0,0.0,99774.0,99774.0,False
2019-01-14 18:27:00,653618.0,804819.3147024682,804820.0,0.0,151202.0,151202.0,False
2019-01-14 18:28:00,679086.0,810313.4217427573,810314.0,0.0,131228.0,131228.0,False
2019-01-14 18:29:00,656339.0,791327.9911463906,791328.0,0.0,134989.0,134989.0,False
2019-01-14 18:30:00,738687.0,843607.9832785726,843608.0,0.0,104921.0,104921.0,False
2019-01-14 18:31:00,711580.0,821437.2578848802,821438.0,0.0,109858.0,109858.0,False
2019-01-14 18:32:00,698868.0,800020.071231189,800021.0,0.0,101153.0,101153.0,False
2019-01-14 18:33:00,676625.0,793641.4454218156,793642.0,0.0,117017.0,117017.0,False
2019-01-14 18:34:00,652849.0,784157.2322842034,784158.0,0.0,131309.0,131309.0,False
2019-01-14 18:35:00,650204.0,770964.0655720234,770965.0,0.0,120761.0,120761.0,False
2019-01-14 18:36:00,666622.0,777380.9046656165,777381.0,0.0,110759.0,110759.0,False
2019-01-14 18:37:00,676499.0,712988.9195023491,712989.0,0.0,36490.0,36490.0,False
2019-01-14 18:38:00,688717.0,739042.5474766607,739043.0,0.0,50326.0,50326.0,False
2019-01-14 18:39:00,635902.0,725038.7563106915,725039.0,0.0,89137.0,89137.0,False
2019-01-14 18:40:00,685362.0,751337.5091107294,751338.0,0.0,65976.0,65976.0,False
2019-01-14 18:41:00,654032.0,741173.5438339051,741174.0,0.0,87142.0,87142.0,False
2019-01-14 18:42:00,645807.0,727309.8818693294,727310.0,0.0,81503.0,81503.0,False
2019-01-14 18:43:00,654376.0,707403.2450438247,707404.0,0.0,53028.0,53028.0,False
2019-01-14 18:44:00,648640.0,742264.6581487819,742265.0,0.0,93625.0,93625.0,False
2019-01-14 18:45:00,679323.0,748934.2731957647,748935.0,0.0,69612.0,69612.0,False
2019-01-14 18:46:00,676110.0,746837.7000662858,746838.0,0.0,70728.0,70728.0,False
2019-01-14 18:47:00,648546.0,729186.3646771353,729187.0,0.0,80641.0,80641.0,False
2019-01-14 18:48:00,682131.0,744116.8462099107,744117.0,0.0,61986.0,61986.0,False
2019-01-14 18:49:00,666763.0,732432.250154517,732433.0,0.0,65670.0,65670.0,False
2019-01-14 18:50:00,692059.0,738813.2194620029,738814.0,0.0,46755.0,46755.0,False
2019-01-14 18:51:00,658736.0,740137.3423888097,740138.0,0.0,81402.0,81402.0,False
2019-01-14 18:52:00,650511.0,721765.6265610319,721766.0,0.0,71255.0,71255.0,False
2019-01-14 18:53:00,648328.0,719650.4592206687,719651.0,0.0,71323.0,71323.0,False
2019-01-14 18:54:00,659757.0,736096.6153833325,736097.0,0.0,76340.0,76340.0,False
2019-01-14 18:55:00,660729.0,746429.6184958455,746430.0,0.0,85701.0,85701.0,False
2019-01-14 18:56:00,636298.0,724914.7641894812,724915.0,0.0,88617.0,88617.0,False
2019-01-14 18:57:00,650955.0,721860.6164700409,721861.0,0.0,70906.0,70906.0,False
2019-01-14 18:58:00,658474.0,714758.876730568,714759.0,0.0,56285.0,56285.0,False
2019-01-14 18:59:00,645765.0,718131.134380095,718132.0,0.0,72367.0,72367.0,False
2019-01-14 19:00:00,724007.0,802538.6763617413,802539.0,0.0,78532.0,78532.0,False
2019-01-14 19:01:00,682141.0,757187.1410303849,757188.0,0.0,75047.0,75047.0,False
2019-01-14 19:02:00,662056.0,737757.6128311709,737758.0,0.0,75702.0,75702.0,False
2019-01-14 19:03:00,652939.0,725715.74076672,725716.0,0.0,72777.0,72777.0,False
2019-01-14 19:04:00,616147.0,710053.9472754479,710054.0,0.0,93907.0,93907.0,False
2019-01-14 19:05:00,634508.0,723851.0045712313,723852.0,0.0,89344.0,89344.0,False
2019-01-14 19:06:00,674976.0,783325.940131776,783326.0,0.0,108350.0,108350.0,False
2019-01-14 19:07:00,782503.0,820957.4038858765,820958.0,0.0,38455.0,38455.0,False
2019-01-14 19:08:00,779450.0,788697.131358878,788698.0,0.0,9248.0,9248.0,False
2019-01-14 19:09:00,685776.0,808818.8312901659,808819.0,0.0,123043.0,123043.0,False
2019-01-14 19:10:00,693741.0,829767.759937156,829768.0,0.0,136027.0,136027.0,False
2019-01-14 19:11:00,680601.0,768708.1689622779,768709.0,0.0,88108.0,88108.0,False
2019-01-14 19:12:00,655545.0,744502.0481457622,744503.0,0.0,88958.0,88958.0,False
2019-01-14 19:13:00,647104.0,733390.2883751586,733391.0,0.0,86287.0,86287.0,False
2019-01-14 19:14:00,645812.0,714806.0633699866,714807.0,0.0,68995.0,68995.0,False
2019-01-14 19:15:00,688770.0,774239.8457684902,774240.0,0.0,85470.0,85470.0,False
2019-01-14 19:16:00,675900.0,763131.2018813461,763132.0,0.0,87232.0,87232.0,False
2019-01-14 19:17:00,659977.0,745907.8723111381,745908.0,0.0,85931.0,85931.0,False
2019-01-14 19:18:00,676001.0,744710.9639226889,744711.0,0.0,68710.0,68710.0,False
2019-01-14 19:19:00,649056.0,728684.7357006093,728685.0,0.0,79629.0,79629.0,False
2019-01-14 19:20:00,680219.0,730081.7777433249,730082.0,0.0,49863.0,49863.0,False
2019-01-14 19:21:00,683428.0,751836.9895963012,751837.0,0.0,68409.0,68409.0,False
2019-01-14 19:22:00,661053.0,731686.453715978,731687.0,0.0,70634.0,70634.0,False
2019-01-14 19:23:00,664052.0,741288.3126670058,741289.0,0.0,77237.0,77237.0,False
2019-01-14 19:24:00,657863.0,745143.6255354191,745144.0,0.0,87281.0,87281.0,False
2019-01-14 19:25:00,663647.0,740672.8674862152,740673.0,0.0,77026.0,77026.0,False
2019-01-14 19:26:00,647101.0,737644.0407849365,737645.0,0.0,90544.0,90544.0,False
2019-01-14 19:27:00,624672.0,679838.9924422953,679839.0,0.0,55167.0,55167.0,False
2019-01-14 19:28:00,631523.0,713441.1682407359,713442.0,0.0,81919.0,81919.0,False
2019-01-14 19:29:00,631815.0,696386.7156633985,696387.0,0.0,64572.0,64572.0,False
2019-01-14 19:30:00,698503.0,781823.9278683232,781824.0,0.0,83321.0,83321.0,False
2019-01-14 19:31:00,662179.0,735820.3740566332,735821.0,0.0,73642.0,73642.0,False
2019-01-14 19:32:00,658495.0,728565.2636428142,728566.0,0.0,70071.0,70071.0,False
2019-01-14 19:33:00,650494.0,740749.8835974785,740750.0,0.0,90256.0,90256.0,False
2019-01-14 19:34:00,638613.0,708097.5961995628,708098.0,0.0,69485.0,69485.0,False
2019-01-14 19:35:00,627384.0,726385.1235909057,726386.0,0.0,99002.0,99002.0,False
2019-01-14 19:36:00,637582.0,726682.4117519126,726683.0,0.0,89101.0,89101.0,False
2019-01-14 19:37:00,622451.0,726016.1069978822,726017.0,0.0,103566.0,103566.0,False
2019-01-14 19:38:00,615976.0,695452.9071373509,695453.0,0.0,79477.0,79477.0,False
2019-01-14 19:39:00,620173.0,656902.5790071487,656903.0,0.0,36730.0,36730.0,False
2019-01-14 19:40:00,649887.0,725463.5640065764,725464.0,0.0,75577.0,75577.0,False
2019-01-14 19:41:00,626528.0,674619.3539494212,674620.0,0.0,48092.0,48092.0,False
2019-01-14 19:42:00,616599.0,665636.5609485001,665637.0,0.0,49038.0,49038.0,False
2019-01-14 19:43:00,634251.0,676356.1037445061,676357.0,0.0,42106.0,42106.0,False
2019-01-14 19:44:00,638098.0,681185.0561214052,681186.0,0.0,43088.0,43088.0,False
2019-01-14 19:45:00,659298.0,704671.1922924136,704672.0,0.0,45374.0,45374.0,False
2019-01-14 19:46:00,645723.0,701160.2726910546,701161.0,0.0,55438.0,55438.0,False
2019-01-14 19:47:00,649118.0,688731.0578604011,688732.0,0.0,39614.0,39614.0,False
2019-01-14 19:48:00,644796.0,701911.9249697684,701912.0,0.0,57116.0,57116.0,False
2019-01-14 19:49:00,634203.0,689509.8108847574,689510.0,0.0,55307.0,55307.0,False
2019-01-14 19:50:00,651809.0,711400.4887897739,711401.0,0.0,59592.0,59592.0,False
2019-01-14 19:51:00,632039.0,679213.8473171161,679214.0,0.0,47175.0,47175.0,False
2019-01-14 19:52:00,639584.0,679668.8526150389,679669.0,0.0,40085.0,40085.0,False
2019-01-14 19:53:00,630248.0,695636.1961545064,695637.0,0.0,65389.0,65389.0,False
2019-01-14 19:54:00,644150.0,691257.9123331427,691258.0,0.0,47108.0,47108.0,False
2019-01-14 19:55:00,647429.0,696187.4163433714,696188.0,0.0,48759.0,48759.0,False
2019-01-14 19:56:00,634617.0,693148.9270653512,693149.0,0.0,58532.0,58532.0,False
2019-01-14 19:57:00,642185.0,682544.2978508547,682545.0,0.0,40360.0,40360.0,False
2019-01-14 19:58:00,638503.0,682698.6084661186,682699.0,0.0,44196.0,44196.0,False
2019-01-14 19:59:00,633430.0,673800.1376834911,673801.0,0.0,40371.0,40371.0,False
2019-01-14 20:00:00,729691.0,781533.1214472405,781534.0,0.0,51843.0,51843.0,False
2019-01-14 20:01:00,660045.0,740712.0809821158,740713.0,0.0,80668.0,80668.0,False
2019-01-14 20:02:00,664402.0,708902.4214945949,708903.0,0.0,44501.0,44501.0,False
2019-01-14 20:03:00,647707.0,692787.9160051463,692788.0,0.0,45081.0,45081.0,False
2019-01-14 20:04:00,648382.0,679112.15948099,679113.0,0.0,30731.0,30731.0,False
2019-01-14 20:05:00,653859.0,713027.3362849517,713028.0,0.0,59169.0,59169.0,False
2019-01-14 20:06:00,705258.0,715137.6063901947,715138.0,0.0,9880.0,9880.0,False
2019-01-14 20:07:00,728414.0,737502.8470365462,737503.0,0.0,9089.0,9089.0,False
2019-01-14 20:08:00,720235.0,717428.5952365259,717429.0,2806.0,0.0,28060.0,False
2019-01-14 20:09:00,723023.0,743973.7150049631,743974.0,0.0,20951.0,20951.0,False
2019-01-14 20:10:00,709796.0,841320.7376237165,841321.0,0.0,131525.0,131525.0,False
2019-01-14 20:11:00,682163.0,770217.952259937,770218.0,0.0,88055.0,88055.0,False
2019-01-14 20:12:00,647469.0,701869.8521158631,701870.0,0.0,54401.0,54401.0,False
2019-01-14 20:13:00,636998.0,686750.2647385978,686751.0,0.0,49753.0,49753.0,False
2019-01-14 20:14:00,624944.0,699163.8011076895,699164.0,0.0,74220.0,74220.0,False
2019-01-14 20:15:00,676927.0,693928.847968747,693929.0,0.0,17002.0,17002.0,False
2019-01-14 20:16:00,667837.0,725529.586535202,725530.0,0.0,57693.0,57693.0,False
2019-01-14 20:17:00,672120.0,712157.0221262914,712158.0,0.0,40038.0,40038.0,False
2019-01-14 20:18:00,652397.0,722962.7856338434,722963.0,0.0,70566.0,70566.0,False
2019-01-14 20:19:00,635836.0,724036.0516475515,724037.0,0.0,88201.0,88201.0,False
2019-01-14 20:20:00,660339.0,727781.5410635255,727782.0,0.0,67443.0,67443.0,False
2019-01-14 20:21:00,642079.0,703581.5881602115,703582.0,0.0,61503.0,61503.0,False
2019-01-14 20:22:00,642855.0,683747.815439244,683748.0,0.0,40893.0,40893.0,False
2019-01-14 20:23:00,643858.0,720396.6841560985,720397.0,0.0,76539.0,76539.0,False
2019-01-14 20:24:00,639810.0,707827.6821661976,707828.0,0.0,68018.0,68018.0,False
2019-01-14 20:25:00,658640.0,733384.0395150845,733385.0,0.0,74745.0,74745.0,False
2019-01-14 20:26:00,641121.0,715847.4500407283,715848.0,0.0,74727.0,74727.0,False
2019-01-14 20:27:00,621717.0,706319.7321151777,706320.0,0.0,84603.0,84603.0,False
2019-01-14 20:28:00,627626.0,711448.4795952105,711449.0,0.0,83823.0,83823.0,False
2019-01-14 20:29:00,605169.0,721863.0645647896,721864.0,0.0,116695.0,116695.0,False
2019-01-14 20:30:00,652512.0,795778.8492116085,795779.0,0.0,143267.0,143267.0,False
2019-01-14 20:31:00,624649.0,769831.9103638339,769832.0,0.0,145183.0,145183.0,False
2019-01-14 20:32:00,607889.0,765950.9370174913,765951.0,0.0,158062.0,158062.0,False
2019-01-14 20:33:00,632286.0,747612.3055726319,747613.0,0.0,115327.0,115327.0,False
2019-01-14 20:34:00,615967.0,732152.6348541147,732153.0,0.0,116186.0,116186.0,False
2019-01-14 20:35:00,630576.0,735260.993193307,735261.0,0.0,104685.0,104685.0,False
2019-01-14 20:36:00,644715.0,731276.6309365865,731277.0,0.0,86562.0,86562.0,False
2019-01-14 20:37:00,629121.0,710079.0726831125,710080.0,0.0,80959.0,80959.0,False
2019-01-14 20:38:00,621777.0,718332.0876777653,718333.0,0.0,96556.0,96556.0,False
2019-01-14 20:39:00,613424.0,709850.2084205672,709851.0,0.0,96427.0,96427.0,False
2019-01-14 20:40:00,640169.0,752153.3421865471,752154.0,0.0,111985.0,111985.0,False
2019-01-14 20:41:00,611936.0,726382.47893771,726383.0,0.0,114447.0,114447.0,False
2019-01-14 20:42:00,617117.0,701836.4258898818,701837.0,0.0,84720.0,84720.0,False
2019-01-14 20:43:00,621267.0,701452.5317637721,701453.0,0.0,80186.0,80186.0,False
2019-01-14 20:44:00,626651.0,719074.8566103867,719075.0,0.0,92424.0,92424.0,False
2019-01-14 20:45:00,640017.0,731979.6212547022,731980.0,0.0,91963.0,91963.0,False
2019-01-14 20:46:00,633376.0,722270.0376673604,722271.0,0.0,88895.0,88895.0,False
2019-01-14 20:47:00,655904.0,713242.570756546,713243.0,0.0,57339.0,57339.0,False
2019-01-14 20:48:00,643601.0,702495.1110455836,702496.0,0.0,58895.0,58895.0,False
2019-01-14 20:49:00,623391.0,716840.0781889668,716841.0,0.0,93450.0,93450.0,False
2019-01-14 20:50:00,649571.0,721243.5046873144,721244.0,0.0,71673.0,71673.0,False
2019-01-14 20:51:00,640909.0,714459.0557539485,714460.0,0.0,73551.0,73551.0,False
2019-01-14 20:52:00,658850.0,706054.3066834129,706055.0,0.0,47205.0,47205.0,False
2019-01-14 20:53:00,636102.0,690500.5964458664,690501.0,0.0,54399.0,54399.0,False
2019-01-14 20:54:00,621152.0,670490.1645962741,670491.0,0.0,49339.0,49339.0,False
2019-01-14 20:55:00,642066.0,695441.1737275255,695442.0,0.0,53376.0,53376.0,False
2019-01-14 20:56:00,627550.0,675506.7263426512,675507.0,0.0,47957.0,47957.0,False
2019-01-14 20:57:00,624159.0,692426.1949577591,692427.0,0.0,68268.0,68268.0,False
2019-01-14 20:58:00,629443.0,688796.7947059239,688797.0,0.0,59354.0,59354.0,False
2019-01-14 20:59:00,627116.0,681752.7672788278,681753.0,0.0,54637.0,54637.0,False
2019-01-14 21:00:00,713622.0,786533.515594715,786534.0,0.0,72912.0,72912.0,False
2019-01-14 21:01:00,682471.0,727896.5126404443,727897.0,0.0,45426.0,45426.0,False
2019-01-14 21:02:00,665548.0,702890.0826199824,702891.0,0.0,37343.0,37343.0,False
2019-01-14 21:03:00,647485.0,688566.976361171,688567.0,0.0,41082.0,41082.0,False
2019-01-14 21:04:00,656537.0,688521.99433292,688522.0,0.0,31985.0,31985.0,False
2019-01-14 21:05:00,658689.0,745169.0701830463,745170.0,0.0,86481.0,86481.0,False
2019-01-14 21:06:00,650743.0,768301.311741625,768302.0,0.0,117559.0,117559.0,False
2019-01-14 21:07:00,671512.0,729217.6051370346,729218.0,0.0,57706.0,57706.0,False
2019-01-14 21:08:00,746368.0,772485.440089807,772486.0,0.0,26118.0,26118.0,False
2019-01-14 21:09:00,755706.0,776790.4614612306,776791.0,0.0,21085.0,21085.0,False
2019-01-14 21:10:00,721742.0,740930.0751693435,740931.0,0.0,19189.0,19189.0,False
2019-01-14 21:11:00,634048.0,717639.0400317694,717640.0,0.0,83592.0,83592.0,False
2019-01-14 21:12:00,653608.0,715201.2175240833,715202.0,0.0,61594.0,61594.0,False
2019-01-14 21:13:00,651736.0,712767.230843742,712768.0,0.0,61032.0,61032.0,False
2019-01-14 21:14:00,647479.0,705013.8793331209,705014.0,0.0,57535.0,57535.0,False
2019-01-14 21:15:00,648939.0,718405.2223076974,718406.0,0.0,69467.0,69467.0,False
2019-01-14 21:16:00,637511.0,714335.2847537337,714336.0,0.0,76825.0,76825.0,False
2019-01-14 21:17:00,660161.0,698460.1360961375,698461.0,0.0,38300.0,38300.0,False
2019-01-14 21:18:00,645540.0,702950.8025294672,702951.0,0.0,57411.0,57411.0,False
2019-01-14 21:19:00,648124.0,694654.9618134842,694655.0,0.0,46531.0,46531.0,False
2019-01-14 21:20:00,675828.0,716254.862989282,716255.0,0.0,40427.0,40427.0,False
2019-01-14 21:21:00,655098.0,713741.8856015953,713742.0,0.0,58644.0,58644.0,False
2019-01-14 21:22:00,644619.0,703749.0916513393,703750.0,0.0,59131.0,59131.0,False
2019-01-14 21:23:00,639264.0,689964.4640265087,689965.0,0.0,50701.0,50701.0,False
2019-01-14 21:24:00,619322.0,677256.5442529302,677257.0,0.0,57935.0,57935.0,False
2019-01-14 21:25:00,638808.0,695675.6660615862,695676.0,0.0,56868.0,56868.0,False
2019-01-14 21:26:00,627354.0,704955.4501949574,704956.0,0.0,77602.0,77602.0,False
2019-01-14 21:27:00,634318.0,680345.5612441318,680346.0,0.0,46028.0,46028.0,False
2019-01-14 21:28:00,622513.0,687544.0382217588,687545.0,0.0,65032.0,65032.0,False
2019-01-14 21:29:00,632693.0,698005.0440623903,698006.0,0.0,65313.0,65313.0,False
2019-01-14 21:30:00,749223.0,771578.8103970427,771579.0,0.0,22356.0,22356.0,False
2019-01-14 21:31:00,683293.0,727285.7583096625,727286.0,0.0,43993.0,43993.0,False
2019-01-14 21:32:00,650097.0,708963.465532339,708964.0,0.0,58867.0,58867.0,False
2019-01-14 21:33:00,647019.0,710576.1445759232,710577.0,0.0,63558.0,63558.0,False
2019-01-14 21:34:00,626563.0,702991.683180467,702992.0,0.0,76429.0,76429.0,False
2019-01-14 21:35:00,641004.0,713837.9071877504,713838.0,0.0,72834.0,72834.0,False
2019-01-14 21:36:00,638907.0,684930.5108010302,684931.0,0.0,46024.0,46024.0,False
2019-01-14 21:37:00,632517.0,656447.7950606899,656448.0,0.0,23931.0,23931.0,False
2019-01-14 21:38:00,627948.0,653307.635418066,653308.0,0.0,25360.0,25360.0,False
2019-01-14 21:39:00,639289.0,652781.3933614244,652782.0,0.0,13493.0,13493.0,False
2019-01-14 21:40:00,660362.0,678572.8887561669,678573.0,0.0,18211.0,18211.0,False
2019-01-14 21:41:00,629310.0,641896.8290880781,641897.0,0.0,12587.0,12587.0,False
2019-01-14 21:42:00,625209.0,628008.7831185034,628009.0,0.0,2800.0,2800.0,False
2019-01-14 21:43:00,633703.0,639184.1590391749,639185.0,0.0,5482.0,5482.0,False
2019-01-14 21:44:00,618526.0,633053.3373997366,633054.0,0.0,14528.0,14528.0,False
2019-01-14 21:45:00,630324.0,658319.9615116825,658320.0,0.0,27996.0,27996.0,False
2019-01-14 21:46:00,626136.0,658834.0442691323,658835.0,0.0,32699.0,32699.0,False
2019-01-14 21:47:00,646299.0,655735.5364977191,655736.0,0.0,9437.0,9437.0,False
2019-01-14 21:48:00,622032.0,655740.8448705922,655741.0,0.0,33709.0,33709.0,False
2019-01-14 21:49:00,614926.0,640785.1104894229,640786.0,0.0,25860.0,25860.0,False
2019-01-14 21:50:00,630777.0,653424.5474909177,653425.0,0.0,22648.0,22648.0,False
2019-01-14 21:51:00,641511.0,622555.7642948463,622556.0,18955.0,0.0,189550.0,False
2019-01-14 21:52:00,636468.0,647050.2207493357,647051.0,0.0,10583.0,10583.0,False
2019-01-14 21:53:00,619147.0,646880.2607230094,646881.0,0.0,27734.0,27734.0,False
2019-01-14 21:54:00,633728.0,633610.5317563541,633611.0,117.0,0.0,1170.0,False
2019-01-14 21:55:00,629719.0,649066.9308554883,649067.0,0.0,19348.0,19348.0,False
2019-01-14 21:56:00,622534.0,632778.019337735,632779.0,0.0,10245.0,10245.0,False
2019-01-14 21:57:00,638027.0,638209.786628202,638210.0,0.0,183.0,183.0,False
2019-01-14 21:58:00,618927.0,629661.0838697127,629662.0,0.0,10735.0,10735.0,False
2019-01-14 21:59:00,624671.0,632395.328099068,632396.0,0.0,7725.0,7725.0,False
2019-01-14 22:00:00,726231.0,735361.5828086422,735362.0,0.0,9131.0,9131.0,False
2019-01-14 22:01:00,651412.0,699914.4096859556,699915.0,0.0,48503.0,48503.0,False
2019-01-14 22:02:00,652930.0,685879.0574219825,685880.0,0.0,32950.0,32950.0,False
2019-01-14 22:03:00,642876.0,695269.5177678865,695270.0,0.0,52394.0,52394.0,False
2019-01-14 22:04:00,634330.0,684650.5053854992,684651.0,0.0,50321.0,50321.0,False
2019-01-14 22:05:00,647171.0,694394.1141730576,694395.0,0.0,47224.0,47224.0,False
2019-01-14 22:06:00,722589.0,699273.6570806577,699274.0,23315.0,0.0,233150.0,False
2019-01-14 22:07:00,725084.0,749974.7992890872,749975.0,0.0,24891.0,24891.0,False
2019-01-14 22:08:00,727419.0,756839.8198815614,756840.0,0.0,29421.0,29421.0,False
2019-01-14 22:09:00,694547.0,770119.8517139257,770120.0,0.0,75573.0,75573.0,False
2019-01-14 22:10:00,661817.0,755493.5609166637,755494.0,0.0,93677.0,93677.0,False
2019-01-14 22:11:00,648076.0,722767.8684805471,722768.0,0.0,74692.0,74692.0,False
2019-01-14 22:12:00,636912.0,687462.5616746949,687463.0,0.0,50551.0,50551.0,False
2019-01-14 22:13:00,628149.0,682091.6508379441,682092.0,0.0,53943.0,53943.0,False
2019-01-14 22:14:00,627421.0,671324.4679234985,671325.0,0.0,43904.0,43904.0,False
2019-01-14 22:15:00,653408.0,698348.7600104526,698349.0,0.0,44941.0,44941.0,False
2019-01-14 22:16:00,637563.0,697687.2800828378,697688.0,0.0,60125.0,60125.0,False
2019-01-14 22:17:00,639372.0,680124.3168210632,680125.0,0.0,40753.0,40753.0,False
2019-01-14 22:18:00,627615.0,671779.957255066,671780.0,0.0,44165.0,44165.0,False
2019-01-14 22:19:00,623973.0,674959.3027486576,674960.0,0.0,50987.0,50987.0,False
2019-01-14 22:20:00,638312.0,703995.1341747644,703996.0,0.0,65684.0,65684.0,False
2019-01-14 22:21:00,625041.0,691940.5706718966,691941.0,0.0,66900.0,66900.0,False
2019-01-14 22:22:00,619713.0,668321.8045812602,668322.0,0.0,48609.0,48609.0,False
2019-01-14 22:23:00,614103.0,657712.4837092882,657713.0,0.0,43610.0,43610.0,False
2019-01-14 22:24:00,616165.0,675608.1070560354,675609.0,0.0,59444.0,59444.0,False
2019-01-14 22:25:00,616171.0,675898.5963962896,675899.0,0.0,59728.0,59728.0,False
2019-01-14 22:26:00,625452.0,675883.9228318601,675884.0,0.0,50432.0,50432.0,False
2019-01-14 22:27:00,635677.0,671687.4478435821,671688.0,0.0,36011.0,36011.0,False
2019-01-14 22:28:00,636054.0,667601.0887520121,667602.0,0.0,31548.0,31548.0,False
2019-01-14 22:29:00,617821.0,659914.0892729476,659915.0,0.0,42094.0,42094.0,False
2019-01-14 22:30:00,677698.0,739405.8891210763,739406.0,0.0,61708.0,61708.0,False
2019-01-14 22:31:00,647610.0,689794.8818423668,689795.0,0.0,42185.0,42185.0,False
2019-01-14 22:32:00,626252.0,675797.945766124,675798.0,0.0,49546.0,49546.0,False
2019-01-14 22:33:00,623358.0,682106.8138898953,682107.0,0.0,58749.0,58749.0,False
2019-01-14 22:34:00,613736.0,660144.5365772744,660145.0,0.0,46409.0,46409.0,False
2019-01-14 22:35:00,626600.0,664160.1786323045,664161.0,0.0,37561.0,37561.0,False
2019-01-14 22:36:00,612123.0,681513.260114358,681514.0,0.0,69391.0,69391.0,False
2019-01-14 22:37:00,604535.0,657965.2244418602,657966.0,0.0,53431.0,53431.0,False
2019-01-14 22:38:00,604385.0,645038.5337994548,645039.0,0.0,40654.0,40654.0,False
2019-01-14 22:39:00,607582.0,641429.4944980951,641430.0,0.0,33848.0,33848.0,False
2019-01-14 22:40:00,641559.0,675023.5930050189,675024.0,0.0,33465.0,33465.0,False
2019-01-14 22:41:00,623349.0,634213.5269306612,634214.0,0.0,10865.0,10865.0,False
2019-01-14 22:42:00,595166.0,631909.9469144739,631910.0,0.0,36744.0,36744.0,False
2019-01-14 22:43:00,623969.0,635186.0939211539,635187.0,0.0,11218.0,11218.0,False
2019-01-14 22:44:00,616972.0,621646.162045734,621647.0,0.0,4675.0,4675.0,False
2019-01-14 22:45:00,638137.0,652756.3222437163,652757.0,0.0,14620.0,14620.0,False
2019-01-14 22:46:00,623340.0,674567.5525206855,674568.0,0.0,51228.0,51228.0,False
2019-01-14 22:47:00,645070.0,657184.6691626179,657185.0,0.0,12115.0,12115.0,False
2019-01-14 22:48:00,629597.0,652906.1866393283,652907.0,0.0,23310.0,23310.0,False
2019-01-14 22:49:00,599110.0,642422.056480185,642423.0,0.0,43313.0,43313.0,False
2019-01-14 22:50:00,639246.0,674313.9659235456,674314.0,0.0,35068.0,35068.0,False
2019-01-14 22:51:00,604252.0,652671.0611168932,652672.0,0.0,48420.0,48420.0,False
2019-01-14 22:52:00,611750.0,634814.0388020099,634815.0,0.0,23065.0,23065.0,False
2019-01-14 22:53:00,606205.0,638189.4272829958,638190.0,0.0,31985.0,31985.0,False
2019-01-14 22:54:00,605963.0,639191.766856968,639192.0,0.0,33229.0,33229.0,False
2019-01-14 22:55:00,615895.0,643162.9804872355,643163.0,0.0,27268.0,27268.0,False
2019-01-14 22:56:00,613157.0,634711.258927395,634712.0,0.0,21555.0,21555.0,False
2019-01-14 22:57:00,607959.0,630921.5578671583,630922.0,0.0,22963.0,22963.0,False
2019-01-14 22:58:00,625235.0,650873.5617680144,650874.0,0.0,25639.0,25639.0,False
2019-01-14 22:59:00,611442.0,631781.4134645764,631782.0,0.0,20340.0,20340.0,False
2019-01-14 23:00:00,711484.0,745228.102831666,745229.0,0.0,33745.0,33745.0,False
2019-01-14 23:01:00,645106.0,688436.2033236087,688437.0,0.0,43331.0,43331.0,False
2019-01-14 23:02:00,652371.0,678138.1810865642,678139.0,0.0,25768.0,25768.0,False
2019-01-14 23:03:00,651248.0,662351.597324534,662352.0,0.0,11104.0,11104.0,False
2019-01-14 23:04:00,629553.0,651260.2373813267,651261.0,0.0,21708.0,21708.0,False
2019-01-14 23:05:00,637780.0,657790.2981526244,657791.0,0.0,20011.0,20011.0,False
2019-01-14 23:06:00,652740.0,656952.3251274395,656953.0,0.0,4213.0,4213.0,False
2019-01-14 23:07:00,676817.0,712462.9281855911,712463.0,0.0,35646.0,35646.0,False
2019-01-14 23:08:00,684261.0,701524.7235188303,701525.0,0.0,17264.0,17264.0,False
2019-01-14 23:09:00,686833.0,704937.1267787156,704938.0,0.0,18105.0,18105.0,False
2019-01-14 23:10:00,667390.0,728570.719543732,728571.0,0.0,61181.0,61181.0,False
2019-01-14 23:11:00,637495.0,693266.0136408003,693267.0,0.0,55772.0,55772.0,False
2019-01-14 23:12:00,658949.0,675047.5745443165,675048.0,0.0,16099.0,16099.0,False
2019-01-14 23:13:00,620860.0,668718.9354913237,668719.0,0.0,47859.0,47859.0,False
2019-01-14 23:14:00,609331.0,649869.9947037059,649870.0,0.0,40539.0,40539.0,False
2019-01-14 23:15:00,630045.0,675707.6638446437,675708.0,0.0,45663.0,45663.0,False
2019-01-14 23:16:00,604802.0,655150.2876212773,655151.0,0.0,50349.0,50349.0,False
2019-01-14 23:17:00,535995.0,655331.5506478851,655332.0,0.0,119337.0,119337.0,False
2019-01-14 23:18:00,567885.0,683413.2378870182,683414.0,0.0,115529.0,115529.0,False
2019-01-14 23:19:00,591624.0,668390.5165072139,668391.0,0.0,76767.0,76767.0,False
2019-01-14 23:20:00,633844.0,723450.9642898994,723451.0,0.0,89607.0,89607.0,False
2019-01-14 23:21:00,622058.0,716707.9556773363,716708.0,0.0,94650.0,94650.0,False
2019-01-14 23:22:00,605205.0,692448.8784020053,692449.0,0.0,87244.0,87244.0,False
2019-01-14 23:23:00,622582.0,673899.5398620246,673900.0,0.0,51318.0,51318.0,False
2019-01-14 23:24:00,612415.0,689936.1405028545,689937.0,0.0,77522.0,77522.0,False
2019-01-14 23:25:00,616866.0,686191.2304892092,686192.0,0.0,69326.0,69326.0,False
2019-01-14 23:26:00,601307.0,674741.2074505654,674742.0,0.0,73435.0,73435.0,False
2019-01-14 23:27:00,614037.0,682865.5426160927,682866.0,0.0,68829.0,68829.0,False
2019-01-14 23:28:00,618267.0,685993.6790775731,685994.0,0.0,67727.0,67727.0,False
2019-01-14 23:29:00,636622.0,701040.2881491868,701041.0,0.0,64419.0,64419.0,False
2019-01-14 23:30:00,704185.0,759567.7346059126,759568.0,0.0,55383.0,55383.0,False
2019-01-14 23:31:00,644028.0,711031.2989216495,711032.0,0.0,67004.0,67004.0,False
2019-01-14 23:32:00,616963.0,696077.8514005521,696078.0,0.0,79115.0,79115.0,False
2019-01-14 23:33:00,611267.0,700848.4574786898,700849.0,0.0,89582.0,89582.0,False
2019-01-14 23:34:00,581705.0,677017.258596885,677018.0,0.0,95313.0,95313.0,False
2019-01-14 23:35:00,593599.0,689765.2909028844,689766.0,0.0,96167.0,96167.0,False
2019-01-14 23:36:00,597509.0,679707.4572225676,679708.0,0.0,82199.0,82199.0,False
2019-01-14 23:37:00,599955.0,679583.335830219,679584.0,0.0,79629.0,79629.0,False
2019-01-14 23:38:00,595014.0,676039.7156564972,676040.0,0.0,81026.0,81026.0,False
2019-01-14 23:39:00,594908.0,646706.3978648861,646707.0,0.0,51799.0,51799.0,False
2019-01-14 23:40:00,634585.0,694594.4260755678,694595.0,0.0,60010.0,60010.0,False
2019-01-14 23:41:00,608947.0,675015.980805343,675016.0,0.0,66069.0,66069.0,False
2019-01-14 23:42:00,607280.0,662683.6411243689,662684.0,0.0,55404.0,55404.0,False
2019-01-14 23:43:00,613165.0,666832.6717326666,666833.0,0.0,53668.0,53668.0,False
2019-01-14 23:44:00,613704.0,671825.4769001417,671826.0,0.0,58122.0,58122.0,False
2019-01-14 23:45:00,639067.0,724141.4134537876,724142.0,0.0,85075.0,85075.0,False
2019-01-14 23:46:00,620960.0,693262.6700283716,693263.0,0.0,72303.0,72303.0,False
2019-01-14 23:47:00,604475.0,678442.6264194727,678443.0,0.0,73968.0,73968.0,False
2019-01-14 23:48:00,614541.0,652574.8980055363,652575.0,0.0,38034.0,38034.0,False
2019-01-14 23:49:00,591612.0,635666.1601752118,635667.0,0.0,44055.0,44055.0,False
2019-01-14 23:50:00,617163.0,663587.3868796467,663588.0,0.0,46425.0,46425.0,False
2019-01-14 23:51:00,591331.0,636546.9116044254,636547.0,0.0,45216.0,45216.0,False
2019-01-14 23:52:00,580034.0,625901.2086342206,625902.0,0.0,45868.0,45868.0,False
2019-01-14 23:53:00,583403.0,614693.7026239794,614694.0,0.0,31291.0,31291.0,False
2019-01-14 23:54:00,598860.0,617904.7494949795,617905.0,0.0,19045.0,19045.0,False
2019-01-14 23:55:00,611202.0,641165.555839675,641166.0,0.0,29964.0,29964.0,False
2019-01-14 23:56:00,588891.0,645453.9227791573,645454.0,0.0,56563.0,56563.0,False
2019-01-14 23:57:00,578440.0,620397.6489367821,620398.0,0.0,41958.0,41958.0,False
2019-01-14 23:58:00,587982.0,634941.2604158766,634942.0,0.0,46960.0,46960.0,False
2019-01-14 23:59:00,586114.0,624120.565172889,624121.0,0.0,38007.0,38007.0,False
