timestamp,actual_demand,predicted,provisioned,cold_starts,idle_capacity,cost,is_extreme
2019-01-12 09:36:00,553495.0,662068.3747241718,662069.0,0.0,108574.0,108574.0,False
2019-01-12 09:37:00,559100.0,662738.9997241718,662739.0,0.0,103639.0,103639.0,False
2019-01-12 09:38:00,555599.0,666048.8122241718,666049.0,0.0,110450.0,110450.0,False
2019-01-12 09:39:00,570612.0,659141.2497241718,659142.0,0.0,88530.0,88530.0,False
2019-01-12 09:40:00,584966.0,702588.0622241718,702589.0,0.0,117623.0,117623.0,False
2019-01-12 09:41:00,571705.0,677096.1247241718,677097.0,0.0,105392.0,105392.0,False
2019-01-12 09:42:00,575588.0,680422.4372241718,680423.0,0.0,104835.0,104835.0,False
2019-01-12 09:43:00,565964.0,681093.5622241718,681094.0,0.0,115130.0,115130.0,False
2019-01-12 09:44:00,572865.0,666755.8747241718,666756.0,0.0,93891.0,93891.0,False
2019-01-12 09:45:00,617089.0,674094.6872241718,674095.0,0.0,57006.0,57006.0,False
2019-01-12 09:46:00,615697.0,689571.6247241718,689572.0,0.0,73875.0,73875.0,False
2019-01-12 09:47:00,621582.0,695922.0622241718,695923.0,0.0,74341.0,74341.0,False
2019-01-12 09:48:00,602921.0,713572.8122241718,713573.0,0.0,110652.0,110652.0,False
2019-01-12 09:49:00,590658.0,698588.9372241718,698589.0,0.0,107931.0,107931.0,False
2019-01-12 09:50:00,613440.0,690131.3747241718,690132.0,0.0,76692.0,76692.0,False
2019-01-12 09:51:00,599705.0,695491.3747241718,695492.0,0.0,95787.0,95787.0,False
2019-01-12 09:52:00,587745.0,692790.8747241718,692791.0,0.0,105046.0,105046.0,False
2019-01-12 09:53:00,562710.0,685329.3122241718,685330.0,0.0,122620.0,122620.0,False
2019-01-12 09:54:00,581482.0,671872.3747241718,671873.0,0.0,90391.0,90391.0,False
2019-01-12 09:55:00,578549.0,694993.7497241718,694994.0,0.0,116445.0,116445.0,False
2019-01-12 09:56:00,555120.0,685388.0622241718,685389.0,0.0,130269.0,130269.0,False
2019-01-12 09:57:00,550793.0,683399.4372241718,683400.0,0.0,132607.0,132607.0,False
2019-01-12 09:58:00,562589.0,661257.3747241718,661258.0,0.0,98669.0,98669.0,False
2019-01-12 09:59:00,583837.0,674979.3747241718,674980.0,0.0,91143.0,91143.0,False
2019-01-12 10:00:00,672798.0,701822.5622241718,701823.0,0.0,29025.0,29025.0,False
2019-01-12 10:01:00,613156.0,723329.2497241718,723330.0,0.0,110174.0,110174.0,False
2019-01-12 10:02:00,615925.0,707075.8747241718,707076.0,0.0,91151.0,91151.0,False
2019-01-12 10:03:00,605002.0,714592.8747241718,714593.0,0.0,109591.0,109591.0,False
2019-01-12 10:04:00,614712.0,700207.0622241718,700208.0,0.0,85496.0,85496.0,False
2019-01-12 10:05:00,632308.0,726589.6247241718,726590.0,0.0,94282.0,94282.0,False
2019-01-12 10:06:00,629592.0,750791.3036701519,750792.0,0.0,121200.0,121200.0,False
2019-01-12 10:07:00,621169.0,759524.9284754666,759525.0,0.0,138356.0,138356.0,False
2019-01-12 10:08:00,611268.0,736060.0556911636,736061.0,0.0,124793.0,124793.0,False
2019-01-12 10:09:00,588057.0,728968.6058136143,728969.0,0.0,140912.0,140912.0,False
2019-01-12 10:10:00,630571.0,748078.7096286513,748079.0,0.0,117508.0,117508.0,False
2019-01-12 10:11:00,626327.0,736170.7853590384,736171.0,0.0,109844.0,109844.0,False
2019-01-12 10:12:00,609606.0,727996.054516151,727997.0,0.0,118391.0,118391.0,False
2019-01-12 10:13:00,590924.0,716650.43645526,716651.0,0.0,125727.0,125727.0,False
2019-01-12 10:14:00,569357.0,706799.9518904504,706800.0,0.0,137443.0,137443.0,False
2019-01-12 10:15:00,601976.0,702483.7209854375,702484.0,0.0,100508.0,100508.0,False
2019-01-12 10:16:00,611700.0,713288.7942441915,713289.0,0.0,101589.0,101589.0,False
2019-01-12 10:17:00,613031.0,708040.2977451503,708041.0,0.0,95010.0,95010.0,False
2019-01-12 10:18:00,620360.0,702269.4178356831,702270.0,0.0,81910.0,81910.0,False
2019-01-12 10:19:00,616865.0,706731.4952486441,706732.0,0.0,89867.0,89867.0,False
2019-01-12 10:20:00,645195.0,722995.0489068995,722996.0,0.0,77801.0,77801.0,False
2019-01-12 10:21:00,630220.0,726130.3291993984,726131.0,0.0,95911.0,95911.0,False
2019-01-12 10:22:00,616579.0,720550.1185061865,720551.0,0.0,103972.0,103972.0,False
2019-01-12 10:23:00,617967.0,706751.2262129487,706752.0,0.0,88785.0,88785.0,False
2019-01-12 10:24:00,590719.0,707568.4857126857,707569.0,0.0,116850.0,116850.0,False
2019-01-12 10:25:00,607461.0,697591.9857858809,697592.0,0.0,90131.0,90131.0,False
2019-01-12 10:26:00,595604.0,698216.2724174979,698217.0,0.0,102613.0,102613.0,False
2019-01-12 10:27:00,579180.0,692593.8100102879,692594.0,0.0,113414.0,113414.0,False
2019-01-12 10:28:00,577091.0,680500.1577160241,680501.0,0.0,103410.0,103410.0,False
2019-01-12 10:29:00,589654.0,673161.52849185,673162.0,0.0,83508.0,83508.0,False
2019-01-12 10:30:00,635898.0,721634.7425092285,721635.0,0.0,85737.0,85737.0,False
2019-01-12 10:31:00,570907.0,681072.6450933726,681073.0,0.0,110166.0,110166.0,False
2019-01-12 10:32:00,582776.0,656643.3395042327,656644.0,0.0,73868.0,73868.0,False
2019-01-12 10:33:00,566317.0,659905.6741186309,659906.0,0.0,93589.0,93589.0,False
2019-01-12 10:34:00,536499.0,648069.6273892238,648070.0,0.0,111571.0,111571.0,False
2019-01-12 10:35:00,584796.0,646062.7753541727,646063.0,0.0,61267.0,61267.0,False
2019-01-12 10:36:00,567809.0,653189.3816206635,653190.0,0.0,85381.0,85381.0,False
2019-01-12 10:37:00,568353.0,651923.521036416,651924.0,0.0,83571.0,83571.0,False
2019-01-12 10:38:00,557289.0,633427.7637891512,633428.0,0.0,76139.0,76139.0,False
2019-01-12 10:39:00,570739.0,626171.4710867152,626172.0,0.0,55433.0,55433.0,False
2019-01-12 10:40:00,592745.0,664071.488448189,664072.0,0.0,71327.0,71327.0,False
2019-01-12 10:41:00,590520.0,644881.4272158571,644882.0,0.0,54362.0,54362.0,False
2019-01-12 10:42:00,613963.0,649033.2302145786,649034.0,0.0,35071.0,35071.0,False
2019-01-12 10:43:00,607943.0,672958.4263614947,672959.0,0.0,65016.0,65016.0,False
2019-01-12 10:44:00,624957.0,667783.3902327415,667784.0,0.0,42827.0,42827.0,False
2019-01-12 10:45:00,657422.0,679299.7468848065,679300.0,0.0,21878.0,21878.0,False
2019-01-12 10:46:00,638847.0,714808.1797445344,714809.0,0.0,75962.0,75962.0,False
2019-01-12 10:47:00,643693.0,700188.9114859479,700189.0,0.0,56496.0,56496.0,False
2019-01-12 10:48:00,648756.0,713065.1742537839,713066.0,0.0,64310.0,64310.0,False
2019-01-12 10:49:00,627792.0,713761.4801309458,713762.0,0.0,85970.0,85970.0,False
2019-01-12 10:50:00,631550.0,706336.35216005,706337.0,0.0,74787.0,74787.0,False
2019-01-12 10:51:00,625232.0,703677.5002209449,703678.0,0.0,78446.0,78446.0,False
2019-01-12 10:52:00,628748.0,700843.9194674667,700844.0,0.0,72096.0,72096.0,False
2019-01-12 10:53:00,621864.0,703809.1065717228,703810.0,0.0,81946.0,81946.0,False
2019-01-12 10:54:00,615623.0,705104.67394086,705105.0,0.0,89482.0,89482.0,False
2019-01-12 10:55:00,613658.0,720999.0339647958,721000.0,0.0,107342.0,107342.0,False
2019-01-12 10:56:00,595818.0,697931.5925305387,697932.0,0.0,102114.0,102114.0,False
2019-01-12 10:57:00,589360.0,693903.090014675,693904.0,0.0,104544.0,104544.0,False
2019-01-12 10:58:00,590099.0,705223.4603929722,705224.0,0.0,115125.0,115125.0,False
2019-01-12 10:59:00,579094.0,685508.385034672,685509.0,0.0,106415.0,106415.0,False
2019-01-12 11:00:00,689136.0,700670.1271497209,700671.0,0.0,11535.0,11535.0,False
2019-01-12 11:01:00,638849.0,746903.626241608,746904.0,0.0,108055.0,108055.0,False
2019-01-12 11:02:00,617645.0,735270.4995997361,735271.0,0.0,117626.0,117626.0,False
2019-01-12 11:03:00,613628.0,725354.1526393332,725355.0,0.0,111727.0,111727.0,False
2019-01-12 11:04:00,601598.0,713726.9058753448,713727.0,0.0,112129.0,112129.0,False
2019-01-12 11:05:00,608504.0,725619.795882086,725620.0,0.0,117116.0,117116.0,False
2019-01-12 11:06:00,672356.0,737937.03062319,737938.0,0.0,65582.0,65582.0,False
2019-01-12 11:07:00,662473.0,793505.8642763902,793506.0,0.0,131033.0,131033.0,False
2019-01-12 11:08:00,683414.0,776727.7021128316,776728.0,0.0,93314.0,93314.0,False
2019-01-12 11:09:00,680693.0,779914.0787178709,779915.0,0.0,99222.0,99222.0,False
2019-01-12 11:10:00,686199.0,786474.4662644728,786475.0,0.0,100276.0,100276.0,False
2019-01-12 11:11:00,652373.0,763494.9940078431,763495.0,0.0,111122.0,111122.0,False
2019-01-12 11:12:00,647148.0,732149.2874877015,732150.0,0.0,85002.0,85002.0,False
2019-01-12 11:13:00,615680.0,735043.6677842872,735044.0,0.0,119364.0,119364.0,False
2019-01-12 11:14:00,604997.0,712353.0373043178,712354.0,0.0,107357.0,107357.0,False
2019-01-12 11:15:00,656380.0,714245.8292318466,714246.0,0.0,57866.0,57866.0,False
2019-01-12 11:16:00,619308.0,738531.906455331,738532.0,0.0,119224.0,119224.0,False
2019-01-12 11:17:00,609750.0,719816.8499245773,719817.0,0.0,110067.0,110067.0,False
2019-01-12 11:18:00,608803.0,717970.2368176962,717971.0,0.0,109168.0,109168.0,False
2019-01-12 11:19:00,619098.0,711947.1767771698,711948.0,0.0,92850.0,92850.0,False
2019-01-12 11:20:00,634030.0,746902.2431445944,746903.0,0.0,112873.0,112873.0,False
2019-01-12 11:21:00,623732.0,722837.1843460335,722838.0,0.0,99106.0,99106.0,False
2019-01-12 11:22:00,600260.0,721012.7887259438,721013.0,0.0,120753.0,120753.0,False
2019-01-12 11:23:00,603439.0,704335.881161283,704336.0,0.0,100897.0,100897.0,False
2019-01-12 11:24:00,600748.0,703017.0482849082,703018.0,0.0,102270.0,102270.0,False
2019-01-12 11:25:00,597077.0,734771.6208064005,734772.0,0.0,137695.0,137695.0,False
2019-01-12 11:26:00,606076.0,704559.2077443879,704560.0,0.0,98484.0,98484.0,False
2019-01-12 11:27:00,589363.0,698359.9157750743,698360.0,0.0,108997.0,108997.0,False
2019-01-12 11:28:00,584865.0,689687.3768947587,689688.0,0.0,104823.0,104823.0,False
2019-01-12 11:29:00,586629.0,688764.6297488047,688765.0,0.0,102136.0,102136.0,False
2019-01-12 11:30:00,667010.0,719493.4788781521,719494.0,0.0,52484.0,52484.0,False
2019-01-12 11:31:00,630921.0,705302.8411601825,705303.0,0.0,74382.0,74382.0,False
2019-01-12 11:32:00,621874.0,693083.7390132302,693084.0,0.0,71210.0,71210.0,False
2019-01-12 11:33:00,624462.0,699959.251448932,699960.0,0.0,75498.0,75498.0,False
2019-01-12 11:34:00,611739.0,693941.8774439325,693942.0,0.0,82203.0,82203.0,False
2019-01-12 11:35:00,633526.0,702285.6533375692,702286.0,0.0,68760.0,68760.0,False
2019-01-12 11:36:00,609703.0,721032.4096315547,721033.0,0.0,111330.0,111330.0,False
2019-01-12 11:37:00,604886.0,688297.7892808856,688298.0,0.0,83412.0,83412.0,False
2019-01-12 11:38:00,599055.0,676231.1184227563,676232.0,0.0,77177.0,77177.0,False
2019-01-12 11:39:00,606871.0,679087.9205684691,679088.0,0.0,72217.0,72217.0,False
2019-01-12 11:40:00,627560.0,721054.6661980258,721055.0,0.0,93495.0,93495.0,False
2019-01-12 11:41:00,601990.0,694042.0800869692,694043.0,0.0,92053.0,92053.0,False
2019-01-12 11:42:00,597969.0,682330.0950967701,682331.0,0.0,84362.0,84362.0,False
2019-01-12 11:43:00,600061.0,680412.8573458823,680413.0,0.0,80352.0,80352.0,False
2019-01-12 11:44:00,590787.0,682145.3213525412,682146.0,0.0,91359.0,91359.0,False
2019-01-12 11:45:00,626420.0,706535.2300757546,706536.0,0.0,80116.0,80116.0,False
2019-01-12 11:46:00,610391.0,677146.4251764879,677147.0,0.0,66756.0,66756.0,False
2019-01-12 11:47:00,623041.0,671556.5894046439,671557.0,0.0,48516.0,48516.0,False
2019-01-12 11:48:00,622582.0,683404.228139233,683405.0,0.0,60823.0,60823.0,False
2019-01-12 11:49:00,603930.0,684675.8888158477,684676.0,0.0,80746.0,80746.0,False
2019-01-12 11:50:00,624126.0,701667.9983138355,701668.0,0.0,77542.0,77542.0,False
2019-01-12 11:51:00,607805.0,684889.5480411178,684890.0,0.0,77085.0,77085.0,False
2019-01-12 11:52:00,621061.0,676180.2175699961,676181.0,0.0,55120.0,55120.0,False
2019-01-12 11:53:00,601186.0,680743.9228181377,680744.0,0.0,79558.0,79558.0,False
2019-01-12 11:54:00,614788.0,671179.6593972292,671180.0,0.0,56392.0,56392.0,False
2019-01-12 11:55:00,648044.0,696605.8074903676,696606.0,0.0,48562.0,48562.0,False
2019-01-12 11:56:00,607104.0,692422.5863303173,692423.0,0.0,85319.0,85319.0,False
2019-01-12 11:57:00,599038.0,682106.4984673514,682107.0,0.0,83069.0,83069.0,False
2019-01-12 11:58:00,578714.0,672664.3136158922,672665.0,0.0,93951.0,93951.0,False
2019-01-12 11:59:00,584432.0,663374.60964509,663375.0,0.0,78943.0,78943.0,False
2019-01-12 12:00:00,710456.0,700385.649590397,700386.0,10070.0,0.0,100700.0,False
2019-01-12 12:01:00,650176.0,756128.965151466,756129.0,0.0,105953.0,105953.0,False
2019-01-12 12:02:00,653458.0,735539.222294125,735540.0,0.0,82082.0,82082.0,False
2019-01-12 12:03:00,633152.0,732792.2448807978,732793.0,0.0,99641.0,99641.0,False
2019-01-12 12:04:00,618287.0,718855.9140445165,718856.0,0.0,100569.0,100569.0,False
2019-01-12 12:05:00,682236.0,734755.0665200733,734756.0,0.0,52520.0,52520.0,False
2019-01-12 12:06:00,706413.0,804745.2353595406,804746.0,0.0,98333.0,98333.0,False
2019-01-12 12:07:00,710186.0,806545.6744753958,806546.0,0.0,96360.0,96360.0,False
2019-01-12 12:08:00,731428.0,806060.3729610126,806061.0,0.0,74633.0,74633.0,False
2019-01-12 12:09:00,730227.0,812963.6529176894,812964.0,0.0,82737.0,82737.0,False
2019-01-12 12:10:00,675699.0,809865.3748907605,809866.0,0.0,134167.0,134167.0,False
2019-01-12 12:11:00,634651.0,751158.0922018857,751159.0,0.0,116508.0,116508.0,False
2019-01-12 12:12:00,612267.0,731058.5550227278,731059.0,0.0,118792.0,118792.0,False
2019-01-12 12:13:00,619758.0,713285.8779362587,713286.0,0.0,93528.0,93528.0,False
2019-01-12 12:14:00,621463.0,720228.0613823042,720229.0,0.0,98766.0,98766.0,False
2019-01-12 12:15:00,662960.0,730376.2162598448,730377.0,0.0,67417.0,67417.0,False
2019-01-12 12:16:00,647567.0,755354.275649537,755355.0,0.0,107788.0,107788.0,False
2019-01-12 12:17:00,646980.0,749423.2488423673,749424.0,0.0,102444.0,102444.0,False
2019-01-12 12:18:00,652729.0,751045.0186038738,751046.0,0.0,98317.0,98317.0,False
2019-01-12 12:19:00,654293.0,767157.9276298084,767158.0,0.0,112865.0,112865.0,False
2019-01-12 12:20:00,658594.0,785217.5985911711,785218.0,0.0,126624.0,126624.0,False
2019-01-12 12:21:00,621109.0,754053.9916450242,754054.0,0.0,132945.0,132945.0,False
2019-01-12 12:22:00,611693.0,731418.8620538362,731419.0,0.0,119726.0,119726.0,False
2019-01-12 12:23:00,615396.0,722319.8517487497,722320.0,0.0,106924.0,106924.0,False
2019-01-12 12:24:00,627098.0,721300.0520949364,721301.0,0.0,94203.0,94203.0,False
2019-01-12 12:25:00,607715.0,748012.7161037569,748013.0,0.0,140298.0,140298.0,False
2019-01-12 12:26:00,598956.0,717815.2810538859,717816.0,0.0,118860.0,118860.0,False
2019-01-12 12:27:00,602450.0,714334.8163086345,714335.0,0.0,111885.0,111885.0,False
2019-01-12 12:28:00,590159.0,717478.2355966616,717479.0,0.0,127320.0,127320.0,False
2019-01-12 12:29:00,602459.0,721206.2273587799,721207.0,0.0,118748.0,118748.0,False
2019-01-12 12:30:00,667302.0,744059.2922431519,744060.0,0.0,76758.0,76758.0,False
2019-01-12 12:31:00,637873.0,717333.8884767332,717334.0,0.0,79461.0,79461.0,False
2019-01-12 12:32:00,636552.0,712224.3327702337,712225.0,0.0,75673.0,75673.0,False
2019-01-12 12:33:00,643793.0,717393.2773988527,717394.0,0.0,73601.0,73601.0,False
2019-01-12 12:34:00,635801.0,720400.730897746,720401.0,0.0,84600.0,84600.0,False
2019-01-12 12:35:00,638370.0,722472.8295475305,722473.0,0.0,84103.0,84103.0,False
2019-01-12 12:36:00,644264.0,718420.8808071109,718421.0,0.0,74157.0,74157.0,False
2019-01-12 12:37:00,621809.0,717158.000391357,717159.0,0.0,95350.0,95350.0,False
2019-01-12 12:38:00,605102.0,695650.6494015749,695651.0,0.0,90549.0,90549.0,False
2019-01-12 12:39:00,612841.0,691835.3970304073,691836.0,0.0,78995.0,78995.0,False
2019-01-12 12:40:00,640759.0,724015.291984138,724016.0,0.0,83257.0,83257.0,False
2019-01-12 12:41:00,619318.0,702516.551483531,702517.0,0.0,83199.0,83199.0,False
2019-01-12 12:42:00,622150.0,691192.3585388429,691193.0,0.0,69043.0,69043.0,False
2019-01-12 12:43:00,637722.0,692179.3323293243,692180.0,0.0,54458.0,54458.0,False
2019-01-12 12:44:00,632725.0,702908.1410790513,702909.0,0.0,70184.0,70184.0,False
2019-01-12 12:45:00,651955.0,714598.4121182897,714599.0,0.0,62644.0,62644.0,False
2019-01-12 12:46:00,653909.0,705545.6788718024,705546.0,0.0,51637.0,51637.0,False
2019-01-12 12:47:00,651527.0,715701.6638462673,715702.0,0.0,64175.0,64175.0,False
2019-01-12 12:48:00,640182.0,711203.9565344867,711204.0,0.0,71022.0,71022.0,False
2019-01-12 12:49:00,648749.0,701979.1140955696,701980.0,0.0,53231.0,53231.0,False
2019-01-12 12:50:00,679400.0,725847.229641686,725848.0,0.0,46448.0,46448.0,False
2019-01-12 12:51:00,659264.0,719083.8523983612,719084.0,0.0,59820.0,59820.0,False
2019-01-12 12:52:00,675013.0,711688.0208351027,711689.0,0.0,36676.0,36676.0,False
2019-01-12 12:53:00,662687.0,724745.9293244892,724746.0,0.0,62059.0,62059.0,False
2019-01-12 12:54:00,684138.0,716767.8517930849,716768.0,0.0,32630.0,32630.0,False
2019-01-12 12:55:00,670150.0,743936.6248362169,743937.0,0.0,73787.0,73787.0,False
2019-01-12 12:56:00,648510.0,719886.0872561065,719887.0,0.0,71377.0,71377.0,False
2019-01-12 12:57:00,636559.0,710028.2165966326,710029.0,0.0,73470.0,73470.0,False
2019-01-12 12:58:00,631408.0,699788.8821836334,699789.0,0.0,68381.0,68381.0,False
2019-01-12 12:59:00,635327.0,694452.167756762,694453.0,0.0,59126.0,59126.0,False
2019-01-12 13:00:00,743162.0,718204.8784989857,718205.0,24957.0,0.0,249570.0,False
2019-01-12 13:01:00,687123.0,767614.464115705,767615.0,0.0,80492.0,80492.0,False
2019-01-12 13:02:00,691558.0,759239.1363598106,759240.0,0.0,67682.0,67682.0,False
2019-01-12 13:03:00,707900.0,766326.4561695801,766327.0,0.0,58427.0,58427.0,False
2019-01-12 13:04:00,665132.0,769701.8357090531,769702.0,0.0,104570.0,104570.0,False
2019-01-12 13:05:00,670364.0,771409.2313564426,771410.0,0.0,101046.0,101046.0,False
2019-01-12 13:06:00,701916.0,783034.5098451666,783035.0,0.0,81119.0,81119.0,False
2019-01-12 13:07:00,720580.0,805845.649786611,805846.0,0.0,85266.0,85266.0,False
2019-01-12 13:08:00,717152.0,820476.3464564236,820477.0,0.0,103325.0,103325.0,False
2019-01-12 13:09:00,740164.0,800871.328360517,800872.0,0.0,60708.0,60708.0,False
2019-01-12 13:10:00,734851.0,845259.790383138,845260.0,0.0,110409.0,110409.0,False
2019-01-12 13:11:00,727068.0,807370.7331114626,807371.0,0.0,80303.0,80303.0,False
2019-01-12 13:12:00,710610.0,800368.6129439424,800369.0,0.0,89759.0,89759.0,False
2019-01-12 13:13:00,670371.0,794776.554313356,794777.0,0.0,124406.0,124406.0,False
2019-01-12 13:14:00,658204.0,759616.5131189625,759617.0,0.0,101413.0,101413.0,False
2019-01-12 13:15:00,675841.0,759339.191081486,759340.0,0.0,83499.0,83499.0,False
2019-01-12 13:16:00,654723.0,765162.0353807303,765163.0,0.0,110440.0,110440.0,False
2019-01-12 13:17:00,649283.0,752587.7611250075,752588.0,0.0,103305.0,103305.0,False
2019-01-12 13:18:00,640966.0,749982.834701865,749983.0,0.0,109017.0,109017.0,False
2019-01-12 13:19:00,641444.0,748503.3546410645,748504.0,0.0,107060.0,107060.0,False
2019-01-12 13:20:00,653162.0,761050.177866325,761051.0,0.0,107889.0,107889.0,False
2019-01-12 13:21:00,636508.0,759600.1036096587,759601.0,0.0,123093.0,123093.0,False
2019-01-12 13:22:00,630465.0,776093.1399554067,776094.0,0.0,145629.0,145629.0,False
2019-01-12 13:23:00,632271.0,746887.2811017239,746888.0,0.0,114617.0,114617.0,False
2019-01-12 13:24:00,632057.0,748102.9401739353,748103.0,0.0,116046.0,116046.0,False
2019-01-12 13:25:00,634516.0,768583.6737241383,768584.0,0.0,134068.0,134068.0,False
2019-01-12 13:26:00,627849.0,746907.784476796,746908.0,0.0,119059.0,119059.0,False
2019-01-12 13:27:00,618578.0,743117.6479614985,743118.0,0.0,124540.0,124540.0,False
2019-01-12 13:28:00,628306.0,737127.1253340342,737128.0,0.0,108822.0,108822.0,False
2019-01-12 13:29:00,631695.0,749261.4037582978,749262.0,0.0,117567.0,117567.0,False
2019-01-12 13:30:00,700249.0,777761.7126079974,777762.0,0.0,77513.0,77513.0,False
2019-01-12 13:31:00,662373.0,738700.5098656825,738701.0,0.0,76328.0,76328.0,False
2019-01-12 13:32:00,652967.0,732750.5824653506,732751.0,0.0,79784.0,79784.0,False
2019-01-12 13:33:00,652840.0,734029.4921220054,734030.0,0.0,81190.0,81190.0,False
2019-01-12 13:34:00,649576.0,725086.3692057508,725087.0,0.0,75511.0,75511.0,False
2019-01-12 13:35:00,672621.0,737142.4469902439,737143.0,0.0,64522.0,64522.0,False
2019-01-12 13:36:00,673337.0,750987.952900216,750988.0,0.0,77651.0,77651.0,False
2019-01-12 13:37:00,669050.0,750942.7572368435,750943.0,0.0,81893.0,81893.0,False
2019-01-12 13:38:00,659639.0,740009.2160069266,740010.0,0.0,80371.0,80371.0,False
2019-01-12 13:39:00,639379.0,737101.3938797525,737102.0,0.0,97723.0,97723.0,False
2019-01-12 13:40:00,660628.0,749950.3695650081,749951.0,0.0,89323.0,89323.0,False
2019-01-12 13:41:00,622770.0,733661.7022911194,733662.0,0.0,110892.0,110892.0,False
2019-01-12 13:42:00,627915.0,704797.8938984738,704798.0,0.0,76883.0,76883.0,False
2019-01-12 13:43:00,630397.0,701289.9677109348,701290.0,0.0,70893.0,70893.0,False
2019-01-12 13:44:00,637742.0,708056.0476413453,708057.0,0.0,70315.0,70315.0,False
2019-01-12 13:45:00,666238.0,720198.4932399539,720199.0,0.0,53961.0,53961.0,False
2019-01-12 13:46:00,648877.0,720645.7187087041,720646.0,0.0,71769.0,71769.0,False
2019-01-12 13:47:00,647690.0,728114.5147732603,728115.0,0.0,80425.0,80425.0,False
2019-01-12 13:48:00,640007.0,724518.3674507313,724519.0,0.0,84512.0,84512.0,False
2019-01-12 13:49:00,642038.0,717666.2683813147,717667.0,0.0,75629.0,75629.0,False
2019-01-12 13:50:00,671877.0,750707.2505320281,750708.0,0.0,78831.0,78831.0,False
2019-01-12 13:51:00,646491.0,727225.125946536,727226.0,0.0,80735.0,80735.0,False
2019-01-12 13:52:00,637107.0,715522.28259803,715523.0,0.0,78416.0,78416.0,False
2019-01-12 13:53:00,624481.0,703856.0920458786,703857.0,0.0,79376.0,79376.0,False
2019-01-12 13:54:00,604614.0,696138.6149168209,696139.0,0.0,91525.0,91525.0,False
2019-01-12 13:55:00,649852.0,697396.060740308,697397.0,0.0,47545.0,47545.0,False
2019-01-12 13:56:00,628350.0,704620.5632062986,704621.0,0.0,76271.0,76271.0,False
2019-01-12 13:57:00,614857.0,694459.3850339658,694460.0,0.0,79603.0,79603.0,False
2019-01-12 13:58:00,619489.0,687719.8386274761,687720.0,0.0,68231.0,68231.0,False
2019-01-12 13:59:00,634144.0,686685.8535819863,686686.0,0.0,52542.0,52542.0,False
2019-01-12 14:00:00,734824.0,742041.9343633978,742042.0,0.0,7218.0,7218.0,False
2019-01-12 14:01:00,670937.0,757756.9886990879,757757.0,0.0,86820.0,86820.0,False
2019-01-12 14:02:00,667911.0,740402.0955125266,740403.0,0.0,72492.0,72492.0,False
2019-01-12 14:03:00,659159.0,742682.1532622455,742683.0,0.0,83524.0,83524.0,False
2019-01-12 14:04:00,649275.0,729990.8368012108,729991.0,0.0,80716.0,80716.0,False
2019-01-12 14:05:00,656518.0,759053.553379804,759054.0,0.0,102536.0,102536.0,False
2019-01-12 14:06:00,768448.0,774080.511383369,774081.0,0.0,5633.0,5633.0,False
2019-01-12 14:07:00,843623.0,872153.7560927627,872154.0,0.0,28531.0,28531.0,True
2019-01-12 14:08:00,841915.0,979501.8799812108,979502.0,0.0,137587.0,137587.0,True
2019-01-12 14:09:00,701544.0,887224.3567693183,887225.0,0.0,185681.0,185681.0,False
2019-01-12 14:10:00,674780.0,803174.5615278252,803175.0,0.0,128395.0,128395.0,False
2019-01-12 14:11:00,625975.0,788507.2027901092,788508.0,0.0,162533.0,162533.0,False
2019-01-12 14:12:00,621827.0,761392.5041089882,761393.0,0.0,139566.0,139566.0,False
2019-01-12 14:13:00,617365.0,744210.4586899499,744211.0,0.0,126846.0,126846.0,False
2019-01-12 14:14:00,620878.0,753961.5783656625,753962.0,0.0,133084.0,133084.0,False
2019-01-12 14:15:00,651511.0,761396.3846414372,761397.0,0.0,109886.0,109886.0,False
2019-01-12 14:16:00,637854.0,774027.9691601807,774028.0,0.0,136174.0,136174.0,False
2019-01-12 14:17:00,631059.0,760883.3342477197,760884.0,0.0,129825.0,129825.0,False
2019-01-12 14:18:00,621756.0,764569.8382834943,764570.0,0.0,142814.0,142814.0,False
2019-01-12 14:19:00,621798.0,767394.3526329705,767395.0,0.0,145597.0,145597.0,False
2019-01-12 14:20:00,629815.0,782641.5401271944,782642.0,0.0,152827.0,152827.0,False
2019-01-12 14:21:00,605733.0,754795.0145379592,754796.0,0.0,149063.0,149063.0,False
2019-01-12 14:22:00,627045.0,741312.5653321759,741313.0,0.0,114268.0,114268.0,False
2019-01-12 14:23:00,636337.0,753010.1962232962,753011.0,0.0,116674.0,116674.0,False
2019-01-12 14:24:00,605578.0,757057.1316632924,757058.0,0.0,151480.0,151480.0,False
2019-01-12 14:25:00,595000.0,756670.0480897772,756671.0,0.0,161671.0,161671.0,False
2019-01-12 14:26:00,588100.0,736462.6198845131,736463.0,0.0,148363.0,148363.0,False
2019-01-12 14:27:00,575571.0,729884.9630786768,729885.0,0.0,154314.0,154314.0,False
2019-01-12 14:28:00,567609.0,717325.2659220389,717326.0,0.0,149717.0,149717.0,False
2019-01-12 14:29:00,562673.0,705787.4557982847,705788.0,0.0,143115.0,143115.0,False
2019-01-12 14:30:00,651870.0,719144.9546913496,719145.0,0.0,67275.0,67275.0,False
2019-01-12 14:31:00,619189.0,745394.1421183152,745395.0,0.0,126206.0,126206.0,False
2019-01-12 14:32:00,611441.0,742360.6002167659,742361.0,0.0,130920.0,130920.0,False
2019-01-12 14:33:00,615412.0,744726.8809675789,744727.0,0.0,129315.0,129315.0,False
2019-01-12 14:34:00,607293.0,739052.1109558226,739053.0,0.0,131760.0,131760.0,False
2019-01-12 14:35:00,619425.0,754347.0819133872,754348.0,0.0,134923.0,134923.0,False
2019-01-12 14:36:00,600096.0,761683.286337393,761684.0,0.0,161588.0,161588.0,False
2019-01-12 14:37:00,592262.0,727572.9550333952,727573.0,0.0,135311.0,135311.0,False
2019-01-12 14:38:00,604236.0,687247.3421698243,687248.0,0.0,83012.0,83012.0,False
2019-01-12 14:39:00,605806.0,700410.9144692003,700411.0,0.0,94605.0,94605.0,False
2019-01-12 14:40:00,656113.0,729125.0578106635,729126.0,0.0,73013.0,73013.0,False
2019-01-12 14:41:00,614753.0,712680.6077176317,712681.0,0.0,97928.0,97928.0,False
2019-01-12 14:42:00,591028.0,697039.0379477276,697040.0,0.0,106012.0,106012.0,False
2019-01-12 14:43:00,587933.0,686309.2215671077,686310.0,0.0,98377.0,98377.0,False
2019-01-12 14:44:00,590113.0,680572.8637917797,680573.0,0.0,90460.0,90460.0,False
2019-01-12 14:45:00,611133.0,701752.7505006937,701753.0,0.0,90620.0,90620.0,False
2019-01-12 14:46:00,609086.0,694258.8456888222,694259.0,0.0,85173.0,85173.0,False
2019-01-12 14:47:00,604148.0,690412.175448904,690413.0,0.0,86265.0,86265.0,False
2019-01-12 14:48:00,594884.0,685766.375403998,685767.0,0.0,90883.0,90883.0,False
2019-01-12 14:49:00,592428.0,685298.9050724637,685299.0,0.0,92871.0,92871.0,False
2019-01-12 14:50:00,621215.0,714958.8271280185,714959.0,0.0,93744.0,93744.0,False
2019-01-12 14:51:00,598946.0,693664.5436749002,693665.0,0.0,94719.0,94719.0,False
2019-01-12 14:52:00,583467.0,677740.3066697377,677741.0,0.0,94274.0,94274.0,False
2019-01-12 14:53:00,585538.0,666527.9962087941,666528.0,0.0,80990.0,80990.0,False
2019-01-12 14:54:00,582360.0,667867.497022994,667868.0,0.0,85508.0,85508.0,False
2019-01-12 14:55:00,586413.0,679835.2842619439,679836.0,0.0,93423.0,93423.0,False
2019-01-12 14:56:00,577093.0,660307.7951327229,660308.0,0.0,83215.0,83215.0,False
2019-01-12 14:57:00,593357.0,658266.0202741158,658267.0,0.0,64910.0,64910.0,False
2019-01-12 14:58:00,564427.0,666029.8168364237,666030.0,0.0,101603.0,101603.0,False
2019-01-12 14:59:00,577309.0,658761.3772787875,658762.0,0.0,81453.0,81453.0,False
2019-01-12 15:00:00,684547.0,706265.5870108034,706266.0,0.0,21719.0,21719.0,False
2019-01-12 15:01:00,616441.0,710509.5574297159,710510.0,0.0,94069.0,94069.0,False
2019-01-12 15:02:00,638624.0,685514.006303989,685515.0,0.0,46891.0,46891.0,False
2019-01-12 15:03:00,652970.0,709238.750684103,709239.0,0.0,56269.0,56269.0,False
2019-01-12 15:04:00,637666.0,714278.5261730027,714279.0,0.0,76613.0,76613.0,False
2019-01-12 15:05:00,709512.0,714086.898467566,714087.0,0.0,4575.0,4575.0,False
2019-01-12 15:06:00,682344.0,805861.7745485178,805862.0,0.0,123518.0,123518.0,False
2019-01-12 15:07:00,679076.0,794072.3710217878,794073.0,0.0,114997.0,114997.0,False
2019-01-12 15:08:00,697420.0,774071.5265574822,774072.0,0.0,76652.0,76652.0,False
2019-01-12 15:09:00,693682.0,779616.2962387527,779617.0,0.0,85935.0,85935.0,False
2019-01-12 15:10:00,699265.0,795720.245765889,795721.0,0.0,96456.0,96456.0,False
2019-01-12 15:11:00,627796.0,784260.0997774228,784261.0,0.0,156465.0,156465.0,False
2019-01-12 15:12:00,613516.0,738146.1356896618,738147.0,0.0,124631.0,124631.0,False
2019-01-12 15:13:00,597195.0,722209.2701893052,722210.0,0.0,125015.0,125015.0,False
2019-01-12 15:14:00,623213.0,724975.0067763149,724976.0,0.0,101763.0,101763.0,False
2019-01-12 15:15:00,662165.0,740953.1747956241,740954.0,0.0,78789.0,78789.0,False
2019-01-12 15:16:00,668258.0,757200.4157923248,757201.0,0.0,88943.0,88943.0,False
2019-01-12 15:17:00,677095.0,767322.6410105838,767323.0,0.0,90228.0,90228.0,False
2019-01-12 15:18:00,649685.0,775564.7293291321,775565.0,0.0,125880.0,125880.0,False
2019-01-12 15:19:00,634778.0,766700.3894425272,766701.0,0.0,131923.0,131923.0,False
2019-01-12 15:20:00,658680.0,751634.4984318914,751635.0,0.0,92955.0,92955.0,False
2019-01-12 15:21:00,640343.0,756493.4190414231,756494.0,0.0,116151.0,116151.0,False
2019-01-12 15:22:00,635097.0,747641.1208964691,747642.0,0.0,112545.0,112545.0,False
2019-01-12 15:23:00,629153.0,746791.7909883547,746792.0,0.0,117639.0,117639.0,False
2019-01-12 15:24:00,658421.0,747803.4771134794,747804.0,0.0,89383.0,89383.0,False
2019-01-12 15:25:00,648715.0,767906.6555671436,767907.0,0.0,119192.0,119192.0,False
2019-01-12 15:26:00,637623.0,761165.1820851612,761166.0,0.0,123543.0,123543.0,False
2019-01-12 15:27:00,606860.0,778178.623066188,778179.0,0.0,171319.0,171319.0,False
2019-01-12 15:28:00,613573.0,739353.297229755,739354.0,0.0,125781.0,125781.0,False
2019-01-12 15:29:00,596745.0,734378.5140456959,734379.0,0.0,137634.0,137634.0,False
2019-01-12 15:30:00,688453.0,747348.3587284304,747349.0,0.0,58896.0,58896.0,False
2019-01-12 15:31:00,643553.0,769187.8400698937,769188.0,0.0,125635.0,125635.0,False
2019-01-12 15:32:00,644997.0,761296.3028315136,761297.0,0.0,116300.0,116300.0,False
2019-01-12 15:33:00,634958.0,763683.7418070121,763684.0,0.0,128726.0,128726.0,False
2019-01-12 15:34:00,644087.0,754792.5274305376,754793.0,0.0,110706.0,110706.0,False
2019-01-12 15:35:00,668458.0,775028.3826348743,775029.0,0.0,106571.0,106571.0,False
2019-01-12 15:36:00,652477.0,775420.5841103127,775421.0,0.0,122944.0,122944.0,False
2019-01-12 15:37:00,638208.0,754873.9377888136,754874.0,0.0,116666.0,116666.0,False
2019-01-12 15:38:00,634125.0,735861.8393626694,735862.0,0.0,101737.0,101737.0,False
2019-01-12 15:39:00,641118.0,736872.2288043267,736873.0,0.0,95755.0,95755.0,False
2019-01-12 15:40:00,654547.0,777122.597533603,777123.0,0.0,122576.0,122576.0,False
2019-01-12 15:41:00,639479.0,746289.6820394184,746290.0,0.0,106811.0,106811.0,False
2019-01-12 15:42:00,635996.0,732341.6578849705,732342.0,0.0,96346.0,96346.0,False
2019-01-12 15:43:00,634006.0,727290.2078229663,727291.0,0.0,93285.0,93285.0,False
2019-01-12 15:44:00,642541.0,724589.6897618589,724590.0,0.0,82049.0,82049.0,False
2019-01-12 15:45:00,649700.0,755655.2644072034,755656.0,0.0,105956.0,105956.0,False
2019-01-12 15:46:00,657249.0,737906.0813105183,737907.0,0.0,80658.0,80658.0,False
2019-01-12 15:47:00,662157.0,733941.4457252912,733942.0,0.0,71785.0,71785.0,False
2019-01-12 15:48:00,657394.0,739837.2467506508,739838.0,0.0,82444.0,82444.0,False
2019-01-12 15:49:00,635113.0,737367.7100312144,737368.0,0.0,102255.0,102255.0,False
2019-01-12 15:50:00,652149.0,738130.5648724464,738131.0,0.0,85982.0,85982.0,False
2019-01-12 15:51:00,637202.0,727468.4949815534,727469.0,0.0,90267.0,90267.0,False
2019-01-12 15:52:00,661289.0,717475.584721057,717476.0,0.0,56187.0,56187.0,False
2019-01-12 15:53:00,654077.0,732436.2345592737,732437.0,0.0,78360.0,78360.0,False
2019-01-12 15:54:00,626137.0,729730.7439117741,729731.0,0.0,103594.0,103594.0,False
2019-01-12 15:55:00,647452.0,719036.4315354184,719037.0,0.0,71585.0,71585.0,False
2019-01-12 15:56:00,630124.0,726512.5529405462,726513.0,0.0,96389.0,96389.0,False
2019-01-12 15:57:00,633347.0,725010.5907983159,725011.0,0.0,91664.0,91664.0,False
2019-01-12 15:58:00,628085.0,714111.9229929594,714112.0,0.0,86027.0,86027.0,False
2019-01-12 15:59:00,637645.0,699808.2100980227,699809.0,0.0,62164.0,62164.0,False
2019-01-12 16:00:00,749034.0,728957.0692228437,728958.0,20076.0,0.0,200760.0,False
2019-01-12 16:01:00,678327.0,786043.0438869923,786044.0,0.0,107717.0,107717.0,False
2019-01-12 16:02:00,682825.0,763676.2528885223,763677.0,0.0,80852.0,80852.0,False
2019-01-12 16:03:00,683983.0,767235.4425347603,767236.0,0.0,83253.0,83253.0,False
2019-01-12 16:04:00,667920.0,758133.8373384445,758134.0,0.0,90214.0,90214.0,False
2019-01-12 16:05:00,652288.0,778266.1286871611,778267.0,0.0,125979.0,125979.0,False
2019-01-12 16:06:00,660875.0,773767.3265640701,773768.0,0.0,112893.0,112893.0,False
2019-01-12 16:07:00,707286.0,778620.7451537248,778621.0,0.0,71335.0,71335.0,False
2019-01-12 16:08:00,729135.0,813295.5479888393,813296.0,0.0,84161.0,84161.0,False
2019-01-12 16:09:00,731134.0,802932.6985647916,802933.0,0.0,71799.0,71799.0,False
2019-01-12 16:10:00,752858.0,843719.7400417703,843720.0,0.0,90862.0,90862.0,False
2019-01-12 16:11:00,720984.0,825877.5931991285,825878.0,0.0,104894.0,104894.0,False
2019-01-12 16:12:00,682955.0,781278.8250543966,781279.0,0.0,98324.0,98324.0,False
2019-01-12 16:13:00,667455.0,756433.1666534363,756434.0,0.0,88979.0,88979.0,False
2019-01-12 16:14:00,671982.0,746611.7286692623,746612.0,0.0,74630.0,74630.0,False
2019-01-12 16:15:00,712220.0,758775.3150733211,758776.0,0.0,46556.0,46556.0,False
2019-01-12 16:16:00,675238.0,796069.1806055137,796070.0,0.0,120832.0,120832.0,False
2019-01-12 16:17:00,659700.0,768986.8196697857,768987.0,0.0,109287.0,109287.0,False
2019-01-12 16:18:00,675508.0,760237.5301877238,760238.0,0.0,84730.0,84730.0,False
2019-01-12 16:19:00,650280.0,767932.1670501156,767933.0,0.0,117653.0,117653.0,False
2019-01-12 16:20:00,660006.0,777558.84844817,777559.0,0.0,117553.0,117553.0,False
2019-01-12 16:21:00,653519.0,765173.6259097271,765174.0,0.0,111655.0,111655.0,False
2019-01-12 16:22:00,640498.0,756471.1329448011,756472.0,0.0,115974.0,115974.0,False
2019-01-12 16:23:00,638059.0,744903.4976442063,744904.0,0.0,106845.0,106845.0,False
2019-01-12 16:24:00,638232.0,742275.4923560829,742276.0,0.0,104044.0,104044.0,False
2019-01-12 16:25:00,633904.0,775155.0678958544,775156.0,0.0,141252.0,141252.0,False
2019-01-12 16:26:00,605069.0,747449.5465198411,747450.0,0.0,142381.0,142381.0,False
2019-01-12 16:27:00,604187.0,726804.1356957989,726805.0,0.0,122618.0,122618.0,False
2019-01-12 16:28:00,621131.0,745405.2848233122,745406.0,0.0,124275.0,124275.0,False
2019-01-12 16:29:00,629017.0,732687.5252111778,732688.0,0.0,103671.0,103671.0,False
2019-01-12 16:30:00,696602.0,752798.5042011468,752799.0,0.0,56197.0,56197.0,False
2019-01-12 16:31:00,655952.0,744342.2948280817,744343.0,0.0,88391.0,88391.0,False
2019-01-12 16:32:00,639297.0,742514.9872522844,742515.0,0.0,103218.0,103218.0,False
2019-01-12 16:33:00,644703.0,735008.461082562,735009.0,0.0,90306.0,90306.0,False
2019-01-12 16:34:00,649457.0,728400.6462570839,728401.0,0.0,78944.0,78944.0,False
2019-01-12 16:35:00,648090.0,755522.6171875102,755523.0,0.0,107433.0,107433.0,False
2019-01-12 16:36:00,648852.0,748444.7380517536,748445.0,0.0,99593.0,99593.0,False
2019-01-12 16:37:00,625270.0,738161.682328669,738162.0,0.0,112892.0,112892.0,False
2019-01-12 16:38:00,637216.0,714567.8032016061,714568.0,0.0,77352.0,77352.0,False
2019-01-12 16:39:00,641665.0,722096.9472838177,722097.0,0.0,80432.0,80432.0,False
2019-01-12 16:40:00,676336.0,759727.6152683321,759728.0,0.0,83392.0,83392.0,False
2019-01-12 16:41:00,643729.0,744335.2681743759,744336.0,0.0,100607.0,100607.0,False
2019-01-12 16:42:00,659423.0,727552.4933927789,727553.0,0.0,68130.0,68130.0,False
2019-01-12 16:43:00,673181.0,741558.8510707981,741559.0,0.0,68378.0,68378.0,False
2019-01-12 16:44:00,661137.0,748100.5305213991,748101.0,0.0,86964.0,86964.0,False
2019-01-12 16:45:00,671467.0,751598.4423994973,751599.0,0.0,80132.0,80132.0,False
2019-01-12 16:46:00,663000.0,735072.9311359903,735073.0,0.0,72073.0,72073.0,False
2019-01-12 16:47:00,664810.0,730657.426347522,730658.0,0.0,65848.0,65848.0,False
2019-01-12 16:48:00,653675.0,733630.6244546241,733631.0,0.0,79956.0,79956.0,False
2019-01-12 16:49:00,659747.0,725949.8814740331,725950.0,0.0,66203.0,66203.0,False
2019-01-12 16:50:00,657828.0,756576.5585051386,756577.0,0.0,98749.0,98749.0,False
2019-01-12 16:51:00,638141.0,728458.305975412,728459.0,0.0,90318.0,90318.0,False
2019-01-12 16:52:00,632338.0,718302.3677974006,718303.0,0.0,85965.0,85965.0,False
2019-01-12 16:53:00,639072.0,716546.0681018522,716547.0,0.0,77475.0,77475.0,False
2019-01-12 16:54:00,638970.0,719398.33530387,719399.0,0.0,80429.0,80429.0,False
2019-01-12 16:55:00,646913.0,724317.3597445549,724318.0,0.0,77405.0,77405.0,False
2019-01-12 16:56:00,633421.0,709130.1254140702,709131.0,0.0,75710.0,75710.0,False
2019-01-12 16:57:00,631879.0,703714.5442378749,703715.0,0.0,71836.0,71836.0,False
2019-01-12 16:58:00,629570.0,696600.7292154797,696601.0,0.0,67031.0,67031.0,False
2019-01-12 16:59:00,618780.0,704678.5445166763,704679.0,0.0,85899.0,85899.0,False
2019-01-12 17:00:00,756499.0,726590.7878189929,726591.0,29908.0,0.0,299080.0,False
2019-01-12 17:01:00,666583.0,784210.176957404,784211.0,0.0,117628.0,117628.0,False
2019-01-12 17:02:00,647910.0,756847.6399935631,756848.0,0.0,108938.0,108938.0,False
2019-01-12 17:03:00,655945.0,746431.2138872338,746432.0,0.0,90487.0,90487.0,False
2019-01-12 17:04:00,639904.0,746967.6182772141,746968.0,0.0,107064.0,107064.0,False
2019-01-12 17:05:00,649745.0,766606.7581660553,766607.0,0.0,116862.0,116862.0,False
2019-01-12 17:06:00,696810.0,768117.3801827447,768118.0,0.0,71308.0,71308.0,False
2019-01-12 17:07:00,700756.0,813426.0943218414,813427.0,0.0,112671.0,112671.0,False
2019-01-12 17:08:00,716194.0,796656.663158566,796657.0,0.0,80463.0,80463.0,False
2019-01-12 17:09:00,700647.0,802653.1321144577,802654.0,0.0,102007.0,102007.0,False
2019-01-12 17:10:00,718574.0,811165.8095280508,811166.0,0.0,92592.0,92592.0,False
2019-01-12 17:11:00,709709.0,795865.6739191753,795866.0,0.0,86157.0,86157.0,False
2019-01-12 17:12:00,680653.0,781455.0222262536,781456.0,0.0,100803.0,100803.0,False
2019-01-12 17:13:00,658894.0,761754.9021902712,761755.0,0.0,102861.0,102861.0,False
2019-01-12 17:14:00,646066.0,740581.0964436294,740582.0,0.0,94516.0,94516.0,False
2019-01-12 17:15:00,666224.0,744417.21113449,744418.0,0.0,78194.0,78194.0,False
2019-01-12 17:16:00,640365.0,750702.8394649759,750703.0,0.0,110338.0,110338.0,False
2019-01-12 17:17:00,645604.0,735932.6404898374,735933.0,0.0,90329.0,90329.0,False
2019-01-12 17:18:00,615720.0,741310.5405528863,741311.0,0.0,125591.0,125591.0,False
2019-01-12 17:19:00,617895.0,722539.3372205158,722540.0,0.0,104645.0,104645.0,False
2019-01-12 17:20:00,646781.0,738507.5291415239,738508.0,0.0,91727.0,91727.0,False
2019-01-12 17:21:00,629533.0,744925.7465737874,744926.0,0.0,115393.0,115393.0,False
2019-01-12 17:22:00,622610.0,746299.9539968895,746300.0,0.0,123690.0,123690.0,False
2019-01-12 17:23:00,608298.0,723383.2575370617,723384.0,0.0,115086.0,115086.0,False
2019-01-12 17:24:00,611728.0,716828.7175653656,716829.0,0.0,105101.0,105101.0,False
2019-01-12 17:25:00,608834.0,733662.6802072548,733663.0,0.0,124829.0,124829.0,False
2019-01-12 17:26:00,621285.0,713211.8793033308,713212.0,0.0,91927.0,91927.0,False
2019-01-12 17:27:00,607451.0,730625.5143802038,730626.0,0.0,123175.0,123175.0,False
2019-01-12 17:28:00,622789.0,706344.807820981,706345.0,0.0,83556.0,83556.0,False
2019-01-12 17:29:00,614786.0,721589.2868931325,721590.0,0.0,106804.0,106804.0,False
2019-01-12 17:30:00,702669.0,746084.9719083535,746085.0,0.0,43416.0,43416.0,False
2019-01-12 17:31:00,673537.0,733486.6677677726,733487.0,0.0,59950.0,59950.0,False
2019-01-12 17:32:00,687321.0,727646.0002395317,727647.0,0.0,40326.0,40326.0,False
2019-01-12 17:33:00,688021.0,758841.1834100022,758842.0,0.0,70821.0,70821.0,False
2019-01-12 17:34:00,667514.0,744742.1936948795,744743.0,0.0,77229.0,77229.0,False
2019-01-12 17:35:00,671905.0,749039.4970924123,749040.0,0.0,77135.0,77135.0,False
2019-01-12 17:36:00,669108.0,753081.5520836605,753082.0,0.0,83974.0,83974.0,False
2019-01-12 17:37:00,664197.0,740199.5236724091,740200.0,0.0,76003.0,76003.0,False
2019-01-12 17:38:00,676038.0,741031.1035400506,741032.0,0.0,64994.0,64994.0,False
2019-01-12 17:39:00,670373.0,746227.9192517624,746228.0,0.0,75855.0,75855.0,False
2019-01-12 17:40:00,711355.0,774472.23654501,774473.0,0.0,63118.0,63118.0,False
2019-01-12 17:41:00,693984.0,765853.6393360579,765854.0,0.0,71870.0,71870.0,False
2019-01-12 17:42:00,695309.0,767756.9423664993,767757.0,0.0,72448.0,72448.0,False
2019-01-12 17:43:00,700454.0,778920.2993101961,778921.0,0.0,78467.0,78467.0,False
2019-01-12 17:44:00,718516.0,769212.069435312,769213.0,0.0,50697.0,50697.0,False
2019-01-12 17:45:00,754549.0,791283.018405952,791284.0,0.0,36735.0,36735.0,False
2019-01-12 17:46:00,744787.0,804330.3607869097,804331.0,0.0,59544.0,59544.0,False
2019-01-12 17:47:00,739769.0,814087.2262126243,814088.0,0.0,74319.0,74319.0,False
2019-01-12 17:48:00,736073.0,813910.0532731864,813911.0,0.0,77838.0,77838.0,False
2019-01-12 17:49:00,714528.0,800178.3301102828,800179.0,0.0,85651.0,85651.0,False
2019-01-12 17:50:00,729903.0,795777.7700737267,795778.0,0.0,65875.0,65875.0,False
2019-01-12 17:51:00,718788.0,798208.1279243093,798209.0,0.0,79421.0,79421.0,False
2019-01-12 17:52:00,715090.0,789929.4458954346,789930.0,0.0,74840.0,74840.0,False
2019-01-12 17:53:00,697832.0,782972.4738974773,782973.0,0.0,85141.0,85141.0,False
2019-01-12 17:54:00,703576.0,768045.7858441481,768046.0,0.0,64470.0,64470.0,False
2019-01-12 17:55:00,717529.0,783088.0549751876,783089.0,0.0,65560.0,65560.0,False
2019-01-12 17:56:00,745009.0,778679.2325632058,778680.0,0.0,33671.0,33671.0,False
2019-01-12 17:57:00,728822.0,799949.4302715001,799950.0,0.0,71128.0,71128.0,False
2019-01-12 17:58:00,699675.0,781310.6157813307,781311.0,0.0,81636.0,81636.0,False
2019-01-12 17:59:00,675422.0,764708.1988423073,764709.0,0.0,89287.0,89287.0,False
2019-01-12 18:00:00,792925.0,764164.9622413758,764165.0,28760.0,0.0,287600.0,True
2019-01-12 18:01:00,738043.0,838820.1147204202,838821.0,0.0,100778.0,100778.0,False
2019-01-12 18:02:00,743929.0,805572.7157864256,805573.0,0.0,61644.0,61644.0,False
2019-01-12 18:03:00,750933.0,820678.6411540896,820679.0,0.0,69746.0,69746.0,False
2019-01-12 18:04:00,729648.0,819725.9457359225,819726.0,0.0,90078.0,90078.0,False
2019-01-12 18:05:00,720618.0,826996.5550962584,826997.0,0.0,106379.0,106379.0,False
2019-01-12 18:06:00,760650.0,816452.5194448382,816453.0,0.0,55803.0,55803.0,False
2019-01-12 18:07:00,788516.0,860695.844084313,860696.0,0.0,72180.0,72180.0,True
2019-01-12 18:08:00,799435.0,889166.2764724352,889167.0,0.0,89732.0,89732.0,True
2019-01-12 18:09:00,795642.0,875310.5022391435,875311.0,0.0,79669.0,79669.0,True
2019-01-12 18:10:00,811903.0,891233.7897229756,891234.0,0.0,79331.0,79331.0,True
2019-01-12 18:11:00,813572.0,886532.8097049398,886533.0,0.0,72961.0,72961.0,True
2019-01-12 18:12:00,794668.0,879102.952929583,879103.0,0.0,84435.0,84435.0,True
2019-01-12 18:13:00,774650.0,871960.4822278409,871961.0,0.0,97311.0,97311.0,False
2019-01-12 18:14:00,774968.0,848409.3436759196,848410.0,0.0,73442.0,73442.0,False
2019-01-12 18:15:00,788938.0,857415.977167303,857416.0,0.0,68478.0,68478.0,True
2019-01-12 18:16:00,777432.0,867493.2089927421,867494.0,0.0,90062.0,90062.0,False
2019-01-12 18:17:00,755709.0,860025.4774935127,860026.0,0.0,104317.0,104317.0,False
2019-01-12 18:18:00,742403.0,841714.3284302733,841715.0,0.0,99312.0,99312.0,False
2019-01-12 18:19:00,738768.0,826188.2478833066,826189.0,0.0,87421.0,87421.0,False
2019-01-12 18:20:00,765903.0,829365.7802719723,829366.0,0.0,63463.0,63463.0,False
2019-01-12 18:21:00,730290.0,848834.7772518445,848835.0,0.0,118545.0,118545.0,False
2019-01-12 18:22:00,712827.0,824073.1484737758,824074.0,0.0,111247.0,111247.0,False
2019-01-12 18:23:00,709646.0,807340.1875648513,807341.0,0.0,97695.0,97695.0,False
2019-01-12 18:24:00,700748.0,796493.1957288308,796494.0,0.0,95746.0,95746.0,False
2019-01-12 18:25:00,721462.0,805079.1226186147,805080.0,0.0,83618.0,83618.0,False
2019-01-12 18:26:00,695482.0,809636.9843571151,809637.0,0.0,114155.0,114155.0,False
2019-01-12 18:27:00,684960.0,790376.2419526379,790377.0,0.0,105417.0,105417.0,False
2019-01-12 18:28:00,696422.0,777608.8602548211,777609.0,0.0,81187.0,81187.0,False
2019-01-12 18:29:00,740045.0,781893.3493616099,781894.0,0.0,41849.0,41849.0,False
2019-01-12 18:30:00,782824.0,845696.2202489306,845697.0,0.0,62873.0,62873.0,False
2019-01-12 18:31:00,758608.0,819038.9077999284,819039.0,0.0,60431.0,60431.0,False
2019-01-12 18:32:00,735260.0,807760.1319629794,807761.0,0.0,72501.0,72501.0,False
2019-01-12 18:33:00,715569.0,794528.2749714935,794529.0,0.0,78960.0,78960.0,False
2019-01-12 18:34:00,711777.0,773508.6653476681,773509.0,0.0,61732.0,61732.0,False
2019-01-12 18:35:00,718313.0,776698.5251590359,776699.0,0.0,58386.0,58386.0,False
2019-01-12 18:36:00,708389.0,774201.1592054398,774202.0,0.0,65813.0,65813.0,False
2019-01-12 18:37:00,706808.0,769399.618036964,769400.0,0.0,62592.0,62592.0,False
2019-01-12 18:38:00,702310.0,766415.9037892984,766416.0,0.0,64106.0,64106.0,False
2019-01-12 18:39:00,711484.0,763778.2859757124,763779.0,0.0,52295.0,52295.0,False
2019-01-12 18:40:00,721286.0,786703.3276124478,786704.0,0.0,65418.0,65418.0,False
2019-01-12 18:41:00,709949.0,785171.1310444858,785172.0,0.0,75223.0,75223.0,False
2019-01-12 18:42:00,729117.0,779664.6451838467,779665.0,0.0,50548.0,50548.0,False
2019-01-12 18:43:00,696096.0,780005.2669072413,780006.0,0.0,83910.0,83910.0,False
2019-01-12 18:44:00,704925.0,762721.0804048168,762722.0,0.0,57797.0,57797.0,False
2019-01-12 18:45:00,729819.0,772931.6578853941,772932.0,0.0,43113.0,43113.0,False
2019-01-12 18:46:00,720476.0,779777.1529192142,779778.0,0.0,59302.0,59302.0,False
2019-01-12 18:47:00,715352.0,783125.2604245152,783126.0,0.0,67774.0,67774.0,False
2019-01-12 18:48:00,738572.0,768022.2843534807,768023.0,0.0,29451.0,29451.0,False
2019-01-12 18:49:00,723139.0,788640.8014676883,788641.0,0.0,65502.0,65502.0,False
2019-01-12 18:50:00,734593.0,786782.3984093763,786783.0,0.0,52190.0,52190.0,False
2019-01-12 18:51:00,716241.0,788607.8169011502,788608.0,0.0,72367.0,72367.0,False
2019-01-12 18:52:00,720816.0,774291.736278584,774292.0,0.0,53476.0,53476.0,False
2019-01-12 18:53:00,704397.0,768906.5268029373,768907.0,0.0,64510.0,64510.0,False
2019-01-12 18:54:00,702887.0,757351.9569888199,757352.0,0.0,54465.0,54465.0,False
2019-01-12 18:55:00,722525.0,764123.6875011206,764124.0,0.0,41599.0,41599.0,False
2019-01-12 18:56:00,731342.0,767685.3179249931,767686.0,0.0,36344.0,36344.0,False
2019-01-12 18:57:00,706882.0,775981.6145695887,775982.0,0.0,69100.0,69100.0,False
2019-01-12 18:58:00,707409.0,763027.3235695058,763028.0,0.0,55619.0,55619.0,False
2019-01-12 18:59:00,701478.0,758889.7433101092,758890.0,0.0,57412.0,57412.0,False
2019-01-12 19:00:00,794618.0,765165.4808752052,765166.0,29452.0,0.0,294520.0,True
2019-01-12 19:01:00,750292.0,810294.8001502778,810295.0,0.0,60003.0,60003.0,False
2019-01-12 19:02:00,732565.0,793530.6656759364,793531.0,0.0,60966.0,60966.0,False
2019-01-12 19:03:00,721966.0,791487.7403935815,791488.0,0.0,69522.0,69522.0,False
2019-01-12 19:04:00,735159.0,781563.3709646438,781564.0,0.0,46405.0,46405.0,False
2019-01-12 19:05:00,758381.0,809425.6911457544,809426.0,0.0,51045.0,51045.0,False
2019-01-12 19:06:00,781880.0,820370.057929777,820371.0,0.0,38491.0,38491.0,False
2019-01-12 19:07:00,789930.0,844978.1264365381,844979.0,0.0,55049.0,55049.0,True
2019-01-12 19:08:00,778645.0,869843.2820783758,869844.0,0.0,91199.0,91199.0,False
2019-01-12 19:09:00,800593.0,845285.8187497634,845286.0,0.0,44693.0,44693.0,True
2019-01-12 19:10:00,817910.0,877229.0823035263,877230.0,0.0,59320.0,59320.0,True
2019-01-12 19:11:00,782527.0,873357.0332239835,873358.0,0.0,90831.0,90831.0,False
2019-01-12 19:12:00,725682.0,842273.8688242633,842274.0,0.0,116592.0,116592.0,False
2019-01-12 19:13:00,722513.0,798895.1003584043,798896.0,0.0,76383.0,76383.0,False
2019-01-12 19:14:00,687351.0,793858.6799526128,793859.0,0.0,106508.0,106508.0,False
2019-01-12 19:15:00,739400.0,782093.0342089173,782094.0,0.0,42694.0,42694.0,False
2019-01-12 19:16:00,745234.0,822611.614917855,822612.0,0.0,77378.0,77378.0,False
2019-01-12 19:17:00,719114.0,818666.0272202976,818667.0,0.0,99553.0,99553.0,False
2019-01-12 19:18:00,704197.0,803536.3230963966,803537.0,0.0,99340.0,99340.0,False
2019-01-12 19:19:00,709966.0,783779.7435697102,783780.0,0.0,73814.0,73814.0,False
2019-01-12 19:20:00,731493.0,808568.7401553364,808569.0,0.0,77076.0,77076.0,False
2019-01-12 19:21:00,719366.0,817704.5659459542,817705.0,0.0,98339.0,98339.0,False
2019-01-12 19:22:00,706146.0,797635.0611578505,797636.0,0.0,91490.0,91490.0,False
2019-01-12 19:23:00,710692.0,789568.0930552072,789569.0,0.0,78877.0,78877.0,False
2019-01-12 19:24:00,700719.0,785088.6957835325,785089.0,0.0,84370.0,84370.0,False
2019-01-12 19:25:00,709452.0,791297.5809726625,791298.0,0.0,81846.0,81846.0,False
2019-01-12 19:26:00,686168.0,796255.125659084,796256.0,0.0,110088.0,110088.0,False
2019-01-12 19:27:00,704416.0,773179.820368664,773180.0,0.0,68764.0,68764.0,False
2019-01-12 19:28:00,701580.0,778933.0268933501,778934.0,0.0,77354.0,77354.0,False
2019-01-12 19:29:00,685727.0,778935.2436133387,778936.0,0.0,93209.0,93209.0,False
2019-01-12 19:30:00,753765.0,793871.7601559672,793872.0,0.0,40107.0,40107.0,False
2019-01-12 19:31:00,706952.0,795881.5407565868,795882.0,0.0,88930.0,88930.0,False
2019-01-12 19:32:00,709788.0,773942.5898403693,773943.0,0.0,64155.0,64155.0,False
2019-01-12 19:33:00,724936.0,782051.3942289843,782052.0,0.0,57116.0,57116.0,False
2019-01-12 19:34:00,698499.0,786958.7961865269,786959.0,0.0,88460.0,88460.0,False
2019-01-12 19:35:00,708781.0,783250.8605758786,783251.0,0.0,74470.0,74470.0,False
2019-01-12 19:36:00,692993.0,774050.6218648759,774051.0,0.0,81058.0,81058.0,False
2019-01-12 19:37:00,694505.0,765928.9193745782,765929.0,0.0,71424.0,71424.0,False
2019-01-12 19:38:00,673462.0,763215.6881711743,763216.0,0.0,89754.0,89754.0,False
2019-01-12 19:39:00,686094.0,747194.0161823378,747195.0,0.0,61101.0,61101.0,False
2019-01-12 19:40:00,715967.0,781522.8969589329,781523.0,0.0,65556.0,65556.0,False
2019-01-12 19:41:00,691778.0,766256.6804174355,766257.0,0.0,74479.0,74479.0,False
2019-01-12 19:42:00,670199.0,762011.3969759381,762012.0,0.0,91813.0,91813.0,False
2019-01-12 19:43:00,700392.0,742082.5722519067,742083.0,0.0,41691.0,41691.0,False
2019-01-12 19:44:00,704464.0,759210.9543611573,759211.0,0.0,54747.0,54747.0,False
2019-01-12 19:45:00,749977.0,768604.1391830645,768605.0,0.0,18628.0,18628.0,False
2019-01-12 19:46:00,700435.0,776877.2526445831,776878.0,0.0,76443.0,76443.0,False
2019-01-12 19:47:00,708932.0,756563.5760535281,756564.0,0.0,47632.0,47632.0,False
2019-01-12 19:48:00,731619.0,761955.3197301461,761956.0,0.0,30337.0,30337.0,False
2019-01-12 19:49:00,691581.0,774286.3438844432,774287.0,0.0,82706.0,82706.0,False
2019-01-12 19:50:00,696708.0,759108.1659060942,759109.0,0.0,62401.0,62401.0,False
2019-01-12 19:51:00,680464.0,752494.4664008396,752495.0,0.0,72031.0,72031.0,False
2019-01-12 19:52:00,679730.0,743203.9707788432,743204.0,0.0,63474.0,63474.0,False
2019-01-12 19:53:00,678689.0,741315.4373885738,741316.0,0.0,62627.0,62627.0,False
2019-01-12 19:54:00,695001.0,738443.3921929989,738444.0,0.0,43443.0,43443.0,False
2019-01-12 19:55:00,686007.0,783714.5783994242,783715.0,0.0,97708.0,97708.0,False
2019-01-12 19:56:00,665229.0,749658.5286964048,749659.0,0.0,84430.0,84430.0,False
2019-01-12 19:57:00,658685.0,740066.0847813098,740067.0,0.0,81382.0,81382.0,False
2019-01-12 19:58:00,667085.0,750486.3591865322,750487.0,0.0,83402.0,83402.0,False
2019-01-12 19:59:00,667576.0,744650.2599252713,744651.0,0.0,77075.0,77075.0,False
2019-01-12 20:00:00,796571.0,761778.1339416362,761779.0,34792.0,0.0,347920.0,True
2019-01-12 20:01:00,738572.0,830120.3605318858,830121.0,0.0,91549.0,91549.0,False
2019-01-12 20:02:00,703626.0,810468.8503573012,810469.0,0.0,106843.0,106843.0,False
2019-01-12 20:03:00,701737.0,797498.3747900819,797499.0,0.0,95762.0,95762.0,False
2019-01-12 20:04:00,685672.0,784889.1183172662,784890.0,0.0,99218.0,99218.0,False
2019-01-12 20:05:00,693960.0,820952.8617898772,820953.0,0.0,126993.0,126993.0,False
2019-01-12 20:06:00,725485.0,834890.3181532662,834891.0,0.0,109406.0,109406.0,False
2019-01-12 20:07:00,745277.0,856902.1062898932,856903.0,0.0,111626.0,111626.0,False
2019-01-12 20:08:00,776750.0,863543.6549099537,863544.0,0.0,86794.0,86794.0,False
2019-01-12 20:09:00,751047.0,864814.3561781343,864815.0,0.0,113768.0,113768.0,False
2019-01-12 20:10:00,761033.0,856948.8999314745,856949.0,0.0,95916.0,95916.0,False
2019-01-12 20:11:00,733690.0,848245.4401946423,848246.0,0.0,114556.0,114556.0,False
2019-01-12 20:12:00,742944.0,814924.1447138907,814925.0,0.0,71981.0,71981.0,False
2019-01-12 20:13:00,689445.0,827213.4876342219,827214.0,0.0,137769.0,137769.0,False
2019-01-12 20:14:00,683984.0,783197.7122478657,783198.0,0.0,99214.0,99214.0,False
2019-01-12 20:15:00,728124.0,792248.0731601139,792249.0,0.0,64125.0,64125.0,False
2019-01-12 20:16:00,691874.0,817997.0600986703,817998.0,0.0,126124.0,126124.0,False
2019-01-12 20:17:00,680300.0,799221.2212692118,799222.0,0.0,118922.0,118922.0,False
2019-01-12 20:18:00,684025.0,788610.3522497085,788611.0,0.0,104586.0,104586.0,False
2019-01-12 20:19:00,655646.0,783507.8128528277,783508.0,0.0,127862.0,127862.0,False
2019-01-12 20:20:00,678022.0,778265.0373488927,778266.0,0.0,100244.0,100244.0,False
2019-01-12 20:21:00,678471.0,773120.9451604234,773121.0,0.0,94650.0,94650.0,False
2019-01-12 20:22:00,664100.0,799419.7275889841,799420.0,0.0,135320.0,135320.0,False
2019-01-12 20:23:00,699443.0,772086.1410599169,772087.0,0.0,72644.0,72644.0,False
2019-01-12 20:24:00,687032.0,790458.9364360551,790459.0,0.0,103427.0,103427.0,False
2019-01-12 20:25:00,680038.0,817145.4412914598,817146.0,0.0,137108.0,137108.0,False
2019-01-12 20:26:00,658441.0,784263.0571291564,784264.0,0.0,125823.0,125823.0,False
2019-01-12 20:27:00,667155.0,770548.1618661624,770549.0,0.0,103394.0,103394.0,False
2019-01-12 20:28:00,672388.0,790727.3645321878,790728.0,0.0,118340.0,118340.0,False
2019-01-12 20:29:00,664264.0,768065.0031914437,768066.0,0.0,103802.0,103802.0,False
2019-01-12 20:30:00,743428.0,777963.2654226784,777964.0,0.0,34536.0,34536.0,False
2019-01-12 20:31:00,698609.0,787550.98915982,787551.0,0.0,88942.0,88942.0,False
2019-01-12 20:32:00,674792.0,776901.6291560272,776902.0,0.0,102110.0,102110.0,False
2019-01-12 20:33:00,663884.0,766474.0839241395,766475.0,0.0,102591.0,102591.0,False
2019-01-12 20:34:00,663471.0,755274.5016603472,755275.0,0.0,91804.0,91804.0,False
2019-01-12 20:35:00,655776.0,772493.0305719456,772494.0,0.0,116718.0,116718.0,False
2019-01-12 20:36:00,660759.0,751219.634176744,751220.0,0.0,90461.0,90461.0,False
2019-01-12 20:37:00,648449.0,759171.0293138525,759172.0,0.0,110723.0,110723.0,False
2019-01-12 20:38:00,666700.0,744018.4604014909,744019.0,0.0,77319.0,77319.0,False
2019-01-12 20:39:00,658715.0,750010.5066180215,750011.0,0.0,91296.0,91296.0,False
2019-01-12 20:40:00,699681.0,773503.1134922793,773504.0,0.0,73823.0,73823.0,False
2019-01-12 20:41:00,664320.0,784912.8465606747,784913.0,0.0,120593.0,120593.0,False
2019-01-12 20:42:00,644786.0,759905.1083875615,759906.0,0.0,115120.0,115120.0,False
2019-01-12 20:43:00,653023.0,743641.9341736832,743642.0,0.0,90619.0,90619.0,False
2019-01-12 20:44:00,673301.0,744604.2801969365,744605.0,0.0,71304.0,71304.0,False
2019-01-12 20:45:00,693274.0,760272.9096687459,760273.0,0.0,66999.0,66999.0,False
2019-01-12 20:46:00,673899.0,759025.5096445503,759026.0,0.0,85127.0,85127.0,False
2019-01-12 20:47:00,688985.0,753028.3026015691,753029.0,0.0,64044.0,64044.0,False
2019-01-12 20:48:00,703279.0,760238.7858231558,760239.0,0.0,56960.0,56960.0,False
2019-01-12 20:49:00,680256.0,779521.3049473781,779522.0,0.0,99266.0,99266.0,False
2019-01-12 20:50:00,686286.0,794275.1607144662,794276.0,0.0,107990.0,107990.0,False
2019-01-12 20:51:00,655157.0,773310.2014826484,773311.0,0.0,118154.0,118154.0,False
2019-01-12 20:52:00,661087.0,753200.5009524798,753201.0,0.0,92114.0,92114.0,False
2019-01-12 20:53:00,651248.0,743571.1595838744,743572.0,0.0,92324.0,92324.0,False
2019-01-12 20:54:00,666638.0,733441.0042397906,733442.0,0.0,66804.0,66804.0,False
2019-01-12 20:55:00,659833.0,754071.7050190036,754072.0,0.0,94239.0,94239.0,False
2019-01-12 20:56:00,628047.0,731924.1607973451,731925.0,0.0,103878.0,103878.0,False
2019-01-12 20:57:00,634554.0,721813.0949835752,721814.0,0.0,87260.0,87260.0,False
2019-01-12 20:58:00,660790.0,727380.7948038129,727381.0,0.0,66591.0,66591.0,False
2019-01-12 20:59:00,690985.0,737505.22617102,737506.0,0.0,46521.0,46521.0,False
2019-01-12 21:00:00,791209.0,772891.5627411345,772892.0,18317.0,0.0,183170.0,True
2019-01-12 21:01:00,721768.0,847520.5097413308,847521.0,0.0,125753.0,125753.0,False
2019-01-12 21:02:00,709311.0,797338.1428800713,797339.0,0.0,88028.0,88028.0,False
2019-01-12 21:03:00,701008.0,794253.6788246247,794254.0,0.0,93246.0,93246.0,False
2019-01-12 21:04:00,710666.0,777399.1791594926,777400.0,0.0,66734.0,66734.0,False
2019-01-12 21:05:00,705111.0,839667.5277498814,839668.0,0.0,134557.0,134557.0,False
2019-01-12 21:06:00,655047.0,837373.8345692231,837374.0,0.0,182327.0,182327.0,False
2019-01-12 21:07:00,651637.0,802369.1365610337,802370.0,0.0,150733.0,150733.0,False
2019-01-12 21:08:00,697318.0,784422.2658469366,784423.0,0.0,87105.0,87105.0,False
2019-01-12 21:09:00,738252.0,806208.9241585371,806209.0,0.0,67957.0,67957.0,False
2019-01-12 21:10:00,770881.0,861932.4897075371,861933.0,0.0,91052.0,91052.0,False
2019-01-12 21:11:00,754017.0,874865.5675854099,874866.0,0.0,120849.0,120849.0,False
2019-01-12 21:12:00,719812.0,868615.424997731,868616.0,0.0,148804.0,148804.0,False
2019-01-12 21:13:00,688805.0,836027.7560723616,836028.0,0.0,147223.0,147223.0,False
2019-01-12 21:14:00,671099.0,807396.2402074933,807397.0,0.0,136298.0,136298.0,False
2019-01-12 21:15:00,695334.0,810246.5121363588,810247.0,0.0,114913.0,114913.0,False
2019-01-12 21:16:00,680740.0,821801.9071971192,821802.0,0.0,141062.0,141062.0,False
2019-01-12 21:17:00,681532.0,806253.4994483647,806254.0,0.0,124722.0,124722.0,False
2019-01-12 21:18:00,659178.0,807481.5798181235,807482.0,0.0,148304.0,148304.0,False
2019-01-12 21:19:00,648442.0,792857.5130645818,792858.0,0.0,144416.0,144416.0,False
2019-01-12 21:20:00,695938.0,800694.994371722,800695.0,0.0,104757.0,104757.0,False
2019-01-12 21:21:00,671206.0,811739.5194223274,811740.0,0.0,140534.0,140534.0,False
2019-01-12 21:22:00,681019.0,815286.1556413576,815287.0,0.0,134268.0,134268.0,False
2019-01-12 21:23:00,689819.0,803789.019124997,803790.0,0.0,113971.0,113971.0,False
2019-01-12 21:24:00,697578.0,804545.0499848988,804546.0,0.0,106968.0,106968.0,False
2019-01-12 21:25:00,697732.0,831462.049845437,831463.0,0.0,133731.0,133731.0,False
2019-01-12 21:26:00,679266.0,807123.8144373291,807124.0,0.0,127858.0,127858.0,False
2019-01-12 21:27:00,670279.0,801212.7023202069,801213.0,0.0,130934.0,130934.0,False
2019-01-12 21:28:00,661216.0,787087.7586225902,787088.0,0.0,125872.0,125872.0,False
2019-01-12 21:29:00,659644.0,783826.1060555666,783827.0,0.0,124183.0,124183.0,False
2019-01-12 21:30:00,719603.0,807457.6896534932,807458.0,0.0,87855.0,87855.0,False
2019-01-12 21:31:00,698439.0,783357.9215669057,783358.0,0.0,84919.0,84919.0,False
2019-01-12 21:32:00,691969.0,780094.4196327993,780095.0,0.0,88126.0,88126.0,False
2019-01-12 21:33:00,711198.0,784124.2671160036,784125.0,0.0,72927.0,72927.0,False
2019-01-12 21:34:00,691277.0,800459.8559211883,800460.0,0.0,109183.0,109183.0,False
2019-01-12 21:35:00,672199.0,796348.502564291,796349.0,0.0,124150.0,124150.0,False
2019-01-12 21:36:00,681224.0,760086.6189784659,760087.0,0.0,78863.0,78863.0,False
2019-01-12 21:37:00,674182.0,742889.0593322121,742890.0,0.0,68708.0,68708.0,False
2019-01-12 21:38:00,675090.0,737460.5578835189,737461.0,0.0,62371.0,62371.0,False
2019-01-12 21:39:00,672613.0,734353.7195926645,734354.0,0.0,61741.0,61741.0,False
2019-01-12 21:40:00,684705.0,741649.6675644142,741650.0,0.0,56945.0,56945.0,False
2019-01-12 21:41:00,691307.0,732915.0653207551,732916.0,0.0,41609.0,41609.0,False
2019-01-12 21:42:00,661570.0,733378.2950480778,733379.0,0.0,71809.0,71809.0,False
2019-01-12 21:43:00,648163.0,736345.4489256925,736346.0,0.0,88183.0,88183.0,False
2019-01-12 21:44:00,645866.0,721276.7160508186,721277.0,0.0,75411.0,75411.0,False
2019-01-12 21:45:00,683224.0,711745.8720274265,711746.0,0.0,28522.0,28522.0,False
2019-01-12 21:46:00,675724.0,735589.6736604306,735590.0,0.0,59866.0,59866.0,False
2019-01-12 21:47:00,672529.0,720380.6583646648,720381.0,0.0,47852.0,47852.0,False
2019-01-12 21:48:00,648277.0,726390.6379398555,726391.0,0.0,78114.0,78114.0,False
2019-01-12 21:49:00,642136.0,712462.2710137384,712463.0,0.0,70327.0,70327.0,False
2019-01-12 21:50:00,663326.0,719769.4975963226,719770.0,0.0,56444.0,56444.0,False
2019-01-12 21:51:00,632656.0,730906.5004604439,730907.0,0.0,98251.0,98251.0,False
2019-01-12 21:52:00,661495.0,703458.1301939328,703459.0,0.0,41964.0,41964.0,False
2019-01-12 21:53:00,650566.0,716725.9486817961,716726.0,0.0,66160.0,66160.0,False
2019-01-12 21:54:00,663599.0,714468.3689417202,714469.0,0.0,50870.0,50870.0,False
2019-01-12 21:55:00,668710.0,736389.6798266426,736390.0,0.0,67680.0,67680.0,False
2019-01-12 21:56:00,643516.0,724245.5098131486,724246.0,0.0,80730.0,80730.0,False
2019-01-12 21:57:00,605963.0,736746.076265929,736747.0,0.0,130784.0,130784.0,False
2019-01-12 21:58:00,644176.0,698037.7971790135,698038.0,0.0,53862.0,53862.0,False
2019-01-12 21:59:00,641230.0,723796.7249943741,723797.0,0.0,82567.0,82567.0,False
2019-01-12 22:00:00,757674.0,753369.208067785,753370.0,4304.0,0.0,43040.0,False
2019-01-12 22:01:00,679196.0,796642.2047601035,796643.0,0.0,117447.0,117447.0,False
2019-01-12 22:02:00,679445.0,774745.7020593021,774746.0,0.0,95301.0,95301.0,False
2019-01-12 22:03:00,680919.0,778883.2991447786,778884.0,0.0,97965.0,97965.0,False
2019-01-12 22:04:00,679960.0,761708.5079640585,761709.0,0.0,81749.0,81749.0,False
2019-01-12 22:05:00,670362.0,805576.399605845,805577.0,0.0,135215.0,135215.0,False
2019-01-12 22:06:00,673968.0,801935.8987526596,801936.0,0.0,127968.0,127968.0,False
2019-01-12 22:07:00,703069.0,806274.5458212938,806275.0,0.0,103206.0,103206.0,False
2019-01-12 22:08:00,728319.0,820479.9798161081,820480.0,0.0,92161.0,92161.0,False
2019-01-12 22:09:00,731923.0,824719.4868804282,824720.0,0.0,92797.0,92797.0,False
2019-01-12 22:10:00,757255.0,849034.5087737566,849035.0,0.0,91780.0,91780.0,False
2019-01-12 22:11:00,729269.0,841093.4040057526,841094.0,0.0,111825.0,111825.0,False
2019-01-12 22:12:00,738046.0,803852.9039836436,803853.0,0.0,65807.0,65807.0,False
2019-01-12 22:13:00,703338.0,810249.3823822298,810250.0,0.0,106912.0,106912.0,False
2019-01-12 22:14:00,682512.0,781116.9000871729,781117.0,0.0,98605.0,98605.0,False
2019-01-12 22:15:00,691524.0,776884.1592577093,776885.0,0.0,85361.0,85361.0,False
2019-01-12 22:16:00,687145.0,778088.9683616632,778089.0,0.0,90944.0,90944.0,False
2019-01-12 22:17:00,678527.0,784284.4368229437,784285.0,0.0,105758.0,105758.0,False
2019-01-12 22:18:00,678968.0,772973.440140411,772974.0,0.0,94006.0,94006.0,False
2019-01-12 22:19:00,647809.0,772665.2237649055,772666.0,0.0,124857.0,124857.0,False
2019-01-12 22:20:00,680656.0,767713.6845088984,767714.0,0.0,87058.0,87058.0,False
2019-01-12 22:21:00,662294.0,783418.6390810204,783419.0,0.0,121125.0,121125.0,False
2019-01-12 22:22:00,651879.0,782748.9760815658,782749.0,0.0,130870.0,130870.0,False
2019-01-12 22:23:00,646506.0,771308.0704407706,771309.0,0.0,124803.0,124803.0,False
2019-01-12 22:24:00,694286.0,751461.9747988074,751462.0,0.0,57176.0,57176.0,False
2019-01-12 22:25:00,698717.0,789087.1036267264,789088.0,0.0,90371.0,90371.0,False
2019-01-12 22:26:00,735231.0,780299.132684156,780300.0,0.0,45069.0,45069.0,False
2019-01-12 22:27:00,730650.0,819944.5064452856,819945.0,0.0,89295.0,89295.0,False
2019-01-12 22:28:00,678991.0,807285.883681466,807286.0,0.0,128295.0,128295.0,False
2019-01-12 22:29:00,660918.0,768114.3922834645,768115.0,0.0,107197.0,107197.0,False
2019-01-12 22:30:00,750446.0,769082.5165079827,769083.0,0.0,18637.0,18637.0,False
2019-01-12 22:31:00,716578.0,821753.0438439191,821754.0,0.0,105176.0,105176.0,False
2019-01-12 22:32:00,705676.0,787965.9066066858,787966.0,0.0,82290.0,82290.0,False
2019-01-12 22:33:00,685114.0,790904.0989343205,790905.0,0.0,105791.0,105791.0,False
2019-01-12 22:34:00,679226.0,777927.4304108069,777928.0,0.0,98702.0,98702.0,False
2019-01-12 22:35:00,693936.0,782371.621921659,782372.0,0.0,88436.0,88436.0,False
2019-01-12 22:36:00,660433.0,782574.6165589343,782575.0,0.0,122142.0,122142.0,False
2019-01-12 22:37:00,659229.0,765568.0788055562,765569.0,0.0,106340.0,106340.0,False
2019-01-12 22:38:00,652232.0,757357.804990221,757358.0,0.0,105126.0,105126.0,False
2019-01-12 22:39:00,654857.0,752513.4280314884,752514.0,0.0,97657.0,97657.0,False
2019-01-12 22:40:00,714798.0,782844.2827619542,782845.0,0.0,68047.0,68047.0,False
2019-01-12 22:41:00,678383.0,777833.2343534608,777834.0,0.0,99451.0,99451.0,False
2019-01-12 22:42:00,663426.0,778593.8625090803,778594.0,0.0,115168.0,115168.0,False
2019-01-12 22:43:00,658147.0,764012.0631893526,764013.0,0.0,105866.0,105866.0,False
2019-01-12 22:44:00,662136.0,761706.7755280779,761707.0,0.0,99571.0,99571.0,False
2019-01-12 22:45:00,690097.0,781493.6643416479,781494.0,0.0,91397.0,91397.0,False
2019-01-12 22:46:00,697557.0,771872.9020812258,771873.0,0.0,74316.0,74316.0,False
2019-01-12 22:47:00,710281.0,789634.0256984661,789635.0,0.0,79354.0,79354.0,False
2019-01-12 22:48:00,684837.0,796005.4614508518,796006.0,0.0,111169.0,111169.0,False
2019-01-12 22:49:00,697536.0,773842.4554106003,773843.0,0.0,76307.0,76307.0,False
2019-01-12 22:50:00,670769.0,801762.9698986785,801763.0,0.0,130994.0,130994.0,False
2019-01-12 22:51:00,625999.0,770080.6436960408,770081.0,0.0,144082.0,144082.0,False
2019-01-12 22:52:00,625099.0,744601.036525992,744602.0,0.0,119503.0,119503.0,False
2019-01-12 22:53:00,618947.0,733348.2071469269,733349.0,0.0,114402.0,114402.0,False
2019-01-12 22:54:00,637997.0,726865.647619166,726866.0,0.0,88869.0,88869.0,False
2019-01-12 22:55:00,670915.0,736307.8127808318,736308.0,0.0,65393.0,65393.0,False
2019-01-12 22:56:00,640367.0,746325.216300792,746326.0,0.0,105959.0,105959.0,False
2019-01-12 22:57:00,638117.0,737524.3941679231,737525.0,0.0,99408.0,99408.0,False
2019-01-12 22:58:00,603324.0,730364.3436570049,730365.0,0.0,127041.0,127041.0,False
2019-01-12 22:59:00,615495.0,725172.4619808258,725173.0,0.0,109678.0,109678.0,False
2019-01-12 23:00:00,733233.0,749689.6418896855,749690.0,0.0,16457.0,16457.0,False
2019-01-12 23:01:00,685712.0,764971.5249312776,764972.0,0.0,79260.0,79260.0,False
2019-01-12 23:02:00,671046.0,750321.0382948283,750322.0,0.0,79276.0,79276.0,False
2019-01-12 23:03:00,679353.0,748608.0180272083,748609.0,0.0,69256.0,69256.0,False
2019-01-12 23:04:00,640617.0,753012.632799695,753013.0,0.0,112396.0,112396.0,False
2019-01-12 23:05:00,665119.0,752294.4940895635,752295.0,0.0,87176.0,87176.0,False
2019-01-12 23:06:00,700875.0,778380.224289017,778381.0,0.0,77506.0,77506.0,False
2019-01-12 23:07:00,717459.0,801278.3579026773,801279.0,0.0,83820.0,83820.0,False
2019-01-12 23:08:00,721501.0,819963.3129316585,819964.0,0.0,98463.0,98463.0,False
2019-01-12 23:09:00,736328.0,807712.9793909614,807713.0,0.0,71385.0,71385.0,False
2019-01-12 23:10:00,747804.0,823840.1559565692,823841.0,0.0,76037.0,76037.0,False
2019-01-12 23:11:00,662692.0,791165.9883324542,791166.0,0.0,128474.0,128474.0,False
2019-01-12 23:12:00,672222.0,740470.3860097639,740471.0,0.0,68249.0,68249.0,False
2019-01-12 23:13:00,637289.0,751476.0931176774,751477.0,0.0,114188.0,114188.0,False
2019-01-12 23:14:00,644037.0,730243.2186295148,730244.0,0.0,86207.0,86207.0,False
2019-01-12 23:15:00,646305.0,742261.472618286,742262.0,0.0,95957.0,95957.0,False
2019-01-12 23:16:00,622041.0,741745.545824759,741746.0,0.0,119705.0,119705.0,False
2019-01-12 23:17:00,627165.0,727719.1804001465,727720.0,0.0,100555.0,100555.0,False
2019-01-12 23:18:00,625591.0,721748.2148003274,721749.0,0.0,96158.0,96158.0,False
2019-01-12 23:19:00,634341.0,724964.6639640051,724965.0,0.0,90624.0,90624.0,False
2019-01-12 23:20:00,638871.0,733517.7684813341,733518.0,0.0,94647.0,94647.0,False
2019-01-12 23:21:00,607852.0,720721.3309920433,720722.0,0.0,112870.0,112870.0,False
2019-01-12 23:22:00,616937.0,727818.0371467092,727819.0,0.0,110882.0,110882.0,False
2019-01-12 23:23:00,616686.0,705926.7221108148,705927.0,0.0,89241.0,89241.0,False
2019-01-12 23:24:00,613361.0,712133.1634577827,712134.0,0.0,98773.0,98773.0,False
2019-01-12 23:25:00,609458.0,727825.3197316877,727826.0,0.0,118368.0,118368.0,False
2019-01-12 23:26:00,617303.0,695303.1066578203,695304.0,0.0,78001.0,78001.0,False
2019-01-12 23:27:00,599956.0,703269.0976081606,703270.0,0.0,103314.0,103314.0,False
2019-01-12 23:28:00,609875.0,695001.1007387583,695002.0,0.0,85127.0,85127.0,False
2019-01-12 23:29:00,615107.0,698402.2081863331,698403.0,0.0,83296.0,83296.0,False
2019-01-12 23:30:00,697804.0,730633.3909786303,730634.0,0.0,32830.0,32830.0,False
2019-01-12 23:31:00,628889.0,717645.9987457027,717646.0,0.0,88757.0,88757.0,False
2019-01-12 23:32:00,631100.0,693981.5126006259,693982.0,0.0,62882.0,62882.0,False
2019-01-12 23:33:00,639881.0,697976.5956665626,697977.0,0.0,58096.0,58096.0,False
2019-01-12 23:34:00,623448.0,695052.3936893552,695053.0,0.0,71605.0,71605.0,False
2019-01-12 23:35:00,623999.0,698071.107026402,698072.0,0.0,74073.0,74073.0,False
2019-01-12 23:36:00,616474.0,701739.4810208244,701740.0,0.0,85266.0,85266.0,False
2019-01-12 23:37:00,592615.0,686999.2425854873,687000.0,0.0,94385.0,94385.0,False
2019-01-12 23:38:00,607761.0,667360.4694563134,667361.0,0.0,59600.0,59600.0,False
2019-01-12 23:39:00,593462.0,676888.5187272242,676889.0,0.0,83427.0,83427.0,False
2019-01-12 23:40:00,649492.0,690983.6252545702,690984.0,0.0,41492.0,41492.0,False
2019-01-12 23:41:00,598444.0,691075.0379794564,691076.0,0.0,92632.0,92632.0,False
2019-01-12 23:42:00,587116.0,668969.8456996933,668970.0,0.0,81854.0,81854.0,False
2019-01-12 23:43:00,598316.0,666131.0576000424,666132.0,0.0,67816.0,67816.0,False
2019-01-12 23:44:00,626882.0,659694.8354960073,659695.0,0.0,32813.0,32813.0,False
2019-01-12 23:45:00,631070.0,700142.3959500839,700143.0,0.0,69073.0,69073.0,False
2019-01-12 23:46:00,622787.0,680878.6419661235,680879.0,0.0,58092.0,58092.0,False
2019-01-12 23:47:00,616871.0,677860.081174419,677861.0,0.0,60990.0,60990.0,False
2019-01-12 23:48:00,618972.0,676959.4733432079,676960.0,0.0,57988.0,57988.0,False
2019-01-12 23:49:00,623293.0,679267.0592247976,679268.0,0.0,55975.0,55975.0,False
2019-01-12 23:50:00,634622.0,703192.1328574257,703193.0,0.0,68571.0,68571.0,False
2019-01-12 23:51:00,625776.0,688328.4262097067,688329.0,0.0,62553.0,62553.0,False
2019-01-12 23:52:00,600714.0,681585.8599679855,681586.0,0.0,80872.0,80872.0,False
2019-01-12 23:53:00,602961.0,669089.8784383244,669090.0,0.0,66129.0,66129.0,False
2019-01-12 23:54:00,606194.0,669808.1677796962,669809.0,0.0,63615.0,63615.0,False
2019-01-12 23:55:00,622042.0,681799.5678020172,681800.0,0.0,59758.0,59758.0,False
2019-01-12 23:56:00,627210.0,669657.0337374383,669658.0,0.0,42448.0,42448.0,False
2019-01-12 23:57:00,608978.0,671126.2096365851,671127.0,0.0,62149.0,62149.0,False
2019-01-12 23:58:00,596954.0,666366.8952675207,666367.0,0.0,69413.0,69413.0,False
2019-01-12 23:59:00,596724.0,662036.6180581251,662037.0,0.0,65313.0,65313.0,False
2019-01-13 00:00:00,762610.0,699822.4165272418,699823.0,62787.0,0.0,627870.0,False
2019-01-13 00:01:00,704794.0,815354.8394847569,815355.0,0.0,110561.0,110561.0,False
2019-01-13 00:02:00,714897.0,774487.7741434794,774488.0,0.0,59591.0,59591.0,False
2019-01-13 00:03:00,706977.0,793424.3650710518,793425.0,0.0,86448.0,86448.0,False
2019-01-13 00:04:00,688870.0,770872.5448088063,770873.0,0.0,82003.0,82003.0,False
2019-01-13 00:05:00,690015.0,796315.519618687,796316.0,0.0,106301.0,106301.0,False
2019-01-13 00:06:00,732496.0,816787.9946402649,816788.0,0.0,84292.0,84292.0,False
2019-01-13 00:07:00,795773.0,845475.4234579115,845476.0,0.0,49703.0,49703.0,True
2019-01-13 00:08:00,773262.0,898327.3605750736,898328.0,0.0,125066.0,125066.0,False
2019-01-13 00:09:00,775581.0,861421.4735475341,861422.0,0.0,85841.0,85841.0,False
2019-01-13 00:10:00,705599.0,874387.1993424689,874388.0,0.0,168789.0,168789.0,False
2019-01-13 00:11:00,656762.0,811259.1221949216,811260.0,0.0,154498.0,154498.0,False
2019-01-13 00:12:00,640359.0,774036.0698665899,774037.0,0.0,133678.0,133678.0,False
2019-01-13 00:13:00,638837.0,764199.8687611923,764200.0,0.0,125363.0,125363.0,False
2019-01-13 00:14:00,645006.0,760872.1404730141,760873.0,0.0,115867.0,115867.0,False
2019-01-13 00:15:00,658128.0,765837.4942796313,765838.0,0.0,107710.0,107710.0,False
2019-01-13 00:16:00,652154.0,770111.5972768647,770112.0,0.0,117958.0,117958.0,False
2019-01-13 00:17:00,657426.0,772963.5052499657,772964.0,0.0,115538.0,115538.0,False
2019-01-13 00:18:00,663215.0,773721.955765418,773722.0,0.0,110507.0,110507.0,False
2019-01-13 00:19:00,655440.0,788119.9299946215,788120.0,0.0,132680.0,132680.0,False
2019-01-13 00:20:00,673090.0,808355.8641110047,808356.0,0.0,135266.0,135266.0,False
2019-01-13 00:21:00,647584.0,791009.3707401733,791010.0,0.0,143426.0,143426.0,False
2019-01-13 00:22:00,626276.0,765872.0200631698,765873.0,0.0,139597.0,139597.0,False
2019-01-13 00:23:00,635502.0,752505.8498187196,752506.0,0.0,117004.0,117004.0,False
2019-01-13 00:24:00,647512.0,754370.8158260997,754371.0,0.0,106859.0,106859.0,False
2019-01-13 00:25:00,630537.0,765355.3716308656,765356.0,0.0,134819.0,134819.0,False
2019-01-13 00:26:00,620960.0,751331.2237966029,751332.0,0.0,130372.0,130372.0,False
2019-01-13 00:27:00,615458.0,748630.2392559943,748631.0,0.0,133173.0,133173.0,False
2019-01-13 00:28:00,615722.0,746548.0579253695,746549.0,0.0,130827.0,130827.0,False
2019-01-13 00:29:00,625878.0,744185.1750653954,744186.0,0.0,118308.0,118308.0,False
2019-01-13 00:30:00,716021.0,777844.7947350778,777845.0,0.0,61824.0,61824.0,False
2019-01-13 00:31:00,650813.0,753446.8669857507,753447.0,0.0,102634.0,102634.0,False
2019-01-13 00:32:00,659764.0,740104.0805029654,740105.0,0.0,80341.0,80341.0,False
2019-01-13 00:33:00,639213.0,743145.7666940842,743146.0,0.0,103933.0,103933.0,False
2019-01-13 00:34:00,643058.0,724174.9702103867,724175.0,0.0,81117.0,81117.0,False
2019-01-13 00:35:00,645674.0,743249.3924509746,743250.0,0.0,97576.0,97576.0,False
2019-01-13 00:36:00,632499.0,746174.1159867638,746175.0,0.0,113676.0,113676.0,False
2019-01-13 00:37:00,610466.0,723332.6434717973,723333.0,0.0,112867.0,112867.0,False
2019-01-13 00:38:00,626408.0,690601.6768861717,690602.0,0.0,64194.0,64194.0,False
2019-01-13 00:39:00,607638.0,704293.8975513892,704294.0,0.0,96656.0,96656.0,False
2019-01-13 00:40:00,631218.0,708683.1670432113,708684.0,0.0,77466.0,77466.0,False
2019-01-13 00:41:00,605321.0,690414.4545435758,690415.0,0.0,85094.0,85094.0,False
2019-01-13 00:42:00,604872.0,682654.8885764509,682655.0,0.0,77783.0,77783.0,False
2019-01-13 00:43:00,602343.0,670275.3003409407,670276.0,0.0,67933.0,67933.0,False
2019-01-13 00:44:00,598522.0,668473.3576663451,668474.0,0.0,69952.0,69952.0,False
2019-01-13 00:45:00,630849.0,688797.1681065552,688798.0,0.0,57949.0,57949.0,False
2019-01-13 00:46:00,630230.0,677902.2732582735,677903.0,0.0,47673.0,47673.0,False
2019-01-13 00:47:00,611907.0,683042.1324245471,683043.0,0.0,71136.0,71136.0,False
2019-01-13 00:48:00,603617.0,677240.9030137789,677241.0,0.0,73624.0,73624.0,False
2019-01-13 00:49:00,602502.0,668855.8751429897,668856.0,0.0,66354.0,66354.0,False
2019-01-13 00:50:00,623397.0,692537.177129146,692538.0,0.0,69141.0,69141.0,False
2019-01-13 00:51:00,596512.0,674059.8790579457,674060.0,0.0,77548.0,77548.0,False
2019-01-13 00:52:00,606395.0,655470.3596273613,655471.0,0.0,49076.0,49076.0,False
2019-01-13 00:53:00,594052.0,659383.326825397,659384.0,0.0,65332.0,65332.0,False
2019-01-13 00:54:00,596465.0,657305.2977739077,657306.0,0.0,60841.0,60841.0,False
2019-01-13 00:55:00,613178.0,668229.4241900942,668230.0,0.0,55052.0,55052.0,False
2019-01-13 00:56:00,593663.0,662086.1625599435,662087.0,0.0,68424.0,68424.0,False
2019-01-13 00:57:00,606809.0,658303.9341000137,658304.0,0.0,51495.0,51495.0,False
2019-01-13 00:58:00,593128.0,657007.5952441128,657008.0,0.0,63880.0,63880.0,False
2019-01-13 00:59:00,582378.0,656602.3461985708,656603.0,0.0,74225.0,74225.0,False
2019-01-13 01:00:00,685387.0,686397.7149384737,686398.0,0.0,1011.0,1011.0,False
2019-01-13 01:01:00,624658.0,691916.7927158871,691917.0,0.0,67259.0,67259.0,False
2019-01-13 01:02:00,618457.0,673011.8134079158,673012.0,0.0,54555.0,54555.0,False
2019-01-13 01:03:00,632179.0,673019.7499804331,673020.0,0.0,40841.0,40841.0,False
2019-01-13 01:04:00,618712.0,678042.6990176121,678043.0,0.0,59331.0,59331.0,False
2019-01-13 01:05:00,628398.0,690609.6675808743,690610.0,0.0,62212.0,62212.0,False
2019-01-13 01:06:00,623492.0,711011.3327539398,711012.0,0.0,87520.0,87520.0,False
2019-01-13 01:07:00,639352.0,705015.9450906687,705016.0,0.0,65664.0,65664.0,False
2019-01-13 01:08:00,629820.0,706775.7351572234,706776.0,0.0,76956.0,76956.0,False
2019-01-13 01:09:00,630155.0,699342.4314262692,699343.0,0.0,69188.0,69188.0,False
2019-01-13 01:10:00,657495.0,721950.8265972605,721951.0,0.0,64456.0,64456.0,False
2019-01-13 01:11:00,652311.0,699196.7794696254,699197.0,0.0,46886.0,46886.0,False
2019-01-13 01:12:00,638473.0,697192.6146059645,697193.0,0.0,58720.0,58720.0,False
2019-01-13 01:13:00,634612.0,690920.7630965763,690921.0,0.0,56309.0,56309.0,False
2019-01-13 01:14:00,628107.0,686050.8084081053,686051.0,0.0,57944.0,57944.0,False
2019-01-13 01:15:00,654785.0,689058.7445201676,689059.0,0.0,34274.0,34274.0,False
2019-01-13 01:16:00,651149.0,694541.3851802078,694542.0,0.0,43393.0,43393.0,False
2019-01-13 01:17:00,653240.0,694471.9301452065,694472.0,0.0,41232.0,41232.0,False
2019-01-13 01:18:00,658463.0,701329.80141771,701330.0,0.0,42867.0,42867.0,False
2019-01-13 01:19:00,644218.0,703185.9567428711,703186.0,0.0,58968.0,58968.0,False
2019-01-13 01:20:00,653903.0,713598.8950257148,713599.0,0.0,59696.0,59696.0,False
2019-01-13 01:21:00,619759.0,711830.7918410022,711831.0,0.0,92072.0,92072.0,False
2019-01-13 01:22:00,635396.0,683597.991126396,683598.0,0.0,48202.0,48202.0,False
2019-01-13 01:23:00,618691.0,689508.5306456006,689509.0,0.0,70818.0,70818.0,False
2019-01-13 01:24:00,578910.0,679969.6336273499,679970.0,0.0,101060.0,101060.0,False
2019-01-13 01:25:00,594066.0,667075.4621748014,667076.0,0.0,73010.0,73010.0,False
2019-01-13 01:26:00,600920.0,665808.6333765077,665809.0,0.0,64889.0,64889.0,False
2019-01-13 01:27:00,578136.0,672254.1040831155,672255.0,0.0,94119.0,94119.0,False
2019-01-13 01:28:00,595878.0,663368.4639769035,663369.0,0.0,67491.0,67491.0,False
2019-01-13 01:29:00,576898.0,661630.0285870905,661631.0,0.0,84733.0,84733.0,False
2019-01-13 01:30:00,661329.0,685976.688320124,685977.0,0.0,24648.0,24648.0,False
2019-01-13 01:31:00,606852.0,690879.6609200153,690880.0,0.0,84028.0,84028.0,False
2019-01-13 01:32:00,606977.0,667818.2814702814,667819.0,0.0,60842.0,60842.0,False
2019-01-13 01:33:00,605835.0,673682.0737806895,673683.0,0.0,67848.0,67848.0,False
2019-01-13 01:34:00,594342.0,659347.1897428386,659348.0,0.0,65006.0,65006.0,False
2019-01-13 01:35:00,614620.0,675328.1497134431,675329.0,0.0,60709.0,60709.0,False
2019-01-13 01:36:00,607178.0,684977.9359869512,684978.0,0.0,77800.0,77800.0,False
2019-01-13 01:37:00,604113.0,671465.1692028851,671466.0,0.0,67353.0,67353.0,False
2019-01-13 01:38:00,584654.0,658511.6809602767,658512.0,0.0,73858.0,73858.0,False
2019-01-13 01:39:00,579568.0,652517.4208025543,652518.0,0.0,72950.0,72950.0,False
2019-01-13 01:40:00,601653.0,679493.1052146434,679494.0,0.0,77841.0,77841.0,False
2019-01-13 01:41:00,567176.0,658395.3236677694,658396.0,0.0,91220.0,91220.0,False
2019-01-13 01:42:00,571170.0,641204.0785066449,641205.0,0.0,70035.0,70035.0,False
2019-01-13 01:43:00,572672.0,638016.6044932596,638017.0,0.0,65345.0,65345.0,False
2019-01-13 01:44:00,560298.0,637928.5243911485,637929.0,0.0,77631.0,77631.0,False
2019-01-13 01:45:00,610744.0,654371.7114658857,654372.0,0.0,43628.0,43628.0,False
2019-01-13 01:46:00,585700.0,651513.2775854708,651514.0,0.0,65814.0,65814.0,False
2019-01-13 01:47:00,578744.0,648511.2710249859,648512.0,0.0,69768.0,69768.0,False
2019-01-13 01:48:00,580815.0,638386.6462505014,638387.0,0.0,57572.0,57572.0,False
2019-01-13 01:49:00,558552.0,634018.744547619,634019.0,0.0,75467.0,75467.0,False
2019-01-13 01:50:00,596514.0,648271.0271231409,648272.0,0.0,51758.0,51758.0,False
2019-01-13 01:51:00,570470.0,644557.4087669442,644558.0,0.0,74088.0,74088.0,False
2019-01-13 01:52:00,581234.0,624297.3321168601,624298.0,0.0,43064.0,43064.0,False
2019-01-13 01:53:00,569687.0,635089.2594661943,635090.0,0.0,65403.0,65403.0,False
2019-01-13 01:54:00,571309.0,625384.9809570096,625385.0,0.0,54076.0,54076.0,False
2019-01-13 01:55:00,592011.0,657801.030848308,657802.0,0.0,65791.0,65791.0,False
2019-01-13 01:56:00,583745.0,629232.4082684044,629233.0,0.0,45488.0,45488.0,False
2019-01-13 01:57:00,563935.0,633321.3014033702,633322.0,0.0,69387.0,69387.0,False
2019-01-13 01:58:00,576528.0,616619.2914173068,616620.0,0.0,40092.0,40092.0,False
2019-01-13 01:59:00,584116.0,622932.9608930484,622933.0,0.0,38817.0,38817.0,False
2019-01-13 02:00:00,674300.0,664892.703292762,664893.0,9407.0,0.0,94070.0,False
2019-01-13 02:01:00,623178.0,684006.143156705,684007.0,0.0,60829.0,60829.0,False
2019-01-13 02:02:00,609006.0,664736.8759069248,664737.0,0.0,55731.0,55731.0,False
2019-01-13 02:03:00,622443.0,665910.9294473849,665911.0,0.0,43468.0,43468.0,False
2019-01-13 02:04:00,606621.0,666737.2786891025,666738.0,0.0,60117.0,60117.0,False
2019-01-13 02:05:00,616410.0,685299.8463144068,685300.0,0.0,68890.0,68890.0,False
2019-01-13 02:06:00,605972.0,705934.2310750532,705935.0,0.0,99963.0,99963.0,False
2019-01-13 02:07:00,711288.0,702267.7874525936,702268.0,9020.0,0.0,90200.0,False
2019-01-13 02:08:00,709972.0,788883.7008501686,788884.0,0.0,78912.0,78912.0,False
2019-01-13 02:09:00,682465.0,765814.942750843,765815.0,0.0,83350.0,83350.0,False
2019-01-13 02:10:00,666323.0,766591.786400462,766592.0,0.0,100269.0,100269.0,False
2019-01-13 02:11:00,635048.0,740077.8909052727,740078.0,0.0,105030.0,105030.0,False
2019-01-13 02:12:00,657567.0,711351.5171975186,711352.0,0.0,53785.0,53785.0,False
2019-01-13 02:13:00,626909.0,746267.0950157503,746268.0,0.0,119359.0,119359.0,False
2019-01-13 02:14:00,613044.0,709005.8559691419,709006.0,0.0,95962.0,95962.0,False
2019-01-13 02:15:00,607517.0,702971.6263212201,702972.0,0.0,95455.0,95455.0,False
2019-01-13 02:16:00,594893.0,701646.1823389188,701647.0,0.0,106754.0,106754.0,False
2019-01-13 02:17:00,586111.0,707140.8995208626,707141.0,0.0,121030.0,121030.0,False
2019-01-13 02:18:00,584980.0,689598.1623262411,689599.0,0.0,104619.0,104619.0,False
2019-01-13 02:19:00,574588.0,693242.1603815472,693243.0,0.0,118655.0,118655.0,False
2019-01-13 02:20:00,597116.0,690528.3621227914,690529.0,0.0,93413.0,93413.0,False
2019-01-13 02:21:00,598254.0,689383.592625598,689384.0,0.0,91130.0,91130.0,False
2019-01-13 02:22:00,576947.0,706151.0035749645,706152.0,0.0,129205.0,129205.0,False
2019-01-13 02:23:00,560558.0,697226.7614102602,697227.0,0.0,136669.0,136669.0,False
2019-01-13 02:24:00,563593.0,680064.5067699332,680065.0,0.0,116472.0,116472.0,False
2019-01-13 02:25:00,578624.0,690578.4364234657,690579.0,0.0,111955.0,111955.0,False
2019-01-13 02:26:00,579467.0,689821.0059169998,689822.0,0.0,110355.0,110355.0,False
2019-01-13 02:27:00,570708.0,674044.7218458989,674045.0,0.0,103337.0,103337.0,False
2019-01-13 02:28:00,584006.0,668703.8586417121,668704.0,0.0,84698.0,84698.0,False
2019-01-13 02:29:00,584998.0,676634.6433133692,676635.0,0.0,91637.0,91637.0,False
2019-01-13 02:30:00,649685.0,698418.0217130127,698419.0,0.0,48734.0,48734.0,False
2019-01-13 02:31:00,619863.0,705619.4807501154,705620.0,0.0,85757.0,85757.0,False
2019-01-13 02:32:00,578550.0,695780.3190889953,695781.0,0.0,117231.0,117231.0,False
2019-01-13 02:33:00,600927.0,675077.6435681278,675078.0,0.0,74151.0,74151.0,False
2019-01-13 02:34:00,580590.0,687252.0056257754,687253.0,0.0,106663.0,106663.0,False
2019-01-13 02:35:00,600271.0,688539.8154179116,688540.0,0.0,88269.0,88269.0,False
2019-01-13 02:36:00,563113.0,703006.3034830387,703007.0,0.0,139894.0,139894.0,False
2019-01-13 02:37:00,566337.0,674812.5825450392,674813.0,0.0,108476.0,108476.0,False
2019-01-13 02:38:00,559787.0,648259.7726809534,648260.0,0.0,88473.0,88473.0,False
2019-01-13 02:39:00,562299.0,645200.9028719605,645201.0,0.0,82902.0,82902.0,False
2019-01-13 02:40:00,600955.0,684362.2582741142,684363.0,0.0,83408.0,83408.0,False
2019-01-13 02:41:00,571130.0,661797.7003790406,661798.0,0.0,90668.0,90668.0,False
2019-01-13 02:42:00,541206.0,652430.0651697231,652431.0,0.0,111225.0,111225.0,False
2019-01-13 02:43:00,559743.0,633918.8332661698,633919.0,0.0,74176.0,74176.0,False
2019-01-13 02:44:00,574250.0,632012.9006884595,632013.0,0.0,57763.0,57763.0,False
2019-01-13 02:45:00,589076.0,670976.8088835377,670977.0,0.0,81901.0,81901.0,False
2019-01-13 02:46:00,570772.0,654013.5109263663,654014.0,0.0,83242.0,83242.0,False
2019-01-13 02:47:00,577843.0,640742.2606807856,640743.0,0.0,62900.0,62900.0,False
2019-01-13 02:48:00,588343.0,646298.1271670493,646299.0,0.0,57956.0,57956.0,False
2019-01-13 02:49:00,571065.0,657413.7006750829,657414.0,0.0,86349.0,86349.0,False
2019-01-13 02:50:00,576398.0,667472.7967452814,667473.0,0.0,91075.0,91075.0,False
2019-01-13 02:51:00,575444.0,639955.9480516285,639956.0,0.0,64512.0,64512.0,False
2019-01-13 02:52:00,583331.0,644744.2220890427,644745.0,0.0,61414.0,61414.0,False
2019-01-13 02:53:00,571932.0,648949.548156859,648950.0,0.0,77018.0,77018.0,False
2019-01-13 02:54:00,565000.0,635192.0614165745,635193.0,0.0,70193.0,70193.0,False
2019-01-13 02:55:00,566342.0,647878.2633002453,647879.0,0.0,81537.0,81537.0,False
2019-01-13 02:56:00,569797.0,628234.2031087582,628235.0,0.0,58438.0,58438.0,False
2019-01-13 02:57:00,565885.0,643555.1744522598,643556.0,0.0,77671.0,77671.0,False
2019-01-13 02:58:00,563263.0,644539.7007470506,644540.0,0.0,81277.0,81277.0,False
2019-01-13 02:59:00,579371.0,630969.389696122,630970.0,0.0,51599.0,51599.0,False
2019-01-13 03:00:00,684484.0,650077.3200253178,650078.0,34406.0,0.0,344060.0,False
2019-01-13 03:01:00,602308.0,721268.0566946397,721269.0,0.0,118961.0,118961.0,False
2019-01-13 03:02:00,584196.0,689532.9276330494,689533.0,0.0,105337.0,105337.0,False
2019-01-13 03:03:00,570592.0,684778.8132505894,684779.0,0.0,114187.0,114187.0,False
2019-01-13 03:04:00,577479.0,673900.7691600365,673901.0,0.0,96422.0,96422.0,False
2019-01-13 03:05:00,575308.0,699011.4333112023,699012.0,0.0,123704.0,123704.0,False
2019-01-13 03:06:00,565183.0,690040.4939276021,690041.0,0.0,124858.0,124858.0,False
2019-01-13 03:07:00,641780.0,681079.6692986392,681080.0,0.0,39300.0,39300.0,False
2019-01-13 03:08:00,653098.0,726845.5091613968,726846.0,0.0,73748.0,73748.0,False
2019-01-13 03:09:00,661960.0,738161.3268473716,738162.0,0.0,76202.0,76202.0,False
2019-01-13 03:10:00,613251.0,763075.9452935464,763076.0,0.0,149825.0,149825.0,False
2019-01-13 03:11:00,550134.0,714572.1022160272,714573.0,0.0,164439.0,164439.0,False
2019-01-13 03:12:00,584885.0,674977.5331565951,674978.0,0.0,90093.0,90093.0,False
2019-01-13 03:13:00,685565.0,679960.1885159024,679961.0,5604.0,0.0,56040.0,False
2019-01-13 03:14:00,684660.0,804083.4533886256,804084.0,0.0,119424.0,119424.0,False
2019-01-13 03:15:00,615173.0,798145.9011966845,798146.0,0.0,182973.0,182973.0,False
2019-01-13 03:16:00,578227.0,741534.8902416215,741535.0,0.0,163308.0,163308.0,False
2019-01-13 03:17:00,585410.0,738492.401917496,738493.0,0.0,153083.0,153083.0,False
2019-01-13 03:18:00,579360.0,734212.0960722424,734213.0,0.0,154853.0,154853.0,False
2019-01-13 03:19:00,551394.0,734790.7111985978,734791.0,0.0,183397.0,183397.0,False
2019-01-13 03:20:00,576327.0,709028.1228756414,709029.0,0.0,132702.0,132702.0,False
2019-01-13 03:21:00,559157.0,721038.0702021613,721039.0,0.0,161882.0,161882.0,False
2019-01-13 03:22:00,556611.0,713191.3316659126,713192.0,0.0,156581.0,156581.0,False
2019-01-13 03:23:00,559494.0,717681.8536569012,717682.0,0.0,158188.0,158188.0,False
2019-01-13 03:24:00,553837.0,714817.147874392,714818.0,0.0,160981.0,160981.0,False
2019-01-13 03:25:00,562405.0,745120.9618143658,745121.0,0.0,182716.0,182716.0,False
2019-01-13 03:26:00,569908.0,708769.627302558,708770.0,0.0,138862.0,138862.0,False
2019-01-13 03:27:00,556760.0,730302.6108282577,730303.0,0.0,173543.0,173543.0,False
2019-01-13 03:28:00,565964.0,716405.5418861457,716406.0,0.0,150442.0,150442.0,False
2019-01-13 03:29:00,539937.0,711604.3191281814,711605.0,0.0,171668.0,171668.0,False
2019-01-13 03:30:00,610193.0,731843.7404120333,731844.0,0.0,121651.0,121651.0,False
2019-01-13 03:31:00,572476.0,717773.8570528098,717774.0,0.0,145298.0,145298.0,False
2019-01-13 03:32:00,562699.0,693534.7324670576,693535.0,0.0,130836.0,130836.0,False
2019-01-13 03:33:00,566953.0,694915.3905506956,694916.0,0.0,127963.0,127963.0,False
2019-01-13 03:34:00,534505.0,691533.4931440543,691534.0,0.0,157029.0,157029.0,False
2019-01-13 03:35:00,544447.0,689249.7302655187,689250.0,0.0,144803.0,144803.0,False
2019-01-13 03:36:00,561279.0,682425.7444872868,682426.0,0.0,121147.0,121147.0,False
2019-01-13 03:37:00,557919.0,686828.5937189434,686829.0,0.0,128910.0,128910.0,False
2019-01-13 03:38:00,548684.0,679273.5389542908,679274.0,0.0,130590.0,130590.0,False
2019-01-13 03:39:00,544562.0,666464.5412267372,666465.0,0.0,121903.0,121903.0,False
2019-01-13 03:40:00,583994.0,703684.8342264788,703685.0,0.0,119691.0,119691.0,False
2019-01-13 03:41:00,562095.0,685852.7923404038,685853.0,0.0,123758.0,123758.0,False
2019-01-13 03:42:00,553564.0,661927.6017459957,661928.0,0.0,108364.0,108364.0,False
2019-01-13 03:43:00,549794.0,660343.5804703519,660344.0,0.0,110550.0,110550.0,False
2019-01-13 03:44:00,568205.0,601931.1443093667,601932.0,0.0,33727.0,33727.0,False
2019-01-13 03:45:00,576409.0,625785.7121955832,625786.0,0.0,49377.0,49377.0,False
2019-01-13 03:46:00,564478.0,615955.1357153868,615956.0,0.0,51478.0,51478.0,False
2019-01-13 03:47:00,562115.0,610764.0296609676,610765.0,0.0,48650.0,48650.0,False
2019-01-13 03:48:00,578601.0,607949.3405765141,607950.0,0.0,29349.0,29349.0,False
2019-01-13 03:49:00,569954.0,624285.2342167123,624286.0,0.0,54332.0,54332.0,False
2019-01-13 03:50:00,593605.0,643006.4682615554,643007.0,0.0,49402.0,49402.0,False
2019-01-13 03:51:00,561041.0,623316.5826160681,623317.0,0.0,62276.0,62276.0,False
2019-01-13 03:52:00,559153.0,604014.9969007057,604015.0,0.0,44862.0,44862.0,False
2019-01-13 03:53:00,568945.0,605247.4136744335,605248.0,0.0,36303.0,36303.0,False
2019-01-13 03:54:00,577332.0,609649.662051708,609650.0,0.0,32318.0,32318.0,False
2019-01-13 03:55:00,564350.0,627398.9399390452,627399.0,0.0,63049.0,63049.0,False
2019-01-13 03:56:00,553468.0,601398.8388460046,601399.0,0.0,47931.0,47931.0,False
2019-01-13 03:57:00,563696.0,601064.4195735477,601065.0,0.0,37369.0,37369.0,False
2019-01-13 03:58:00,547748.0,601511.3255167295,601512.0,0.0,53764.0,53764.0,False
2019-01-13 03:59:00,552437.0,605703.916247171,605704.0,0.0,53267.0,53267.0,False
2019-01-13 04:00:00,669960.0,627791.1907628095,627792.0,42168.0,0.0,421680.0,False
2019-01-13 04:01:00,578573.0,679887.001070087,679888.0,0.0,101315.0,101315.0,False
2019-01-13 04:02:00,585354.0,646485.837782814,646486.0,0.0,61132.0,61132.0,False
2019-01-13 04:03:00,592017.0,659462.5829791306,659463.0,0.0,67446.0,67446.0,False
2019-01-13 04:04:00,568339.0,661113.0554063898,661114.0,0.0,92775.0,92775.0,False
2019-01-13 04:05:00,585107.0,662901.657050955,662902.0,0.0,77795.0,77795.0,False
2019-01-13 04:06:00,583129.0,675845.5607957726,675846.0,0.0,92717.0,92717.0,False
2019-01-13 04:07:00,606753.0,687977.2760683941,687978.0,0.0,81225.0,81225.0,False
2019-01-13 04:08:00,574277.0,678213.727737176,678214.0,0.0,103937.0,103937.0,False
2019-01-13 04:09:00,574815.0,652663.2025101312,652664.0,0.0,77849.0,77849.0,False
2019-01-13 04:10:00,588497.0,661522.2956815033,661523.0,0.0,73026.0,73026.0,False
2019-01-13 04:11:00,574414.0,657798.8544476379,657799.0,0.0,83385.0,83385.0,False
2019-01-13 04:12:00,577868.0,662714.2838055955,662715.0,0.0,84847.0,84847.0,False
2019-01-13 04:13:00,584549.0,650390.6932696471,650391.0,0.0,65842.0,65842.0,False
2019-01-13 04:14:00,573266.0,657226.7116632842,657227.0,0.0,83961.0,83961.0,False
2019-01-13 04:15:00,598517.0,654952.1464757065,654953.0,0.0,56436.0,56436.0,False
2019-01-13 04:16:00,580848.0,663605.7664304761,663606.0,0.0,82758.0,82758.0,False
2019-01-13 04:17:00,585995.0,677999.6340890862,678000.0,0.0,92005.0,92005.0,False
2019-01-13 04:18:00,576863.0,660210.4975299534,660211.0,0.0,83348.0,83348.0,False
2019-01-13 04:19:00,583686.0,651217.7956767571,651218.0,0.0,67532.0,67532.0,False
2019-01-13 04:20:00,587103.0,672324.5630072268,672325.0,0.0,85222.0,85222.0,False
2019-01-13 04:21:00,596661.0,656015.3870573477,656016.0,0.0,59355.0,59355.0,False
2019-01-13 04:22:00,576193.0,665853.405338227,665854.0,0.0,89661.0,89661.0,False
2019-01-13 04:23:00,565917.0,653606.8401902288,653607.0,0.0,87690.0,87690.0,False
2019-01-13 04:24:00,576604.0,647781.7832829583,647782.0,0.0,71178.0,71178.0,False
2019-01-13 04:25:00,578691.0,668414.9997780933,668415.0,0.0,89724.0,89724.0,False
2019-01-13 04:26:00,563611.0,656555.4800221141,656556.0,0.0,92945.0,92945.0,False
2019-01-13 04:27:00,564166.0,640338.5574922861,640339.0,0.0,76173.0,76173.0,False
2019-01-13 04:28:00,577151.0,639195.1722100907,639196.0,0.0,62045.0,62045.0,False
2019-01-13 04:29:00,588006.0,649810.6957823995,649811.0,0.0,61805.0,61805.0,False
2019-01-13 04:30:00,649967.0,669341.1463388777,669342.0,0.0,19375.0,19375.0,False
2019-01-13 04:31:00,606452.0,672632.9913171456,672633.0,0.0,66181.0,66181.0,False
2019-01-13 04:32:00,608338.0,654497.6748690811,654498.0,0.0,46160.0,46160.0,False
2019-01-13 04:33:00,617334.0,660750.0528706668,660751.0,0.0,43417.0,43417.0,False
2019-01-13 04:34:00,608066.0,658890.5535370903,658891.0,0.0,50825.0,50825.0,False
2019-01-13 04:35:00,608997.0,672465.8731433897,672466.0,0.0,63469.0,63469.0,False
2019-01-13 04:36:00,591414.0,671866.8446402976,671867.0,0.0,80453.0,80453.0,False
2019-01-13 04:37:00,583633.0,653843.5197421028,653844.0,0.0,70211.0,70211.0,False
2019-01-13 04:38:00,570710.0,645772.2592359603,645773.0,0.0,75063.0,75063.0,False
2019-01-13 04:39:00,591377.0,637145.1259097916,637146.0,0.0,45769.0,45769.0,False
2019-01-13 04:40:00,618459.0,685766.3812316922,685767.0,0.0,67308.0,67308.0,False
2019-01-13 04:41:00,596596.0,657737.7341185344,657738.0,0.0,61142.0,61142.0,False
2019-01-13 04:42:00,615202.0,653135.9319849263,653136.0,0.0,37934.0,37934.0,False
2019-01-13 04:43:00,612304.0,668738.2503544993,668739.0,0.0,56435.0,56435.0,False
2019-01-13 04:44:00,592835.0,671234.7839334372,671235.0,0.0,78400.0,78400.0,False
2019-01-13 04:45:00,617545.0,674068.3674715705,674069.0,0.0,56524.0,56524.0,False
2019-01-13 04:46:00,603454.0,665851.2643741083,665852.0,0.0,62398.0,62398.0,False
2019-01-13 04:47:00,602063.0,662421.392232901,662422.0,0.0,60359.0,60359.0,False
2019-01-13 04:48:00,601198.0,661164.4300693995,661165.0,0.0,59967.0,59967.0,False
2019-01-13 04:49:00,602549.0,660525.681506742,660526.0,0.0,57977.0,57977.0,False
2019-01-13 04:50:00,612405.0,688767.4553945548,688768.0,0.0,76363.0,76363.0,False
2019-01-13 04:51:00,580951.0,670661.6220194852,670662.0,0.0,89711.0,89711.0,False
2019-01-13 04:52:00,595397.0,662362.1187783156,662363.0,0.0,66966.0,66966.0,False
2019-01-13 04:53:00,581151.0,661242.5588817198,661243.0,0.0,80092.0,80092.0,False
2019-01-13 04:54:00,595774.0,654186.56823962,654187.0,0.0,58413.0,58413.0,False
2019-01-13 04:55:00,607339.0,681931.9899620151,681932.0,0.0,74593.0,74593.0,False
2019-01-13 04:56:00,592368.0,659072.9896371,659073.0,0.0,66705.0,66705.0,False
2019-01-13 04:57:00,599395.0,661378.4980385193,661379.0,0.0,61984.0,61984.0,False
2019-01-13 04:58:00,609048.0,657450.7297416066,657451.0,0.0,48403.0,48403.0,False
2019-01-13 04:59:00,610804.0,669645.363361771,669646.0,0.0,58842.0,58842.0,False
2019-01-13 05:00:00,732195.0,692008.6881279205,692009.0,40186.0,0.0,401860.0,False
2019-01-13 05:01:00,717513.0,768544.8330425986,768545.0,0.0,51032.0,51032.0,False
2019-01-13 05:02:00,722563.0,755848.7002887133,755849.0,0.0,33286.0,33286.0,False
2019-01-13 05:03:00,741830.0,767428.5362504221,767429.0,0.0,25599.0,25599.0,False
2019-01-13 05:04:00,751019.0,785145.0208355263,785146.0,0.0,34127.0,34127.0,False
2019-01-13 05:05:00,661808.0,845677.5921571148,845678.0,0.0,183870.0,183870.0,False
2019-01-13 05:06:00,614473.0,755908.6314087531,755909.0,0.0,141436.0,141436.0,False
2019-01-13 05:07:00,588127.0,746266.3883917752,746267.0,0.0,158140.0,158140.0,False
2019-01-13 05:08:00,608823.0,741101.1411421481,741102.0,0.0,132279.0,132279.0,False
2019-01-13 05:09:00,627550.0,753253.9749621626,753254.0,0.0,125704.0,125704.0,False
2019-01-13 05:10:00,645055.0,761164.4140360324,761165.0,0.0,116110.0,116110.0,False
2019-01-13 05:11:00,608991.0,764896.2323177541,764897.0,0.0,155906.0,155906.0,False
2019-01-13 05:12:00,610630.0,753654.9598719693,753655.0,0.0,143025.0,143025.0,False
2019-01-13 05:13:00,588124.0,761512.3432105065,761513.0,0.0,173389.0,173389.0,False
2019-01-13 05:14:00,612467.0,757612.2906790541,757613.0,0.0,145146.0,145146.0,False
2019-01-13 05:15:00,650283.0,781153.1298503482,781154.0,0.0,130871.0,130871.0,False
2019-01-13 05:16:00,650095.0,760820.5954534115,760821.0,0.0,110726.0,110726.0,False
2019-01-13 05:17:00,767211.0,768265.2742836107,768266.0,0.0,1055.0,1055.0,False
2019-01-13 05:18:00,710773.0,899224.014029299,899225.0,0.0,188452.0,188452.0,False
2019-01-13 05:19:00,758610.0,846472.6715996326,846473.0,0.0,87863.0,87863.0,False
2019-01-13 05:20:00,709911.0,863879.0951955479,863880.0,0.0,153969.0,153969.0,False
2019-01-13 05:21:00,637193.0,831042.9783483361,831043.0,0.0,193850.0,193850.0,False
2019-01-13 05:22:00,621590.0,806301.2115181979,806302.0,0.0,184712.0,184712.0,False
2019-01-13 05:23:00,629886.0,791111.5084928423,791112.0,0.0,161226.0,161226.0,False
2019-01-13 05:24:00,634318.0,807506.9859193047,807507.0,0.0,173189.0,173189.0,False
2019-01-13 05:25:00,621597.0,812828.2941333319,812829.0,0.0,191232.0,191232.0,False
2019-01-13 05:26:00,595409.0,800306.3392333913,800307.0,0.0,204898.0,204898.0,False
2019-01-13 05:27:00,602657.0,791742.4335681391,791743.0,0.0,189086.0,189086.0,False
2019-01-13 05:28:00,621571.0,785336.2520562827,785337.0,0.0,163766.0,163766.0,False
2019-01-13 05:29:00,601322.0,798941.6177354422,798942.0,0.0,197620.0,197620.0,False
2019-01-13 05:30:00,649869.0,801893.6481335167,801894.0,0.0,152025.0,152025.0,False
2019-01-13 05:31:00,618667.0,792374.1767120269,792375.0,0.0,173708.0,173708.0,False
2019-01-13 05:32:00,604085.0,781112.6057777288,781113.0,0.0,177028.0,177028.0,False
2019-01-13 05:33:00,623407.0,771613.8362854829,771614.0,0.0,148207.0,148207.0,False
2019-01-13 05:34:00,586706.0,772741.8540560718,772742.0,0.0,186036.0,186036.0,False
2019-01-13 05:35:00,589676.0,753992.334562137,753993.0,0.0,164317.0,164317.0,False
2019-01-13 05:36:00,600012.0,728221.4055369474,728222.0,0.0,128210.0,128210.0,False
2019-01-13 05:37:00,586264.0,736524.4234213762,736525.0,0.0,150261.0,150261.0,False
2019-01-13 05:38:00,586200.0,732635.1621825657,732636.0,0.0,146436.0,146436.0,False
2019-01-13 05:39:00,589201.0,725443.7910122402,725444.0,0.0,136243.0,136243.0,False
2019-01-13 05:40:00,600267.0,765741.3679868459,765742.0,0.0,165475.0,165475.0,False
2019-01-13 05:41:00,554479.0,739741.0303277604,739742.0,0.0,185263.0,185263.0,False
2019-01-13 05:42:00,590310.0,715259.8760267871,715260.0,0.0,124950.0,124950.0,False
2019-01-13 05:43:00,604907.0,757196.0986994817,757197.0,0.0,152290.0,152290.0,False
2019-01-13 05:44:00,583642.0,734121.6105142084,734122.0,0.0,150480.0,150480.0,False
2019-01-13 05:45:00,608570.0,734084.154251325,734085.0,0.0,125515.0,125515.0,False
2019-01-13 05:46:00,617243.0,733595.9140335463,733596.0,0.0,116353.0,116353.0,False
2019-01-13 05:47:00,646777.0,749715.3060563995,749716.0,0.0,102939.0,102939.0,False
2019-01-13 05:48:00,614726.0,729921.1890358265,729922.0,0.0,115196.0,115196.0,False
2019-01-13 05:49:00,604789.0,703552.0312488677,703553.0,0.0,98764.0,98764.0,False
2019-01-13 05:50:00,639716.0,677538.721242456,677539.0,0.0,37823.0,37823.0,False
2019-01-13 05:51:00,622342.0,699554.7578323961,699555.0,0.0,77213.0,77213.0,False
2019-01-13 05:52:00,613172.0,693538.9131670158,693539.0,0.0,80367.0,80367.0,False
2019-01-13 05:53:00,604293.0,680985.0344186228,680986.0,0.0,76693.0,76693.0,False
2019-01-13 05:54:00,605755.0,677809.2020041354,677810.0,0.0,72055.0,72055.0,False
2019-01-13 05:55:00,616946.0,684863.3682736547,684864.0,0.0,67918.0,67918.0,False
2019-01-13 05:56:00,595702.0,687340.9325144112,687341.0,0.0,91639.0,91639.0,False
2019-01-13 05:57:00,605071.0,696665.2709083408,696666.0,0.0,91595.0,91595.0,False
2019-01-13 05:58:00,605050.0,675625.0808318211,675626.0,0.0,70576.0,70576.0,False
2019-01-13 05:59:00,597568.0,680988.1720936693,680989.0,0.0,83421.0,83421.0,False
2019-01-13 06:00:00,724660.0,717287.4447657231,717288.0,7372.0,0.0,73720.0,False
2019-01-13 06:01:00,680876.0,758817.2944165622,758818.0,0.0,77942.0,77942.0,False
2019-01-13 06:02:00,670435.0,745146.2445606135,745147.0,0.0,74712.0,74712.0,False
2019-01-13 06:03:00,688069.0,747042.5959877368,747043.0,0.0,58974.0,58974.0,False
2019-01-13 06:04:00,642294.0,748142.8435064303,748143.0,0.0,105849.0,105849.0,False
2019-01-13 06:05:00,753618.0,745028.1305576152,745029.0,8589.0,0.0,85890.0,False
2019-01-13 06:06:00,717103.0,845081.7783740574,845082.0,0.0,127979.0,127979.0,False
2019-01-13 06:07:00,635550.0,825020.1336852063,825021.0,0.0,189471.0,189471.0,False
2019-01-13 06:08:00,748748.0,770140.9027471462,770141.0,0.0,21393.0,21393.0,False
2019-01-13 06:09:00,757991.0,868285.6165527998,868286.0,0.0,110295.0,110295.0,False
2019-01-13 06:10:00,663939.0,904781.9197959241,904782.0,0.0,240843.0,240843.0,False
2019-01-13 06:11:00,630818.0,814227.5018152217,814228.0,0.0,183410.0,183410.0,False
2019-01-13 06:12:00,647969.0,801100.5120194477,801101.0,0.0,153132.0,153132.0,False
2019-01-13 06:13:00,628734.0,813931.6444439552,813932.0,0.0,185198.0,185198.0,False
2019-01-13 06:14:00,629535.0,801730.8999067026,801731.0,0.0,172196.0,172196.0,False
2019-01-13 06:15:00,665587.0,802223.1428089424,802224.0,0.0,136637.0,136637.0,False
2019-01-13 06:16:00,666661.0,822378.923807435,822379.0,0.0,155718.0,155718.0,False
2019-01-13 06:17:00,655939.0,820534.5857002866,820535.0,0.0,164596.0,164596.0,False
2019-01-13 06:18:00,665961.0,815433.4809034235,815434.0,0.0,149473.0,149473.0,False
2019-01-13 06:19:00,616448.0,829070.2707204771,829071.0,0.0,212623.0,212623.0,False
2019-01-13 06:20:00,627423.0,806521.8009597899,806522.0,0.0,179099.0,179099.0,False
2019-01-13 06:21:00,645704.0,788606.0923324183,788607.0,0.0,142903.0,142903.0,False
2019-01-13 06:22:00,623887.0,802597.9759989427,802598.0,0.0,178711.0,178711.0,False
2019-01-13 06:23:00,632912.0,787938.3620456683,787939.0,0.0,155027.0,155027.0,False
2019-01-13 06:24:00,628671.0,793471.9956888831,793472.0,0.0,164801.0,164801.0,False
2019-01-13 06:25:00,587226.0,800171.7458483407,800172.0,0.0,212946.0,212946.0,False
2019-01-13 06:26:00,575169.0,776689.1873327699,776690.0,0.0,201521.0,201521.0,False
2019-01-13 06:27:00,607609.0,763677.1864319026,763678.0,0.0,156069.0,156069.0,False
2019-01-13 06:28:00,618213.0,802088.8363022131,802089.0,0.0,183876.0,183876.0,False
2019-01-13 06:29:00,610797.0,778474.2729714348,778475.0,0.0,167678.0,167678.0,False
2019-01-13 06:30:00,652365.0,779795.1572091967,779796.0,0.0,127431.0,127431.0,False
2019-01-13 06:31:00,650507.0,797755.363772644,797756.0,0.0,147249.0,147249.0,False
2019-01-13 06:32:00,638787.0,801995.2390693729,801996.0,0.0,163209.0,163209.0,False
2019-01-13 06:33:00,624222.0,791979.1872766996,791980.0,0.0,167758.0,167758.0,False
2019-01-13 06:34:00,616822.0,781320.1344881969,781321.0,0.0,164499.0,164499.0,False
2019-01-13 06:35:00,639793.0,771528.0040762665,771529.0,0.0,131736.0,131736.0,False
2019-01-13 06:36:00,624149.0,774883.8500799023,774884.0,0.0,150735.0,150735.0,False
2019-01-13 06:37:00,627433.0,759038.188975245,759039.0,0.0,131606.0,131606.0,False
2019-01-13 06:38:00,625242.0,753637.3796246299,753638.0,0.0,128396.0,128396.0,False
2019-01-13 06:39:00,599064.0,730996.4105971501,730997.0,0.0,131933.0,131933.0,False
2019-01-13 06:40:00,656222.0,726517.2010310228,726518.0,0.0,70296.0,70296.0,False
2019-01-13 06:41:00,646090.0,718856.3952975366,718857.0,0.0,72767.0,72767.0,False
2019-01-13 06:42:00,653355.0,716030.7745669645,716031.0,0.0,62676.0,62676.0,False
2019-01-13 06:43:00,655620.0,727818.235785486,727819.0,0.0,72199.0,72199.0,False
2019-01-13 06:44:00,636247.0,726623.3671543082,726624.0,0.0,90377.0,90377.0,False
2019-01-13 06:45:00,664884.0,735120.0929020785,735121.0,0.0,70237.0,70237.0,False
2019-01-13 06:46:00,643296.0,724543.8911809688,724544.0,0.0,81248.0,81248.0,False
2019-01-13 06:47:00,619513.0,718978.5041541829,718979.0,0.0,99466.0,99466.0,False
2019-01-13 06:48:00,627254.0,701185.4139819837,701186.0,0.0,73932.0,73932.0,False
2019-01-13 06:49:00,625217.0,706456.9517050354,706457.0,0.0,81240.0,81240.0,False
2019-01-13 06:50:00,654182.0,710951.946285275,710952.0,0.0,56770.0,56770.0,False
2019-01-13 06:51:00,632116.0,710956.6265061226,710957.0,0.0,78841.0,78841.0,False
2019-01-13 06:52:00,627322.0,700748.3010922738,700749.0,0.0,73427.0,73427.0,False
2019-01-13 06:53:00,654934.0,703821.5596761301,703822.0,0.0,48888.0,48888.0,False
2019-01-13 06:54:00,663369.0,718893.2702714708,718894.0,0.0,55525.0,55525.0,False
2019-01-13 06:55:00,681755.0,741529.5172329926,741530.0,0.0,59775.0,59775.0,False
2019-01-13 06:56:00,642385.0,718124.5286893432,718125.0,0.0,75740.0,75740.0,False
2019-01-13 06:57:00,645706.0,693342.1736798664,693343.0,0.0,47637.0,47637.0,False
2019-01-13 06:58:00,650840.0,693555.9177798644,693556.0,0.0,42716.0,42716.0,False
2019-01-13 06:59:00,640297.0,697139.1759950087,697140.0,0.0,56843.0,56843.0,False
2019-01-13 07:00:00,742022.0,726867.9225193893,726868.0,15154.0,0.0,151540.0,False
2019-01-13 07:01:00,681416.0,758684.9480742299,758685.0,0.0,77269.0,77269.0,False
2019-01-13 07:02:00,724260.0,737747.9825495856,737748.0,0.0,13488.0,13488.0,False
2019-01-13 07:03:00,715798.0,781811.1594352267,781812.0,0.0,66014.0,66014.0,False
2019-01-13 07:04:00,683308.0,766114.1699621525,766115.0,0.0,82807.0,82807.0,False
2019-01-13 07:05:00,711024.0,761906.207273405,761907.0,0.0,50883.0,50883.0,False
2019-01-13 07:06:00,739637.0,797255.1521381106,797256.0,0.0,57619.0,57619.0,False
2019-01-13 07:07:00,766157.0,806803.3824143731,806804.0,0.0,40647.0,40647.0,False
2019-01-13 07:08:00,746872.0,848062.4586675009,848063.0,0.0,101191.0,101191.0,False
2019-01-13 07:09:00,759099.0,824582.0199192925,824583.0,0.0,65484.0,65484.0,False
2019-01-13 07:10:00,711834.0,840715.2865452,840716.0,0.0,128882.0,128882.0,False
2019-01-13 07:11:00,677521.0,788040.034767033,788041.0,0.0,110520.0,110520.0,False
2019-01-13 07:12:00,676539.0,774644.4876714309,774645.0,0.0,98106.0,98106.0,False
2019-01-13 07:13:00,670000.0,761435.5049634301,761436.0,0.0,91436.0,91436.0,False
2019-01-13 07:14:00,664100.0,756452.3455602411,756453.0,0.0,92353.0,92353.0,False
2019-01-13 07:15:00,699742.0,749930.1526584786,749931.0,0.0,50189.0,50189.0,False
2019-01-13 07:16:00,679937.0,770060.1541122762,770061.0,0.0,90124.0,90124.0,False
2019-01-13 07:17:00,674485.0,765781.5468424654,765782.0,0.0,91297.0,91297.0,False
2019-01-13 07:18:00,660232.0,760081.422814284,760082.0,0.0,99850.0,99850.0,False
2019-01-13 07:19:00,678163.0,768114.6333012009,768115.0,0.0,89952.0,89952.0,False
2019-01-13 07:20:00,701024.0,788933.5595958582,788934.0,0.0,87910.0,87910.0,False
2019-01-13 07:21:00,697213.0,766768.8724516346,766769.0,0.0,69556.0,69556.0,False
2019-01-13 07:22:00,719911.0,772708.5021809265,772709.0,0.0,52798.0,52798.0,False
2019-01-13 07:23:00,732760.0,794847.5980039731,794848.0,0.0,62088.0,62088.0,False
2019-01-13 07:24:00,676096.0,803676.1396570947,803677.0,0.0,127581.0,127581.0,False
2019-01-13 07:25:00,660739.0,771485.3049762809,771486.0,0.0,110747.0,110747.0,False
2019-01-13 07:26:00,656548.0,755170.0370631238,755171.0,0.0,98623.0,98623.0,False
2019-01-13 07:27:00,648827.0,753571.5175184831,753572.0,0.0,104745.0,104745.0,False
2019-01-13 07:28:00,653967.0,744648.5085270816,744649.0,0.0,90682.0,90682.0,False
2019-01-13 07:29:00,665825.0,743750.8560643479,743751.0,0.0,77926.0,77926.0,False
2019-01-13 07:30:00,734432.0,762465.4593666152,762466.0,0.0,28034.0,28034.0,False
2019-01-13 07:31:00,702256.0,796339.7848849443,796340.0,0.0,94084.0,94084.0,False
2019-01-13 07:32:00,711253.0,787041.4919620766,787042.0,0.0,75789.0,75789.0,False
2019-01-13 07:33:00,718298.0,806352.5354117489,806353.0,0.0,88055.0,88055.0,False
2019-01-13 07:34:00,671347.0,785003.223901272,785004.0,0.0,113657.0,113657.0,False
2019-01-13 07:35:00,683693.0,757419.7673224277,757420.0,0.0,73727.0,73727.0,False
2019-01-13 07:36:00,667702.0,766312.8872272639,766313.0,0.0,98611.0,98611.0,False
2019-01-13 07:37:00,670895.0,750865.3173247275,750866.0,0.0,79971.0,79971.0,False
2019-01-13 07:38:00,670731.0,751309.3567545627,751310.0,0.0,80579.0,80579.0,False
2019-01-13 07:39:00,651978.0,749767.9165054549,749768.0,0.0,97790.0,97790.0,False
2019-01-13 07:40:00,719251.0,770391.9755837546,770392.0,0.0,51141.0,51141.0,False
2019-01-13 07:41:00,737523.0,767109.3549089223,767110.0,0.0,29587.0,29587.0,False
2019-01-13 07:42:00,734237.0,782967.7160335679,782968.0,0.0,48731.0,48731.0,False
2019-01-13 07:43:00,672000.0,807775.4150918847,807776.0,0.0,135776.0,135776.0,False
2019-01-13 07:44:00,693397.0,755928.9658128861,755929.0,0.0,62532.0,62532.0,False
2019-01-13 07:45:00,701556.0,772766.0585192696,772767.0,0.0,71211.0,71211.0,False
2019-01-13 07:46:00,692926.0,777222.6591513886,777223.0,0.0,84297.0,84297.0,False
2019-01-13 07:47:00,704645.0,770699.2903697869,770700.0,0.0,66055.0,66055.0,False
2019-01-13 07:48:00,702494.0,786137.9990540697,786138.0,0.0,83644.0,83644.0,False
2019-01-13 07:49:00,673073.0,779842.3604575213,779843.0,0.0,106770.0,106770.0,False
2019-01-13 07:50:00,718088.0,767553.2259015712,767554.0,0.0,49466.0,49466.0,False
2019-01-13 07:51:00,671484.0,801544.9592440748,801545.0,0.0,130061.0,130061.0,False
2019-01-13 07:52:00,698860.0,783125.5034207241,783126.0,0.0,84266.0,84266.0,False
2019-01-13 07:53:00,681303.0,779026.641503466,779027.0,0.0,97724.0,97724.0,False
2019-01-13 07:54:00,663596.0,769665.4067304851,769666.0,0.0,106070.0,106070.0,False
2019-01-13 07:55:00,686195.0,765703.2690843004,765704.0,0.0,79509.0,79509.0,False
2019-01-13 07:56:00,684849.0,763330.47217727,763331.0,0.0,78482.0,78482.0,False
2019-01-13 07:57:00,687237.0,767482.8515414649,767483.0,0.0,80246.0,80246.0,False
2019-01-13 07:58:00,690380.0,768141.7536599443,768142.0,0.0,77762.0,77762.0,False
2019-01-13 07:59:00,675470.0,768618.3496715464,768619.0,0.0,93149.0,93149.0,False
2019-01-13 08:00:00,761153.0,795042.6026092177,795043.0,0.0,33890.0,33890.0,False
2019-01-13 08:01:00,760333.0,804678.2727531682,804679.0,0.0,44346.0,44346.0,False
2019-01-13 08:02:00,764895.0,808134.9803537119,808135.0,0.0,43240.0,43240.0,False
2019-01-13 08:03:00,771924.0,831424.5445970793,831425.0,0.0,59501.0,59501.0,False
2019-01-13 08:04:00,704353.0,830737.5894636974,830738.0,0.0,126385.0,126385.0,False
2019-01-13 08:05:00,704053.0,792019.49140893,792020.0,0.0,87967.0,87967.0,False
2019-01-13 08:06:00,713287.0,785811.6140225184,785812.0,0.0,72525.0,72525.0,False
2019-01-13 08:07:00,731357.0,800388.4785665711,800389.0,0.0,69032.0,69032.0,False
2019-01-13 08:08:00,744953.0,830590.5358107575,830591.0,0.0,85638.0,85638.0,False
2019-01-13 08:09:00,754108.0,841362.2917815164,841363.0,0.0,87255.0,87255.0,False
2019-01-13 08:10:00,772037.0,838003.3076907808,838004.0,0.0,65967.0,65967.0,False
2019-01-13 08:11:00,747431.0,843959.2539736672,843960.0,0.0,96529.0,96529.0,False
2019-01-13 08:12:00,717670.0,823083.786950833,823084.0,0.0,105414.0,105414.0,False
2019-01-13 08:13:00,679838.0,804797.5315683433,804798.0,0.0,124960.0,124960.0,False
2019-01-13 08:14:00,681592.0,761828.2963143167,761829.0,0.0,80237.0,80237.0,False
2019-01-13 08:15:00,686841.0,767243.8059471674,767244.0,0.0,80403.0,80403.0,False
2019-01-13 08:16:00,684786.0,762848.532920577,762849.0,0.0,78063.0,78063.0,False
2019-01-13 08:17:00,682564.0,762351.165188686,762352.0,0.0,79788.0,79788.0,False
2019-01-13 08:18:00,690881.0,762512.4429549661,762513.0,0.0,71632.0,71632.0,False
2019-01-13 08:19:00,674680.0,766349.5694374476,766350.0,0.0,91670.0,91670.0,False
2019-01-13 08:20:00,706845.0,765416.1570768007,765417.0,0.0,58572.0,58572.0,False
2019-01-13 08:21:00,683761.0,791385.8437972395,791386.0,0.0,107625.0,107625.0,False
2019-01-13 08:22:00,680013.0,775721.6620017954,775722.0,0.0,95709.0,95709.0,False
2019-01-13 08:23:00,675072.0,756484.3835535948,756485.0,0.0,81413.0,81413.0,False
2019-01-13 08:24:00,646895.0,751359.4515975771,751360.0,0.0,104465.0,104465.0,False
2019-01-13 08:25:00,654577.0,746428.6970051833,746429.0,0.0,91852.0,91852.0,False
2019-01-13 08:26:00,636931.0,735288.7148123157,735289.0,0.0,98358.0,98358.0,False
2019-01-13 08:27:00,634606.0,733872.1125211756,733873.0,0.0,99267.0,99267.0,False
2019-01-13 08:28:00,666021.0,726987.8169275239,726988.0,0.0,60967.0,60967.0,False
2019-01-13 08:29:00,662739.0,736718.6895460301,736719.0,0.0,73980.0,73980.0,False
2019-01-13 08:30:00,717914.0,775562.0990634025,775563.0,0.0,57649.0,57649.0,False
2019-01-13 08:31:00,681754.0,767499.9585227405,767500.0,0.0,85746.0,85746.0,False
2019-01-13 08:32:00,688419.0,747074.1826555803,747075.0,0.0,58656.0,58656.0,False
2019-01-13 08:33:00,711021.0,750839.3871777898,750840.0,0.0,39819.0,39819.0,False
2019-01-13 08:34:00,664188.0,750566.8873253176,750567.0,0.0,86379.0,86379.0,False
2019-01-13 08:35:00,675517.0,732126.9596186558,732127.0,0.0,56610.0,56610.0,False
2019-01-13 08:36:00,653866.0,732502.4886118872,732503.0,0.0,78637.0,78637.0,False
2019-01-13 08:37:00,656281.0,713844.5399850114,713845.0,0.0,57564.0,57564.0,False
2019-01-13 08:38:00,667644.0,711977.1470892883,711978.0,0.0,44334.0,44334.0,False
2019-01-13 08:39:00,659059.0,720059.8102632513,720060.0,0.0,61001.0,61001.0,False
2019-01-13 08:40:00,663593.0,747245.6507841675,747246.0,0.0,83653.0,83653.0,False
2019-01-13 08:41:00,652064.0,718490.66845697,718491.0,0.0,66427.0,66427.0,False
2019-01-13 08:42:00,642851.0,718995.4353575363,718996.0,0.0,76145.0,76145.0,False
2019-01-13 08:43:00,635537.0,733495.0764882448,733496.0,0.0,97959.0,97959.0,False
2019-01-13 08:44:00,653078.0,702569.8768312461,702570.0,0.0,49492.0,49492.0,False
2019-01-13 08:45:00,696703.0,738382.3763757242,738383.0,0.0,41680.0,41680.0,False
2019-01-13 08:46:00,653622.0,732195.6526777428,732196.0,0.0,78574.0,78574.0,False
2019-01-13 08:47:00,652582.0,723211.7243323086,723212.0,0.0,70630.0,70630.0,False
2019-01-13 08:48:00,666861.0,727489.2168938891,727490.0,0.0,60629.0,60629.0,False
2019-01-13 08:49:00,639711.0,729011.8150830946,729012.0,0.0,89301.0,89301.0,False
2019-01-13 08:50:00,685406.0,725873.2234409342,725874.0,0.0,40468.0,40468.0,False
2019-01-13 08:51:00,639091.0,734308.4885310598,734309.0,0.0,95218.0,95218.0,False
2019-01-13 08:52:00,628407.0,714161.3556042919,714162.0,0.0,85755.0,85755.0,False
2019-01-13 08:53:00,643458.0,704740.5918237541,704741.0,0.0,61283.0,61283.0,False
2019-01-13 08:54:00,662695.0,718965.6436890002,718966.0,0.0,56271.0,56271.0,False
2019-01-13 08:55:00,666477.0,755713.0750644568,755714.0,0.0,89237.0,89237.0,False
2019-01-13 08:56:00,654261.0,726799.6266603807,726800.0,0.0,72539.0,72539.0,False
2019-01-13 08:57:00,661425.0,725352.0607757828,725353.0,0.0,63928.0,63928.0,False
2019-01-13 08:58:00,660900.0,729191.5077880626,729192.0,0.0,68292.0,68292.0,False
2019-01-13 08:59:00,639730.0,723037.9336269185,723038.0,0.0,83308.0,83308.0,False
2019-01-13 09:00:00,725493.0,753634.8133395581,753635.0,0.0,28142.0,28142.0,False
2019-01-13 09:01:00,683483.0,749011.2524233587,749012.0,0.0,65529.0,65529.0,False
2019-01-13 09:02:00,678966.0,739613.6252705643,739614.0,0.0,60648.0,60648.0,False
2019-01-13 09:03:00,663831.0,741216.0471172186,741217.0,0.0,77386.0,77386.0,False
2019-01-13 09:04:00,655216.0,728265.1722062142,728266.0,0.0,73050.0,73050.0,False
2019-01-13 09:05:00,720038.0,742479.2052304407,742480.0,0.0,22442.0,22442.0,False
2019-01-13 09:06:00,786788.0,789602.815947702,789603.0,0.0,2815.0,2815.0,True
2019-01-13 09:07:00,748748.0,850802.5244072414,850803.0,0.0,102055.0,102055.0,False
2019-01-13 09:08:00,764754.0,819120.574168285,819121.0,0.0,54367.0,54367.0,False
2019-01-13 09:09:00,647056.0,837185.7436396645,837186.0,0.0,190130.0,190130.0,False
2019-01-13 09:10:00,704455.0,763065.106345526,763066.0,0.0,58611.0,58611.0,False
2019-01-13 09:11:00,669764.0,797055.3110666801,797056.0,0.0,127292.0,127292.0,False
2019-01-13 09:12:00,632930.0,783350.4328521795,783351.0,0.0,150421.0,150421.0,False
2019-01-13 09:13:00,674175.0,762611.947470027,762612.0,0.0,88437.0,88437.0,False
2019-01-13 09:14:00,663569.0,787221.3905662693,787222.0,0.0,123653.0,123653.0,False
2019-01-13 09:15:00,684839.0,789645.0839395507,789646.0,0.0,104807.0,104807.0,False
2019-01-13 09:16:00,672323.0,803172.5919910758,803173.0,0.0,130850.0,130850.0,False
2019-01-13 09:17:00,657420.0,791226.7845100977,791227.0,0.0,133807.0,133807.0,False
2019-01-13 09:18:00,656588.0,788840.7402571004,788841.0,0.0,132253.0,132253.0,False
2019-01-13 09:19:00,649600.0,780233.3593355985,780234.0,0.0,130634.0,130634.0,False
2019-01-13 09:20:00,679858.0,806211.6647386204,806212.0,0.0,126354.0,126354.0,False
2019-01-13 09:21:00,645161.0,784842.8494042016,784843.0,0.0,139682.0,139682.0,False
2019-01-13 09:22:00,661858.0,766300.7653030017,766301.0,0.0,104443.0,104443.0,False
2019-01-13 09:23:00,645617.0,778209.0506303419,778210.0,0.0,132593.0,132593.0,False
2019-01-13 09:24:00,631846.0,767556.4907629517,767557.0,0.0,135711.0,135711.0,False
2019-01-13 09:25:00,636462.0,777557.6010146673,777558.0,0.0,141096.0,141096.0,False
2019-01-13 09:26:00,656958.0,761328.3863572065,761329.0,0.0,104371.0,104371.0,False
2019-01-13 09:27:00,650967.0,768714.4468763442,768715.0,0.0,117748.0,117748.0,False
2019-01-13 09:28:00,650560.0,767323.5919967294,767324.0,0.0,116764.0,116764.0,False
2019-01-13 09:29:00,624244.0,769458.1661005651,769459.0,0.0,145215.0,145215.0,False
2019-01-13 09:30:00,680369.0,782707.2541481634,782708.0,0.0,102339.0,102339.0,False
2019-01-13 09:31:00,662725.0,782951.5193112247,782952.0,0.0,120227.0,120227.0,False
2019-01-13 09:32:00,631987.0,778051.0513000516,778052.0,0.0,146065.0,146065.0,False
2019-01-13 09:33:00,619847.0,760829.5516076712,760830.0,0.0,140983.0,140983.0,False
2019-01-13 09:34:00,621276.0,746104.8511557226,746105.0,0.0,124829.0,124829.0,False
2019-01-13 09:35:00,627818.0,748132.212300444,748133.0,0.0,120315.0,120315.0,False
2019-01-13 09:36:00,618962.0,746052.8977832707,746053.0,0.0,127091.0,127091.0,False
2019-01-13 09:37:00,613680.0,726043.2118696902,726044.0,0.0,112364.0,112364.0,False
2019-01-13 09:38:00,630366.0,727504.2515884803,727505.0,0.0,97139.0,97139.0,False
2019-01-13 09:39:00,620035.0,733362.6587101821,733363.0,0.0,113328.0,113328.0,False
2019-01-13 09:40:00,661631.0,725551.5628388075,725552.0,0.0,63921.0,63921.0,False
2019-01-13 09:41:00,638480.0,708283.0687344652,708284.0,0.0,69804.0,69804.0,False
2019-01-13 09:42:00,639565.0,690497.1894904266,690498.0,0.0,50933.0,50933.0,False
2019-01-13 09:43:00,618730.0,692282.0653186002,692283.0,0.0,73553.0,73553.0,False
2019-01-13 09:44:00,638657.0,669799.8298202918,669800.0,0.0,31143.0,31143.0,False
2019-01-13 09:45:00,666555.0,699453.3014427219,699454.0,0.0,32899.0,32899.0,False
2019-01-13 09:46:00,650571.0,695855.6668775082,695856.0,0.0,45285.0,45285.0,False
2019-01-13 09:47:00,643882.0,695891.059397266,695892.0,0.0,52010.0,52010.0,False
2019-01-13 09:48:00,633464.0,692547.2059007805,692548.0,0.0,59084.0,59084.0,False
2019-01-13 09:49:00,644343.0,686348.3601619907,686349.0,0.0,42006.0,42006.0,False
2019-01-13 09:50:00,667301.0,715143.2333898904,715144.0,0.0,47843.0,47843.0,False
2019-01-13 09:51:00,624309.0,699175.5731961961,699176.0,0.0,74867.0,74867.0,False
2019-01-13 09:52:00,649056.0,680035.5194791185,680036.0,0.0,30980.0,30980.0,False
2019-01-13 09:53:00,639491.0,691782.7462220541,691783.0,0.0,52292.0,52292.0,False
2019-01-13 09:54:00,635086.0,693358.7272747499,693359.0,0.0,58273.0,58273.0,False
2019-01-13 09:55:00,653897.0,708077.5095030318,708078.0,0.0,54181.0,54181.0,False
2019-01-13 09:56:00,638593.0,687396.2041504185,687397.0,0.0,48804.0,48804.0,False
2019-01-13 09:57:00,628351.0,683628.5616068598,683629.0,0.0,55278.0,55278.0,False
2019-01-13 09:58:00,623419.0,676541.356843956,676542.0,0.0,53123.0,53123.0,False
2019-01-13 09:59:00,618989.0,676760.8762351782,676761.0,0.0,57772.0,57772.0,False
2019-01-13 10:00:00,737398.0,708712.2715218966,708713.0,28685.0,0.0,286850.0,False
2019-01-13 10:01:00,711902.0,743895.2354746298,743896.0,0.0,31994.0,31994.0,False
2019-01-13 10:02:00,708427.0,752751.8010519987,752752.0,0.0,44325.0,44325.0,False
2019-01-13 10:03:00,716722.0,765370.1358140107,765371.0,0.0,48649.0,48649.0,False
2019-01-13 10:04:00,688071.0,759602.606490334,759603.0,0.0,71532.0,71532.0,False
2019-01-13 10:05:00,717242.0,760658.5418060559,760659.0,0.0,43417.0,43417.0,False
2019-01-13 10:06:00,730550.0,797071.6757502195,797072.0,0.0,66522.0,66522.0,False
2019-01-13 10:07:00,715374.0,800396.0795666784,800397.0,0.0,85023.0,85023.0,False
2019-01-13 10:08:00,690267.0,783584.6217132643,783585.0,0.0,93318.0,93318.0,False
2019-01-13 10:09:00,721792.0,755413.6229631016,755414.0,0.0,33622.0,33622.0,False
2019-01-13 10:10:00,683737.0,805609.1846871341,805610.0,0.0,121873.0,121873.0,False
2019-01-13 10:11:00,655956.0,771112.1459034876,771113.0,0.0,115157.0,115157.0,False
2019-01-13 10:12:00,637158.0,755571.4127174221,755572.0,0.0,118414.0,118414.0,False
2019-01-13 10:13:00,645805.0,744549.9626041972,744550.0,0.0,98745.0,98745.0,False
2019-01-13 10:14:00,634407.0,743748.2640545792,743749.0,0.0,109342.0,109342.0,False
2019-01-13 10:15:00,658724.0,735460.6202956522,735461.0,0.0,76737.0,76737.0,False
2019-01-13 10:16:00,651573.0,749120.4821573658,749121.0,0.0,97548.0,97548.0,False
2019-01-13 10:17:00,623285.0,750745.2749204463,750746.0,0.0,127461.0,127461.0,False
2019-01-13 10:18:00,650483.0,738517.4345822434,738518.0,0.0,88035.0,88035.0,False
2019-01-13 10:19:00,641362.0,764730.6834073154,764731.0,0.0,123369.0,123369.0,False
2019-01-13 10:20:00,658398.0,776887.5161876545,776888.0,0.0,118490.0,118490.0,False
2019-01-13 10:21:00,637255.0,766629.5301776369,766630.0,0.0,129375.0,129375.0,False
2019-01-13 10:22:00,636686.0,742554.2229206448,742555.0,0.0,105869.0,105869.0,False
2019-01-13 10:23:00,630693.0,746257.7964811687,746258.0,0.0,115565.0,115565.0,False
2019-01-13 10:24:00,615430.0,735915.14660527,735916.0,0.0,120486.0,120486.0,False
2019-01-13 10:25:00,645330.0,739965.8207781641,739966.0,0.0,94636.0,94636.0,False
2019-01-13 10:26:00,626160.0,742921.8034272422,742922.0,0.0,116762.0,116762.0,False
2019-01-13 10:27:00,623951.0,729360.4640679483,729361.0,0.0,105410.0,105410.0,False
2019-01-13 10:28:00,613952.0,731301.0069284671,731302.0,0.0,117350.0,117350.0,False
2019-01-13 10:29:00,628236.0,726803.9175183157,726804.0,0.0,98568.0,98568.0,False
2019-01-13 10:30:00,683336.0,765499.2290379043,765500.0,0.0,82164.0,82164.0,False
2019-01-13 10:31:00,632697.0,733057.7865746429,733058.0,0.0,100361.0,100361.0,False
2019-01-13 10:32:00,622805.0,714265.3903828361,714266.0,0.0,91461.0,91461.0,False
2019-01-13 10:33:00,617582.0,703454.7644012896,703455.0,0.0,85873.0,85873.0,False
2019-01-13 10:34:00,612783.0,690404.1858573904,690405.0,0.0,77622.0,77622.0,False
2019-01-13 10:35:00,627331.0,708349.260674042,708350.0,0.0,81019.0,81019.0,False
2019-01-13 10:36:00,610515.0,696530.2009632882,696531.0,0.0,86016.0,86016.0,False
2019-01-13 10:37:00,611329.0,681281.0739086423,681282.0,0.0,69953.0,69953.0,False
2019-01-13 10:38:00,647618.0,677496.908329432,677497.0,0.0,29879.0,29879.0,False
2019-01-13 10:39:00,622119.0,711226.8920218761,711227.0,0.0,89108.0,89108.0,False
2019-01-13 10:40:00,679992.0,720544.0085303688,720545.0,0.0,40553.0,40553.0,False
2019-01-13 10:41:00,652364.0,724713.3222853953,724714.0,0.0,72350.0,72350.0,False
2019-01-13 10:42:00,655902.0,706567.6729935554,706568.0,0.0,50666.0,50666.0,False
2019-01-13 10:43:00,633635.0,708751.2048152257,708752.0,0.0,75117.0,75117.0,False
2019-01-13 10:44:00,637382.0,698481.3896125162,698482.0,0.0,61100.0,61100.0,False
2019-01-13 10:45:00,669323.0,712434.3341687598,712435.0,0.0,43112.0,43112.0,False
2019-01-13 10:46:00,631715.0,729368.0249101267,729369.0,0.0,97654.0,97654.0,False
2019-01-13 10:47:00,636388.0,703743.8533100345,703744.0,0.0,67356.0,67356.0,False
2019-01-13 10:48:00,620846.0,706810.8221130223,706811.0,0.0,85965.0,85965.0,False
2019-01-13 10:49:00,629942.0,697076.5537857959,697077.0,0.0,67135.0,67135.0,False
2019-01-13 10:50:00,650769.0,723735.4015266639,723736.0,0.0,72967.0,72967.0,False
2019-01-13 10:51:00,626510.0,705420.5809594177,705421.0,0.0,78911.0,78911.0,False
2019-01-13 10:52:00,632854.0,700540.5195367931,700541.0,0.0,67687.0,67687.0,False
2019-01-13 10:53:00,625060.0,697187.8126495962,697188.0,0.0,72128.0,72128.0,False
2019-01-13 10:54:00,621117.0,694980.2663401462,694981.0,0.0,73864.0,73864.0,False
2019-01-13 10:55:00,639438.0,716204.6031859182,716205.0,0.0,76767.0,76767.0,False
2019-01-13 10:56:00,611415.0,692082.3256766084,692083.0,0.0,80668.0,80668.0,False
2019-01-13 10:57:00,627507.0,679833.3346246999,679834.0,0.0,52327.0,52327.0,False
2019-01-13 10:58:00,609230.0,686340.6821891762,686341.0,0.0,77111.0,77111.0,False
2019-01-13 10:59:00,614930.0,677632.7102293455,677633.0,0.0,62703.0,62703.0,False
2019-01-13 11:00:00,725337.0,718006.3067391379,718007.0,7330.0,0.0,73300.0,False
2019-01-13 11:01:00,682411.0,753810.378244794,753811.0,0.0,71400.0,71400.0,False
2019-01-13 11:02:00,663537.0,740389.0654639911,740390.0,0.0,76853.0,76853.0,False
2019-01-13 11:03:00,642260.0,736136.4577488606,736137.0,0.0,93877.0,93877.0,False
2019-01-13 11:04:00,629967.0,720285.1537028527,720286.0,0.0,90319.0,90319.0,False
2019-01-13 11:05:00,648462.0,733992.1390376239,733993.0,0.0,85531.0,85531.0,False
2019-01-13 11:06:00,714068.0,758979.6211555608,758980.0,0.0,44912.0,44912.0,False
2019-01-13 11:07:00,720571.0,802561.9443564233,802562.0,0.0,81991.0,81991.0,False
2019-01-13 11:08:00,684048.0,807527.5649618738,807528.0,0.0,123480.0,123480.0,False
2019-01-13 11:09:00,727708.0,761397.8310952642,761398.0,0.0,33690.0,33690.0,False
2019-01-13 11:10:00,690386.0,818163.8903792556,818164.0,0.0,127778.0,127778.0,False
2019-01-13 11:11:00,630915.0,767002.2216103758,767003.0,0.0,136088.0,136088.0,False
2019-01-13 11:12:00,627798.0,733599.3051894126,733600.0,0.0,105802.0,105802.0,False
2019-01-13 11:13:00,635876.0,729086.6090400063,729087.0,0.0,93211.0,93211.0,False
2019-01-13 11:14:00,636610.0,732490.9169254596,732491.0,0.0,95881.0,95881.0,False
2019-01-13 11:15:00,659786.0,743774.9329964458,743775.0,0.0,83989.0,83989.0,False
2019-01-13 11:16:00,635159.0,747437.7260862389,747438.0,0.0,112279.0,112279.0,False
2019-01-13 11:17:00,617394.0,741300.7948486947,741301.0,0.0,123907.0,123907.0,False
2019-01-13 11:18:00,621548.0,725713.7518414021,725714.0,0.0,104166.0,104166.0,False
2019-01-13 11:19:00,606165.0,739576.4784680454,739577.0,0.0,133412.0,133412.0,False
2019-01-13 11:20:00,655294.0,744698.9328007018,744699.0,0.0,89405.0,89405.0,False
2019-01-13 11:21:00,635518.0,738911.4009708081,738912.0,0.0,103394.0,103394.0,False
2019-01-13 11:22:00,621572.0,729471.9352272823,729472.0,0.0,107900.0,107900.0,False
2019-01-13 11:23:00,619903.0,727531.8246581071,727532.0,0.0,107629.0,107629.0,False
2019-01-13 11:24:00,601904.0,723467.8505380284,723468.0,0.0,121564.0,121564.0,False
2019-01-13 11:25:00,620051.0,735885.4247307397,735886.0,0.0,115835.0,115835.0,False
2019-01-13 11:26:00,601785.0,721524.2076503816,721525.0,0.0,119740.0,119740.0,False
2019-01-13 11:27:00,604609.0,705505.4479183158,705506.0,0.0,100897.0,100897.0,False
2019-01-13 11:28:00,602073.0,704524.3354948648,704525.0,0.0,102452.0,102452.0,False
2019-01-13 11:29:00,606733.0,705517.7824433848,705518.0,0.0,98785.0,98785.0,False
2019-01-13 11:30:00,685358.0,748741.7068385151,748742.0,0.0,63384.0,63384.0,False
2019-01-13 11:31:00,635989.0,729818.1266917465,729819.0,0.0,93830.0,93830.0,False
2019-01-13 11:32:00,614652.0,718781.9768599016,718782.0,0.0,104130.0,104130.0,False
2019-01-13 11:33:00,626400.0,709309.7336034294,709310.0,0.0,82910.0,82910.0,False
2019-01-13 11:34:00,619131.0,709678.5875053653,709679.0,0.0,90548.0,90548.0,False
2019-01-13 11:35:00,623925.0,728434.9966930549,728435.0,0.0,104510.0,104510.0,False
2019-01-13 11:36:00,604437.0,728596.5645659546,728597.0,0.0,124160.0,124160.0,False
2019-01-13 11:37:00,603052.0,702030.0455655415,702031.0,0.0,98979.0,98979.0,False
2019-01-13 11:38:00,598172.0,691636.6711226401,691637.0,0.0,93465.0,93465.0,False
2019-01-13 11:39:00,598896.0,692007.567957812,692008.0,0.0,93112.0,93112.0,False
2019-01-13 11:40:00,638908.0,708876.8662726283,708877.0,0.0,69969.0,69969.0,False
2019-01-13 11:41:00,598256.0,684959.3826408386,684960.0,0.0,86704.0,86704.0,False
2019-01-13 11:42:00,648457.0,666153.4172979429,666154.0,0.0,17697.0,17697.0,False
2019-01-13 11:43:00,638380.0,707972.4336299982,707973.0,0.0,69593.0,69593.0,False
2019-01-13 11:44:00,627501.0,698974.4790290379,698975.0,0.0,71474.0,71474.0,False
2019-01-13 11:45:00,657588.0,703774.2465050848,703775.0,0.0,46187.0,46187.0,False
2019-01-13 11:46:00,648007.0,716194.8070443543,716195.0,0.0,68188.0,68188.0,False
2019-01-13 11:47:00,629666.0,715671.1504489316,715672.0,0.0,86006.0,86006.0,False
2019-01-13 11:48:00,636926.0,695908.1821801884,695909.0,0.0,58983.0,58983.0,False
2019-01-13 11:49:00,638593.0,703645.9252688844,703646.0,0.0,65053.0,65053.0,False
2019-01-13 11:50:00,652785.0,717541.9640426133,717542.0,0.0,64757.0,64757.0,False
2019-01-13 11:51:00,620515.0,708564.1595720235,708565.0,0.0,88050.0,88050.0,False
2019-01-13 11:52:00,623563.0,698550.3558398406,698551.0,0.0,74988.0,74988.0,False
2019-01-13 11:53:00,624070.0,693995.6558267755,693996.0,0.0,69926.0,69926.0,False
2019-01-13 11:54:00,629549.0,696937.8700831691,696938.0,0.0,67389.0,67389.0,False
2019-01-13 11:55:00,630790.0,720658.5079654992,720659.0,0.0,89869.0,89869.0,False
2019-01-13 11:56:00,616685.0,700290.1319993794,700291.0,0.0,83606.0,83606.0,False
2019-01-13 11:57:00,611822.0,689349.3045717289,689350.0,0.0,77528.0,77528.0,False
2019-01-13 11:58:00,633042.0,683197.5191726018,683198.0,0.0,50156.0,50156.0,False
2019-01-13 11:59:00,618982.0,699859.3823773088,699860.0,0.0,80878.0,80878.0,False
2019-01-13 12:00:00,738557.0,733951.7807083358,733952.0,4605.0,0.0,46050.0,False
2019-01-13 12:01:00,671612.0,769291.7669588658,769292.0,0.0,97680.0,97680.0,False
2019-01-13 12:02:00,678134.0,749768.5778698092,749769.0,0.0,71635.0,71635.0,False
2019-01-13 12:03:00,687847.0,755403.6768317102,755404.0,0.0,67557.0,67557.0,False
2019-01-13 12:04:00,650508.0,749346.2312454765,749347.0,0.0,98839.0,98839.0,False
2019-01-13 12:05:00,705419.0,767235.3996471032,767236.0,0.0,61817.0,61817.0,False
2019-01-13 12:06:00,733421.0,817520.3967924475,817521.0,0.0,84100.0,84100.0,False
2019-01-13 12:07:00,714910.0,829438.687217455,829439.0,0.0,114529.0,114529.0,False
2019-01-13 12:08:00,724544.0,808380.9852677875,808381.0,0.0,83837.0,83837.0,False
2019-01-13 12:09:00,688445.0,805557.1038860024,805558.0,0.0,117113.0,117113.0,False
2019-01-13 12:10:00,671089.0,786794.486446488,786795.0,0.0,115706.0,115706.0,False
2019-01-13 12:11:00,636488.0,749737.3056081457,749738.0,0.0,113250.0,113250.0,False
2019-01-13 12:12:00,632173.0,733408.5670616718,733409.0,0.0,101236.0,101236.0,False
2019-01-13 12:13:00,623120.0,731185.6654058713,731186.0,0.0,108066.0,108066.0,False
2019-01-13 12:14:00,646911.0,719659.8337977139,719660.0,0.0,72749.0,72749.0,False
2019-01-13 12:15:00,664692.0,735242.1843016148,735243.0,0.0,70551.0,70551.0,False
2019-01-13 12:16:00,682082.0,744522.8457092154,744523.0,0.0,62441.0,62441.0,False
2019-01-13 12:17:00,686672.0,759792.616309654,759793.0,0.0,73121.0,73121.0,False
2019-01-13 12:18:00,685927.0,772489.8442645035,772490.0,0.0,86563.0,86563.0,False
2019-01-13 12:19:00,648205.0,785977.4464632584,785978.0,0.0,137773.0,137773.0,False
2019-01-13 12:20:00,668319.0,755618.4984238645,755619.0,0.0,87300.0,87300.0,False
2019-01-13 12:21:00,634727.0,753624.1098919545,753625.0,0.0,118898.0,118898.0,False
2019-01-13 12:22:00,629726.0,729559.7515320113,729560.0,0.0,99834.0,99834.0,False
2019-01-13 12:23:00,639412.0,728310.0512135549,728311.0,0.0,88899.0,88899.0,False
2019-01-13 12:24:00,631580.0,738228.4183577823,738229.0,0.0,106649.0,106649.0,False
2019-01-13 12:25:00,670933.0,734106.1865724472,734107.0,0.0,63174.0,63174.0,False
2019-01-13 12:26:00,644529.0,748144.6318944793,748145.0,0.0,103616.0,103616.0,False
2019-01-13 12:27:00,604407.0,743068.5926398293,743069.0,0.0,138662.0,138662.0,False
2019-01-13 12:28:00,627967.0,726936.1379723256,726937.0,0.0,98970.0,98970.0,False
2019-01-13 12:29:00,627388.0,731957.283496707,731958.0,0.0,104570.0,104570.0,False
2019-01-13 12:30:00,673660.0,761436.7937942444,761437.0,0.0,87777.0,87777.0,False
2019-01-13 12:31:00,664857.0,735689.7596707401,735690.0,0.0,70833.0,70833.0,False
2019-01-13 12:32:00,664154.0,736616.6176791491,736617.0,0.0,72463.0,72463.0,False
2019-01-13 12:33:00,633467.0,746564.5918211356,746565.0,0.0,113098.0,113098.0,False
2019-01-13 12:34:00,638712.0,724818.7660380283,724819.0,0.0,86107.0,86107.0,False
2019-01-13 12:35:00,640183.0,752682.4166166501,752683.0,0.0,112500.0,112500.0,False
2019-01-13 12:36:00,611914.0,727167.6661792139,727168.0,0.0,115254.0,115254.0,False
2019-01-13 12:37:00,600588.0,702327.5323255323,702328.0,0.0,101740.0,101740.0,False
2019-01-13 12:38:00,623615.0,692839.4975067578,692840.0,0.0,69225.0,69225.0,False
2019-01-13 12:39:00,617005.0,710270.6101154843,710271.0,0.0,93266.0,93266.0,False
2019-01-13 12:40:00,647124.0,718676.8010194215,718677.0,0.0,71553.0,71553.0,False
2019-01-13 12:41:00,603782.0,716595.131602062,716596.0,0.0,112814.0,112814.0,False
2019-01-13 12:42:00,616708.0,716207.6165596287,716208.0,0.0,99500.0,99500.0,False
2019-01-13 12:43:00,633942.0,708372.4323757205,708373.0,0.0,74431.0,74431.0,False
2019-01-13 12:44:00,631285.0,719721.8143056425,719722.0,0.0,88437.0,88437.0,False
2019-01-13 12:45:00,660765.0,743118.3229141652,743119.0,0.0,82354.0,82354.0,False
2019-01-13 12:46:00,660288.0,729307.7603991403,729308.0,0.0,69020.0,69020.0,False
2019-01-13 12:47:00,650397.0,733255.1824465166,733256.0,0.0,82859.0,82859.0,False
2019-01-13 12:48:00,634949.0,726866.2508221316,726867.0,0.0,91918.0,91918.0,False
2019-01-13 12:49:00,640612.0,718449.9231961116,718450.0,0.0,77838.0,77838.0,False
2019-01-13 12:50:00,659994.0,738122.360210883,738123.0,0.0,78129.0,78129.0,False
2019-01-13 12:51:00,651323.0,723496.869983397,723497.0,0.0,72174.0,72174.0,False
2019-01-13 12:52:00,640861.0,718884.6346639937,718885.0,0.0,78024.0,78024.0,False
2019-01-13 12:53:00,633585.0,716134.062953551,716135.0,0.0,82550.0,82550.0,False
2019-01-13 12:54:00,638021.0,715039.8331685147,715040.0,0.0,77019.0,77019.0,False
2019-01-13 12:55:00,661599.0,724941.771428437,724942.0,0.0,63343.0,63343.0,False
2019-01-13 12:56:00,646292.0,721818.2843705844,721819.0,0.0,75527.0,75527.0,False
2019-01-13 12:57:00,630524.0,711266.8029502342,711267.0,0.0,80743.0,80743.0,False
2019-01-13 12:58:00,633859.0,694550.8245596674,694551.0,0.0,60692.0,60692.0,False
2019-01-13 12:59:00,623645.0,695546.1428361777,695547.0,0.0,71902.0,71902.0,False
2019-01-13 13:00:00,748700.0,720649.094858584,720650.0,28050.0,0.0,280500.0,False
2019-01-13 13:01:00,687942.0,769272.4865400771,769273.0,0.0,81331.0,81331.0,False
2019-01-13 13:02:00,680631.0,764067.0345559852,764068.0,0.0,83437.0,83437.0,False
2019-01-13 13:03:00,670618.0,768865.9581739013,768866.0,0.0,98248.0,98248.0,False
2019-01-13 13:04:00,668331.0,748975.4020813052,748976.0,0.0,80645.0,80645.0,False
2019-01-13 13:05:00,663013.0,779383.1449805993,779384.0,0.0,116371.0,116371.0,False
2019-01-13 13:06:00,689142.0,782854.1361146392,782855.0,0.0,93713.0,93713.0,False
2019-01-13 13:07:00,740876.0,797325.247063053,797326.0,0.0,56450.0,56450.0,False
2019-01-13 13:08:00,762149.0,835892.415623949,835893.0,0.0,73744.0,73744.0,False
2019-01-13 13:09:00,769978.0,835578.2213513737,835579.0,0.0,65601.0,65601.0,False
2019-01-13 13:10:00,695218.0,852020.7551030125,852021.0,0.0,156803.0,156803.0,False
2019-01-13 13:11:00,672596.0,794376.4828232005,794377.0,0.0,121781.0,121781.0,False
2019-01-13 13:12:00,658621.0,769408.6086953232,769409.0,0.0,110788.0,110788.0,False
2019-01-13 13:13:00,669088.0,760002.2573036208,760003.0,0.0,90915.0,90915.0,False
2019-01-13 13:14:00,650851.0,765793.2625932093,765794.0,0.0,114943.0,114943.0,False
2019-01-13 13:15:00,683204.0,759527.9332936781,759528.0,0.0,76324.0,76324.0,False
2019-01-13 13:16:00,681256.0,776433.3739228803,776434.0,0.0,95178.0,95178.0,False
2019-01-13 13:17:00,678090.0,775835.8921798533,775836.0,0.0,97746.0,97746.0,False
2019-01-13 13:18:00,679483.0,778415.9894068167,778416.0,0.0,98933.0,98933.0,False
2019-01-13 13:19:00,653077.0,790278.8262291772,790279.0,0.0,137202.0,137202.0,False
2019-01-13 13:20:00,682058.0,787073.2101625189,787074.0,0.0,105016.0,105016.0,False
2019-01-13 13:21:00,660120.0,780086.6761269574,780087.0,0.0,119967.0,119967.0,False
2019-01-13 13:22:00,657867.0,762028.8713074318,762029.0,0.0,104162.0,104162.0,False
2019-01-13 13:23:00,658700.0,767038.6524707496,767039.0,0.0,108339.0,108339.0,False
2019-01-13 13:24:00,645084.0,760306.8463766088,760307.0,0.0,115223.0,115223.0,False
2019-01-13 13:25:00,672601.0,765159.3518776576,765160.0,0.0,92559.0,92559.0,False
2019-01-13 13:26:00,650250.0,764257.4024280356,764258.0,0.0,114008.0,114008.0,False
2019-01-13 13:27:00,652579.0,757258.3548782809,757259.0,0.0,104680.0,104680.0,False
2019-01-13 13:28:00,650122.0,763910.8174501704,763911.0,0.0,113789.0,113789.0,False
2019-01-13 13:29:00,652723.0,756124.8803015852,756125.0,0.0,103402.0,103402.0,False
2019-01-13 13:30:00,705334.0,792111.8487517548,792112.0,0.0,86778.0,86778.0,False
2019-01-13 13:31:00,675274.0,752745.5826755543,752746.0,0.0,77472.0,77472.0,False
2019-01-13 13:32:00,657533.0,746193.7381168038,746194.0,0.0,88661.0,88661.0,False
2019-01-13 13:33:00,666870.0,740592.940320363,740593.0,0.0,73723.0,73723.0,False
2019-01-13 13:34:00,655518.0,743407.0463936544,743408.0,0.0,87890.0,87890.0,False
2019-01-13 13:35:00,672598.0,758254.7484635045,758255.0,0.0,85657.0,85657.0,False
2019-01-13 13:36:00,655622.0,743594.9300661873,743595.0,0.0,87973.0,87973.0,False
2019-01-13 13:37:00,649490.0,736189.1853012738,736190.0,0.0,86700.0,86700.0,False
2019-01-13 13:38:00,667836.0,727290.9030384073,727291.0,0.0,59455.0,59455.0,False
2019-01-13 13:39:00,649817.0,734106.4531655867,734107.0,0.0,84290.0,84290.0,False
2019-01-13 13:40:00,678446.0,756997.2551100716,756998.0,0.0,78552.0,78552.0,False
2019-01-13 13:41:00,661511.0,718827.5697028285,718828.0,0.0,57317.0,57317.0,False
2019-01-13 13:42:00,674716.0,704755.7259797178,704756.0,0.0,30040.0,30040.0,False
2019-01-13 13:43:00,662242.0,721475.7681289614,721476.0,0.0,59234.0,59234.0,False
2019-01-13 13:44:00,641646.0,709272.6165250068,709273.0,0.0,67627.0,67627.0,False
2019-01-13 13:45:00,681359.0,719453.851804876,719454.0,0.0,38095.0,38095.0,False
2019-01-13 13:46:00,667668.0,709621.0915296292,709622.0,0.0,41954.0,41954.0,False
2019-01-13 13:47:00,658720.0,706685.5672309661,706686.0,0.0,47966.0,47966.0,False
2019-01-13 13:48:00,660008.0,706117.9033126005,706118.0,0.0,46110.0,46110.0,False
2019-01-13 13:49:00,656296.0,704228.6314833992,704229.0,0.0,47933.0,47933.0,False
2019-01-13 13:50:00,679899.0,721350.7412173224,721351.0,0.0,41452.0,41452.0,False
2019-01-13 13:51:00,649639.0,703132.428681094,703133.0,0.0,53494.0,53494.0,False
2019-01-13 13:52:00,648444.0,695417.0321392348,695418.0,0.0,46974.0,46974.0,False
2019-01-13 13:53:00,654582.0,689147.0026371883,689148.0,0.0,34566.0,34566.0,False
2019-01-13 13:54:00,653210.0,688565.7776126232,688566.0,0.0,35356.0,35356.0,False
2019-01-13 13:55:00,673656.0,716059.4210510169,716060.0,0.0,42404.0,42404.0,False
2019-01-13 13:56:00,652266.0,695882.6684218157,695883.0,0.0,43617.0,43617.0,False
2019-01-13 13:57:00,645691.0,687777.5891548145,687778.0,0.0,42087.0,42087.0,False
2019-01-13 13:58:00,655673.0,684834.8313875314,684835.0,0.0,29162.0,29162.0,False
2019-01-13 13:59:00,650901.0,691662.776864129,691663.0,0.0,40762.0,40762.0,False
2019-01-13 14:00:00,751842.0,730259.885672648,730260.0,21582.0,0.0,215820.0,False
2019-01-13 14:01:00,705909.0,747589.5054642977,747590.0,0.0,41681.0,41681.0,False
2019-01-13 14:02:00,691113.0,745514.4579281139,745515.0,0.0,54402.0,54402.0,False
2019-01-13 14:03:00,707401.0,742319.5823205857,742320.0,0.0,34919.0,34919.0,False
2019-01-13 14:04:00,688777.0,747252.2459674993,747253.0,0.0,58476.0,58476.0,False
2019-01-13 14:05:00,706575.0,763128.8495064296,763129.0,0.0,56554.0,56554.0,False
2019-01-13 14:06:00,670946.0,794366.504687189,794367.0,0.0,123421.0,123421.0,False
2019-01-13 14:07:00,766913.0,785771.6741768881,785772.0,0.0,18859.0,18859.0,False
2019-01-13 14:08:00,773540.0,873697.0275716847,873698.0,0.0,100158.0,100158.0,False
2019-01-13 14:09:00,780902.0,831969.7205199745,831970.0,0.0,51068.0,51068.0,False
2019-01-13 14:10:00,772538.0,860259.2940431074,860260.0,0.0,87722.0,87722.0,False
2019-01-13 14:11:00,735948.0,819027.8515981896,819028.0,0.0,83080.0,83080.0,False
2019-01-13 14:12:00,699928.0,801268.6458647405,801269.0,0.0,101341.0,101341.0,False
2019-01-13 14:13:00,665835.0,758634.5393715447,758635.0,0.0,92800.0,92800.0,False
2019-01-13 14:14:00,656164.0,751747.6616033064,751748.0,0.0,95584.0,95584.0,False
2019-01-13 14:15:00,706922.0,749744.129052808,749745.0,0.0,42823.0,42823.0,False
2019-01-13 14:16:00,697580.0,784859.0232469467,784860.0,0.0,87280.0,87280.0,False
2019-01-13 14:17:00,670848.0,777939.972736863,777940.0,0.0,107092.0,107092.0,False
2019-01-13 14:18:00,670531.0,763794.2710362026,763795.0,0.0,93264.0,93264.0,False
2019-01-13 14:19:00,656887.0,762092.9503745922,762093.0,0.0,105206.0,105206.0,False
2019-01-13 14:20:00,683398.0,776412.4366642276,776413.0,0.0,93015.0,93015.0,False
2019-01-13 14:21:00,690678.0,780664.7607955453,780665.0,0.0,89987.0,89987.0,False
2019-01-13 14:22:00,646593.0,774396.4938609255,774397.0,0.0,127804.0,127804.0,False
2019-01-13 14:23:00,659387.0,751800.126590634,751801.0,0.0,92414.0,92414.0,False
2019-01-13 14:24:00,659235.0,752667.0579683259,752668.0,0.0,93433.0,93433.0,False
2019-01-13 14:25:00,694911.0,770561.3794098973,770562.0,0.0,75651.0,75651.0,False
2019-01-13 14:26:00,664467.0,783897.4666583773,783898.0,0.0,119431.0,119431.0,False
2019-01-13 14:27:00,643551.0,751866.4452488163,751867.0,0.0,108316.0,108316.0,False
2019-01-13 14:28:00,649846.0,743406.9528272103,743407.0,0.0,93561.0,93561.0,False
2019-01-13 14:29:00,627330.0,742500.6672687094,742501.0,0.0,115171.0,115171.0,False
2019-01-13 14:30:00,725334.0,748478.2163750366,748479.0,0.0,23145.0,23145.0,False
2019-01-13 14:31:00,674235.0,782725.1926461258,782726.0,0.0,108491.0,108491.0,False
2019-01-13 14:32:00,632654.0,770813.6091435617,770814.0,0.0,138160.0,138160.0,False
2019-01-13 14:33:00,621861.0,752932.3139274893,752933.0,0.0,131072.0,131072.0,False
2019-01-13 14:34:00,659051.0,743429.3652674918,743430.0,0.0,84379.0,84379.0,False
2019-01-13 14:35:00,671745.0,787746.7210024437,787747.0,0.0,116002.0,116002.0,False
2019-01-13 14:36:00,659434.0,787005.080510921,787006.0,0.0,127572.0,127572.0,False
2019-01-13 14:37:00,663618.0,770341.4134937761,770342.0,0.0,106724.0,106724.0,False
2019-01-13 14:38:00,664081.0,750228.3819749848,750229.0,0.0,86148.0,86148.0,False
2019-01-13 14:39:00,663055.0,750512.7668541366,750513.0,0.0,87458.0,87458.0,False
2019-01-13 14:40:00,689790.0,774617.9206027255,774618.0,0.0,84828.0,84828.0,False
2019-01-13 14:41:00,689541.0,767521.3490773652,767522.0,0.0,77981.0,77981.0,False
2019-01-13 14:42:00,657393.0,756760.6422151255,756761.0,0.0,99368.0,99368.0,False
2019-01-13 14:43:00,645293.0,739165.4875864049,739166.0,0.0,93873.0,93873.0,False
2019-01-13 14:44:00,649219.0,733127.7780583439,733128.0,0.0,83909.0,83909.0,False
2019-01-13 14:45:00,675194.0,749672.9822076164,749673.0,0.0,74479.0,74479.0,False
2019-01-13 14:46:00,670386.0,738952.001760853,738953.0,0.0,68567.0,68567.0,False
2019-01-13 14:47:00,668760.0,736342.197016103,736343.0,0.0,67583.0,67583.0,False
2019-01-13 14:48:00,649360.0,740596.6225370097,740597.0,0.0,91237.0,91237.0,False
2019-01-13 14:49:00,659213.0,732601.6839780565,732602.0,0.0,73389.0,73389.0,False
2019-01-13 14:50:00,685972.0,756164.6282970016,756165.0,0.0,70193.0,70193.0,False
2019-01-13 14:51:00,663919.0,765719.5629617221,765720.0,0.0,101801.0,101801.0,False
2019-01-13 14:52:00,650105.0,739590.4366210368,739591.0,0.0,89486.0,89486.0,False
2019-01-13 14:53:00,648060.0,725482.5715756156,725483.0,0.0,77423.0,77423.0,False
2019-01-13 14:54:00,670213.0,724326.2327972251,724327.0,0.0,54114.0,54114.0,False
2019-01-13 14:55:00,677177.0,749592.1080742078,749593.0,0.0,72416.0,72416.0,False
2019-01-13 14:56:00,673261.0,736407.279527263,736408.0,0.0,63147.0,63147.0,False
2019-01-13 14:57:00,668804.0,743408.4835169932,743409.0,0.0,74605.0,74605.0,False
2019-01-13 14:58:00,684670.0,733755.276715579,733756.0,0.0,49086.0,49086.0,False
2019-01-13 14:59:00,662318.0,748716.323938975,748717.0,0.0,86399.0,86399.0,False
2019-01-13 15:00:00,770040.0,770510.6467917936,770511.0,0.0,471.0,471.0,False
2019-01-13 15:01:00,715240.0,775393.708530619,775394.0,0.0,60154.0,60154.0,False
2019-01-13 15:02:00,712088.0,770689.6636339753,770690.0,0.0,58602.0,58602.0,False
2019-01-13 15:03:00,673879.0,775175.8435130131,775176.0,0.0,101297.0,101297.0,False
2019-01-13 15:04:00,703961.0,744702.2867728523,744703.0,0.0,40742.0,40742.0,False
2019-01-13 15:05:00,714973.0,798926.555479963,798927.0,0.0,83954.0,83954.0,False
2019-01-13 15:06:00,724390.0,807907.606161779,807908.0,0.0,83518.0,83518.0,False
2019-01-13 15:07:00,746656.0,812436.5893289868,812437.0,0.0,65781.0,65781.0,False
2019-01-13 15:08:00,732936.0,829223.8373756537,829224.0,0.0,96288.0,96288.0,False
2019-01-13 15:09:00,706986.0,806985.8523759684,806986.0,0.0,100000.0,100000.0,False
2019-01-13 15:10:00,653634.0,799260.1504803958,799261.0,0.0,145627.0,145627.0,False
2019-01-13 15:11:00,662154.0,759456.3202402649,759457.0,0.0,97303.0,97303.0,False
2019-01-13 15:12:00,663618.0,764358.5934333131,764359.0,0.0,100741.0,100741.0,False
2019-01-13 15:13:00,682962.0,753511.9022261384,753512.0,0.0,70550.0,70550.0,False
2019-01-13 15:14:00,668688.0,769696.8959858435,769697.0,0.0,101009.0,101009.0,False
2019-01-13 15:15:00,713436.0,767892.9422068987,767893.0,0.0,54457.0,54457.0,False
2019-01-13 15:16:00,708157.0,801507.9697455886,801508.0,0.0,93351.0,93351.0,False
2019-01-13 15:17:00,685602.0,798508.1361209882,798509.0,0.0,112907.0,112907.0,False
2019-01-13 15:18:00,685269.0,801316.7507048801,801317.0,0.0,116048.0,116048.0,False
2019-01-13 15:19:00,651020.0,792717.2540681512,792718.0,0.0,141698.0,141698.0,False
2019-01-13 15:20:00,694450.0,768016.5485069029,768017.0,0.0,73567.0,73567.0,False
2019-01-13 15:21:00,671025.0,789006.7920592583,789007.0,0.0,117982.0,117982.0,False
2019-01-13 15:22:00,662671.0,772845.5876889029,772846.0,0.0,110175.0,110175.0,False
2019-01-13 15:23:00,664774.0,772443.2238174505,772444.0,0.0,107670.0,107670.0,False
2019-01-13 15:24:00,665985.0,776020.4486221796,776021.0,0.0,110036.0,110036.0,False
2019-01-13 15:25:00,659305.0,797435.5690724605,797436.0,0.0,138131.0,138131.0,False
2019-01-13 15:26:00,665688.0,776151.8927539665,776152.0,0.0,110464.0,110464.0,False
2019-01-13 15:27:00,658409.0,772430.4976347353,772431.0,0.0,114022.0,114022.0,False
2019-01-13 15:28:00,648620.0,775159.2334186872,775160.0,0.0,126540.0,126540.0,False
2019-01-13 15:29:00,654583.0,761024.3567335461,761025.0,0.0,106442.0,106442.0,False
2019-01-13 15:30:00,745496.0,800578.7050352953,800579.0,0.0,55083.0,55083.0,False
2019-01-13 15:31:00,704012.0,787185.0033035838,787186.0,0.0,83174.0,83174.0,False
2019-01-13 15:32:00,668458.0,783880.6236777597,783881.0,0.0,115423.0,115423.0,False
2019-01-13 15:33:00,682099.0,768137.0946533683,768138.0,0.0,86039.0,86039.0,False
2019-01-13 15:34:00,682055.0,772610.3796801923,772611.0,0.0,90556.0,90556.0,False
2019-01-13 15:35:00,701764.0,786283.5643676438,786284.0,0.0,84520.0,84520.0,False
2019-01-13 15:36:00,672246.0,806146.1850646512,806147.0,0.0,133901.0,133901.0,False
2019-01-13 15:37:00,661032.0,786597.3542937934,786598.0,0.0,125566.0,125566.0,False
2019-01-13 15:38:00,659673.0,760677.77376593,760678.0,0.0,101005.0,101005.0,False
2019-01-13 15:39:00,654239.0,761697.5441467011,761698.0,0.0,107459.0,107459.0,False
2019-01-13 15:40:00,687165.0,787924.7522450045,787925.0,0.0,100760.0,100760.0,False
2019-01-13 15:41:00,674724.0,764041.372378964,764042.0,0.0,89318.0,89318.0,False
2019-01-13 15:42:00,695768.0,751376.1548018572,751377.0,0.0,55609.0,55609.0,False
2019-01-13 15:43:00,665641.0,774081.4450485896,774082.0,0.0,108441.0,108441.0,False
2019-01-13 15:44:00,669401.0,757617.4940448996,757618.0,0.0,88217.0,88217.0,False
2019-01-13 15:45:00,675442.0,780251.1932916027,780252.0,0.0,104810.0,104810.0,False
2019-01-13 15:46:00,684662.0,756727.4144399508,756728.0,0.0,72066.0,72066.0,False
2019-01-13 15:47:00,659798.0,759898.5307288284,759899.0,0.0,100101.0,100101.0,False
2019-01-13 15:48:00,666001.0,743674.9359270626,743675.0,0.0,77674.0,77674.0,False
2019-01-13 15:49:00,660719.0,745091.8760897316,745092.0,0.0,84373.0,84373.0,False
2019-01-13 15:50:00,691263.0,744320.8835915423,744321.0,0.0,53058.0,53058.0,False
2019-01-13 15:51:00,675282.0,755440.1068055917,755441.0,0.0,80159.0,80159.0,False
2019-01-13 15:52:00,669730.0,759882.2194935633,759883.0,0.0,90153.0,90153.0,False
2019-01-13 15:53:00,673436.0,744595.3033660578,744596.0,0.0,71160.0,71160.0,False
2019-01-13 15:54:00,660719.0,742336.9568121145,742337.0,0.0,81618.0,81618.0,False
2019-01-13 15:55:00,665361.0,747143.1857369142,747144.0,0.0,81783.0,81783.0,False
2019-01-13 15:56:00,659396.0,745351.7591777717,745352.0,0.0,85956.0,85956.0,False
2019-01-13 15:57:00,654640.0,731956.4648358802,731957.0,0.0,77317.0,77317.0,False
2019-01-13 15:58:00,656073.0,730937.7211509573,730938.0,0.0,74865.0,74865.0,False
2019-01-13 15:59:00,662221.0,731117.8151228088,731118.0,0.0,68897.0,68897.0,False
2019-01-13 16:00:00,774156.0,773873.970057514,773874.0,282.0,0.0,2820.0,False
2019-01-13 16:01:00,723548.0,788052.1980390929,788053.0,0.0,64505.0,64505.0,False
2019-01-13 16:02:00,722018.0,783462.5932629001,783463.0,0.0,61445.0,61445.0,False
2019-01-13 16:03:00,707953.0,795928.3683888995,795929.0,0.0,87976.0,87976.0,False
2019-01-13 16:04:00,689574.0,772437.4893161155,772438.0,0.0,82864.0,82864.0,False
2019-01-13 16:05:00,697368.0,782251.7911367153,782252.0,0.0,84884.0,84884.0,False
2019-01-13 16:06:00,748907.0,797759.7274098217,797760.0,0.0,48853.0,48853.0,False
2019-01-13 16:07:00,744555.0,836183.9499136535,836184.0,0.0,91629.0,91629.0,False
2019-01-13 16:08:00,732881.0,830521.5398722987,830522.0,0.0,97641.0,97641.0,False
2019-01-13 16:09:00,727114.0,807617.688170847,807618.0,0.0,80504.0,80504.0,False
2019-01-13 16:10:00,766940.0,821789.449537854,821790.0,0.0,54850.0,54850.0,False
2019-01-13 16:11:00,713251.0,831027.6449322191,831028.0,0.0,117777.0,117777.0,False
2019-01-13 16:12:00,691785.0,788805.6638895913,788806.0,0.0,97021.0,97021.0,False
2019-01-13 16:13:00,672490.0,771827.8712573376,771828.0,0.0,99338.0,99338.0,False
2019-01-13 16:14:00,672328.0,756469.7652506403,756470.0,0.0,84142.0,84142.0,False
2019-01-13 16:15:00,711958.0,773603.5752522715,773604.0,0.0,61646.0,61646.0,False
2019-01-13 16:16:00,688169.0,784909.4346432969,784910.0,0.0,96741.0,96741.0,False
2019-01-13 16:17:00,703030.0,769887.0036833115,769888.0,0.0,66858.0,66858.0,False
2019-01-13 16:18:00,680745.0,778792.8260332921,778793.0,0.0,98048.0,98048.0,False
2019-01-13 16:19:00,674399.0,761906.129659804,761907.0,0.0,87508.0,87508.0,False
2019-01-13 16:20:00,700500.0,778811.5578590602,778812.0,0.0,78312.0,78312.0,False
2019-01-13 16:21:00,665555.0,773473.0988905025,773474.0,0.0,107919.0,107919.0,False
2019-01-13 16:22:00,658873.0,755995.1818504856,755996.0,0.0,97123.0,97123.0,False
2019-01-13 16:23:00,676192.0,743369.0360066592,743370.0,0.0,67178.0,67178.0,False
2019-01-13 16:24:00,665171.0,754099.685771231,754100.0,0.0,88929.0,88929.0,False
2019-01-13 16:25:00,673802.0,767404.5955271458,767405.0,0.0,93603.0,93603.0,False
2019-01-13 16:26:00,678406.0,747009.1291601243,747010.0,0.0,68604.0,68604.0,False
2019-01-13 16:27:00,652283.0,763981.6101195758,763982.0,0.0,111699.0,111699.0,False
2019-01-13 16:28:00,658141.0,745690.5011899383,745691.0,0.0,87550.0,87550.0,False
2019-01-13 16:29:00,649292.0,747439.0258027896,747440.0,0.0,98148.0,98148.0,False
2019-01-13 16:30:00,717142.0,776693.7737963803,776694.0,0.0,59552.0,59552.0,False
2019-01-13 16:31:00,700782.0,752392.2607075664,752393.0,0.0,51611.0,51611.0,False
2019-01-13 16:32:00,682832.0,750586.733793545,750587.0,0.0,67755.0,67755.0,False
2019-01-13 16:33:00,685378.0,750733.7047470177,750734.0,0.0,65356.0,65356.0,False
2019-01-13 16:34:00,668681.0,747780.2935836304,747781.0,0.0,79100.0,79100.0,False
2019-01-13 16:35:00,681835.0,745958.4681193181,745959.0,0.0,64124.0,64124.0,False
2019-01-13 16:36:00,650918.0,744716.680682004,744717.0,0.0,93799.0,93799.0,False
2019-01-13 16:37:00,638477.0,721075.9080207633,721076.0,0.0,82599.0,82599.0,False
2019-01-13 16:38:00,656095.0,713603.4157870085,713604.0,0.0,57509.0,57509.0,False
2019-01-13 16:39:00,667420.0,722739.2928127082,722740.0,0.0,55320.0,55320.0,False
2019-01-13 16:40:00,686251.0,760265.2995481724,760266.0,0.0,74015.0,74015.0,False
2019-01-13 16:41:00,667463.0,740541.4427095895,740542.0,0.0,73079.0,73079.0,False
2019-01-13 16:42:00,660373.0,727391.7446388989,727392.0,0.0,67019.0,67019.0,False
2019-01-13 16:43:00,663879.0,731365.8623754563,731366.0,0.0,67487.0,67487.0,False
2019-01-13 16:44:00,668478.0,725769.6383627182,725770.0,0.0,57292.0,57292.0,False
2019-01-13 16:45:00,693219.0,753070.8431569593,753071.0,0.0,59852.0,59852.0,False
2019-01-13 16:46:00,688619.0,728837.4870985742,728838.0,0.0,40219.0,40219.0,False
2019-01-13 16:47:00,665934.0,733754.8905247977,733755.0,0.0,67821.0,67821.0,False
2019-01-13 16:48:00,653382.0,722548.0889968511,722549.0,0.0,69167.0,69167.0,False
2019-01-13 16:49:00,655001.0,716084.7280472785,716085.0,0.0,61084.0,61084.0,False
2019-01-13 16:50:00,675438.0,733704.8058865909,733705.0,0.0,58267.0,58267.0,False
2019-01-13 16:51:00,654609.0,720369.4264524648,720370.0,0.0,65761.0,65761.0,False
2019-01-13 16:52:00,650161.0,703357.163939893,703358.0,0.0,53197.0,53197.0,False
2019-01-13 16:53:00,664103.0,705140.7586768558,705141.0,0.0,41038.0,41038.0,False
2019-01-13 16:54:00,675269.0,711104.423629626,711105.0,0.0,35836.0,35836.0,False
2019-01-13 16:55:00,672146.0,741856.5588912808,741857.0,0.0,69711.0,69711.0,False
2019-01-13 16:56:00,656207.0,733355.6683239081,733356.0,0.0,77149.0,77149.0,False
2019-01-13 16:57:00,654471.0,714786.5961375461,714787.0,0.0,60316.0,60316.0,False
2019-01-13 16:58:00,659944.0,706486.2401824626,706487.0,0.0,46543.0,46543.0,False
2019-01-13 16:59:00,661193.0,707004.4334912818,707005.0,0.0,45812.0,45812.0,False
2019-01-13 17:00:00,758438.0,747026.9865106943,747027.0,11411.0,0.0,114110.0,False
2019-01-13 17:01:00,680898.0,762947.8694636748,762948.0,0.0,82050.0,82050.0,False
2019-01-13 17:02:00,678445.0,740462.6458010993,740463.0,0.0,62018.0,62018.0,False
2019-01-13 17:03:00,688860.0,741575.6035802065,741576.0,0.0,52716.0,52716.0,False
2019-01-13 17:04:00,675094.0,744197.1237903263,744198.0,0.0,69104.0,69104.0,False
2019-01-13 17:05:00,696015.0,763478.0908565971,763479.0,0.0,67464.0,67464.0,False
2019-01-13 17:06:00,769105.0,782012.9578111558,782013.0,0.0,12908.0,12908.0,False
2019-01-13 17:07:00,783213.0,845854.9355444026,845855.0,0.0,62642.0,62642.0,False
2019-01-13 17:08:00,751192.0,855005.7212574,855006.0,0.0,103814.0,103814.0,False
2019-01-13 17:09:00,672210.0,804979.1220364538,804980.0,0.0,132770.0,132770.0,False
2019-01-13 17:10:00,693032.0,772065.1659048565,772066.0,0.0,79034.0,79034.0,False
2019-01-13 17:11:00,666831.0,764887.4349045729,764888.0,0.0,98057.0,98057.0,False
2019-01-13 17:12:00,666009.0,756429.7626911318,756430.0,0.0,90421.0,90421.0,False
2019-01-13 17:13:00,654956.0,752257.7253005329,752258.0,0.0,97302.0,97302.0,False
2019-01-13 17:14:00,646712.0,750509.4662294687,750510.0,0.0,103798.0,103798.0,False
2019-01-13 17:15:00,680846.0,749991.084090222,749992.0,0.0,69146.0,69146.0,False
2019-01-13 17:16:00,668214.0,758533.1988622544,758534.0,0.0,90320.0,90320.0,False
2019-01-13 17:17:00,670412.0,759574.7517185361,759575.0,0.0,89163.0,89163.0,False
2019-01-13 17:18:00,680533.0,766836.6290019559,766837.0,0.0,86304.0,86304.0,False
2019-01-13 17:19:00,653421.0,757967.1533870103,757968.0,0.0,104547.0,104547.0,False
2019-01-13 17:20:00,688779.0,773350.6269976122,773351.0,0.0,84572.0,84572.0,False
2019-01-13 17:21:00,663071.0,762944.5841204703,762945.0,0.0,99874.0,99874.0,False
2019-01-13 17:22:00,637462.0,748715.9698709192,748716.0,0.0,111254.0,111254.0,False
2019-01-13 17:23:00,667585.0,732578.8694486808,732579.0,0.0,64994.0,64994.0,False
2019-01-13 17:24:00,656106.0,747238.2217737815,747239.0,0.0,91133.0,91133.0,False
2019-01-13 17:25:00,657542.0,758356.0793548485,758357.0,0.0,100815.0,100815.0,False
2019-01-13 17:26:00,668531.0,743339.7482525153,743340.0,0.0,74809.0,74809.0,False
2019-01-13 17:27:00,643634.0,744669.803878759,744670.0,0.0,101036.0,101036.0,False
2019-01-13 17:28:00,655382.0,747492.8815472518,747493.0,0.0,92111.0,92111.0,False
2019-01-13 17:29:00,654596.0,741227.9748640044,741228.0,0.0,86632.0,86632.0,False
2019-01-13 17:30:00,723692.0,780729.7892569256,780730.0,0.0,57038.0,57038.0,False
2019-01-13 17:31:00,678852.0,766685.113360873,766686.0,0.0,87834.0,87834.0,False
2019-01-13 17:32:00,670316.0,754987.6727642289,754988.0,0.0,84672.0,84672.0,False
2019-01-13 17:33:00,667607.0,756904.854083577,756905.0,0.0,89298.0,89298.0,False
2019-01-13 17:34:00,653744.0,747936.3087199164,747937.0,0.0,94193.0,94193.0,False
2019-01-13 17:35:00,665028.0,749346.1030352972,749347.0,0.0,84319.0,84319.0,False
2019-01-13 17:36:00,656180.0,750650.7652842433,750651.0,0.0,94471.0,94471.0,False
2019-01-13 17:37:00,649793.0,734450.6978991381,734451.0,0.0,84658.0,84658.0,False
2019-01-13 17:38:00,662089.0,727261.102430321,727262.0,0.0,65173.0,65173.0,False
2019-01-13 17:39:00,663837.0,729690.2133917687,729691.0,0.0,65854.0,65854.0,False
2019-01-13 17:40:00,700014.0,760209.8529414181,760210.0,0.0,60196.0,60196.0,False
2019-01-13 17:41:00,683230.0,737972.3158827064,737973.0,0.0,54743.0,54743.0,False
2019-01-13 17:42:00,678326.0,733360.2067891529,733361.0,0.0,55035.0,55035.0,False
2019-01-13 17:43:00,683992.0,737762.0536953529,737763.0,0.0,53771.0,53771.0,False
2019-01-13 17:44:00,682608.0,735540.1746254157,735541.0,0.0,52933.0,52933.0,False
2019-01-13 17:45:00,732398.0,750368.0905497754,750369.0,0.0,17971.0,17971.0,False
2019-01-13 17:46:00,725063.0,758022.7544772729,758023.0,0.0,32960.0,32960.0,False
2019-01-13 17:47:00,698976.0,766376.9246811133,766377.0,0.0,67401.0,67401.0,False
2019-01-13 17:48:00,666572.0,756905.9087044334,756906.0,0.0,90334.0,90334.0,False
2019-01-13 17:49:00,665814.0,738251.1504418771,738252.0,0.0,72438.0,72438.0,False
2019-01-13 17:50:00,705222.0,747972.2078284428,747973.0,0.0,42751.0,42751.0,False
2019-01-13 17:51:00,662497.0,764126.6125250189,764127.0,0.0,101630.0,101630.0,False
2019-01-13 17:52:00,649505.0,738558.7873677185,738559.0,0.0,89054.0,89054.0,False
2019-01-13 17:53:00,659406.0,733086.2044881193,733087.0,0.0,73681.0,73681.0,False
2019-01-13 17:54:00,652645.0,734153.6595391296,734154.0,0.0,81509.0,81509.0,False
2019-01-13 17:55:00,704683.0,752534.3151342105,752535.0,0.0,47852.0,47852.0,False
2019-01-13 17:56:00,722074.0,758457.1372043648,758458.0,0.0,36384.0,36384.0,False
2019-01-13 17:57:00,687441.0,782605.3097278869,782606.0,0.0,95165.0,95165.0,False
2019-01-13 17:58:00,684259.0,758027.7135788028,758028.0,0.0,73769.0,73769.0,False
2019-01-13 17:59:00,674139.0,754040.3004101579,754041.0,0.0,79902.0,79902.0,False
2019-01-13 18:00:00,765020.0,775643.9237225564,775644.0,0.0,10624.0,10624.0,False
2019-01-13 18:01:00,711871.0,810276.7471354838,810277.0,0.0,98406.0,98406.0,False
2019-01-13 18:02:00,704634.0,787874.2605830805,787875.0,0.0,83241.0,83241.0,False
2019-01-13 18:03:00,703953.0,789847.2150350652,789848.0,0.0,85895.0,85895.0,False
2019-01-13 18:04:00,698045.0,785757.7805454985,785758.0,0.0,87713.0,87713.0,False
2019-01-13 18:05:00,783279.0,795407.3564419672,795408.0,0.0,12129.0,12129.0,False
2019-01-13 18:06:00,866343.0,860385.7310366384,860386.0,5957.0,0.0,59570.0,True
2019-01-13 18:07:00,802998.0,979657.2416463312,979658.0,0.0,176660.0,176660.0,True
2019-01-13 18:08:00,683463.0,911104.262863753,911105.0,0.0,227642.0,227642.0,False
2019-01-13 18:09:00,685750.0,849863.3790505637,849864.0,0.0,164114.0,164114.0,False
2019-01-13 18:10:00,708719.0,851060.4040675818,851061.0,0.0,142342.0,142342.0,False
2019-01-13 18:11:00,687585.0,883219.4260666382,883220.0,0.0,195635.0,195635.0,False
2019-01-13 18:12:00,681543.0,853915.9145971764,853916.0,0.0,172373.0,172373.0,False
2019-01-13 18:13:00,679819.0,854401.5541243583,854402.0,0.0,174583.0,174583.0,False
2019-01-13 18:14:00,676368.0,852557.219472985,852558.0,0.0,176190.0,176190.0,False
2019-01-13 18:15:00,682968.0,852674.962025922,852675.0,0.0,169707.0,169707.0,False
2019-01-13 18:16:00,669888.0,846182.6145867124,846183.0,0.0,176295.0,176295.0,False
2019-01-13 18:17:00,673814.0,849517.9945500819,849518.0,0.0,175704.0,175704.0,False
2019-01-13 18:18:00,669415.0,838024.0706699867,838025.0,0.0,168610.0,168610.0,False
2019-01-13 18:19:00,654622.0,838739.5001633742,838740.0,0.0,184118.0,184118.0,False
2019-01-13 18:20:00,687399.0,855644.9851539648,855645.0,0.0,168246.0,168246.0,False
2019-01-13 18:21:00,650990.0,843223.1816061323,843224.0,0.0,192234.0,192234.0,False
2019-01-13 18:22:00,650098.0,822948.9603347549,822949.0,0.0,172851.0,172851.0,False
2019-01-13 18:23:00,649261.0,819581.5226054395,819582.0,0.0,170321.0,170321.0,False
2019-01-13 18:24:00,641848.0,817473.0469814187,817474.0,0.0,175626.0,175626.0,False
2019-01-13 18:25:00,649331.0,832163.7218447265,832164.0,0.0,182833.0,182833.0,False
2019-01-13 18:26:00,658093.0,809809.7388160897,809810.0,0.0,151717.0,151717.0,False
2019-01-13 18:27:00,678305.0,813441.336944746,813442.0,0.0,135137.0,135137.0,False
2019-01-13 18:28:00,682351.0,827699.9296885866,827700.0,0.0,145349.0,145349.0,False
2019-01-13 18:29:00,664525.0,838180.2623735497,838181.0,0.0,173656.0,173656.0,False
2019-01-13 18:30:00,716808.0,859899.5392193807,859900.0,0.0,143092.0,143092.0,False
2019-01-13 18:31:00,695392.0,845610.0961776474,845611.0,0.0,150219.0,150219.0,False
2019-01-13 18:32:00,673946.0,830489.548761572,830490.0,0.0,156544.0,156544.0,False
2019-01-13 18:33:00,667668.0,820042.9104826465,820043.0,0.0,152375.0,152375.0,False
2019-01-13 18:34:00,658330.0,813830.7512527455,813831.0,0.0,155501.0,155501.0,False
2019-01-13 18:35:00,644924.0,816997.2525275286,816998.0,0.0,172074.0,172074.0,False
2019-01-13 18:36:00,659501.0,783796.2095799688,783797.0,0.0,124296.0,124296.0,False
2019-01-13 18:37:00,613804.0,750477.3899994111,750478.0,0.0,136674.0,136674.0,False
2019-01-13 18:38:00,647160.0,726933.8556457076,726934.0,0.0,79774.0,79774.0,False
2019-01-13 18:39:00,641339.0,721193.0315319808,721194.0,0.0,79855.0,79855.0,False
2019-01-13 18:40:00,678553.0,736614.5336229648,736615.0,0.0,58062.0,58062.0,False
2019-01-13 18:41:00,670394.0,764034.7156392663,764035.0,0.0,93641.0,93641.0,False
2019-01-13 18:42:00,653869.0,730266.1725116483,730267.0,0.0,76398.0,76398.0,False
2019-01-13 18:43:00,633408.0,732708.2166077237,732709.0,0.0,99301.0,99301.0,False
2019-01-13 18:44:00,669010.0,713921.3737821314,713922.0,0.0,44912.0,44912.0,False
2019-01-13 18:45:00,673665.0,739710.6212304945,739711.0,0.0,66046.0,66046.0,False
2019-01-13 18:46:00,671413.0,742090.8480680962,742091.0,0.0,70678.0,70678.0,False
2019-01-13 18:47:00,655035.0,742811.3413985919,742812.0,0.0,87777.0,87777.0,False
2019-01-13 18:48:00,669761.0,739457.7276295677,739458.0,0.0,69697.0,69697.0,False
2019-01-13 18:49:00,659695.0,745588.4865926584,745589.0,0.0,85894.0,85894.0,False
2019-01-13 18:50:00,667841.0,754281.8179864092,754282.0,0.0,86441.0,86441.0,False
2019-01-13 18:51:00,669240.0,755176.4293225195,755177.0,0.0,85937.0,85937.0,False
2019-01-13 18:52:00,657337.0,740899.7348916576,740900.0,0.0,83563.0,83563.0,False
2019-01-13 18:53:00,654750.0,732929.6016644826,732930.0,0.0,78180.0,78180.0,False
2019-01-13 18:54:00,670849.0,731916.7071005511,731917.0,0.0,61068.0,61068.0,False
2019-01-13 18:55:00,680219.0,745245.2375270283,745246.0,0.0,65027.0,65027.0,False
2019-01-13 18:56:00,657712.0,759339.7637436821,759340.0,0.0,101628.0,101628.0,False
2019-01-13 18:57:00,654332.0,736520.6688632584,736521.0,0.0,82189.0,82189.0,False
2019-01-13 18:58:00,649596.0,734078.2505230118,734079.0,0.0,84483.0,84483.0,False
2019-01-13 18:59:00,653071.0,726366.5572006946,726367.0,0.0,73296.0,73296.0,False
2019-01-13 19:00:00,737547.0,744878.147624995,744879.0,0.0,7332.0,7332.0,False
2019-01-13 19:01:00,692288.0,774245.1661502533,774246.0,0.0,81958.0,81958.0,False
2019-01-13 19:02:00,672907.0,768102.867257064,768103.0,0.0,95196.0,95196.0,False
2019-01-13 19:03:00,662109.0,761263.7568776605,761264.0,0.0,99155.0,99155.0,False
2019-01-13 19:04:00,646339.0,756339.3531279229,756340.0,0.0,110001.0,110001.0,False
2019-01-13 19:05:00,657290.0,768816.0240052423,768817.0,0.0,111527.0,111527.0,False
2019-01-13 19:06:00,715375.0,770242.6989840847,770243.0,0.0,54868.0,54868.0,False
2019-01-13 19:07:00,748863.0,822724.3288958773,822725.0,0.0,73862.0,73862.0,False
2019-01-13 19:08:00,725887.0,838505.9805648715,838506.0,0.0,112619.0,112619.0,False
2019-01-13 19:09:00,742040.0,810593.0517240731,810594.0,0.0,68554.0,68554.0,False
2019-01-13 19:10:00,754996.0,841366.3701122119,841367.0,0.0,86371.0,86371.0,False
2019-01-13 19:11:00,686329.0,810401.5325497623,810402.0,0.0,124073.0,124073.0,False
2019-01-13 19:12:00,662331.0,760088.015766183,760089.0,0.0,97758.0,97758.0,False
2019-01-13 19:13:00,651222.0,752953.7402443077,752954.0,0.0,101732.0,101732.0,False
2019-01-13 19:14:00,634685.0,740520.8607470244,740521.0,0.0,105836.0,105836.0,False
2019-01-13 19:15:00,693681.0,740715.1367355254,740716.0,0.0,47035.0,47035.0,False
2019-01-13 19:16:00,682975.0,772735.8636801613,772736.0,0.0,89761.0,89761.0,False
2019-01-13 19:17:00,666129.0,771680.6983926926,771681.0,0.0,105552.0,105552.0,False
2019-01-13 19:18:00,664930.0,760026.2553949216,760027.0,0.0,95097.0,95097.0,False
2019-01-13 19:19:00,649035.0,759561.7930822963,759562.0,0.0,110527.0,110527.0,False
2019-01-13 19:20:00,650848.0,774697.4017520751,774698.0,0.0,123850.0,123850.0,False
2019-01-13 19:21:00,671670.0,758520.3930839781,758521.0,0.0,86851.0,86851.0,False
2019-01-13 19:22:00,650611.0,756887.3062242286,756888.0,0.0,106277.0,106277.0,False
2019-01-13 19:23:00,659469.0,750712.6774771344,750713.0,0.0,91244.0,91244.0,False
2019-01-13 19:24:00,663033.0,755337.3751599472,755338.0,0.0,92305.0,92305.0,False
2019-01-13 19:25:00,658632.0,780363.7560206032,780364.0,0.0,121732.0,121732.0,False
2019-01-13 19:26:00,655844.0,778609.7667589403,778610.0,0.0,122766.0,122766.0,False
2019-01-13 19:27:00,598715.0,756873.5846058489,756874.0,0.0,158159.0,158159.0,False
2019-01-13 19:28:00,630036.0,733008.4824871016,733009.0,0.0,102973.0,102973.0,False
2019-01-13 19:29:00,613309.0,739344.1219820846,739345.0,0.0,126036.0,126036.0,False
2019-01-13 19:30:00,697594.0,740852.1428134865,740853.0,0.0,43259.0,43259.0,False
2019-01-13 19:31:00,651854.0,775253.3695386711,775254.0,0.0,123400.0,123400.0,False
2019-01-13 19:32:00,644379.0,761564.009378317,761565.0,0.0,117186.0,117186.0,False
2019-01-13 19:33:00,656199.0,764851.4075819376,764852.0,0.0,108653.0,108653.0,False
2019-01-13 19:34:00,623660.0,759462.6200058967,759463.0,0.0,135803.0,135803.0,False
2019-01-13 19:35:00,643664.0,752726.820813598,752727.0,0.0,109063.0,109063.0,False
2019-01-13 19:36:00,644634.0,760773.5773952422,760774.0,0.0,116140.0,116140.0,False
2019-01-13 19:37:00,648377.0,755544.1357216276,755545.0,0.0,107168.0,107168.0,False
2019-01-13 19:38:00,618717.0,746285.6908369126,746286.0,0.0,127569.0,127569.0,False
2019-01-13 19:39:00,588714.0,734842.9590811399,734843.0,0.0,146129.0,146129.0,False
2019-01-13 19:40:00,664109.0,744968.0217694942,744969.0,0.0,80860.0,80860.0,False
2019-01-13 19:41:00,627675.0,750068.3420242033,750069.0,0.0,122394.0,122394.0,False
2019-01-13 19:42:00,618946.0,731638.0633095715,731639.0,0.0,112693.0,112693.0,False
2019-01-13 19:43:00,629964.0,738678.1248986808,738679.0,0.0,108715.0,108715.0,False
2019-01-13 19:44:00,635024.0,737245.8153317719,737246.0,0.0,102222.0,102222.0,False
2019-01-13 19:45:00,658801.0,757918.4250127228,757919.0,0.0,99118.0,99118.0,False
2019-01-13 19:46:00,655552.0,749134.4032253542,749135.0,0.0,93583.0,93583.0,False
2019-01-13 19:47:00,642831.0,752400.0242552657,752401.0,0.0,109570.0,109570.0,False
2019-01-13 19:48:00,656379.0,745566.8589726695,745567.0,0.0,89188.0,89188.0,False
2019-01-13 19:49:00,643279.0,749648.4041585211,749649.0,0.0,106370.0,106370.0,False
2019-01-13 19:50:00,664587.0,771407.3188206163,771408.0,0.0,106821.0,106821.0,False
2019-01-13 19:51:00,634941.0,751721.8180763032,751722.0,0.0,116781.0,116781.0,False
2019-01-13 19:52:00,635903.0,732293.5630634262,732294.0,0.0,96391.0,96391.0,False
2019-01-13 19:53:00,652301.0,733918.6713050558,733919.0,0.0,81618.0,81618.0,False
2019-01-13 19:54:00,645761.0,746778.4373059211,746779.0,0.0,101018.0,101018.0,False
2019-01-13 19:55:00,650785.0,748574.2659404003,748575.0,0.0,97790.0,97790.0,False
2019-01-13 19:56:00,647856.0,741836.8633097648,741837.0,0.0,93981.0,93981.0,False
2019-01-13 19:57:00,636830.0,740156.263145565,740157.0,0.0,103327.0,103327.0,False
2019-01-13 19:58:00,640287.0,726961.2786611622,726962.0,0.0,86675.0,86675.0,False
2019-01-13 19:59:00,631436.0,724486.462743771,724487.0,0.0,93051.0,93051.0,False
2019-01-13 20:00:00,741208.0,761317.754179968,761318.0,0.0,20110.0,20110.0,False
2019-01-13 20:01:00,700018.0,763660.8684332655,763661.0,0.0,63643.0,63643.0,False
2019-01-13 20:02:00,662709.0,760371.579806255,760372.0,0.0,97663.0,97663.0,False
2019-01-13 20:03:00,648015.0,746302.5823574676,746303.0,0.0,98288.0,98288.0,False
2019-01-13 20:04:00,634257.0,732836.4768906548,732837.0,0.0,98580.0,98580.0,False
2019-01-13 20:05:00,668320.0,737139.7678260454,737140.0,0.0,68820.0,68820.0,False
2019-01-13 20:06:00,670615.0,776341.3005774834,776342.0,0.0,105727.0,105727.0,False
2019-01-13 20:07:00,686541.0,774816.8584180963,774817.0,0.0,88276.0,88276.0,False
2019-01-13 20:08:00,661189.0,775733.6590232798,775734.0,0.0,114545.0,114545.0,False
2019-01-13 20:09:00,676073.0,756060.5448834245,756061.0,0.0,79988.0,79988.0,False
2019-01-13 20:10:00,769906.0,779694.9187609203,779695.0,0.0,9789.0,9789.0,False
2019-01-13 20:11:00,689199.0,800921.6118195473,800922.0,0.0,111723.0,111723.0,False
2019-01-13 20:12:00,620724.0,774254.6233939969,774255.0,0.0,153531.0,153531.0,False
2019-01-13 20:13:00,603863.0,740032.7266335946,740033.0,0.0,136170.0,136170.0,False
2019-01-13 20:14:00,613797.0,728925.5099410994,728926.0,0.0,115129.0,115129.0,False
2019-01-13 20:15:00,608362.0,741895.6826220321,741896.0,0.0,133534.0,133534.0,False
2019-01-13 20:16:00,630135.0,730185.8396289338,730186.0,0.0,100051.0,100051.0,False
2019-01-13 20:17:00,614967.0,747806.0136443309,747807.0,0.0,132840.0,132840.0,False
2019-01-13 20:18:00,620477.0,734321.6144478371,734322.0,0.0,113845.0,113845.0,False
2019-01-13 20:19:00,621247.0,733373.4397400661,733374.0,0.0,112127.0,112127.0,False
2019-01-13 20:20:00,625652.0,738229.7063426499,738230.0,0.0,112578.0,112578.0,False
2019-01-13 20:21:00,601415.0,765627.8598484804,765628.0,0.0,164213.0,164213.0,False
2019-01-13 20:22:00,580410.0,730170.8000468485,730171.0,0.0,149761.0,149761.0,False
2019-01-13 20:23:00,612614.0,719177.4225251194,719178.0,0.0,106564.0,106564.0,False
2019-01-13 20:24:00,602401.0,731011.6807291531,731012.0,0.0,128611.0,128611.0,False
2019-01-13 20:25:00,627879.0,726893.8938789483,726894.0,0.0,99015.0,99015.0,False
2019-01-13 20:26:00,611009.0,735465.1671513418,735466.0,0.0,124457.0,124457.0,False
2019-01-13 20:27:00,603485.0,728014.8177068272,728015.0,0.0,124530.0,124530.0,False
2019-01-13 20:28:00,609089.0,731838.5070105018,731839.0,0.0,122750.0,122750.0,False
2019-01-13 20:29:00,620591.0,728712.9047231618,728713.0,0.0,108122.0,108122.0,False
2019-01-13 20:30:00,692500.0,771817.767851232,771818.0,0.0,79318.0,79318.0,False
2019-01-13 20:31:00,661328.0,758006.9776233752,758007.0,0.0,96679.0,96679.0,False
2019-01-13 20:32:00,658194.0,758610.083829639,758611.0,0.0,100417.0,100417.0,False
2019-01-13 20:33:00,631354.0,762721.0421670727,762722.0,0.0,131368.0,131368.0,False
2019-01-13 20:34:00,615976.0,739971.1592125765,739972.0,0.0,123996.0,123996.0,False
2019-01-13 20:35:00,618509.0,743420.0114005585,743421.0,0.0,124912.0,124912.0,False
2019-01-13 20:36:00,616422.0,732659.9307351635,732660.0,0.0,116238.0,116238.0,False
2019-01-13 20:37:00,595515.0,723698.7239136959,723699.0,0.0,128184.0,128184.0,False
2019-01-13 20:38:00,604345.0,717714.4303567378,717715.0,0.0,113370.0,113370.0,False
2019-01-13 20:39:00,599022.0,720495.3631774398,720496.0,0.0,121474.0,121474.0,False
2019-01-13 20:40:00,643067.0,737548.5469282002,737549.0,0.0,94482.0,94482.0,False
2019-01-13 20:41:00,628528.0,722798.98262312,722799.0,0.0,94271.0,94271.0,False
2019-01-13 20:42:00,602778.0,716750.6085389511,716751.0,0.0,113973.0,113973.0,False
2019-01-13 20:43:00,602556.0,699587.4474982028,699588.0,0.0,97032.0,97032.0,False
2019-01-13 20:44:00,620724.0,688520.4863778366,688521.0,0.0,67797.0,67797.0,False
2019-01-13 20:45:00,633448.0,717159.4458888595,717160.0,0.0,83712.0,83712.0,False
2019-01-13 20:46:00,629715.0,704936.6397592493,704937.0,0.0,75222.0,75222.0,False
2019-01-13 20:47:00,621728.0,705115.6585497349,705116.0,0.0,83388.0,83388.0,False
2019-01-13 20:48:00,614479.0,705706.5862817521,705707.0,0.0,91228.0,91228.0,False
2019-01-13 20:49:00,629063.0,700198.7983535315,700199.0,0.0,71136.0,71136.0,False
2019-01-13 20:50:00,632722.0,730865.6609604836,730866.0,0.0,98144.0,98144.0,False
2019-01-13 20:51:00,627144.0,717752.8147183879,717753.0,0.0,90609.0,90609.0,False
2019-01-13 20:52:00,620880.0,693181.6675579782,693182.0,0.0,72302.0,72302.0,False
2019-01-13 20:53:00,610313.0,684599.8524537235,684600.0,0.0,74287.0,74287.0,False
2019-01-13 20:54:00,590847.0,682645.0207128278,682646.0,0.0,91799.0,91799.0,False
2019-01-13 20:55:00,616722.0,680518.6844589008,680519.0,0.0,63797.0,63797.0,False
2019-01-13 20:56:00,597337.0,678967.7792994794,678968.0,0.0,81631.0,81631.0,False
2019-01-13 20:57:00,614245.0,666874.7366520874,666875.0,0.0,52630.0,52630.0,False
2019-01-13 20:58:00,610850.0,676884.6846269198,676885.0,0.0,66035.0,66035.0,False
2019-01-13 20:59:00,603803.0,681315.3934737236,681316.0,0.0,77513.0,77513.0,False
2019-01-13 21:00:00,709711.0,704600.0467761612,704601.0,5110.0,0.0,51100.0,False
2019-01-13 21:01:00,658287.0,745235.9716443355,745236.0,0.0,86949.0,86949.0,False
2019-01-13 21:02:00,640497.0,726709.8828936062,726710.0,0.0,86213.0,86213.0,False
2019-01-13 21:03:00,642007.0,720255.072385203,720256.0,0.0,78249.0,78249.0,False
2019-01-13 21:04:00,642490.0,717875.5493464691,717876.0,0.0,75386.0,75386.0,False
2019-01-13 21:05:00,700347.0,745461.4855947447,745462.0,0.0,45115.0,45115.0,False
2019-01-13 21:06:00,710159.0,782304.0621419058,782305.0,0.0,72146.0,72146.0,False
2019-01-13 21:07:00,655037.0,789569.8138476427,789570.0,0.0,134533.0,134533.0,False
2019-01-13 21:08:00,699616.0,743933.614433231,743934.0,0.0,44318.0,44318.0,False
2019-01-13 21:09:00,700580.0,787460.6991394431,787461.0,0.0,86881.0,86881.0,False
2019-01-13 21:10:00,659991.0,804171.9649528123,804172.0,0.0,144181.0,144181.0,False
2019-01-13 21:11:00,631925.0,768354.001594136,768355.0,0.0,136430.0,136430.0,False
2019-01-13 21:12:00,631648.0,748633.9321835263,748634.0,0.0,116986.0,116986.0,False
2019-01-13 21:13:00,629153.0,744356.1349798617,744357.0,0.0,115204.0,115204.0,False
2019-01-13 21:14:00,621324.0,740010.2748022175,740011.0,0.0,118687.0,118687.0,False
2019-01-13 21:15:00,634827.0,735629.1799497554,735630.0,0.0,100803.0,100803.0,False
2019-01-13 21:16:00,631032.0,750862.3243829331,750863.0,0.0,119831.0,119831.0,False
2019-01-13 21:17:00,615337.0,744898.8663575418,744899.0,0.0,129562.0,129562.0,False
2019-01-13 21:18:00,618683.0,737650.8725487166,737651.0,0.0,118968.0,118968.0,False
2019-01-13 21:19:00,610498.0,754099.1473418155,754100.0,0.0,143602.0,143602.0,False
2019-01-13 21:20:00,632714.0,760436.7253728898,760437.0,0.0,127723.0,127723.0,False
2019-01-13 21:21:00,628896.0,740113.5328705774,740114.0,0.0,111218.0,111218.0,False
2019-01-13 21:22:00,618943.0,738041.8169762705,738042.0,0.0,119099.0,119099.0,False
2019-01-13 21:23:00,605840.0,738604.2960269521,738605.0,0.0,132765.0,132765.0,False
2019-01-13 21:24:00,592789.0,729433.0201805774,729434.0,0.0,136645.0,136645.0,False
2019-01-13 21:25:00,611354.0,732478.2720427526,732479.0,0.0,121125.0,121125.0,False
2019-01-13 21:26:00,620573.0,741221.0633717962,741222.0,0.0,120649.0,120649.0,False
2019-01-13 21:27:00,595761.0,726383.6067110255,726384.0,0.0,130623.0,130623.0,False
2019-01-13 21:28:00,602407.0,714296.9013751585,714297.0,0.0,111890.0,111890.0,False
2019-01-13 21:29:00,612879.0,713885.8036147117,713886.0,0.0,101007.0,101007.0,False
2019-01-13 21:30:00,686466.0,741265.1063750176,741266.0,0.0,54800.0,54800.0,False
2019-01-13 21:31:00,638875.0,748704.0406179931,748705.0,0.0,109830.0,109830.0,False
2019-01-13 21:32:00,619480.0,733633.6079482804,733634.0,0.0,114154.0,114154.0,False
2019-01-13 21:33:00,620979.0,732652.9210167861,732653.0,0.0,111674.0,111674.0,False
2019-01-13 21:34:00,614180.0,724173.6882149668,724174.0,0.0,109994.0,109994.0,False
2019-01-13 21:35:00,624940.0,728553.2338315577,728554.0,0.0,103614.0,103614.0,False
2019-01-13 21:36:00,607025.0,740618.4638996194,740619.0,0.0,133594.0,133594.0,False
2019-01-13 21:37:00,602548.0,719198.6061695252,719199.0,0.0,116651.0,116651.0,False
2019-01-13 21:38:00,600057.0,703494.2579017528,703495.0,0.0,103438.0,103438.0,False
2019-01-13 21:39:00,600735.0,694669.6285124072,694670.0,0.0,93935.0,93935.0,False
2019-01-13 21:40:00,629003.0,722721.3020584808,722722.0,0.0,93719.0,93719.0,False
2019-01-13 21:41:00,597366.0,697939.8301531891,697940.0,0.0,100574.0,100574.0,False
2019-01-13 21:42:00,586638.0,679944.0897491347,679945.0,0.0,93307.0,93307.0,False
2019-01-13 21:43:00,597548.0,672562.5290543562,672563.0,0.0,75015.0,75015.0,False
2019-01-13 21:44:00,591392.0,676873.0693267409,676874.0,0.0,85482.0,85482.0,False
2019-01-13 21:45:00,616686.0,702150.8813382203,702151.0,0.0,85465.0,85465.0,False
2019-01-13 21:46:00,617126.0,681931.9176753315,681932.0,0.0,64806.0,64806.0,False
2019-01-13 21:47:00,614583.0,684756.2128672856,684757.0,0.0,70174.0,70174.0,False
2019-01-13 21:48:00,615803.0,685613.1117361514,685614.0,0.0,69811.0,69811.0,False
2019-01-13 21:49:00,598294.0,686341.8824053323,686342.0,0.0,88048.0,88048.0,False
2019-01-13 21:50:00,610746.0,704498.0974015491,704499.0,0.0,93753.0,93753.0,False
2019-01-13 21:51:00,580855.0,676817.2546924073,676818.0,0.0,95963.0,95963.0,False
2019-01-13 21:52:00,600161.0,665009.8163563384,665010.0,0.0,64849.0,64849.0,False
2019-01-13 21:53:00,599731.0,675508.7792156745,675509.0,0.0,75778.0,75778.0,False
2019-01-13 21:54:00,586242.0,675436.9906897492,675437.0,0.0,89195.0,89195.0,False
2019-01-13 21:55:00,600113.0,677983.2509198702,677984.0,0.0,77871.0,77871.0,False
2019-01-13 21:56:00,583827.0,666928.6731588843,666929.0,0.0,83102.0,83102.0,False
2019-01-13 21:57:00,591070.0,668870.9601464611,668871.0,0.0,77801.0,77801.0,False
2019-01-13 21:58:00,581574.0,669436.0164324638,669437.0,0.0,87863.0,87863.0,False
2019-01-13 21:59:00,584553.0,661304.4252479596,661305.0,0.0,76752.0,76752.0,False
2019-01-13 22:00:00,687700.0,698207.4792968128,698208.0,0.0,10508.0,10508.0,False
2019-01-13 22:01:00,656653.0,710749.5499091555,710750.0,0.0,54097.0,54097.0,False
2019-01-13 22:02:00,638012.0,712599.419422262,712600.0,0.0,74588.0,74588.0,False
2019-01-13 22:03:00,646609.0,710335.8684052646,710336.0,0.0,63727.0,63727.0,False
2019-01-13 22:04:00,631890.0,711869.3204928346,711870.0,0.0,79980.0,79980.0,False
2019-01-13 22:05:00,640097.0,716761.0415069313,716762.0,0.0,76665.0,76665.0,False
2019-01-13 22:06:00,643927.0,736373.9426650691,736374.0,0.0,92447.0,92447.0,False
2019-01-13 22:07:00,685545.0,738999.9024304311,739000.0,0.0,53455.0,53455.0,False
2019-01-13 22:08:00,692018.0,767373.8593580865,767374.0,0.0,75356.0,75356.0,False
2019-01-13 22:09:00,705156.0,761480.032175265,761481.0,0.0,56325.0,56325.0,False
2019-01-13 22:10:00,686223.0,793146.2839330311,793147.0,0.0,106924.0,106924.0,False
2019-01-13 22:11:00,646201.0,765538.6286843051,765539.0,0.0,119338.0,119338.0,False
2019-01-13 22:12:00,609603.0,737267.1471774117,737268.0,0.0,127665.0,127665.0,False
2019-01-13 22:13:00,604766.0,712213.3178921315,712214.0,0.0,107448.0,107448.0,False
2019-01-13 22:14:00,594416.0,703535.1483608417,703536.0,0.0,109120.0,109120.0,False
2019-01-13 22:15:00,621235.0,696580.699937784,696581.0,0.0,75346.0,75346.0,False
2019-01-13 22:16:00,620688.0,713285.3822631685,713286.0,0.0,92598.0,92598.0,False
2019-01-13 22:17:00,603620.0,713752.1562086876,713753.0,0.0,110133.0,110133.0,False
2019-01-13 22:18:00,595076.0,708814.2750141276,708815.0,0.0,113739.0,113739.0,False
2019-01-13 22:19:00,599093.0,702819.6688767918,702820.0,0.0,103727.0,103727.0,False
2019-01-13 22:20:00,628357.0,731369.3259012029,731370.0,0.0,103013.0,103013.0,False
2019-01-13 22:21:00,615706.0,723950.7384966015,723951.0,0.0,108245.0,108245.0,False
2019-01-13 22:22:00,595043.0,701005.7100494374,701006.0,0.0,105963.0,105963.0,False
2019-01-13 22:23:00,584889.0,691873.6692494311,691874.0,0.0,106985.0,106985.0,False
2019-01-13 22:24:00,602746.0,690853.778701568,690854.0,0.0,88108.0,88108.0,False
2019-01-13 22:25:00,604465.0,714853.7118556768,714854.0,0.0,110389.0,110389.0,False
2019-01-13 22:26:00,604272.0,718063.9437992364,718064.0,0.0,113792.0,113792.0,False
2019-01-13 22:27:00,600918.0,703771.5525969269,703772.0,0.0,102854.0,102854.0,False
2019-01-13 22:28:00,598259.0,695753.4664333977,695754.0,0.0,97495.0,97495.0,False
2019-01-13 22:29:00,590528.0,698024.5721339607,698025.0,0.0,107497.0,107497.0,False
2019-01-13 22:30:00,671020.0,729949.9942699969,729950.0,0.0,58930.0,58930.0,False
2019-01-13 22:31:00,621894.0,715833.3200678406,715834.0,0.0,93940.0,93940.0,False
2019-01-13 22:32:00,609808.0,694531.5266455768,694532.0,0.0,84724.0,84724.0,False
2019-01-13 22:33:00,616165.0,693387.3949619608,693388.0,0.0,77223.0,77223.0,False
2019-01-13 22:34:00,595543.0,690730.5681521839,690731.0,0.0,95188.0,95188.0,False
2019-01-13 22:35:00,600690.0,696011.8163610363,696012.0,0.0,95322.0,95322.0,False
2019-01-13 22:36:00,618716.0,688079.0405310579,688080.0,0.0,69364.0,69364.0,False
2019-01-13 22:37:00,604539.0,700260.388012857,700261.0,0.0,95722.0,95722.0,False
2019-01-13 22:38:00,591946.0,677866.2696262273,677867.0,0.0,85921.0,85921.0,False
2019-01-13 22:39:00,589484.0,674914.0920179691,674915.0,0.0,85431.0,85431.0,False
2019-01-13 22:40:00,626425.0,705632.1502070556,705633.0,0.0,79208.0,79208.0,False
2019-01-13 22:41:00,594423.0,690747.457906851,690748.0,0.0,96325.0,96325.0,False
2019-01-13 22:42:00,593449.0,666830.8914727491,666831.0,0.0,73382.0,73382.0,False
2019-01-13 22:43:00,595221.0,661046.8119392246,661047.0,0.0,65826.0,65826.0,False
2019-01-13 22:44:00,581324.0,656285.0554676682,656286.0,0.0,74962.0,74962.0,False
2019-01-13 22:45:00,612038.0,662727.7558195735,662728.0,0.0,50690.0,50690.0,False
2019-01-13 22:46:00,634439.0,664310.9031283059,664311.0,0.0,29872.0,29872.0,False
2019-01-13 22:47:00,612552.0,688274.5489549263,688275.0,0.0,75723.0,75723.0,False
2019-01-13 22:48:00,608745.0,675223.4804566392,675224.0,0.0,66479.0,66479.0,False
2019-01-13 22:49:00,599187.0,674803.4628353362,674804.0,0.0,75617.0,75617.0,False
2019-01-13 22:50:00,629791.0,686129.1970071414,686130.0,0.0,56339.0,56339.0,False
2019-01-13 22:51:00,608112.0,680422.2078336504,680423.0,0.0,72311.0,72311.0,False
2019-01-13 22:52:00,588502.0,662749.0341057056,662750.0,0.0,74248.0,74248.0,False
2019-01-13 22:53:00,591968.0,652249.3030903046,652250.0,0.0,60282.0,60282.0,False
2019-01-13 22:54:00,593665.0,654993.3921021825,654994.0,0.0,61329.0,61329.0,False
2019-01-13 22:55:00,597600.0,667978.6311829461,667979.0,0.0,70379.0,70379.0,False
2019-01-13 22:56:00,589237.0,674435.6396958055,674436.0,0.0,85199.0,85199.0,False
2019-01-13 22:57:00,585298.0,653185.1551096943,653186.0,0.0,67888.0,67888.0,False
2019-01-13 22:58:00,606630.0,648214.7068421339,648215.0,0.0,41585.0,41585.0,False
2019-01-13 22:59:00,589822.0,663384.3638913061,663385.0,0.0,73563.0,73563.0,False
2019-01-13 23:00:00,703777.0,702676.2527100949,702677.0,1100.0,0.0,11000.0,False
2019-01-13 23:01:00,647071.0,727062.1117968071,727063.0,0.0,79992.0,79992.0,False
2019-01-13 23:02:00,635905.0,711398.624838461,711399.0,0.0,75494.0,75494.0,False
2019-01-13 23:03:00,620118.0,715932.3659720975,715933.0,0.0,95815.0,95815.0,False
2019-01-13 23:04:00,608038.0,691852.574868747,691853.0,0.0,83815.0,83815.0,False
2019-01-13 23:05:00,614425.0,711086.2478210593,711087.0,0.0,96662.0,96662.0,False
2019-01-13 23:06:00,613815.0,723129.2380294831,723130.0,0.0,109315.0,109315.0,False
2019-01-13 23:07:00,669309.0,719448.664112917,719449.0,0.0,50140.0,50140.0,False
2019-01-13 23:08:00,659348.0,758306.8452651937,758307.0,0.0,98959.0,98959.0,False
2019-01-13 23:09:00,662596.0,750768.9418953417,750769.0,0.0,88173.0,88173.0,False
2019-01-13 23:10:00,686017.0,766696.2716296955,766697.0,0.0,80680.0,80680.0,False
2019-01-13 23:11:00,644829.0,752470.5947820611,752471.0,0.0,107642.0,107642.0,False
2019-01-13 23:12:00,624998.0,726634.8991803118,726635.0,0.0,101637.0,101637.0,False
2019-01-13 23:13:00,618167.0,698959.8157028598,698960.0,0.0,80793.0,80793.0,False
2019-01-13 23:14:00,599244.0,699607.0155086673,699608.0,0.0,100364.0,100364.0,False
2019-01-13 23:15:00,626728.0,689096.7850213062,689097.0,0.0,62369.0,62369.0,False
2019-01-13 23:16:00,606231.0,702608.2943067627,702609.0,0.0,96378.0,96378.0,False
2019-01-13 23:17:00,608134.0,694632.0710437655,694633.0,0.0,86499.0,86499.0,False
2019-01-13 23:18:00,612232.0,693794.2275526272,693795.0,0.0,81563.0,81563.0,False
2019-01-13 23:19:00,589391.0,697192.6267780688,697193.0,0.0,107802.0,107802.0,False
2019-01-13 23:20:00,644545.0,717820.568053687,717821.0,0.0,73276.0,73276.0,False
2019-01-13 23:21:00,636841.0,701789.8493303175,701790.0,0.0,64949.0,64949.0,False
2019-01-13 23:22:00,611602.0,707152.8170999192,707153.0,0.0,95551.0,95551.0,False
2019-01-13 23:23:00,593237.0,694535.190916074,694536.0,0.0,101299.0,101299.0,False
2019-01-13 23:24:00,608121.0,683653.9735268832,683654.0,0.0,75533.0,75533.0,False
2019-01-13 23:25:00,604425.0,711506.1120587931,711507.0,0.0,107082.0,107082.0,False
2019-01-13 23:26:00,593230.0,690224.5808645478,690225.0,0.0,96995.0,96995.0,False
2019-01-13 23:27:00,602130.0,676986.3118318492,676987.0,0.0,74857.0,74857.0,False
2019-01-13 23:28:00,605886.0,683301.6339955716,683302.0,0.0,77416.0,77416.0,False
2019-01-13 23:29:00,621249.0,689321.7272099811,689322.0,0.0,68073.0,68073.0,False
2019-01-13 23:30:00,680201.0,715294.1793926847,715295.0,0.0,35094.0,35094.0,False
2019-01-13 23:31:00,630802.0,716191.7350550488,716192.0,0.0,85390.0,85390.0,False
2019-01-13 23:32:00,615899.0,702174.6474714077,702175.0,0.0,86276.0,86276.0,False
2019-01-13 23:33:00,620871.0,696445.8461127199,696446.0,0.0,75575.0,75575.0,False
2019-01-13 23:34:00,598207.0,691589.431682808,691590.0,0.0,93383.0,93383.0,False
2019-01-13 23:35:00,610651.0,694897.8025755746,694898.0,0.0,84247.0,84247.0,False
2019-01-13 23:36:00,600688.0,692611.4564696997,692612.0,0.0,91924.0,91924.0,False
2019-01-13 23:37:00,604343.0,679813.5256211117,679814.0,0.0,75471.0,75471.0,False
2019-01-13 23:38:00,600874.0,673250.9204197192,673251.0,0.0,72377.0,72377.0,False
2019-01-13 23:39:00,573240.0,671777.1970115801,671778.0,0.0,98538.0,98538.0,False
2019-01-13 23:40:00,621477.0,693521.3670535812,693522.0,0.0,72045.0,72045.0,False
2019-01-13 23:41:00,602338.0,677743.0693239144,677744.0,0.0,75406.0,75406.0,False
2019-01-13 23:42:00,590068.0,672025.195608125,672026.0,0.0,81958.0,81958.0,False
2019-01-13 23:43:00,596692.0,672441.9108467735,672442.0,0.0,75750.0,75750.0,False
2019-01-13 23:44:00,600927.0,663940.6176201928,663941.0,0.0,63014.0,63014.0,False
2019-01-13 23:45:00,653071.0,688175.0714686904,688176.0,0.0,35105.0,35105.0,False
2019-01-13 23:46:00,621614.0,696929.2960715309,696930.0,0.0,75316.0,75316.0,False
2019-01-13 23:47:00,606799.0,681868.017058036,681869.0,0.0,75070.0,75070.0,False
2019-01-13 23:48:00,598873.0,677072.8069752613,677073.0,0.0,78200.0,78200.0,False
2019-01-13 23:49:00,591034.0,672086.1341789766,672087.0,0.0,81053.0,81053.0,False
2019-01-13 23:50:00,618909.0,687730.4036657598,687731.0,0.0,68822.0,68822.0,False
2019-01-13 23:51:00,592778.0,682920.187705307,682921.0,0.0,90143.0,90143.0,False
2019-01-13 23:52:00,583822.0,663026.8332910445,663027.0,0.0,79205.0,79205.0,False
2019-01-13 23:53:00,572881.0,655968.5902288378,655969.0,0.0,83088.0,83088.0,False
2019-01-13 23:54:00,579033.0,651151.56732601,651152.0,0.0,72119.0,72119.0,False
2019-01-13 23:55:00,601101.0,688197.583065837,688198.0,0.0,87097.0,87097.0,False
2019-01-13 23:56:00,605542.0,664850.9578548907,664851.0,0.0,59309.0,59309.0,False
2019-01-13 23:57:00,578247.0,663576.0206332847,663577.0,0.0,85330.0,85330.0,False
2019-01-13 23:58:00,593032.0,650049.6792087818,650050.0,0.0,57018.0,57018.0,False
2019-01-13 23:59:00,582241.0,658250.9218867386,658251.0,0.0,76010.0,76010.0,False
2019-01-14 00:00:00,724008.0,698282.6431571479,698283.0,25725.0,0.0,257250.0,False
2019-01-14 00:01:00,686866.0,760017.6744762689,760018.0,0.0,73152.0,73152.0,False
2019-01-14 00:02:00,676676.0,748616.4998892744,748617.0,0.0,71941.0,71941.0,False
2019-01-14 00:03:00,702263.0,759008.1574216768,759009.0,0.0,56746.0,56746.0,False
2019-01-14 00:04:00,750027.0,759899.1536454168,759900.0,0.0,9873.0,9873.0,False
2019-01-14 00:05:00,768514.0,864625.4098079687,864626.0,0.0,96112.0,96112.0,False
2019-01-14 00:06:00,760477.0,863602.0012082767,863603.0,0.0,103126.0,103126.0,False
2019-01-14 00:07:00,690234.0,884839.3146664638,884840.0,0.0,194606.0,194606.0,False
2019-01-14 00:08:00,653675.0,811229.5161743554,811230.0,0.0,157555.0,157555.0,False
2019-01-14 00:09:00,646362.0,805677.5816067376,805678.0,0.0,159316.0,159316.0,False
2019-01-14 00:10:00,661470.0,799054.8990575778,799055.0,0.0,137585.0,137585.0,False
2019-01-14 00:11:00,614286.0,791294.8024372498,791295.0,0.0,177009.0,177009.0,False
2019-01-14 00:12:00,640283.0,764397.1089411044,764398.0,0.0,124115.0,124115.0,False
2019-01-14 00:13:00,661933.0,779228.7786359598,779229.0,0.0,117296.0,117296.0,False
2019-01-14 00:14:00,647814.0,795420.8831123919,795421.0,0.0,147607.0,147607.0,False
2019-01-14 00:15:00,660230.0,791736.518004311,791737.0,0.0,131507.0,131507.0,False
2019-01-14 00:16:00,633263.0,794402.5204379477,794403.0,0.0,161140.0,161140.0,False
2019-01-14 00:17:00,612830.0,808635.1127043554,808636.0,0.0,195806.0,195806.0,False
2019-01-14 00:18:00,620193.0,772697.5855627517,772698.0,0.0,152505.0,152505.0,False
2019-01-14 00:19:00,602740.0,773934.9855101896,773935.0,0.0,171195.0,171195.0,False
2019-01-14 00:20:00,633806.0,783262.522200732,783263.0,0.0,149457.0,149457.0,False
2019-01-14 00:21:00,614246.0,774260.4731982725,774261.0,0.0,160015.0,160015.0,False
2019-01-14 00:22:00,592625.0,763817.9590610866,763818.0,0.0,171193.0,171193.0,False
2019-01-14 00:23:00,606052.0,762420.3943603169,762421.0,0.0,156369.0,156369.0,False
2019-01-14 00:24:00,596656.0,760600.5166667075,760601.0,0.0,163945.0,163945.0,False
2019-01-14 00:25:00,630457.0,782402.6686274037,782403.0,0.0,151946.0,151946.0,False
2019-01-14 00:26:00,612414.0,764126.9590180141,764127.0,0.0,151713.0,151713.0,False
2019-01-14 00:27:00,615933.0,754101.6269622324,754102.0,0.0,138169.0,138169.0,False
2019-01-14 00:28:00,612140.0,761195.5613305708,761196.0,0.0,149056.0,149056.0,False
2019-01-14 00:29:00,619235.0,756790.0666141524,756791.0,0.0,137556.0,137556.0,False
2019-01-14 00:30:00,661329.0,803505.77282189,803506.0,0.0,142177.0,142177.0,False
2019-01-14 00:31:00,651960.0,759256.207248385,759257.0,0.0,107297.0,107297.0,False
2019-01-14 00:32:00,604361.0,766175.36448749,766176.0,0.0,161815.0,161815.0,False
2019-01-14 00:33:00,608555.0,737253.5197437993,737254.0,0.0,128699.0,128699.0,False
2019-01-14 00:34:00,607374.0,734984.6760474057,734985.0,0.0,127611.0,127611.0,False
2019-01-14 00:35:00,593715.0,723056.9357510273,723057.0,0.0,129342.0,129342.0,False
2019-01-14 00:36:00,589115.0,695559.0422816738,695560.0,0.0,106445.0,106445.0,False
2019-01-14 00:37:00,574144.0,685641.4184134129,685642.0,0.0,111498.0,111498.0,False
2019-01-14 00:38:00,599723.0,667154.2408506137,667155.0,0.0,67432.0,67432.0,False
2019-01-14 00:39:00,588388.0,677899.878278502,677900.0,0.0,89512.0,89512.0,False
2019-01-14 00:40:00,616983.0,685475.587589996,685476.0,0.0,68493.0,68493.0,False
2019-01-14 00:41:00,600285.0,699047.9957343233,699048.0,0.0,98763.0,98763.0,False
2019-01-14 00:42:00,580191.0,670597.6510620408,670598.0,0.0,90407.0,90407.0,False
2019-01-14 00:43:00,589322.0,667778.4990429808,667779.0,0.0,78457.0,78457.0,False
2019-01-14 00:44:00,589025.0,658243.9405851576,658244.0,0.0,69219.0,69219.0,False
2019-01-14 00:45:00,615643.0,670661.1018202165,670662.0,0.0,55019.0,55019.0,False
2019-01-14 00:46:00,607328.0,670720.7013904512,670721.0,0.0,63393.0,63393.0,False
2019-01-14 00:47:00,593823.0,666126.8851602332,666127.0,0.0,72304.0,72304.0,False
2019-01-14 00:48:00,593657.0,654571.4934277096,654572.0,0.0,60915.0,60915.0,False
2019-01-14 00:49:00,598774.0,651597.3014435545,651598.0,0.0,52824.0,52824.0,False
2019-01-14 00:50:00,635094.0,682754.7124841666,682755.0,0.0,47661.0,47661.0,False
2019-01-14 00:51:00,606319.0,662807.7580478232,662808.0,0.0,56489.0,56489.0,False
2019-01-14 00:52:00,583038.0,655632.447368677,655633.0,0.0,72595.0,72595.0,False
2019-01-14 00:53:00,582240.0,642446.0088994816,642447.0,0.0,60207.0,60207.0,False
2019-01-14 00:54:00,590908.0,640562.869321201,640563.0,0.0,49655.0,49655.0,False
2019-01-14 00:55:00,595042.0,668892.2545813386,668893.0,0.0,73851.0,73851.0,False
2019-01-14 00:56:00,612850.0,650634.6854109769,650635.0,0.0,37785.0,37785.0,False
2019-01-14 00:57:00,609483.0,656906.1030761306,656907.0,0.0,47424.0,47424.0,False
2019-01-14 00:58:00,587247.0,658845.5301756478,658846.0,0.0,71599.0,71599.0,False
2019-01-14 00:59:00,577520.0,652633.8893635955,652634.0,0.0,75114.0,75114.0,False
2019-01-14 01:00:00,676954.0,679237.404882402,679238.0,0.0,2284.0,2284.0,False
2019-01-14 01:01:00,639336.0,700408.0829304759,700409.0,0.0,61073.0,61073.0,False
2019-01-14 01:02:00,635492.0,688249.6218905761,688250.0,0.0,52758.0,52758.0,False
2019-01-14 01:03:00,625915.0,703676.2768403483,703677.0,0.0,77762.0,77762.0,False
2019-01-14 01:04:00,602986.0,690049.9541697018,690050.0,0.0,87064.0,87064.0,False
2019-01-14 01:05:00,615172.0,684860.0933018983,684861.0,0.0,69689.0,69689.0,False
2019-01-14 01:06:00,650273.0,695378.9732842142,695379.0,0.0,45106.0,45106.0,False
2019-01-14 01:07:00,658641.0,725513.7268725662,725514.0,0.0,66873.0,66873.0,False
2019-01-14 01:08:00,672226.0,729038.6962059323,729039.0,0.0,56813.0,56813.0,False
2019-01-14 01:09:00,664053.0,729093.9140937349,729094.0,0.0,65041.0,65041.0,False
2019-01-14 01:10:00,688272.0,741602.1449733847,741603.0,0.0,53331.0,53331.0,False
2019-01-14 01:11:00,662530.0,732857.8469722976,732858.0,0.0,70328.0,70328.0,False
2019-01-14 01:12:00,619185.0,714403.5674984216,714404.0,0.0,95219.0,95219.0,False
2019-01-14 01:13:00,603714.0,688923.7753368437,688924.0,0.0,85210.0,85210.0,False
2019-01-14 01:14:00,582492.0,676713.4401587725,676714.0,0.0,94222.0,94222.0,False
2019-01-14 01:15:00,601546.0,674882.1911860395,674883.0,0.0,73337.0,73337.0,False
2019-01-14 01:16:00,599824.0,680594.5441610755,680595.0,0.0,80771.0,80771.0,False
2019-01-14 01:17:00,595465.0,682564.5195631821,682565.0,0.0,87100.0,87100.0,False
2019-01-14 01:18:00,583158.0,685727.0146638156,685728.0,0.0,102570.0,102570.0,False
2019-01-14 01:19:00,580202.0,677811.4676104462,677812.0,0.0,97610.0,97610.0,False
2019-01-14 01:20:00,605787.0,688429.0881068731,688430.0,0.0,82643.0,82643.0,False
2019-01-14 01:21:00,574633.0,699234.525480764,699235.0,0.0,124602.0,124602.0,False
2019-01-14 01:22:00,578424.0,694706.4432761163,694707.0,0.0,116283.0,116283.0,False
2019-01-14 01:23:00,564686.0,678132.0409791009,678133.0,0.0,113447.0,113447.0,False
2019-01-14 01:24:00,563107.0,659871.5463211177,659872.0,0.0,96765.0,96765.0,False
2019-01-14 01:25:00,586602.0,674616.8536319359,674617.0,0.0,88015.0,88015.0,False
2019-01-14 01:26:00,572238.0,668693.1324274406,668694.0,0.0,96456.0,96456.0,False
2019-01-14 01:27:00,583263.0,665745.0904778499,665746.0,0.0,82483.0,82483.0,False
2019-01-14 01:28:00,586359.0,665484.041053304,665485.0,0.0,79126.0,79126.0,False
2019-01-14 01:29:00,592079.0,667209.6059654611,667210.0,0.0,75131.0,75131.0,False
2019-01-14 01:30:00,631658.0,698371.716042119,698372.0,0.0,66714.0,66714.0,False
2019-01-14 01:31:00,610743.0,678894.9589171984,678895.0,0.0,68152.0,68152.0,False
2019-01-14 01:32:00,593795.0,671641.7743927338,671642.0,0.0,77847.0,77847.0,False
2019-01-14 01:33:00,612835.0,659601.9216933135,659602.0,0.0,46767.0,46767.0,False
2019-01-14 01:34:00,587121.0,672668.9325088493,672669.0,0.0,85548.0,85548.0,False
2019-01-14 01:35:00,593417.0,670457.9093318689,670458.0,0.0,77041.0,77041.0,False
2019-01-14 01:36:00,599434.0,663952.0886927528,663953.0,0.0,64519.0,64519.0,False
2019-01-14 01:37:00,594103.0,664782.4741407321,664783.0,0.0,70680.0,70680.0,False
2019-01-14 01:38:00,598315.0,662432.623567694,662433.0,0.0,64118.0,64118.0,False
2019-01-14 01:39:00,598095.0,661440.4984267758,661441.0,0.0,63346.0,63346.0,False
2019-01-14 01:40:00,612515.0,695619.4619209998,695620.0,0.0,83105.0,83105.0,False
2019-01-14 01:41:00,594206.0,669697.7741898829,669698.0,0.0,75492.0,75492.0,False
2019-01-14 01:42:00,584676.0,663593.5434356389,663594.0,0.0,78918.0,78918.0,False
2019-01-14 01:43:00,593841.0,670068.9623141303,670069.0,0.0,76228.0,76228.0,False
2019-01-14 01:44:00,572140.0,654233.3051051573,654234.0,0.0,82094.0,82094.0,False
2019-01-14 01:45:00,592478.0,652892.3745653447,652893.0,0.0,60415.0,60415.0,False
2019-01-14 01:46:00,581277.0,653293.5516148612,653294.0,0.0,72017.0,72017.0,False
2019-01-14 01:47:00,576015.0,646230.6671387055,646231.0,0.0,70216.0,70216.0,False
2019-01-14 01:48:00,593748.0,645338.8148219201,645339.0,0.0,51591.0,51591.0,False
2019-01-14 01:49:00,588534.0,643358.4919650621,643359.0,0.0,54825.0,54825.0,False
2019-01-14 01:50:00,604205.0,678552.8503534121,678553.0,0.0,74348.0,74348.0,False
2019-01-14 01:51:00,585638.0,654289.664014699,654290.0,0.0,68652.0,68652.0,False
2019-01-14 01:52:00,586197.0,639394.7596853597,639395.0,0.0,53198.0,53198.0,False
2019-01-14 01:53:00,589045.0,634216.4109874456,634217.0,0.0,45172.0,45172.0,False
2019-01-14 01:54:00,586329.0,626706.5055795889,626707.0,0.0,40378.0,40378.0,False
2019-01-14 01:55:00,594730.0,639609.4336618028,639610.0,0.0,44880.0,44880.0,False
2019-01-14 01:56:00,604010.0,628424.5811478776,628425.0,0.0,24415.0,24415.0,False
2019-01-14 01:57:00,553544.0,635379.3304161734,635380.0,0.0,81836.0,81836.0,False
2019-01-14 01:58:00,583737.0,622131.7927422422,622132.0,0.0,38395.0,38395.0,False
2019-01-14 01:59:00,574871.0,636653.2042730197,636654.0,0.0,61783.0,61783.0,False
2019-01-14 02:00:00,662813.0,650487.8423194912,650488.0,12325.0,0.0,123250.0,False
2019-01-14 02:01:00,626663.0,692257.5183617824,692258.0,0.0,65595.0,65595.0,False
2019-01-14 02:02:00,630428.0,683146.862629747,683147.0,0.0,52719.0,52719.0,False
2019-01-14 02:03:00,610738.0,701914.6856910986,701915.0,0.0,91177.0,91177.0,False
2019-01-14 02:04:00,603111.0,671928.6218988966,671929.0,0.0,68818.0,68818.0,False
2019-01-14 02:05:00,630392.0,681491.2740017008,681492.0,0.0,51100.0,51100.0,False
2019-01-14 02:06:00,702394.0,711965.5160501425,711966.0,0.0,9572.0,9572.0,False
2019-01-14 02:07:00,698618.0,786597.3136904166,786598.0,0.0,87980.0,87980.0,False
2019-01-14 02:08:00,699105.0,776115.1559358448,776116.0,0.0,77011.0,77011.0,False
2019-01-14 02:09:00,646306.0,770807.0659540016,770808.0,0.0,124502.0,124502.0,False
2019-01-14 02:10:00,618290.0,736487.0626182961,736488.0,0.0,118198.0,118198.0,False
2019-01-14 02:11:00,621798.0,708924.842806202,708925.0,0.0,87127.0,87127.0,False
2019-01-14 02:12:00,599828.0,717481.60327684,717482.0,0.0,117654.0,117654.0,False
2019-01-14 02:13:00,606306.0,696059.7723409596,696060.0,0.0,89754.0,89754.0,False
2019-01-14 02:14:00,612062.0,702818.3805891415,702819.0,0.0,90757.0,90757.0,False
2019-01-14 02:15:00,630775.0,706993.6823992052,706994.0,0.0,76219.0,76219.0,False
2019-01-14 02:16:00,619182.0,719066.2362928679,719067.0,0.0,99885.0,99885.0,False
2019-01-14 02:17:00,597184.0,708943.3902390618,708944.0,0.0,111760.0,111760.0,False
2019-01-14 02:18:00,578319.0,718609.2797225134,718610.0,0.0,140291.0,140291.0,False
2019-01-14 02:19:00,577190.0,706247.007190682,706248.0,0.0,129058.0,129058.0,False
2019-01-14 02:20:00,606664.0,695791.8543418325,695792.0,0.0,89128.0,89128.0,False
2019-01-14 02:21:00,608332.0,715840.606387423,715841.0,0.0,107509.0,107509.0,False
2019-01-14 02:22:00,577247.0,701013.9661929151,701014.0,0.0,123767.0,123767.0,False
2019-01-14 02:23:00,588671.0,686426.4505913534,686427.0,0.0,97756.0,97756.0,False
2019-01-14 02:24:00,591482.0,690683.4191401273,690684.0,0.0,99202.0,99202.0,False
2019-01-14 02:25:00,600822.0,721882.4403468182,721883.0,0.0,121061.0,121061.0,False
2019-01-14 02:26:00,601005.0,722551.7517509582,722552.0,0.0,121547.0,121547.0,False
2019-01-14 02:27:00,585256.0,693852.1626842438,693853.0,0.0,108597.0,108597.0,False
2019-01-14 02:28:00,619376.0,689554.6127884362,689555.0,0.0,70179.0,70179.0,False
2019-01-14 02:29:00,597214.0,709693.9353516067,709694.0,0.0,112480.0,112480.0,False
2019-01-14 02:30:00,657216.0,718604.8736515456,718605.0,0.0,61389.0,61389.0,False
2019-01-14 02:31:00,590080.0,730020.2569624447,730021.0,0.0,139941.0,139941.0,False
2019-01-14 02:32:00,613328.0,689920.013054479,689921.0,0.0,76593.0,76593.0,False
2019-01-14 02:33:00,607946.0,709726.897955889,709727.0,0.0,101781.0,101781.0,False
2019-01-14 02:34:00,593981.0,704771.7042855945,704772.0,0.0,110791.0,110791.0,False
2019-01-14 02:35:00,605660.0,704706.6679646894,704707.0,0.0,99047.0,99047.0,False
2019-01-14 02:36:00,606875.0,697309.9473188161,697310.0,0.0,90435.0,90435.0,False
2019-01-14 02:37:00,584617.0,686176.1616858899,686177.0,0.0,101560.0,101560.0,False
2019-01-14 02:38:00,575358.0,677381.2892490557,677382.0,0.0,102024.0,102024.0,False
2019-01-14 02:39:00,579152.0,667481.8218099743,667482.0,0.0,88330.0,88330.0,False
2019-01-14 02:40:00,615563.0,691857.5659199997,691858.0,0.0,76295.0,76295.0,False
2019-01-14 02:41:00,594108.0,681368.0039642567,681369.0,0.0,87261.0,87261.0,False
2019-01-14 02:42:00,593272.0,667808.3771519281,667809.0,0.0,74537.0,74537.0,False
2019-01-14 02:43:00,592151.0,672576.1273952798,672577.0,0.0,80426.0,80426.0,False
2019-01-14 02:44:00,596551.0,669685.0119108297,669686.0,0.0,73135.0,73135.0,False
2019-01-14 02:45:00,626458.0,692511.6156636662,692512.0,0.0,66054.0,66054.0,False
2019-01-14 02:46:00,620164.0,679274.9625941315,679275.0,0.0,59111.0,59111.0,False
2019-01-14 02:47:00,604021.0,685702.0279108603,685703.0,0.0,81682.0,81682.0,False
2019-01-14 02:48:00,579581.0,679365.6544111891,679366.0,0.0,99785.0,99785.0,False
2019-01-14 02:49:00,592229.0,659819.4029554925,659820.0,0.0,67591.0,67591.0,False
2019-01-14 02:50:00,628801.0,685139.1753970247,685140.0,0.0,56339.0,56339.0,False
2019-01-14 02:51:00,589419.0,676613.2272363122,676614.0,0.0,87195.0,87195.0,False
2019-01-14 02:52:00,586251.0,662255.163347184,662256.0,0.0,76005.0,76005.0,False
2019-01-14 02:53:00,571031.0,656940.4733303121,656941.0,0.0,85910.0,85910.0,False
2019-01-14 02:54:00,578521.0,649189.1895671141,649190.0,0.0,70669.0,70669.0,False
2019-01-14 02:55:00,597500.0,671688.1929871943,671689.0,0.0,74189.0,74189.0,False
2019-01-14 02:56:00,588547.0,659982.4408266197,659983.0,0.0,71436.0,71436.0,False
2019-01-14 02:57:00,591917.0,656943.2818792083,656944.0,0.0,65027.0,65027.0,False
2019-01-14 02:58:00,584230.0,655123.7123773538,655124.0,0.0,70894.0,70894.0,False
2019-01-14 02:59:00,593274.0,653746.1099512792,653747.0,0.0,60473.0,60473.0,False
2019-01-14 03:00:00,679837.0,693644.2460974527,693645.0,0.0,13808.0,13808.0,False
2019-01-14 03:01:00,622688.0,694807.0138775603,694808.0,0.0,72120.0,72120.0,False
2019-01-14 03:02:00,604889.0,662294.0163433596,662295.0,0.0,57406.0,57406.0,False
2019-01-14 03:03:00,617184.0,655588.0990218128,655589.0,0.0,38405.0,38405.0,False
2019-01-14 03:04:00,597274.0,661042.9067620252,661043.0,0.0,63769.0,63769.0,False
2019-01-14 03:05:00,622600.0,668700.7441601105,668701.0,0.0,46101.0,46101.0,False
2019-01-14 03:06:00,592123.0,688597.6434241366,688598.0,0.0,96475.0,96475.0,False
2019-01-14 03:07:00,626849.0,682621.7841858008,682622.0,0.0,55773.0,55773.0,False
2019-01-14 03:08:00,682292.0,692781.035457433,692782.0,0.0,10490.0,10490.0,False
2019-01-14 03:09:00,700401.0,736625.5194999867,736626.0,0.0,36225.0,36225.0,False
2019-01-14 03:10:00,666389.0,750133.3632979912,750134.0,0.0,83745.0,83745.0,False
2019-01-14 03:11:00,612572.0,708836.1438177719,708837.0,0.0,96265.0,96265.0,False
2019-01-14 03:12:00,621920.0,690273.5374173431,690274.0,0.0,68354.0,68354.0,False
2019-01-14 03:13:00,613161.0,692261.1781200196,692262.0,0.0,79101.0,79101.0,False
2019-01-14 03:14:00,609025.0,702756.8698912823,702757.0,0.0,93732.0,93732.0,False
2019-01-14 03:15:00,623121.0,688848.9319172659,688849.0,0.0,65728.0,65728.0,False
2019-01-14 03:16:00,637494.0,696026.4196634954,696027.0,0.0,58533.0,58533.0,False
2019-01-14 03:17:00,635466.0,709982.5332701366,709983.0,0.0,74517.0,74517.0,False
2019-01-14 03:18:00,617721.0,712800.1596366913,712801.0,0.0,95080.0,95080.0,False
2019-01-14 03:19:00,583251.0,708786.7748502957,708787.0,0.0,125536.0,125536.0,False
2019-01-14 03:20:00,622233.0,703934.1967746902,703935.0,0.0,81702.0,81702.0,False
2019-01-14 03:21:00,615859.0,703001.9005125543,703002.0,0.0,87143.0,87143.0,False
2019-01-14 03:22:00,616556.0,698557.8142408531,698558.0,0.0,82002.0,82002.0,False
2019-01-14 03:23:00,597281.0,692329.9310110928,692330.0,0.0,95049.0,95049.0,False
2019-01-14 03:24:00,570549.0,681448.4550789134,681449.0,0.0,110900.0,110900.0,False
2019-01-14 03:25:00,604727.0,673065.4269853716,673066.0,0.0,68339.0,68339.0,False
2019-01-14 03:26:00,598281.0,693106.5717582103,693107.0,0.0,94826.0,94826.0,False
2019-01-14 03:27:00,603782.0,706389.5460577934,706390.0,0.0,102608.0,102608.0,False
2019-01-14 03:28:00,588089.0,688394.9619537718,688395.0,0.0,100306.0,100306.0,False
2019-01-14 03:29:00,607015.0,674649.7283492103,674650.0,0.0,67635.0,67635.0,False
2019-01-14 03:30:00,666081.0,707206.7549777725,707207.0,0.0,41126.0,41126.0,False
2019-01-14 03:31:00,617054.0,720115.3529550862,720116.0,0.0,103062.0,103062.0,False
2019-01-14 03:32:00,589402.0,696594.5713360758,696595.0,0.0,107193.0,107193.0,False
2019-01-14 03:33:00,592313.0,684009.5405480328,684010.0,0.0,91697.0,91697.0,False
2019-01-14 03:34:00,597191.0,679226.7185839668,679227.0,0.0,82036.0,82036.0,False
2019-01-14 03:35:00,608885.0,698911.1840126506,698912.0,0.0,90027.0,90027.0,False
2019-01-14 03:36:00,614924.0,696738.6941692646,696739.0,0.0,81815.0,81815.0,False
2019-01-14 03:37:00,591135.0,694960.4192020809,694961.0,0.0,103826.0,103826.0,False
2019-01-14 03:38:00,575684.0,679842.0192480884,679843.0,0.0,104159.0,104159.0,False
2019-01-14 03:39:00,583480.0,663277.4401108661,663278.0,0.0,79798.0,79798.0,False
2019-01-14 03:40:00,606771.0,690114.3713475676,690115.0,0.0,83344.0,83344.0,False
2019-01-14 03:41:00,591184.0,693981.9292777121,693982.0,0.0,102798.0,102798.0,False
2019-01-14 03:42:00,579308.0,661843.4120611751,661844.0,0.0,82536.0,82536.0,False
2019-01-14 03:43:00,587563.0,654157.7679484269,654158.0,0.0,66595.0,66595.0,False
2019-01-14 03:44:00,578360.0,662187.4679303841,662188.0,0.0,83828.0,83828.0,False
2019-01-14 03:45:00,612950.0,674106.417504187,674107.0,0.0,61157.0,61157.0,False
2019-01-14 03:46:00,596192.0,669703.2522623109,669704.0,0.0,73512.0,73512.0,False
2019-01-14 03:47:00,591518.0,660540.8779410277,660541.0,0.0,69023.0,69023.0,False
2019-01-14 03:48:00,592613.0,663462.691213417,663463.0,0.0,70850.0,70850.0,False
2019-01-14 03:49:00,579253.0,661551.0633373124,661552.0,0.0,82299.0,82299.0,False
2019-01-14 03:50:00,600333.0,677530.4609695472,677531.0,0.0,77198.0,77198.0,False
2019-01-14 03:51:00,604746.0,654288.7243773176,654289.0,0.0,49543.0,49543.0,False
2019-01-14 03:52:00,599344.0,659510.7581664358,659511.0,0.0,60167.0,60167.0,False
2019-01-14 03:53:00,592668.0,660651.6937265273,660652.0,0.0,67984.0,67984.0,False
2019-01-14 03:54:00,594867.0,658738.3202459575,658739.0,0.0,63872.0,63872.0,False
2019-01-14 03:55:00,601547.0,679380.1033941492,679381.0,0.0,77834.0,77834.0,False
2019-01-14 03:56:00,604289.0,661139.7694904004,661140.0,0.0,56851.0,56851.0,False
2019-01-14 03:57:00,585113.0,658848.173052319,658849.0,0.0,73736.0,73736.0,False
2019-01-14 03:58:00,577410.0,647790.374886196,647791.0,0.0,70381.0,70381.0,False
2019-01-14 03:59:00,589425.0,641572.7627343738,641573.0,0.0,52148.0,52148.0,False
2019-01-14 04:00:00,697029.0,669861.338826491,669862.0,27167.0,0.0,271670.0,False
2019-01-14 04:01:00,660790.0,712762.9806555503,712763.0,0.0,51973.0,51973.0,False
2019-01-14 04:02:00,632167.0,713138.7922870829,713139.0,0.0,80972.0,80972.0,False
2019-01-14 04:03:00,631597.0,707082.0439639941,707083.0,0.0,75486.0,75486.0,False
2019-01-14 04:04:00,600180.0,696689.0058719602,696690.0,0.0,96510.0,96510.0,False
2019-01-14 04:05:00,623522.0,691332.033119177,691333.0,0.0,67811.0,67811.0,False
2019-01-14 04:06:00,596248.0,725945.9333954202,725946.0,0.0,129698.0,129698.0,False
2019-01-14 04:07:00,581607.0,704556.4290013612,704557.0,0.0,122950.0,122950.0,False
2019-01-14 04:08:00,580618.0,679724.7946873526,679725.0,0.0,99107.0,99107.0,False
2019-01-14 04:09:00,591141.0,681579.8224291403,681580.0,0.0,90439.0,90439.0,False
2019-01-14 04:10:00,617690.0,716708.7089692261,716709.0,0.0,99019.0,99019.0,False
2019-01-14 04:11:00,599715.0,696622.790180687,696623.0,0.0,96908.0,96908.0,False
2019-01-14 04:12:00,589409.0,687814.4977784366,687815.0,0.0,98406.0,98406.0,False
2019-01-14 04:13:00,598879.0,690196.0446179019,690197.0,0.0,91318.0,91318.0,False
2019-01-14 04:14:00,585839.0,686845.809124823,686846.0,0.0,101007.0,101007.0,False
2019-01-14 04:15:00,604982.0,711513.7601833935,711514.0,0.0,106532.0,106532.0,False
2019-01-14 04:16:00,609346.0,685459.0286692766,685460.0,0.0,76114.0,76114.0,False
2019-01-14 04:17:00,603995.0,689672.6872801692,689673.0,0.0,85678.0,85678.0,False
2019-01-14 04:18:00,614134.0,689977.4460985283,689978.0,0.0,75844.0,75844.0,False
2019-01-14 04:19:00,598634.0,696670.9422196137,696671.0,0.0,98037.0,98037.0,False
2019-01-14 04:20:00,612941.0,714504.9211272716,714505.0,0.0,101564.0,101564.0,False
2019-01-14 04:21:00,607902.0,699456.7854735848,699457.0,0.0,91555.0,91555.0,False
2019-01-14 04:22:00,594345.0,693398.9728177268,693399.0,0.0,99054.0,99054.0,False
2019-01-14 04:23:00,591751.0,691642.2582151461,691643.0,0.0,99892.0,99892.0,False
2019-01-14 04:24:00,579338.0,682926.2002307818,682927.0,0.0,103589.0,103589.0,False
2019-01-14 04:25:00,599287.0,684826.2385839982,684827.0,0.0,85540.0,85540.0,False
2019-01-14 04:26:00,597834.0,687593.7218665594,687594.0,0.0,89760.0,89760.0,False
2019-01-14 04:27:00,566671.0,683904.0922005374,683905.0,0.0,117234.0,117234.0,False
2019-01-14 04:28:00,584909.0,681309.6942060539,681310.0,0.0,96401.0,96401.0,False
2019-01-14 04:29:00,589918.0,677068.8625231434,677069.0,0.0,87151.0,87151.0,False
2019-01-14 04:30:00,648537.0,709594.1584166754,709595.0,0.0,61058.0,61058.0,False
2019-01-14 04:31:00,615342.0,682875.6926507874,682876.0,0.0,67534.0,67534.0,False
2019-01-14 04:32:00,611144.0,664677.5951866069,664678.0,0.0,53534.0,53534.0,False
2019-01-14 04:33:00,595225.0,674651.4289268691,674652.0,0.0,79427.0,79427.0,False
2019-01-14 04:34:00,581029.0,658825.9724377822,658826.0,0.0,77797.0,77797.0,False
2019-01-14 04:35:00,607635.0,666502.1042988519,666503.0,0.0,58868.0,58868.0,False
2019-01-14 04:36:00,592691.0,663099.2840092181,663100.0,0.0,70409.0,70409.0,False
2019-01-14 04:37:00,591771.0,645365.6012663852,645366.0,0.0,53595.0,53595.0,False
2019-01-14 04:38:00,587780.0,634348.8171948515,634349.0,0.0,46569.0,46569.0,False
2019-01-14 04:39:00,606984.0,639548.5467453445,639549.0,0.0,32565.0,32565.0,False
2019-01-14 04:40:00,678532.0,686897.178689217,686898.0,0.0,8366.0,8366.0,False
2019-01-14 04:41:00,668562.0,688802.2663701983,688803.0,0.0,20241.0,20241.0,False
2019-01-14 04:42:00,623387.0,703029.7180140021,703030.0,0.0,79643.0,79643.0,False
2019-01-14 04:43:00,615886.0,681361.9225587776,681362.0,0.0,65476.0,65476.0,False
2019-01-14 04:44:00,647792.0,672943.6935512365,672944.0,0.0,25152.0,25152.0,False
2019-01-14 04:45:00,665412.0,706599.5863598696,706600.0,0.0,41188.0,41188.0,False
2019-01-14 04:46:00,661926.0,738016.4734461564,738017.0,0.0,76091.0,76091.0,False
2019-01-14 04:47:00,645203.0,734656.7871577779,734657.0,0.0,89454.0,89454.0,False
2019-01-14 04:48:00,618127.0,713077.5603174712,713078.0,0.0,94951.0,94951.0,False
2019-01-14 04:49:00,609602.0,698367.4364727263,698368.0,0.0,88766.0,88766.0,False
2019-01-14 04:50:00,614106.0,706798.8207269656,706799.0,0.0,92693.0,92693.0,False
2019-01-14 04:51:00,597144.0,711810.5821491922,711811.0,0.0,114667.0,114667.0,False
2019-01-14 04:52:00,600938.0,681723.020973935,681724.0,0.0,80786.0,80786.0,False
2019-01-14 04:53:00,593225.0,681189.3234779062,681190.0,0.0,87965.0,87965.0,False
2019-01-14 04:54:00,586083.0,686944.0887205981,686945.0,0.0,100862.0,100862.0,False
2019-01-14 04:55:00,595807.0,691528.7142018885,691529.0,0.0,95722.0,95722.0,False
2019-01-14 04:56:00,600295.0,696695.8536348315,696696.0,0.0,96401.0,96401.0,False
2019-01-14 04:57:00,604990.0,717390.2375106947,717391.0,0.0,112401.0,112401.0,False
2019-01-14 04:58:00,593882.0,688197.92130367,688198.0,0.0,94316.0,94316.0,False
2019-01-14 04:59:00,594173.0,688566.0981652351,688567.0,0.0,94394.0,94394.0,False
2019-01-14 05:00:00,696965.0,715829.0295063821,715830.0,0.0,18865.0,18865.0,False
2019-01-14 05:01:00,661256.0,751096.8959764686,751097.0,0.0,89841.0,89841.0,False
2019-01-14 05:02:00,637970.0,743799.5081570924,743800.0,0.0,105830.0,105830.0,False
2019-01-14 05:03:00,628963.0,744913.4072271349,744914.0,0.0,115951.0,115951.0,False
2019-01-14 05:04:00,592836.0,734295.9640124402,734296.0,0.0,141460.0,141460.0,False
2019-01-14 05:05:00,607714.0,716956.5428939206,716957.0,0.0,109243.0,109243.0,False
2019-01-14 05:06:00,592538.0,724735.9861452669,724736.0,0.0,132198.0,132198.0,False
2019-01-14 05:07:00,645079.0,707653.4545410833,707654.0,0.0,62575.0,62575.0,False
2019-01-14 05:08:00,652923.0,755773.3263856285,755774.0,0.0,102851.0,102851.0,False
2019-01-14 05:09:00,657840.0,752740.090239705,752741.0,0.0,94901.0,94901.0,False
2019-01-14 05:10:00,677156.0,775364.3357299055,775365.0,0.0,98209.0,98209.0,False
2019-01-14 05:11:00,668398.0,761135.3997943404,761136.0,0.0,92738.0,92738.0,False
2019-01-14 05:12:00,656794.0,753033.3013630402,753034.0,0.0,96240.0,96240.0,False
2019-01-14 05:13:00,639662.0,726688.3817021201,726689.0,0.0,87027.0,87027.0,False
2019-01-14 05:14:00,600651.0,732088.0718744622,732089.0,0.0,131438.0,131438.0,False
2019-01-14 05:15:00,627013.0,704311.0747539354,704312.0,0.0,77299.0,77299.0,False
2019-01-14 05:16:00,618807.0,722636.5663579399,722637.0,0.0,103830.0,103830.0,False
2019-01-14 05:17:00,614652.0,735729.9336720544,735730.0,0.0,121078.0,121078.0,False
2019-01-14 05:18:00,608849.0,727732.8889561831,727733.0,0.0,118884.0,118884.0,False
2019-01-14 05:19:00,597392.0,730321.746701544,730322.0,0.0,132930.0,132930.0,False
2019-01-14 05:20:00,638884.0,738727.6532290087,738728.0,0.0,99844.0,99844.0,False
2019-01-14 05:21:00,653698.0,728824.6672087824,728825.0,0.0,75127.0,75127.0,False
2019-01-14 05:22:00,646745.0,739816.8086079488,739817.0,0.0,93072.0,93072.0,False
2019-01-14 05:23:00,623909.0,743418.123902273,743419.0,0.0,119510.0,119510.0,False
2019-01-14 05:24:00,600845.0,725454.2483090722,725455.0,0.0,124610.0,124610.0,False
2019-01-14 05:25:00,618773.0,714665.1485076358,714666.0,0.0,95893.0,95893.0,False
2019-01-14 05:26:00,619560.0,717697.3225520839,717698.0,0.0,98138.0,98138.0,False
2019-01-14 05:27:00,628203.0,710528.9589336051,710529.0,0.0,82326.0,82326.0,False
2019-01-14 05:28:00,594132.0,722654.1114823387,722655.0,0.0,128523.0,128523.0,False
2019-01-14 05:29:00,606977.0,704177.1597067239,704178.0,0.0,97201.0,97201.0,False
2019-01-14 05:30:00,691350.0,719251.9517740606,719252.0,0.0,27902.0,27902.0,False
2019-01-14 05:31:00,672963.0,751016.9255283711,751017.0,0.0,78054.0,78054.0,False
2019-01-14 05:32:00,652094.0,750091.2762072812,750092.0,0.0,97998.0,97998.0,False
2019-01-14 05:33:00,674332.0,749869.1641799825,749870.0,0.0,75538.0,75538.0,False
2019-01-14 05:34:00,648153.0,761529.0386984878,761530.0,0.0,113377.0,113377.0,False
2019-01-14 05:35:00,652818.0,735709.7154517268,735710.0,0.0,82892.0,82892.0,False
2019-01-14 05:36:00,643219.0,748021.0558934874,748022.0,0.0,104803.0,104803.0,False
2019-01-14 05:37:00,634244.0,732787.5503147161,732788.0,0.0,98544.0,98544.0,False
2019-01-14 05:38:00,640978.0,720837.9412076374,720838.0,0.0,79860.0,79860.0,False
2019-01-14 05:39:00,648013.0,730931.8679681155,730932.0,0.0,82919.0,82919.0,False
2019-01-14 05:40:00,651590.0,760933.6788191855,760934.0,0.0,109344.0,109344.0,False
2019-01-14 05:41:00,637965.0,739127.5842061357,739128.0,0.0,101163.0,101163.0,False
2019-01-14 05:42:00,632759.0,732907.230808977,732908.0,0.0,100149.0,100149.0,False
2019-01-14 05:43:00,632653.0,754588.1762471376,754589.0,0.0,121936.0,121936.0,False
2019-01-14 05:44:00,617595.0,731662.6349874311,731663.0,0.0,114068.0,114068.0,False
2019-01-14 05:45:00,640348.0,731078.3815181005,731079.0,0.0,90731.0,90731.0,False
2019-01-14 05:46:00,659886.0,728710.0379332945,728711.0,0.0,68825.0,68825.0,False
2019-01-14 05:47:00,663086.0,742210.5864743377,742211.0,0.0,79125.0,79125.0,False
2019-01-14 05:48:00,642775.0,746321.4122283193,746322.0,0.0,103547.0,103547.0,False
2019-01-14 05:49:00,651533.0,735423.6282805288,735424.0,0.0,83891.0,83891.0,False
2019-01-14 05:50:00,655981.0,749983.187651889,749984.0,0.0,94003.0,94003.0,False
2019-01-14 05:51:00,644054.0,739402.0569013164,739403.0,0.0,95349.0,95349.0,False
2019-01-14 05:52:00,637252.0,727706.5373804373,727707.0,0.0,90455.0,90455.0,False
2019-01-14 05:53:00,634154.0,719478.7973841008,719479.0,0.0,85325.0,85325.0,False
2019-01-14 05:54:00,634984.0,717595.7668027742,717596.0,0.0,82612.0,82612.0,False
2019-01-14 05:55:00,597586.0,718366.7373032672,718367.0,0.0,120781.0,120781.0,False
2019-01-14 05:56:00,612409.0,700822.4167779055,700823.0,0.0,88414.0,88414.0,False
2019-01-14 05:57:00,608468.0,720706.6352578521,720707.0,0.0,112239.0,112239.0,False
2019-01-14 05:58:00,623296.0,703887.0481559782,703888.0,0.0,80592.0,80592.0,False
2019-01-14 05:59:00,645371.0,708807.5354217715,708808.0,0.0,63437.0,63437.0,False
2019-01-14 06:00:00,725785.0,730960.6116510443,730961.0,0.0,5176.0,5176.0,False
2019-01-14 06:01:00,679964.0,774865.496440681,774866.0,0.0,94902.0,94902.0,False
2019-01-14 06:02:00,679141.0,757005.624791347,757006.0,0.0,77865.0,77865.0,False
2019-01-14 06:03:00,678464.0,766627.221837461,766628.0,0.0,88164.0,88164.0,False
2019-01-14 06:04:00,647312.0,730877.1071292728,730878.0,0.0,83566.0,83566.0,False
2019-01-14 06:05:00,670040.0,762289.4564753599,762290.0,0.0,92250.0,92250.0,False
2019-01-14 06:06:00,641744.0,780633.5188509976,780634.0,0.0,138890.0,138890.0,False
2019-01-14 06:07:00,634744.0,744567.7499226545,744568.0,0.0,109824.0,109824.0,False
2019-01-14 06:08:00,722325.0,749534.3942824197,749535.0,0.0,27210.0,27210.0,False
2019-01-14 06:09:00,733797.0,812558.9158183857,812559.0,0.0,78762.0,78762.0,False
2019-01-14 06:10:00,749241.0,827901.9981701524,827902.0,0.0,78661.0,78661.0,False
2019-01-14 06:11:00,698603.0,828869.4873435308,828870.0,0.0,130267.0,130267.0,False
2019-01-14 06:12:00,659782.0,794726.5438380652,794727.0,0.0,134945.0,134945.0,False
2019-01-14 06:13:00,640003.0,766026.5838886236,766027.0,0.0,126024.0,126024.0,False
2019-01-14 06:14:00,656923.0,746138.1856607685,746139.0,0.0,89216.0,89216.0,False
2019-01-14 06:15:00,651325.0,770975.1388259039,770976.0,0.0,119651.0,119651.0,False
2019-01-14 06:16:00,643850.0,767191.1504721155,767192.0,0.0,123342.0,123342.0,False
2019-01-14 06:17:00,648529.0,764148.3280132269,764149.0,0.0,115620.0,115620.0,False
2019-01-14 06:18:00,660405.0,767800.7586525147,767801.0,0.0,107396.0,107396.0,False
2019-01-14 06:19:00,632829.0,767749.9217368986,767750.0,0.0,134921.0,134921.0,False
2019-01-14 06:20:00,647027.0,767721.3982843432,767722.0,0.0,120695.0,120695.0,False
2019-01-14 06:21:00,628865.0,794666.5228528565,794667.0,0.0,165802.0,165802.0,False
2019-01-14 06:22:00,630520.0,769528.7995702976,769529.0,0.0,139009.0,139009.0,False
2019-01-14 06:23:00,624091.0,757659.8405394844,757660.0,0.0,133569.0,133569.0,False
2019-01-14 06:24:00,628580.0,753363.595458183,753364.0,0.0,124784.0,124784.0,False
2019-01-14 06:25:00,647373.0,751530.6516589178,751531.0,0.0,104158.0,104158.0,False
2019-01-14 06:26:00,642270.0,749847.8307637614,749848.0,0.0,107578.0,107578.0,False
2019-01-14 06:27:00,633911.0,758693.6026922278,758694.0,0.0,124783.0,124783.0,False
2019-01-14 06:28:00,621964.0,765469.4271737278,765470.0,0.0,143506.0,143506.0,False
2019-01-14 06:29:00,611218.0,747601.3016149369,747602.0,0.0,136384.0,136384.0,False
2019-01-14 06:30:00,666612.0,763830.8418323441,763831.0,0.0,97219.0,97219.0,False
2019-01-14 06:31:00,618273.0,745353.6188953494,745354.0,0.0,127081.0,127081.0,False
2019-01-14 06:32:00,673224.0,725803.0796372525,725804.0,0.0,52580.0,52580.0,False
2019-01-14 06:33:00,663554.0,770668.9845079704,770669.0,0.0,107115.0,107115.0,False
2019-01-14 06:34:00,658450.0,761809.2807977457,761810.0,0.0,103360.0,103360.0,False
2019-01-14 06:35:00,666154.0,768094.448195999,768095.0,0.0,101941.0,101941.0,False
2019-01-14 06:36:00,631392.0,763523.8820891152,763524.0,0.0,132132.0,132132.0,False
2019-01-14 06:37:00,619589.0,739212.3695806243,739213.0,0.0,119624.0,119624.0,False
2019-01-14 06:38:00,596116.0,723517.6530576469,723518.0,0.0,127402.0,127402.0,False
2019-01-14 06:39:00,619545.0,698165.5856233571,698166.0,0.0,78621.0,78621.0,False
2019-01-14 06:40:00,674905.0,728728.6459734782,728729.0,0.0,53824.0,53824.0,False
2019-01-14 06:41:00,657413.0,736353.1530750553,736354.0,0.0,78941.0,78941.0,False
2019-01-14 06:42:00,642517.0,735194.9908813386,735195.0,0.0,92678.0,92678.0,False
2019-01-14 06:43:00,641231.0,733916.5715594091,733917.0,0.0,92686.0,92686.0,False
2019-01-14 06:44:00,654724.0,731211.1796263767,731212.0,0.0,76488.0,76488.0,False
2019-01-14 06:45:00,669955.0,745153.6163730976,745154.0,0.0,75199.0,75199.0,False
2019-01-14 06:46:00,652813.0,736576.1365544228,736577.0,0.0,83764.0,83764.0,False
2019-01-14 06:47:00,638826.0,729777.4728097512,729778.0,0.0,90952.0,90952.0,False
2019-01-14 06:48:00,655473.0,719790.6872225842,719791.0,0.0,64318.0,64318.0,False
2019-01-14 06:49:00,657186.0,733301.2865930132,733302.0,0.0,76116.0,76116.0,False
2019-01-14 06:50:00,668879.0,763334.2514281044,763335.0,0.0,94456.0,94456.0,False
2019-01-14 06:51:00,645687.0,746000.701219082,746001.0,0.0,100314.0,100314.0,False
2019-01-14 06:52:00,629315.0,721319.3985618674,721320.0,0.0,92005.0,92005.0,False
2019-01-14 06:53:00,617971.0,714989.9580924889,714990.0,0.0,97019.0,97019.0,False
2019-01-14 06:54:00,637702.0,708905.1334731961,708906.0,0.0,71204.0,71204.0,False
2019-01-14 06:55:00,649616.0,741558.7338186271,741559.0,0.0,91943.0,91943.0,False
2019-01-14 06:56:00,610571.0,719239.215749088,719240.0,0.0,108669.0,108669.0,False
2019-01-14 06:57:00,678967.0,702387.0698677906,702388.0,0.0,23421.0,23421.0,False
2019-01-14 06:58:00,625666.0,752326.7669147659,752327.0,0.0,126661.0,126661.0,False
2019-01-14 06:59:00,593984.0,728886.8761114969,728887.0,0.0,134903.0,134903.0,False
2019-01-14 07:00:00,732733.0,729031.2210861446,729032.0,3701.0,0.0,37010.0,False
2019-01-14 07:01:00,687551.0,804703.6574227347,804704.0,0.0,117153.0,117153.0,False
2019-01-14 07:02:00,684670.0,792293.8964340161,792294.0,0.0,107624.0,107624.0,False
2019-01-14 07:03:00,673223.0,793402.1954879202,793403.0,0.0,120180.0,120180.0,False
2019-01-14 07:04:00,682269.0,785439.3324932439,785440.0,0.0,103171.0,103171.0,False
2019-01-14 07:05:00,667838.0,818571.0157913476,818572.0,0.0,150734.0,150734.0,False
2019-01-14 07:06:00,731007.0,803116.5203758033,803117.0,0.0,72110.0,72110.0,False
2019-01-14 07:07:00,732876.0,859127.5822001747,859128.0,0.0,126252.0,126252.0,False
2019-01-14 07:08:00,723653.0,856888.572050442,856889.0,0.0,133236.0,133236.0,False
2019-01-14 07:09:00,705345.0,842645.9745188198,842646.0,0.0,137301.0,137301.0,False
2019-01-14 07:10:00,694661.0,835912.979393098,835913.0,0.0,141252.0,141252.0,False
2019-01-14 07:11:00,650565.0,811381.186317881,811382.0,0.0,160817.0,160817.0,False
2019-01-14 07:12:00,626170.0,781203.024536267,781204.0,0.0,155034.0,155034.0,False
2019-01-14 07:13:00,662314.0,766285.2580027934,766286.0,0.0,103972.0,103972.0,False
2019-01-14 07:14:00,638352.0,787411.6971894299,787412.0,0.0,149060.0,149060.0,False
2019-01-14 07:15:00,671440.0,777855.9385168068,777856.0,0.0,106416.0,106416.0,False
2019-01-14 07:16:00,662209.0,793470.8720774397,793471.0,0.0,131262.0,131262.0,False
2019-01-14 07:17:00,656046.0,791619.8340783075,791620.0,0.0,135574.0,135574.0,False
2019-01-14 07:18:00,659270.0,799409.7910181215,799410.0,0.0,140140.0,140140.0,False
2019-01-14 07:19:00,650664.0,792761.3816677096,792762.0,0.0,142098.0,142098.0,False
2019-01-14 07:20:00,700867.0,822621.797943723,822622.0,0.0,121755.0,121755.0,False
2019-01-14 07:21:00,677473.0,802723.2713878081,802724.0,0.0,125251.0,125251.0,False
2019-01-14 07:22:00,692621.0,803149.5802499583,803150.0,0.0,110529.0,110529.0,False
2019-01-14 07:23:00,660290.0,825073.4227882486,825074.0,0.0,164784.0,164784.0,False
2019-01-14 07:24:00,650556.0,793092.610323697,793093.0,0.0,142537.0,142537.0,False
2019-01-14 07:25:00,653108.0,797395.9349489079,797396.0,0.0,144288.0,144288.0,False
2019-01-14 07:26:00,649248.0,783902.8202094615,783903.0,0.0,134655.0,134655.0,False
2019-01-14 07:27:00,641227.0,777361.4224680002,777362.0,0.0,136135.0,136135.0,False
2019-01-14 07:28:00,646478.0,765570.7045491183,765571.0,0.0,119093.0,119093.0,False
2019-01-14 07:29:00,650106.0,769384.0061954418,769385.0,0.0,119279.0,119279.0,False
2019-01-14 07:30:00,683820.0,787880.706202277,787881.0,0.0,104061.0,104061.0,False
2019-01-14 07:31:00,691831.0,756366.3479893544,756367.0,0.0,64536.0,64536.0,False
2019-01-14 07:32:00,681811.0,781462.089075083,781463.0,0.0,99652.0,99652.0,False
2019-01-14 07:33:00,669725.0,769482.8744155278,769483.0,0.0,99758.0,99758.0,False
2019-01-14 07:34:00,654064.0,751629.422772574,751630.0,0.0,97566.0,97566.0,False
2019-01-14 07:35:00,664397.0,747483.5511601295,747484.0,0.0,83087.0,83087.0,False
2019-01-14 07:36:00,657164.0,741916.5665215924,741917.0,0.0,84753.0,84753.0,False
2019-01-14 07:37:00,648269.0,719701.6614290942,719702.0,0.0,71433.0,71433.0,False
2019-01-14 07:38:00,634011.0,717325.346945019,717326.0,0.0,83315.0,83315.0,False
2019-01-14 07:39:00,642360.0,709568.6322592364,709569.0,0.0,67209.0,67209.0,False
2019-01-14 07:40:00,674563.0,728171.0744739098,728172.0,0.0,53609.0,53609.0,False
2019-01-14 07:41:00,679018.0,747827.2525771115,747828.0,0.0,68810.0,68810.0,False
2019-01-14 07:42:00,719074.0,744678.8258310903,744679.0,0.0,25605.0,25605.0,False
2019-01-14 07:43:00,685398.0,760959.3190017339,760960.0,0.0,75562.0,75562.0,False
2019-01-14 07:44:00,657208.0,743362.8009169117,743363.0,0.0,86155.0,86155.0,False
2019-01-14 07:45:00,683871.0,726712.8650569706,726713.0,0.0,42842.0,42842.0,False
2019-01-14 07:46:00,670640.0,734472.2563711962,734473.0,0.0,63833.0,63833.0,False
2019-01-14 07:47:00,666924.0,735166.6999470757,735167.0,0.0,68243.0,68243.0,False
2019-01-14 07:48:00,666366.0,734089.78297657,734090.0,0.0,67724.0,67724.0,False
2019-01-14 07:49:00,653233.0,728575.1382626425,728576.0,0.0,75343.0,75343.0,False
2019-01-14 07:50:00,671816.0,728348.1891205328,728349.0,0.0,56533.0,56533.0,False
2019-01-14 07:51:00,685568.0,726628.3919456399,726629.0,0.0,41061.0,41061.0,False
2019-01-14 07:52:00,680803.0,772862.5303018192,772863.0,0.0,92060.0,92060.0,False
2019-01-14 07:53:00,613708.0,755497.7174261041,755498.0,0.0,141790.0,141790.0,False
2019-01-14 07:54:00,670584.0,712064.929479287,712065.0,0.0,41481.0,41481.0,False
2019-01-14 07:55:00,673500.0,771286.2250006794,771287.0,0.0,97787.0,97787.0,False
2019-01-14 07:56:00,645388.0,760687.6409686574,760688.0,0.0,115300.0,115300.0,False
2019-01-14 07:57:00,637624.0,743421.1686727179,743422.0,0.0,105798.0,105798.0,False
2019-01-14 07:58:00,640301.0,738589.5454873802,738590.0,0.0,98289.0,98289.0,False
2019-01-14 07:59:00,666048.0,742086.352597346,742087.0,0.0,76039.0,76039.0,False
2019-01-14 08:00:00,777449.0,763004.2451143346,763005.0,14444.0,0.0,144440.0,False
2019-01-14 08:01:00,728456.0,844924.5947141496,844925.0,0.0,116469.0,116469.0,False
2019-01-14 08:02:00,728894.0,835635.5047836044,835636.0,0.0,106742.0,106742.0,False
2019-01-14 08:03:00,706179.0,844903.0931475871,844904.0,0.0,138725.0,138725.0,False
2019-01-14 08:04:00,665804.0,812116.1987074743,812117.0,0.0,146313.0,146313.0,False
2019-01-14 08:05:00,685641.0,811125.3751958987,811126.0,0.0,125485.0,125485.0,False
2019-01-14 08:06:00,714086.0,837538.7988215223,837539.0,0.0,123453.0,123453.0,False
2019-01-14 08:07:00,745982.0,850279.033409248,850280.0,0.0,104298.0,104298.0,False
2019-01-14 08:08:00,692925.0,881716.3049695014,881717.0,0.0,188792.0,188792.0,False
2019-01-14 08:09:00,732017.0,833956.6497189623,833957.0,0.0,101940.0,101940.0,False
2019-01-14 08:10:00,752072.0,879927.7619053803,879928.0,0.0,127856.0,127856.0,False
2019-01-14 08:11:00,688850.0,872171.2114523216,872172.0,0.0,183322.0,183322.0,False
2019-01-14 08:12:00,680890.0,830688.2341216279,830689.0,0.0,149799.0,149799.0,False
2019-01-14 08:13:00,677754.0,818081.0126449466,818082.0,0.0,140328.0,140328.0,False
2019-01-14 08:14:00,702301.0,812583.7945049435,812584.0,0.0,110283.0,110283.0,False
2019-01-14 08:15:00,677834.0,841584.7721048677,841585.0,0.0,163751.0,163751.0,False
2019-01-14 08:16:00,661203.0,815020.3297397136,815021.0,0.0,153818.0,153818.0,False
2019-01-14 08:17:00,641663.0,819065.7481459996,819066.0,0.0,177403.0,177403.0,False
2019-01-14 08:18:00,673638.0,799004.7005536446,799005.0,0.0,125367.0,125367.0,False
2019-01-14 08:19:00,654752.0,822121.0468519784,822122.0,0.0,167370.0,167370.0,False
2019-01-14 08:20:00,668647.0,818573.0356525562,818574.0,0.0,149927.0,149927.0,False
2019-01-14 08:21:00,670467.0,813552.7921914766,813553.0,0.0,143086.0,143086.0,False
2019-01-14 08:22:00,665844.0,811152.5981815361,811153.0,0.0,145309.0,145309.0,False
2019-01-14 08:23:00,651876.0,815193.8326374419,815194.0,0.0,163318.0,163318.0,False
2019-01-14 08:24:00,641749.0,799146.5243739575,799147.0,0.0,157398.0,157398.0,False
2019-01-14 08:25:00,666666.0,790556.7154852444,790557.0,0.0,123891.0,123891.0,False
2019-01-14 08:26:00,653309.0,787843.2796356005,787844.0,0.0,134535.0,134535.0,False
2019-01-14 08:27:00,618999.0,774960.8574817512,774961.0,0.0,155962.0,155962.0,False
2019-01-14 08:28:00,639577.0,771602.4072549419,771603.0,0.0,132026.0,132026.0,False
2019-01-14 08:29:00,625300.0,770528.703269372,770529.0,0.0,145229.0,145229.0,False
2019-01-14 08:30:00,652429.0,774227.0894157727,774228.0,0.0,121799.0,121799.0,False
2019-01-14 08:31:00,681190.0,749081.711951001,749082.0,0.0,67892.0,67892.0,False
2019-01-14 08:32:00,671928.0,755762.9987629942,755763.0,0.0,83835.0,83835.0,False
2019-01-14 08:33:00,668624.0,767058.0562072234,767059.0,0.0,98435.0,98435.0,False
2019-01-14 08:34:00,647810.0,755742.649098554,755743.0,0.0,107933.0,107933.0,False
2019-01-14 08:35:00,688472.0,761068.2219706816,761069.0,0.0,72597.0,72597.0,False
2019-01-14 08:36:00,689046.0,764801.9157381252,764802.0,0.0,75756.0,75756.0,False
2019-01-14 08:37:00,670848.0,760585.344405989,760586.0,0.0,89738.0,89738.0,False
2019-01-14 08:38:00,652432.0,757835.0851233053,757836.0,0.0,105404.0,105404.0,False
2019-01-14 08:39:00,646200.0,735508.5506004223,735509.0,0.0,89309.0,89309.0,False
2019-01-14 08:40:00,680669.0,730572.7014787844,730573.0,0.0,49904.0,49904.0,False
2019-01-14 08:41:00,659747.0,749849.887065705,749850.0,0.0,90103.0,90103.0,False
2019-01-14 08:42:00,667818.0,725777.1732185063,725778.0,0.0,57960.0,57960.0,False
2019-01-14 08:43:00,675868.0,736983.2928047284,736984.0,0.0,61116.0,61116.0,False
2019-01-14 08:44:00,656799.0,742117.4258895497,742118.0,0.0,85319.0,85319.0,False
2019-01-14 08:45:00,681395.0,752236.656659061,752237.0,0.0,70842.0,70842.0,False
2019-01-14 08:46:00,668001.0,746318.3015202441,746319.0,0.0,78318.0,78318.0,False
2019-01-14 08:47:00,667945.0,738413.6750200808,738414.0,0.0,70469.0,70469.0,False
2019-01-14 08:48:00,678172.0,728448.8187665576,728449.0,0.0,50277.0,50277.0,False
2019-01-14 08:49:00,667031.0,728998.1520286584,728999.0,0.0,61968.0,61968.0,False
2019-01-14 08:50:00,678839.0,751465.2093119536,751466.0,0.0,72627.0,72627.0,False
2019-01-14 08:51:00,647672.0,728212.5301322613,728213.0,0.0,80541.0,80541.0,False
2019-01-14 08:52:00,659282.0,713061.4433617183,713062.0,0.0,53780.0,53780.0,False
2019-01-14 08:53:00,652899.0,732005.4707072902,732006.0,0.0,79107.0,79107.0,False
2019-01-14 08:54:00,656942.0,718596.3114392046,718597.0,0.0,61655.0,61655.0,False
2019-01-14 08:55:00,689883.0,733730.1690270131,733731.0,0.0,43848.0,43848.0,False
2019-01-14 08:56:00,675873.0,726282.2039780061,726283.0,0.0,50410.0,50410.0,False
2019-01-14 08:57:00,673108.0,729577.4066900921,729578.0,0.0,56470.0,56470.0,False
2019-01-14 08:58:00,655842.0,726529.1576272724,726530.0,0.0,70688.0,70688.0,False
2019-01-14 08:59:00,649430.0,714043.5474495821,714044.0,0.0,64614.0,64614.0,False
2019-01-14 09:00:00,740629.0,740837.0510486905,740838.0,0.0,209.0,209.0,False
2019-01-14 09:01:00,714909.0,754686.9645041319,754687.0,0.0,39778.0,39778.0,False
2019-01-14 09:02:00,718401.0,755494.8058852833,755495.0,0.0,37094.0,37094.0,False
2019-01-14 09:03:00,701506.0,775159.9853569448,775160.0,0.0,73654.0,73654.0,False
2019-01-14 09:04:00,669117.0,758859.2570486555,758860.0,0.0,89743.0,89743.0,False
2019-01-14 09:05:00,687572.0,753599.0220793164,753600.0,0.0,66028.0,66028.0,False
2019-01-14 09:06:00,719695.0,767997.5881301895,767998.0,0.0,48303.0,48303.0,False
2019-01-14 09:07:00,775031.0,787603.745299268,787604.0,0.0,12573.0,12573.0,False
2019-01-14 09:08:00,765094.0,855683.3569301143,855684.0,0.0,90590.0,90590.0,False
2019-01-14 09:09:00,770168.0,817988.5122621278,817989.0,0.0,47821.0,47821.0,False
2019-01-14 09:10:00,786559.0,842890.7837754913,842891.0,0.0,56332.0,56332.0,True
2019-01-14 09:11:00,691588.0,826245.017053934,826246.0,0.0,134658.0,134658.0,False
2019-01-14 09:12:00,670145.0,762449.2429619941,762450.0,0.0,92305.0,92305.0,False
2019-01-14 09:13:00,688286.0,756859.7454613316,756860.0,0.0,68574.0,68574.0,False
2019-01-14 09:14:00,680151.0,772876.0228561694,772877.0,0.0,92726.0,92726.0,False
2019-01-14 09:15:00,696329.0,776750.8592943805,776751.0,0.0,80422.0,80422.0,False
2019-01-14 09:16:00,687818.0,780951.8965634442,780952.0,0.0,93134.0,93134.0,False
2019-01-14 09:17:00,676535.0,777737.3738405283,777738.0,0.0,101203.0,101203.0,False
2019-01-14 09:18:00,662186.0,768918.5156371404,768919.0,0.0,106733.0,106733.0,False
2019-01-14 09:19:00,663260.0,762184.299867848,762185.0,0.0,98925.0,98925.0,False
2019-01-14 09:20:00,676233.0,778057.1446304147,778058.0,0.0,101825.0,101825.0,False
2019-01-14 09:21:00,674960.0,771368.3344552699,771369.0,0.0,96409.0,96409.0,False
2019-01-14 09:22:00,682510.0,760596.8247024143,760597.0,0.0,78087.0,78087.0,False
2019-01-14 09:23:00,692175.0,770222.6654936527,770223.0,0.0,78048.0,78048.0,False
2019-01-14 09:24:00,674646.0,771170.0873090976,771171.0,0.0,96525.0,96525.0,False
2019-01-14 09:25:00,692021.0,778333.4051929882,778334.0,0.0,86313.0,86313.0,False
2019-01-14 09:26:00,678080.0,786782.8045416424,786783.0,0.0,108703.0,108703.0,False
2019-01-14 09:27:00,672678.0,775083.9535310442,775084.0,0.0,102406.0,102406.0,False
2019-01-14 09:28:00,652276.0,763504.4890458757,763505.0,0.0,111229.0,111229.0,False
2019-01-14 09:29:00,626011.0,746776.7665448055,746777.0,0.0,120766.0,120766.0,False
2019-01-14 09:30:00,703216.0,742632.5670923715,742633.0,0.0,39417.0,39417.0,False
2019-01-14 09:31:00,688930.0,768725.653861804,768726.0,0.0,79796.0,79796.0,False
2019-01-14 09:32:00,675681.0,763034.2654691206,763035.0,0.0,87354.0,87354.0,False
2019-01-14 09:33:00,680449.0,765884.7980136166,765885.0,0.0,85436.0,85436.0,False
2019-01-14 09:34:00,647808.0,763086.6326616401,763087.0,0.0,115279.0,115279.0,False
2019-01-14 09:35:00,675448.0,763182.1373442424,763183.0,0.0,87735.0,87735.0,False
2019-01-14 09:36:00,673288.0,751980.1870634464,751981.0,0.0,78693.0,78693.0,False
2019-01-14 09:37:00,651606.0,755137.3319285137,755138.0,0.0,103532.0,103532.0,False
2019-01-14 09:38:00,662221.0,733685.4272897477,733686.0,0.0,71465.0,71465.0,False
2019-01-14 09:39:00,666745.0,738767.6102476574,738768.0,0.0,72023.0,72023.0,False
2019-01-14 09:40:00,686699.0,770808.4960824444,770809.0,0.0,84110.0,84110.0,False
2019-01-14 09:41:00,654241.0,753939.1564369943,753940.0,0.0,99699.0,99699.0,False
2019-01-14 09:42:00,667669.0,726498.2243261585,726499.0,0.0,58830.0,58830.0,False
2019-01-14 09:43:00,685617.0,746695.7970138959,746696.0,0.0,61079.0,61079.0,False
2019-01-14 09:44:00,650930.0,739472.4668277574,739473.0,0.0,88543.0,88543.0,False
2019-01-14 09:45:00,687839.0,738837.7598146565,738838.0,0.0,50999.0,50999.0,False
2019-01-14 09:46:00,700489.0,743485.1430984127,743486.0,0.0,42997.0,42997.0,False
2019-01-14 09:47:00,675243.0,751512.2461410494,751513.0,0.0,76270.0,76270.0,False
2019-01-14 09:48:00,680024.0,739928.0393586404,739929.0,0.0,59905.0,59905.0,False
2019-01-14 09:49:00,661041.0,742795.3172065824,742796.0,0.0,81755.0,81755.0,False
2019-01-14 09:50:00,636701.0,755102.3338785903,755103.0,0.0,118402.0,118402.0,False
2019-01-14 09:51:00,644088.0,722862.996808316,722863.0,0.0,78775.0,78775.0,False
2019-01-14 09:52:00,656196.0,727367.4729365183,727368.0,0.0,71172.0,71172.0,False
2019-01-14 09:53:00,627141.0,749651.0242508728,749652.0,0.0,122511.0,122511.0,False
2019-01-14 09:54:00,622829.0,722591.9362714721,722592.0,0.0,99763.0,99763.0,False
2019-01-14 09:55:00,650976.0,723006.2723098851,723007.0,0.0,72031.0,72031.0,False
2019-01-14 09:56:00,653012.0,756781.4456707328,756782.0,0.0,103770.0,103770.0,False
2019-01-14 09:57:00,649299.0,742649.3877779446,742650.0,0.0,93351.0,93351.0,False
2019-01-14 09:58:00,649663.0,743552.6257263449,743553.0,0.0,93890.0,93890.0,False
2019-01-14 09:59:00,649473.0,743243.7660158238,743244.0,0.0,93771.0,93771.0,False
2019-01-14 10:00:00,744728.0,748065.0695770266,748066.0,0.0,3338.0,3338.0,False
2019-01-14 10:01:00,710968.0,786595.5850532141,786596.0,0.0,75628.0,75628.0,False
2019-01-14 10:02:00,647593.0,783986.3745590486,783987.0,0.0,136394.0,136394.0,False
2019-01-14 10:03:00,669281.0,758945.8108537022,758946.0,0.0,89665.0,89665.0,False
2019-01-14 10:04:00,667491.0,766516.2900905489,766517.0,0.0,99026.0,99026.0,False
2019-01-14 10:05:00,672615.0,784069.873386329,784070.0,0.0,111455.0,111455.0,False
2019-01-14 10:06:00,745045.0,798714.1767797581,798715.0,0.0,53670.0,53670.0,False
2019-01-14 10:07:00,831890.0,850340.3702427923,850341.0,0.0,18451.0,18451.0,True
2019-01-14 10:08:00,813099.0,953535.5739946847,953536.0,0.0,140437.0,140437.0,True
2019-01-14 10:09:00,646409.0,882164.381037774,882165.0,0.0,235756.0,235756.0,False
2019-01-14 10:10:00,666122.0,794317.1361327366,794318.0,0.0,128196.0,128196.0,False
2019-01-14 10:11:00,673414.0,811444.7875511476,811445.0,0.0,138031.0,138031.0,False
2019-01-14 10:12:00,667635.0,819034.2389968722,819035.0,0.0,151400.0,151400.0,False
2019-01-14 10:13:00,684217.0,809351.3315905572,809352.0,0.0,125135.0,125135.0,False
2019-01-14 10:14:00,652581.0,828832.8589089203,828833.0,0.0,176252.0,176252.0,False
2019-01-14 10:15:00,690042.0,816493.7826501399,816494.0,0.0,126452.0,126452.0,False
2019-01-14 10:16:00,683727.0,833408.7322820926,833409.0,0.0,149682.0,149682.0,False
2019-01-14 10:17:00,689709.0,818042.5756279678,818043.0,0.0,128334.0,128334.0,False
2019-01-14 10:18:00,683678.0,836623.2577139434,836624.0,0.0,152946.0,152946.0,False
2019-01-14 10:19:00,659764.0,824696.4907016756,824697.0,0.0,164933.0,164933.0,False
2019-01-14 10:20:00,686419.0,818776.9803345483,818777.0,0.0,132358.0,132358.0,False
2019-01-14 10:21:00,671644.0,820436.7538713618,820437.0,0.0,148793.0,148793.0,False
2019-01-14 10:22:00,682660.0,814559.867046705,814560.0,0.0,131900.0,131900.0,False
2019-01-14 10:23:00,669696.0,832197.9417089495,832198.0,0.0,162502.0,162502.0,False
2019-01-14 10:24:00,639658.0,807412.952872222,807413.0,0.0,167755.0,167755.0,False
2019-01-14 10:25:00,634712.0,807312.26599792,807313.0,0.0,172601.0,172601.0,False
2019-01-14 10:26:00,654334.0,790346.5935636045,790347.0,0.0,136013.0,136013.0,False
2019-01-14 10:27:00,649003.0,805251.0116501166,805252.0,0.0,156249.0,156249.0,False
2019-01-14 10:28:00,594801.0,799601.429300322,799602.0,0.0,204801.0,204801.0,False
2019-01-14 10:29:00,612645.0,769988.7310402803,769989.0,0.0,157344.0,157344.0,False
2019-01-14 10:30:00,692248.0,788249.55413127,788250.0,0.0,96002.0,96002.0,False
2019-01-14 10:31:00,667742.0,810396.6793814657,810397.0,0.0,142655.0,142655.0,False
2019-01-14 10:32:00,640824.0,805132.2335286497,805133.0,0.0,164309.0,164309.0,False
2019-01-14 10:33:00,607017.0,790243.380919041,790244.0,0.0,183227.0,183227.0,False
2019-01-14 10:34:00,631999.0,767089.7938729614,767090.0,0.0,135091.0,135091.0,False
2019-01-14 10:35:00,635537.0,779156.5813819127,779157.0,0.0,143620.0,143620.0,False
2019-01-14 10:36:00,605726.0,786035.6617246398,786036.0,0.0,180310.0,180310.0,False
2019-01-14 10:37:00,623147.0,758692.8917477133,758693.0,0.0,135546.0,135546.0,False
2019-01-14 10:38:00,657828.0,755312.7911447115,755313.0,0.0,97485.0,97485.0,False
2019-01-14 10:39:00,645716.0,781217.6968236695,781218.0,0.0,135502.0,135502.0,False
2019-01-14 10:40:00,670169.0,760724.27532672,760725.0,0.0,90556.0,90556.0,False
2019-01-14 10:41:00,646106.0,764036.8362024839,764037.0,0.0,117931.0,117931.0,False
2019-01-14 10:42:00,647548.0,751056.4282360594,751057.0,0.0,103509.0,103509.0,False
2019-01-14 10:43:00,639604.0,739361.5457748252,739362.0,0.0,99758.0,99758.0,False
2019-01-14 10:44:00,619499.0,737213.30691188,737214.0,0.0,117715.0,117715.0,False
2019-01-14 10:45:00,635215.0,735084.6561381016,735085.0,0.0,99870.0,99870.0,False
2019-01-14 10:46:00,638273.0,726778.3864656276,726779.0,0.0,88506.0,88506.0,False
2019-01-14 10:47:00,641732.0,730408.4087191804,730409.0,0.0,88677.0,88677.0,False
2019-01-14 10:48:00,639966.0,733017.6649821451,733018.0,0.0,93052.0,93052.0,False
2019-01-14 10:49:00,615677.0,731637.5043197561,731638.0,0.0,115961.0,115961.0,False
2019-01-14 10:50:00,640985.0,746283.1509893177,746284.0,0.0,105299.0,105299.0,False
2019-01-14 10:51:00,615854.0,731040.6688040844,731041.0,0.0,115187.0,115187.0,False
2019-01-14 10:52:00,604547.0,725262.7879461366,725263.0,0.0,120716.0,120716.0,False
2019-01-14 10:53:00,600439.0,717768.3147755709,717769.0,0.0,117330.0,117330.0,False
2019-01-14 10:54:00,608249.0,701426.4489345908,701427.0,0.0,93178.0,93178.0,False
2019-01-14 10:55:00,643444.0,710301.3359946392,710302.0,0.0,66858.0,66858.0,False
2019-01-14 10:56:00,633786.0,720538.115232615,720539.0,0.0,86753.0,86753.0,False
2019-01-14 10:57:00,641155.0,720958.1422673302,720959.0,0.0,79804.0,79804.0,False
2019-01-14 10:58:00,629122.0,732837.3229124577,732838.0,0.0,103716.0,103716.0,False
2019-01-14 10:59:00,631012.0,715214.2412491138,715215.0,0.0,84203.0,84203.0,False
2019-01-14 11:00:00,721881.0,744985.6489189245,744986.0,0.0,23105.0,23105.0,False
2019-01-14 11:01:00,680542.0,751702.9266930559,751703.0,0.0,71161.0,71161.0,False
2019-01-14 11:02:00,666735.0,745385.3873869509,745386.0,0.0,78651.0,78651.0,False
2019-01-14 11:03:00,654408.0,744946.1732903678,744947.0,0.0,90539.0,90539.0,False
2019-01-14 11:04:00,656911.0,733543.105091003,733544.0,0.0,76633.0,76633.0,False
2019-01-14 11:05:00,665745.0,756005.8035254764,756006.0,0.0,90261.0,90261.0,False
2019-01-14 11:06:00,704589.0,771707.881250731,771708.0,0.0,67119.0,67119.0,False
2019-01-14 11:07:00,727628.0,796682.9131471919,796683.0,0.0,69055.0,69055.0,False
2019-01-14 11:08:00,716151.0,809297.0064938713,809298.0,0.0,93147.0,93147.0,False
2019-01-14 11:09:00,707636.0,788520.5928138937,788521.0,0.0,80885.0,80885.0,False
2019-01-14 11:10:00,729727.0,792075.8953626291,792076.0,0.0,62349.0,62349.0,False
2019-01-14 11:11:00,709399.0,773066.2997968334,773067.0,0.0,63668.0,63668.0,False
2019-01-14 11:12:00,629363.0,766502.6908509976,766503.0,0.0,137140.0,137140.0,False
2019-01-14 11:13:00,636344.0,723406.6309232665,723407.0,0.0,87063.0,87063.0,False
2019-01-14 11:14:00,631246.0,726680.3426406602,726681.0,0.0,95435.0,95435.0,False
2019-01-14 11:15:00,669564.0,733822.1420934061,733823.0,0.0,64259.0,64259.0,False
2019-01-14 11:16:00,659571.0,750846.057718542,750847.0,0.0,91276.0,91276.0,False
2019-01-14 11:17:00,641418.0,742993.417117746,742994.0,0.0,101576.0,101576.0,False
2019-01-14 11:18:00,654700.0,737647.6734911674,737648.0,0.0,82948.0,82948.0,False
2019-01-14 11:19:00,627644.0,737758.6830704008,737759.0,0.0,110115.0,110115.0,False
2019-01-14 11:20:00,646752.0,751330.9901873408,751331.0,0.0,104579.0,104579.0,False
2019-01-14 11:21:00,633629.0,743986.7894850863,743987.0,0.0,110358.0,110358.0,False
2019-01-14 11:22:00,623825.0,723045.7601985357,723046.0,0.0,99221.0,99221.0,False
2019-01-14 11:23:00,622366.0,715402.7549218512,715403.0,0.0,93037.0,93037.0,False
2019-01-14 11:24:00,599977.0,708797.788630238,708798.0,0.0,108821.0,108821.0,False
2019-01-14 11:25:00,630374.0,714405.6808102969,714406.0,0.0,84032.0,84032.0,False
2019-01-14 11:26:00,619149.0,714916.443517037,714917.0,0.0,95768.0,95768.0,False
2019-01-14 11:27:00,617099.0,704849.4085292947,704850.0,0.0,87751.0,87751.0,False
2019-01-14 11:28:00,612139.0,721624.3513220311,721625.0,0.0,109486.0,109486.0,False
2019-01-14 11:29:00,618739.0,699680.0271051666,699681.0,0.0,80942.0,80942.0,False
2019-01-14 11:30:00,691799.0,739209.2485665139,739210.0,0.0,47411.0,47411.0,False
2019-01-14 11:31:00,660837.0,724287.1742673918,724288.0,0.0,63451.0,63451.0,False
2019-01-14 11:32:00,641571.0,719571.1153356624,719572.0,0.0,78001.0,78001.0,False
2019-01-14 11:33:00,641490.0,716255.8096310748,716256.0,0.0,74766.0,74766.0,False
2019-01-14 11:34:00,631144.0,712027.7401504565,712028.0,0.0,80884.0,80884.0,False
2019-01-14 11:35:00,643329.0,720327.0316297739,720328.0,0.0,76999.0,76999.0,False
2019-01-14 11:36:00,640689.0,729237.2331798387,729238.0,0.0,88549.0,88549.0,False
2019-01-14 11:37:00,623986.0,719152.546527824,719153.0,0.0,95167.0,95167.0,False
2019-01-14 11:38:00,614496.0,697899.8469010848,697900.0,0.0,83404.0,83404.0,False
2019-01-14 11:39:00,608629.0,695143.1333153639,695144.0,0.0,86515.0,86515.0,False
2019-01-14 11:40:00,644785.0,725477.814669461,725478.0,0.0,80693.0,80693.0,False
2019-01-14 11:41:00,621814.0,716623.1990661563,716624.0,0.0,94810.0,94810.0,False
2019-01-14 11:42:00,618576.0,699601.7778520342,699602.0,0.0,81026.0,81026.0,False
2019-01-14 11:43:00,612963.0,684983.6361209891,684984.0,0.0,72021.0,72021.0,False
2019-01-14 11:44:00,625762.0,677244.1612339467,677245.0,0.0,51483.0,51483.0,False
2019-01-14 11:45:00,652460.0,703931.973928068,703932.0,0.0,51472.0,51472.0,False
2019-01-14 11:46:00,649213.0,691913.0578336875,691914.0,0.0,42701.0,42701.0,False
2019-01-14 11:47:00,652162.0,697077.3729078259,697078.0,0.0,44916.0,44916.0,False
2019-01-14 11:48:00,636488.0,706583.0183562486,706584.0,0.0,70096.0,70096.0,False
2019-01-14 11:49:00,611346.0,697479.2490780996,697480.0,0.0,86134.0,86134.0,False
2019-01-14 11:50:00,637409.0,696290.4410721909,696291.0,0.0,58882.0,58882.0,False
2019-01-14 11:51:00,634353.0,690593.1856582842,690594.0,0.0,56241.0,56241.0,False
2019-01-14 11:52:00,618924.0,685060.7547782616,685061.0,0.0,66137.0,66137.0,False
2019-01-14 11:53:00,632806.0,678585.7366218824,678586.0,0.0,45780.0,45780.0,False
2019-01-14 11:54:00,636917.0,687659.4436926009,687660.0,0.0,50743.0,50743.0,False
2019-01-14 11:55:00,641165.0,699802.1396183567,699803.0,0.0,58638.0,58638.0,False
2019-01-14 11:56:00,630171.0,696718.3314316142,696719.0,0.0,66548.0,66548.0,False
2019-01-14 11:57:00,624934.0,701451.2342778826,701452.0,0.0,76518.0,76518.0,False
2019-01-14 11:58:00,636242.0,701903.6230365158,701904.0,0.0,65662.0,65662.0,False
2019-01-14 11:59:00,630985.0,689299.3320319991,689300.0,0.0,58315.0,58315.0,False
2019-01-14 12:00:00,741291.0,709998.1012181619,709999.0,31292.0,0.0,312920.0,False
2019-01-14 12:01:00,698946.0,761004.0944777738,761005.0,0.0,62059.0,62059.0,False
2019-01-14 12:02:00,687885.0,765606.7248137803,765607.0,0.0,77722.0,77722.0,False
2019-01-14 12:03:00,683916.0,767242.8782378442,767243.0,0.0,83327.0,83327.0,False
2019-01-14 12:04:00,653657.0,752053.9732547753,752054.0,0.0,98397.0,98397.0,False
2019-01-14 12:05:00,667422.0,766695.919937053,766696.0,0.0,99274.0,99274.0,False
2019-01-14 12:06:00,727525.0,786828.0107773326,786829.0,0.0,59304.0,59304.0,False
2019-01-14 12:07:00,742209.0,827944.5637494494,827945.0,0.0,85736.0,85736.0,False
2019-01-14 12:08:00,693795.0,831828.8834816228,831829.0,0.0,138034.0,138034.0,False
2019-01-14 12:09:00,731649.0,779059.4607997788,779060.0,0.0,47411.0,47411.0,False
2019-01-14 12:10:00,718279.0,831105.2554038799,831106.0,0.0,112827.0,112827.0,False
2019-01-14 12:11:00,658340.0,795012.666741497,795013.0,0.0,136673.0,136673.0,False
2019-01-14 12:12:00,631281.0,755686.5768231101,755687.0,0.0,124406.0,124406.0,False
2019-01-14 12:13:00,653198.0,743754.567682739,743755.0,0.0,90557.0,90557.0,False
2019-01-14 12:14:00,665613.0,757649.5833190419,757650.0,0.0,92037.0,92037.0,False
2019-01-14 12:15:00,674893.0,770831.8332366834,770832.0,0.0,95939.0,95939.0,False
2019-01-14 12:16:00,679167.0,772071.5207275061,772072.0,0.0,92905.0,92905.0,False
2019-01-14 12:17:00,700858.0,786673.5058172996,786674.0,0.0,85816.0,85816.0,False
2019-01-14 12:18:00,713195.0,795467.2161480048,795468.0,0.0,82273.0,82273.0,False
2019-01-14 12:19:00,682285.0,805481.7382489747,805482.0,0.0,123197.0,123197.0,False
2019-01-14 12:20:00,681529.0,801276.1668854225,801277.0,0.0,119748.0,119748.0,False
2019-01-14 12:21:00,657407.0,778063.332134824,778064.0,0.0,120657.0,120657.0,False
2019-01-14 12:22:00,649693.0,759093.3858270715,759094.0,0.0,109401.0,109401.0,False
2019-01-14 12:23:00,634782.0,759264.5584057213,759265.0,0.0,124483.0,124483.0,False
2019-01-14 12:24:00,640529.0,747024.3474232408,747025.0,0.0,106496.0,106496.0,False
2019-01-14 12:25:00,634926.0,755803.7277261082,755804.0,0.0,120878.0,120878.0,False
2019-01-14 12:26:00,645115.0,750296.4878020223,750297.0,0.0,105182.0,105182.0,False
2019-01-14 12:27:00,620424.0,752784.9252102156,752785.0,0.0,132361.0,132361.0,False
2019-01-14 12:28:00,635618.0,748800.2854963408,748801.0,0.0,113183.0,113183.0,False
2019-01-14 12:29:00,638888.0,759798.5409717351,759799.0,0.0,120911.0,120911.0,False
2019-01-14 12:30:00,714200.0,778443.1471323542,778444.0,0.0,64244.0,64244.0,False
2019-01-14 12:31:00,699087.0,763740.01338406,763741.0,0.0,64654.0,64654.0,False
2019-01-14 12:32:00,658264.0,767970.8438588147,767971.0,0.0,109707.0,109707.0,False
2019-01-14 12:33:00,661807.0,747723.9908818774,747724.0,0.0,85917.0,85917.0,False
2019-01-14 12:34:00,646959.0,748706.0932912279,748707.0,0.0,101748.0,101748.0,False
2019-01-14 12:35:00,657896.0,743291.6406485345,743292.0,0.0,85396.0,85396.0,False
2019-01-14 12:36:00,672032.0,755399.9631622446,755400.0,0.0,83368.0,83368.0,False
2019-01-14 12:37:00,655989.0,764320.75411768,764321.0,0.0,108332.0,108332.0,False
2019-01-14 12:38:00,645853.0,743499.9598406528,743500.0,0.0,97647.0,97647.0,False
2019-01-14 12:39:00,651286.0,729439.3395386327,729440.0,0.0,78154.0,78154.0,False
2019-01-14 12:40:00,686312.0,752382.9178951681,752383.0,0.0,66071.0,66071.0,False
2019-01-14 12:41:00,664652.0,759825.6009532255,759826.0,0.0,95174.0,95174.0,False
2019-01-14 12:42:00,666079.0,724772.5792163218,724773.0,0.0,58694.0,58694.0,False
2019-01-14 12:43:00,672824.0,732240.239229446,732241.0,0.0,59417.0,59417.0,False
2019-01-14 12:44:00,654228.0,731774.6191190205,731775.0,0.0,77547.0,77547.0,False
2019-01-14 12:45:00,687398.0,730510.6908547892,730511.0,0.0,43113.0,43113.0,False
2019-01-14 12:46:00,684646.0,742335.8159572274,742336.0,0.0,57690.0,57690.0,False
2019-01-14 12:47:00,692190.0,740889.9250235693,740890.0,0.0,48700.0,48700.0,False
2019-01-14 12:48:00,688334.0,748697.1523833832,748698.0,0.0,60364.0,60364.0,False
2019-01-14 12:49:00,665056.0,744709.2182913068,744710.0,0.0,79654.0,79654.0,False
2019-01-14 12:50:00,686171.0,752723.5790187508,752724.0,0.0,66553.0,66553.0,False
2019-01-14 12:51:00,687858.0,739643.0289266312,739644.0,0.0,51786.0,51786.0,False
2019-01-14 12:52:00,692230.0,739084.3002177685,739085.0,0.0,46855.0,46855.0,False
2019-01-14 12:53:00,670490.0,751529.5671777863,751530.0,0.0,81040.0,81040.0,False
2019-01-14 12:54:00,672584.0,732596.0339031273,732597.0,0.0,60013.0,60013.0,False
2019-01-14 12:55:00,680513.0,743641.455933027,743642.0,0.0,63129.0,63129.0,False
2019-01-14 12:56:00,656299.0,741174.6425782056,741175.0,0.0,84876.0,84876.0,False
2019-01-14 12:57:00,652936.0,736436.441037066,736437.0,0.0,83501.0,83501.0,False
2019-01-14 12:58:00,663658.0,727702.2315809042,727703.0,0.0,64045.0,64045.0,False
2019-01-14 12:59:00,630999.0,723006.3442088617,723007.0,0.0,92008.0,92008.0,False
2019-01-14 13:00:00,740497.0,729262.4027583931,729263.0,11234.0,0.0,112340.0,False
2019-01-14 13:01:00,705767.0,772217.9203569342,772218.0,0.0,66451.0,66451.0,False
2019-01-14 13:02:00,697609.0,771713.5409153277,771714.0,0.0,74105.0,74105.0,False
2019-01-14 13:03:00,681619.0,772087.49002511,772088.0,0.0,90469.0,90469.0,False
2019-01-14 13:04:00,664706.0,758282.3856822789,758283.0,0.0,93577.0,93577.0,False
2019-01-14 13:05:00,721562.0,767610.970522875,767611.0,0.0,46049.0,46049.0,False
2019-01-14 13:06:00,734820.0,818234.742588132,818235.0,0.0,83415.0,83415.0,False
2019-01-14 13:07:00,734894.0,826723.7340041057,826724.0,0.0,91830.0,91830.0,False
2019-01-14 13:08:00,744367.0,824859.127410463,824860.0,0.0,80493.0,80493.0,False
2019-01-14 13:09:00,735943.0,826378.0514591495,826379.0,0.0,90436.0,90436.0,False
2019-01-14 13:10:00,749838.0,819013.5572013543,819014.0,0.0,69176.0,69176.0,False
2019-01-14 13:11:00,695986.0,803740.7931171822,803741.0,0.0,107755.0,107755.0,False
2019-01-14 13:12:00,654488.0,768336.1772896465,768337.0,0.0,113849.0,113849.0,False
2019-01-14 13:13:00,667640.0,747093.1648212791,747094.0,0.0,79454.0,79454.0,False
2019-01-14 13:14:00,658251.0,755147.2144220886,755148.0,0.0,96897.0,96897.0,False
2019-01-14 13:15:00,697754.0,758279.8793932891,758280.0,0.0,60526.0,60526.0,False
2019-01-14 13:16:00,681562.0,773966.197440286,773967.0,0.0,92405.0,92405.0,False
2019-01-14 13:17:00,678876.0,767095.4090280379,767096.0,0.0,88220.0,88220.0,False
2019-01-14 13:18:00,650106.0,767541.9844330067,767542.0,0.0,117436.0,117436.0,False
2019-01-14 13:19:00,658611.0,749080.7257565387,749081.0,0.0,90470.0,90470.0,False
2019-01-14 13:20:00,678510.0,783520.4240783367,783521.0,0.0,105011.0,105011.0,False
2019-01-14 13:21:00,661968.0,769774.4169394596,769775.0,0.0,107807.0,107807.0,False
2019-01-14 13:22:00,658523.0,751351.766380927,751352.0,0.0,92829.0,92829.0,False
2019-01-14 13:23:00,657521.0,750436.4514571438,750437.0,0.0,92916.0,92916.0,False
2019-01-14 13:24:00,662778.0,749957.9217885566,749958.0,0.0,87180.0,87180.0,False
2019-01-14 13:25:00,663867.0,774304.1311120791,774305.0,0.0,110438.0,110438.0,False
2019-01-14 13:26:00,660927.0,761603.8470561053,761604.0,0.0,100677.0,100677.0,False
2019-01-14 13:27:00,649026.0,772022.5285339316,772023.0,0.0,122997.0,122997.0,False
2019-01-14 13:28:00,664308.0,747133.838258511,747134.0,0.0,82826.0,82826.0,False
2019-01-14 13:29:00,655699.0,755422.7272050965,755423.0,0.0,99724.0,99724.0,False
2019-01-14 13:30:00,741333.0,778391.5568713713,778392.0,0.0,37059.0,37059.0,False
2019-01-14 13:31:00,701742.0,767490.1371743766,767491.0,0.0,65749.0,65749.0,False
2019-01-14 13:32:00,678805.0,759944.6578333058,759945.0,0.0,81140.0,81140.0,False
2019-01-14 13:33:00,686187.0,754375.6563988554,754376.0,0.0,68189.0,68189.0,False
2019-01-14 13:34:00,673956.0,753464.9736435993,753465.0,0.0,79509.0,79509.0,False
2019-01-14 13:35:00,662692.0,764750.032369882,764751.0,0.0,102059.0,102059.0,False
2019-01-14 13:36:00,656913.0,748028.8119270656,748029.0,0.0,91116.0,91116.0,False
2019-01-14 13:37:00,658650.0,742672.0294435123,742673.0,0.0,84023.0,84023.0,False
2019-01-14 13:38:00,677514.0,738217.5905941515,738218.0,0.0,60704.0,60704.0,False
2019-01-14 13:39:00,669498.0,745059.3630823515,745060.0,0.0,75562.0,75562.0,False
2019-01-14 13:40:00,699706.0,773641.8664628764,773642.0,0.0,73936.0,73936.0,False
2019-01-14 13:41:00,684298.0,771460.435980057,771461.0,0.0,87163.0,87163.0,False
2019-01-14 13:42:00,691805.0,757201.9007429844,757202.0,0.0,65397.0,65397.0,False
2019-01-14 13:43:00,703089.0,767098.5473220662,767099.0,0.0,64010.0,64010.0,False
2019-01-14 13:44:00,675971.0,759208.91223464,759209.0,0.0,83238.0,83238.0,False
2019-01-14 13:45:00,703432.0,750886.3660911241,750887.0,0.0,47455.0,47455.0,False
2019-01-14 13:46:00,713309.0,756607.2918638551,756608.0,0.0,43299.0,43299.0,False
2019-01-14 13:47:00,695968.0,763748.3120725324,763749.0,0.0,67781.0,67781.0,False
2019-01-14 13:48:00,689171.0,761562.7166764073,761563.0,0.0,72392.0,72392.0,False
2019-01-14 13:49:00,675775.0,750078.1429286044,750079.0,0.0,74304.0,74304.0,False
2019-01-14 13:50:00,705484.0,756586.9822887029,756587.0,0.0,51103.0,51103.0,False
2019-01-14 13:51:00,693565.0,760628.8402306903,760629.0,0.0,67064.0,67064.0,False
2019-01-14 13:52:00,682709.0,751355.4130183732,751356.0,0.0,68647.0,68647.0,False
2019-01-14 13:53:00,676072.0,755621.3241405666,755622.0,0.0,79550.0,79550.0,False
2019-01-14 13:54:00,687431.0,741760.8822055171,741761.0,0.0,54330.0,54330.0,False
2019-01-14 13:55:00,686696.0,765835.191537667,765836.0,0.0,79140.0,79140.0,False
2019-01-14 13:56:00,689496.0,758454.4877030939,758455.0,0.0,68959.0,68959.0,False
2019-01-14 13:57:00,677781.0,752566.8938154207,752567.0,0.0,74786.0,74786.0,False
2019-01-14 13:58:00,665077.0,739273.3876403457,739274.0,0.0,74197.0,74197.0,False
2019-01-14 13:59:00,665301.0,733389.209458269,733390.0,0.0,68089.0,68089.0,False
2019-01-14 14:00:00,771019.0,760760.8920295956,760761.0,10258.0,0.0,102580.0,False
2019-01-14 14:01:00,738118.0,783618.6080908893,783619.0,0.0,45501.0,45501.0,False
2019-01-14 14:02:00,704653.0,783260.9662398057,783261.0,0.0,78608.0,78608.0,False
2019-01-14 14:03:00,716192.0,777514.043552668,777515.0,0.0,61323.0,61323.0,False
2019-01-14 14:04:00,701489.0,778748.9534868798,778749.0,0.0,77260.0,77260.0,False
2019-01-14 14:05:00,726021.0,786610.6119627547,786611.0,0.0,60590.0,60590.0,False
2019-01-14 14:06:00,697961.0,805022.5375319006,805023.0,0.0,107062.0,107062.0,False
2019-01-14 14:07:00,791135.0,798419.9271274752,798420.0,0.0,7285.0,7285.0,True
2019-01-14 14:08:00,773341.0,887228.1634263326,887229.0,0.0,113888.0,113888.0,False
2019-01-14 14:09:00,796844.0,849838.9459069778,849839.0,0.0,52995.0,52995.0,True
2019-01-14 14:10:00,794042.0,886961.4482230204,886962.0,0.0,92920.0,92920.0,True
2019-01-14 14:11:00,751432.0,858783.681326915,858784.0,0.0,107352.0,107352.0,False
2019-01-14 14:12:00,704617.0,834920.8072838743,834921.0,0.0,130304.0,130304.0,False
2019-01-14 14:13:00,701282.0,785759.4057511619,785760.0,0.0,84478.0,84478.0,False
2019-01-14 14:14:00,715127.0,794125.4195692405,794126.0,0.0,78999.0,78999.0,False
2019-01-14 14:15:00,725309.0,812406.8915516646,812407.0,0.0,87098.0,87098.0,False
2019-01-14 14:16:00,725174.0,818017.5023711096,818018.0,0.0,92844.0,92844.0,False
2019-01-14 14:17:00,720080.0,816404.6987748258,816405.0,0.0,96325.0,96325.0,False
2019-01-14 14:18:00,715040.0,811519.4504730983,811520.0,0.0,96480.0,96480.0,False
2019-01-14 14:19:00,681257.0,808040.8347369545,808041.0,0.0,126784.0,126784.0,False
2019-01-14 14:20:00,725500.0,803292.5069365917,803293.0,0.0,77793.0,77793.0,False
2019-01-14 14:21:00,710066.0,835795.2823561401,835796.0,0.0,125730.0,125730.0,False
2019-01-14 14:22:00,704335.0,801810.2306333864,801811.0,0.0,97476.0,97476.0,False
2019-01-14 14:23:00,697944.0,804234.1122590451,804235.0,0.0,106291.0,106291.0,False
2019-01-14 14:24:00,702886.0,793896.7562358233,793897.0,0.0,91011.0,91011.0,False
2019-01-14 14:25:00,707264.0,816387.5734006998,816388.0,0.0,109124.0,109124.0,False
2019-01-14 14:26:00,675947.0,804133.6478359518,804134.0,0.0,128187.0,128187.0,False
2019-01-14 14:27:00,650073.0,788138.6710786914,788139.0,0.0,138066.0,138066.0,False
2019-01-14 14:28:00,666228.0,771801.3570996486,771802.0,0.0,105574.0,105574.0,False
2019-01-14 14:29:00,666287.0,772841.4991101042,772842.0,0.0,106555.0,106555.0,False
2019-01-14 14:30:00,733886.0,799759.4727041532,799760.0,0.0,65874.0,65874.0,False
2019-01-14 14:31:00,703323.0,796941.0221344914,796942.0,0.0,93619.0,93619.0,False
2019-01-14 14:32:00,686919.0,784033.4918532111,784034.0,0.0,97115.0,97115.0,False
2019-01-14 14:33:00,681979.0,777146.0961333793,777147.0,0.0,95168.0,95168.0,False
2019-01-14 14:34:00,682894.0,778534.5547499845,778535.0,0.0,95641.0,95641.0,False
2019-01-14 14:35:00,691956.0,795950.4121579445,795951.0,0.0,103995.0,103995.0,False
2019-01-14 14:36:00,687738.0,785705.561644656,785706.0,0.0,97968.0,97968.0,False
2019-01-14 14:37:00,650667.0,781745.6712059539,781746.0,0.0,131079.0,131079.0,False
2019-01-14 14:38:00,667975.0,742582.4934338804,742583.0,0.0,74608.0,74608.0,False
2019-01-14 14:39:00,668036.0,747353.2473127507,747354.0,0.0,79318.0,79318.0,False
2019-01-14 14:40:00,703648.0,773199.4011475808,773200.0,0.0,69552.0,69552.0,False
2019-01-14 14:41:00,684932.0,774784.0602258656,774785.0,0.0,89853.0,89853.0,False
2019-01-14 14:42:00,679686.0,750011.649426283,750012.0,0.0,70326.0,70326.0,False
2019-01-14 14:43:00,679125.0,746459.2634501167,746460.0,0.0,67335.0,67335.0,False
2019-01-14 14:44:00,674808.0,743750.1832465737,743751.0,0.0,68943.0,68943.0,False
2019-01-14 14:45:00,681444.0,757029.3560457538,757030.0,0.0,75586.0,75586.0,False
2019-01-14 14:46:00,682058.0,749048.0819200081,749049.0,0.0,66991.0,66991.0,False
2019-01-14 14:47:00,662869.0,741497.3102008391,741498.0,0.0,78629.0,78629.0,False
2019-01-14 14:48:00,673340.0,730651.5589984809,730652.0,0.0,57312.0,57312.0,False
2019-01-14 14:49:00,646842.0,737653.3603460632,737654.0,0.0,90812.0,90812.0,False
2019-01-14 14:50:00,656150.0,745203.8790063085,745204.0,0.0,89054.0,89054.0,False
2019-01-14 14:51:00,666918.0,735201.1096206544,735202.0,0.0,68284.0,68284.0,False
2019-01-14 14:52:00,658791.0,725343.0816067298,725344.0,0.0,66553.0,66553.0,False
2019-01-14 14:53:00,654670.0,727522.9451518724,727523.0,0.0,72853.0,72853.0,False
2019-01-14 14:54:00,638675.0,721619.829104381,721620.0,0.0,82945.0,82945.0,False
2019-01-14 14:55:00,681135.0,720138.998702584,720139.0,0.0,39004.0,39004.0,False
2019-01-14 14:56:00,657109.0,746336.7532220446,746337.0,0.0,89228.0,89228.0,False
2019-01-14 14:57:00,664234.0,726270.1821375239,726271.0,0.0,62037.0,62037.0,False
2019-01-14 14:58:00,665722.0,747712.2595243147,747713.0,0.0,81991.0,81991.0,False
2019-01-14 14:59:00,657899.0,727141.6090657465,727142.0,0.0,69243.0,69243.0,False
2019-01-14 15:00:00,765198.0,743445.9781636739,743446.0,21752.0,0.0,217520.0,False
2019-01-14 15:01:00,710831.0,790057.8261151614,790058.0,0.0,79227.0,79227.0,False
2019-01-14 15:02:00,680218.0,781778.6514245063,781779.0,0.0,101561.0,101561.0,False
2019-01-14 15:03:00,646589.0,766139.1122744125,766140.0,0.0,119551.0,119551.0,False
2019-01-14 15:04:00,558971.0,750502.4993079938,750503.0,0.0,191532.0,191532.0,False
2019-01-14 15:05:00,655702.0,723375.5667127034,723376.0,0.0,67674.0,67674.0,False
2019-01-14 15:06:00,720600.0,803348.1118313596,803349.0,0.0,82749.0,82749.0,False
2019-01-14 15:07:00,721783.0,862499.753221244,862500.0,0.0,140717.0,140717.0,False
2019-01-14 15:08:00,707607.0,837697.318431315,837698.0,0.0,130091.0,130091.0,False
2019-01-14 15:09:00,694493.0,801428.4724837933,801429.0,0.0,106936.0,106936.0,False
2019-01-14 15:10:00,705604.0,827749.9105258597,827750.0,0.0,122146.0,122146.0,False
2019-01-14 15:11:00,696239.0,792412.8171233637,792413.0,0.0,96174.0,96174.0,False
2019-01-14 15:12:00,653828.0,808687.3393766744,808688.0,0.0,154860.0,154860.0,False
2019-01-14 15:13:00,680755.0,781708.0139133638,781709.0,0.0,100954.0,100954.0,False
2019-01-14 15:14:00,674554.0,808264.1758524968,808265.0,0.0,133711.0,133711.0,False
2019-01-14 15:15:00,689131.0,813584.6909441546,813585.0,0.0,124454.0,124454.0,False
2019-01-14 15:16:00,681168.0,830560.8784652881,830561.0,0.0,149393.0,149393.0,False
2019-01-14 15:17:00,636609.0,814907.622792845,814908.0,0.0,178299.0,178299.0,False
2019-01-14 15:18:00,643489.0,800822.5782094655,800823.0,0.0,157334.0,157334.0,False
2019-01-14 15:19:00,638525.0,788389.370237382,788390.0,0.0,149865.0,149865.0,False
2019-01-14 15:20:00,662755.0,807050.9233989064,807051.0,0.0,144296.0,144296.0,False
2019-01-14 15:21:00,654014.0,814297.0003788585,814298.0,0.0,160284.0,160284.0,False
2019-01-14 15:22:00,643978.0,790186.086981379,790187.0,0.0,146209.0,146209.0,False
2019-01-14 15:23:00,652303.0,792726.4379119034,792727.0,0.0,140424.0,140424.0,False
2019-01-14 15:24:00,632856.0,794570.4993325518,794571.0,0.0,161715.0,161715.0,False
2019-01-14 15:25:00,630557.0,803859.9651097886,803860.0,0.0,173303.0,173303.0,False
2019-01-14 15:26:00,637485.0,804950.0104876261,804951.0,0.0,167466.0,167466.0,False
2019-01-14 15:27:00,620969.0,781469.9662365585,781470.0,0.0,160501.0,160501.0,False
2019-01-14 15:28:00,612534.0,772576.6543829549,772577.0,0.0,160043.0,160043.0,False
2019-01-14 15:29:00,620130.0,764743.1313651708,764744.0,0.0,144614.0,144614.0,False
2019-01-14 15:30:00,723308.0,790250.7348612116,790251.0,0.0,66943.0,66943.0,False
2019-01-14 15:31:00,675046.0,808989.6640190625,808990.0,0.0,133944.0,133944.0,False
2019-01-14 15:32:00,659748.0,799662.9743744541,799663.0,0.0,139915.0,139915.0,False
2019-01-14 15:33:00,662148.0,801850.4996971792,801851.0,0.0,139703.0,139703.0,False
2019-01-14 15:34:00,632958.0,791930.5198738899,791931.0,0.0,158973.0,158973.0,False
2019-01-14 15:35:00,659655.0,764221.4657722772,764222.0,0.0,104567.0,104567.0,False
2019-01-14 15:36:00,656058.0,786572.4264720883,786573.0,0.0,130515.0,130515.0,False
2019-01-14 15:37:00,644127.0,773788.445657638,773789.0,0.0,129662.0,129662.0,False
2019-01-14 15:38:00,634197.0,747728.8939754447,747729.0,0.0,113532.0,113532.0,False
2019-01-14 15:39:00,660435.0,745002.5113501786,745003.0,0.0,84568.0,84568.0,False
2019-01-14 15:40:00,672545.0,798324.7512430531,798325.0,0.0,125780.0,125780.0,False
2019-01-14 15:41:00,655368.0,765632.1749146569,765633.0,0.0,110265.0,110265.0,False
2019-01-14 15:42:00,638338.0,757627.0042894906,757628.0,0.0,119290.0,119290.0,False
2019-01-14 15:43:00,673048.0,750084.0296040699,750085.0,0.0,77037.0,77037.0,False
2019-01-14 15:44:00,657644.0,754715.0071851909,754716.0,0.0,97072.0,97072.0,False
2019-01-14 15:45:00,680473.0,757648.5335286928,757649.0,0.0,77176.0,77176.0,False
2019-01-14 15:46:00,667439.0,765616.1161092173,765617.0,0.0,98178.0,98178.0,False
2019-01-14 15:47:00,656464.0,752700.8178996311,752701.0,0.0,96237.0,96237.0,False
2019-01-14 15:48:00,659987.0,746899.6893168455,746900.0,0.0,86913.0,86913.0,False
2019-01-14 15:49:00,644980.0,746241.1250668076,746242.0,0.0,101262.0,101262.0,False
2019-01-14 15:50:00,670878.0,759317.7799547169,759318.0,0.0,88440.0,88440.0,False
2019-01-14 15:51:00,644838.0,751436.8676904879,751437.0,0.0,106599.0,106599.0,False
2019-01-14 15:52:00,651658.0,738053.2112167928,738054.0,0.0,86396.0,86396.0,False
2019-01-14 15:53:00,635747.0,748792.2886080417,748793.0,0.0,113046.0,113046.0,False
2019-01-14 15:54:00,622100.0,734850.2489283439,734851.0,0.0,112751.0,112751.0,False
2019-01-14 15:55:00,642256.0,741794.479111178,741795.0,0.0,99539.0,99539.0,False
2019-01-14 15:56:00,647781.0,733208.0387996113,733209.0,0.0,85428.0,85428.0,False
2019-01-14 15:57:00,641890.0,730161.2345037246,730162.0,0.0,88272.0,88272.0,False
2019-01-14 15:58:00,636819.0,731756.107337032,731757.0,0.0,94938.0,94938.0,False
2019-01-14 15:59:00,660884.0,728537.0605425913,728538.0,0.0,67654.0,67654.0,False
2019-01-14 16:00:00,744411.0,777245.7324746294,777246.0,0.0,32835.0,32835.0,False
2019-01-14 16:01:00,718809.0,767235.9796176752,767236.0,0.0,48427.0,48427.0,False
2019-01-14 16:02:00,680483.0,774049.5385165588,774050.0,0.0,93567.0,93567.0,False
2019-01-14 16:03:00,670118.0,755912.7617177194,755913.0,0.0,85795.0,85795.0,False
2019-01-14 16:04:00,657885.0,744540.0373381333,744541.0,0.0,86656.0,86656.0,False
2019-01-14 16:05:00,677971.0,748580.0206162258,748581.0,0.0,70610.0,70610.0,False
2019-01-14 16:06:00,747814.0,783487.4624399679,783488.0,0.0,35674.0,35674.0,False
2019-01-14 16:07:00,735790.0,834623.053557009,834624.0,0.0,98834.0,98834.0,False
2019-01-14 16:08:00,731188.0,818184.0875782757,818185.0,0.0,86997.0,86997.0,False
2019-01-14 16:09:00,736730.0,799200.4632264257,799201.0,0.0,62471.0,62471.0,False
2019-01-14 16:10:00,726666.0,816470.3561196488,816471.0,0.0,89805.0,89805.0,False
2019-01-14 16:11:00,677023.0,793439.9889267653,793440.0,0.0,116417.0,116417.0,False
2019-01-14 16:12:00,649361.0,750472.3571129614,750473.0,0.0,101112.0,101112.0,False
2019-01-14 16:13:00,649312.0,736118.9539811925,736119.0,0.0,86807.0,86807.0,False
2019-01-14 16:14:00,660115.0,733036.2252497231,733037.0,0.0,72922.0,72922.0,False
2019-01-14 16:15:00,695613.0,748102.3193697176,748103.0,0.0,52490.0,52490.0,False
2019-01-14 16:16:00,663647.0,763809.8478136945,763810.0,0.0,100163.0,100163.0,False
2019-01-14 16:17:00,680898.0,754663.9836385442,754664.0,0.0,73766.0,73766.0,False
2019-01-14 16:18:00,674288.0,760287.3483526914,760288.0,0.0,86000.0,86000.0,False
2019-01-14 16:19:00,640490.0,761258.3607937186,761259.0,0.0,120769.0,120769.0,False
2019-01-14 16:20:00,677074.0,767134.9203862168,767135.0,0.0,90061.0,90061.0,False
2019-01-14 16:21:00,652653.0,754003.0832641118,754004.0,0.0,101351.0,101351.0,False
2019-01-14 16:22:00,653630.0,739201.7878754826,739202.0,0.0,85572.0,85572.0,False
2019-01-14 16:23:00,664612.0,742703.9725971926,742704.0,0.0,78092.0,78092.0,False
2019-01-14 16:24:00,652996.0,746352.8838336961,746353.0,0.0,93357.0,93357.0,False
2019-01-14 16:25:00,650729.0,769139.4253068275,769140.0,0.0,118411.0,118411.0,False
2019-01-14 16:26:00,644285.0,742303.7658980928,742304.0,0.0,98019.0,98019.0,False
2019-01-14 16:27:00,626726.0,743146.4444312368,743147.0,0.0,116421.0,116421.0,False
2019-01-14 16:28:00,654044.0,740366.117253479,740367.0,0.0,86323.0,86323.0,False
2019-01-14 16:29:00,648912.0,739334.0780580816,739335.0,0.0,90423.0,90423.0,False
2019-01-14 16:30:00,705027.0,771497.7852639728,771498.0,0.0,66471.0,66471.0,False
2019-01-14 16:31:00,683297.0,758954.0980386313,758955.0,0.0,75658.0,75658.0,False
2019-01-14 16:32:00,658672.0,751199.4733082369,751200.0,0.0,92528.0,92528.0,False
2019-01-14 16:33:00,675954.0,745788.096275229,745789.0,0.0,69835.0,69835.0,False
2019-01-14 16:34:00,672361.0,743947.1609405229,743948.0,0.0,71587.0,71587.0,False
2019-01-14 16:35:00,662410.0,754638.8789418952,754639.0,0.0,92229.0,92229.0,False
2019-01-14 16:36:00,661444.0,737292.2416405919,737293.0,0.0,75849.0,75849.0,False
2019-01-14 16:37:00,642590.0,725368.9050763941,725369.0,0.0,82779.0,82779.0,False
2019-01-14 16:38:00,653112.0,718563.8307790072,718564.0,0.0,65452.0,65452.0,False
2019-01-14 16:39:00,650619.0,724940.4852147544,724941.0,0.0,74322.0,74322.0,False
2019-01-14 16:40:00,677960.0,751127.963569025,751128.0,0.0,73168.0,73168.0,False
2019-01-14 16:41:00,650986.0,752396.418826448,752397.0,0.0,101411.0,101411.0,False
2019-01-14 16:42:00,637115.0,719535.9727890209,719536.0,0.0,82421.0,82421.0,False
2019-01-14 16:43:00,592880.0,718497.1457369588,718498.0,0.0,125618.0,125618.0,False
2019-01-14 16:44:00,629685.0,700505.7337372033,700506.0,0.0,70821.0,70821.0,False
2019-01-14 16:45:00,656291.0,725470.8453541957,725471.0,0.0,69180.0,69180.0,False
2019-01-14 16:46:00,645124.0,727763.3602726419,727764.0,0.0,82640.0,82640.0,False
2019-01-14 16:47:00,664929.0,715136.16047043,715137.0,0.0,50208.0,50208.0,False
2019-01-14 16:48:00,651500.0,732255.116455857,732256.0,0.0,80756.0,80756.0,False
2019-01-14 16:49:00,658968.0,732176.7446468127,732177.0,0.0,73209.0,73209.0,False
2019-01-14 16:50:00,672298.0,733795.1129051786,733796.0,0.0,61498.0,61498.0,False
2019-01-14 16:51:00,666057.0,736460.929995625,736461.0,0.0,70404.0,70404.0,False
2019-01-14 16:52:00,645729.0,736144.174700926,736145.0,0.0,90416.0,90416.0,False
2019-01-14 16:53:00,653583.0,721187.1179317676,721188.0,0.0,67605.0,67605.0,False
2019-01-14 16:54:00,658182.0,727791.3631904079,727792.0,0.0,69610.0,69610.0,False
2019-01-14 16:55:00,679507.0,739899.8923228291,739900.0,0.0,60393.0,60393.0,False
2019-01-14 16:56:00,663543.0,736978.9873224274,736979.0,0.0,73436.0,73436.0,False
2019-01-14 16:57:00,672930.0,733616.0917573824,733617.0,0.0,60687.0,60687.0,False
2019-01-14 16:58:00,668842.0,736935.5543847692,736936.0,0.0,68094.0,68094.0,False
2019-01-14 16:59:00,653559.0,735000.9385238104,735001.0,0.0,81442.0,81442.0,False
2019-01-14 17:00:00,740641.0,755512.7774040436,755513.0,0.0,14872.0,14872.0,False
2019-01-14 17:01:00,694238.0,766805.7265300227,766806.0,0.0,72568.0,72568.0,False
2019-01-14 17:02:00,661143.0,758346.5254459367,758347.0,0.0,97204.0,97204.0,False
2019-01-14 17:03:00,669509.0,746815.1944055994,746816.0,0.0,77307.0,77307.0,False
2019-01-14 17:04:00,667905.0,748470.709183333,748471.0,0.0,80566.0,80566.0,False
2019-01-14 17:05:00,664308.0,769575.9019617953,769576.0,0.0,105268.0,105268.0,False
2019-01-14 17:06:00,705006.0,767704.2667128681,767705.0,0.0,62699.0,62699.0,False
2019-01-14 17:07:00,749132.0,809758.7022702533,809759.0,0.0,60627.0,60627.0,False
2019-01-14 17:08:00,762257.0,834186.386864671,834187.0,0.0,71930.0,71930.0,False
2019-01-14 17:09:00,748766.0,822940.6812989353,822941.0,0.0,74175.0,74175.0,False
2019-01-14 17:10:00,703904.0,824770.9642704834,824771.0,0.0,120867.0,120867.0,False
2019-01-14 17:11:00,668113.0,779429.5961769002,779430.0,0.0,111317.0,111317.0,False
2019-01-14 17:12:00,646929.0,741954.3343341175,741955.0,0.0,95026.0,95026.0,False
2019-01-14 17:13:00,653089.0,733643.6660703821,733644.0,0.0,80555.0,80555.0,False
2019-01-14 17:14:00,643130.0,722334.6807573535,722335.0,0.0,79205.0,79205.0,False
2019-01-14 17:15:00,669740.0,725258.1828822538,725259.0,0.0,55519.0,55519.0,False
2019-01-14 17:16:00,685767.0,735895.742505686,735896.0,0.0,50129.0,50129.0,False
2019-01-14 17:17:00,689138.0,747458.9318939367,747459.0,0.0,58321.0,58321.0,False
2019-01-14 17:18:00,681658.0,754906.1806297069,754907.0,0.0,73249.0,73249.0,False
2019-01-14 17:19:00,660739.0,759254.9991840131,759255.0,0.0,98516.0,98516.0,False
2019-01-14 17:20:00,679404.0,766336.9190003021,766337.0,0.0,86933.0,86933.0,False
2019-01-14 17:21:00,662630.0,757185.6753224146,757186.0,0.0,94556.0,94556.0,False
2019-01-14 17:22:00,678310.0,734943.1476408036,734944.0,0.0,56634.0,56634.0,False
2019-01-14 17:23:00,660421.0,748005.2358378062,748006.0,0.0,87585.0,87585.0,False
2019-01-14 17:24:00,637876.0,736277.5354487122,736278.0,0.0,98402.0,98402.0,False
2019-01-14 17:25:00,665289.0,729979.2268797526,729980.0,0.0,64691.0,64691.0,False
2019-01-14 17:26:00,680763.0,743081.1560237729,743082.0,0.0,62319.0,62319.0,False
2019-01-14 17:27:00,687765.0,757939.9774527746,757940.0,0.0,70175.0,70175.0,False
2019-01-14 17:28:00,667949.0,756707.5425227017,756708.0,0.0,88759.0,88759.0,False
2019-01-14 17:29:00,661660.0,746540.0496644429,746541.0,0.0,84881.0,84881.0,False
2019-01-14 17:30:00,723649.0,760668.1825373792,760669.0,0.0,37020.0,37020.0,False
2019-01-14 17:31:00,687709.0,764833.367956941,764834.0,0.0,77125.0,77125.0,False
2019-01-14 17:32:00,677969.0,757313.7530966721,757314.0,0.0,79345.0,79345.0,False
2019-01-14 17:33:00,673200.0,748801.9058814537,748802.0,0.0,75602.0,75602.0,False
2019-01-14 17:34:00,638728.0,742330.866841583,742331.0,0.0,103603.0,103603.0,False
2019-01-14 17:35:00,674002.0,733282.2185285795,733283.0,0.0,59281.0,59281.0,False
2019-01-14 17:36:00,687774.0,739019.7465990017,739020.0,0.0,51246.0,51246.0,False
2019-01-14 17:37:00,681293.0,759349.3982670672,759350.0,0.0,78057.0,78057.0,False
2019-01-14 17:38:00,691031.0,751411.6106212321,751412.0,0.0,60381.0,60381.0,False
2019-01-14 17:39:00,674970.0,757996.0609531081,757997.0,0.0,83027.0,83027.0,False
2019-01-14 17:40:00,695027.0,785510.4909434387,785511.0,0.0,90484.0,90484.0,False
2019-01-14 17:41:00,699984.0,761584.6783886116,761585.0,0.0,61601.0,61601.0,False
2019-01-14 17:42:00,664782.0,759033.1459657678,759034.0,0.0,94252.0,94252.0,False
2019-01-14 17:43:00,666559.0,749577.0929423146,749578.0,0.0,83019.0,83019.0,False
2019-01-14 17:44:00,664490.0,738584.216720213,738585.0,0.0,74095.0,74095.0,False
2019-01-14 17:45:00,671588.0,748640.9658434759,748641.0,0.0,77053.0,77053.0,False
2019-01-14 17:46:00,705226.0,753450.9446140393,753451.0,0.0,48225.0,48225.0,False
2019-01-14 17:47:00,675704.0,757118.8069761526,757119.0,0.0,81415.0,81415.0,False
2019-01-14 17:48:00,681264.0,749516.7321085122,749517.0,0.0,68253.0,68253.0,False
2019-01-14 17:49:00,659755.0,747973.9200200296,747974.0,0.0,88219.0,88219.0,False
2019-01-14 17:50:00,692925.0,745859.0196057861,745860.0,0.0,52935.0,52935.0,False
2019-01-14 17:51:00,654702.0,775379.8619666414,775380.0,0.0,120678.0,120678.0,False
2019-01-14 17:52:00,639464.0,733958.2195994355,733959.0,0.0,94495.0,94495.0,False
2019-01-14 17:53:00,647099.0,726700.3060665969,726701.0,0.0,79602.0,79602.0,False
2019-01-14 17:54:00,637996.0,728523.7529934141,728524.0,0.0,90528.0,90528.0,False
2019-01-14 17:55:00,694214.0,734020.6681493847,734021.0,0.0,39807.0,39807.0,False
2019-01-14 17:56:00,706200.0,759843.450827933,759844.0,0.0,53644.0,53644.0,False
2019-01-14 17:57:00,679368.0,768313.5368699004,768314.0,0.0,88946.0,88946.0,False
2019-01-14 17:58:00,664628.0,763811.4429896724,763812.0,0.0,99184.0,99184.0,False
2019-01-14 17:59:00,665904.0,751409.8949922964,751410.0,0.0,85506.0,85506.0,False
2019-01-14 18:00:00,752010.0,781248.0289204107,781249.0,0.0,29239.0,29239.0,False
2019-01-14 18:01:00,725401.0,791866.8877014723,791867.0,0.0,66466.0,66466.0,False
2019-01-14 18:02:00,731664.0,790130.6169692244,790131.0,0.0,58467.0,58467.0,False
2019-01-14 18:03:00,725003.0,810651.6564337134,810652.0,0.0,85649.0,85649.0,False
2019-01-14 18:04:00,697030.0,802289.738967536,802290.0,0.0,105260.0,105260.0,False
2019-01-14 18:05:00,726045.0,793216.7237767715,793217.0,0.0,67172.0,67172.0,False
2019-01-14 18:06:00,782214.0,823450.4716609298,823451.0,0.0,41237.0,41237.0,False
2019-01-14 18:07:00,748146.0,868761.1437536066,868762.0,0.0,120616.0,120616.0,False
2019-01-14 18:08:00,765492.0,827245.2790349168,827246.0,0.0,61754.0,61754.0,False
2019-01-14 18:09:00,770729.0,841650.6747582072,841651.0,0.0,70922.0,70922.0,False
2019-01-14 18:10:00,751323.0,856703.1237287322,856704.0,0.0,105381.0,105381.0,False
2019-01-14 18:11:00,703284.0,839778.8941625078,839779.0,0.0,136495.0,136495.0,False
2019-01-14 18:12:00,678670.0,802687.3329659164,802688.0,0.0,124018.0,124018.0,False
2019-01-14 18:13:00,675787.0,784191.1152029475,784192.0,0.0,108405.0,108405.0,False
2019-01-14 18:14:00,668842.0,780452.3822644836,780453.0,0.0,111611.0,111611.0,False
2019-01-14 18:15:00,693943.0,780345.550668165,780346.0,0.0,86403.0,86403.0,False
2019-01-14 18:16:00,705739.0,793398.0172857494,793399.0,0.0,87660.0,87660.0,False
2019-01-14 18:17:00,701957.0,797413.2348749733,797414.0,0.0,95457.0,95457.0,False
2019-01-14 18:18:00,704232.0,796233.528630674,796234.0,0.0,92002.0,92002.0,False
2019-01-14 18:19:00,689509.0,801365.6049252998,801366.0,0.0,111857.0,111857.0,False
2019-01-14 18:20:00,682522.0,816637.9838882476,816638.0,0.0,134116.0,134116.0,False
2019-01-14 18:21:00,710305.0,797220.7344691865,797221.0,0.0,86916.0,86916.0,False
2019-01-14 18:22:00,666371.0,787153.42931378,787154.0,0.0,120783.0,120783.0,False
2019-01-14 18:23:00,665076.0,765286.2427295642,765287.0,0.0,100211.0,100211.0,False
2019-01-14 18:24:00,645673.0,761216.02885343,761217.0,0.0,115544.0,115544.0,False
2019-01-14 18:25:00,672497.0,756154.6527709808,756155.0,0.0,83658.0,83658.0,False
2019-01-14 18:26:00,685398.0,777849.8140258484,777850.0,0.0,92452.0,92452.0,False
2019-01-14 18:27:00,653618.0,769544.6378477864,769545.0,0.0,115927.0,115927.0,False
2019-01-14 18:28:00,679086.0,765600.0370376407,765601.0,0.0,86515.0,86515.0,False
2019-01-14 18:29:00,656339.0,767912.3949340465,767913.0,0.0,111574.0,111574.0,False
2019-01-14 18:30:00,738687.0,768543.6992984468,768544.0,0.0,29857.0,29857.0,False
2019-01-14 18:31:00,711580.0,810503.7711207414,810504.0,0.0,98924.0,98924.0,False
2019-01-14 18:32:00,698868.0,788269.9925214965,788270.0,0.0,89402.0,89402.0,False
2019-01-14 18:33:00,676625.0,789051.7349789178,789052.0,0.0,112427.0,112427.0,False
2019-01-14 18:34:00,652849.0,768814.568984143,768815.0,0.0,115966.0,115966.0,False
2019-01-14 18:35:00,650204.0,759814.2082206346,759815.0,0.0,109611.0,109611.0,False
2019-01-14 18:36:00,666622.0,752314.7831463173,752315.0,0.0,85693.0,85693.0,False
2019-01-14 18:37:00,676499.0,751093.316050852,751094.0,0.0,74595.0,74595.0,False
2019-01-14 18:38:00,688717.0,759894.3343999997,759895.0,0.0,71178.0,71178.0,False
2019-01-14 18:39:00,635902.0,763561.8253244631,763562.0,0.0,127660.0,127660.0,False
2019-01-14 18:40:00,685362.0,749692.7400219184,749693.0,0.0,64331.0,64331.0,False
2019-01-14 18:41:00,654032.0,783776.1079297732,783777.0,0.0,129745.0,129745.0,False
2019-01-14 18:42:00,645807.0,759420.4219347889,759421.0,0.0,113614.0,113614.0,False
2019-01-14 18:43:00,654376.0,757331.3172943137,757332.0,0.0,102956.0,102956.0,False
2019-01-14 18:44:00,648640.0,748518.7072956245,748519.0,0.0,99879.0,99879.0,False
2019-01-14 18:45:00,679323.0,748758.5121006077,748759.0,0.0,69436.0,69436.0,False
2019-01-14 18:46:00,676110.0,763552.7083947826,763553.0,0.0,87443.0,87443.0,False
2019-01-14 18:47:00,648546.0,758345.8010424741,758346.0,0.0,109800.0,109800.0,False
2019-01-14 18:48:00,682131.0,757823.2742690379,757824.0,0.0,75693.0,75693.0,False
2019-01-14 18:49:00,666763.0,764956.9120595957,764957.0,0.0,98194.0,98194.0,False
2019-01-14 18:50:00,692059.0,782435.1565820414,782436.0,0.0,90377.0,90377.0,False
2019-01-14 18:51:00,658736.0,773843.9506797887,773844.0,0.0,115108.0,115108.0,False
2019-01-14 18:52:00,650511.0,748381.8706918304,748382.0,0.0,97871.0,97871.0,False
2019-01-14 18:53:00,648328.0,745740.8229085075,745741.0,0.0,97413.0,97413.0,False
2019-01-14 18:54:00,659757.0,744335.8978539472,744336.0,0.0,84579.0,84579.0,False
2019-01-14 18:55:00,660729.0,756068.3593008855,756069.0,0.0,95340.0,95340.0,False
2019-01-14 18:56:00,636298.0,749181.2122863313,749182.0,0.0,112884.0,112884.0,False
2019-01-14 18:57:00,650955.0,736774.1168428487,736775.0,0.0,85820.0,85820.0,False
2019-01-14 18:58:00,658474.0,743774.3858167403,743775.0,0.0,85301.0,85301.0,False
2019-01-14 18:59:00,645765.0,749480.0038927821,749481.0,0.0,103716.0,103716.0,False
2019-01-14 19:00:00,724007.0,780554.2343589991,780555.0,0.0,56548.0,56548.0,False
2019-01-14 19:01:00,682141.0,757313.6112905466,757314.0,0.0,75173.0,75173.0,False
2019-01-14 19:02:00,662056.0,747315.1844047062,747316.0,0.0,85260.0,85260.0,False
2019-01-14 19:03:00,652939.0,737677.802042847,737678.0,0.0,84739.0,84739.0,False
2019-01-14 19:04:00,616147.0,730690.2626372719,730691.0,0.0,114544.0,114544.0,False
2019-01-14 19:05:00,634508.0,724001.4653497022,724002.0,0.0,89494.0,89494.0,False
2019-01-14 19:06:00,674976.0,732109.3499473011,732110.0,0.0,57134.0,57134.0,False
2019-01-14 19:07:00,782503.0,771188.5033636761,771189.0,11314.0,0.0,113140.0,False
2019-01-14 19:08:00,779450.0,877946.0958742525,877947.0,0.0,98497.0,98497.0,False
2019-01-14 19:09:00,685776.0,853722.2268253461,853723.0,0.0,167947.0,167947.0,False
2019-01-14 19:10:00,693741.0,797935.6175024015,797936.0,0.0,104195.0,104195.0,False
2019-01-14 19:11:00,680601.0,790880.9272378649,790881.0,0.0,110280.0,110280.0,False
2019-01-14 19:12:00,655545.0,780892.8878919891,780893.0,0.0,125348.0,125348.0,False
2019-01-14 19:13:00,647104.0,779403.1436727968,779404.0,0.0,132300.0,132300.0,False
2019-01-14 19:14:00,645812.0,760147.7260465281,760148.0,0.0,114336.0,114336.0,False
2019-01-14 19:15:00,688770.0,766457.9164667757,766458.0,0.0,77688.0,77688.0,False
2019-01-14 19:16:00,675900.0,788966.3916043174,788967.0,0.0,113067.0,113067.0,False
2019-01-14 19:17:00,659977.0,774112.157482945,774113.0,0.0,114136.0,114136.0,False
2019-01-14 19:18:00,676001.0,781648.32966152,781649.0,0.0,105648.0,105648.0,False
2019-01-14 19:19:00,649056.0,778818.5917174064,778819.0,0.0,129763.0,129763.0,False
2019-01-14 19:20:00,680219.0,783006.3056408386,783007.0,0.0,102788.0,102788.0,False
2019-01-14 19:21:00,683428.0,787515.4508846361,787516.0,0.0,104088.0,104088.0,False
2019-01-14 19:22:00,661053.0,774992.3017759387,774993.0,0.0,113940.0,113940.0,False
2019-01-14 19:23:00,664052.0,769070.8850162489,769071.0,0.0,105019.0,105019.0,False
2019-01-14 19:24:00,657863.0,769504.5067057819,769505.0,0.0,111642.0,111642.0,False
2019-01-14 19:25:00,663647.0,787203.4783659513,787204.0,0.0,123557.0,123557.0,False
2019-01-14 19:26:00,647101.0,775457.0244209237,775458.0,0.0,128357.0,128357.0,False
2019-01-14 19:27:00,624672.0,750421.7087923303,750422.0,0.0,125750.0,125750.0,False
2019-01-14 19:28:00,631523.0,755064.9716024491,755065.0,0.0,123542.0,123542.0,False
2019-01-14 19:29:00,631815.0,742055.0167003034,742056.0,0.0,110241.0,110241.0,False
2019-01-14 19:30:00,698503.0,761074.12333167,761075.0,0.0,62572.0,62572.0,False
2019-01-14 19:31:00,662179.0,779091.9005183814,779092.0,0.0,116913.0,116913.0,False
2019-01-14 19:32:00,658495.0,765952.8922542324,765953.0,0.0,107458.0,107458.0,False
2019-01-14 19:33:00,650494.0,773759.7404359258,773760.0,0.0,123266.0,123266.0,False
2019-01-14 19:34:00,638613.0,762084.1216949999,762085.0,0.0,123472.0,123472.0,False
2019-01-14 19:35:00,627384.0,769283.2496660043,769284.0,0.0,141900.0,141900.0,False
2019-01-14 19:36:00,637582.0,744128.0688025056,744129.0,0.0,106547.0,106547.0,False
2019-01-14 19:37:00,622451.0,745845.7364601668,745846.0,0.0,123395.0,123395.0,False
2019-01-14 19:38:00,615976.0,704494.8264417297,704495.0,0.0,88519.0,88519.0,False
2019-01-14 19:39:00,620173.0,698913.828691635,698914.0,0.0,78741.0,78741.0,False
2019-01-14 19:40:00,649887.0,722639.783197022,722640.0,0.0,72753.0,72753.0,False
2019-01-14 19:41:00,626528.0,709214.4085283462,709215.0,0.0,82687.0,82687.0,False
2019-01-14 19:42:00,616599.0,702124.727585126,702125.0,0.0,85526.0,85526.0,False
2019-01-14 19:43:00,634251.0,696023.6307736262,696024.0,0.0,61773.0,61773.0,False
2019-01-14 19:44:00,638098.0,700821.8751882352,700822.0,0.0,62724.0,62724.0,False
2019-01-14 19:45:00,659298.0,709184.5897819112,709185.0,0.0,49887.0,49887.0,False
2019-01-14 19:46:00,645723.0,705267.0281507238,705268.0,0.0,59545.0,59545.0,False
2019-01-14 19:47:00,649118.0,702952.3858666387,702953.0,0.0,53835.0,53835.0,False
2019-01-14 19:48:00,644796.0,709654.7162665648,709655.0,0.0,64859.0,64859.0,False
2019-01-14 19:49:00,634203.0,704947.4048005318,704948.0,0.0,70745.0,70745.0,False
2019-01-14 19:50:00,651809.0,724081.0545663723,724082.0,0.0,72273.0,72273.0,False
2019-01-14 19:51:00,632039.0,703139.8995822574,703140.0,0.0,71101.0,71101.0,False
2019-01-14 19:52:00,639584.0,693221.4296667145,693222.0,0.0,53638.0,53638.0,False
2019-01-14 19:53:00,630248.0,700991.9251614003,700992.0,0.0,70744.0,70744.0,False
2019-01-14 19:54:00,644150.0,696842.4967206008,696843.0,0.0,52693.0,52693.0,False
2019-01-14 19:55:00,647429.0,723592.3314789227,723593.0,0.0,76164.0,76164.0,False
2019-01-14 19:56:00,634617.0,704251.9787457266,704252.0,0.0,69635.0,69635.0,False
2019-01-14 19:57:00,642185.0,700793.7597612297,700794.0,0.0,58609.0,58609.0,False
2019-01-14 19:58:00,638503.0,702814.7293971935,702815.0,0.0,64312.0,64312.0,False
2019-01-14 19:59:00,633430.0,698829.4543627864,698830.0,0.0,65400.0,65400.0,False
2019-01-14 20:00:00,729691.0,729580.5926655123,729581.0,110.0,0.0,1100.0,False
2019-01-14 20:01:00,660045.0,745251.4479655647,745252.0,0.0,85207.0,85207.0,False
2019-01-14 20:02:00,664402.0,723625.8946527471,723626.0,0.0,59224.0,59224.0,False
2019-01-14 20:03:00,647707.0,725733.9496253569,725734.0,0.0,78027.0,78027.0,False
2019-01-14 20:04:00,648382.0,715300.1354354223,715301.0,0.0,66919.0,66919.0,False
2019-01-14 20:05:00,653859.0,740720.3662818016,740721.0,0.0,86862.0,86862.0,False
2019-01-14 20:06:00,705258.0,736968.9931430147,736969.0,0.0,31711.0,31711.0,False
2019-01-14 20:07:00,728414.0,782780.9346861609,782781.0,0.0,54367.0,54367.0,False
2019-01-14 20:08:00,720235.0,793880.2786958155,793881.0,0.0,73646.0,73646.0,False
2019-01-14 20:09:00,723023.0,776395.541885267,776396.0,0.0,53373.0,53373.0,False
2019-01-14 20:10:00,709796.0,805293.6703301867,805294.0,0.0,95498.0,95498.0,False
2019-01-14 20:11:00,682163.0,762344.6132702298,762345.0,0.0,80182.0,80182.0,False
2019-01-14 20:12:00,647469.0,732659.8724673046,732660.0,0.0,85191.0,85191.0,False
2019-01-14 20:13:00,636998.0,708987.1739008513,708988.0,0.0,71990.0,71990.0,False
2019-01-14 20:14:00,624944.0,706199.528437023,706200.0,0.0,81256.0,81256.0,False
2019-01-14 20:15:00,676927.0,701101.4371184211,701102.0,0.0,24175.0,24175.0,False
2019-01-14 20:16:00,667837.0,733024.9807168704,733025.0,0.0,65188.0,65188.0,False
2019-01-14 20:17:00,672120.0,733266.4829615989,733267.0,0.0,61147.0,61147.0,False
2019-01-14 20:18:00,652397.0,743048.9915759955,743049.0,0.0,90652.0,90652.0,False
2019-01-14 20:19:00,635836.0,734903.0058886968,734904.0,0.0,99068.0,99068.0,False
2019-01-14 20:20:00,660339.0,749223.0413906749,749224.0,0.0,88885.0,88885.0,False
2019-01-14 20:21:00,642079.0,737370.3432760437,737371.0,0.0,95292.0,95292.0,False
2019-01-14 20:22:00,642855.0,714322.3881410769,714323.0,0.0,71468.0,71468.0,False
2019-01-14 20:23:00,643858.0,719051.9536366404,719052.0,0.0,75194.0,75194.0,False
2019-01-14 20:24:00,639810.0,720566.98367369,720567.0,0.0,80757.0,80757.0,False
2019-01-14 20:25:00,658640.0,736477.7521634522,736478.0,0.0,77838.0,77838.0,False
2019-01-14 20:26:00,641121.0,727499.3856970242,727500.0,0.0,86379.0,86379.0,False
2019-01-14 20:27:00,621717.0,740235.3143765242,740236.0,0.0,118519.0,118519.0,False
2019-01-14 20:28:00,627626.0,715582.4872962723,715583.0,0.0,87957.0,87957.0,False
2019-01-14 20:29:00,605169.0,714845.0280456556,714846.0,0.0,109677.0,109677.0,False
2019-01-14 20:30:00,652512.0,727650.0840074009,727651.0,0.0,75139.0,75139.0,False
2019-01-14 20:31:00,624649.0,716158.6958899105,716159.0,0.0,91510.0,91510.0,False
2019-01-14 20:32:00,607889.0,705464.0830682882,705465.0,0.0,97576.0,97576.0,False
2019-01-14 20:33:00,632286.0,694796.7087819898,694797.0,0.0,62511.0,62511.0,False
2019-01-14 20:34:00,615967.0,704745.2966828964,704746.0,0.0,88779.0,88779.0,False
2019-01-14 20:35:00,630576.0,718282.0447308064,718283.0,0.0,87707.0,87707.0,False
2019-01-14 20:36:00,644715.0,700615.6491075353,700616.0,0.0,55901.0,55901.0,False
2019-01-14 20:37:00,629121.0,702344.6805841669,702345.0,0.0,73224.0,73224.0,False
2019-01-14 20:38:00,621777.0,699796.8508748928,699797.0,0.0,78020.0,78020.0,False
2019-01-14 20:39:00,613424.0,691935.5832825043,691936.0,0.0,78512.0,78512.0,False
2019-01-14 20:40:00,640169.0,718694.0452344529,718695.0,0.0,78526.0,78526.0,False
2019-01-14 20:41:00,611936.0,706502.0731230369,706503.0,0.0,94567.0,94567.0,False
2019-01-14 20:42:00,617117.0,681842.8312924069,681843.0,0.0,64726.0,64726.0,False
2019-01-14 20:43:00,621267.0,686796.7271114287,686797.0,0.0,65530.0,65530.0,False
2019-01-14 20:44:00,626651.0,690930.5963914632,690931.0,0.0,64280.0,64280.0,False
2019-01-14 20:45:00,640017.0,702277.9585047442,702278.0,0.0,62261.0,62261.0,False
2019-01-14 20:46:00,633376.0,689851.2490199517,689852.0,0.0,56476.0,56476.0,False
2019-01-14 20:47:00,655904.0,691098.8421863357,691099.0,0.0,35195.0,35195.0,False
2019-01-14 20:48:00,643601.0,705874.3518307107,705875.0,0.0,62274.0,62274.0,False
2019-01-14 20:49:00,623391.0,700727.3365757326,700728.0,0.0,77337.0,77337.0,False
2019-01-14 20:50:00,649571.0,703948.6929438086,703949.0,0.0,54378.0,54378.0,False
2019-01-14 20:51:00,640909.0,699970.5039962608,699971.0,0.0,59062.0,59062.0,False
2019-01-14 20:52:00,658850.0,693494.6703559122,693495.0,0.0,34645.0,34645.0,False
2019-01-14 20:53:00,636102.0,706773.9597648081,706774.0,0.0,70672.0,70672.0,False
2019-01-14 20:54:00,621152.0,692865.2072842781,692866.0,0.0,71714.0,71714.0,False
2019-01-14 20:55:00,642066.0,689900.8025833002,689901.0,0.0,47835.0,47835.0,False
2019-01-14 20:56:00,627550.0,697287.1504423744,697288.0,0.0,69738.0,69738.0,False
2019-01-14 20:57:00,624159.0,705779.3954984932,705780.0,0.0,81621.0,81621.0,False
2019-01-14 20:58:00,629443.0,684871.0959956542,684872.0,0.0,55429.0,55429.0,False
2019-01-14 20:59:00,627116.0,683772.4954887413,683773.0,0.0,56657.0,56657.0,False
2019-01-14 21:00:00,713622.0,700356.0557359061,700357.0,13265.0,0.0,132650.0,False
2019-01-14 21:01:00,682471.0,745696.9391216335,745697.0,0.0,63226.0,63226.0,False
2019-01-14 21:02:00,665548.0,740288.6573005472,740289.0,0.0,74741.0,74741.0,False
2019-01-14 21:03:00,647485.0,734025.2586628406,734026.0,0.0,86541.0,86541.0,False
2019-01-14 21:04:00,656537.0,719468.3289706191,719469.0,0.0,62932.0,62932.0,False
2019-01-14 21:05:00,658689.0,750247.2687450935,750248.0,0.0,91559.0,91559.0,False
2019-01-14 21:06:00,650743.0,757494.6695935118,757495.0,0.0,106752.0,106752.0,False
2019-01-14 21:07:00,671512.0,736224.6345365267,736225.0,0.0,64713.0,64713.0,False
2019-01-14 21:08:00,746368.0,754760.8656796588,754761.0,0.0,8393.0,8393.0,False
2019-01-14 21:09:00,755706.0,807343.4721922871,807344.0,0.0,51638.0,51638.0,False
2019-01-14 21:10:00,721742.0,818500.115102802,818501.0,0.0,96759.0,96759.0,False
2019-01-14 21:11:00,634048.0,794731.0338627207,794732.0,0.0,160684.0,160684.0,False
2019-01-14 21:12:00,653608.0,744517.057125496,744518.0,0.0,90910.0,90910.0,False
2019-01-14 21:13:00,651736.0,748132.3095556202,748133.0,0.0,96397.0,96397.0,False
2019-01-14 21:14:00,647479.0,756029.804395848,756030.0,0.0,108551.0,108551.0,False
2019-01-14 21:15:00,648939.0,751681.4537092599,751682.0,0.0,102743.0,102743.0,False
2019-01-14 21:16:00,637511.0,758804.3776579776,758805.0,0.0,121294.0,121294.0,False
2019-01-14 21:17:00,660161.0,753425.4514755586,753426.0,0.0,93265.0,93265.0,False
2019-01-14 21:18:00,645540.0,760997.6847113083,760998.0,0.0,115458.0,115458.0,False
2019-01-14 21:19:00,648124.0,759886.3279133323,759887.0,0.0,111763.0,111763.0,False
2019-01-14 21:20:00,675828.0,773483.7782148148,773484.0,0.0,97656.0,97656.0,False
2019-01-14 21:21:00,655098.0,765680.014759209,765681.0,0.0,110583.0,110583.0,False
2019-01-14 21:22:00,644619.0,764330.0541684703,764331.0,0.0,119712.0,119712.0,False
2019-01-14 21:23:00,639264.0,751658.7452381977,751659.0,0.0,112395.0,112395.0,False
2019-01-14 21:24:00,619322.0,744975.4316095997,744976.0,0.0,125654.0,125654.0,False
2019-01-14 21:25:00,638808.0,740623.7153054322,740624.0,0.0,101816.0,101816.0,False
2019-01-14 21:26:00,627354.0,740860.8748355175,740861.0,0.0,113507.0,113507.0,False
2019-01-14 21:27:00,634318.0,736236.4252938428,736237.0,0.0,101919.0,101919.0,False
2019-01-14 21:28:00,622513.0,737853.5986605543,737854.0,0.0,115341.0,115341.0,False
2019-01-14 21:29:00,632693.0,735142.6172114769,735143.0,0.0,102450.0,102450.0,False
2019-01-14 21:30:00,749223.0,778267.0615154264,778268.0,0.0,29045.0,29045.0,False
2019-01-14 21:31:00,683293.0,792914.1976270474,792915.0,0.0,109622.0,109622.0,False
2019-01-14 21:32:00,650097.0,774976.3657135942,774977.0,0.0,124880.0,124880.0,False
2019-01-14 21:33:00,647019.0,761894.2945833091,761895.0,0.0,114876.0,114876.0,False
2019-01-14 21:34:00,626563.0,755750.2730192788,755751.0,0.0,129188.0,129188.0,False
2019-01-14 21:35:00,641004.0,765201.1507573155,765202.0,0.0,124198.0,124198.0,False
2019-01-14 21:36:00,638907.0,771775.59373536,771776.0,0.0,132869.0,132869.0,False
2019-01-14 21:37:00,632517.0,771408.8056687311,771409.0,0.0,138892.0,138892.0,False
2019-01-14 21:38:00,627948.0,744401.9231867616,744402.0,0.0,116454.0,116454.0,False
2019-01-14 21:39:00,639289.0,732031.1398916814,732032.0,0.0,92743.0,92743.0,False
2019-01-14 21:40:00,660362.0,751724.047446535,751725.0,0.0,91363.0,91363.0,False
2019-01-14 21:41:00,629310.0,752198.9488228553,752199.0,0.0,122889.0,122889.0,False
2019-01-14 21:42:00,625209.0,713736.447994934,713737.0,0.0,88528.0,88528.0,False
2019-01-14 21:43:00,633703.0,712896.4113545888,712897.0,0.0,79194.0,79194.0,False
2019-01-14 21:44:00,618526.0,708681.2074186659,708682.0,0.0,90156.0,90156.0,False
2019-01-14 21:45:00,630324.0,709339.4853731896,709340.0,0.0,79016.0,79016.0,False
2019-01-14 21:46:00,626136.0,705657.0057960051,705658.0,0.0,79522.0,79522.0,False
2019-01-14 21:47:00,646299.0,705066.3129212214,705067.0,0.0,58768.0,58768.0,False
2019-01-14 21:48:00,622032.0,716887.3237083725,716888.0,0.0,94856.0,94856.0,False
2019-01-14 21:49:00,614926.0,705242.4285256101,705243.0,0.0,90317.0,90317.0,False
2019-01-14 21:50:00,630777.0,725218.9086568133,725219.0,0.0,94442.0,94442.0,False
2019-01-14 21:51:00,641511.0,703546.9258502797,703547.0,0.0,62036.0,62036.0,False
2019-01-14 21:52:00,636468.0,713849.8218498151,713850.0,0.0,77382.0,77382.0,False
2019-01-14 21:53:00,619147.0,710706.8660318325,710707.0,0.0,91560.0,91560.0,False
2019-01-14 21:54:00,633728.0,700138.828184044,700139.0,0.0,66411.0,66411.0,False
2019-01-14 21:55:00,629719.0,711857.8869140253,711858.0,0.0,82139.0,82139.0,False
2019-01-14 21:56:00,622534.0,708763.4053045565,708764.0,0.0,86230.0,86230.0,False
2019-01-14 21:57:00,638027.0,726259.1727755548,726260.0,0.0,88233.0,88233.0,False
2019-01-14 21:58:00,618927.0,707483.2891615062,707484.0,0.0,88557.0,88557.0,False
2019-01-14 21:59:00,624671.0,699877.5451216423,699878.0,0.0,75207.0,75207.0,False
2019-01-14 22:00:00,726231.0,716675.5703336047,716676.0,9555.0,0.0,95550.0,False
2019-01-14 22:01:00,651412.0,757429.1882973252,757430.0,0.0,106018.0,106018.0,False
2019-01-14 22:02:00,652930.0,734957.8805069025,734958.0,0.0,82028.0,82028.0,False
2019-01-14 22:03:00,642876.0,741281.0627511897,741282.0,0.0,98406.0,98406.0,False
2019-01-14 22:04:00,634330.0,735854.3581488229,735855.0,0.0,101525.0,101525.0,False
2019-01-14 22:05:00,647171.0,748065.7862467202,748066.0,0.0,100895.0,100895.0,False
2019-01-14 22:06:00,722589.0,756892.1432246839,756893.0,0.0,34304.0,34304.0,False
2019-01-14 22:07:00,725084.0,821425.5244726543,821426.0,0.0,96342.0,96342.0,False
2019-01-14 22:08:00,727419.0,818089.1155077724,818090.0,0.0,90671.0,90671.0,False
2019-01-14 22:09:00,694547.0,808335.4376061638,808336.0,0.0,113789.0,113789.0,False
2019-01-14 22:10:00,661817.0,791766.9871460906,791767.0,0.0,129950.0,129950.0,False
2019-01-14 22:11:00,648076.0,748401.486480804,748402.0,0.0,100326.0,100326.0,False
2019-01-14 22:12:00,636912.0,735797.568951083,735798.0,0.0,98886.0,98886.0,False
2019-01-14 22:13:00,628149.0,729235.909491958,729236.0,0.0,101087.0,101087.0,False
2019-01-14 22:14:00,627421.0,721534.439786636,721535.0,0.0,94114.0,94114.0,False
2019-01-14 22:15:00,653408.0,727343.2273667448,727344.0,0.0,73936.0,73936.0,False
2019-01-14 22:16:00,637563.0,742250.4908769078,742251.0,0.0,104688.0,104688.0,False
2019-01-14 22:17:00,639372.0,733762.2708630152,733763.0,0.0,94391.0,94391.0,False
2019-01-14 22:18:00,627615.0,745518.5937083032,745519.0,0.0,117904.0,117904.0,False
2019-01-14 22:19:00,623973.0,752976.8523247181,752977.0,0.0,129004.0,129004.0,False
2019-01-14 22:20:00,638312.0,751993.3526002965,751994.0,0.0,113682.0,113682.0,False
2019-01-14 22:21:00,625041.0,740971.8952153518,740972.0,0.0,115931.0,115931.0,False
2019-01-14 22:22:00,619713.0,723618.5650611254,723619.0,0.0,103906.0,103906.0,False
2019-01-14 22:23:00,614103.0,717487.4473771682,717488.0,0.0,103385.0,103385.0,False
2019-01-14 22:24:00,616165.0,717365.7519575277,717366.0,0.0,101201.0,101201.0,False
2019-01-14 22:25:00,616171.0,738871.2272240575,738872.0,0.0,122701.0,122701.0,False
2019-01-14 22:26:00,625452.0,719759.3884935761,719760.0,0.0,94308.0,94308.0,False
2019-01-14 22:27:00,635677.0,724764.0224822009,724765.0,0.0,89088.0,89088.0,False
2019-01-14 22:28:00,636054.0,727363.1929681883,727364.0,0.0,91310.0,91310.0,False
2019-01-14 22:29:00,617821.0,731225.0474471058,731226.0,0.0,113405.0,113405.0,False
2019-01-14 22:30:00,677698.0,742022.1210376542,742023.0,0.0,64325.0,64325.0,False
2019-01-14 22:31:00,647610.0,730538.9337266746,730539.0,0.0,82929.0,82929.0,False
2019-01-14 22:32:00,626252.0,707733.896839173,707734.0,0.0,81482.0,81482.0,False
2019-01-14 22:33:00,623358.0,702863.9229049403,702864.0,0.0,79506.0,79506.0,False
2019-01-14 22:34:00,613736.0,695977.7774771405,695978.0,0.0,82242.0,82242.0,False
2019-01-14 22:35:00,626600.0,692931.3080801382,692932.0,0.0,66332.0,66332.0,False
2019-01-14 22:36:00,612123.0,700943.6517502519,700944.0,0.0,88821.0,88821.0,False
2019-01-14 22:37:00,604535.0,674192.3798832571,674193.0,0.0,69658.0,69658.0,False
2019-01-14 22:38:00,604385.0,671043.8139188598,671044.0,0.0,66659.0,66659.0,False
2019-01-14 22:39:00,607582.0,669657.2958507716,669658.0,0.0,62076.0,62076.0,False
2019-01-14 22:40:00,641559.0,707294.1172502822,707295.0,0.0,65736.0,65736.0,False
2019-01-14 22:41:00,623349.0,678664.2017712604,678665.0,0.0,55316.0,55316.0,False
2019-01-14 22:42:00,595166.0,671997.2674922163,671998.0,0.0,76832.0,76832.0,False
2019-01-14 22:43:00,623969.0,661897.6124765918,661898.0,0.0,37929.0,37929.0,False
2019-01-14 22:44:00,616972.0,674140.4583183341,674141.0,0.0,57169.0,57169.0,False
2019-01-14 22:45:00,638137.0,694244.05932068,694245.0,0.0,56108.0,56108.0,False
2019-01-14 22:46:00,623340.0,681516.6717245046,681517.0,0.0,58177.0,58177.0,False
2019-01-14 22:47:00,645070.0,673268.8340510654,673269.0,0.0,28199.0,28199.0,False
2019-01-14 22:48:00,629597.0,699320.6329905303,699321.0,0.0,69724.0,69724.0,False
2019-01-14 22:49:00,599110.0,684835.8161346056,684836.0,0.0,85726.0,85726.0,False
2019-01-14 22:50:00,639246.0,687987.5680903409,687988.0,0.0,48742.0,48742.0,False
2019-01-14 22:51:00,604252.0,682857.9955593797,682858.0,0.0,78606.0,78606.0,False
2019-01-14 22:52:00,611750.0,661374.0861624517,661375.0,0.0,49625.0,49625.0,False
2019-01-14 22:53:00,606205.0,666853.5249655541,666854.0,0.0,60649.0,60649.0,False
2019-01-14 22:54:00,605963.0,666023.361500669,666024.0,0.0,60061.0,60061.0,False
2019-01-14 22:55:00,615895.0,676888.4549852014,676889.0,0.0,60994.0,60994.0,False
2019-01-14 22:56:00,613157.0,665311.4908690233,665312.0,0.0,52155.0,52155.0,False
2019-01-14 22:57:00,607959.0,678693.8327627081,678694.0,0.0,70735.0,70735.0,False
2019-01-14 22:58:00,625235.0,668366.0732335321,668367.0,0.0,43132.0,43132.0,False
2019-01-14 22:59:00,611442.0,673409.3166975507,673410.0,0.0,61968.0,61968.0,False
2019-01-14 23:00:00,711484.0,711165.6106927771,711166.0,318.0,0.0,3180.0,False
2019-01-14 23:01:00,645106.0,725112.8533083951,725113.0,0.0,80007.0,80007.0,False
2019-01-14 23:02:00,652371.0,702122.0870905534,702123.0,0.0,49752.0,49752.0,False
2019-01-14 23:03:00,651248.0,713050.3945259973,713051.0,0.0,61803.0,61803.0,False
2019-01-14 23:04:00,629553.0,705235.68039318,705236.0,0.0,75683.0,75683.0,False
2019-01-14 23:05:00,637780.0,713606.9725652185,713607.0,0.0,75827.0,75827.0,False
2019-01-14 23:06:00,652740.0,725731.7998430637,725732.0,0.0,72992.0,72992.0,False
2019-01-14 23:07:00,676817.0,735602.6425423035,735603.0,0.0,58786.0,58786.0,False
2019-01-14 23:08:00,684261.0,743999.3704982761,744000.0,0.0,59739.0,59739.0,False
2019-01-14 23:09:00,686833.0,743809.3036767703,743810.0,0.0,56977.0,56977.0,False
2019-01-14 23:10:00,667390.0,773209.3393184049,773210.0,0.0,105820.0,105820.0,False
2019-01-14 23:11:00,637495.0,738057.4112958979,738058.0,0.0,100563.0,100563.0,False
2019-01-14 23:12:00,658949.0,720050.3571813757,720051.0,0.0,61102.0,61102.0,False
2019-01-14 23:13:00,620860.0,732410.403452652,732411.0,0.0,111551.0,111551.0,False
2019-01-14 23:14:00,609331.0,698187.5664125272,698188.0,0.0,88857.0,88857.0,False
2019-01-14 23:15:00,630045.0,696224.7827680536,696225.0,0.0,66180.0,66180.0,False
2019-01-14 23:16:00,604802.0,708737.3709999272,708738.0,0.0,103936.0,103936.0,False
2019-01-14 23:17:00,535995.0,697502.3794836452,697503.0,0.0,161508.0,161508.0,False
2019-01-14 23:18:00,567885.0,665345.6337638872,665346.0,0.0,97461.0,97461.0,False
2019-01-14 23:19:00,591624.0,675014.9609178388,675015.0,0.0,83391.0,83391.0,False
2019-01-14 23:20:00,633844.0,708322.3789667436,708323.0,0.0,74479.0,74479.0,False
2019-01-14 23:21:00,622058.0,722657.5186556602,722658.0,0.0,100600.0,100600.0,False
2019-01-14 23:22:00,605205.0,707956.3037001616,707957.0,0.0,102752.0,102752.0,False
2019-01-14 23:23:00,622582.0,704048.2300478623,704049.0,0.0,81467.0,81467.0,False
2019-01-14 23:24:00,612415.0,708001.0916454885,708002.0,0.0,95587.0,95587.0,False
2019-01-14 23:25:00,616866.0,714048.1005212056,714049.0,0.0,97183.0,97183.0,False
2019-01-14 23:26:00,601307.0,707784.7694580519,707785.0,0.0,106478.0,106478.0,False
2019-01-14 23:27:00,614037.0,705224.9319660214,705225.0,0.0,91188.0,91188.0,False
2019-01-14 23:28:00,618267.0,708019.6088653288,708020.0,0.0,89753.0,89753.0,False
2019-01-14 23:29:00,636622.0,715198.3931422399,715199.0,0.0,78577.0,78577.0,False
2019-01-14 23:30:00,704185.0,740425.5331141417,740426.0,0.0,36241.0,36241.0,False
2019-01-14 23:31:00,644028.0,758636.5204493757,758637.0,0.0,114609.0,114609.0,False
2019-01-14 23:32:00,616963.0,743472.0663902345,743473.0,0.0,126510.0,126510.0,False
2019-01-14 23:33:00,611267.0,726990.4949737913,726991.0,0.0,115724.0,115724.0,False
2019-01-14 23:34:00,581705.0,715649.9707463462,715650.0,0.0,133945.0,133945.0,False
2019-01-14 23:35:00,593599.0,712891.345796999,712892.0,0.0,119293.0,119293.0,False
2019-01-14 23:36:00,597509.0,706988.4956158586,706989.0,0.0,109480.0,109480.0,False
2019-01-14 23:37:00,599955.0,717442.9102089911,717443.0,0.0,117488.0,117488.0,False
2019-01-14 23:38:00,595014.0,708291.0415376007,708292.0,0.0,113278.0,113278.0,False
2019-01-14 23:39:00,594908.0,703444.8080665059,703445.0,0.0,108537.0,108537.0,False
2019-01-14 23:40:00,634585.0,720217.6760551775,720218.0,0.0,85633.0,85633.0,False
2019-01-14 23:41:00,608947.0,723776.5924273233,723777.0,0.0,114830.0,114830.0,False
2019-01-14 23:42:00,607280.0,713042.0960329834,713043.0,0.0,105763.0,105763.0,False
2019-01-14 23:43:00,613165.0,707424.9064278838,707425.0,0.0,94260.0,94260.0,False
2019-01-14 23:44:00,613704.0,702841.1206687066,702842.0,0.0,89138.0,89138.0,False
2019-01-14 23:45:00,639067.0,724992.9347578717,724993.0,0.0,85926.0,85926.0,False
2019-01-14 23:46:00,620960.0,719108.9180872065,719109.0,0.0,98149.0,98149.0,False
2019-01-14 23:47:00,604475.0,711566.4734635043,711567.0,0.0,107092.0,107092.0,False
2019-01-14 23:48:00,614541.0,677984.3143061842,677985.0,0.0,63444.0,63444.0,False
2019-01-14 23:49:00,591612.0,683509.3155197211,683510.0,0.0,91898.0,91898.0,False
2019-01-14 23:50:00,617163.0,699755.6119755168,699756.0,0.0,82593.0,82593.0,False
2019-01-14 23:51:00,591331.0,680635.1444282453,680636.0,0.0,89305.0,89305.0,False
2019-01-14 23:52:00,580034.0,668309.5480098022,668310.0,0.0,88276.0,88276.0,False
2019-01-14 23:53:00,583403.0,662171.8849198107,662172.0,0.0,78769.0,78769.0,False
2019-01-14 23:54:00,598860.0,659116.1341664442,659117.0,0.0,60257.0,60257.0,False
2019-01-14 23:55:00,611202.0,701412.5442116052,701413.0,0.0,90211.0,90211.0,False
2019-01-14 23:56:00,588891.0,675921.9387587105,675922.0,0.0,87031.0,87031.0,False
2019-01-14 23:57:00,578440.0,665995.3449968328,665996.0,0.0,87556.0,87556.0,False
2019-01-14 23:58:00,587982.0,662833.3086004565,662834.0,0.0,74852.0,74852.0,False
2019-01-14 23:59:00,586114.0,666784.9965997927,666785.0,0.0,80671.0,80671.0,False
