timestamp,actual_demand,predicted,provisioned,cold_starts,idle_capacity,cost,is_extreme,base_prediction,sigma_t,buffer_t
2019-01-12 04:50:00,588657.0,676803.1408737563,676804.0,0.0,88147.0,88147.0,False,554436.0,29707.428416826253,122367.14087375622
2019-01-12 04:51:00,580621.0,711024.1408737563,711025.0,0.0,130404.0,130404.0,False,588657.0,29707.428416826253,122367.14087375622
2019-01-12 04:52:00,552778.0,702988.1408737563,702989.0,0.0,150211.0,150211.0,False,580621.0,29707.428416826253,122367.14087375622
2019-01-12 04:53:00,530515.0,675145.1408737563,675146.0,0.0,144631.0,144631.0,False,552778.0,29707.428416826253,122367.14087375622
2019-01-12 04:54:00,532786.0,652882.1408737563,652883.0,0.0,120097.0,120097.0,False,530515.0,29707.428416826253,122367.14087375622
2019-01-12 04:55:00,541348.0,655153.1408737563,655154.0,0.0,113806.0,113806.0,False,532786.0,29707.428416826253,122367.14087375622
2019-01-12 04:56:00,536975.0,663715.1408737563,663716.0,0.0,126741.0,126741.0,False,541348.0,29707.428416826253,122367.14087375622
2019-01-12 04:57:00,530572.0,659342.1408737563,659343.0,0.0,128771.0,128771.0,False,536975.0,29707.428416826253,122367.14087375622
2019-01-12 04:58:00,525627.0,652939.1408737563,652940.0,0.0,127313.0,127313.0,False,530572.0,29707.428416826253,122367.14087375622
2019-01-12 04:59:00,540296.0,647994.1408737563,647995.0,0.0,107699.0,107699.0,False,525627.0,29707.428416826253,122367.14087375622
2019-01-12 05:00:00,647028.0,662663.1408737563,662664.0,0.0,15636.0,15636.0,False,540296.0,29707.428416826253,122367.14087375622
2019-01-12 05:01:00,622708.0,769395.1408737563,769396.0,0.0,146688.0,146688.0,False,647028.0,29707.428416826253,122367.14087375622
2019-01-12 05:02:00,582150.0,745075.1408737563,745076.0,0.0,162926.0,162926.0,False,622708.0,29707.428416826253,122367.14087375622
2019-01-12 05:03:00,570577.0,704517.1408737563,704518.0,0.0,133941.0,133941.0,False,582150.0,29707.428416826253,122367.14087375622
2019-01-12 05:04:00,547418.0,692944.1408737563,692945.0,0.0,145527.0,145527.0,False,570577.0,29707.428416826253,122367.14087375622
2019-01-12 05:05:00,559395.0,669785.1408737563,669786.0,0.0,110391.0,110391.0,False,547418.0,29707.428416826253,122367.14087375622
2019-01-12 05:06:00,525129.0,681762.1408737563,681763.0,0.0,156634.0,156634.0,False,559395.0,29707.428416826253,122367.14087375622
2019-01-12 05:07:00,586948.0,647496.1408737563,647497.0,0.0,60549.0,60549.0,False,525129.0,29707.428416826253,122367.14087375622
2019-01-12 05:08:00,647579.0,709315.1408737563,709316.0,0.0,61737.0,61737.0,False,586948.0,29707.428416826253,122367.14087375622
2019-01-12 05:09:00,605381.0,769946.1408737563,769947.0,0.0,164566.0,164566.0,False,647579.0,29707.428416826253,122367.14087375622
2019-01-12 05:10:00,560253.0,727748.1408737563,727749.0,0.0,167496.0,167496.0,False,605381.0,29707.428416826253,122367.14087375622
2019-01-12 05:11:00,532885.0,682620.1408737563,682621.0,0.0,149736.0,149736.0,False,560253.0,29707.428416826253,122367.14087375622
2019-01-12 05:12:00,588134.0,655252.1408737563,655253.0,0.0,67119.0,67119.0,False,532885.0,29707.428416826253,122367.14087375622
2019-01-12 05:13:00,628095.0,710501.1408737563,710502.0,0.0,82407.0,82407.0,False,588134.0,29707.428416826253,122367.14087375622
2019-01-12 05:14:00,614418.0,750462.1408737563,750463.0,0.0,136045.0,136045.0,False,628095.0,29707.428416826253,122367.14087375622
2019-01-12 05:15:00,585384.0,736785.1408737563,736786.0,0.0,151402.0,151402.0,False,614418.0,29707.428416826253,122367.14087375622
2019-01-12 05:16:00,552188.0,707751.1408737563,707752.0,0.0,155564.0,155564.0,False,585384.0,29707.428416826253,122367.14087375622
2019-01-12 05:17:00,537122.0,674555.1408737563,674556.0,0.0,137434.0,137434.0,False,552188.0,29707.428416826253,122367.14087375622
2019-01-12 05:18:00,536814.0,659489.1408737563,659490.0,0.0,122676.0,122676.0,False,537122.0,29707.428416826253,122367.14087375622
2019-01-12 05:19:00,534593.0,659181.1408737563,659182.0,0.0,124589.0,124589.0,False,536814.0,29707.428416826253,122367.14087375622
2019-01-12 05:20:00,561731.0,680350.3005789174,680351.0,0.0,118620.0,118620.0,False,534593.0,35385.92584789791,145757.30057891735
2019-01-12 05:21:00,559076.0,706621.1317019176,706622.0,0.0,147546.0,147546.0,False,561731.0,35175.40072526432,144890.13170191762
2019-01-12 05:22:00,550042.0,703870.7914397153,703871.0,0.0,153829.0,153829.0,False,559076.0,35152.254691170594,144794.79143971534
2019-01-12 05:23:00,560379.0,693505.7874311538,693506.0,0.0,133127.0,133127.0,False,550042.0,34829.122958055705,143463.7874311538
2019-01-12 05:24:00,572109.0,703015.9644558034,703016.0,0.0,130907.0,130907.0,False,560379.0,34628.392727879356,142636.96445580333
2019-01-12 05:25:00,543707.0,714965.1033528814,714966.0,0.0,171259.0,171259.0,False,572109.0,34681.593718372416,142856.10335288136
2019-01-12 05:26:00,532930.0,688108.087490004,688109.0,0.0,155179.0,155179.0,False,543707.0,35056.67403267063,144401.08749000396
2019-01-12 05:27:00,521143.0,677520.2536013329,677521.0,0.0,156378.0,156378.0,False,532930.0,35102.59844236974,144590.25360133295
2019-01-12 05:28:00,513834.0,665919.9383526128,665920.0,0.0,152086.0,152086.0,False,521143.0,35147.92044503775,144776.93835261275
2019-01-12 05:29:00,532719.0,658664.2436680667,658665.0,0.0,125946.0,125946.0,False,513834.0,35160.86153225917,144830.24366806666
2019-01-12 05:30:00,575989.0,677830.4920244943,677831.0,0.0,101842.0,101842.0,False,532719.0,35229.141017717986,145111.49202449436
2019-01-12 05:31:00,538608.0,700806.821014691,700807.0,0.0,162199.0,162199.0,False,575989.0,30302.38719693266,124817.82101469104
2019-01-12 05:32:00,528025.0,665087.4862255042,665088.0,0.0,137063.0,137063.0,False,538608.0,30705.7945164997,126479.48622550425
2019-01-12 05:33:00,534611.0,651346.5089623937,651347.0,0.0,116736.0,116736.0,False,528025.0,29939.12314691521,123321.50896239374
2019-01-12 05:34:00,532570.0,657849.8706838102,657850.0,0.0,125280.0,125280.0,False,534611.0,29919.060810507082,123238.8706838102
2019-01-12 05:35:00,537813.0,654664.5261677953,654665.0,0.0,116852.0,116852.0,False,532570.0,29641.24494792375,122094.52616779535
2019-01-12 05:36:00,531226.0,659619.6770798792,659620.0,0.0,128394.0,128394.0,False,537813.0,29571.36298359036,121806.67707987917
2019-01-12 05:37:00,529027.0,650412.5301427268,650413.0,0.0,121386.0,121386.0,False,531226.0,28935.262254087156,119186.5301427269
2019-01-12 05:38:00,516514.0,638499.7526596391,638500.0,0.0,121986.0,121986.0,False,529027.0,26577.020105293937,109472.7526596391
2019-01-12 05:39:00,528030.0,615170.871389457,615171.0,0.0,87141.0,87141.0,False,516514.0,23951.216999129043,98656.87138945701
2019-01-12 05:40:00,550462.0,622962.3528177518,622963.0,0.0,72501.0,72501.0,False,528030.0,23047.00474029868,94932.3528177518
2019-01-12 05:41:00,535813.0,641324.2211655795,641325.0,0.0,105512.0,105512.0,False,550462.0,22058.886983843873,90862.22116557957
2019-01-12 05:42:00,534398.0,625005.7453760874,625006.0,0.0,90608.0,90608.0,False,535813.0,21653.583467263943,89192.74537608733
2019-01-12 05:43:00,553836.0,612984.6439853349,612985.0,0.0,59149.0,59149.0,False,534398.0,19078.70923552521,78586.64398533493
2019-01-12 05:44:00,531868.0,627571.3149021778,627572.0,0.0,95704.0,95704.0,False,553836.0,17900.93789564366,73735.3149021778
2019-01-12 05:45:00,548161.0,606564.2411548328,606565.0,0.0,58404.0,58404.0,False,531868.0,18134.224770377834,74696.2411548327
2019-01-12 05:46:00,534146.0,621340.6279828051,621341.0,0.0,87195.0,87195.0,False,548161.0,17766.03215819196,73179.62798280512
2019-01-12 05:47:00,555466.0,603881.9093329123,603882.0,0.0,48416.0,48416.0,False,534146.0,16929.99051703826,69735.90933291228
2019-01-12 05:48:00,540325.0,626117.1676691856,626118.0,0.0,85793.0,85793.0,False,555466.0,17152.190458244644,70651.16766918557
2019-01-12 05:49:00,545129.0,611930.1647585805,611931.0,0.0,66802.0,66802.0,False,540325.0,17383.795119763214,71605.16475858053
2019-01-12 05:50:00,551567.0,616792.8102842253,616793.0,0.0,65226.0,65226.0,False,545129.0,17398.032665419807,71663.81028422523
2019-01-12 05:51:00,540069.0,620434.7714440677,620435.0,0.0,80366.0,80366.0,False,551567.0,16719.230144567096,68867.77144406774
2019-01-12 05:52:00,524652.0,609413.7148803332,609414.0,0.0,84762.0,84762.0,False,540069.0,16835.019096491265,69344.71488033312
2019-01-12 05:53:00,521408.0,594592.0769871714,594593.0,0.0,73185.0,73185.0,False,524652.0,16979.556895157635,69940.07698717144
2019-01-12 05:54:00,530909.0,590838.9422599593,590839.0,0.0,59930.0,59930.0,False,521408.0,16855.95276944892,69430.94225995928
2019-01-12 05:55:00,540109.0,600122.5997808271,600123.0,0.0,60014.0,60014.0,False,530909.0,16803.187900590718,69213.59978082703
2019-01-12 05:56:00,536771.0,606546.3805463339,606547.0,0.0,69776.0,69776.0,False,540109.0,16129.19704332937,66437.38054633382
2019-01-12 05:57:00,532770.0,602759.6874774273,602760.0,0.0,69990.0,69990.0,False,536771.0,16020.266515652685,65988.68747742735
2019-01-12 05:58:00,532080.0,598212.4545431796,598213.0,0.0,66133.0,66133.0,False,532770.0,15887.655949799726,65442.45454317961
2019-01-12 05:59:00,544192.0,597264.6876664198,597265.0,0.0,53073.0,53073.0,False,532080.0,15825.07713178622,65184.68766641976
2019-01-12 06:00:00,654073.0,608488.9913507446,608489.0,45584.0,0.0,455840.0,False,544192.0,15609.568502872451,64296.99135074457
2019-01-12 06:01:00,590739.0,753023.5930793785,753024.0,0.0,162285.0,162285.0,False,654073.0,24022.524672214353,98950.59307937844
2019-01-12 06:02:00,577052.0,697196.6005768157,697197.0,0.0,120145.0,120145.0,False,590739.0,25845.02282214476,106457.60057681566
2019-01-12 06:03:00,568740.0,683737.2662622448,683738.0,0.0,114998.0,114998.0,False,577052.0,25900.293885965984,106685.2662622448
2019-01-12 06:04:00,545882.0,675602.733133296,675603.0,0.0,129721.0,129721.0,False,568740.0,25943.37803691097,106862.73313329599
2019-01-12 06:05:00,544559.0,654193.6047793378,654194.0,0.0,109635.0,109635.0,False,545882.0,26295.124840853703,108311.60477933772
2019-01-12 06:06:00,540882.0,652814.853308056,652815.0,0.0,111933.0,111933.0,False,544559.0,26281.58989323289,108255.85330805597
2019-01-12 06:07:00,594176.0,649055.646091996,649056.0,0.0,54880.0,54880.0,False,540882.0,26261.63220713342,108173.64609199602
2019-01-12 06:08:00,636876.0,709184.1555694464,709185.0,0.0,72309.0,72309.0,False,594176.0,27920.866047327054,115008.15556944639
2019-01-12 06:09:00,642518.0,755097.8612973396,755098.0,0.0,112580.0,112580.0,False,636876.0,28701.066779177327,118221.86129733954
2019-01-12 06:10:00,701297.0,760608.7042875964,760609.0,0.0,59312.0,59312.0,False,642518.0,28669.225408606042,118090.70428759638
2019-01-12 06:11:00,608943.0,825526.6927938826,825527.0,0.0,216584.0,216584.0,False,701297.0,30159.60558991931,124229.69279388252
2019-01-12 06:12:00,569267.0,751993.8314594994,751994.0,0.0,182727.0,182727.0,False,608943.0,34728.868429923205,143050.83145949946
2019-01-12 06:13:00,560477.0,715658.9477954829,715659.0,0.0,155182.0,155182.0,False,569267.0,35540.001007466366,146391.9477954829
2019-01-12 06:14:00,559376.0,706362.9173965665,706363.0,0.0,146987.0,146987.0,False,560477.0,35417.150528610626,145885.91739656645
2019-01-12 06:15:00,581128.0,704279.4773496144,704280.0,0.0,123152.0,123152.0,False,559376.0,35178.64068715929,144903.47734961438
2019-01-12 06:16:00,557058.0,726414.7984344617,726415.0,0.0,169357.0,169357.0,False,581128.0,35271.70066721155,145286.79843446176
2019-01-12 06:17:00,553818.0,703124.5054374927,703125.0,0.0,149307.0,149307.0,False,557058.0,35460.99241508804,146066.50543749274
2019-01-12 06:18:00,562791.0,699056.2030162414,699057.0,0.0,136266.0,136266.0,False,553818.0,35259.90301550654,145238.2030162414
2019-01-12 06:19:00,530111.0,707706.6763543404,707707.0,0.0,177596.0,177596.0,False,562791.0,35181.60227518912,144915.67635434042
2019-01-12 06:20:00,566808.0,677069.4011625643,677070.0,0.0,110262.0,110262.0,False,530111.0,35677.52054689405,146958.40116256432
2019-01-12 06:21:00,531046.0,716256.4026721489,716257.0,0.0,185211.0,185211.0,False,566808.0,36282.02549058713,149448.40267214892
2019-01-12 06:22:00,529892.0,682658.0237385327,682659.0,0.0,152767.0,152767.0,False,531046.0,36807.29410021368,151612.0237385327
2019-01-12 06:23:00,540455.0,681065.9122189663,681066.0,0.0,140611.0,140611.0,False,529892.0,36700.93248619563,151173.91221896626
2019-01-12 06:24:00,546857.0,691796.9367253169,691797.0,0.0,144940.0,144940.0,False,540455.0,36741.724286666264,151341.93672531692
2019-01-12 06:25:00,545982.0,698113.5820373299,698114.0,0.0,152132.0,152132.0,False,546857.0,36721.00247960833,151256.58203732985
2019-01-12 06:26:00,527081.0,697095.4084353235,697096.0,0.0,170015.0,170015.0,False,545982.0,36686.24380581395,151113.40843532354
2019-01-12 06:27:00,531960.0,678837.006766786,678838.0,0.0,146878.0,146878.0,False,527081.0,36842.249280783646,151756.006766786
2019-01-12 06:28:00,525576.0,683736.3249385173,683737.0,0.0,158161.0,158161.0,False,531960.0,36847.181982716174,151776.32493851724
2019-01-12 06:29:00,509858.0,677424.7671127266,677425.0,0.0,167567.0,167567.0,False,525576.0,36864.76898106651,151848.76711272652
2019-01-12 06:30:00,560327.0,661823.0588023452,661824.0,0.0,101497.0,101497.0,False,509858.0,36893.001454426194,151965.05880234521
2019-01-12 06:31:00,537323.0,692848.7040715937,692849.0,0.0,155526.0,155526.0,False,560327.0,32172.68140181769,132521.70407159367
2019-01-12 06:32:00,522249.0,662641.0150539206,662642.0,0.0,140393.0,140393.0,False,537323.0,30423.820765690012,125318.01505392055
2019-01-12 06:33:00,528564.0,647645.7154175575,647646.0,0.0,119082.0,119082.0,False,522249.0,30442.92708297771,125396.71541755747
2019-01-12 06:34:00,539475.0,653999.2679337994,654000.0,0.0,114525.0,114525.0,False,528564.0,30452.286590018313,125435.26793379943
2019-01-12 06:35:00,544173.0,664116.4596321317,664117.0,0.0,119944.0,119944.0,False,539475.0,30259.571428659736,124641.4596321318
2019-01-12 06:36:00,528535.0,668863.6459208573,668864.0,0.0,140329.0,140329.0,False,544173.0,30271.512527724164,124690.64592085737
2019-01-12 06:37:00,518485.0,653737.0182464687,653738.0,0.0,135253.0,135253.0,False,528535.0,30395.659881735806,125202.01824646877
2019-01-12 06:38:00,517956.0,636896.1751820466,636897.0,0.0,118941.0,118941.0,False,518485.0,28747.02706425131,118411.17518204659
2019-01-12 06:39:00,543379.0,631232.595688539,631233.0,0.0,87854.0,87854.0,False,517956.0,27500.49019442896,113276.59568853893
2019-01-12 06:40:00,569882.0,658532.9759741642,658533.0,0.0,88651.0,88651.0,False,543379.0,27956.267293151184,115153.97597416423
2019-01-12 06:41:00,544080.0,677415.3272588309,677416.0,0.0,133336.0,133336.0,False,569882.0,26106.180132627385,107533.32725883092
2019-01-12 06:42:00,534376.0,629884.3545452132,629885.0,0.0,95509.0,95509.0,False,544080.0,20830.97392243299,85804.35454521314
2019-01-12 06:43:00,535857.0,615503.7611958495,615504.0,0.0,79647.0,79647.0,False,534376.0,19695.623687322426,81127.76119584948
2019-01-12 06:44:00,535285.0,616793.887198456,616794.0,0.0,81509.0,81509.0,False,535857.0,19649.284649132016,80936.887198456
2019-01-12 06:45:00,553936.0,616221.7960803687,616222.0,0.0,62286.0,62286.0,False,535285.0,19649.262528127663,80936.7960803687
2019-01-12 06:46:00,550498.0,634415.2406910764,634416.0,0.0,83918.0,83918.0,False,553936.0,19538.18046903014,80479.24069107643
2019-01-12 06:47:00,557274.0,629041.3364375611,629042.0,0.0,71768.0,71768.0,False,550498.0,19068.195335582677,78543.33643756107
2019-01-12 06:48:00,547446.0,635948.4684076774,635949.0,0.0,88503.0,88503.0,False,557274.0,19100.030627210574,78674.46840767738
2019-01-12 06:49:00,546592.0,626151.4596224265,626152.0,0.0,79560.0,79560.0,False,547446.0,19107.55445498932,78705.45962242657
2019-01-12 06:50:00,575415.0,621360.1265106145,621361.0,0.0,45946.0,45946.0,False,546592.0,18151.676588291193,74768.12651061454
2019-01-12 06:51:00,554113.0,648231.3592247033,648232.0,0.0,94119.0,94119.0,False,575415.0,17677.84034010811,72816.35922470331
2019-01-12 06:52:00,549393.0,623589.0322725135,623590.0,0.0,74197.0,74197.0,False,554113.0,16866.899403575553,69476.03227251346
2019-01-12 06:53:00,553619.0,618974.8032138766,618975.0,0.0,65356.0,65356.0,False,549393.0,16892.57772413356,69581.80321387651
2019-01-12 06:54:00,581176.0,622847.0768490867,622848.0,0.0,41672.0,41672.0,False,553619.0,16806.702540762406,69228.07684908669
2019-01-12 06:55:00,545653.0,653147.4467647275,653148.0,0.0,107495.0,107495.0,False,581176.0,17472.71847288142,71971.44676472749
2019-01-12 06:56:00,535602.0,622564.1694386244,622565.0,0.0,86963.0,86963.0,False,545653.0,18671.94938312358,76911.16943862438
2019-01-12 06:57:00,531474.0,611556.2668414186,611557.0,0.0,80083.0,80083.0,False,535602.0,18439.63934298222,75954.26684141859
2019-01-12 06:58:00,527142.0,607412.0629420868,607413.0,0.0,80271.0,80271.0,False,531474.0,18435.70547498437,75938.06294208684
2019-01-12 06:59:00,542168.0,602997.8594095083,602998.0,0.0,60830.0,60830.0,False,527142.0,18415.748683134454,75855.85940950831
2019-01-12 07:00:00,662620.0,617814.8451674703,617815.0,44805.0,0.0,448050.0,False,542168.0,18365.005684735504,75646.84516747031
2019-01-12 07:01:00,614379.0,773569.7028950774,773570.0,0.0,159191.0,159191.0,False,662620.0,26935.583630446195,110949.70289507737
2019-01-12 07:02:00,591004.0,730189.3904920217,730190.0,0.0,139186.0,139186.0,False,614379.0,28115.62696407079,115810.39049202166
2019-01-12 07:03:00,604978.0,707688.9236786698,707689.0,0.0,102711.0,102711.0,False,591004.0,28327.939941680466,116684.92367866985
2019-01-12 07:04:00,603071.0,721949.3429985801,721950.0,0.0,118879.0,118879.0,False,604978.0,28397.47479705646,116971.34299858012
2019-01-12 07:05:00,624686.0,719907.8721408442,719908.0,0.0,95222.0,95222.0,False,603071.0,28364.828913923015,116836.8721408442
2019-01-12 07:06:00,669499.0,742400.2601417046,742401.0,0.0,72902.0,72902.0,False,624686.0,28577.83496312239,117714.2601417046
2019-01-12 07:07:00,654313.0,790336.4964796382,790337.0,0.0,136024.0,136024.0,False,669499.0,29336.07217676877,120837.49647963812
2019-01-12 07:08:00,670531.0,775563.9956483826,775564.0,0.0,105033.0,105033.0,False,654313.0,29436.458578446363,121250.99564838254
2019-01-12 07:09:00,723754.0,792019.0579021709,792020.0,0.0,68266.0,68266.0,False,670531.0,29494.010874630327,121488.05790217096
2019-01-12 07:10:00,713404.0,849537.0272135932,849538.0,0.0,136134.0,136134.0,False,723754.0,30536.71312672574,125783.02721359322
2019-01-12 07:11:00,664482.0,838742.4543619773,838743.0,0.0,174261.0,174261.0,False,713404.0,30428.782876242316,125338.45436197727
2019-01-12 07:12:00,660728.0,794103.8833202564,794104.0,0.0,133376.0,133376.0,False,664482.0,31468.68344307765,129621.88332025643
2019-01-12 07:13:00,614075.0,790068.1221069826,790069.0,0.0,175994.0,175994.0,False,660728.0,31400.27944986345,129340.12210698263
2019-01-12 07:14:00,565706.0,748775.4059080537,748776.0,0.0,183070.0,183070.0,False,614075.0,32701.61121407032,134700.4059080538
2019-01-12 07:15:00,571711.0,705581.1792694593,705582.0,0.0,133871.0,133871.0,False,565706.0,33957.906066671734,139875.17926945927
2019-01-12 07:16:00,557097.0,710995.6527820183,710996.0,0.0,153899.0,153899.0,False,571711.0,33814.5422254589,139284.65278201827
2019-01-12 07:17:00,562772.0,696809.0287908912,696810.0,0.0,134038.0,134038.0,False,557097.0,33918.29754817057,139712.02879089117
2019-01-12 07:18:00,567642.0,702457.178434269,702458.0,0.0,134816.0,134816.0,False,562772.0,33911.779008621284,139685.17843426904
2019-01-12 07:19:00,563137.0,707154.0632122378,707155.0,0.0,144018.0,144018.0,False,567642.0,33869.751320226875,139512.06321223776
2019-01-12 07:20:00,578353.0,702697.7759510139,702698.0,0.0,124345.0,124345.0,False,563137.0,33881.57745418608,139560.77595101384
2019-01-12 07:21:00,575577.0,716712.3251514498,716713.0,0.0,141136.0,141136.0,False,578353.0,33589.89773224822,138359.32515144977
2019-01-12 07:22:00,574765.0,712990.6160147084,712991.0,0.0,138226.0,138226.0,False,575577.0,33360.30516121752,137413.61601470844
2019-01-12 07:23:00,582864.0,712121.5594760528,712122.0,0.0,129258.0,129258.0,False,574765.0,33346.45337857619,137356.5594760528
2019-01-12 07:24:00,568755.0,720304.2905435775,720305.0,0.0,151550.0,151550.0,False,582864.0,33366.78101454933,137440.29054357755
2019-01-12 07:25:00,578217.0,705086.0374011118,705087.0,0.0,126870.0,126870.0,False,568755.0,33097.484387279605,136331.03740111177
2019-01-12 07:26:00,527895.0,712030.4277452811,712031.0,0.0,184136.0,184136.0,False,578217.0,32486.276933235546,133813.4277452811
2019-01-12 07:27:00,553542.0,666819.2186984441,666820.0,0.0,113278.0,113278.0,False,527895.0,33727.03858959466,138924.21869844405
2019-01-12 07:28:00,531542.0,693735.6066662297,693736.0,0.0,162194.0,162194.0,False,553542.0,34035.21161641299,140193.60666622964
2019-01-12 07:29:00,521288.0,672702.1238969429,672703.0,0.0,151415.0,151415.0,False,531542.0,34269.85582923045,141160.12389694297
2019-01-12 07:30:00,581080.0,662178.3816917065,662179.0,0.0,81099.0,81099.0,False,521288.0,34204.36972572389,140890.38169170645
2019-01-12 07:31:00,575214.0,697481.7821442394,697482.0,0.0,122268.0,122268.0,False,581080.0,28259.20084386497,116401.78214423936
2019-01-12 07:32:00,583487.0,686340.480672236,686341.0,0.0,102854.0,102854.0,False,575214.0,26978.500488052945,111126.48067223595
2019-01-12 07:33:00,566705.0,693517.1704817757,693518.0,0.0,126813.0,126813.0,False,583487.0,26712.346059068328,110030.1704817757
2019-01-12 07:34:00,551483.0,676836.4313431856,676837.0,0.0,125354.0,125354.0,False,566705.0,26736.92945433507,110131.4313431856
2019-01-12 07:35:00,548319.0,662096.5815336216,662097.0,0.0,113778.0,113778.0,False,551483.0,26853.98246518637,110613.58153362166
2019-01-12 07:36:00,548324.0,657484.1048756292,657485.0,0.0,109161.0,109161.0,False,548319.0,26502.331553646727,109165.10487562914
2019-01-12 07:37:00,543382.0,651350.1776171216,651351.0,0.0,107969.0,107969.0,False,548324.0,25011.966241635673,103026.1776171216
2019-01-12 07:38:00,556021.0,646059.1840167872,646060.0,0.0,90039.0,90039.0,False,543382.0,24927.24004532322,102677.18401678723
2019-01-12 07:39:00,544347.0,658339.0473128717,658340.0,0.0,113993.0,113993.0,False,556021.0,24840.051378110384,102318.04731287163
2019-01-12 07:40:00,577096.0,636999.1252910697,637000.0,0.0,59904.0,59904.0,False,544347.0,22493.42723951463,92652.12529106975
2019-01-12 07:41:00,568497.0,673982.0769222907,673983.0,0.0,105486.0,105486.0,False,577096.0,23521.31605105896,96886.07692229075
2019-01-12 07:42:00,551620.0,659336.0018000051,659337.0,0.0,107717.0,107717.0,False,568497.0,22053.249950603073,90839.00180000512
2019-01-12 07:43:00,552290.0,643020.7946683449,643021.0,0.0,90731.0,90731.0,False,551620.0,22189.638047130604,91400.79466834491
2019-01-12 07:44:00,544095.0,637588.7505074483,637589.0,0.0,93494.0,93494.0,False,552290.0,20708.226952520123,85298.75050744839
2019-01-12 07:45:00,561788.0,621901.5493470704,621902.0,0.0,60114.0,60114.0,False,544095.0,18889.323380310194,77806.54934707044
2019-01-12 07:46:00,557747.0,640638.8547497034,640639.0,0.0,82892.0,82892.0,False,561788.0,19142.852454966196,78850.85474970342
2019-01-12 07:47:00,559377.0,635899.1276230434,635900.0,0.0,76523.0,76523.0,False,557747.0,18973.22042834589,78152.12762304337
2019-01-12 07:48:00,556961.0,637420.7964756748,637421.0,0.0,80460.0,80460.0,False,559377.0,18946.920559093534,78043.79647567481
2019-01-12 07:49:00,546767.0,634927.5866724335,634928.0,0.0,88161.0,88161.0,False,556961.0,18928.176109509357,77966.5866724335
2019-01-12 07:50:00,567687.0,625017.7572068999,625018.0,0.0,57331.0,57331.0,False,546767.0,18997.165020670906,78250.75720689993
2019-01-12 07:51:00,546497.0,646697.5132026866,646698.0,0.0,100201.0,100201.0,False,567687.0,19181.61320421041,79010.51320268659
2019-01-12 07:52:00,558037.0,626985.8237359804,626986.0,0.0,68949.0,68949.0,False,546497.0,19540.50697284864,80488.82373598046
2019-01-12 07:53:00,528883.0,639055.8937157332,639056.0,0.0,110173.0,110173.0,False,558037.0,19669.193611001443,81018.89371573323
2019-01-12 07:54:00,532519.0,612297.662951042,612298.0,0.0,79779.0,79779.0,False,528883.0,20250.82151006786,83414.66295104192
2019-01-12 07:55:00,561556.0,615483.3336895505,615484.0,0.0,53928.0,53928.0,False,532519.0,20141.49375913544,82964.33368955049
2019-01-12 07:56:00,561846.0,647164.5091685092,647165.0,0.0,85319.0,85319.0,False,561556.0,20783.42796795814,85608.50916850912
2019-01-12 07:57:00,540620.0,638528.4565611018,638529.0,0.0,97909.0,97909.0,False,561846.0,18616.42408941736,76682.45656110188
2019-01-12 07:58:00,539111.0,616656.7216666522,616657.0,0.0,77546.0,77546.0,False,540620.0,18459.657141884425,76036.72166665219
2019-01-12 07:59:00,558095.0,613348.510343002,613349.0,0.0,55254.0,55254.0,False,539111.0,18022.857350515405,74237.51034300202
2019-01-12 08:00:00,639565.0,633135.6950573212,633136.0,6429.0,0.0,64290.0,False,558095.0,18217.848850976643,75040.69505732118
2019-01-12 08:01:00,628496.0,725145.7375194225,725146.0,0.0,96650.0,96650.0,False,639565.0,20776.68576354473,85580.73751942259
2019-01-12 08:02:00,595978.0,714431.1996360153,714432.0,0.0,118454.0,118454.0,False,628496.0,20862.739567531382,85935.19963601539
2019-01-12 08:03:00,588011.0,685391.439234199,685392.0,0.0,97381.0,97381.0,False,595978.0,21707.161960191614,89413.43923419894
2019-01-12 08:04:00,579901.0,676700.1363100879,676701.0,0.0,96800.0,96800.0,False,588011.0,21531.320822476977,88689.13631008785
2019-01-12 08:05:00,670659.0,668021.6491102295,668022.0,2637.0,0.0,26370.0,False,579901.0,21393.307523522013,88120.6491102295
2019-01-12 08:06:00,672249.0,780891.3630148756,780892.0,0.0,108643.0,108643.0,False,670659.0,26761.43293125143,110232.36301487559
2019-01-12 08:07:00,638862.0,782454.4678236418,782455.0,0.0,143593.0,143593.0,False,672249.0,26754.903507072446,110205.46782364181
2019-01-12 08:08:00,690348.0,752349.9353467633,752350.0,0.0,62002.0,62002.0,False,638862.0,27551.79774091169,113487.93534676338
2019-01-12 08:09:00,732929.0,809175.8528803785,809176.0,0.0,76247.0,76247.0,False,690348.0,28848.185126846354,118827.85288037853
2019-01-12 08:10:00,595108.0,854329.7672444746,854330.0,0.0,259222.0,259222.0,False,732929.0,29472.819066548054,121400.76724447457
2019-01-12 08:11:00,571617.0,754915.6864111116,754916.0,0.0,183299.0,183299.0,False,595108.0,38796.97907965828,159807.68641111167
2019-01-12 08:12:00,570337.0,732286.5405968388,732287.0,0.0,161950.0,161950.0,False,571617.0,39006.21393915906,160669.54059683887
2019-01-12 08:13:00,563460.0,730487.295024545,730488.0,0.0,167028.0,167028.0,False,570337.0,38880.15517404019,160150.29502454505
2019-01-12 08:14:00,588599.0,723706.2554696223,723707.0,0.0,135108.0,135108.0,False,563460.0,38903.451771743,160246.25546962227
2019-01-12 08:15:00,608629.0,749730.3456262347,749731.0,0.0,141102.0,141102.0,False,588599.0,39118.32769580441,161131.3456262347
2019-01-12 08:16:00,557077.0,769902.5102434107,769903.0,0.0,212826.0,212826.0,False,608629.0,39152.84141540269,161273.51024341065
2019-01-12 08:17:00,566779.0,723041.7542638251,723042.0,0.0,156263.0,156263.0,False,557077.0,40291.74843674192,165964.75426382513
2019-01-12 08:18:00,587775.0,732896.4525036527,732897.0,0.0,145122.0,145122.0,False,566779.0,40328.8194346966,166117.45250365263
2019-01-12 08:19:00,566246.0,754580.7445587325,754581.0,0.0,188335.0,188335.0,False,587775.0,40495.91810849211,166805.74455873243
2019-01-12 08:20:00,588770.0,733692.3118918911,733693.0,0.0,144923.0,144923.0,False,566246.0,40651.430512067825,167446.31189189103
2019-01-12 08:21:00,558717.0,756330.2917526632,756331.0,0.0,197614.0,197614.0,False,588770.0,40679.10173598194,167560.29175266315
2019-01-12 08:22:00,560304.0,727058.5399571519,727059.0,0.0,166755.0,166755.0,False,558717.0,40868.767645840584,168341.53995715184
2019-01-12 08:23:00,572409.0,728434.0100253002,728435.0,0.0,156026.0,156026.0,False,560304.0,40817.41390607329,168130.0100253002
2019-01-12 08:24:00,570368.0,739245.0074099444,739246.0,0.0,168878.0,168878.0,False,572409.0,40503.265109326254,166836.0074099445
2019-01-12 08:25:00,570101.0,737214.7599458055,737215.0,0.0,167114.0,167114.0,False,570368.0,40505.87553388231,166846.75994580553
2019-01-12 08:26:00,553806.0,735590.1582623039,735591.0,0.0,181785.0,181785.0,False,570101.0,40176.28660548856,165489.15826230388
2019-01-12 08:27:00,576856.0,719748.5899114278,719749.0,0.0,142893.0,142893.0,False,553806.0,40286.36753213348,165942.5899114278
2019-01-12 08:28:00,532995.0,742865.2842961679,742866.0,0.0,209871.0,209871.0,False,576856.0,40302.55912283604,166009.2842961679
2019-01-12 08:29:00,528978.0,702316.762046295,702317.0,0.0,173339.0,173339.0,False,532995.0,41106.739027192496,169321.76204629499
2019-01-12 08:30:00,594875.0,697678.5760372689,697679.0,0.0,102804.0,102804.0,False,528978.0,40955.93188431977,168700.5760372689
2019-01-12 08:31:00,554418.0,759618.0952337718,759619.0,0.0,205201.0,205201.0,False,594875.0,39995.16270362816,164743.09523377183
2019-01-12 08:32:00,536523.0,721543.3526612925,721544.0,0.0,185021.0,185021.0,False,554418.0,40573.51030162866,167125.3526612926
2019-01-12 08:33:00,551768.0,702507.2477982785,702508.0,0.0,150740.0,150740.0,False,536523.0,40296.48093907243,165984.24779827846
2019-01-12 08:34:00,535851.0,718165.6895645694,718166.0,0.0,182315.0,182315.0,False,551768.0,40396.85340498863,166397.6895645694
2019-01-12 08:35:00,573699.0,702531.7149315014,702532.0,0.0,128833.0,128833.0,False,535851.0,40465.564300481026,166680.71493150145
2019-01-12 08:36:00,537806.0,727950.2086644232,727951.0,0.0,190145.0,190145.0,False,573699.0,37448.016737882775,154251.2086644232
2019-01-12 08:37:00,528702.0,693873.6263369353,693874.0,0.0,165172.0,165172.0,False,537806.0,37888.99376485182,156067.6263369353
2019-01-12 08:38:00,522612.0,683251.4409996034,683252.0,0.0,160640.0,160640.0,False,528702.0,37520.41947350025,154549.44099960342
2019-01-12 08:39:00,543076.0,671291.7945638825,671292.0,0.0,128216.0,128216.0,False,522612.0,36095.42825382999,148679.79456388258
2019-01-12 08:40:00,555924.0,688568.22605448,688569.0,0.0,132645.0,132645.0,False,543076.0,35321.572930900584,145492.22605447992
2019-01-12 08:41:00,538846.0,661608.970754289,661609.0,0.0,122763.0,122763.0,False,555924.0,25657.449222062885,105684.97075428898
2019-01-12 08:42:00,557429.0,643873.9544229436,643874.0,0.0,86445.0,86445.0,False,538846.0,25497.943447123973,105027.95442294363
2019-01-12 08:43:00,543291.0,663458.9620883247,663459.0,0.0,120168.0,120168.0,False,557429.0,25741.203776489107,106029.96208832471
2019-01-12 08:44:00,529458.0,649705.8664744408,649706.0,0.0,120248.0,120248.0,False,543291.0,25834.64813921768,106414.86647444079
2019-01-12 08:45:00,568747.0,634418.2755829899,634419.0,0.0,65672.0,65672.0,False,529458.0,25481.512857352067,104960.27558298995
2019-01-12 08:46:00,580938.0,676907.6249286418,676908.0,0.0,95970.0,95970.0,False,568747.0,26258.471021250614,108160.62492864179
2019-01-12 08:47:00,585744.0,682421.9443796277,682422.0,0.0,96678.0,96678.0,False,580938.0,24637.553771280036,101483.94437962773
2019-01-12 08:48:00,591589.0,687049.3376155158,687050.0,0.0,95461.0,95461.0,False,585744.0,24594.192885165274,101305.3376155158
2019-01-12 08:49:00,572266.0,691785.2214508209,691786.0,0.0,119520.0,119520.0,False,591589.0,24324.929512389317,100196.22145082091
2019-01-12 08:50:00,568750.0,672205.511113036,672206.0,0.0,103456.0,103456.0,False,572266.0,24262.60719343054,99939.5111130359
2019-01-12 08:51:00,571000.0,667244.1582006629,667245.0,0.0,96245.0,96245.0,False,568750.0,23911.714642744337,98494.15820066296
2019-01-12 08:52:00,580653.0,666905.528665451,666906.0,0.0,86253.0,86253.0,False,571000.0,23283.265485022097,95905.52866545103
2019-01-12 08:53:00,580170.0,676799.674737636,676800.0,0.0,96630.0,96630.0,False,580653.0,23341.809221733438,96146.67473763596
2019-01-12 08:54:00,587831.0,675920.2676068804,675921.0,0.0,88090.0,88090.0,False,580170.0,23245.57230407112,95750.26760688038
2019-01-12 08:55:00,581894.0,683718.1080629337,683719.0,0.0,101825.0,101825.0,False,587831.0,23278.793461513396,95887.10806293365
2019-01-12 08:56:00,583493.0,677901.07886008,677902.0,0.0,94409.0,94409.0,False,581894.0,23307.91912256003,96007.07886008
2019-01-12 08:57:00,598379.0,678648.878150044,678649.0,0.0,80270.0,80270.0,False,583493.0,23101.270638488357,95155.87815004398
2019-01-12 08:58:00,575966.0,692651.8148575746,692652.0,0.0,116686.0,116686.0,False,598379.0,22886.886782158614,94272.8148575746
2019-01-12 08:59:00,563170.0,665728.8809723427,665729.0,0.0,102559.0,102559.0,False,575966.0,21791.99695222976,89762.88097234267
2019-01-12 09:00:00,672300.0,653467.4125828731,653468.0,18832.0,0.0,188320.0,False,563170.0,21921.766753525913,90297.41258287316
2019-01-12 09:01:00,628881.0,783395.487675498,783396.0,0.0,154515.0,154515.0,False,672300.0,26970.97622765557,111095.48767549796
2019-01-12 09:02:00,617762.0,740645.0225251715,740646.0,0.0,122884.0,122884.0,False,628881.0,27133.278386952727,111764.02252517149
2019-01-12 09:03:00,607747.0,728938.0714159827,728939.0,0.0,121192.0,121192.0,False,617762.0,26990.539777844922,111176.07141598273
2019-01-12 09:04:00,601749.0,718880.9114156064,718881.0,0.0,117132.0,117132.0,False,607747.0,26980.304471337888,111133.91141560643
2019-01-12 09:05:00,636859.0,712225.3220226668,712226.0,0.0,75367.0,75367.0,False,601749.0,26820.65957256091,110476.32202266678
2019-01-12 09:06:00,687559.0,746853.1075211113,746854.0,0.0,59295.0,59295.0,False,636859.0,26703.590948711182,109994.10752111125
2019-01-12 09:07:00,689598.0,799256.2890716416,799257.0,0.0,109659.0,109659.0,False,687559.0,27117.0773114059,111697.28907164167
2019-01-12 09:08:00,689442.0,800802.7807179368,800803.0,0.0,111361.0,111361.0,False,689598.0,26997.509618985354,111204.78071793684
2019-01-12 09:09:00,757582.0,800387.3899607717,800388.0,0.0,42806.0,42806.0,False,689442.0,26934.536566779934,110945.38996077166
2019-01-12 09:10:00,638072.0,877395.2861545635,877396.0,0.0,239324.0,239324.0,False,757582.0,29087.421642820947,119813.28615456354
2019-01-12 09:11:00,587761.0,789992.2490543353,789993.0,0.0,202232.0,202232.0,False,638072.0,36882.12286094208,151920.24905433535
2019-01-12 09:12:00,585576.0,744057.0853107712,744058.0,0.0,158482.0,158482.0,False,587761.0,37944.457417617996,156296.08531077122
2019-01-12 09:13:00,572138.0,741351.5889137563,741352.0,0.0,169214.0,169214.0,False,585576.0,37818.09498612595,155775.58891375628
2019-01-12 09:14:00,577642.0,727876.1291773584,727877.0,0.0,150235.0,150235.0,False,572138.0,37809.00077644182,155738.12917735838
2019-01-12 09:15:00,603945.0,732997.0647409185,732998.0,0.0,129053.0,129053.0,False,577642.0,37716.00310367351,155355.06474091843
2019-01-12 09:16:00,605139.0,757808.1798663512,757809.0,0.0,152670.0,152670.0,False,603945.0,37353.81385253232,153863.17986635116
2019-01-12 09:17:00,604987.0,758771.4998264326,758772.0,0.0,153785.0,153785.0,False,605139.0,37297.81098506202,153632.49982643253
2019-01-12 09:18:00,576251.0,758590.2408927332,758591.0,0.0,182340.0,182340.0,False,604987.0,37290.70770821647,153603.2408927332
2019-01-12 09:19:00,586389.0,731312.9058034326,731313.0,0.0,144924.0,144924.0,False,576251.0,37644.83205164167,155061.9058034326
2019-01-12 09:20:00,588026.0,740958.820668152,740959.0,0.0,152933.0,152933.0,False,586389.0,37525.36710519485,154569.82066815195
2019-01-12 09:21:00,564775.0,742567.6090196966,742568.0,0.0,177793.0,177793.0,False,588026.0,37518.51808084873,154541.60901969657
2019-01-12 09:22:00,572010.0,720313.6334321112,720314.0,0.0,148304.0,148304.0,False,564775.0,37760.568611327275,155538.63343211118
2019-01-12 09:23:00,565668.0,727472.1948322614,727473.0,0.0,161805.0,161805.0,False,572010.0,37742.01138904437,155462.19483226145
2019-01-12 09:24:00,551499.0,721194.6953829373,721195.0,0.0,169696.0,169696.0,False,565668.0,37757.67037623952,155526.69538293732
2019-01-12 09:25:00,565913.0,707216.6343300506,707217.0,0.0,141304.0,141304.0,False,551499.0,37804.0251824632,155717.6343300505
2019-01-12 09:26:00,548701.0,722007.9057469936,722008.0,0.0,173307.0,173307.0,False,565913.0,37895.61646695773,156094.90574699355
2019-01-12 09:27:00,560376.0,705269.569225265,705270.0,0.0,144894.0,144894.0,False,548701.0,38010.60913389377,156568.56922526492
2019-01-12 09:28:00,567130.0,716776.3684149245,716777.0,0.0,149647.0,149647.0,False,560376.0,37969.77453158826,156400.36841492442
2019-01-12 09:29:00,554164.0,722785.145126768,722786.0,0.0,168622.0,168622.0,False,567130.0,37788.85449595305,155655.145126768
2019-01-12 09:30:00,627995.0,709826.9175940972,709827.0,0.0,81832.0,81832.0,False,554164.0,37790.74144056216,155662.9175940972
2019-01-12 09:31:00,583450.0,771322.9193630178,771323.0,0.0,187873.0,187873.0,False,627995.0,34796.13787006998,143327.9193630178
2019-01-12 09:32:00,581151.0,726966.5664339529,726967.0,0.0,145816.0,145816.0,False,583450.0,34841.93627081574,143516.56643395292
2019-01-12 09:33:00,584584.0,724481.7859624771,724482.0,0.0,139898.0,139898.0,False,581151.0,34796.83380279857,143330.78596247712
2019-01-12 09:34:00,557464.0,727792.9656803426,727793.0,0.0,170329.0,170329.0,False,584584.0,34767.259136876106,143208.96568034263
2019-01-12 09:35:00,558389.0,701954.7258508145,701955.0,0.0,143566.0,143566.0,False,557464.0,35078.435799499246,144490.72585081446
2019-01-12 09:36:00,553495.0,700169.7170730673,700170.0,0.0,146675.0,146675.0,False,558389.0,34420.51904832703,141780.7170730673
2019-01-12 09:37:00,559100.0,689284.5612809667,689285.0,0.0,130185.0,130185.0,False,553495.0,32966.02864708849,135789.5612809667
2019-01-12 09:38:00,555599.0,695011.7608805218,695012.0,0.0,139413.0,139413.0,False,559100.0,32995.69540100974,135911.76088052182
2019-01-12 09:39:00,570612.0,691474.8835621561,691475.0,0.0,120863.0,120863.0,False,555599.0,32986.98535957601,135875.8835621561
2019-01-12 09:40:00,584966.0,695681.9448301699,695682.0,0.0,110716.0,110716.0,False,570612.0,30363.59603246673,125069.94483016992
2019-01-12 09:41:00,571705.0,676000.0142850579,676001.0,0.0,104296.0,104296.0,False,584966.0,22100.59370153757,91034.01428505794
2019-01-12 09:42:00,575588.0,655391.395696091,655392.0,0.0,79804.0,79804.0,False,571705.0,20316.790862742233,83686.39569609106
2019-01-12 09:43:00,565964.0,659326.9952088039,659327.0,0.0,93363.0,93363.0,False,575588.0,20329.56060016945,83738.99520880391
2019-01-12 09:44:00,572865.0,649412.4011135948,649413.0,0.0,76548.0,76548.0,False,565964.0,20259.012222393074,83448.40111359481
2019-01-12 09:45:00,617089.0,656373.8323457801,656374.0,0.0,39285.0,39285.0,False,572865.0,20273.68328924539,83508.83234578012
2019-01-12 09:46:00,615697.0,704757.2212383201,704758.0,0.0,89061.0,89061.0,False,617089.0,21283.470286805077,87668.2212383201
2019-01-12 09:47:00,621582.0,703373.4626273952,703374.0,0.0,81792.0,81792.0,False,615697.0,21285.471072916884,87676.46262739513
2019-01-12 09:48:00,602921.0,709352.4159294266,709353.0,0.0,106432.0,106432.0,False,621582.0,21308.28039063645,87770.4159294266
2019-01-12 09:49:00,590658.0,689091.5273762996,689092.0,0.0,98434.0,98434.0,False,602921.0,20919.8707708027,86170.52737629965
2019-01-12 09:50:00,613440.0,677060.2410524964,677061.0,0.0,63621.0,63621.0,False,590658.0,20976.12457717312,86402.24105249639
2019-01-12 09:51:00,599705.0,701448.7250737732,701449.0,0.0,101744.0,101744.0,False,613440.0,21366.13539808536,88008.72507377324
2019-01-12 09:52:00,587745.0,686513.1600039115,686514.0,0.0,98769.0,98769.0,False,599705.0,21074.670707335947,86808.16000391151
2019-01-12 09:53:00,562710.0,674953.2832204144,674954.0,0.0,112244.0,112244.0,False,587745.0,21171.809789995677,87208.28322041444
2019-01-12 09:54:00,581482.0,651825.1221812534,651826.0,0.0,70344.0,70344.0,False,562710.0,21634.738657394642,89115.12218125336
2019-01-12 09:55:00,578549.0,670983.266538629,670984.0,0.0,92435.0,92435.0,False,581482.0,21728.484051569805,89501.26653862899
2019-01-12 09:56:00,555120.0,667497.1695928088,667498.0,0.0,112378.0,112378.0,False,578549.0,21594.207089566837,88948.16959280884
2019-01-12 09:57:00,550793.0,644880.2768614211,644881.0,0.0,94088.0,94088.0,False,555120.0,21791.364744610608,89760.27686142102
2019-01-12 09:58:00,562589.0,640176.739108893,640177.0,0.0,77588.0,77588.0,False,550793.0,21699.951573970306,89383.739108893
2019-01-12 09:59:00,583837.0,652275.6299519187,652276.0,0.0,68439.0,68439.0,False,562589.0,21773.485269152272,89686.62995191876
2019-01-12 10:00:00,672798.0,674323.1234015226,674324.0,0.0,1526.0,1526.0,False,583837.0,21967.580630490607,90486.1234015227
2019-01-12 10:01:00,613156.0,770570.659210879,770571.0,0.0,157415.0,157415.0,False,672798.0,23736.554224361007,97772.65921087902
2019-01-12 10:02:00,615925.0,715480.3544282012,715481.0,0.0,99556.0,99556.0,False,613156.0,24841.582574931967,102324.35442820126
2019-01-12 10:03:00,605002.0,718225.8314297482,718226.0,0.0,113224.0,113224.0,False,615925.0,24835.871827849845,102300.83142974824
2019-01-12 10:04:00,614712.0,707672.3940476995,707673.0,0.0,92961.0,92961.0,False,605002.0,24925.591624683624,102670.39404769956
2019-01-12 10:05:00,632308.0,715333.2817480848,715334.0,0.0,83026.0,83026.0,False,614712.0,24428.12264302582,100621.28174808477
2019-01-12 10:06:00,629592.0,733589.9981896222,733590.0,0.0,103998.0,103998.0,False,632308.0,24588.52670452991,101281.99818962222
2019-01-12 10:07:00,621169.0,730797.284684006,730798.0,0.0,109629.0,109629.0,False,629592.0,24569.902742570637,101205.284684006
2019-01-12 10:08:00,611268.0,722664.8397917883,722665.0,0.0,111397.0,111397.0,False,621169.0,24640.441655255458,101495.83979178825
2019-01-12 10:09:00,588057.0,713072.3246456913,713073.0,0.0,125016.0,125016.0,False,611268.0,24715.333424807024,101804.32464569136
2019-01-12 10:10:00,630571.0,690984.3055699627,690985.0,0.0,60414.0,60414.0,False,588057.0,24987.96278578614,102927.30556996274
2019-01-12 10:11:00,626327.0,737651.5644091435,737652.0,0.0,111325.0,111325.0,False,630571.0,25996.2615723763,107080.56440914358
2019-01-12 10:12:00,609606.0,732910.0215942018,732911.0,0.0,123305.0,123305.0,False,626327.0,25875.471649087667,106583.02159420175
2019-01-12 10:13:00,590924.0,717048.8641966026,717049.0,0.0,126125.0,126125.0,False,609606.0,26084.218150625304,107442.86419660258
2019-01-12 10:14:00,569357.0,699086.1341227336,699087.0,0.0,129730.0,129730.0,False,590924.0,26258.83741271102,108162.13412273362
2019-01-12 10:15:00,601976.0,678657.904631529,678658.0,0.0,76682.0,76682.0,False,569357.0,26535.300057271248,109300.90463152905
2019-01-12 10:16:00,611700.0,708925.8429872032,708926.0,0.0,97226.0,97226.0,False,601976.0,25964.525950728912,106949.84298720311
2019-01-12 10:17:00,613031.0,718913.128177582,718914.0,0.0,105883.0,105883.0,False,611700.0,26028.444465867386,107213.128177582
2019-01-12 10:18:00,620360.0,720152.3907656346,720153.0,0.0,99793.0,99793.0,False,613031.0,26006.17310625964,107121.39076563463
2019-01-12 10:19:00,616865.0,726680.5988984618,726681.0,0.0,109816.0,109816.0,False,620360.0,25811.762524293383,106320.59889846179
2019-01-12 10:20:00,645195.0,722783.4316082417,722784.0,0.0,77589.0,77589.0,False,616865.0,25714.12719588339,105918.43160824174
2019-01-12 10:21:00,630220.0,751839.3960040712,751840.0,0.0,121620.0,121620.0,False,645195.0,25890.371693942863,106644.3960040712
2019-01-12 10:22:00,616579.0,736965.5713046369,736966.0,0.0,120387.0,120387.0,False,630220.0,25914.934317353393,106745.57130463685
2019-01-12 10:23:00,617967.0,723447.3151494961,723448.0,0.0,105481.0,105481.0,False,616579.0,25944.73319929772,106868.31514949609
2019-01-12 10:24:00,590719.0,722969.7303651554,722970.0,0.0,132251.0,132251.0,False,617967.0,25491.819728895578,105002.73036515542
2019-01-12 10:25:00,607461.0,697030.4836751042,697031.0,0.0,89570.0,89570.0,False,590719.0,25809.549594878954,106311.48367510419
2019-01-12 10:26:00,595604.0,714426.60020873,714427.0,0.0,118823.0,118823.0,False,607461.0,25968.35137745062,106965.60020872999
2019-01-12 10:27:00,579180.0,701413.1011273111,701414.0,0.0,122234.0,122234.0,False,595604.0,25687.58471550156,105809.10112731117
2019-01-12 10:28:00,577091.0,685731.5910255384,685732.0,0.0,108641.0,108641.0,False,579180.0,25867.841158075138,106551.59102553842
2019-01-12 10:29:00,589654.0,683337.1345416302,683338.0,0.0,93684.0,93684.0,False,577091.0,25793.684594757862,106246.1345416302
2019-01-12 10:30:00,635898.0,695131.4488893586,695132.0,0.0,59234.0,59234.0,False,589654.0,25607.06853241592,105477.44888935854
2019-01-12 10:31:00,570907.0,724408.1302795368,724409.0,0.0,153502.0,153502.0,False,635898.0,21487.863005281917,88510.13027953685
2019-01-12 10:32:00,582776.0,661477.9598816863,661478.0,0.0,78702.0,78702.0,False,570907.0,21988.176630720725,90570.95988168627
2019-01-12 10:33:00,566317.0,673832.9564953151,673833.0,0.0,107516.0,107516.0,False,582776.0,22106.163448971973,91056.95649531504
2019-01-12 10:34:00,536499.0,657802.5383090667,657803.0,0.0,121304.0,121304.0,False,566317.0,22210.21150845809,91485.53830906663
2019-01-12 10:35:00,584796.0,629944.2598696572,629945.0,0.0,45149.0,45149.0,False,536499.0,22685.97883915203,93445.25986965722
2019-01-12 10:36:00,567809.0,684540.1678807987,684541.0,0.0,116732.0,116732.0,False,584796.0,24215.183146035462,99744.16788079873
2019-01-12 10:37:00,568353.0,668200.8299774033,668201.0,0.0,99848.0,99848.0,False,567809.0,24372.417966067907,100391.82997740323
2019-01-12 10:38:00,557289.0,668642.2549599481,668643.0,0.0,111354.0,111354.0,False,568353.0,24347.515529297354,100289.25495994813
2019-01-12 10:39:00,570739.0,657635.3144944565,657636.0,0.0,86897.0,86897.0,False,557289.0,24361.368039250603,100346.31449445648
2019-01-12 10:40:00,592745.0,670319.4909632332,670320.0,0.0,77575.0,77575.0,False,570739.0,24175.44682240032,99580.49096323314
2019-01-12 10:41:00,590520.0,688382.9623480443,688383.0,0.0,97863.0,97863.0,False,592745.0,23218.307628163166,95637.9623480443
2019-01-12 10:42:00,613963.0,686133.9934890608,686134.0,0.0,72171.0,72171.0,False,590520.0,23212.488638216997,95613.99348906078
2019-01-12 10:43:00,607943.0,710495.5845309929,710496.0,0.0,102553.0,102553.0,False,613963.0,23435.497670116252,96532.5845309929
2019-01-12 10:44:00,624957.0,703528.26830365,703529.0,0.0,78572.0,78572.0,False,607943.0,23205.514941003374,95585.26830365002
2019-01-12 10:45:00,657422.0,719742.9688631006,719743.0,0.0,62321.0,62321.0,False,624957.0,23011.46667981022,94785.96886310063
2019-01-12 10:46:00,638847.0,752179.7633579712,752180.0,0.0,113333.0,113333.0,False,657422.0,23004.61914689729,94757.76335797117
2019-01-12 10:47:00,643693.0,734579.7249539521,734580.0,0.0,90887.0,90887.0,False,638847.0,23241.31342295005,95732.72495395216
2019-01-12 10:48:00,648756.0,739469.8419002696,739470.0,0.0,90714.0,90714.0,False,643693.0,23252.023822942538,95776.84190026962
2019-01-12 10:49:00,627792.0,744463.0804907415,744464.0,0.0,116672.0,116672.0,False,648756.0,23235.087641668586,95707.08049074151
2019-01-12 10:50:00,631550.0,724820.0593884808,724821.0,0.0,93271.0,93271.0,False,627792.0,23555.785549330056,97028.05938848086
2019-01-12 10:51:00,625232.0,726245.6211835803,726246.0,0.0,101014.0,101014.0,False,631550.0,22989.532709605373,94695.62118358028
2019-01-12 10:52:00,628748.0,719391.7050549088,719392.0,0.0,90644.0,90644.0,False,625232.0,22859.426784793755,94159.7050549087
2019-01-12 10:53:00,621864.0,722372.1500011743,722373.0,0.0,100509.0,100509.0,False,628748.0,22729.4085191999,93624.15000117429
2019-01-12 10:54:00,615623.0,715638.7238437647,715639.0,0.0,100016.0,100016.0,False,621864.0,22765.963771028644,93774.72384376479
2019-01-12 10:55:00,613658.0,707189.4783557011,707190.0,0.0,93532.0,93532.0,False,615623.0,22229.861560132733,91566.47835570108
2019-01-12 10:56:00,595818.0,704427.2055642855,704428.0,0.0,108610.0,108610.0,False,613658.0,22036.30531447282,90769.20556428548
2019-01-12 10:57:00,589360.0,687143.0172387636,687144.0,0.0,97784.0,97784.0,False,595818.0,22171.241339086067,91325.01723876357
2019-01-12 10:58:00,590099.0,679965.3787001568,679966.0,0.0,89867.0,89867.0,False,589360.0,21996.53258787232,90605.37870015677
2019-01-12 10:59:00,579094.0,680685.639331652,680686.0,0.0,101592.0,101592.0,False,590099.0,21991.98317661324,90586.639331652
2019-01-12 11:00:00,689136.0,669571.9538623384,669572.0,19564.0,0.0,195640.0,False,579094.0,21965.59728758677,90477.95386233844
2019-01-12 11:01:00,638849.0,806498.5720878518,806499.0,0.0,167650.0,167650.0,False,689136.0,28492.454626454524,117362.57208785179
2019-01-12 11:02:00,617645.0,751905.3225163226,751906.0,0.0,134261.0,134261.0,False,638849.0,27447.013832645578,113056.32251632263
2019-01-12 11:03:00,613628.0,731752.1543254795,731753.0,0.0,118125.0,118125.0,False,617645.0,27702.1273420873,114107.15432547957
2019-01-12 11:04:00,601598.0,727017.0803951167,727018.0,0.0,125420.0,125420.0,False,613628.0,27527.798435389625,113389.08039511675
2019-01-12 11:05:00,608504.0,712946.0581119845,712947.0,0.0,104443.0,104443.0,False,601598.0,27032.293490676966,111348.05811198457
2019-01-12 11:06:00,672356.0,714217.932064677,714218.0,0.0,41862.0,41862.0,False,608504.0,25664.480244027327,105713.93206467699
2019-01-12 11:07:00,662473.0,786909.9657189103,786910.0,0.0,124437.0,124437.0,False,672356.0,27810.60104990942,114553.96571891037
2019-01-12 11:08:00,683414.0,777437.0633554717,777438.0,0.0,94024.0,94024.0,False,662473.0,27910.161651677696,114964.06335547168
2019-01-12 11:09:00,680693.0,798577.4936228954,798578.0,0.0,117885.0,117885.0,False,683414.0,27958.57792054968,115163.49362289543
2019-01-12 11:10:00,686199.0,795742.8866356162,795743.0,0.0,109544.0,109544.0,False,680693.0,27930.99722022317,115049.88663561613
2019-01-12 11:11:00,652373.0,800405.0132514455,800406.0,0.0,148033.0,148033.0,False,686199.0,27726.12761246649,114206.01325144555
2019-01-12 11:12:00,647148.0,769760.5995987837,769761.0,0.0,122613.0,122613.0,False,652373.0,28498.53062842818,117387.59959878364
2019-01-12 11:13:00,615680.0,763491.6071185902,763492.0,0.0,147812.0,147812.0,False,647148.0,28245.077522867363,116343.6071185902
2019-01-12 11:14:00,604997.0,734402.3976849131,734403.0,0.0,129406.0,129406.0,False,615680.0,28822.5834608427,118722.39768491308
2019-01-12 11:15:00,656380.0,723274.0259726446,723275.0,0.0,66895.0,66895.0,False,604997.0,28714.459268623934,118277.02597264462
2019-01-12 11:16:00,619308.0,778421.2064123243,778422.0,0.0,159114.0,159114.0,False,656380.0,29628.30035505718,122041.20641232436
2019-01-12 11:17:00,609750.0,743682.4794445933,743683.0,0.0,133933.0,133933.0,False,619308.0,30194.755868261913,124374.47944459326
2019-01-12 11:18:00,608803.0,734220.3734838199,734221.0,0.0,125418.0,125418.0,False,609750.0,30218.036344422293,124470.37348381989
2019-01-12 11:19:00,619098.0,733183.5093014626,733184.0,0.0,114086.0,114086.0,False,608803.0,30196.21975423678,124380.5093014626
2019-01-12 11:20:00,634030.0,742833.8603117841,742834.0,0.0,108804.0,108804.0,False,619098.0,30039.71643497878,123735.86031178408
2019-01-12 11:21:00,623732.0,758247.4895753391,758248.0,0.0,134516.0,134516.0,False,634030.0,30156.642978888725,124217.4895753391
2019-01-12 11:22:00,600260.0,748100.2420968844,748101.0,0.0,147841.0,147841.0,False,623732.0,30193.241609129527,124368.2420968844
2019-01-12 11:23:00,603439.0,725786.0817695183,725787.0,0.0,122348.0,122348.0,False,600260.0,30474.33373032586,125526.08176951834
2019-01-12 11:24:00,600748.0,728916.5317122166,728917.0,0.0,128169.0,128169.0,False,603439.0,30462.547091023618,125477.53171221656
2019-01-12 11:25:00,597077.0,726162.9371232644,726163.0,0.0,129086.0,129086.0,False,600748.0,30447.350819726464,125414.93712326448
2019-01-12 11:26:00,606076.0,722509.58207157,722510.0,0.0,116434.0,116434.0,False,597077.0,30451.63453539524,125432.58207156997
2019-01-12 11:27:00,589363.0,730985.3027142828,730986.0,0.0,141623.0,141623.0,False,606076.0,30324.59647650449,124909.30271428275
2019-01-12 11:28:00,584865.0,714816.9958617716,714817.0,0.0,129952.0,129952.0,False,589363.0,30456.83322382585,125453.99586177159
2019-01-12 11:29:00,586629.0,710361.3034089261,710362.0,0.0,123733.0,123733.0,False,584865.0,30467.104350695437,125496.30340892606
2019-01-12 11:30:00,667010.0,711856.9250090732,711857.0,0.0,44847.0,44847.0,False,586629.0,30401.949342207707,125227.92500907328
2019-01-12 11:31:00,630921.0,778721.7604579785,778722.0,0.0,147801.0,147801.0,False,667010.0,27120.590572160567,111711.76045797845
2019-01-12 11:32:00,621874.0,739521.0855212929,739522.0,0.0,117648.0,117648.0,False,630921.0,26365.160153684184,108600.08552129286
2019-01-12 11:33:00,624462.0,729516.1636322248,729517.0,0.0,105055.0,105055.0,False,621874.0,26132.602657078474,107642.16363222484
2019-01-12 11:34:00,611739.0,732070.650807535,732071.0,0.0,120332.0,120332.0,False,624462.0,26124.46665068485,107608.65080753503
2019-01-12 11:35:00,633526.0,719393.991824502,719394.0,0.0,85868.0,85868.0,False,611739.0,26135.71699480894,107654.99182450204
2019-01-12 11:36:00,609703.0,742251.4139328102,742252.0,0.0,132549.0,132549.0,False,633526.0,26395.586498429686,108725.4139328102
2019-01-12 11:37:00,604886.0,708567.3637276269,708568.0,0.0,103682.0,103682.0,False,609703.0,24001.59052047806,98864.36372762691
2019-01-12 11:38:00,599055.0,703595.3131796313,703596.0,0.0,104541.0,104541.0,False,604886.0,23963.948445794606,98709.31317963125
2019-01-12 11:39:00,606871.0,696230.6385778836,696231.0,0.0,89360.0,89360.0,False,599055.0,23591.613780452313,97175.6385778836
2019-01-12 11:40:00,627560.0,704364.020084786,704365.0,0.0,76805.0,76805.0,False,606871.0,23668.66541645365,97493.02008478604
2019-01-12 11:41:00,601990.0,726391.8611746187,726392.0,0.0,124402.0,124402.0,False,627560.0,23993.69978069317,98831.8611746187
2019-01-12 11:42:00,597969.0,699495.7428614927,699496.0,0.0,101527.0,101527.0,False,601990.0,23671.754162137957,97505.74286149265
2019-01-12 11:43:00,600061.0,695454.0440640915,695455.0,0.0,95394.0,95394.0,False,597969.0,23666.72905459913,97485.04406409149
2019-01-12 11:44:00,590787.0,694859.5660097767,694860.0,0.0,104073.0,104073.0,False,600061.0,23014.524925924845,94798.56600977668
2019-01-12 11:45:00,626420.0,685505.8326006877,685506.0,0.0,59086.0,59086.0,False,590787.0,22995.16781317361,94718.83260068775
2019-01-12 11:46:00,610391.0,716882.3789913532,716883.0,0.0,106492.0,106492.0,False,626420.0,21961.81613063899,90462.37899135321
2019-01-12 11:47:00,623041.0,697378.9648941497,697379.0,0.0,74338.0,74338.0,False,610391.0,21118.322466031987,86987.96489414969
2019-01-12 11:48:00,622582.0,710241.4021966951,710242.0,0.0,87660.0,87660.0,False,623041.0,21169.896490834468,87200.40219669511
2019-01-12 11:49:00,603930.0,709778.7491332871,709779.0,0.0,105849.0,105849.0,False,622582.0,21169.009625954557,87196.74913328708
2019-01-12 11:50:00,624126.0,691903.4596243713,691904.0,0.0,67778.0,67778.0,False,603930.0,21357.573901868174,87973.4596243712
2019-01-12 11:51:00,607805.0,712705.8927740131,712706.0,0.0,104901.0,104901.0,False,624126.0,21504.799449951915,88579.89277401316
2019-01-12 11:52:00,621061.0,696878.7808031624,696879.0,0.0,75818.0,75818.0,False,607805.0,21624.702090212308,89073.78080316242
2019-01-12 11:53:00,601186.0,708916.325950658,708917.0,0.0,107731.0,107731.0,False,621061.0,21328.894244646523,87855.32595065796
2019-01-12 11:54:00,614788.0,690316.851883472,690317.0,0.0,75529.0,75529.0,False,601186.0,21638.557403173454,89130.85188347196
2019-01-12 11:55:00,648044.0,704460.9026605375,704461.0,0.0,56417.0,56417.0,False,614788.0,21770.15265450464,89672.90266053753
2019-01-12 11:56:00,607104.0,740854.7774079335,740855.0,0.0,133751.0,133751.0,False,648044.0,22531.94367759805,92810.77740793355
2019-01-12 11:57:00,599038.0,704904.3875663446,704905.0,0.0,105867.0,105867.0,False,607104.0,23743.28591825551,97800.38756634452
2019-01-12 11:58:00,578714.0,696207.9132700096,696208.0,0.0,117494.0,117494.0,False,599038.0,23590.223830727107,97169.91327000958
2019-01-12 11:59:00,584432.0,677025.8193772936,677026.0,0.0,92594.0,92594.0,False,578714.0,23867.44771369643,98311.8193772936
2019-01-12 12:00:00,710456.0,682832.0381523198,682833.0,27623.0,0.0,276230.0,False,584432.0,23888.864843535364,98400.03815231984
2019-01-12 12:01:00,650176.0,832829.108942254,832830.0,0.0,182654.0,182654.0,False,710456.0,29708.87730225756,122373.10894225392
2019-01-12 12:02:00,653458.0,777934.522089788,777935.0,0.0,124477.0,124477.0,False,650176.0,31016.30979134756,127758.52208978795
2019-01-12 12:03:00,633152.0,781012.7943726642,781013.0,0.0,147861.0,147861.0,False,653458.0,30966.850218052303,127554.79437266421
2019-01-12 12:04:00,618287.0,761670.5547749461,761671.0,0.0,143384.0,143384.0,False,633152.0,31200.82514757443,128518.55477494611
2019-01-12 12:05:00,682236.0,746937.9041184471,746938.0,0.0,64702.0,64702.0,False,618287.0,31232.955984496788,128650.90411844711
2019-01-12 12:06:00,706413.0,818439.9608771994,818440.0,0.0,112027.0,112027.0,False,682236.0,33066.633648179,136203.96087719948
2019-01-12 12:07:00,710186.0,842168.4385636619,842169.0,0.0,131983.0,131983.0,False,706413.0,32957.74457528227,135755.43856366188
2019-01-12 12:08:00,731428.0,845802.20104224,845803.0,0.0,114375.0,114375.0,False,710186.0,32923.94147527487,135616.20104224008
2019-01-12 12:09:00,730227.0,867466.2826793793,867467.0,0.0,137240.0,137240.0,False,731428.0,33026.41146788758,136038.28267937936
2019-01-12 12:10:00,675699.0,866301.0648140174,866302.0,0.0,190603.0,190603.0,False,730227.0,33035.09840128954,136074.06481401733
2019-01-12 12:11:00,634651.0,817821.5864791577,817822.0,0.0,183171.0,183171.0,False,675699.0,34503.5156831819,142122.5864791577
2019-01-12 12:12:00,612267.0,778892.3332303384,778893.0,0.0,166626.0,166626.0,False,634651.0,35017.89002415813,144241.3332303384
2019-01-12 12:13:00,619758.0,757511.772946147,757512.0,0.0,137754.0,137754.0,False,612267.0,35261.49801659082,145244.772946147
2019-01-12 12:14:00,621463.0,765091.5654875649,765092.0,0.0,143629.0,143629.0,False,619758.0,35283.05444137352,145333.56548756486
2019-01-12 12:15:00,662960.0,766598.8716593655,766599.0,0.0,103639.0,103639.0,False,621463.0,35235.0597329269,145135.87165936545
2019-01-12 12:16:00,647567.0,808948.9985744919,808949.0,0.0,161382.0,161382.0,False,662960.0,35442.17584743787,145988.99857449197
2019-01-12 12:17:00,646980.0,793514.2558796664,793515.0,0.0,146535.0,146535.0,False,647567.0,35432.041851419,145947.25587966642
2019-01-12 12:18:00,652729.0,792669.8932664647,792670.0,0.0,139941.0,139941.0,False,646980.0,35369.56117765099,145689.8932664647
2019-01-12 12:19:00,654293.0,798460.9055685124,798461.0,0.0,144168.0,144168.0,False,652729.0,35379.76062700313,145731.90556851242
2019-01-12 12:20:00,658594.0,799247.2407952413,799248.0,0.0,140654.0,140654.0,False,654293.0,35190.96467721403,144954.24079524135
2019-01-12 12:21:00,621109.0,802874.7481802192,802875.0,0.0,181766.0,181766.0,False,658594.0,35027.458906733766,144280.74818021923
2019-01-12 12:22:00,611693.0,767669.654468333,767670.0,0.0,155977.0,155977.0,False,621109.0,35580.95841949175,146560.654468333
2019-01-12 12:23:00,615396.0,758091.3260026083,758092.0,0.0,142696.0,142696.0,False,611693.0,35541.54946345098,146398.32600260834
2019-01-12 12:24:00,627098.0,761048.5587876039,761049.0,0.0,133951.0,133951.0,False,615396.0,35360.49737710519,145652.5587876038
2019-01-12 12:25:00,607715.0,772660.4507031022,772661.0,0.0,164946.0,164946.0,False,627098.0,35338.621574083256,145562.4507031021
2019-01-12 12:26:00,598956.0,751755.3294341207,751756.0,0.0,152800.0,152800.0,False,607715.0,34969.09174510207,144040.32943412065
2019-01-12 12:27:00,602450.0,739925.8236789189,739926.0,0.0,137476.0,137476.0,False,598956.0,34223.65608913447,140969.8236789189
2019-01-12 12:28:00,590159.0,743317.4276441827,743318.0,0.0,153159.0,153159.0,False,602450.0,34198.79710452166,140867.42764418267
2019-01-12 12:29:00,602459.0,730491.4901103468,730492.0,0.0,128033.0,128033.0,False,590159.0,34068.928756038316,140332.49011034676
2019-01-12 12:30:00,667302.0,743017.2548606409,743018.0,0.0,75716.0,75716.0,False,602459.0,34123.73832428117,140558.25486064082
2019-01-12 12:31:00,637873.0,781859.2303030944,781860.0,0.0,143987.0,143987.0,False,667302.0,27811.393602552747,114557.23030309434
2019-01-12 12:32:00,636552.0,745531.5512619842,745532.0,0.0,108980.0,108980.0,False,637873.0,26136.5811298492,107658.5512619842
2019-01-12 12:33:00,643793.0,744175.0645199884,744176.0,0.0,100383.0,100383.0,False,636552.0,26127.965909782277,107623.06451998837
2019-01-12 12:34:00,635801.0,750481.4802038084,750482.0,0.0,114681.0,114681.0,False,643793.0,25901.07414395237,106688.48020380845
2019-01-12 12:35:00,638370.0,742055.1131350519,742056.0,0.0,103686.0,103686.0,False,635801.0,25795.621581200867,106254.1131350519
2019-01-12 12:36:00,644264.0,732976.2120461473,732977.0,0.0,88713.0,88713.0,False,638370.0,22967.826592006033,94606.2120461473
2019-01-12 12:37:00,621809.0,737015.588894066,737016.0,0.0,115207.0,115207.0,False,644264.0,22517.574309103675,92751.58889406602
2019-01-12 12:38:00,605102.0,715646.8868648822,715647.0,0.0,110545.0,110545.0,False,621809.0,22781.29804226387,93837.88686488222
2019-01-12 12:39:00,612841.0,697593.1642419039,697594.0,0.0,84753.0,84753.0,False,605102.0,22454.350255188223,92491.16424190393
2019-01-12 12:40:00,640759.0,705732.0473218933,705733.0,0.0,64974.0,64974.0,False,612841.0,22551.431039204734,92891.04732189326
2019-01-12 12:41:00,619318.0,728078.6906724126,728079.0,0.0,108761.0,108761.0,False,640759.0,21198.856502713686,87319.6906724126
2019-01-12 12:42:00,622150.0,702686.9094665127,702687.0,0.0,80537.0,80537.0,False,619318.0,20239.713802910806,83368.9094665127
2019-01-12 12:43:00,637722.0,703845.3603327515,703846.0,0.0,66124.0,66124.0,False,622150.0,19833.42138863806,81695.36033275153
2019-01-12 12:44:00,632725.0,720034.1747351128,720035.0,0.0,87310.0,87310.0,False,637722.0,19983.167223784447,82312.17473511284
2019-01-12 12:45:00,651955.0,715135.3429549168,715136.0,0.0,63181.0,63181.0,False,632725.0,20006.99980941004,82410.34295491679
2019-01-12 12:46:00,653909.0,729587.5862894766,729588.0,0.0,75679.0,75679.0,False,651955.0,18847.08986039841,77632.58628947665
2019-01-12 12:47:00,651527.0,730697.6487430399,730698.0,0.0,79171.0,79171.0,False,653909.0,18642.20467578087,76788.64874303996
2019-01-12 12:48:00,640182.0,728337.6706063173,728338.0,0.0,88156.0,88156.0,False,651527.0,18647.55098788923,76810.67060631736
2019-01-12 12:49:00,648749.0,717327.3263063041,717328.0,0.0,68579.0,68579.0,False,640182.0,18728.796330230714,77145.32630630404
2019-01-12 12:50:00,679400.0,726169.3766454803,726170.0,0.0,46770.0,46770.0,False,648749.0,18795.571104927247,77420.37664548034
2019-01-12 12:51:00,659264.0,760067.249833259,760068.0,0.0,100804.0,100804.0,False,679400.0,19583.82399794825,80667.24983325899
2019-01-12 12:52:00,675013.0,736222.1073183147,736223.0,0.0,61210.0,61210.0,False,659264.0,18683.344629355386,76958.10731831472
2019-01-12 12:53:00,662687.0,752243.4518475985,752244.0,0.0,89557.0,89557.0,False,675013.0,18749.4625066764,77230.45184759857
2019-01-12 12:54:00,684138.0,740636.582938079,740637.0,0.0,56499.0,56499.0,False,662687.0,18924.048063225466,77949.58293807904
2019-01-12 12:55:00,670150.0,763130.1285301732,763131.0,0.0,92981.0,92981.0,False,684138.0,19177.149903533784,78992.1285301732
2019-01-12 12:56:00,648510.0,748417.3854568526,748418.0,0.0,99908.0,99908.0,False,670150.0,19001.20190950919,78267.38545685259
2019-01-12 12:57:00,636559.0,728350.0527089676,728351.0,0.0,91792.0,91792.0,False,648510.0,19383.00293454004,79840.05270896763
2019-01-12 12:58:00,631408.0,717011.8838810197,717012.0,0.0,85604.0,85604.0,False,636559.0,19531.781749222973,80452.88388101972
2019-01-12 12:59:00,635327.0,711358.5513360978,711359.0,0.0,76032.0,76032.0,False,631408.0,19409.829009188714,79950.5513360977
2019-01-12 13:00:00,743162.0,714868.9620231232,714869.0,28293.0,0.0,282930.0,False,635327.0,19310.634587545785,79541.96202312318
2019-01-12 13:01:00,687123.0,845325.5258002733,845326.0,0.0,158203.0,158203.0,False,743162.0,24802.537738896495,102163.52580027335
2019-01-12 13:02:00,691558.0,795688.1941463607,795689.0,0.0,104131.0,104131.0,False,687123.0,26356.68947261933,108565.19414636077
2019-01-12 13:03:00,707900.0,800117.7786657896,800118.0,0.0,92218.0,92218.0,False,691558.0,26355.374740573938,108559.77866578962
2019-01-12 13:04:00,665132.0,816923.7336199135,816924.0,0.0,151792.0,151792.0,False,707900.0,26468.010440728813,109023.73361991346
2019-01-12 13:05:00,670364.0,778911.4993149645,778912.0,0.0,108548.0,108548.0,False,665132.0,27622.58157758888,113779.49931496457
2019-01-12 13:06:00,701916.0,784181.5941733435,784182.0,0.0,82266.0,82266.0,False,670364.0,27631.829977692545,113817.59417334353
2019-01-12 13:07:00,720580.0,817909.3883966862,817910.0,0.0,97330.0,97330.0,False,701916.0,28160.05390021094,115993.3883966862
2019-01-12 13:08:00,717152.0,835667.1426537879,835668.0,0.0,118516.0,118516.0,False,720580.0,27940.04197263814,115087.14265378781
2019-01-12 13:09:00,740164.0,831349.457498612,831350.0,0.0,91186.0,91186.0,False,717152.0,27724.050507346285,114197.45749861203
2019-01-12 13:10:00,734851.0,855219.456942829,855220.0,0.0,120369.0,120369.0,False,740164.0,27932.34953998485,115055.45694282894
2019-01-12 13:11:00,727068.0,848656.216539724,848657.0,0.0,121589.0,121589.0,False,734851.0,27628.8250234042,113805.21653972402
2019-01-12 13:12:00,710610.0,839646.5005262562,839647.0,0.0,129037.0,129037.0,False,727068.0,27331.01159164748,112578.50052625615
2019-01-12 13:13:00,670371.0,824161.4255654785,824162.0,0.0,153791.0,153791.0,False,710610.0,27567.211446863952,113551.42556547846
2019-01-12 13:14:00,658204.0,787844.1918953124,787845.0,0.0,129641.0,129641.0,False,670371.0,28519.3101204062,117473.1918953124
2019-01-12 13:15:00,675841.0,776006.4149589874,776007.0,0.0,100166.0,100166.0,False,658204.0,28599.236565753035,117802.41495898744
2019-01-12 13:16:00,654723.0,793508.6533567536,793509.0,0.0,138786.0,138786.0,False,675841.0,28566.520097728124,117667.65335675368
2019-01-12 13:17:00,649283.0,773493.7165518801,773494.0,0.0,124211.0,124211.0,False,654723.0,28834.313973391705,118770.71655188013
2019-01-12 13:18:00,640966.0,768110.306079528,768111.0,0.0,127145.0,127145.0,False,649283.0,28848.052378405788,118827.30607952793
2019-01-12 13:19:00,641444.0,759651.8903272793,759652.0,0.0,118208.0,118208.0,False,640966.0,28813.72046293453,118685.89032727931
2019-01-12 13:20:00,653162.0,759951.2444730743,759952.0,0.0,106790.0,106790.0,False,641444.0,28770.35008680364,118507.24447307436
2019-01-12 13:21:00,636508.0,769688.0424627386,769689.0,0.0,133181.0,133181.0,False,653162.0,28289.367884546882,116526.0424627386
2019-01-12 13:22:00,630465.0,752736.589123194,752737.0,0.0,122272.0,122272.0,False,636508.0,28217.154267976537,116228.589123194
2019-01-12 13:23:00,632271.0,746058.3029275229,746059.0,0.0,113788.0,113788.0,False,630465.0,28062.923981583186,115593.30292752298
2019-01-12 13:24:00,632057.0,747586.6639553551,747587.0,0.0,115530.0,115530.0,False,632271.0,27995.520756889822,115315.6639553551
2019-01-12 13:25:00,634516.0,746091.18163739,746092.0,0.0,111576.0,111576.0,False,632057.0,27684.4115493318,114034.18163739005
2019-01-12 13:26:00,627849.0,748198.6786311127,748199.0,0.0,120350.0,120350.0,False,634516.0,27599.07613720464,113682.67863111268
2019-01-12 13:27:00,618578.0,740542.9871394715,740543.0,0.0,121965.0,121965.0,False,627849.0,27359.048614255833,112693.9871394715
2019-01-12 13:28:00,628306.0,731137.8546945307,731138.0,0.0,102832.0,102832.0,False,618578.0,27326.484888585688,112559.8546945307
2019-01-12 13:29:00,631695.0,741063.0392837382,741064.0,0.0,109369.0,109369.0,False,628306.0,27374.355967593965,112757.03928373825
2019-01-12 13:30:00,700249.0,744442.0269120613,744443.0,0.0,44194.0,44194.0,False,631695.0,27371.92523486007,112747.02691206132
2019-01-12 13:31:00,662373.0,793837.5258015842,793838.0,0.0,131465.0,131465.0,False,700249.0,22720.759928151096,93588.52580158423
2019-01-12 13:32:00,652967.0,750788.2793682723,750789.0,0.0,97822.0,97822.0,False,662373.0,21464.83577234549,88415.27936827223
2019-01-12 13:33:00,652840.0,741508.7786857262,741509.0,0.0,88669.0,88669.0,False,652967.0,21495.54638134728,88541.7786857262
2019-01-12 13:34:00,649576.0,740358.8020585425,740359.0,0.0,90783.0,90783.0,False,652840.0,21247.195355842003,87518.80205854248
2019-01-12 13:35:00,672621.0,731329.8376871303,731330.0,0.0,58709.0,58709.0,False,649576.0,19847.618106864928,81753.83768713028
2019-01-12 13:36:00,673337.0,756125.6536934397,756126.0,0.0,82789.0,82789.0,False,672621.0,20272.66882560428,83504.65369343966
2019-01-12 13:37:00,669050.0,753305.649964994,753306.0,0.0,84256.0,84256.0,False,673337.0,19414.222866220458,79968.64996499411
2019-01-12 13:38:00,659639.0,747622.9494653356,747623.0,0.0,87984.0,87984.0,False,669050.0,19075.384576881726,78572.94946533557
2019-01-12 13:39:00,639379.0,738409.8901785958,738410.0,0.0,99031.0,99031.0,False,659639.0,19123.439222336092,78770.89017859576
2019-01-12 13:40:00,660628.0,716892.6769339981,716893.0,0.0,56265.0,56265.0,False,639379.0,18818.22188864762,77513.67693399814
2019-01-12 13:41:00,622770.0,740223.235580655,740224.0,0.0,117454.0,117454.0,False,660628.0,19323.567964803668,79595.23558065509
2019-01-12 13:42:00,627915.0,706498.7392635978,706499.0,0.0,78584.0,78584.0,False,622770.0,20327.070734378,83728.73926359776
2019-01-12 13:43:00,630397.0,711272.2832786494,711273.0,0.0,80876.0,80876.0,False,627915.0,20236.89127930485,83357.28327864941
2019-01-12 13:44:00,637742.0,708723.0774732248,708724.0,0.0,70982.0,70982.0,False,630397.0,19015.45074185558,78326.07747322482
2019-01-12 13:45:00,666238.0,715870.0581369089,715871.0,0.0,49633.0,49633.0,False,637742.0,18967.377008852196,78128.05813690892
2019-01-12 13:46:00,648877.0,746197.1761330117,746198.0,0.0,97321.0,97321.0,False,666238.0,19411.92287634213,79959.17613301173
2019-01-12 13:47:00,647690.0,728330.1535669577,728331.0,0.0,80641.0,80641.0,False,648877.0,19289.074299093292,79453.1535669577
2019-01-12 13:48:00,640007.0,727046.5370211118,727047.0,0.0,87040.0,87040.0,False,647690.0,19265.618417889385,79356.53702111184
2019-01-12 13:49:00,642038.0,719327.5738441973,719328.0,0.0,77290.0,77290.0,False,640007.0,19256.88753232483,79320.5738441973
2019-01-12 13:50:00,671877.0,721372.5310092407,721373.0,0.0,49496.0,49496.0,False,642038.0,19260.275954073244,79334.53100924067
2019-01-12 13:51:00,646491.0,753811.5382131329,753812.0,0.0,107321.0,107321.0,False,671877.0,19891.48730167305,81934.53821313284
2019-01-12 13:52:00,637107.0,729711.2244408288,729712.0,0.0,92605.0,92605.0,False,646491.0,20203.617104682675,83220.22444082878
2019-01-12 13:53:00,624481.0,720508.455112817,720509.0,0.0,96028.0,96028.0,False,637107.0,20247.615004581115,83401.45511281694
2019-01-12 13:54:00,604614.0,708408.3786098801,708409.0,0.0,103795.0,103795.0,False,624481.0,20375.294989012957,83927.37860988009
2019-01-12 13:55:00,649852.0,689784.1251998773,689785.0,0.0,39933.0,39933.0,False,604614.0,20677.000210684233,85170.1251998773
2019-01-12 13:56:00,628350.0,741600.0166728573,741601.0,0.0,113251.0,113251.0,False,649852.0,22273.934147947733,91748.01667285728
2019-01-12 13:57:00,614857.0,721400.8876067451,721401.0,0.0,106544.0,106544.0,False,628350.0,22590.235932303112,93050.88760674508
2019-01-12 13:58:00,619489.0,708198.1328963367,708199.0,0.0,88710.0,88710.0,False,614857.0,22660.699629520317,93341.13289633667
2019-01-12 13:59:00,634144.0,712601.7045222375,712602.0,0.0,78458.0,78458.0,False,619489.0,22605.243405541674,93112.70452223757
2019-01-12 14:00:00,734824.0,727879.2507705969,727880.0,6944.0,0.0,69440.0,False,634144.0,22756.38077769275,93735.25077059695
2019-01-12 14:01:00,670937.0,843629.8550872684,843630.0,0.0,172693.0,172693.0,False,734824.0,26415.11543259266,108805.85508726844
2019-01-12 14:02:00,667911.0,786508.9664183151,786509.0,0.0,118598.0,118598.0,False,670937.0,28057.74405488528,115571.96641831507
2019-01-12 14:03:00,659159.0,783276.4800162753,783277.0,0.0,124118.0,124118.0,False,667911.0,28007.6147475905,115365.48001627532
2019-01-12 14:04:00,649275.0,774727.0000131794,774728.0,0.0,125453.0,125453.0,False,659159.0,28056.781119118365,115568.00001317933
2019-01-12 14:05:00,656518.0,765059.0223505086,765060.0,0.0,108542.0,108542.0,False,649275.0,28109.225493292844,115784.02235050859
2019-01-12 14:06:00,768448.0,771105.8272025412,771106.0,0.0,2658.0,2658.0,False,656518.0,27818.821701253128,114587.82720254117
2019-01-12 14:07:00,843623.0,910045.8250363655,910046.0,0.0,66423.0,66423.0,True,768448.0,34376.117814061596,141597.82503636548
2019-01-12 14:08:00,841915.0,994724.6018874547,994725.0,0.0,152810.0,152810.0,True,843623.0,36683.37749568234,151101.60188745472
2019-01-12 14:09:00,701544.0,992684.4718684852,992685.0,0.0,291141.0,291141.0,False,841915.0,36602.74532030288,150769.47186848518
2019-01-12 14:10:00,674780.0,886467.1680484609,886468.0,0.0,211688.0,211688.0,False,701544.0,44894.33795858657,184923.16804846088
2019-01-12 14:11:00,625975.0,860293.9108130061,860294.0,0.0,234319.0,234319.0,False,674780.0,45037.754306024064,185513.91081300605
2019-01-12 14:12:00,621827.0,812939.0052864656,812940.0,0.0,191113.0,191113.0,False,625975.0,45389.79797935284,186964.0052864657
2019-01-12 14:13:00,617365.0,808775.640591938,808776.0,0.0,191411.0,191411.0,False,621827.0,45386.06784755791,186948.640591938
2019-01-12 14:14:00,620878.0,804327.7428119039,804328.0,0.0,183450.0,183450.0,False,617365.0,45389.49148471381,186962.74281190394
2019-01-12 14:15:00,651511.0,807772.0228404558,807773.0,0.0,156262.0,156262.0,False,620878.0,45372.80813640621,186894.0228404558
2019-01-12 14:16:00,637854.0,838599.5133028615,838600.0,0.0,200746.0,200746.0,False,651511.0,45420.02515437703,187088.5133028615
2019-01-12 14:17:00,631059.0,824773.5879798256,824774.0,0.0,193715.0,193715.0,False,637854.0,45379.01466000699,186919.58797982553
2019-01-12 14:18:00,621756.0,818038.4772308283,818039.0,0.0,196283.0,196283.0,False,631059.0,45393.554148503616,186979.4772308282
2019-01-12 14:19:00,621798.0,808774.2405058083,808775.0,0.0,186977.0,186977.0,False,621756.0,45402.96482205903,187018.24050580827
2019-01-12 14:20:00,629815.0,808806.1471157167,808807.0,0.0,178992.0,178992.0,False,621798.0,45400.514420247826,187008.14711571668
2019-01-12 14:21:00,605733.0,815500.7876859114,815501.0,0.0,209768.0,209768.0,False,629815.0,45079.48135678201,185685.7876859114
2019-01-12 14:22:00,627045.0,791326.0105916054,791327.0,0.0,164282.0,164282.0,False,605733.0,45056.95759044953,185593.0105916055
2019-01-12 14:23:00,636337.0,813274.0232980915,813275.0,0.0,176938.0,176938.0,False,627045.0,45211.364253996704,186229.02329809146
2019-01-12 14:24:00,605578.0,822453.0385499886,822454.0,0.0,216876.0,216876.0,False,636337.0,45183.934616493614,186116.03854998868
2019-01-12 14:25:00,595000.0,792537.011777107,792538.0,0.0,197538.0,197538.0,False,605578.0,45388.58569049195,186959.01177710705
2019-01-12 14:26:00,588100.0,778855.5069548914,778856.0,0.0,190756.0,190756.0,False,595000.0,44635.138754583175,183855.50695489132
2019-01-12 14:27:00,575571.0,771387.9553897749,771388.0,0.0,195817.0,195817.0,False,588100.0,44497.352602408966,183287.95538977487
2019-01-12 14:28:00,567609.0,758824.1932798545,758825.0,0.0,191216.0,191216.0,False,575571.0,44488.91330338881,183253.19327985455
2019-01-12 14:29:00,562673.0,750867.8510542128,750868.0,0.0,188195.0,188195.0,False,567609.0,44490.28685780502,183258.8510542128
2019-01-12 14:30:00,651870.0,745513.269262402,745514.0,0.0,93644.0,93644.0,False,562673.0,44388.66653287124,182840.26926240194
2019-01-12 14:31:00,619189.0,831213.28186133,831214.0,0.0,212025.0,212025.0,False,651870.0,43539.69268131199,179343.28186133006
2019-01-12 14:32:00,611441.0,793942.9508082694,793943.0,0.0,182502.0,182502.0,False,619189.0,42425.52736890536,174753.95080826947
2019-01-12 14:33:00,615412.0,786249.702866849,786250.0,0.0,170838.0,170838.0,False,611441.0,42438.81968618359,174808.70286684897
2019-01-12 14:34:00,607293.0,790191.0542302153,790192.0,0.0,182899.0,182899.0,False,615412.0,42431.6218000177,174779.0542302152
2019-01-12 14:35:00,619425.0,782028.799150451,782029.0,0.0,162604.0,162604.0,False,607293.0,42421.12063788722,174735.799150451
2019-01-12 14:36:00,600096.0,794334.862217323,794335.0,0.0,194239.0,194239.0,False,619425.0,42463.37843734377,174909.862217323
2019-01-12 14:37:00,592262.0,752447.1545457684,752448.0,0.0,160186.0,160186.0,False,600096.0,36986.735046450034,152351.15454576837
2019-01-12 14:38:00,604236.0,731519.4819239224,731520.0,0.0,127284.0,127284.0,False,592262.0,33807.94587683014,139257.48192392237
2019-01-12 14:39:00,605806.0,744229.656560679,744230.0,0.0,138424.0,138424.0,False,604236.0,33986.66914491968,139993.656560679
2019-01-12 14:40:00,656113.0,702491.081927147,702492.0,0.0,46379.0,46379.0,False,605806.0,23472.51990866536,96685.08192714701
2019-01-12 14:41:00,614753.0,758779.5793494517,758780.0,0.0,144027.0,144027.0,False,656113.0,24924.665519241258,102666.57934945171
2019-01-12 14:42:00,591028.0,715574.494132434,715575.0,0.0,124547.0,124547.0,False,614753.0,24476.728788709595,100821.494132434
2019-01-12 14:43:00,587933.0,693292.7243586605,693293.0,0.0,105360.0,105360.0,False,591028.0,24827.10600867633,102264.72435866052
2019-01-12 14:44:00,590113.0,690176.7458954543,690177.0,0.0,100064.0,100064.0,False,587933.0,24822.013005852663,102243.7458954543
2019-01-12 14:45:00,611133.0,692328.355709499,692329.0,0.0,81196.0,81196.0,False,590113.0,24815.120637435884,102215.35570949892
2019-01-12 14:46:00,609086.0,711901.3634457088,711902.0,0.0,102816.0,102816.0,False,611133.0,24463.830096614984,100768.3634457087
2019-01-12 14:47:00,604148.0,709416.8647355522,709417.0,0.0,105269.0,105269.0,False,609086.0,24357.617256128375,100330.86473555226
2019-01-12 14:48:00,594884.0,704427.1559839656,704428.0,0.0,109544.0,109544.0,False,604148.0,24345.063771383087,100279.15598396563
2019-01-12 14:49:00,592428.0,695161.3111857568,695162.0,0.0,102734.0,102734.0,False,594884.0,24344.61590433038,100277.31118575684
2019-01-12 14:50:00,621215.0,692709.109871447,692710.0,0.0,71495.0,71495.0,False,592428.0,24345.53812235732,100281.10987144701
2019-01-12 14:51:00,598946.0,723701.5493044524,723702.0,0.0,124756.0,124756.0,False,621215.0,24880.959099065825,102486.5493044524
2019-01-12 14:52:00,583467.0,701202.9912925501,701203.0,0.0,117736.0,117736.0,False,598946.0,24825.228629616257,102256.99129255013
2019-01-12 14:53:00,585538.0,684956.850809074,684957.0,0.0,99419.0,99419.0,False,583467.0,24638.987692418683,101489.85080907402
2019-01-12 14:54:00,582360.0,686735.5140633077,686736.0,0.0,104376.0,104376.0,False,585538.0,24568.01624627349,101197.51406330764
2019-01-12 14:55:00,586413.0,681102.3392842403,681103.0,0.0,94690.0,94690.0,False,582360.0,23971.96628973174,98742.33928424027
2019-01-12 14:56:00,577093.0,684926.0941063085,684927.0,0.0,107834.0,107834.0,False,586413.0,23916.311767899486,98513.09410630856
2019-01-12 14:57:00,593357.0,675714.1709631338,675715.0,0.0,82358.0,82358.0,False,577093.0,23942.549902293453,98621.17096313379
2019-01-12 14:58:00,564427.0,692267.4493832759,692268.0,0.0,127841.0,127841.0,False,593357.0,24012.77886978867,98910.44938327596
2019-01-12 14:59:00,577309.0,665553.3522176178,665554.0,0.0,88245.0,88245.0,False,564427.0,24550.74007701967,101126.35221761775
2019-01-12 15:00:00,684547.0,678811.5349449523,678812.0,5735.0,0.0,57350.0,False,577309.0,24642.06705715618,101502.53494495235
2019-01-12 15:01:00,616441.0,795411.5569297788,795412.0,0.0,178971.0,178971.0,False,684547.0,26914.912495605364,110864.55692977882
2019-01-12 15:02:00,638624.0,736149.8104953936,736150.0,0.0,97526.0,97526.0,False,616441.0,29062.05778170651,119708.81049539355
2019-01-12 15:03:00,652970.0,759291.9901960626,759292.0,0.0,106322.0,106322.0,False,638624.0,29294.920640910645,120667.99019606259
2019-01-12 15:04:00,637666.0,774030.2308341867,774031.0,0.0,136365.0,136365.0,False,652970.0,29390.14604697993,121060.23083418666
2019-01-12 15:05:00,709512.0,759156.5809035274,759157.0,0.0,49645.0,49645.0,False,637666.0,29494.623391043304,121490.58090352747
2019-01-12 15:06:00,682344.0,841649.9798688143,841650.0,0.0,159306.0,159306.0,False,709512.0,32079.523555646963,132137.9798688144
2019-01-12 15:07:00,679076.0,815355.4816712132,815356.0,0.0,136280.0,136280.0,False,682344.0,32291.586141088093,133011.4816712131
2019-01-12 15:08:00,697420.0,811924.9086350058,811925.0,0.0,114505.0,114505.0,False,679076.0,32252.117809956482,132848.90863500582
2019-01-12 15:09:00,693682.0,830598.2306658828,830599.0,0.0,136917.0,136917.0,False,697420.0,32332.06828186018,133178.23066588285
2019-01-12 15:10:00,699265.0,826952.6548482742,826953.0,0.0,127688.0,127688.0,False,693682.0,32354.506370735755,133270.65484827422
2019-01-12 15:11:00,627796.0,827553.1745391353,827554.0,0.0,199758.0,199758.0,False,699265.0,31144.89506442358,128288.17453913532
2019-01-12 15:12:00,613516.0,763483.3370378707,763484.0,0.0,149968.0,149968.0,False,627796.0,32941.211368834236,135687.3370378706
2019-01-12 15:13:00,597195.0,748429.7326034756,748430.0,0.0,151235.0,151235.0,False,613516.0,32753.401159380708,134913.7326034756
2019-01-12 15:14:00,623213.0,732675.1279983344,732676.0,0.0,109463.0,109463.0,False,597195.0,32890.906624722484,135480.1279983344
2019-01-12 15:15:00,662165.0,760019.3881343865,760020.0,0.0,97855.0,97855.0,False,623213.0,33212.88667404395,136806.38813438654
2019-01-12 15:16:00,668258.0,801074.1769497418,801075.0,0.0,132817.0,132817.0,False,662165.0,33723.38686030161,138909.1769497418
2019-01-12 15:17:00,677095.0,807173.3499630326,807174.0,0.0,130079.0,130079.0,False,668258.0,33724.8855007793,138915.34996303264
2019-01-12 15:18:00,649685.0,815996.1895972115,815997.0,0.0,166312.0,166312.0,False,677095.0,33721.4477473842,138901.1895972115
2019-01-12 15:19:00,634778.0,790090.1767233032,790091.0,0.0,155313.0,155313.0,False,649685.0,34086.57509749767,140405.17672330313
2019-01-12 15:20:00,658680.0,775698.8428636028,775699.0,0.0,117019.0,117019.0,False,634778.0,34211.76487345018,140920.84286360285
2019-01-12 15:21:00,640343.0,799109.5813662317,799110.0,0.0,158767.0,158767.0,False,658680.0,34092.49988398578,140429.58136623167
2019-01-12 15:22:00,635097.0,780429.8402112599,780430.0,0.0,145333.0,145333.0,False,640343.0,34009.29161210722,140086.84021125984
2019-01-12 15:23:00,629153.0,774690.8161545248,774691.0,0.0,145538.0,145538.0,False,635097.0,33889.59872095485,139593.81615452483
2019-01-12 15:24:00,658421.0,768861.1996421069,768862.0,0.0,110441.0,110441.0,False,629153.0,33917.367934529255,139708.19964210695
2019-01-12 15:25:00,648715.0,799573.1655986637,799574.0,0.0,150859.0,150859.0,False,658421.0,34267.92376989849,141152.1655986637
2019-01-12 15:26:00,637623.0,790149.8332629323,790150.0,0.0,152527.0,152527.0,False,648715.0,34336.54782486986,141434.83326293228
2019-01-12 15:27:00,606860.0,779144.6296943264,779145.0,0.0,172285.0,172285.0,False,637623.0,34357.619648188316,141521.6296943264
2019-01-12 15:28:00,613573.0,749967.0555896357,749968.0,0.0,136395.0,136395.0,False,606860.0,34742.51812631551,143107.05558963574
2019-01-12 15:29:00,596745.0,754957.8556651887,754958.0,0.0,158213.0,158213.0,False,613573.0,34324.41461740248,141384.85566518875
2019-01-12 15:30:00,688453.0,738499.694452902,738500.0,0.0,50047.0,50047.0,False,596745.0,34414.20146077648,141754.69445290195
2019-01-12 15:31:00,643553.0,823929.407863223,823930.0,0.0,180377.0,180377.0,False,688453.0,32890.003476649115,135476.40786322296
2019-01-12 15:32:00,644997.0,773388.1052304796,773389.0,0.0,128392.0,128392.0,False,643553.0,31520.447949379133,129835.1052304796
2019-01-12 15:33:00,634958.0,773811.2922936688,773812.0,0.0,138854.0,138854.0,False,644997.0,31272.622209309233,128814.29229366883
2019-01-12 15:34:00,644087.0,763520.7194428766,763521.0,0.0,119434.0,119434.0,False,634958.0,31211.5471330824,128562.71944287668
2019-01-12 15:35:00,668458.0,772338.2521550595,772339.0,0.0,103881.0,103881.0,False,644087.0,31135.93130933314,128251.25215505954
2019-01-12 15:36:00,652477.0,786075.8859776077,786076.0,0.0,133599.0,133599.0,False,668458.0,28554.43792564406,117617.88597760772
2019-01-12 15:37:00,638208.0,768992.7678152068,768993.0,0.0,130785.0,130785.0,False,652477.0,28286.873478337166,116515.76781520674
2019-01-12 15:38:00,634125.0,755128.3346921105,755129.0,0.0,121004.0,121004.0,False,638208.0,28385.09136141934,116920.33469211054
2019-01-12 15:39:00,641118.0,750079.4804864746,750080.0,0.0,108962.0,108962.0,False,634125.0,28150.60811313766,115954.4804864746
2019-01-12 15:40:00,654547.0,757258.5809604776,757259.0,0.0,102712.0,102712.0,False,641118.0,28195.78826910359,116140.58096047757
2019-01-12 15:41:00,639479.0,771111.9485888758,771112.0,0.0,131633.0,131633.0,False,654547.0,28298.813238495226,116564.94858887588
2019-01-12 15:42:00,635996.0,743700.6147002691,743701.0,0.0,107705.0,107705.0,False,639479.0,25302.18599606356,104221.6147002691
2019-01-12 15:43:00,634006.0,739662.4085329592,739663.0,0.0,105657.0,105657.0,False,635996.0,25167.396972195173,103666.40853295922
2019-01-12 15:44:00,642541.0,736876.2799483109,736877.0,0.0,94336.0,94336.0,False,634006.0,24974.118508956195,102870.27994831097
2019-01-12 15:45:00,649700.0,743828.4545474125,743829.0,0.0,94129.0,94129.0,False,642541.0,24589.85136045724,101287.45454741242
2019-01-12 15:46:00,657249.0,746829.5411256832,746830.0,0.0,89581.0,89581.0,False,649700.0,23580.42256725845,97129.54112568319
2019-01-12 15:47:00,662157.0,754439.666485109,754440.0,0.0,92283.0,92283.0,False,657249.0,23595.26214940959,97190.66648510905
2019-01-12 15:48:00,657394.0,759180.5087032085,759181.0,0.0,101787.0,101787.0,False,662157.0,23554.68076616677,97023.50870320848
2019-01-12 15:49:00,635113.0,752286.4053248842,752287.0,0.0,117174.0,117174.0,False,657394.0,23037.306570705765,94892.40532488427
2019-01-12 15:50:00,652149.0,730824.9478859352,730825.0,0.0,78676.0,78676.0,False,635113.0,23236.269313425084,95711.94788593524
2019-01-12 15:51:00,637202.0,747022.6388667634,747023.0,0.0,109821.0,109821.0,False,652149.0,23032.750582821423,94873.63886676343
2019-01-12 15:52:00,661289.0,731742.0012695617,731743.0,0.0,70454.0,70454.0,False,637202.0,22951.752408268505,94540.00126956165
2019-01-12 15:53:00,654077.0,757401.5838964479,757402.0,0.0,103325.0,103325.0,False,661289.0,23333.53288858524,96112.5838964479
2019-01-12 15:54:00,626137.0,750245.0052303503,750246.0,0.0,124109.0,124109.0,False,654077.0,23346.987687789624,96168.00523035032
2019-01-12 15:55:00,647452.0,722039.9758589807,722040.0,0.0,74588.0,74588.0,False,626137.0,23282.64573273453,95902.97585898069
2019-01-12 15:56:00,630124.0,744512.136774036,744513.0,0.0,114389.0,114389.0,False,647452.0,23563.573069969774,97060.13677403599
2019-01-12 15:57:00,633347.0,727693.8342287899,727694.0,0.0,94347.0,94347.0,False,630124.0,23687.313810688396,97569.83422878984
2019-01-12 15:58:00,628085.0,728101.1962069813,728102.0,0.0,100017.0,100017.0,False,633347.0,23003.75313922622,94754.1962069813
2019-01-12 15:59:00,637645.0,722836.1810972181,722837.0,0.0,85192.0,85192.0,False,628085.0,23003.021152217134,94751.18109721811
2019-01-12 16:00:00,749034.0,731675.597280787,731676.0,17358.0,0.0,173580.0,False,637645.0,22828.08291314331,94030.59728078691
2019-01-12 16:01:00,678327.0,854223.011841001,854224.0,0.0,175897.0,175897.0,False,749034.0,25537.04382720782,105189.01184100099
2019-01-12 16:02:00,682825.0,791457.2311054824,791458.0,0.0,108633.0,108633.0,False,678327.0,27464.956836839163,113130.23110548248
2019-01-12 16:03:00,683983.0,795982.1135123384,795983.0,0.0,112000.0,112000.0,False,682825.0,27471.483157317365,113157.11351233837
2019-01-12 16:04:00,667920.0,796810.1216182784,796811.0,0.0,128891.0,128891.0,False,683983.0,27391.370060771027,112827.12161827844
2019-01-12 16:05:00,652288.0,781336.7258494566,781337.0,0.0,129049.0,129049.0,False,667920.0,27534.510003135572,113416.72584945662
2019-01-12 16:06:00,660875.0,764855.4058578353,764856.0,0.0,103981.0,103981.0,False,652288.0,27328.31810656997,112567.40585783529
2019-01-12 16:07:00,707286.0,773001.1939010875,773002.0,0.0,65716.0,65716.0,False,660875.0,27221.203790356147,112126.19390108749
2019-01-12 16:08:00,729135.0,823848.0412803598,823849.0,0.0,94714.0,94714.0,False,707286.0,28298.107422709963,116562.04128035983
2019-01-12 16:09:00,731134.0,846468.0709691728,846469.0,0.0,115335.0,115335.0,False,729135.0,28485.292553653657,117333.07096917281
2019-01-12 16:10:00,752858.0,848433.0712180329,848434.0,0.0,95576.0,95576.0,False,731134.0,28477.038334702665,117299.0712180329
2019-01-12 16:11:00,720984.0,870733.0859047741,870734.0,0.0,149750.0,149750.0,False,752858.0,28616.879103647807,117875.0859047741
2019-01-12 16:12:00,682955.0,840974.3340784027,840975.0,0.0,158020.0,158020.0,False,720984.0,29130.40408472686,119990.33407840267
2019-01-12 16:13:00,667455.0,806617.4342105308,806618.0,0.0,139163.0,139163.0,False,682955.0,30021.890565784386,123662.43421053083
2019-01-12 16:14:00,671982.0,791739.0003869942,791740.0,0.0,119758.0,119758.0,False,667455.0,30172.79000301694,124284.00038699422
2019-01-12 16:15:00,712220.0,796165.9610952621,796166.0,0.0,83946.0,83946.0,False,671982.0,30148.503171790995,124183.96109526209
2019-01-12 16:16:00,675238.0,839699.4831379259,839700.0,0.0,164462.0,164462.0,False,712220.0,30948.566689492298,127479.4831379259
2019-01-12 16:17:00,659700.0,805851.4514285685,805852.0,0.0,146152.0,146152.0,False,675238.0,31709.40933066277,130613.45142856847
2019-01-12 16:18:00,675508.0,790805.9865462084,790806.0,0.0,115298.0,115298.0,False,659700.0,31828.983520642054,131105.98654620838
2019-01-12 16:19:00,650280.0,807080.059152111,807081.0,0.0,156801.0,156801.0,False,675508.0,31942.13332930826,131572.059152111
2019-01-12 16:20:00,660006.0,782159.6389098926,782160.0,0.0,122154.0,122154.0,False,650280.0,32016.8053660292,131879.63890989262
2019-01-12 16:21:00,653519.0,791477.5616900554,791478.0,0.0,137959.0,137959.0,False,660006.0,31917.735266733842,131471.5616900554
2019-01-12 16:22:00,640498.0,784585.2514004108,784586.0,0.0,144088.0,144088.0,False,653519.0,31819.33690316791,131066.2514004108
2019-01-12 16:23:00,638059.0,770663.2516054331,770664.0,0.0,132605.0,132605.0,False,640498.0,31600.598549703467,130165.25160543303
2019-01-12 16:24:00,638232.0,768136.871915271,768137.0,0.0,129905.0,129905.0,False,638059.0,31579.38512694931,130077.87191527103
2019-01-12 16:25:00,633904.0,766609.7569092877,766610.0,0.0,132706.0,132706.0,False,638232.0,31166.643238236484,128377.75690928767
2019-01-12 16:26:00,605069.0,761315.8899551032,761316.0,0.0,156247.0,156247.0,False,633904.0,30932.15689495241,127411.88995510316
2019-01-12 16:27:00,604187.0,733621.8661711476,733622.0,0.0,129435.0,129435.0,False,605069.0,31209.15502550782,128552.86617114757
2019-01-12 16:28:00,621131.0,732702.4034657774,732703.0,0.0,111572.0,111572.0,False,604187.0,31200.060095037596,128515.40346577734
2019-01-12 16:29:00,629017.0,750274.4832976002,750275.0,0.0,121258.0,121258.0,False,621131.0,31352.540871418387,129143.48329760015
2019-01-12 16:30:00,696602.0,758094.6146307291,758095.0,0.0,61493.0,61493.0,False,629017.0,31336.5497426561,129077.61463072905
2019-01-12 16:31:00,655952.0,806950.3022978143,806951.0,0.0,150999.0,150999.0,False,696602.0,26789.57984981147,110348.30229781425
2019-01-12 16:32:00,639297.0,757569.7944308696,757570.0,0.0,118273.0,118273.0,False,655952.0,24670.04893940658,101617.79443086963
2019-01-12 16:33:00,644703.0,741499.4128513869,741500.0,0.0,96797.0,96797.0,False,639297.0,24811.97846194559,102202.41285138694
2019-01-12 16:34:00,649457.0,747014.9480339664,747015.0,0.0,97558.0,97558.0,False,644703.0,24838.57063834496,102311.94803396634
2019-01-12 16:35:00,648090.0,751227.5840516781,751228.0,0.0,103138.0,103138.0,False,649457.0,24707.142122189078,101770.5840516781
2019-01-12 16:36:00,648852.0,749214.690015544,749215.0,0.0,100363.0,100363.0,False,648090.0,24550.33653936431,101124.69001554398
2019-01-12 16:37:00,625270.0,749760.0573485347,749761.0,0.0,124491.0,124491.0,False,648852.0,24497.74399366968,100908.0573485347
2019-01-12 16:38:00,637216.0,720949.9894392117,720950.0,0.0,83734.0,83734.0,False,625270.0,23228.510667913117,95679.9894392117
2019-01-12 16:39:00,641665.0,731730.0804757514,731731.0,0.0,90066.0,90066.0,False,637216.0,22945.45954139978,94514.08047575141
2019-01-12 16:40:00,676336.0,736270.622040452,736271.0,0.0,59935.0,59935.0,False,641665.0,22967.683354599045,94605.62204045197
2019-01-12 16:41:00,643729.0,773308.569507581,773309.0,0.0,129580.0,129580.0,False,676336.0,23542.314108770755,96972.56950758095
2019-01-12 16:42:00,659423.0,740828.3573321113,740829.0,0.0,81406.0,81406.0,False,643729.0,23573.09475947866,97099.35733211129
2019-01-12 16:43:00,673181.0,753506.7083422969,753507.0,0.0,80326.0,80326.0,False,659423.0,22840.976840767053,94083.70834229693
2019-01-12 16:44:00,661137.0,767163.6597786089,767164.0,0.0,106027.0,106027.0,False,673181.0,22816.44498563873,93982.659778609
2019-01-12 16:45:00,671467.0,755485.2360492063,755486.0,0.0,84019.0,84019.0,False,661137.0,22905.197005274986,94348.23604920633
2019-01-12 16:46:00,663000.0,761005.5517077087,761006.0,0.0,98006.0,98006.0,False,671467.0,21737.53588103591,89538.55170770868
2019-01-12 16:47:00,664810.0,748514.2420294124,748515.0,0.0,83705.0,83705.0,False,663000.0,20760.542459097036,85514.24202941242
2019-01-12 16:48:00,653675.0,749546.8095336119,749547.0,0.0,95872.0,95872.0,False,664810.0,20571.802899988303,84736.80953361187
2019-01-12 16:49:00,659747.0,737940.2136881584,737941.0,0.0,78194.0,78194.0,False,653675.0,20457.312198314277,84265.21368815844
2019-01-12 16:50:00,657828.0,742019.8588097489,742020.0,0.0,84192.0,84192.0,False,659747.0,19973.622381680172,82272.85880974887
2019-01-12 16:51:00,638141.0,739797.5494063065,739798.0,0.0,101657.0,101657.0,False,657828.0,19899.98707136259,81969.5494063065
2019-01-12 16:52:00,632338.0,721267.6338905524,721268.0,0.0,88930.0,88930.0,False,638141.0,20180.895853266862,83126.6338905524
2019-01-12 16:53:00,639072.0,715020.5052770813,715021.0,0.0,75949.0,75949.0,False,632338.0,20073.073451776174,82682.50527708128
2019-01-12 16:54:00,638970.0,721896.6010221851,721897.0,0.0,82927.0,82927.0,False,639072.0,20107.570451100197,82824.601022185
2019-01-12 16:55:00,646913.0,721794.5891606858,721795.0,0.0,74882.0,74882.0,False,638970.0,20107.567571449366,82824.58916068579
2019-01-12 16:56:00,633421.0,729869.7385245855,729870.0,0.0,96449.0,96449.0,False,646913.0,20139.649858739478,82956.73852458555
2019-01-12 16:57:00,631879.0,714059.5116972432,714060.0,0.0,82181.0,82181.0,False,633421.0,19576.8471566784,80638.51169724322
2019-01-12 16:58:00,629570.0,712527.4450565508,712528.0,0.0,82958.0,82958.0,False,631879.0,19579.25870734846,80648.44505655077
2019-01-12 16:59:00,618780.0,709306.624837835,709307.0,0.0,90527.0,90527.0,False,629570.0,19357.893447989645,79736.62483783493
2019-01-12 17:00:00,756499.0,698704.7738577009,698705.0,57794.0,0.0,577940.0,False,618780.0,19403.570935421747,79924.77385770086
2019-01-12 17:01:00,666583.0,876772.3666646146,876773.0,0.0,210190.0,210190.0,False,756499.0,29199.11673286493,120273.3666646146
2019-01-12 17:02:00,647910.0,801375.9058104772,801376.0,0.0,153466.0,153466.0,False,666583.0,32724.067685719383,134792.90581047727
2019-01-12 17:03:00,655945.0,782855.0976176371,782856.0,0.0,126911.0,126911.0,False,647910.0,32761.015735535253,134945.09761763713
2019-01-12 17:04:00,639904.0,790960.4811439945,790961.0,0.0,151057.0,151057.0,False,655945.0,32778.10294993002,135015.4811439945
2019-01-12 17:05:00,649745.0,775412.6215970675,775413.0,0.0,125668.0,125668.0,False,639904.0,32897.824098961515,135508.6215970674
2019-01-12 17:06:00,696810.0,785457.8226330815,785458.0,0.0,88648.0,88648.0,False,649745.0,32947.398581267094,135712.8226330815
2019-01-12 17:07:00,700756.0,836906.7995284318,836907.0,0.0,136151.0,136151.0,False,696810.0,34011.709464643885,140096.79952843182
2019-01-12 17:08:00,716194.0,839526.8315168144,839527.0,0.0,123333.0,123333.0,False,700756.0,33689.800335225205,138770.83151681445
2019-01-12 17:09:00,700647.0,855122.962863412,855123.0,0.0,154476.0,154476.0,False,716194.0,33728.190344389084,138928.96286341193
2019-01-12 17:10:00,718574.0,840213.361174398,840214.0,0.0,121640.0,121640.0,False,700647.0,33882.933395190266,139566.36117439796
2019-01-12 17:11:00,709709.0,856460.2985232696,856461.0,0.0,146752.0,146752.0,False,718574.0,33475.059675270066,137886.29852326962
2019-01-12 17:12:00,680653.0,845382.6117347144,845383.0,0.0,164730.0,164730.0,False,709709.0,32937.87923687378,135673.6117347143
2019-01-12 17:13:00,658894.0,817835.6429982182,817836.0,0.0,158942.0,158942.0,False,680653.0,33304.231166968675,137182.6429982182
2019-01-12 17:14:00,646066.0,796678.0419574896,796679.0,0.0,150613.0,150613.0,False,658894.0,33450.23454994336,137784.04195748956
2019-01-12 17:15:00,666224.0,783888.4819040388,783889.0,0.0,117665.0,117665.0,False,646066.0,33459.56672811068,137822.48190403884
2019-01-12 17:16:00,640365.0,804673.4934763289,804674.0,0.0,164309.0,164309.0,False,666224.0,33611.78816000265,138449.49347632896
2019-01-12 17:17:00,645604.0,779995.7971624648,779996.0,0.0,134392.0,134392.0,False,640365.0,33898.57670833213,139630.7971624648
2019-01-12 17:18:00,615720.0,785293.4212584943,785294.0,0.0,169574.0,169574.0,False,645604.0,33912.80905145839,139689.4212584942
2019-01-12 17:19:00,617895.0,756886.1525389553,756887.0,0.0,138992.0,138992.0,False,615720.0,34271.31942027095,141166.15253895536
2019-01-12 17:20:00,646781.0,758975.9811515626,758976.0,0.0,112195.0,112195.0,False,617895.0,34250.64211363402,141080.98115156265
2019-01-12 17:21:00,629533.0,789624.915541916,789625.0,0.0,160092.0,160092.0,False,646781.0,34678.6348478846,142843.91554191604
2019-01-12 17:22:00,622610.0,772201.6364437927,772202.0,0.0,149592.0,149592.0,False,629533.0,34636.08182896724,142668.63644379273
2019-01-12 17:23:00,608298.0,765305.5278237995,765306.0,0.0,157008.0,157008.0,False,622610.0,34642.610327883514,142695.52782379955
2019-01-12 17:24:00,611728.0,751253.0393684071,751254.0,0.0,139526.0,139526.0,False,608298.0,34705.61270400933,142955.0393684071
2019-01-12 17:25:00,608834.0,754719.7975051843,754720.0,0.0,145886.0,145886.0,False,611728.0,34714.536584303074,142991.7975051843
2019-01-12 17:26:00,621285.0,751670.8439394687,751671.0,0.0,130386.0,130386.0,False,608834.0,34676.918054291185,142836.8439394687
2019-01-12 17:27:00,607451.0,764154.3428011801,764155.0,0.0,156704.0,156704.0,False,621285.0,34684.80789792916,142869.34280118012
2019-01-12 17:28:00,622789.0,750664.3650760757,750665.0,0.0,127876.0,127876.0,False,607451.0,34768.32719103577,143213.3650760757
2019-01-12 17:29:00,614786.0,766491.7681118856,766492.0,0.0,151706.0,151706.0,False,622789.0,34887.14099635547,143702.76811188564
2019-01-12 17:30:00,702669.0,758387.6361123552,758388.0,0.0,55719.0,55719.0,False,614786.0,34862.5888852638,143601.63611235516
2019-01-12 17:31:00,673537.0,821868.2525756946,821869.0,0.0,148332.0,148332.0,False,702669.0,28938.350916320967,119199.25257569461
2019-01-12 17:32:00,687321.0,774381.7721589186,774382.0,0.0,87061.0,87061.0,False,673537.0,24482.380063230976,100844.77215891852
2019-01-12 17:33:00,688021.0,787578.4389093877,787579.0,0.0,99558.0,99558.0,False,687321.0,24339.791453718066,100257.4389093877
2019-01-12 17:34:00,667514.0,788146.9364094174,788147.0,0.0,120633.0,120633.0,False,688021.0,24307.866207474613,100125.93640941738
2019-01-12 17:35:00,671905.0,768124.8383724287,768125.0,0.0,96220.0,96220.0,False,667514.0,24425.587274196245,100610.83837242861
2019-01-12 17:36:00,669108.0,772323.0613915916,772324.0,0.0,103216.0,103216.0,False,671905.0,24378.786243153627,100418.06139159155
2019-01-12 17:37:00,664197.0,763077.2679913163,763078.0,0.0,98881.0,98881.0,False,669108.0,22813.19382229918,93969.26799131621
2019-01-12 17:38:00,676038.0,758134.8910697213,758135.0,0.0,82097.0,82097.0,False,664197.0,22805.576355342237,93937.89106972129
2019-01-12 17:39:00,670373.0,769652.2678705341,769653.0,0.0,99280.0,99280.0,False,676038.0,22727.00940546314,93614.26787053414
2019-01-12 17:40:00,711355.0,763422.4549271901,763423.0,0.0,52068.0,52068.0,False,670373.0,22589.88811650043,93049.45492719006
2019-01-12 17:41:00,693984.0,808528.0908403738,808529.0,0.0,114545.0,114545.0,False,711355.0,23590.995258771105,97173.09084037377
2019-01-12 17:42:00,695309.0,791785.5468947607,791786.0,0.0,96477.0,96477.0,False,693984.0,23743.567371803332,97801.54689476072
2019-01-12 17:43:00,700454.0,790646.6816936879,790647.0,0.0,90193.0,90193.0,False,695309.0,23145.40761611293,95337.68169368793
2019-01-12 17:44:00,718516.0,794304.7627289887,794305.0,0.0,75789.0,75789.0,False,700454.0,22784.423953423633,93850.76272898863
2019-01-12 17:45:00,754549.0,812500.1050882092,812501.0,0.0,57952.0,57952.0,False,718516.0,22816.795867674387,93984.10508820918
2019-01-12 17:46:00,744787.0,850930.4983475627,850931.0,0.0,106144.0,106144.0,False,754549.0,23398.818035804503,96381.49834756272
2019-01-12 17:47:00,739769.0,839161.8659819332,839162.0,0.0,99393.0,99393.0,False,744787.0,22911.662031871027,94374.86598193325
2019-01-12 17:48:00,736073.0,834340.3119843813,834341.0,0.0,98268.0,98268.0,False,739769.0,22959.35380201313,94571.31198438133
2019-01-12 17:49:00,714528.0,827399.2142470691,827400.0,0.0,112872.0,112872.0,False,736073.0,22171.53194029074,91326.21424706907
2019-01-12 17:50:00,729903.0,807787.6199976976,807788.0,0.0,77885.0,77885.0,False,714528.0,22640.91050489032,93259.61999769763
2019-01-12 17:51:00,718788.0,821581.4137722119,821582.0,0.0,102794.0,102794.0,False,729903.0,22257.036448338476,91678.41377221183
2019-01-12 17:52:00,715090.0,809818.8861830622,809819.0,0.0,94729.0,94729.0,False,718788.0,22099.834283073957,91030.88618306219
2019-01-12 17:53:00,697832.0,805953.6408498081,805954.0,0.0,108122.0,108122.0,False,715090.0,22059.23164473316,90863.6408498081
2019-01-12 17:54:00,703576.0,789040.0582524315,789041.0,0.0,85465.0,85465.0,False,697832.0,22142.846864153038,91208.05825243144
2019-01-12 17:55:00,717529.0,794806.4961660998,794807.0,0.0,77278.0,77278.0,False,703576.0,22148.29418203073,91230.49616609974
2019-01-12 17:56:00,745009.0,808987.6301974204,808988.0,0.0,63979.0,63979.0,False,717529.0,22203.678947552806,91458.63019742035
2019-01-12 17:57:00,728822.0,837951.1100344837,837952.0,0.0,109130.0,109130.0,False,745009.0,22563.827683174834,92942.11003448375
2019-01-12 17:58:00,699675.0,822037.12056873,822038.0,0.0,122363.0,122363.0,False,728822.0,22630.10724846702,93215.12056873001
2019-01-12 17:59:00,675422.0,795605.925436571,795606.0,0.0,120184.0,120184.0,False,699675.0,23289.431133370806,95930.92543657098
2019-01-12 18:00:00,792925.0,773101.6561408988,773102.0,19823.0,0.0,198230.0,True,675422.0,23713.975597253637,97679.65614089876
2019-01-12 18:01:00,738043.0,906492.8539558004,906493.0,0.0,168450.0,168450.0,False,792925.0,27571.19981519557,113567.85395580037
2019-01-12 18:02:00,743929.0,857191.2011218551,857192.0,0.0,113263.0,113263.0,False,738043.0,28925.957005670734,119148.20112185505
2019-01-12 18:03:00,750933.0,862783.8068980153,862784.0,0.0,111851.0,111851.0,False,743929.0,28854.72883248312,118854.80689801532
2019-01-12 18:04:00,729648.0,869843.5882132318,869844.0,0.0,140196.0,140196.0,False,750933.0,28868.271025403184,118910.58821323176
2019-01-12 18:05:00,720618.0,848643.5911707742,848644.0,0.0,128026.0,128026.0,False,729648.0,28888.9074418331,118995.59117077415
2019-01-12 18:06:00,760650.0,839879.0922687985,839880.0,0.0,79230.0,79230.0,False,720618.0,28953.363919346826,119261.09226879853
2019-01-12 18:07:00,788516.0,883172.9923205927,883173.0,0.0,94657.0,94657.0,True,760650.0,29745.264928061995,122522.99232059276
2019-01-12 18:08:00,799435.0,912225.439227576,912226.0,0.0,112791.0,112791.0,True,788516.0,30033.302111148045,123709.43922757603
2019-01-12 18:09:00,795642.0,923113.8701834768,923114.0,0.0,127472.0,127472.0,True,799435.0,30025.88077497183,123678.87018347687
2019-01-12 18:10:00,811903.0,919244.8876616057,919245.0,0.0,107342.0,107342.0,True,795642.0,30007.434276072694,123602.8876616057
2019-01-12 18:11:00,813572.0,932661.3869541697,932662.0,0.0,119090.0,119090.0,True,811903.0,29316.866526067428,120758.38695416968
2019-01-12 18:12:00,794668.0,933298.726078711,933299.0,0.0,138631.0,138631.0,True,813572.0,29066.40720022807,119726.72607871094
2019-01-12 18:13:00,774650.0,915577.4783140018,915578.0,0.0,140928.0,140928.0,False,794668.0,29353.547417069418,120909.47831400186
2019-01-12 18:14:00,774968.0,896769.1707747221,896770.0,0.0,121802.0,121802.0,False,774650.0,29647.227991173015,122119.17077472208
2019-01-12 18:15:00,788938.0,896509.541486105,896510.0,0.0,107572.0,107572.0,True,774968.0,29506.99524061166,121541.54148610495
2019-01-12 18:16:00,777432.0,908043.8167912513,908044.0,0.0,130612.0,130612.0,False,788938.0,28915.66723785876,119105.81679125129
2019-01-12 18:17:00,755709.0,896635.0910436995,896636.0,0.0,140927.0,140927.0,False,777432.0,28939.28279241674,119203.09104369959
2019-01-12 18:18:00,742403.0,876030.7252612797,876031.0,0.0,133628.0,133628.0,False,755709.0,29210.85689070886,120321.72526127975
2019-01-12 18:19:00,738768.0,863124.8227412092,863125.0,0.0,124357.0,124357.0,False,742403.0,29307.989725225434,120721.82274120921
2019-01-12 18:20:00,765903.0,858385.6591250091,858386.0,0.0,92483.0,92483.0,False,738768.0,29039.92869712173,119617.65912500906
2019-01-12 18:21:00,730290.0,886641.4045132021,886642.0,0.0,156352.0,156352.0,False,765903.0,29312.015330473605,120738.40451320217
2019-01-12 18:22:00,712827.0,853769.230630417,853770.0,0.0,140943.0,140943.0,False,730290.0,29977.413697214324,123479.23063041705
2019-01-12 18:23:00,709646.0,836981.1570222022,836982.0,0.0,127336.0,127336.0,False,712827.0,30141.267549869644,124154.15702220211
2019-01-12 18:24:00,700748.0,833132.8309516857,833133.0,0.0,132385.0,132385.0,False,709646.0,29979.258849421207,123486.8309516857
2019-01-12 18:25:00,721462.0,824350.5722065209,824351.0,0.0,102889.0,102889.0,False,700748.0,30007.357692119815,123602.57220652088
2019-01-12 18:26:00,695482.0,845599.0728825068,845600.0,0.0,150118.0,150118.0,False,721462.0,30137.119983346165,124137.07288250678
2019-01-12 18:27:00,684960.0,819250.7755146737,819251.0,0.0,134291.0,134291.0,False,695482.0,30047.707354981358,123768.77551467362
2019-01-12 18:28:00,696422.0,808422.9928279184,808423.0,0.0,112001.0,112001.0,False,684960.0,29973.471598445547,123462.99282791834
2019-01-12 18:29:00,740045.0,818376.959100811,818377.0,0.0,78332.0,78332.0,False,696422.0,29607.36184317702,121954.95910081101
2019-01-12 18:30:00,782824.0,864696.7430156519,864697.0,0.0,81873.0,81873.0,True,740045.0,30262.06795573085,124651.7430156519
2019-01-12 18:31:00,758608.0,876851.6887210808,876852.0,0.0,118244.0,118244.0,False,782824.0,22827.37679360297,94027.68872108076
2019-01-12 18:32:00,735260.0,844998.5376108936,844999.0,0.0,109739.0,109739.0,False,758608.0,20973.28329845106,86390.53761089365
2019-01-12 18:33:00,715569.0,823342.8598653188,823343.0,0.0,107774.0,107774.0,False,735260.0,21384.13331809319,88082.8598653187
2019-01-12 18:34:00,711777.0,804608.1700412451,804609.0,0.0,92832.0,92832.0,False,715569.0,21616.299534389145,89039.17004124503
2019-01-12 18:35:00,718313.0,799512.0240854144,799513.0,0.0,81200.0,81200.0,False,711777.0,21299.688209230342,87735.02408541433
2019-01-12 18:36:00,708389.0,805956.591738353,805957.0,0.0,97568.0,97568.0,False,718313.0,21277.49091111656,87643.59173835303
2019-01-12 18:37:00,706808.0,790725.9092588263,790726.0,0.0,83918.0,83918.0,False,708389.0,19989.172096394803,82336.90925882626
2019-01-12 18:38:00,702310.0,785973.9314124692,785974.0,0.0,83664.0,83664.0,False,706808.0,19219.34453722042,79165.93141246928
2019-01-12 18:39:00,711484.0,780791.0953090354,780792.0,0.0,69308.0,69308.0,False,702310.0,19053.084874906242,78481.09530903534
2019-01-12 18:40:00,721286.0,790497.035387946,790498.0,0.0,69212.0,69212.0,False,711484.0,19182.2255224971,79013.03538794597
2019-01-12 18:41:00,709949.0,799558.4185056953,799559.0,0.0,89610.0,89610.0,False,721286.0,19002.42379748618,78272.41850569527
2019-01-12 18:42:00,729117.0,788371.3220276649,788372.0,0.0,59255.0,59255.0,False,709949.0,19038.816313618714,78422.32202766482
2019-01-12 18:43:00,696096.0,808345.5727130116,808346.0,0.0,112250.0,112250.0,False,729117.0,19234.55214882687,79228.57271301167
2019-01-12 18:44:00,704925.0,777532.4115255823,777533.0,0.0,72608.0,72608.0,False,696096.0,19770.55562992479,81436.41152558231
2019-01-12 18:45:00,729819.0,786777.0632721542,786778.0,0.0,56959.0,56959.0,False,704925.0,19871.464619212642,81852.06327215425
2019-01-12 18:46:00,720476.0,813284.3713154636,813285.0,0.0,92809.0,92809.0,False,729819.0,20263.132127897396,83465.37131546353
2019-01-12 18:47:00,715352.0,803816.8464848703,803817.0,0.0,88465.0,88465.0,False,720476.0,20232.90087084137,83340.84648487032
2019-01-12 18:48:00,738572.0,797352.708057775,797353.0,0.0,58781.0,58781.0,False,715352.0,19907.55154824304,82000.70805777503
2019-01-12 18:49:00,723139.0,821994.6774239112,821995.0,0.0,98856.0,98856.0,False,738572.0,20252.76720706922,83422.6774239112
2019-01-12 18:50:00,734593.0,807295.0785783778,807296.0,0.0,72703.0,72703.0,False,723139.0,20430.817148757516,84156.07857837786
2019-01-12 18:51:00,716241.0,816606.0572436817,816607.0,0.0,100366.0,100366.0,False,734593.0,19910.549596197,82013.05724368172
2019-01-12 18:52:00,720816.0,795070.4911724429,795071.0,0.0,74255.0,74255.0,False,716241.0,19137.66595687806,78829.49117244295
2019-01-12 18:53:00,704397.0,798636.1318840935,798637.0,0.0,94240.0,94240.0,False,720816.0,18892.620852519234,77820.13188409348
2019-01-12 18:54:00,702887.0,783158.6625876677,783159.0,0.0,80272.0,80272.0,False,704397.0,19121.19901311817,78761.66258766766
2019-01-12 18:55:00,722525.0,781374.8611656438,781375.0,0.0,58850.0,58850.0,False,702887.0,19054.727441688792,78487.86116564382
2019-01-12 18:56:00,731342.0,800856.6884613236,800857.0,0.0,69515.0,69515.0,False,722525.0,19016.812937834842,78331.6884613236
2019-01-12 18:57:00,706882.0,807327.9742912382,807328.0,0.0,100446.0,100446.0,False,731342.0,18447.337053242256,75985.97429123818
2019-01-12 18:58:00,707409.0,784758.8643057325,784759.0,0.0,77350.0,77350.0,False,706882.0,18906.39394832518,77876.86430573248
2019-01-12 18:59:00,701478.0,784852.1752037766,784853.0,0.0,83375.0,83375.0,False,707409.0,18801.105977555282,77443.1752037766
2019-01-12 19:00:00,794618.0,771587.446548842,771588.0,23030.0,0.0,230300.0,True,701478.0,17020.67523863931,70109.44654884201
2019-01-12 19:01:00,750292.0,888490.3426727115,888491.0,0.0,138199.0,138199.0,False,794618.0,22789.6629794302,93872.34267271151
2019-01-12 19:02:00,732565.0,848235.3043893707,848236.0,0.0,115671.0,115671.0,False,750292.0,23777.982253066435,97943.30438937074
2019-01-12 19:03:00,721966.0,829845.418679378,829846.0,0.0,107880.0,107880.0,False,732565.0,23617.051551919598,97280.41867937795
2019-01-12 19:04:00,735159.0,818439.2716175476,818440.0,0.0,83281.0,83281.0,False,721966.0,23421.098100772815,96473.2716175476
2019-01-12 19:05:00,758381.0,832049.985823782,832050.0,0.0,73669.0,73669.0,False,735159.0,23522.50779942062,96890.98582378203
2019-01-12 19:06:00,781880.0,856608.9392253726,856609.0,0.0,74729.0,74729.0,True,758381.0,23847.08388406872,98227.93922537268
2019-01-12 19:07:00,789930.0,881045.4160391365,881046.0,0.0,91116.0,91116.0,True,781880.0,24074.677869990595,99165.41603913646
2019-01-12 19:08:00,778645.0,889129.7004009605,889130.0,0.0,110485.0,110485.0,False,789930.0,24083.00118470918,99199.70040096054
2019-01-12 19:09:00,800593.0,878252.053531426,878253.0,0.0,77660.0,77660.0,True,778645.0,24181.89549471154,99607.05353142598
2019-01-12 19:10:00,817910.0,901124.4040920871,901125.0,0.0,83215.0,83215.0,True,800593.0,24406.302781805254,100531.4040920871
2019-01-12 19:11:00,782527.0,918882.8207643314,918883.0,0.0,136356.0,136356.0,True,817910.0,24513.466797398465,100972.82076433144
2019-01-12 19:12:00,725682.0,886966.351934321,886967.0,0.0,161285.0,161285.0,False,782527.0,25355.046700727307,104439.35193432102
2019-01-12 19:13:00,722513.0,838049.2067746783,838050.0,0.0,115537.0,115537.0,False,725682.0,27279.715190055515,112367.20677467833
2019-01-12 19:14:00,687351.0,832068.7251745365,832069.0,0.0,144718.0,144718.0,False,722513.0,26597.163585228802,109555.72517453646
2019-01-12 19:15:00,739400.0,799889.6294045484,799890.0,0.0,60490.0,60490.0,False,687351.0,27321.331962904245,112538.62940454848
2019-01-12 19:16:00,745234.0,857089.0290321116,857090.0,0.0,111856.0,111856.0,False,739400.0,28571.709532906734,117689.02903211159
2019-01-12 19:17:00,719114.0,862753.2031691364,862754.0,0.0,143640.0,143640.0,False,745234.0,28530.480411823766,117519.20316913641
2019-01-12 19:18:00,704197.0,838248.6222937503,838249.0,0.0,134052.0,134052.0,False,719114.0,28922.660433886642,119134.62229375035
2019-01-12 19:19:00,709966.0,822484.6304515892,822485.0,0.0,112519.0,112519.0,False,704197.0,28717.033748969672,118287.6304515892
2019-01-12 19:20:00,731493.0,827843.4257479267,827844.0,0.0,96351.0,96351.0,False,709966.0,28617.44715420832,117877.42574792667
2019-01-12 19:21:00,719366.0,850177.7356836855,850178.0,0.0,130812.0,130812.0,False,731493.0,28813.440146734738,118684.73568368553
2019-01-12 19:22:00,706146.0,837597.8017917415,837598.0,0.0,131452.0,131452.0,False,719366.0,28703.48006205513,118231.80179174157
2019-01-12 19:23:00,710692.0,824728.8417071329,824729.0,0.0,114037.0,114037.0,False,706146.0,28788.703048254465,118582.84170713289
2019-01-12 19:24:00,700719.0,828693.7915282998,828694.0,0.0,127975.0,127975.0,False,710692.0,28647.639798177588,118001.79152829983
2019-01-12 19:25:00,709452.0,818956.230451968,818957.0,0.0,109505.0,109505.0,False,700719.0,28704.797993763972,118237.23045196808
2019-01-12 19:26:00,686168.0,826933.629943698,826934.0,0.0,140766.0,140766.0,False,709452.0,28521.358650073566,117481.6299436979
2019-01-12 19:27:00,704416.0,804613.4849706605,804614.0,0.0,100198.0,100198.0,False,686168.0,28755.356551905974,118445.48497066052
2019-01-12 19:28:00,701580.0,822389.0698894926,822390.0,0.0,120810.0,120810.0,False,704416.0,28640.666961983265,117973.06988949259
2019-01-12 19:29:00,685727.0,819569.4528597618,819570.0,0.0,133843.0,133843.0,False,701580.0,28644.644303555935,117989.45285976175
2019-01-12 19:30:00,753765.0,804216.3031331366,804217.0,0.0,50452.0,50452.0,False,685727.0,28765.994415272075,118489.30313313661
2019-01-12 19:31:00,706952.0,862045.8261982289,862046.0,0.0,155094.0,155094.0,False,753765.0,26287.65263476527,108280.82619822891
2019-01-12 19:32:00,709788.0,815805.0255361933,815806.0,0.0,106018.0,106018.0,False,706952.0,26426.567140337214,108853.02553619324
2019-01-12 19:33:00,724936.0,817961.1726774122,817962.0,0.0,93026.0,93026.0,False,709788.0,26261.517274891303,108173.17267741213
2019-01-12 19:34:00,698499.0,833459.2202045806,833460.0,0.0,134961.0,134961.0,False,724936.0,26346.49933610144,108523.22020458055
2019-01-12 19:35:00,708781.0,808266.7491626691,808267.0,0.0,99486.0,99486.0,False,698499.0,26648.637268483348,109767.74916266909
2019-01-12 19:36:00,692993.0,817329.2494510727,817330.0,0.0,124337.0,124337.0,False,708781.0,26352.575759422125,108548.24945107264
2019-01-12 19:37:00,694505.0,800272.1779205148,800273.0,0.0,105768.0,105768.0,False,692993.0,26044.47955499439,107279.17792051483
2019-01-12 19:38:00,673462.0,801513.1682042496,801514.0,0.0,128052.0,128052.0,False,694505.0,25978.685734131002,107008.16820424964
2019-01-12 19:39:00,686094.0,781129.3309777782,781130.0,0.0,95036.0,95036.0,False,673462.0,26138.71260711188,107667.33097777824
2019-01-12 19:40:00,715967.0,792731.1373508724,792732.0,0.0,76765.0,76765.0,False,686094.0,25888.609489491835,106637.13735087235
2019-01-12 19:41:00,691778.0,824400.463519789,824401.0,0.0,132623.0,132623.0,False,715967.0,26324.708843414133,108433.46351978902
2019-01-12 19:42:00,670199.0,798648.6549995425,798649.0,0.0,128450.0,128450.0,False,691778.0,25945.301251531866,106870.65499954249
2019-01-12 19:43:00,700392.0,769970.6829918047,769971.0,0.0,69579.0,69579.0,False,670199.0,24221.86306994929,99771.68299180464
2019-01-12 19:44:00,704464.0,802925.3655083304,802926.0,0.0,98462.0,98462.0,False,700392.0,24892.32480570507,102533.36550833043
2019-01-12 19:45:00,749977.0,803594.89429077,803595.0,0.0,53618.0,53618.0,False,704464.0,24066.29692424734,99130.89429077001
2019-01-12 19:46:00,700435.0,847289.4271640053,847290.0,0.0,146855.0,146855.0,False,749977.0,23624.822345279725,97312.42716400536
2019-01-12 19:47:00,708932.0,804371.7499310481,804372.0,0.0,95440.0,95440.0,False,700435.0,25233.028543501696,103936.74993104814
2019-01-12 19:48:00,731619.0,811370.7912421013,811371.0,0.0,79752.0,79752.0,False,708932.0,24869.36473469244,102438.79124210138
2019-01-12 19:49:00,691581.0,834801.9988041541,834802.0,0.0,143221.0,143221.0,False,731619.0,25050.038179532912,103182.99880415405
2019-01-12 19:50:00,696708.0,799016.226039827,799017.0,0.0,102309.0,102309.0,False,691581.0,26082.36381298182,107435.22603982697
2019-01-12 19:51:00,680464.0,802909.0761966752,802910.0,0.0,122446.0,122446.0,False,696708.0,25782.74564866684,106201.07619667525
2019-01-12 19:52:00,679730.0,786948.7817315859,786949.0,0.0,107219.0,107219.0,False,680464.0,25851.621670527224,106484.78173158583
2019-01-12 19:53:00,678689.0,785823.5740440296,785824.0,0.0,107135.0,107135.0,False,679730.0,25756.647036886174,106093.57404402962
2019-01-12 19:54:00,695001.0,784701.3501383612,784702.0,0.0,89701.0,89701.0,False,678689.0,25736.92807192427,106012.35013836126
2019-01-12 19:55:00,686007.0,801544.6244731599,801545.0,0.0,115538.0,115538.0,False,695001.0,25865.907094871378,106543.62447315993
2019-01-12 19:56:00,665229.0,792517.1622402269,792518.0,0.0,127289.0,127289.0,False,686007.0,25857.78337078639,106510.16224022683
2019-01-12 19:57:00,658685.0,771455.4692952957,771456.0,0.0,112771.0,112771.0,False,665229.0,25788.910405432114,106226.4692952957
2019-01-12 19:58:00,667085.0,763988.3560325324,763989.0,0.0,96904.0,96904.0,False,658685.0,25564.80350076514,105303.35603253236
2019-01-12 19:59:00,667576.0,772636.6341423108,772637.0,0.0,105061.0,105061.0,False,667085.0,25625.07870308697,105551.63414231084
2019-01-12 20:00:00,796571.0,772530.132299387,772531.0,24040.0,0.0,240400.0,True,667576.0,25480.02143443758,104954.132299387
2019-01-12 20:01:00,738572.0,929911.5860618763,929912.0,0.0,191340.0,191340.0,False,796571.0,32371.48377584099,133340.5860618762
2019-01-12 20:02:00,703626.0,874434.0031026716,874435.0,0.0,170809.0,170809.0,False,738572.0,32983.615559860315,135862.00310267165
2019-01-12 20:03:00,701737.0,842055.5566367886,842056.0,0.0,140319.0,140319.0,False,703626.0,33606.94803520058,138429.55663678862
2019-01-12 20:04:00,685672.0,839670.1566451145,839671.0,0.0,153999.0,153999.0,False,701737.0,33486.435558456644,137933.15664511456
2019-01-12 20:05:00,693960.0,822724.1213926055,822725.0,0.0,128765.0,128765.0,False,685672.0,33272.54405531515,137052.12139260545
2019-01-12 20:06:00,725485.0,830931.9051615382,830932.0,0.0,105447.0,105447.0,False,693960.0,33253.06972646115,136971.90516153816
2019-01-12 20:07:00,745277.0,863928.6233473631,863929.0,0.0,118652.0,118652.0,False,725485.0,33610.36305163772,138443.62334736306
2019-01-12 20:08:00,776750.0,884410.7224585633,884411.0,0.0,107661.0,107661.0,False,745277.0,33777.900429728834,139133.72245856325
2019-01-12 20:09:00,751047.0,916447.7064686879,916448.0,0.0,165401.0,165401.0,False,776750.0,33914.82047615124,139697.70646868786
2019-01-12 20:10:00,761033.0,892186.7325420287,892187.0,0.0,131154.0,131154.0,False,751047.0,34264.90536040267,141139.73254202862
2019-01-12 20:11:00,733690.0,900723.2498410878,900724.0,0.0,167034.0,167034.0,False,761033.0,33913.01020887625,139690.24984108788
2019-01-12 20:12:00,742944.0,873727.3486036101,873728.0,0.0,130784.0,130784.0,False,733690.0,33997.276389875246,140037.34860361007
2019-01-12 20:13:00,689445.0,881972.3822539358,881973.0,0.0,192528.0,192528.0,False,742944.0,33752.32668038699,139028.38225393582
2019-01-12 20:14:00,683984.0,832726.3027864987,832727.0,0.0,148743.0,148743.0,False,689445.0,34784.82062754809,143281.3027864987
2019-01-12 20:15:00,728124.0,827271.7264755596,827272.0,0.0,99148.0,99148.0,False,683984.0,34786.3801253151,143287.72647555958
2019-01-12 20:16:00,691874.0,871164.7637406501,871165.0,0.0,179291.0,179291.0,False,728124.0,34726.42426039452,143040.76374065017
2019-01-12 20:17:00,680300.0,832669.4086363802,832670.0,0.0,152370.0,152370.0,False,691874.0,34181.31283951665,140795.40863638022
2019-01-12 20:18:00,684025.0,821169.4507677548,821170.0,0.0,137145.0,137145.0,False,680300.0,34199.288264143994,140869.45076775478
2019-01-12 20:19:00,655646.0,823788.0409714136,823789.0,0.0,168143.0,168143.0,False,684025.0,33930.68192432282,139763.04097141357
2019-01-12 20:20:00,678022.0,793852.1321115782,793853.0,0.0,115831.0,115831.0,False,655646.0,33552.70661024075,138206.1321115782
2019-01-12 20:21:00,678471.0,817259.1985549025,817260.0,0.0,138789.0,138789.0,False,678022.0,33803.021624053545,139237.19855490242
2019-01-12 20:22:00,664100.0,817195.1374281701,817196.0,0.0,153096.0,153096.0,False,678471.0,33678.46427485813,138724.1374281701
2019-01-12 20:23:00,699443.0,803227.112857274,803228.0,0.0,103785.0,103785.0,False,664100.0,33776.2957975068,139127.11285727398
2019-01-12 20:24:00,687032.0,841071.6763638349,841072.0,0.0,154040.0,154040.0,False,699443.0,34383.60768099659,141628.67636383485
2019-01-12 20:25:00,680038.0,828461.2572888331,828462.0,0.0,148424.0,148424.0,False,687032.0,34335.194129341624,141429.25728883315
2019-01-12 20:26:00,658441.0,821405.1673571775,821406.0,0.0,162965.0,162965.0,False,680038.0,34320.12037517121,141367.16735717744
2019-01-12 20:27:00,667155.0,799876.875407598,799877.0,0.0,132722.0,132722.0,False,658441.0,34336.80082937608,141435.87540759792
2019-01-12 20:28:00,672388.0,808655.3485141488,808656.0,0.0,136268.0,136268.0,False,667155.0,34352.453153880815,141500.34851414888
2019-01-12 20:29:00,664264.0,813804.9456082699,813805.0,0.0,149541.0,149541.0,False,672388.0,34332.20518666949,141416.9456082699
2019-01-12 20:30:00,743428.0,805813.5181458147,805814.0,0.0,62386.0,62386.0,False,664264.0,34364.390209062156,141549.51814581465
2019-01-12 20:31:00,698609.0,862242.1950233007,862243.0,0.0,163634.0,163634.0,False,743428.0,28844.869368967495,118814.19502330074
2019-01-12 20:32:00,674792.0,814252.9967728558,814253.0,0.0,139461.0,139461.0,False,698609.0,28075.231074571082,115643.99677285572
2019-01-12 20:33:00,663884.0,788888.9193822226,788889.0,0.0,125005.0,125005.0,False,674792.0,27699.64257500043,114096.91938222258
2019-01-12 20:34:00,663471.0,778217.0362410793,778218.0,0.0,114747.0,114747.0,False,663884.0,27756.96535489385,114333.03624107935
2019-01-12 20:35:00,655776.0,777242.2524359619,777243.0,0.0,121467.0,121467.0,False,663471.0,27620.579458671295,113771.2524359619
2019-01-12 20:36:00,660759.0,769443.6861583776,769444.0,0.0,108685.0,108685.0,False,655776.0,27595.436370782132,113667.68615837753
2019-01-12 20:37:00,648449.0,771758.2135936463,771759.0,0.0,123310.0,123310.0,False,660759.0,26947.6034874364,110999.21359364627
2019-01-12 20:38:00,666700.0,758390.8711595556,758391.0,0.0,91691.0,91691.0,False,648449.0,26690.90937455174,109941.87115955561
2019-01-12 20:39:00,658715.0,774699.1711823264,774700.0,0.0,115985.0,115985.0,False,666700.0,26219.27442339725,107999.17118232635
2019-01-12 20:40:00,699681.0,765456.9651393436,765457.0,0.0,65776.0,65776.0,False,658715.0,25914.058838065885,106741.96513934367
2019-01-12 20:41:00,664320.0,810929.9795379037,810930.0,0.0,146610.0,146610.0,False,699681.0,27008.23989568299,111248.97953790371
2019-01-12 20:42:00,644786.0,776751.8334899524,776752.0,0.0,131966.0,131966.0,False,664320.0,27295.404806598883,112431.83348995235
2019-01-12 20:43:00,653023.0,757557.3170205448,757558.0,0.0,104535.0,104535.0,False,644786.0,27377.8222154862,112771.31702054472
2019-01-12 20:44:00,673301.0,759294.6355271926,759295.0,0.0,85994.0,85994.0,False,653023.0,25799.875543551334,106271.6355271926
2019-01-12 20:45:00,693274.0,780689.1158521668,780690.0,0.0,87416.0,87416.0,False,673301.0,26070.9267350406,107388.11585216681
2019-01-12 20:46:00,673899.0,796400.9815301461,796401.0,0.0,122502.0,122502.0,False,693274.0,25036.438702207422,103126.98153014608
2019-01-12 20:47:00,688985.0,774502.70098702,774503.0,0.0,85518.0,85518.0,False,673899.0,24423.85451028108,100603.70098702006
2019-01-12 20:48:00,703279.0,789874.6775371414,789875.0,0.0,86596.0,86596.0,False,688985.0,24493.28187314139,100889.67753714141
2019-01-12 20:49:00,680256.0,804673.6103683998,804674.0,0.0,124418.0,124418.0,False,703279.0,24615.865892289046,101394.61036839975
2019-01-12 20:50:00,686286.0,780857.8605424888,780858.0,0.0,94572.0,94572.0,False,680256.0,24423.407700183394,100601.86054248881
2019-01-12 20:51:00,655157.0,785625.1238467692,785626.0,0.0,130469.0,130469.0,False,686286.0,24116.84942212335,99339.1238467692
2019-01-12 20:52:00,661087.0,757172.8002430447,757173.0,0.0,96086.0,96086.0,False,655157.0,24766.673973629382,102015.80024304475
2019-01-12 20:53:00,651248.0,762676.2933759233,762677.0,0.0,111429.0,111429.0,False,661087.0,24663.129655000845,101589.2933759233
2019-01-12 20:54:00,666638.0,749355.3934708267,749356.0,0.0,82718.0,82718.0,False,651248.0,23817.818638933815,98107.39347082668
2019-01-12 20:55:00,659833.0,765166.410045659,765167.0,0.0,105334.0,105334.0,False,666638.0,23920.030063257553,98528.41004565904
2019-01-12 20:56:00,628047.0,758354.6588173698,758355.0,0.0,130308.0,130308.0,False,659833.0,23918.391047834826,98521.65881736984
2019-01-12 20:57:00,634554.0,728069.0815525561,728070.0,0.0,93516.0,93516.0,False,628047.0,24282.653060351015,100022.08155255616
2019-01-12 20:58:00,660790.0,734467.9485397108,734468.0,0.0,73678.0,73678.0,False,634554.0,24256.401292795923,99913.94853971082
2019-01-12 20:59:00,690985.0,762643.3279065592,762644.0,0.0,71659.0,71659.0,False,660790.0,24727.230089663524,101853.32790655922
2019-01-12 21:00:00,791209.0,795107.4816675137,795108.0,0.0,3899.0,3899.0,True,690985.0,25278.119179978014,104122.48166751374
2019-01-12 21:01:00,721768.0,905000.6761987687,905001.0,0.0,183233.0,183233.0,False,791209.0,27625.53779525784,113791.67619876869
2019-01-12 21:02:00,709311.0,842484.891509299,842485.0,0.0,133174.0,133174.0,False,721768.0,29306.792555642714,120716.89150929904
2019-01-12 21:03:00,701008.0,829007.1323173307,829008.0,0.0,128000.0,128000.0,False,709311.0,29058.9798633653,119696.13231733075
2019-01-12 21:04:00,710666.0,820571.1319402907,820572.0,0.0,109906.0,109906.0,False,701008.0,29026.69097312798,119563.13194029072
2019-01-12 21:05:00,705111.0,830382.2940344955,830383.0,0.0,125272.0,125272.0,False,710666.0,29063.87458236548,119716.29403449551
2019-01-12 21:06:00,655047.0,824744.0233950167,824745.0,0.0,169698.0,169698.0,False,705111.0,29043.65872585467,119633.02339501664
2019-01-12 21:07:00,651637.0,780589.0539830737,780590.0,0.0,128953.0,128953.0,False,655047.0,30478.21135129066,125542.05398307373
2019-01-12 21:08:00,697318.0,776865.2097299426,776866.0,0.0,79548.0,79548.0,False,651637.0,30402.018464725283,125228.20972994265
2019-01-12 21:09:00,738252.0,826377.7500878089,826378.0,0.0,88126.0,88126.0,False,697318.0,31332.21271536095,129059.75008780892
2019-01-12 21:10:00,770881.0,870412.5796414608,870413.0,0.0,99532.0,99532.0,False,738252.0,32085.0101685018,132160.57964146076
2019-01-12 21:11:00,754017.0,901812.6786944927,901813.0,0.0,147796.0,147796.0,False,770881.0,31786.666294053623,130931.67869449273
2019-01-12 21:12:00,719812.0,882627.5173497591,882628.0,0.0,162816.0,162816.0,False,754017.0,31223.15117062911,128610.51734975907
2019-01-12 21:13:00,688805.0,850319.1402154784,850320.0,0.0,161515.0,161515.0,False,719812.0,31683.599846758614,130507.14021547843
2019-01-12 21:14:00,671099.0,821543.3454008788,821544.0,0.0,150445.0,150445.0,False,688805.0,32225.27605047835,132738.34540087884
2019-01-12 21:15:00,695334.0,803719.7444179059,803720.0,0.0,108386.0,108386.0,False,671099.0,32196.725716144552,132620.74441790592
2019-01-12 21:16:00,680740.0,828355.926219821,828356.0,0.0,147616.0,147616.0,False,695334.0,32294.121794678595,133021.92621982103
2019-01-12 21:17:00,681532.0,813413.2093152301,813414.0,0.0,131882.0,131882.0,False,680740.0,32209.462772600433,132673.20931523008
2019-01-12 21:18:00,659178.0,813719.9575079298,813720.0,0.0,154542.0,154542.0,False,681532.0,32091.656773158305,132187.9575079298
2019-01-12 21:19:00,648442.0,791862.1915060441,791863.0,0.0,143421.0,143421.0,False,659178.0,32212.128951160616,132684.19150604412
2019-01-12 21:20:00,695938.0,780305.8954766352,780306.0,0.0,84368.0,84368.0,False,648442.0,32012.98328672596,131863.8954766352
2019-01-12 21:21:00,671206.0,832542.0835712274,832543.0,0.0,161337.0,161337.0,False,695938.0,33163.772603995945,136604.08357122738
2019-01-12 21:22:00,681019.0,807056.9389203398,807057.0,0.0,126038.0,126038.0,False,671206.0,32980.92947597973,135850.9389203398
2019-01-12 21:23:00,689819.0,816987.438995763,816988.0,0.0,127169.0,127169.0,False,681019.0,33009.45531269276,135968.43899576293
2019-01-12 21:24:00,697578.0,825671.5189973852,825672.0,0.0,128094.0,128094.0,False,689819.0,32981.31307590193,135852.5189973852
2019-01-12 21:25:00,697732.0,833099.2184435851,833100.0,0.0,135368.0,135368.0,False,697578.0,32900.88227220581,135521.21844358506
2019-01-12 21:26:00,679266.0,833123.2592003418,833124.0,0.0,153858.0,153858.0,False,697732.0,32869.33168690825,135391.2592003417
2019-01-12 21:27:00,670279.0,813168.4041121758,813169.0,0.0,142890.0,142890.0,False,679266.0,32507.8779858665,133902.4041121758
2019-01-12 21:28:00,661216.0,804357.265259116,804358.0,0.0,143142.0,143142.0,False,670279.0,32550.5723104762,134078.26525911596
2019-01-12 21:29:00,659644.0,794100.1668447803,794101.0,0.0,134457.0,134457.0,False,661216.0,32260.677548588137,132884.16684478035
2019-01-12 21:30:00,719603.0,790508.2168943413,790509.0,0.0,70906.0,70906.0,False,659644.0,31770.28839566882,130864.2168943413
2019-01-12 21:31:00,698439.0,835359.5174779046,835360.0,0.0,136921.0,136921.0,False,719603.0,28102.548054985764,115756.51747790455
2019-01-12 21:32:00,691969.0,803377.7369952719,803378.0,0.0,111409.0,111409.0,False,698439.0,25476.283871463642,104938.73699527183
2019-01-12 21:33:00,711198.0,796623.8710003921,796624.0,0.0,85426.0,85426.0,False,691969.0,25407.368894267605,104654.87100039216
2019-01-12 21:34:00,691277.0,816680.1439853152,816681.0,0.0,125404.0,125404.0,False,711198.0,25608.208374583097,105482.14398531527
2019-01-12 21:35:00,672199.0,797545.7141022801,797546.0,0.0,125347.0,125347.0,False,691277.0,25799.166300687237,106268.71410228005
2019-01-12 21:36:00,681224.0,779288.2193064607,779289.0,0.0,98065.0,98065.0,False,672199.0,25998.362747092535,107089.21930646065
2019-01-12 21:37:00,674182.0,781743.391131346,781744.0,0.0,107562.0,107562.0,False,681224.0,24403.38636021738,100519.391131346
2019-01-12 21:38:00,675090.0,774824.7025933403,774825.0,0.0,99735.0,99735.0,False,674182.0,24433.323044232482,100642.70259334028
2019-01-12 21:39:00,672613.0,769691.8189928331,769692.0,0.0,97079.0,97079.0,False,675090.0,22966.760077613944,94601.81899283317
2019-01-12 21:40:00,684705.0,761682.737879982,761683.0,0.0,76978.0,76978.0,False,672613.0,21623.720577936045,89069.73787998194
2019-01-12 21:41:00,691307.0,770467.5288464713,770468.0,0.0,79161.0,79161.0,False,684705.0,20820.81977531077,85762.52884647128
2019-01-12 21:42:00,661570.0,776658.5339180805,776659.0,0.0,115089.0,115089.0,False,691307.0,20721.04133538266,85351.53391808053
2019-01-12 21:43:00,648163.0,746030.0255602855,746031.0,0.0,97868.0,97868.0,False,661570.0,20504.607245862495,84460.02556028553
2019-01-12 21:44:00,645866.0,730164.3109798171,730165.0,0.0,84299.0,84299.0,False,648163.0,19907.69792138928,82001.31097981712
2019-01-12 21:45:00,683224.0,726915.5576296933,726916.0,0.0,43692.0,43692.0,False,645866.0,19676.637979011055,81049.55762969328
2019-01-12 21:46:00,675724.0,767101.3057528106,767102.0,0.0,91378.0,91378.0,False,683224.0,20363.13865516061,83877.30575281057
2019-01-12 21:47:00,672529.0,759084.9615884589,759085.0,0.0,86556.0,86556.0,False,675724.0,20237.78427332741,83360.96158845881
2019-01-12 21:48:00,648277.0,755916.1374898711,755917.0,0.0,107640.0,107640.0,False,672529.0,20244.13907341427,83387.13748987117
2019-01-12 21:49:00,642136.0,731959.3211639832,731960.0,0.0,89824.0,89824.0,False,648277.0,20315.801676674288,83682.32116398319
2019-01-12 21:50:00,663326.0,725564.7863969047,725565.0,0.0,62239.0,62239.0,False,642136.0,20254.25030029677,83428.78639690469
2019-01-12 21:51:00,632656.0,740262.2001666846,740263.0,0.0,107607.0,107607.0,False,663326.0,18678.0261661289,76936.20016668463
2019-01-12 21:52:00,661495.0,710741.0106813726,710742.0,0.0,49247.0,49247.0,False,632656.0,18956.926252262325,78085.01068137265
2019-01-12 21:53:00,650566.0,742328.205862687,742329.0,0.0,91763.0,91763.0,False,661495.0,19624.113628231105,80833.20586268701
2019-01-12 21:54:00,663599.0,731410.9220005902,731411.0,0.0,67812.0,67812.0,False,650566.0,19626.957989271155,80844.9220005903
2019-01-12 21:55:00,668710.0,744871.3820615094,744872.0,0.0,76162.0,76162.0,False,663599.0,19730.733717543724,81272.3820615094
2019-01-12 21:56:00,643516.0,750109.3107818745,750110.0,0.0,106594.0,106594.0,False,668710.0,19761.54857394519,81399.3107818744
2019-01-12 21:57:00,605963.0,725879.5983201966,725880.0,0.0,119917.0,119917.0,False,643516.0,19995.651477824427,82363.59832019666
2019-01-12 21:58:00,644176.0,692460.1894954488,692461.0,0.0,48285.0,48285.0,False,605963.0,20999.17548816244,86497.18949544882
2019-01-12 21:59:00,641230.0,735464.9197978866,735465.0,0.0,94235.0,94235.0,False,644176.0,22162.47785786696,91288.9197978866
2019-01-12 22:00:00,757674.0,732533.1180612391,732534.0,25140.0,0.0,251400.0,False,641230.0,22165.924811756522,91303.11806123916
2019-01-12 22:01:00,679196.0,875786.791707483,875787.0,0.0,196591.0,196591.0,False,757674.0,28674.58763608402,118112.79170748302
2019-01-12 22:02:00,679445.0,810347.8884919139,810348.0,0.0,130903.0,130903.0,False,679196.0,31840.127270152763,131151.88849191385
2019-01-12 22:03:00,680919.0,810522.0838352796,810523.0,0.0,129604.0,129604.0,False,679445.0,31821.96672503957,131077.0838352795
2019-01-12 22:04:00,679960.0,811145.6703970804,811146.0,0.0,131186.0,131186.0,False,680919.0,31615.509369252602,130226.67039708041
2019-01-12 22:05:00,670362.0,809381.5401538971,809382.0,0.0,139020.0,139020.0,False,679960.0,31420.045547063062,129421.54015389709
2019-01-12 22:06:00,673968.0,799197.3190064378,799198.0,0.0,125230.0,125230.0,False,670362.0,31277.726925820254,128835.31900643777
2019-01-12 22:07:00,703069.0,802649.3872557455,802650.0,0.0,99581.0,99581.0,False,673968.0,31240.35646482789,128681.38725574542
2019-01-12 22:08:00,728319.0,833434.1376549611,833435.0,0.0,105116.0,105116.0,False,703069.0,31649.125470128973,130365.1376549611
2019-01-12 22:09:00,731923.0,859914.9714588438,859915.0,0.0,127992.0,127992.0,False,728319.0,31947.93858989923,131595.97145884376
2019-01-12 22:10:00,757255.0,863484.6748845624,863485.0,0.0,106230.0,106230.0,False,731923.0,31939.612310326687,131561.67488456232
2019-01-12 22:11:00,729269.0,889753.2761515846,889754.0,0.0,160485.0,160485.0,False,757255.0,32166.993737207278,132498.2761515846
2019-01-12 22:12:00,738046.0,863604.9869776157,863605.0,0.0,125559.0,125559.0,False,729269.0,32613.140165286943,134335.98697761577
2019-01-12 22:13:00,703338.0,870358.1995425441,870359.0,0.0,167021.0,167021.0,False,738046.0,32121.81937500805,132312.19954254414
2019-01-12 22:14:00,682512.0,838019.1985262064,838020.0,0.0,155508.0,155508.0,False,703338.0,32696.94818184427,134681.19852620648
2019-01-12 22:15:00,691524.0,818208.023504971,818209.0,0.0,126685.0,126685.0,False,682512.0,32943.32020783901,135696.02350497092
2019-01-12 22:16:00,687145.0,824543.0037732956,824544.0,0.0,137399.0,137399.0,False,691524.0,32293.412303794532,133019.00377329552
2019-01-12 22:17:00,678527.0,820080.8013710508,820081.0,0.0,141554.0,141554.0,False,687145.0,32273.213013436474,132935.80137105074
2019-01-12 22:18:00,678968.0,811605.6944509082,811606.0,0.0,132638.0,132638.0,False,678527.0,32307.90358404893,133078.6944509082
2019-01-12 22:19:00,647809.0,810726.6072391692,810727.0,0.0,162918.0,162918.0,False,678968.0,31987.42215360378,131758.60723916919
2019-01-12 22:20:00,680656.0,781619.4822030277,781620.0,0.0,100964.0,100964.0,False,647809.0,32485.561835334116,133810.48220302767
2019-01-12 22:21:00,662294.0,815772.3987743706,815773.0,0.0,153479.0,153479.0,False,680656.0,32802.60301799556,135116.39877437055
2019-01-12 22:22:00,651879.0,796100.7117302747,796101.0,0.0,144222.0,144222.0,False,662294.0,32484.646466644394,133806.7117302747
2019-01-12 22:23:00,646506.0,784204.4746339541,784205.0,0.0,137699.0,137699.0,False,651879.0,32125.04220774708,132325.47463395415
2019-01-12 22:24:00,694286.0,778643.1967040035,778644.0,0.0,84358.0,84358.0,False,646506.0,32079.333424436943,132137.19670400344
2019-01-12 22:25:00,698717.0,830806.5589957336,830807.0,0.0,132090.0,132090.0,False,694286.0,33143.49509869666,136520.55899573365
2019-01-12 22:26:00,735231.0,835226.9682061225,835227.0,0.0,99996.0,99996.0,False,698717.0,33140.9239417504,136509.9682061225
2019-01-12 22:27:00,730650.0,872666.1950220376,872667.0,0.0,142017.0,142017.0,False,735231.0,33365.54395989305,137435.19502203763
2019-01-12 22:28:00,678991.0,864695.5929379679,864696.0,0.0,185705.0,185705.0,False,730650.0,32542.64035558383,134045.59293796786
2019-01-12 22:29:00,660918.0,816547.8696939492,816548.0,0.0,155630.0,155630.0,False,678991.0,33395.08327559614,137556.8696939492
2019-01-12 22:30:00,750446.0,799183.170424149,799184.0,0.0,48738.0,48738.0,False,660918.0,33567.03951392735,138265.17042414902
2019-01-12 22:31:00,716578.0,876890.2600446654,876891.0,0.0,160313.0,160313.0,False,750446.0,30697.24255362637,126444.26004466541
2019-01-12 22:32:00,705676.0,831156.9964076759,831157.0,0.0,125481.0,125481.0,False,716578.0,27816.677823375052,114578.99640767594
2019-01-12 22:33:00,685114.0,820605.9906702853,820606.0,0.0,135492.0,135492.0,False,705676.0,27901.88972631508,114929.99067028526
2019-01-12 22:34:00,679226.0,801128.7826549659,801129.0,0.0,121903.0,121903.0,False,685114.0,28165.24784681977,116014.78265496583
2019-01-12 22:35:00,693936.0,795324.3995729507,795325.0,0.0,101389.0,101389.0,False,679226.0,28185.5477703755,116098.39957295069
2019-01-12 22:36:00,660433.0,810291.703298404,810292.0,0.0,149859.0,149859.0,False,693936.0,28248.01414779273,116355.703298404
2019-01-12 22:37:00,659229.0,779483.9614047969,779484.0,0.0,120255.0,120255.0,False,660433.0,28902.34983537037,119050.96140479695
2019-01-12 22:38:00,652232.0,776114.4913293754,776115.0,0.0,123883.0,123883.0,False,659229.0,28376.632336415874,116885.49132937547
2019-01-12 22:39:00,654857.0,767368.5331135413,767369.0,0.0,112512.0,112512.0,False,652232.0,27952.03263889971,115136.53311354126
2019-01-12 22:40:00,714798.0,769966.2774821388,769967.0,0.0,55169.0,55169.0,False,654857.0,27945.415709607565,115109.27748213882
2019-01-12 22:41:00,678383.0,837261.1162187669,837262.0,0.0,158879.0,158879.0,False,714798.0,29730.728631829454,122463.11621876691
2019-01-12 22:42:00,663426.0,802033.2663027605,802034.0,0.0,138608.0,138608.0,False,678383.0,30018.936527253376,123650.26630276047
2019-01-12 22:43:00,658147.0,787184.5831533843,787185.0,0.0,129038.0,129038.0,False,663426.0,30045.232925643235,123758.58315338432
2019-01-12 22:44:00,662136.0,779461.1371293911,779462.0,0.0,117326.0,117326.0,False,658147.0,29451.7876203264,121314.13712939109
2019-01-12 22:45:00,690097.0,782599.6725979398,782600.0,0.0,92503.0,92503.0,False,662136.0,29245.317860481275,120463.6725979398
2019-01-12 22:46:00,697557.0,812226.0986523919,812227.0,0.0,114670.0,114670.0,False,690097.0,29649.63821104987,122129.09865239193
2019-01-12 22:47:00,710281.0,819762.3219414176,819763.0,0.0,109482.0,109482.0,False,697557.0,29668.143161694763,122205.3219414176
2019-01-12 22:48:00,684837.0,832619.6112440414,832620.0,0.0,147783.0,147783.0,False,710281.0,29700.502195240453,122338.61124404136
2019-01-12 22:49:00,697536.0,808736.6641388633,808737.0,0.0,111201.0,111201.0,False,684837.0,30079.48356880745,123899.6641388633
2019-01-12 22:50:00,670769.0,819385.3822340652,819386.0,0.0,148617.0,148617.0,False,697536.0,29581.730638681038,121849.38223406521
2019-01-12 22:51:00,625999.0,791959.1688852723,791960.0,0.0,165961.0,165961.0,False,670769.0,29421.69148739544,121190.16888527233
2019-01-12 22:52:00,625099.0,750926.8215497703,750927.0,0.0,125828.0,125828.0,False,625999.0,30329.092348318452,124927.8215497703
2019-01-12 22:53:00,618947.0,749828.2483304958,749829.0,0.0,130882.0,130882.0,False,625099.0,30280.884147530458,124729.24833049584
2019-01-12 22:54:00,637997.0,743693.4026001235,743694.0,0.0,105697.0,105697.0,False,618947.0,30285.04873970259,124746.40260012359
2019-01-12 22:55:00,670915.0,758123.4444673016,758124.0,0.0,87209.0,87209.0,False,637997.0,29163.448001632398,120126.44446730158
2019-01-12 22:56:00,640367.0,793704.4773535667,793705.0,0.0,153338.0,153338.0,False,670915.0,29809.960278339047,122789.4773535667
2019-01-12 22:57:00,638117.0,761593.6444397771,761594.0,0.0,123477.0,123477.0,False,640367.0,29430.54676436504,121226.64443977711
2019-01-12 22:58:00,603324.0,759340.4665918068,759341.0,0.0,156017.0,156017.0,False,638117.0,29429.775268925816,121223.4665918069
2019-01-12 22:59:00,615495.0,721323.8619277943,721324.0,0.0,105829.0,105829.0,False,603324.0,28647.17134342345,117999.86192779426
2019-01-12 23:00:00,733233.0,733359.5646405452,733360.0,0.0,127.0,127.0,False,615495.0,28614.324825581778,117864.56464054513
2019-01-12 23:01:00,685712.0,864504.3889581328,864505.0,0.0,178793.0,178793.0,False,733233.0,31869.138747585566,131271.38895813277
2019-01-12 23:02:00,671046.0,819309.3600382954,819310.0,0.0,148264.0,148264.0,False,685712.0,32433.821544536975,133597.36003829542
2019-01-12 23:03:00,679353.0,804829.5392329333,804830.0,0.0,125477.0,125477.0,False,671046.0,32479.020811741517,133783.53923293334
2019-01-12 23:04:00,640617.0,812469.2222904414,812470.0,0.0,171853.0,171853.0,False,679353.0,32317.014327330253,133116.2222904414
2019-01-12 23:05:00,665119.0,776710.5513395073,776711.0,0.0,111592.0,111592.0,False,640617.0,33039.82920203356,136093.5513395074
2019-01-12 23:06:00,700875.0,802053.4948146404,802054.0,0.0,101179.0,101179.0,False,665119.0,33243.98750721029,136934.49481464032
2019-01-12 23:07:00,717459.0,838076.0483054944,838077.0,0.0,120618.0,120618.0,False,700875.0,33308.699477206974,137201.0483054944
2019-01-12 23:08:00,721501.0,855102.6141485403,855103.0,0.0,133602.0,133602.0,False,717459.0,33416.14248035423,137643.61414854034
2019-01-12 23:09:00,736328.0,858981.1163497969,858982.0,0.0,122654.0,122654.0,False,721501.0,33376.44964191902,137480.11634979685
2019-01-12 23:10:00,747804.0,874119.6647513588,874120.0,0.0,126316.0,126316.0,False,736328.0,33452.08515788917,137791.6647513588
2019-01-12 23:11:00,662692.0,878699.4073788481,878700.0,0.0,216008.0,216008.0,False,747804.0,31777.860600749,130895.40737884807
2019-01-12 23:12:00,672222.0,805857.9329823684,805858.0,0.0,133636.0,133636.0,False,662692.0,34756.811963022694,143165.93298236837
2019-01-12 23:13:00,637289.0,815136.3434539731,815137.0,0.0,177848.0,177848.0,False,672222.0,34695.73283792538,142914.343453973
2019-01-12 23:14:00,644037.0,782520.4219368102,782521.0,0.0,138484.0,138484.0,False,637289.0,35258.25675303484,145231.42193681025
2019-01-12 23:15:00,646305.0,789333.0631160946,789334.0,0.0,143029.0,143029.0,False,644037.0,35273.94988104827,145296.0631160946
2019-01-12 23:16:00,622041.0,789977.2417521746,789978.0,0.0,167937.0,167937.0,False,646305.0,34879.730022792886,143672.24175217454
2019-01-12 23:17:00,627165.0,766511.9445230513,766512.0,0.0,139347.0,139347.0,False,622041.0,35073.633428745794,144470.94452305124
2019-01-12 23:18:00,625591.0,771291.3702659716,771292.0,0.0,145701.0,145701.0,False,627165.0,34989.980129311145,144126.3702659716
2019-01-12 23:19:00,634341.0,768670.462713511,768671.0,0.0,134330.0,134330.0,False,625591.0,34735.81932313651,143079.46271351096
2019-01-12 23:20:00,638871.0,777221.066059913,777222.0,0.0,138351.0,138351.0,False,634341.0,34687.41121479127,142880.06605991308
2019-01-12 23:21:00,607852.0,780565.0975018268,780566.0,0.0,172714.0,172714.0,False,638871.0,34399.49016186495,141694.09750182682
2019-01-12 23:22:00,616937.0,747497.1895633056,747498.0,0.0,130561.0,130561.0,False,607852.0,33902.07079354708,139645.18956330552
2019-01-12 23:23:00,616686.0,756765.2979209707,756766.0,0.0,140080.0,140080.0,False,616937.0,33946.524544685,139828.2979209707
2019-01-12 23:24:00,613361.0,756442.013308156,756443.0,0.0,143082.0,143082.0,False,616686.0,33928.97579797492,139756.01330815602
2019-01-12 23:25:00,609458.0,752362.465565787,752363.0,0.0,142905.0,142905.0,False,613361.0,33745.79203733913,139001.46556578705
2019-01-12 23:26:00,617303.0,746050.1822608302,746051.0,0.0,128748.0,128748.0,False,609458.0,33160.88328808837,136592.1822608302
2019-01-12 23:27:00,599956.0,752305.359572003,752306.0,0.0,152350.0,152350.0,False,617303.0,32774.9173875489,135002.359572003
2019-01-12 23:28:00,609875.0,735512.3943310198,735513.0,0.0,125638.0,125638.0,False,599956.0,32909.42202520245,135556.39433101984
2019-01-12 23:29:00,615107.0,743191.1066201229,743192.0,0.0,128085.0,128085.0,False,609875.0,32365.54083022358,133316.1066201229
2019-01-12 23:30:00,697804.0,748169.7440822592,748170.0,0.0,50366.0,50366.0,False,615107.0,32304.0312664359,133062.74408225922
2019-01-12 23:31:00,628889.0,814893.1073712676,814894.0,0.0,186005.0,186005.0,False,697804.0,28426.06479798879,117089.10737126764
2019-01-12 23:32:00,631100.0,751695.6715760656,751696.0,0.0,120596.0,120596.0,False,628889.0,29814.13456998648,122806.67157606562
2019-01-12 23:33:00,639881.0,753547.4776044342,753548.0,0.0,113667.0,113667.0,False,631100.0,29726.931999722914,122447.47760443421
2019-01-12 23:34:00,623448.0,762350.0789820107,762351.0,0.0,138903.0,138903.0,False,639881.0,29732.17622928876,122469.0789820107
2019-01-12 23:35:00,623999.0,743141.803785577,743142.0,0.0,119143.0,119143.0,False,623448.0,29058.41455890613,119693.80378557697
2019-01-12 23:36:00,616474.0,742155.3668197304,742156.0,0.0,125682.0,125682.0,False,623999.0,28685.166493435754,118156.36681973036
2019-01-12 23:37:00,592615.0,731223.6080591322,731224.0,0.0,138609.0,138609.0,False,616474.0,27858.097712624112,114749.60805913225
2019-01-12 23:38:00,607761.0,707394.5201155307,707395.0,0.0,99634.0,99634.0,False,592615.0,27865.35954997614,114779.52011553073
2019-01-12 23:39:00,593462.0,723280.6160883995,723281.0,0.0,129819.0,129819.0,False,607761.0,28045.034812294012,115519.6160883995
2019-01-12 23:40:00,649492.0,708332.3020263974,708333.0,0.0,58841.0,58841.0,False,593462.0,27887.39893979402,114870.30202639748
2019-01-12 23:41:00,598444.0,772369.056495681,772370.0,0.0,173926.0,173926.0,False,649492.0,29831.222122626583,122877.05649568104
2019-01-12 23:42:00,587116.0,710604.647764087,710605.0,0.0,123489.0,123489.0,False,598444.0,27229.568255370446,112160.64776408691
2019-01-12 23:43:00,598316.0,699109.270899541,699110.0,0.0,100794.0,100794.0,False,587116.0,27188.933684793512,111993.27089954095
2019-01-12 23:44:00,626882.0,708002.7696791802,708003.0,0.0,81121.0,81121.0,False,598316.0,26628.9776426083,109686.76967918022
2019-01-12 23:45:00,631070.0,738640.7862662981,738641.0,0.0,107571.0,107571.0,False,626882.0,27132.007165082687,111758.7862662981
2019-01-12 23:46:00,622787.0,742865.3894089371,742866.0,0.0,120079.0,120079.0,False,631070.0,27140.893416996514,111795.38940893712
2019-01-12 23:47:00,616871.0,733278.6638298855,733279.0,0.0,116408.0,116408.0,False,622787.0,26824.384147936966,110491.66382988555
2019-01-12 23:48:00,618972.0,727376.0481235699,727377.0,0.0,108405.0,108405.0,False,616871.0,26827.633492031287,110505.0481235699
2019-01-12 23:49:00,623293.0,729487.3054737874,729488.0,0.0,106195.0,106195.0,False,618972.0,26830.123698921434,110515.30547378735
2019-01-12 23:50:00,634622.0,733653.3940253532,733654.0,0.0,99032.0,99032.0,False,623293.0,26792.515393845068,110360.39402535325
2019-01-12 23:51:00,625776.0,745267.1937300983,745268.0,0.0,119492.0,119492.0,False,634622.0,26861.657050513953,110645.19373009828
2019-01-12 23:52:00,600714.0,734112.1879669599,734113.0,0.0,133399.0,133399.0,False,625776.0,26301.092973158895,108336.18796695987
2019-01-12 23:53:00,602961.0,710469.9792065294,710470.0,0.0,107509.0,107509.0,False,600714.0,26645.779841832777,109755.97920652948
2019-01-12 23:54:00,606194.0,712736.2484585033,712737.0,0.0,106543.0,106543.0,False,602961.0,26650.457894450265,109775.24845850332
2019-01-12 23:55:00,622042.0,715979.4583117598,715980.0,0.0,93938.0,93938.0,False,606194.0,26652.936570364374,109785.45831175976
2019-01-12 23:56:00,627210.0,732424.3349278104,732425.0,0.0,105215.0,105215.0,False,622042.0,26797.842050858464,110382.33492781033
2019-01-12 23:57:00,608978.0,737508.2012361303,737509.0,0.0,128531.0,128531.0,False,627210.0,26777.416668642458,110298.20123613035
2019-01-12 23:58:00,596954.0,719358.3289181301,719359.0,0.0,122405.0,122405.0,False,608978.0,26797.355046025685,110380.32891813011
2019-01-12 23:59:00,596724.0,707445.299726983,707446.0,0.0,110722.0,110722.0,False,596954.0,26824.295753611186,110491.29972698296
2019-01-13 00:00:00,762610.0,707130.7586296889,707131.0,55479.0,0.0,554790.0,False,596724.0,26803.77146434356,110406.75862968883
2019-01-13 00:01:00,704794.0,916922.2214838323,916923.0,0.0,212129.0,212129.0,False,762610.0,37462.828998365156,154312.22148383237
2019-01-13 00:02:00,714897.0,856409.6681653988,856410.0,0.0,141513.0,141513.0,False,704794.0,36808.17886837505,151615.66816539873
2019-01-13 00:03:00,706977.0,866615.5309801527,866616.0,0.0,159639.0,159639.0,False,714897.0,36833.15117453694,151718.53098015266
2019-01-13 00:04:00,688870.0,858825.2411664455,858826.0,0.0,169956.0,169956.0,False,706977.0,36864.641295550755,151848.2411664455
2019-01-13 00:05:00,690015.0,840839.6384183647,840840.0,0.0,150825.0,150825.0,False,688870.0,36894.113261191495,151969.63841836466
2019-01-13 00:06:00,732496.0,841981.6703798433,841982.0,0.0,109486.0,109486.0,False,690015.0,36893.39270180538,151966.6703798434
2019-01-13 00:07:00,795773.0,887127.377370595,887128.0,0.0,91355.0,91355.0,True,732496.0,37540.311405750894,154631.37737059497
2019-01-13 00:08:00,773262.0,954924.1622730268,954925.0,0.0,181663.0,181663.0,False,795773.0,38637.592795915676,159151.16227302677
2019-01-13 00:09:00,775581.0,933722.7778275847,933723.0,0.0,158142.0,158142.0,False,773262.0,38955.53199154277,160460.7778275846
2019-01-13 00:10:00,705599.0,935350.0972108019,935351.0,0.0,229752.0,229752.0,False,775581.0,38787.610666719316,159769.09721080188
2019-01-13 00:11:00,656762.0,870178.4926027069,870179.0,0.0,213417.0,213417.0,False,705599.0,39955.44441474388,164579.49260270686
2019-01-13 00:12:00,640359.0,820947.0741211553,820948.0,0.0,180589.0,180589.0,False,656762.0,39859.6902872608,164185.0741211553
2019-01-13 00:13:00,638837.0,804818.7395645474,804819.0,0.0,165982.0,165982.0,False,640359.0,39926.371619682905,164459.7395645474
2019-01-13 00:14:00,645006.0,803153.341705377,803154.0,0.0,158148.0,158148.0,False,638837.0,39891.5585023214,164316.34170537704
2019-01-13 00:15:00,658128.0,808053.9659476602,808054.0,0.0,149926.0,149926.0,False,645006.0,39583.6312126997,163047.96594766012
2019-01-13 00:16:00,652154.0,821420.6570914557,821421.0,0.0,169267.0,169267.0,False,658128.0,39643.03559680668,163292.65709145568
2019-01-13 00:17:00,657426.0,815382.1159569733,815383.0,0.0,157957.0,157957.0,False,652154.0,39627.3667569622,163228.11595697323
2019-01-13 00:18:00,663215.0,820596.4485385616,820597.0,0.0,157382.0,157382.0,False,657426.0,39613.36666925716,163170.44853856156
2019-01-13 00:19:00,655440.0,826417.8076686144,826418.0,0.0,170978.0,170978.0,False,663215.0,39621.22258983201,163202.80766861443
2019-01-13 00:20:00,673090.0,818768.5178798775,818769.0,0.0,145679.0,145679.0,False,655440.0,39651.74162521761,163328.51787987747
2019-01-13 00:21:00,647584.0,836709.6415253005,836710.0,0.0,189126.0,189126.0,False,673090.0,39722.41856344705,163619.6415253004
2019-01-13 00:22:00,626276.0,812247.2634371519,812248.0,0.0,185972.0,185972.0,False,647584.0,39975.781705048474,164663.26343715188
2019-01-13 00:23:00,635502.0,790629.853981605,790630.0,0.0,155128.0,155128.0,False,626276.0,39900.66546725363,164353.853981605
2019-01-13 00:24:00,647512.0,799970.3228051639,799971.0,0.0,152459.0,152459.0,False,635502.0,39928.45539809253,164468.32280516392
2019-01-13 00:25:00,630537.0,812173.0857838736,812174.0,0.0,181637.0,181637.0,False,647512.0,39975.25302979776,164661.0857838736
2019-01-13 00:26:00,620960.0,795355.1339919072,795356.0,0.0,174396.0,174396.0,False,630537.0,40013.380082246935,164818.13399190723
2019-01-13 00:27:00,615458.0,785891.5274844894,785892.0,0.0,170434.0,170434.0,False,620960.0,40040.90895184186,164931.52748448937
2019-01-13 00:28:00,615722.0,779870.5266790792,779871.0,0.0,164149.0,164149.0,False,615458.0,39914.90960949469,164412.5266790792
2019-01-13 00:29:00,625878.0,779867.9805201987,779868.0,0.0,153990.0,153990.0,False,615722.0,39850.199419502664,164145.98052019873
2019-01-13 00:30:00,716021.0,790172.9308011134,790173.0,0.0,74152.0,74152.0,False,625878.0,39886.360514518376,164294.93080111334
2019-01-13 00:31:00,650813.0,842513.5744307361,842514.0,0.0,191701.0,191701.0,False,716021.0,30708.97197833509,126492.57443073617
2019-01-13 00:32:00,659764.0,779267.9438220033,779268.0,0.0,119504.0,119504.0,False,650813.0,31185.38213062085,128454.9438220033
2019-01-13 00:33:00,639213.0,788161.3861248937,788162.0,0.0,148949.0,148949.0,False,659764.0,31171.40868027696,128397.38612489363
2019-01-13 00:34:00,643058.0,768286.659234249,768287.0,0.0,125229.0,125229.0,False,639213.0,31335.5894794927,129073.65923424897
2019-01-13 00:35:00,645674.0,771626.8400391067,771627.0,0.0,125953.0,125953.0,False,643058.0,31213.03304811704,128568.84003910665
2019-01-13 00:36:00,632499.0,774264.7290757227,774265.0,0.0,141766.0,141766.0,False,645674.0,31218.34711350864,128590.72907572276
2019-01-13 00:37:00,610466.0,756843.9799782969,756844.0,0.0,146378.0,146378.0,False,632499.0,30187.594196614817,124344.97997829696
2019-01-13 00:38:00,626408.0,724540.076559964,724541.0,0.0,98133.0,98133.0,False,610466.0,27694.096956280904,114074.07655996401
2019-01-13 00:39:00,607638.0,740910.5085605371,740911.0,0.0,133273.0,133273.0,False,626408.0,27798.108645183846,114502.50856053713
2019-01-13 00:40:00,631218.0,722450.3827981314,722451.0,0.0,91233.0,91233.0,False,607638.0,27873.337719474697,114812.38279813142
2019-01-13 00:41:00,605321.0,736830.2411089059,736831.0,0.0,131510.0,131510.0,False,631218.0,25639.792433495542,105612.24110890592
2019-01-13 00:42:00,604872.0,706507.7830873133,706508.0,0.0,101636.0,101636.0,False,605321.0,24565.41105586928,101186.78308731328
2019-01-13 00:43:00,602343.0,705434.6939980926,705435.0,0.0,103092.0,103092.0,False,604872.0,24413.89912373322,100562.69399809251
2019-01-13 00:44:00,598522.0,702910.3707503938,702911.0,0.0,104389.0,104389.0,False,602343.0,24415.03451255757,100567.37075039386
2019-01-13 00:45:00,630849.0,698945.6159949107,698946.0,0.0,68097.0,68097.0,False,598522.0,24380.134750435165,100423.61599491075
2019-01-13 00:46:00,630230.0,733830.8244191938,733831.0,0.0,103601.0,103601.0,False,630849.0,25001.19848614929,102981.82441919383
2019-01-13 00:47:00,611907.0,733138.969251988,733139.0,0.0,121232.0,121232.0,False,630230.0,24983.511224282174,102908.96925198796
2019-01-13 00:48:00,603617.0,715514.0166536858,715515.0,0.0,111898.0,111898.0,False,611907.0,25152.97823208688,103607.01665368587
2019-01-13 00:49:00,602502.0,707185.4715408289,707186.0,0.0,104684.0,104684.0,False,603617.0,25143.620522387704,103568.47154082898
2019-01-13 00:50:00,623397.0,705976.9842253594,705977.0,0.0,82580.0,82580.0,False,602502.0,25120.924333587645,103474.9842253594
2019-01-13 00:51:00,596512.0,727243.4737913148,727244.0,0.0,130732.0,130732.0,False,623397.0,25211.111941220017,103846.47379131477
2019-01-13 00:52:00,606395.0,700542.4312328384,700543.0,0.0,94148.0,94148.0,False,596512.0,25255.77182692777,104030.43123283843
2019-01-13 00:53:00,594052.0,709654.4338814705,709655.0,0.0,115603.0,115603.0,False,606395.0,25068.594546640124,103259.43388147051
2019-01-13 00:54:00,596465.0,697374.772216188,697375.0,0.0,100910.0,100910.0,False,594052.0,25083.971379270413,103322.77221618807
2019-01-13 00:55:00,613178.0,699326.9323786113,699327.0,0.0,86149.0,86149.0,False,596465.0,24972.09194506383,102861.93237861131
2019-01-13 00:56:00,593663.0,716226.6730719369,716227.0,0.0,122564.0,122564.0,False,613178.0,25017.427528945813,103048.67307193698
2019-01-13 00:57:00,606809.0,697461.7241022373,697462.0,0.0,90653.0,90653.0,False,593663.0,25199.51960965071,103798.72410223723
2019-01-13 00:58:00,593128.0,711055.9656654436,711056.0,0.0,117928.0,117928.0,False,606809.0,25308.340523969026,104246.96566544363
2019-01-13 00:59:00,582378.0,697842.0513870425,697843.0,0.0,115465.0,115465.0,False,593128.0,25421.73628969372,104714.05138704253
2019-01-13 01:00:00,685387.0,687001.165848917,687002.0,0.0,1615.0,1615.0,False,582378.0,25399.671741983362,104623.16584891701
2019-01-13 01:01:00,624658.0,796605.0567846636,796606.0,0.0,171948.0,171948.0,False,685387.0,27000.732688504875,111218.05678466357
2019-01-13 01:02:00,618457.0,734454.3349303971,734455.0,0.0,115998.0,115998.0,False,624658.0,26655.577118858673,109796.3349303971
2019-01-13 01:03:00,632179.0,728058.0913989496,728059.0,0.0,95880.0,95880.0,False,618457.0,26608.177276115683,109601.09139894959
2019-01-13 01:04:00,618712.0,741317.7358604126,741318.0,0.0,122606.0,122606.0,False,632179.0,26495.929870757234,109138.7358604126
2019-01-13 01:05:00,628398.0,728234.7418419649,728235.0,0.0,99837.0,99837.0,False,618712.0,26589.156125184203,109522.74184196489
2019-01-13 01:06:00,623492.0,738170.3467808682,738171.0,0.0,114679.0,114679.0,False,628398.0,26649.753445690425,109772.34678086822
2019-01-13 01:07:00,639352.0,732897.2443609524,732898.0,0.0,93546.0,93546.0,False,623492.0,26560.630918323837,109405.2443609524
2019-01-13 01:08:00,629820.0,748085.6874560321,748086.0,0.0,118266.0,118266.0,False,639352.0,26397.595085842262,108733.68745603219
2019-01-13 01:09:00,630155.0,738199.7774879781,738200.0,0.0,108045.0,108045.0,False,629820.0,26311.67532857005,108379.7774879781
2019-01-13 01:10:00,657495.0,737568.4394789516,737569.0,0.0,80074.0,80074.0,False,630155.0,26077.0746259253,107413.43947895164
2019-01-13 01:11:00,652311.0,765395.2773431521,765396.0,0.0,113085.0,113085.0,False,657495.0,26195.265677036452,107900.27734315209
2019-01-13 01:12:00,638473.0,758375.9055710929,758376.0,0.0,119903.0,119903.0,False,652311.0,25749.687107925616,106064.9055710929
2019-01-13 01:13:00,634612.0,745142.0732998148,745143.0,0.0,110531.0,110531.0,False,638473.0,25896.36267315174,106669.0732998148
2019-01-13 01:14:00,628107.0,741311.3861155013,741312.0,0.0,113205.0,113205.0,False,634612.0,25903.721804007375,106699.38611550133
2019-01-13 01:15:00,654785.0,734894.4674350844,734895.0,0.0,80110.0,80110.0,False,628107.0,25925.105563386634,106787.46743508436
2019-01-13 01:16:00,651149.0,760713.0466524955,760714.0,0.0,109565.0,109565.0,False,654785.0,25716.46146827754,105928.04665249548
2019-01-13 01:17:00,653240.0,757123.3484796709,757124.0,0.0,103884.0,103884.0,False,651149.0,25727.70229818139,105974.34847967091
2019-01-13 01:18:00,658463.0,758212.3840061836,758213.0,0.0,99750.0,99750.0,False,653240.0,25484.452454638533,104972.38400618358
2019-01-13 01:19:00,644218.0,763206.7867098385,763207.0,0.0,118989.0,118989.0,False,658463.0,25428.955220912547,104743.78670983849
2019-01-13 01:20:00,653903.0,749618.297564066,749619.0,0.0,95716.0,95716.0,False,644218.0,25588.338279694275,105400.29756406603
2019-01-13 01:21:00,619759.0,758452.5607862666,758453.0,0.0,138694.0,138694.0,False,653903.0,25381.802425807546,104549.56078626656
2019-01-13 01:22:00,635396.0,725534.7759655656,725535.0,0.0,90139.0,90139.0,False,619759.0,25679.49426858936,105775.77596556554
2019-01-13 01:23:00,618691.0,741536.9211367748,741537.0,0.0,122846.0,122846.0,False,635396.0,25768.14162896726,106140.92113677482
2019-01-13 01:24:00,578910.0,725189.6696377638,725190.0,0.0,146280.0,146280.0,False,618691.0,25854.99327809847,106498.6696377638
2019-01-13 01:25:00,594066.0,689541.4699638062,689542.0,0.0,95476.0,95476.0,False,578910.0,26858.32529166253,110631.46996380627
2019-01-13 01:26:00,600920.0,704565.6959231797,704566.0,0.0,103646.0,103646.0,False,594066.0,26826.33412270038,110499.69592317977
2019-01-13 01:27:00,578136.0,710588.863049893,710589.0,0.0,132453.0,132453.0,False,600920.0,26624.630397882822,109668.86304989304
2019-01-13 01:28:00,595878.0,688628.5464673833,688629.0,0.0,92751.0,92751.0,False,578136.0,26824.598428421858,110492.54646738326
2019-01-13 01:29:00,576898.0,706765.914601347,706766.0,0.0,129868.0,129868.0,False,595878.0,26920.583105796464,110887.91460134696
2019-01-13 01:30:00,661329.0,688406.2325892791,688407.0,0.0,27078.0,27078.0,False,576898.0,27071.17951665135,111508.23258927904
2019-01-13 01:31:00,606852.0,763575.3476059529,763576.0,0.0,156724.0,156724.0,False,661329.0,24822.644630714087,102246.34760595286
2019-01-13 01:32:00,606977.0,707111.141650173,707112.0,0.0,100135.0,100135.0,False,606852.0,24340.204833074895,100259.14165017298
2019-01-13 01:33:00,605835.0,707145.1076098323,707146.0,0.0,101311.0,101311.0,False,606977.0,24318.10423304776,100168.10760983232
2019-01-13 01:34:00,594342.0,705420.6286657805,705421.0,0.0,111079.0,111079.0,False,605835.0,24176.694117463052,99585.62866578049
2019-01-13 01:35:00,614620.0,693797.1104589326,693798.0,0.0,79178.0,79178.0,False,594342.0,24145.007830937608,99455.11045893263
2019-01-13 01:36:00,607178.0,715011.3985741494,715012.0,0.0,107834.0,107834.0,False,614620.0,24372.313233039167,100391.3985741494
2019-01-13 01:37:00,604113.0,707650.4065469092,707651.0,0.0,103538.0,103538.0,False,607178.0,24391.979775337793,100472.40654690926
2019-01-13 01:38:00,584654.0,703809.3596072792,703810.0,0.0,119156.0,119156.0,False,604113.0,24203.576591749956,99696.3596072792
2019-01-13 01:39:00,579568.0,685088.4624845864,685089.0,0.0,105521.0,105521.0,False,584654.0,24382.76798443339,100434.46248458645
2019-01-13 01:40:00,601653.0,680026.2585179391,680027.0,0.0,78374.0,78374.0,False,579568.0,24388.545016996064,100458.25851793912
2019-01-13 01:41:00,567176.0,701324.5920031777,701325.0,0.0,134149.0,134149.0,False,601653.0,24197.563688117116,99671.59200317775
2019-01-13 01:42:00,571170.0,669712.0204139374,669713.0,0.0,98543.0,98543.0,False,567176.0,24892.969344898436,102536.02041393744
2019-01-13 01:43:00,572672.0,673471.5300504001,673472.0,0.0,100800.0,100800.0,False,571170.0,24836.04143402726,102301.53005040006
2019-01-13 01:44:00,560298.0,675002.4199962484,675003.0,0.0,114705.0,114705.0,False,572672.0,24843.055130613848,102330.41999624846
2019-01-13 01:45:00,610744.0,662864.1913033342,662865.0,0.0,52121.0,52121.0,False,560298.0,24900.294019893914,102566.1913033342
2019-01-13 01:46:00,585700.0,718478.2015361831,718479.0,0.0,132779.0,132779.0,False,610744.0,26154.946968009936,107734.20153618317
2019-01-13 01:47:00,578744.0,694831.6308463548,694832.0,0.0,116088.0,116088.0,False,585700.0,26494.204965729496,109131.63084635479
2019-01-13 01:48:00,580815.0,687880.3231339449,687881.0,0.0,107066.0,107066.0,False,578744.0,26495.34412610129,109136.32313394485
2019-01-13 01:49:00,558552.0,689850.2869964264,689851.0,0.0,131299.0,131299.0,False,580815.0,26470.815287710448,109035.28699642641
2019-01-13 01:50:00,596514.0,668231.3474516599,668232.0,0.0,71718.0,71718.0,False,558552.0,26627.17572674118,109679.34745165985
2019-01-13 01:51:00,570470.0,709950.3474559517,709951.0,0.0,139481.0,139481.0,False,596514.0,27539.273597889973,113436.34745595175
2019-01-13 01:52:00,581234.0,682757.0056907276,682758.0,0.0,101524.0,101524.0,False,570470.0,27260.24453851128,112287.00569072763
2019-01-13 01:53:00,569687.0,693154.094952815,693155.0,0.0,123468.0,123468.0,False,581234.0,27171.168546344794,111920.09495281495
2019-01-13 01:54:00,571309.0,681283.2538985531,681284.0,0.0,109975.0,109975.0,False,569687.0,27092.548707152502,111596.25389855304
2019-01-13 01:55:00,592011.0,679032.6278883722,679033.0,0.0,87022.0,87022.0,False,571309.0,26152.379972628598,107723.62788837217
2019-01-13 01:56:00,583745.0,700260.0716289339,700261.0,0.0,116516.0,116516.0,False,592011.0,26279.943485172473,108249.0716289339
2019-01-13 01:57:00,563935.0,692024.5203579853,692025.0,0.0,128090.0,128090.0,False,583745.0,26287.3356121129,108279.52035798525
2019-01-13 01:58:00,576528.0,671891.3414481801,671892.0,0.0,95364.0,95364.0,False,563935.0,26208.876523665538,107956.34144818009
2019-01-13 01:59:00,584116.0,684059.2856517319,684060.0,0.0,99944.0,99944.0,False,576528.0,26105.684485705195,107531.28565173184
2019-01-13 02:00:00,674300.0,690876.8547162764,690877.0,0.0,16577.0,16577.0,False,584116.0,25918.644715864,106760.85471627636
2019-01-13 02:01:00,623178.0,783679.2893232626,783680.0,0.0,160502.0,160502.0,False,674300.0,26554.329737968408,109379.28932326268
2019-01-13 02:02:00,609006.0,731628.9424614868,731629.0,0.0,122623.0,122623.0,False,623178.0,26328.952257173594,108450.94246148683
2019-01-13 02:03:00,622443.0,718002.0337028853,718003.0,0.0,95560.0,95560.0,False,609006.0,26461.285650916852,108996.03370288528
2019-01-13 02:04:00,606621.0,731879.6893061626,731880.0,0.0,125259.0,125259.0,False,622443.0,26568.264899572663,109436.6893061626
2019-01-13 02:05:00,616410.0,716373.5486767162,716374.0,0.0,99964.0,99964.0,False,606621.0,26644.94700208402,109752.54867671613
2019-01-13 02:06:00,605972.0,725359.7218043003,725360.0,0.0,119388.0,119388.0,False,616410.0,26450.042375947487,108949.72180430037
2019-01-13 02:07:00,711288.0,715060.8217241844,715061.0,0.0,3773.0,3773.0,False,605972.0,26483.812070027416,109088.82172418444
2019-01-13 02:08:00,709972.0,845270.9179741226,845271.0,0.0,135299.0,135299.0,False,711288.0,32527.424571438954,133982.91797412257
2019-01-13 02:09:00,682465.0,842858.1589919154,842859.0,0.0,160394.0,160394.0,False,709972.0,32261.161187970294,132886.15899191535
2019-01-13 02:10:00,666323.0,817255.5255226931,817256.0,0.0,150933.0,150933.0,False,682465.0,32723.489816297428,134790.525522693
2019-01-13 02:11:00,635048.0,801084.8573280333,801085.0,0.0,166037.0,166037.0,False,666323.0,32716.52995489502,134761.85732803337
2019-01-13 02:12:00,657567.0,769337.5592415924,769338.0,0.0,111771.0,111771.0,False,635048.0,32601.8687681241,134289.5592415924
2019-01-13 02:13:00,626909.0,792687.6361008815,792688.0,0.0,165779.0,165779.0,False,657567.0,32803.631726136504,135120.63610088144
2019-01-13 02:14:00,613044.0,764288.5857563975,764289.0,0.0,151245.0,151245.0,False,626909.0,33352.04353595144,137379.58575639743
2019-01-13 02:15:00,607517.0,750515.0286092722,750516.0,0.0,142999.0,142999.0,False,613044.0,33374.243384592264,137471.0286092722
2019-01-13 02:16:00,594893.0,739912.5353104118,739913.0,0.0,145020.0,145020.0,False,607517.0,32142.051042928146,132395.5353104118
2019-01-13 02:17:00,586111.0,726280.1816448543,726281.0,0.0,140170.0,140170.0,False,594893.0,31897.250076553522,131387.18164485425
2019-01-13 02:18:00,584980.0,717562.1862684616,717563.0,0.0,132583.0,132583.0,False,586111.0,31912.788666084856,131451.18626846158
2019-01-13 02:19:00,574588.0,716427.3591347684,716428.0,0.0,141840.0,141840.0,False,584980.0,31911.859541653066,131447.3591347683
2019-01-13 02:20:00,597116.0,705181.4519794475,705182.0,0.0,108066.0,108066.0,False,574588.0,31704.55400594983,130593.45197944755
2019-01-13 02:21:00,598254.0,725690.8144999659,725691.0,0.0,127437.0,127437.0,False,597116.0,31214.48348544064,128574.81449996591
2019-01-13 02:22:00,576947.0,725273.9043757006,725274.0,0.0,148327.0,148327.0,False,598254.0,30836.993410234387,127019.90437570066
2019-01-13 02:23:00,560558.0,704773.0222703944,704774.0,0.0,144216.0,144216.0,False,576947.0,31032.69700746758,127826.02227039434
2019-01-13 02:24:00,563593.0,688678.1325536962,688679.0,0.0,125086.0,125086.0,False,560558.0,31104.099020503534,128120.13255369612
2019-01-13 02:25:00,578624.0,691729.4064350588,691730.0,0.0,113106.0,113106.0,False,563593.0,31108.04987824356,128136.40643505882
2019-01-13 02:26:00,579467.0,706303.585426953,706304.0,0.0,126837.0,126837.0,False,578624.0,30997.146107012966,127679.58542695302
2019-01-13 02:27:00,570708.0,707008.6366875346,707009.0,0.0,136301.0,136301.0,False,579467.0,30963.655888379082,127541.63668753457
2019-01-13 02:28:00,584006.0,697545.6644535887,697546.0,0.0,113540.0,113540.0,False,570708.0,30792.750491733786,126837.6644535887
2019-01-13 02:29:00,584998.0,710883.6062316378,710884.0,0.0,125886.0,125886.0,False,584006.0,30802.447273923517,126877.60623163775
2019-01-13 02:30:00,649685.0,711753.5104122352,711754.0,0.0,62069.0,62069.0,False,584998.0,30772.805715013197,126755.51041223513
2019-01-13 02:31:00,619863.0,767253.2831761151,767254.0,0.0,147391.0,147391.0,False,649685.0,28542.395708557895,117568.28317611513
2019-01-13 02:32:00,578550.0,733258.0233813737,733259.0,0.0,154709.0,154709.0,False,619863.0,27529.241231532043,113395.02338137373
2019-01-13 02:33:00,600927.0,695566.4020751831,695567.0,0.0,94640.0,94640.0,False,578550.0,28408.41392077181,117016.40207518311
2019-01-13 02:34:00,580590.0,718751.7714126324,718752.0,0.0,138162.0,138162.0,False,600927.0,28604.6641073428,117824.77141263244
2019-01-13 02:35:00,600271.0,698788.8229730087,698789.0,0.0,98518.0,98518.0,False,580590.0,28695.473697848367,118198.82297300879
2019-01-13 02:36:00,563113.0,719198.2723122027,719199.0,0.0,156086.0,156086.0,False,600271.0,28872.32147287086,118927.27231220271
2019-01-13 02:37:00,566337.0,684904.7735276065,684905.0,0.0,118568.0,118568.0,False,563113.0,29567.744804648417,121791.77352760655
2019-01-13 02:38:00,559787.0,656917.1792636072,656918.0,0.0,97131.0,97131.0,False,566337.0,21990.414847013988,90580.1792636072
2019-01-13 02:39:00,562299.0,650334.9534711248,650335.0,0.0,88036.0,88036.0,False,559787.0,21982.5912971908,90547.95347112478
2019-01-13 02:40:00,600955.0,651335.9302226959,651336.0,0.0,50381.0,50381.0,False,562299.0,21615.75576709393,89036.93022269587
2019-01-13 02:41:00,571130.0,694853.7977433057,694854.0,0.0,123724.0,123724.0,False,600955.0,22796.085554235215,93898.79774330567
2019-01-13 02:42:00,541206.0,664780.4808340879,664781.0,0.0,123575.0,123575.0,False,571130.0,22735.80093246013,93650.48083408794
2019-01-13 02:43:00,559743.0,635077.2336708662,635078.0,0.0,75335.0,75335.0,False,541206.0,22789.393743811084,93871.23367086625
2019-01-13 02:44:00,574250.0,652720.2918929909,652721.0,0.0,78471.0,78471.0,False,559743.0,22572.36888578616,92977.29189299088
2019-01-13 02:45:00,589076.0,667586.7721214883,667587.0,0.0,78511.0,78511.0,False,574250.0,22659.640951465713,93336.77212148838
2019-01-13 02:46:00,570772.0,683101.2784984807,683102.0,0.0,112330.0,112330.0,False,589076.0,22826.791656818306,94025.27849848072
2019-01-13 02:47:00,577843.0,665300.0270805629,665301.0,0.0,87458.0,87458.0,False,570772.0,22948.84539940985,94528.02708056294
2019-01-13 02:48:00,588343.0,672341.080339314,672342.0,0.0,83999.0,83999.0,False,577843.0,22941.575141515284,94498.08033931392
2019-01-13 02:49:00,571065.0,683172.2791312773,683173.0,0.0,112108.0,112108.0,False,588343.0,23021.981240192898,94829.27913127733
2019-01-13 02:50:00,576398.0,666460.6530868589,666461.0,0.0,90063.0,90063.0,False,571065.0,23159.48150065869,95395.65308685896
2019-01-13 02:51:00,575444.0,670321.0012852519,670322.0,0.0,94878.0,94878.0,False,576398.0,22801.96151885014,93923.00128525199
2019-01-13 02:52:00,583331.0,669356.7030731314,669357.0,0.0,86026.0,86026.0,False,575444.0,22799.461391796332,93912.70307313133
2019-01-13 02:53:00,571932.0,676105.2380510491,676106.0,0.0,104174.0,104174.0,False,583331.0,22523.072911138268,92774.23805104908
2019-01-13 02:54:00,565000.0,664273.5781540527,664274.0,0.0,99274.0,99274.0,False,571932.0,22418.034803464314,92341.5781540527
2019-01-13 02:55:00,566342.0,657473.4323799396,657474.0,0.0,91132.0,91132.0,False,565000.0,22450.04543923647,92473.43237993955
2019-01-13 02:56:00,569797.0,658112.2043540907,658113.0,0.0,88316.0,88316.0,False,566342.0,22279.320716165897,91770.20435409073
2019-01-13 02:57:00,565885.0,661607.6776836124,661608.0,0.0,95723.0,95723.0,False,569797.0,22289.146544660132,91810.6776836124
2019-01-13 02:58:00,563263.0,657513.5449722572,657514.0,0.0,94251.0,94251.0,False,565885.0,22244.92965402829,91628.54497225722
2019-01-13 02:59:00,579371.0,654323.3850628037,654324.0,0.0,74953.0,74953.0,False,563263.0,22106.995812321442,91060.38506280373
2019-01-13 03:00:00,684484.0,671271.4686305696,671272.0,13212.0,0.0,132120.0,False,579371.0,22310.945355273536,91900.46863056962
2019-01-13 03:01:00,602308.0,795414.848594322,795415.0,0.0,193107.0,193107.0,False,684484.0,26931.006316748746,110930.848594322
2019-01-13 03:02:00,584196.0,727363.4070336921,727364.0,0.0,143168.0,143168.0,False,602308.0,30360.066649128028,125055.40703369206
2019-01-13 03:03:00,570592.0,706115.300623652,706116.0,0.0,135524.0,135524.0,False,584196.0,29598.704930462616,121919.30062365197
2019-01-13 03:04:00,577479.0,691707.8278575472,691708.0,0.0,114229.0,114229.0,False,570592.0,29403.643498827547,121115.82785754727
2019-01-13 03:05:00,575308.0,697808.2246264844,697809.0,0.0,122501.0,122501.0,False,577479.0,29212.67753351704,120329.22462648441
2019-01-13 03:06:00,565183.0,694686.2138713736,694687.0,0.0,129504.0,129504.0,False,575308.0,28981.797873100393,119378.21387137353
2019-01-13 03:07:00,641780.0,681544.1875951027,681545.0,0.0,39765.0,39765.0,False,565183.0,28249.345586530526,116361.18759510269
2019-01-13 03:08:00,653098.0,771182.5634206118,771183.0,0.0,118085.0,118085.0,False,641780.0,31415.43851006249,129402.56342061174
2019-01-13 03:09:00,661960.0,782467.0910957167,782468.0,0.0,120508.0,120508.0,False,653098.0,31407.31233592241,129369.0910957167
2019-01-13 03:10:00,613251.0,791397.6626447826,791398.0,0.0,178147.0,178147.0,False,661960.0,31423.95965129449,129437.66264478258
2019-01-13 03:11:00,550134.0,745293.4999742205,745294.0,0.0,195160.0,195160.0,False,613251.0,32056.343622589433,132042.4999742205
2019-01-13 03:12:00,584885.0,688624.9010882886,688625.0,0.0,103740.0,103740.0,False,550134.0,33621.84080697488,138490.90108828864
2019-01-13 03:13:00,685565.0,723912.4550545213,723913.0,0.0,38348.0,38348.0,False,584885.0,33752.10158147534,139027.45505452136
2019-01-13 03:14:00,684660.0,842423.4881036334,842424.0,0.0,157764.0,157764.0,False,685565.0,38080.99358730437,156858.48810363337
2019-01-13 03:15:00,615173.0,841359.2700236917,841360.0,0.0,226187.0,226187.0,False,684660.0,38042.33974871047,156699.2700236917
2019-01-13 03:16:00,578227.0,780636.2600512927,780637.0,0.0,202410.0,202410.0,False,615173.0,40169.999221111975,165463.26005129275
2019-01-13 03:17:00,585410.0,745476.4885800026,745477.0,0.0,160067.0,160067.0,False,578227.0,40603.647141410154,167249.48858000254
2019-01-13 03:18:00,579360.0,752662.0929576735,752663.0,0.0,173303.0,173303.0,False,585410.0,40604.27941378881,167252.09295767348
2019-01-13 03:19:00,551394.0,746486.2061072278,746487.0,0.0,195093.0,195093.0,False,579360.0,40573.71749519263,167126.2061072279
2019-01-13 03:20:00,576327.0,719319.2263560144,719320.0,0.0,142993.0,142993.0,False,551394.0,40767.697976185525,167925.22635601432
2019-01-13 03:21:00,559157.0,745269.8123399334,745270.0,0.0,186113.0,186113.0,False,576327.0,41014.7402994709,168942.81233993336
2019-01-13 03:22:00,556611.0,728576.2739038402,728577.0,0.0,171966.0,171966.0,False,559157.0,41130.41226583426,169419.27390384016
2019-01-13 03:23:00,559494.0,725912.2615552857,725913.0,0.0,166419.0,166419.0,False,556611.0,41101.76206307597,169301.26155528563
2019-01-13 03:24:00,553837.0,728623.1629633387,728624.0,0.0,174787.0,174787.0,False,559494.0,41059.98118493831,169129.1629633387
2019-01-13 03:25:00,562405.0,722941.0013260214,722942.0,0.0,160537.0,160537.0,False,553837.0,41053.87262071007,169104.0013260214
2019-01-13 03:26:00,569908.0,731634.7839389715,731635.0,0.0,161727.0,161727.0,False,562405.0,41084.409233264836,169229.7839389715
2019-01-13 03:27:00,556760.0,739212.7513251349,739213.0,0.0,182453.0,182453.0,False,569908.0,41102.60928470139,169304.75132513492
2019-01-13 03:28:00,565964.0,726323.0925644854,726324.0,0.0,160360.0,160360.0,False,556760.0,41165.32754239963,169563.09256448536
2019-01-13 03:29:00,539937.0,735661.0741603605,735662.0,0.0,195725.0,195725.0,False,565964.0,41197.85464600124,169697.0741603605
2019-01-13 03:30:00,610193.0,710243.4507596093,710244.0,0.0,100051.0,100051.0,False,539937.0,41345.79478394849,170306.45075960935
2019-01-13 03:31:00,572476.0,769793.6986991193,769794.0,0.0,197318.0,197318.0,False,610193.0,38746.72806788117,159600.69869911924
2019-01-13 03:32:00,562699.0,722626.0526077668,722627.0,0.0,159928.0,159928.0,False,572476.0,36452.36709608027,150150.05260776685
2019-01-13 03:33:00,566953.0,712437.5610816226,712438.0,0.0,145485.0,145485.0,False,562699.0,36352.46809566419,149738.56108162258
2019-01-13 03:34:00,534505.0,716404.2166817612,716405.0,0.0,181900.0,181900.0,False,566953.0,36282.70865592487,149451.21668176126
2019-01-13 03:35:00,544447.0,685732.4373644161,685733.0,0.0,141286.0,141286.0,False,534505.0,36713.926942187616,151227.43736441605
2019-01-13 03:36:00,561279.0,695906.0192499675,695907.0,0.0,134628.0,134628.0,False,544447.0,36770.148753357906,151459.01924996747
2019-01-13 03:37:00,557919.0,713133.3885487444,713134.0,0.0,155215.0,155215.0,False,561279.0,36866.13371351761,151854.38854874432
2019-01-13 03:38:00,548684.0,697974.89556226,697975.0,0.0,149291.0,149291.0,False,557919.0,34001.779089231524,140055.89556225998
2019-01-13 03:39:00,544562.0,688392.5941483249,688393.0,0.0,143831.0,143831.0,False,548684.0,33917.46370995676,139708.5941483249
2019-01-13 03:40:00,583994.0,683951.3488061683,683952.0,0.0,99958.0,99958.0,False,544562.0,33839.95958522358,139389.3488061683
2019-01-13 03:41:00,562095.0,722596.4110084422,722597.0,0.0,160502.0,160502.0,False,583994.0,33648.912396186424,138602.41100844214
2019-01-13 03:42:00,553564.0,693404.7125480805,693405.0,0.0,139841.0,139841.0,False,562095.0,31878.442677520663,131309.71254808048
2019-01-13 03:43:00,549794.0,682345.2734029415,682346.0,0.0,132552.0,132552.0,False,553564.0,31264.60611670724,128781.27340294149
2019-01-13 03:44:00,568205.0,652413.9959823376,652414.0,0.0,84209.0,84209.0,False,549794.0,24913.356339063692,102619.99598233767
2019-01-13 03:45:00,576409.0,672195.1532888159,672196.0,0.0,95787.0,95787.0,False,568205.0,25245.993432742165,103990.15328881581
2019-01-13 03:46:00,564478.0,667779.5861060556,667780.0,0.0,103302.0,103302.0,False,576409.0,22182.304226176908,91370.58610605565
2019-01-13 03:47:00,562115.0,652124.23409678,652125.0,0.0,90010.0,90010.0,False,564478.0,21278.13240419435,87646.23409677997
2019-01-13 03:48:00,578601.0,649574.553584624,649575.0,0.0,70974.0,70974.0,False,562115.0,21232.8114306708,87459.55358462392
2019-01-13 03:49:00,569954.0,666875.5960195691,666876.0,0.0,96922.0,96922.0,False,578601.0,21430.681664623473,88274.5960195691
2019-01-13 03:50:00,593605.0,655895.1772685393,655896.0,0.0,62291.0,62291.0,False,569954.0,20864.19077484929,85941.17726853932
2019-01-13 03:51:00,561041.0,679346.0426732971,679347.0,0.0,118306.0,118306.0,False,593605.0,20815.60351425436,85741.04267329708
2019-01-13 03:52:00,559153.0,649302.4445568029,649303.0,0.0,90150.0,90150.0,False,561041.0,21427.488845571595,88261.44455680283
2019-01-13 03:53:00,568945.0,647404.7854329585,647405.0,0.0,78460.0,78460.0,False,559153.0,21425.1438718464,88251.78543295845
2019-01-13 03:54:00,577332.0,657468.1184171746,657469.0,0.0,80137.0,80137.0,False,568945.0,21491.016173415002,88523.11841717456
2019-01-13 03:55:00,564350.0,665928.294614558,665929.0,0.0,101579.0,101579.0,False,577332.0,21508.781372716563,88596.294614558
2019-01-13 03:56:00,553468.0,653307.4935220261,653308.0,0.0,99840.0,99840.0,False,564350.0,21596.470687112767,88957.49352202607
2019-01-13 03:57:00,563696.0,642594.5728004235,642595.0,0.0,78899.0,78899.0,False,553468.0,21637.518557675834,89126.57280042344
2019-01-13 03:58:00,547748.0,652629.2914512507,652630.0,0.0,104882.0,104882.0,False,563696.0,21590.5950796583,88933.29145125064
2019-01-13 03:59:00,552437.0,637189.1248576698,637190.0,0.0,84753.0,84753.0,False,547748.0,21713.883279914895,89441.12485766983
2019-01-13 04:00:00,669960.0,639800.303907654,639801.0,30159.0,0.0,301590.0,False,552437.0,21209.44461529611,87363.30390765403
2019-01-13 04:01:00,578573.0,782154.9891578961,782155.0,0.0,203582.0,203582.0,False,669960.0,27237.90541591075,112194.98915789617
2019-01-13 04:02:00,585354.0,707309.6450845004,707310.0,0.0,121956.0,121956.0,False,578573.0,31253.771569409786,128736.64508450044
2019-01-13 04:03:00,592017.0,713946.7395998642,713947.0,0.0,121930.0,121930.0,False,585354.0,31218.83521433036,128592.7395998642
2019-01-13 04:04:00,568339.0,720659.1362716334,720660.0,0.0,152321.0,152321.0,False,592017.0,31230.827388701167,128642.13627163347
2019-01-13 04:05:00,585107.0,695856.3674577763,695857.0,0.0,110750.0,110750.0,False,568339.0,30957.76397654207,127517.3674577763
2019-01-13 04:06:00,583129.0,712990.5682683553,712991.0,0.0,129862.0,129862.0,False,585107.0,31046.66761757494,127883.56826835529
2019-01-13 04:07:00,606753.0,710480.301595383,710481.0,0.0,103728.0,103728.0,False,583129.0,30917.447681789225,127351.30159538293
2019-01-13 04:08:00,574277.0,735172.8075476685,735173.0,0.0,160896.0,160896.0,False,606753.0,31176.851994612236,128419.8075476684
2019-01-13 04:09:00,574815.0,704938.8256303911,704939.0,0.0,130124.0,130124.0,False,574277.0,31721.15327701639,130661.82563039112
2019-01-13 04:10:00,588497.0,705421.8946725907,705422.0,0.0,116925.0,116925.0,False,574815.0,31707.81752785144,130606.89467259067
2019-01-13 04:11:00,574414.0,716174.4271274405,716175.0,0.0,141761.0,141761.0,False,588497.0,30996.622130332522,127677.4271274405
2019-01-13 04:12:00,577868.0,701457.2660197048,701458.0,0.0,123590.0,123590.0,False,574414.0,30842.66498482536,127043.26601970471
2019-01-13 04:13:00,584549.0,704743.1501715408,704744.0,0.0,120195.0,120195.0,False,577868.0,30801.85100903577,126875.15017154082
2019-01-13 04:14:00,573266.0,711446.0990274274,711447.0,0.0,138181.0,138181.0,False,584549.0,30807.179596926475,126897.09902742734
2019-01-13 04:15:00,598517.0,699778.674146612,699779.0,0.0,101262.0,101262.0,False,573266.0,30713.851645101124,126512.6741466119
2019-01-13 04:16:00,580848.0,726263.8909538657,726264.0,0.0,145416.0,145416.0,False,598517.0,31013.48606648688,127746.89095386573
2019-01-13 04:17:00,585995.0,708986.549022107,708987.0,0.0,122992.0,122992.0,False,580848.0,31108.570040363116,128138.549022107
2019-01-13 04:18:00,576863.0,714157.450982866,714158.0,0.0,137295.0,137295.0,False,585995.0,31114.372789231813,128162.45098286604
2019-01-13 04:19:00,583686.0,704650.9449758267,704651.0,0.0,120965.0,120965.0,False,576863.0,31023.45287138172,127787.9449758267
2019-01-13 04:20:00,587103.0,711397.7942879767,711398.0,0.0,124295.0,124295.0,False,583686.0,31004.96554633643,127711.79428797669
2019-01-13 04:21:00,596661.0,713607.1771296628,713608.0,0.0,116947.0,116947.0,False,587103.0,30711.788799463255,126504.17712966286
2019-01-13 04:22:00,576193.0,720887.1019621987,720888.0,0.0,144695.0,144695.0,False,596661.0,30158.733833216964,124226.10196219872
2019-01-13 04:23:00,565917.0,701434.7205779264,701435.0,0.0,135518.0,135518.0,False,576193.0,30405.29853277673,125241.72057792637
2019-01-13 04:24:00,576604.0,691201.806916167,691202.0,0.0,114598.0,114598.0,False,565917.0,30415.758729034373,125284.80691616698
2019-01-13 04:25:00,578691.0,701988.4364666478,701989.0,0.0,123298.0,123298.0,False,576604.0,30439.94608617922,125384.43646664773
2019-01-13 04:26:00,563611.0,703689.1520155,703690.0,0.0,140079.0,140079.0,False,578691.0,30346.166681029572,124998.1520155
2019-01-13 04:27:00,564166.0,688863.2061566476,688864.0,0.0,124698.0,124698.0,False,563611.0,30407.844147367767,125252.20615664766
2019-01-13 04:28:00,577151.0,689190.2392291662,689191.0,0.0,112040.0,112040.0,False,564166.0,30352.49995013309,125024.23922916615
2019-01-13 04:29:00,588006.0,701915.906063133,701916.0,0.0,113910.0,113910.0,False,577151.0,30289.540879495114,124764.90606313304
2019-01-13 04:30:00,649967.0,712957.7306987705,712958.0,0.0,62991.0,62991.0,False,588006.0,30334.89684229747,124951.73069877052
2019-01-13 04:31:00,606452.0,749913.0570822315,749914.0,0.0,143462.0,143462.0,False,649967.0,24264.19637750323,99946.0570822315
2019-01-13 04:32:00,608338.0,686011.401555052,686012.0,0.0,77674.0,77674.0,False,606452.0,19314.86843368047,79559.40155505209
2019-01-13 04:33:00,617334.0,687776.014810079,687777.0,0.0,70443.0,70443.0,False,608338.0,19285.399018841723,79438.01481007898
2019-01-13 04:34:00,608066.0,696888.6045702035,696889.0,0.0,88823.0,88823.0,False,617334.0,19313.703855649223,79554.60457020343
2019-01-13 04:35:00,608997.0,685801.2240193977,685802.0,0.0,76805.0,76805.0,False,608066.0,18872.007522057625,77735.22401939778
2019-01-13 04:36:00,591414.0,685829.4976189412,685830.0,0.0,94416.0,94416.0,False,608997.0,18652.849995534965,76832.49761894123
2019-01-13 04:37:00,583633.0,669422.555807914,669423.0,0.0,85790.0,85790.0,False,591414.0,18938.365079187828,78008.55580791405
2019-01-13 04:38:00,570710.0,659758.9351577511,659759.0,0.0,89049.0,89049.0,False,583633.0,18481.315761851445,76125.93515775107
2019-01-13 04:39:00,591377.0,643531.3953054498,643532.0,0.0,52155.0,52155.0,False,570710.0,17679.06296414925,72821.3953054498
2019-01-13 04:40:00,618459.0,665804.314844692,665805.0,0.0,47346.0,47346.0,False,591377.0,18068.936744108207,74427.31484469204
2019-01-13 04:41:00,596596.0,694856.6589390474,694857.0,0.0,98261.0,98261.0,False,618459.0,18547.282938369342,76397.65893904738
2019-01-13 04:42:00,615202.0,674071.2505833926,674072.0,0.0,58870.0,58870.0,False,596596.0,18808.893011207303,77475.25058339263
2019-01-13 04:43:00,612304.0,693779.6940227998,693780.0,0.0,81476.0,81476.0,False,615202.0,19076.536426963637,78577.69402279981
2019-01-13 04:44:00,592835.0,690826.0580090457,690827.0,0.0,97992.0,97992.0,False,612304.0,19063.029509304222,78522.05800904562
2019-01-13 04:45:00,617545.0,672304.4176459501,672305.0,0.0,54760.0,54760.0,False,592835.0,19293.02277708324,79469.4176459501
2019-01-13 04:46:00,603454.0,696920.6608714726,696921.0,0.0,93467.0,93467.0,False,617545.0,19270.261170932295,79375.66087147253
2019-01-13 04:47:00,602063.0,682406.0018119687,682407.0,0.0,80344.0,80344.0,False,603454.0,19167.40822288203,78952.00181196876
2019-01-13 04:48:00,601198.0,680957.2142103782,680958.0,0.0,79760.0,79760.0,False,602063.0,19153.378957955425,78894.21421037828
2019-01-13 04:49:00,602549.0,679755.3642847876,679756.0,0.0,77207.0,77207.0,False,601198.0,19071.60091705126,78557.36428478756
2019-01-13 04:50:00,612405.0,680973.6089541462,680974.0,0.0,68569.0,68569.0,False,602549.0,19039.37151744431,78424.6089541462
2019-01-13 04:51:00,580951.0,691103.1171523274,691104.0,0.0,110153.0,110153.0,False,612405.0,19105.77190206445,78698.11715232744
2019-01-13 04:52:00,595397.0,662857.5408668136,662858.0,0.0,67461.0,67461.0,False,580951.0,19884.69030408285,81906.54086681365
2019-01-13 04:53:00,581151.0,676560.2406278644,676561.0,0.0,95410.0,95410.0,False,595397.0,19704.237132723927,81163.24062786443
2019-01-13 04:54:00,595774.0,662668.5293114115,662669.0,0.0,66895.0,66895.0,False,581151.0,19790.248831863195,81517.52931141149
2019-01-13 04:55:00,607339.0,677620.7829641826,677621.0,0.0,70282.0,70282.0,False,595774.0,19870.18270341428,81846.78296418261
2019-01-13 04:56:00,592368.0,689579.6931420394,689580.0,0.0,97212.0,97212.0,False,607339.0,19965.813428523812,82240.69314203932
2019-01-13 04:57:00,599395.0,674596.7122944575,674597.0,0.0,75202.0,75202.0,False,592368.0,19962.904803141457,82228.71229445744
2019-01-13 04:58:00,609048.0,681744.9034120443,681745.0,0.0,72697.0,72697.0,False,599395.0,19992.326724947914,82349.90341204431
2019-01-13 04:59:00,610804.0,691164.1558657963,691165.0,0.0,80361.0,80361.0,False,609048.0,19935.57915000099,82116.15586579622
2019-01-13 05:00:00,732195.0,692581.4332617609,692582.0,39613.0,0.0,396130.0,False,610804.0,19853.34647347778,81777.43326176085
2019-01-13 05:01:00,717513.0,845033.6481138264,845034.0,0.0,127521.0,127521.0,False,732195.0,27394.168381782223,112838.64811382636
2019-01-13 05:02:00,722563.0,825580.0676142514,825581.0,0.0,103018.0,103018.0,False,717513.0,26235.75783860798,108067.06761425141
2019-01-13 05:03:00,741830.0,830625.3190800558,830626.0,0.0,88796.0,88796.0,False,722563.0,26234.605023083375,108062.31908005581
2019-01-13 05:04:00,751019.0,850436.7097637919,850437.0,0.0,99418.0,99418.0,False,741830.0,26366.76834039551,108606.70976379189
2019-01-13 05:05:00,661808.0,859192.6271480214,859193.0,0.0,197385.0,197385.0,False,751019.0,26261.627608049326,108173.62714802135
2019-01-13 05:06:00,614473.0,790395.6305959972,790396.0,0.0,175923.0,175923.0,False,661808.0,31217.594886530147,128587.63059599727
2019-01-13 05:07:00,588127.0,747400.3385283306,747401.0,0.0,159274.0,159274.0,False,614473.0,32271.15846437601,132927.33852833053
2019-01-13 05:08:00,608823.0,722431.2841560923,722432.0,0.0,113609.0,113609.0,False,588127.0,32605.443578651895,134304.28415609236
2019-01-13 05:09:00,627550.0,743576.2164465708,743577.0,0.0,116027.0,116027.0,False,608823.0,32714.432182848745,134753.2164465708
2019-01-13 05:10:00,645055.0,762152.836801666,762153.0,0.0,117098.0,117098.0,False,627550.0,32677.9240769597,134602.83680166595
2019-01-13 05:11:00,608991.0,778800.1194118356,778801.0,0.0,169810.0,169810.0,False,645055.0,32469.693519488883,133745.1194118356
2019-01-13 05:12:00,610630.0,744502.758798556,744503.0,0.0,133873.0,133873.0,False,608991.0,32898.585726535624,135511.75879855608
2019-01-13 05:13:00,588124.0,745432.3409603556,745433.0,0.0,157309.0,157309.0,False,610630.0,32726.358284630263,134802.34096035562
2019-01-13 05:14:00,612467.0,723928.1249399038,723929.0,0.0,111462.0,111462.0,False,588124.0,32969.56430913203,135804.1249399039
2019-01-13 05:15:00,650283.0,748728.8293023902,748729.0,0.0,98446.0,98446.0,False,612467.0,33080.68253488725,136261.8293023902
2019-01-13 05:16:00,650095.0,788188.0522871399,788189.0,0.0,138094.0,138094.0,False,650283.0,33479.612581334106,137905.05228713993
2019-01-13 05:17:00,767211.0,787516.6973162014,787517.0,0.0,20306.0,20306.0,False,650095.0,33362.26708239915,137421.69731620137
2019-01-13 05:18:00,710773.0,928975.5660070535,928976.0,0.0,218203.0,218203.0,False,767211.0,39272.0564582886,161764.56600705354
2019-01-13 05:19:00,758610.0,878870.0411283907,878871.0,0.0,120261.0,120261.0,False,710773.0,40809.409950616566,168097.04112839073
2019-01-13 05:20:00,709911.0,929832.0958581294,929833.0,0.0,219922.0,219922.0,False,758610.0,41568.08862055587,171222.09585812944
2019-01-13 05:21:00,637193.0,885647.3104031308,885648.0,0.0,248455.0,248455.0,False,709911.0,42664.0176787675,175736.31040313083
2019-01-13 05:22:00,621590.0,820042.5011067872,820043.0,0.0,198453.0,198453.0,False,637193.0,44390.907774713385,182849.50110678718
2019-01-13 05:23:00,629886.0,804620.8737000714,804621.0,0.0,174735.0,174735.0,False,621590.0,44434.94012925964,183030.87370007136
2019-01-13 05:24:00,634318.0,812622.4321090125,812623.0,0.0,178305.0,178305.0,False,629886.0,44363.45768367122,182736.43210901247
2019-01-13 05:25:00,621597.0,816799.6319571729,816800.0,0.0,195203.0,195203.0,False,634318.0,44301.59910613707,182481.63195717288
2019-01-13 05:26:00,595409.0,804188.3434200914,804189.0,0.0,208780.0,208780.0,False,621597.0,44328.23407862956,182591.3434200914
2019-01-13 05:27:00,602657.0,778723.9326960044,778724.0,0.0,176067.0,176067.0,False,595409.0,44503.90196188546,183314.9326960044
2019-01-13 05:28:00,621571.0,785976.7275308801,785977.0,0.0,164406.0,164406.0,False,602657.0,44505.06601796151,183319.7275308802
2019-01-13 05:29:00,601322.0,805290.869525893,805291.0,0.0,203969.0,203969.0,False,621571.0,44602.209659534965,183719.869525893
2019-01-13 05:30:00,649869.0,785670.5824979551,785671.0,0.0,135802.0,135802.0,False,601322.0,44754.84414522206,184348.58249795513
2019-01-13 05:31:00,618667.0,813750.9223912964,813751.0,0.0,195084.0,195084.0,False,649869.0,39786.09325581988,163881.9223912964
2019-01-13 05:32:00,604085.0,783680.8096257844,783681.0,0.0,179596.0,179596.0,False,618667.0,40060.88482775964,165013.80962578446
2019-01-13 05:33:00,623407.0,769175.7619904099,769176.0,0.0,145769.0,145769.0,False,604085.0,40079.56677821868,165090.76199040996
2019-01-13 05:34:00,586706.0,788502.1412610853,788503.0,0.0,201797.0,201797.0,False,623407.0,40080.62994655927,165095.1412610853
2019-01-13 05:35:00,589676.0,753216.7778521897,753217.0,0.0,163541.0,163541.0,False,586706.0,40424.30817908298,166510.77785218967
2019-01-13 05:36:00,600012.0,743431.1883710548,743432.0,0.0,143420.0,143420.0,False,589676.0,37327.59644160621,153755.18837105486
2019-01-13 05:37:00,586264.0,750105.4028373531,750106.0,0.0,163842.0,163842.0,False,600012.0,36438.614065753805,150093.402837353
2019-01-13 05:38:00,586200.0,735415.7349131315,735416.0,0.0,149216.0,149216.0,False,586264.0,36210.00259169728,149151.73491313148
2019-01-13 05:39:00,589201.0,734505.1462819912,734506.0,0.0,145305.0,145305.0,False,586200.0,36004.47379549825,148305.14628199115
2019-01-13 05:40:00,600267.0,736791.960796478,736792.0,0.0,136525.0,136525.0,False,589201.0,35831.08889792098,147590.96079647794
2019-01-13 05:41:00,554479.0,747470.7861804136,747471.0,0.0,192992.0,192992.0,False,600267.0,35737.09338483294,147203.78618041356
2019-01-13 05:42:00,590310.0,703142.7023314799,703143.0,0.0,112833.0,112833.0,False,554479.0,36091.52149553886,148663.70233147984
2019-01-13 05:43:00,604907.0,741550.5775598873,741551.0,0.0,136644.0,136644.0,False,590310.0,36717.117025845364,151240.57755988734
2019-01-13 05:44:00,583642.0,755606.11822673,755607.0,0.0,171965.0,171965.0,False,604907.0,36585.66536108034,150699.1182267301
2019-01-13 05:45:00,608570.0,734043.0520903246,734044.0,0.0,125474.0,125474.0,False,583642.0,36513.30297402513,150401.0520903246
2019-01-13 05:46:00,617243.0,757385.327260314,757386.0,0.0,140143.0,140143.0,False,608570.0,36128.33192264687,148815.32726031408
2019-01-13 05:47:00,646777.0,766242.9309877958,766243.0,0.0,119466.0,119466.0,False,617243.0,36173.14870908547,148999.93098779576
2019-01-13 05:48:00,614726.0,767954.1463788201,767955.0,0.0,153229.0,153229.0,False,646777.0,29418.529975444795,121177.14637882005
2019-01-13 05:49:00,604789.0,731186.1212127649,731187.0,0.0,126398.0,126398.0,False,614726.0,28273.363990031106,116460.12121276492
2019-01-13 05:50:00,639716.0,714572.6349507759,714573.0,0.0,74857.0,74857.0,False,604789.0,26652.493907689426,109783.63495077594
2019-01-13 05:51:00,622342.0,748133.0558660629,748134.0,0.0,125792.0,125792.0,False,639716.0,26320.72550936648,108417.0558660629
2019-01-13 05:52:00,613172.0,717331.9030716113,717332.0,0.0,104160.0,104160.0,False,622342.0,23060.97638362298,94989.90307161135
2019-01-13 05:53:00,604293.0,707701.2198947698,707702.0,0.0,103409.0,103409.0,False,613172.0,22949.134982400945,94529.21989476985
2019-01-13 05:54:00,605755.0,698793.921681531,698794.0,0.0,93039.0,93039.0,False,604293.0,22942.264942469363,94500.92168153102
2019-01-13 05:55:00,616946.0,700187.4719770699,700188.0,0.0,83242.0,83242.0,False,605755.0,22925.647207668066,94432.47197706986
2019-01-13 05:56:00,595702.0,711348.1877916539,711349.0,0.0,115647.0,115647.0,False,616946.0,22918.2950274669,94402.18779165394
2019-01-13 05:57:00,605071.0,689401.2710883194,689402.0,0.0,84331.0,84331.0,False,595702.0,22747.64588507297,93699.27108831935
2019-01-13 05:58:00,605050.0,698876.0004597831,698877.0,0.0,93827.0,93827.0,False,605071.0,22773.314113585027,93805.00045978308
2019-01-13 05:59:00,597568.0,697743.1486313791,697744.0,0.0,100176.0,100176.0,False,605050.0,22503.386595735246,92693.14863137914
2019-01-13 06:00:00,724660.0,689201.3347915254,689202.0,35458.0,0.0,354580.0,False,597568.0,22246.092492450607,91633.33479152535
2019-01-13 06:01:00,680876.0,851520.9222944733,851521.0,0.0,170645.0,170645.0,False,724660.0,30798.396865738076,126860.92229447329
2019-01-13 06:02:00,670435.0,809948.7699608876,809949.0,0.0,139514.0,139514.0,False,680876.0,31335.373587999802,129072.76996088764
2019-01-13 06:03:00,688069.0,799241.6009387923,799242.0,0.0,111173.0,111173.0,False,670435.0,31270.754956607318,128806.60093879231
2019-01-13 06:04:00,642294.0,816754.7760333241,816755.0,0.0,174461.0,174461.0,False,688069.0,31241.421941187175,128685.77603332403
2019-01-13 06:05:00,753618.0,772692.8371119379,772693.0,0.0,19075.0,19075.0,False,642294.0,31657.30678578836,130398.83711193794
2019-01-13 06:06:00,717103.0,907108.8254836877,907109.0,0.0,190006.0,190006.0,False,753618.0,37263.41629082024,153490.8254836877
2019-01-13 06:07:00,635550.0,873631.9656150705,873632.0,0.0,238082.0,238082.0,False,717103.0,38000.99444970243,156528.9656150705
2019-01-13 06:08:00,748748.0,803979.7169268092,803980.0,0.0,55232.0,55232.0,False,635550.0,40890.17462646791,168429.7169268091
2019-01-13 06:09:00,757991.0,936266.5717566081,936267.0,0.0,178276.0,178276.0,False,748748.0,45524.431702070324,187518.57175660811
2019-01-13 06:10:00,663939.0,945520.8613605307,945521.0,0.0,281582.0,281582.0,False,757991.0,45527.1725122093,187529.8613605307
2019-01-13 06:11:00,630818.0,865338.2851389999,865339.0,0.0,234521.0,234521.0,False,663939.0,48894.293057312025,201399.28513899996
2019-01-13 06:12:00,647969.0,830725.3241577713,830726.0,0.0,182757.0,182757.0,False,630818.0,48532.08532953424,199907.32415777133
2019-01-13 06:13:00,628734.0,846590.2224789419,846591.0,0.0,217857.0,217857.0,False,647969.0,48219.854666238745,198621.22247894187
2019-01-13 06:14:00,629535.0,827709.1374719258,827710.0,0.0,198175.0,198175.0,False,628734.0,48305.775643427856,198975.1374719258
2019-01-13 06:15:00,665587.0,827794.2227891416,827795.0,0.0,162208.0,162208.0,False,629535.0,48131.97094357538,198259.22278914152
2019-01-13 06:16:00,666661.0,864757.2303801405,864758.0,0.0,198097.0,198097.0,False,665587.0,48353.13891892841,199170.23038014048
2019-01-13 06:17:00,655939.0,865764.3364787144,865765.0,0.0,209826.0,209826.0,False,666661.0,48336.89889097688,199103.33647871437
2019-01-13 06:18:00,665961.0,854076.0723686554,854077.0,0.0,188116.0,188116.0,False,655939.0,48102.316129000435,198137.07236865535
2019-01-13 06:19:00,616448.0,862649.1281187303,862650.0,0.0,246202.0,246202.0,False,665961.0,47750.55169880076,196688.1281187303
2019-01-13 06:20:00,627423.0,816607.4076479363,816608.0,0.0,189185.0,189185.0,False,616448.0,48593.28437517398,200159.40764793623
2019-01-13 06:21:00,645704.0,826022.3475968409,826023.0,0.0,180319.0,180319.0,False,627423.0,48214.544037180174,198599.347596841
2019-01-13 06:22:00,623887.0,844330.660646843,844331.0,0.0,220444.0,220444.0,False,645704.0,48221.17490615355,198626.66064684303
2019-01-13 06:23:00,632912.0,823091.2006176234,823092.0,0.0,190180.0,190180.0,False,623887.0,48361.38597276264,199204.2006176234
2019-01-13 06:24:00,628671.0,832086.585889892,832087.0,0.0,203416.0,203416.0,False,632912.0,48354.19631876007,199174.58588989195
2019-01-13 06:25:00,587226.0,827881.9928825704,827882.0,0.0,240656.0,240656.0,False,628671.0,48363.0349507747,199210.99288257037
2019-01-13 06:26:00,575169.0,788668.0338198821,788669.0,0.0,213500.0,213500.0,False,587226.0,48904.67127950593,201442.0338198821
2019-01-13 06:27:00,607609.0,776202.7566459196,776203.0,0.0,168594.0,168594.0,False,575169.0,48805.55263676321,201033.75664591967
2019-01-13 06:28:00,618213.0,810014.3425436576,810015.0,0.0,191802.0,191802.0,False,607609.0,49138.53655371701,202405.3425436577
2019-01-13 06:29:00,610797.0,820767.614168724,820768.0,0.0,209971.0,209971.0,False,618213.0,49174.775662391585,202554.61416872402
2019-01-13 06:30:00,652365.0,813350.160396987,813351.0,0.0,160986.0,160986.0,False,610797.0,49174.42272597824,202553.16039698702
2019-01-13 06:31:00,650507.0,833402.7068975554,833403.0,0.0,182896.0,182896.0,False,652365.0,43951.0531994373,181037.70689755536
2019-01-13 06:32:00,638787.0,828758.3641829843,828759.0,0.0,189972.0,189972.0,False,650507.0,43274.604635330856,178251.36418298434
2019-01-13 06:33:00,624222.0,817079.1301393282,817080.0,0.0,192858.0,192858.0,False,638787.0,43284.501505693945,178292.13013932822
2019-01-13 06:34:00,616822.0,802194.5510072315,802195.0,0.0,185373.0,185373.0,False,624222.0,43206.91634580147,177972.55100723146
2019-01-13 06:35:00,639793.0,791707.0222128383,791708.0,0.0,151915.0,151915.0,False,616822.0,42457.34795685828,174885.0222128383
2019-01-13 06:36:00,624149.0,793553.1511658819,793554.0,0.0,169405.0,169405.0,False,639793.0,37328.80127381049,153760.15116588183
2019-01-13 06:37:00,627433.0,776161.7276124433,776162.0,0.0,148729.0,148729.0,False,624149.0,36904.57415076926,152012.7276124432
2019-01-13 06:38:00,625242.0,767126.0261522443,767127.0,0.0,141885.0,141885.0,False,627433.0,33913.68422204966,139693.02615224427
2019-01-13 06:39:00,599064.0,734711.5266412713,734712.0,0.0,135648.0,135648.0,False,625242.0,26576.23691538653,109469.52664127137
2019-01-13 06:40:00,656222.0,709219.5008805258,709220.0,0.0,52998.0,52998.0,False,599064.0,26742.77288626014,110155.50088052584
2019-01-13 06:41:00,646090.0,753454.5103937906,753455.0,0.0,107365.0,107365.0,False,656222.0,23605.420717412086,97232.51039379058
2019-01-13 06:42:00,653355.0,740368.9830305228,740369.0,0.0,87014.0,87014.0,False,646090.0,22888.384247532198,94278.98303052287
2019-01-13 06:43:00,655620.0,746927.773213474,746928.0,0.0,91308.0,91308.0,False,653355.0,22716.935626297472,93572.77321347393
2019-01-13 06:44:00,636247.0,748012.8367873959,748013.0,0.0,111766.0,111766.0,False,655620.0,22430.479011688138,92392.83678739588
2019-01-13 06:45:00,664884.0,729847.8188767151,729848.0,0.0,64964.0,64964.0,False,636247.0,22723.744353928043,93600.81887671516
2019-01-13 06:46:00,643296.0,757028.8424224993,757029.0,0.0,113733.0,113733.0,False,664884.0,22370.27269494056,92144.84242249932
2019-01-13 06:47:00,619513.0,736801.6763725792,736802.0,0.0,117289.0,117289.0,False,643296.0,22700.64633013804,93505.6763725792
2019-01-13 06:48:00,627254.0,714294.1689733955,714295.0,0.0,87041.0,87041.0,False,619513.0,23010.30139655846,94781.16897339544
2019-01-13 06:49:00,625217.0,721897.141170064,721898.0,0.0,96681.0,96681.0,False,627254.0,22976.79198334735,94643.14117006399
2019-01-13 06:50:00,654182.0,712394.8407446715,712395.0,0.0,58213.0,58213.0,False,625217.0,21164.419181189216,87177.84074467154
2019-01-13 06:51:00,632116.0,743592.8092017788,743593.0,0.0,111477.0,111477.0,False,654182.0,21706.523459534536,89410.80920177889
2019-01-13 06:52:00,627322.0,722064.2042135466,722065.0,0.0,94743.0,94743.0,False,632116.0,21836.98841711754,89948.20421354659
2019-01-13 06:53:00,654934.0,715853.0105312999,715854.0,0.0,60920.0,60920.0,False,627322.0,21492.932165026483,88531.01053129986
2019-01-13 06:54:00,663369.0,745564.8432144136,745565.0,0.0,82196.0,82196.0,False,654934.0,22002.71468242034,90630.84321441356
2019-01-13 06:55:00,681755.0,754090.8959830203,754091.0,0.0,72336.0,72336.0,False,663369.0,22024.819829163353,90721.89598302025
2019-01-13 06:56:00,642385.0,767220.9750729746,767221.0,0.0,124836.0,124836.0,False,681755.0,20748.82454901893,85465.97507297463
2019-01-13 06:57:00,645706.0,732840.0460669211,732841.0,0.0,87135.0,87135.0,False,642385.0,21960.03589514359,90455.04606692106
2019-01-13 06:58:00,650840.0,733175.9724998827,733176.0,0.0,82336.0,82336.0,False,645706.0,21235.340861178203,87469.97249988266
2019-01-13 06:59:00,640297.0,738073.0323668256,738074.0,0.0,97777.0,97777.0,False,650840.0,21177.81821260111,87233.03236682563
2019-01-13 07:00:00,742022.0,727732.8330507653,727733.0,14289.0,0.0,142890.0,False,640297.0,21227.052727340964,87435.83305076536
2019-01-13 07:01:00,681416.0,853310.172666623,853311.0,0.0,171895.0,171895.0,False,742022.0,27017.754926086956,111288.17266662302
2019-01-13 07:02:00,724260.0,802221.558282305,802222.0,0.0,77962.0,77962.0,False,681416.0,29328.31844726049,120805.55828230499
2019-01-13 07:03:00,715798.0,848496.5850482183,848497.0,0.0,132699.0,132699.0,False,724260.0,30161.278842647513,124236.58504821827
2019-01-13 07:04:00,683308.0,839632.0774039885,839633.0,0.0,156325.0,156325.0,False,715798.0,30063.560885499854,123834.07740398843
2019-01-13 07:05:00,711024.0,809702.9208432392,809703.0,0.0,98679.0,98679.0,False,683308.0,30685.264331498714,126394.92084323923
2019-01-13 07:06:00,739637.0,837907.3301086094,837908.0,0.0,98271.0,98271.0,False,711024.0,30803.836876264373,126883.3301086094
2019-01-13 07:07:00,766157.0,867183.8831469628,867184.0,0.0,101027.0,101027.0,False,739637.0,30964.92958666766,127546.8831469629
2019-01-13 07:08:00,746872.0,894798.0341477479,894799.0,0.0,147927.0,147927.0,False,766157.0,31230.559822864427,128641.0341477479
2019-01-13 07:09:00,759099.0,876641.1765770328,876642.0,0.0,117543.0,117543.0,False,746872.0,31504.442257500537,129769.17657703275
2019-01-13 07:10:00,711834.0,886899.9811050735,886900.0,0.0,175066.0,175066.0,False,759099.0,31026.617690577994,127800.98110507344
2019-01-13 07:11:00,677521.0,839008.5031424472,839009.0,0.0,161488.0,161488.0,False,711834.0,30874.52580466362,127174.50314244717
2019-01-13 07:12:00,676539.0,807216.236062169,807217.0,0.0,130678.0,130678.0,False,677521.0,31486.4915026105,129695.23606216896
2019-01-13 07:13:00,670000.0,806153.9698320377,806154.0,0.0,136154.0,136154.0,False,676539.0,31467.005035337614,129614.96983203769
2019-01-13 07:14:00,664100.0,799721.0701707668,799722.0,0.0,135622.0,135622.0,False,670000.0,31492.76332465686,129721.07017076676
2019-01-13 07:15:00,699742.0,793035.0782889243,793036.0,0.0,93294.0,93294.0,False,664100.0,31301.945778383302,128935.07828892433
2019-01-13 07:16:00,679937.0,829628.9887583192,829629.0,0.0,149692.0,149692.0,False,699742.0,31533.043865066153,129886.9887583192
2019-01-13 07:17:00,674485.0,809653.9462995278,809654.0,0.0,135169.0,135169.0,False,679937.0,31491.762160383867,129716.94629952783
2019-01-13 07:18:00,660232.0,802905.1689570039,802906.0,0.0,142674.0,142674.0,False,674485.0,31176.939735012853,128420.16895700387
2019-01-13 07:19:00,678163.0,789108.7192108548,789109.0,0.0,110946.0,110946.0,False,660232.0,31287.777774441704,128876.71921085483
2019-01-13 07:20:00,701024.0,807609.344954229,807610.0,0.0,106586.0,106586.0,False,678163.0,31426.067480933467,129446.34495422895
2019-01-13 07:21:00,697213.0,829822.0072248704,829823.0,0.0,132610.0,132610.0,False,701024.0,31268.668635562746,128798.00722487044
2019-01-13 07:22:00,719911.0,824818.8073275507,824819.0,0.0,104908.0,104908.0,False,697213.0,30979.234782199183,127605.8073275507
2019-01-13 07:23:00,732760.0,848285.0418125736,848286.0,0.0,115526.0,115526.0,False,719911.0,31165.741313349557,128374.04181257356
2019-01-13 07:24:00,676096.0,859997.9656644299,859998.0,0.0,183902.0,183902.0,False,732760.0,30889.932786599227,127237.96566442992
2019-01-13 07:25:00,660739.0,810544.1118680568,810545.0,0.0,149806.0,149806.0,False,676096.0,32640.3610526325,134448.11186805685
2019-01-13 07:26:00,656548.0,794952.328413127,794953.0,0.0,138405.0,138405.0,False,660739.0,32583.36198710738,134213.32841312693
2019-01-13 07:27:00,648827.0,787510.1348997061,787511.0,0.0,138684.0,138684.0,False,656548.0,31794.06023600377,130962.13489970616
2019-01-13 07:28:00,653967.0,779907.7242457727,779908.0,0.0,125941.0,125941.0,False,648827.0,31822.850518134375,131080.72424577273
2019-01-13 07:29:00,665825.0,785047.8545342113,785048.0,0.0,119223.0,119223.0,False,653967.0,31822.8821486394,131080.85453421136
2019-01-13 07:30:00,734432.0,796923.2425084002,796924.0,0.0,62492.0,62492.0,False,665825.0,31827.103477950863,131098.24250840026
2019-01-13 07:31:00,702256.0,852785.692877695,852786.0,0.0,150530.0,150530.0,False,734432.0,28733.071917227622,118353.69287769492
2019-01-13 07:32:00,711253.0,814098.1513668183,814099.0,0.0,102846.0,102846.0,False,702256.0,27152.245954176586,111842.15136681838
2019-01-13 07:33:00,718298.0,818590.3145350163,818591.0,0.0,100293.0,100293.0,False,711253.0,26058.593550805403,107337.31453501627
2019-01-13 07:34:00,671347.0,825591.7249286604,825592.0,0.0,154245.0,154245.0,False,718298.0,26048.01117467659,107293.72492866043
2019-01-13 07:35:00,683693.0,781615.2037253482,781616.0,0.0,97923.0,97923.0,False,671347.0,26770.134085279977,110268.20372534827
2019-01-13 07:36:00,667702.0,792318.2586473463,792319.0,0.0,124617.0,124617.0,False,683693.0,26371.27150706648,108625.25864734632
2019-01-13 07:37:00,670895.0,774461.4088570122,774462.0,0.0,103567.0,103567.0,False,667702.0,25918.293700384816,106759.40885701221
2019-01-13 07:38:00,670731.0,775451.4296718894,775452.0,0.0,104721.0,104721.0,False,670895.0,25383.470005245035,104556.42967188946
2019-01-13 07:39:00,651978.0,774574.6792331955,774575.0,0.0,122597.0,122597.0,False,670731.0,25210.43349817809,103843.67923319545
2019-01-13 07:40:00,719251.0,755856.8749410458,755857.0,0.0,36606.0,36606.0,False,651978.0,25218.978063034945,103878.87494104581
2019-01-13 07:41:00,737523.0,830166.2266113816,830167.0,0.0,92644.0,92644.0,False,719251.0,26927.213722293924,110915.22661138163
2019-01-13 07:42:00,734237.0,845958.6698523639,845959.0,0.0,111722.0,111722.0,False,737523.0,26325.244481221485,108435.66985236382
2019-01-13 07:43:00,672000.0,842721.8754644674,842722.0,0.0,170722.0,170722.0,False,734237.0,26337.19027147889,108484.87546446749
2019-01-13 07:44:00,693397.0,790313.7040681527,790314.0,0.0,96917.0,96917.0,False,672000.0,28723.363717064836,118313.70406815267
2019-01-13 07:45:00,701556.0,812649.9702660764,812650.0,0.0,111094.0,111094.0,False,693397.0,28951.392117008832,119252.97026607642
2019-01-13 07:46:00,692926.0,817988.7232297575,817989.0,0.0,125063.0,125063.0,False,701556.0,28266.712501623788,116432.7232297575
2019-01-13 07:47:00,704645.0,808570.9206626584,808571.0,0.0,103926.0,103926.0,False,692926.0,28075.45536999861,115644.92066265839
2019-01-13 07:48:00,702494.0,820492.487017327,820493.0,0.0,117999.0,117999.0,False,704645.0,28124.632995936463,115847.48701732696
2019-01-13 07:49:00,673073.0,817784.2505302739,817785.0,0.0,144712.0,144712.0,False,702494.0,27989.35106541025,115290.25053027383
2019-01-13 07:50:00,718088.0,789832.2865142572,789833.0,0.0,71745.0,71745.0,False,673073.0,28345.993224606824,116759.28651425718
2019-01-13 07:51:00,671484.0,838413.2919894008,838414.0,0.0,166930.0,166930.0,False,718088.0,29211.722795718804,120325.29198940069
2019-01-13 07:52:00,698860.0,796749.0335170854,796750.0,0.0,97890.0,97890.0,False,671484.0,30410.958283150125,125265.03351708537
2019-01-13 07:53:00,681303.0,824669.1183611302,824670.0,0.0,143367.0,143367.0,False,698860.0,30543.04735086658,125809.11836113021
2019-01-13 07:54:00,663596.0,807268.5999155034,807269.0,0.0,143673.0,143673.0,False,681303.0,30581.03683515054,125965.59991550345
2019-01-13 07:55:00,686195.0,783077.0632234623,783078.0,0.0,96883.0,96883.0,False,663596.0,29006.766910891714,119481.06322346226
2019-01-13 07:56:00,684849.0,806286.2708636805,806287.0,0.0,121438.0,121438.0,False,686195.0,29154.90880308389,120091.27086368053
2019-01-13 07:57:00,687237.0,804891.1634924179,804892.0,0.0,117655.0,117655.0,False,684849.0,29142.98686304257,120042.16349241784
2019-01-13 07:58:00,690380.0,807099.0771800682,807100.0,0.0,116720.0,116720.0,False,687237.0,29099.266782678063,119862.07718006826
2019-01-13 07:59:00,675470.0,810214.8005956141,810215.0,0.0,134745.0,134745.0,False,690380.0,29092.644766552323,119834.80059561411
2019-01-13 08:00:00,761153.0,795594.208975714,795595.0,0.0,34442.0,34442.0,False,675470.0,29162.9052848063,120124.20897571402
2019-01-13 08:01:00,760333.0,887280.6074123399,887281.0,0.0,126948.0,126948.0,False,761153.0,30620.36786863627,126127.60741233993
2019-01-13 08:02:00,764895.0,883916.6023389222,883917.0,0.0,119022.0,119022.0,False,760333.0,30002.752321922067,123583.60233892224
2019-01-13 08:03:00,771924.0,888378.7559549939,888379.0,0.0,116455.0,116455.0,False,764895.0,29978.512323487445,123483.75595499393
2019-01-13 08:04:00,704353.0,895407.3712904117,895408.0,0.0,191055.0,191055.0,False,771924.0,29978.418937342605,123483.3712904117
2019-01-13 08:05:00,704053.0,833261.3239680973,833262.0,0.0,129209.0,129209.0,False,704353.0,31295.450553724673,128908.32396809732
2019-01-13 08:06:00,713287.0,832676.1891503318,832677.0,0.0,119390.0,119390.0,False,704053.0,31226.2275406884,128623.18915033175
2019-01-13 08:07:00,731357.0,841412.5956447811,841413.0,0.0,110056.0,110056.0,False,713287.0,31105.425311092524,128125.59564478113
2019-01-13 08:08:00,744953.0,860063.3690674976,860064.0,0.0,115111.0,115111.0,False,731357.0,31246.421372278113,128706.36906749751
2019-01-13 08:09:00,754108.0,873929.4362501767,873930.0,0.0,119822.0,119822.0,False,744953.0,31311.9863715082,128976.43625017669
2019-01-13 08:10:00,772037.0,882133.9633602598,882134.0,0.0,110097.0,110097.0,False,754108.0,31081.23729019664,128025.96336025975
2019-01-13 08:11:00,747431.0,891020.3010398131,891021.0,0.0,143590.0,143590.0,False,772037.0,28885.923730820865,118983.30103981303
2019-01-13 08:12:00,717670.0,867269.6563695248,867270.0,0.0,149600.0,149600.0,False,747431.0,29093.5808440534,119838.65636952479
2019-01-13 08:13:00,679838.0,839542.0595202891,839543.0,0.0,159705.0,159705.0,False,717670.0,29587.23606973364,121872.05952028911
2019-01-13 08:14:00,681592.0,795922.5156757736,795923.0,0.0,114331.0,114331.0,False,679838.0,28182.177136081104,116084.51567577355
2019-01-13 08:15:00,686841.0,796557.0152367536,796558.0,0.0,109717.0,109717.0,False,681592.0,27910.392742678454,114965.0152367536
2019-01-13 08:16:00,684786.0,801703.6713507293,801704.0,0.0,116918.0,116918.0,False,686841.0,27885.546418360853,114862.6713507293
2019-01-13 08:17:00,682564.0,799487.9330516834,799488.0,0.0,116924.0,116924.0,False,684786.0,27846.523511732048,114701.93305168334
2019-01-13 08:18:00,690881.0,796904.3347206655,796905.0,0.0,106024.0,106024.0,False,682564.0,27758.737228113314,114340.33472066547
2019-01-13 08:19:00,674680.0,805409.8864278565,805410.0,0.0,130730.0,130730.0,False,690881.0,27804.51247712421,114528.8864278565
2019-01-13 08:20:00,706845.0,787720.9560327277,787721.0,0.0,80876.0,80876.0,False,674680.0,27443.283266513583,113040.95603272777
2019-01-13 08:21:00,683761.0,817366.5929904417,817367.0,0.0,133606.0,133606.0,False,706845.0,26831.650137715325,110521.59299044166
2019-01-13 08:22:00,680013.0,790004.0101203638,790005.0,0.0,109992.0,109992.0,False,683761.0,25792.926069875663,106243.01012036379
2019-01-13 08:23:00,675072.0,784261.7940113432,784262.0,0.0,109190.0,109190.0,False,680013.0,25308.78439684652,104248.79401134313
2019-01-13 08:24:00,646895.0,778576.8312292862,778577.0,0.0,131682.0,131682.0,False,675072.0,25128.170377960985,103504.83122928612
2019-01-13 08:25:00,654577.0,751682.5069657639,751683.0,0.0,97106.0,97106.0,False,646895.0,25439.5693152192,104787.50696576391
2019-01-13 08:26:00,636931.0,758072.7460137734,758073.0,0.0,121142.0,121142.0,False,654577.0,25125.964733638746,103495.74601377336
2019-01-13 08:27:00,634606.0,741151.9626178145,741152.0,0.0,106546.0,106546.0,False,636931.0,25302.027688100316,104220.96261781458
2019-01-13 08:28:00,666021.0,738783.2883434689,738784.0,0.0,72763.0,72763.0,False,634606.0,25291.424756876153,104177.28834346887
2019-01-13 08:29:00,662739.0,773009.3488946502,773010.0,0.0,110271.0,110271.0,False,666021.0,25973.874142416164,106988.34889465019
2019-01-13 08:30:00,717914.0,769204.9608638654,769205.0,0.0,51291.0,51291.0,False,662739.0,25847.052473465374,106465.96086386539
2019-01-13 08:31:00,681754.0,812107.5997011008,812108.0,0.0,130354.0,130354.0,False,717914.0,22867.655487109387,94193.5997011008
2019-01-13 08:32:00,688419.0,779377.7164199201,779378.0,0.0,90959.0,90959.0,False,681754.0,23700.394947703735,97623.71641992014
2019-01-13 08:33:00,711021.0,786142.5403981273,786143.0,0.0,75122.0,75122.0,False,688419.0,23724.629506635953,97723.54039812728
2019-01-13 08:34:00,664188.0,810274.191873816,810275.0,0.0,146087.0,146087.0,False,711021.0,24095.98746590703,99253.19187381599
2019-01-13 08:35:00,675517.0,756648.3340402265,756649.0,0.0,81132.0,81132.0,False,664188.0,22446.86551702348,92460.33404022652
2019-01-13 08:36:00,653866.0,768449.8316417261,768450.0,0.0,114584.0,114584.0,False,675517.0,22561.57514064827,92932.83164172606
2019-01-13 08:37:00,656281.0,747685.988883885,747686.0,0.0,91405.0,91405.0,False,653866.0,22776.952897109008,93819.98888388497
2019-01-13 08:38:00,667644.0,748915.3659065352,748916.0,0.0,81272.0,81272.0,False,656281.0,22489.115741828064,92634.36590653514
2019-01-13 08:39:00,659059.0,760073.3800633837,760074.0,0.0,101015.0,101015.0,False,667644.0,22439.350729600097,92429.38006338371
2019-01-13 08:40:00,663593.0,751144.987394631,751145.0,0.0,87552.0,87552.0,False,659059.0,22355.98428781685,92085.987394631
2019-01-13 08:41:00,652064.0,754468.0257877104,754469.0,0.0,102405.0,102405.0,False,663593.0,22061.995599381033,90875.02578771046
2019-01-13 08:42:00,642851.0,741737.1136792813,741738.0,0.0,98887.0,98887.0,False,652064.0,21770.203884141785,89673.1136792813
2019-01-13 08:43:00,635537.0,730339.6907409612,730340.0,0.0,94803.0,94803.0,False,642851.0,21239.88514327028,87488.69074096125
2019-01-13 08:44:00,653078.0,718865.2385659224,718866.0,0.0,65788.0,65788.0,False,635537.0,20229.84000951082,83328.2385659224
2019-01-13 08:45:00,696703.0,737561.9713850634,737562.0,0.0,40859.0,40859.0,False,653078.0,20510.420643727237,84483.9713850634
2019-01-13 08:46:00,653622.0,787321.9401164735,787322.0,0.0,133700.0,133700.0,False,696703.0,21999.824932545765,90618.94011647352
2019-01-13 08:47:00,652582.0,749760.3966356202,749761.0,0.0,97179.0,97179.0,False,653622.0,23339.799522713703,96138.39663562016
2019-01-13 08:48:00,666861.0,748716.1417399294,748717.0,0.0,81856.0,81856.0,False,652582.0,23338.766549251628,96134.14173992946
2019-01-13 08:49:00,639711.0,763422.0348952177,763423.0,0.0,123712.0,123712.0,False,666861.0,23442.404648187392,96561.03489521777
2019-01-13 08:50:00,685406.0,737590.0087933796,737591.0,0.0,52185.0,52185.0,False,639711.0,23762.37302331912,97879.0087933797
2019-01-13 08:51:00,639091.0,786353.8796746136,786354.0,0.0,147263.0,147263.0,False,685406.0,24507.41177615551,100947.87967461359
2019-01-13 08:52:00,628407.0,744320.8507614105,744321.0,0.0,115914.0,115914.0,False,639091.0,25546.958411270367,105229.8507614105
2019-01-13 08:53:00,643458.0,733845.8230018801,733846.0,0.0,90388.0,90388.0,False,628407.0,25597.69121282579,105438.82300188005
2019-01-13 08:54:00,662695.0,749585.3784562291,749586.0,0.0,86891.0,86891.0,False,643458.0,25764.853832831694,106127.37845622907
2019-01-13 08:55:00,666477.0,767754.1537094294,767755.0,0.0,101278.0,101278.0,False,662695.0,25505.517789086323,105059.15370942943
2019-01-13 08:56:00,654261.0,771425.4464941513,771426.0,0.0,117165.0,117165.0,False,666477.0,25478.64107488333,104948.4464941513
2019-01-13 08:57:00,661425.0,758757.308164939,758758.0,0.0,97333.0,97333.0,False,654261.0,25368.874131293178,104496.308164939
2019-01-13 08:58:00,660900.0,766007.7409667016,766008.0,0.0,105108.0,105108.0,False,661425.0,25389.85767518328,104582.74096670169
2019-01-13 08:59:00,639730.0,762844.1944960864,762845.0,0.0,123115.0,123115.0,False,660900.0,24749.290037167302,101944.1944960865
2019-01-13 09:00:00,725493.0,742834.3495038692,742835.0,0.0,17342.0,17342.0,False,639730.0,25030.944259044434,103104.34950386919
2019-01-13 09:01:00,683483.0,839850.062591295,839851.0,0.0,156368.0,156368.0,False,725493.0,27762.798302154464,114357.06259129499
2019-01-13 09:02:00,678966.0,798969.7590161157,798970.0,0.0,120004.0,120004.0,False,683483.0,28037.058004828472,115486.75901611565
2019-01-13 09:03:00,663831.0,794386.8782279993,794387.0,0.0,130556.0,130556.0,False,678966.0,28021.06393335605,115420.8782279993
2019-01-13 09:04:00,655216.0,778383.6855015783,778384.0,0.0,123168.0,123168.0,False,663831.0,27810.29024780617,114552.68550157823
2019-01-13 09:05:00,720038.0,764597.433702923,764598.0,0.0,44560.0,44560.0,False,655216.0,26554.850335285642,109381.43370292296
2019-01-13 09:06:00,786788.0,839337.1229856949,839338.0,0.0,52550.0,52550.0,True,720038.0,28962.5967476353,119299.12298569488
2019-01-13 09:07:00,748748.0,914033.1824030564,914034.0,0.0,165286.0,165286.0,False,786788.0,30891.684815327033,127245.18240305643
2019-01-13 09:08:00,764754.0,879814.0920334449,879815.0,0.0,115061.0,115061.0,False,748748.0,31819.298213183854,131066.09203344496
2019-01-13 09:09:00,647056.0,896030.7873786651,896031.0,0.0,248975.0,248975.0,False,764754.0,31870.449337915485,131276.78737866512
2019-01-13 09:10:00,704455.0,805806.0214199105,805807.0,0.0,101352.0,101352.0,False,647056.0,38540.20665864119,158750.02141991042
2019-01-13 09:11:00,669764.0,868846.3000113422,868847.0,0.0,199083.0,199083.0,False,704455.0,39909.75634933168,164391.30001134216
2019-01-13 09:12:00,632930.0,836063.5156680739,836064.0,0.0,203134.0,203134.0,False,669764.0,40373.01944121603,166299.51566807384
2019-01-13 09:13:00,674175.0,801390.3642120981,801391.0,0.0,127216.0,127216.0,False,632930.0,40897.61495748643,168460.36421209804
2019-01-13 09:14:00,663569.0,845302.0080524689,845303.0,0.0,181734.0,181734.0,False,674175.0,41545.003876074596,171127.00805246885
2019-01-13 09:15:00,684839.0,834449.44111873,834450.0,0.0,149611.0,149611.0,False,663569.0,41485.14410096096,170880.44111873006
2019-01-13 09:16:00,672323.0,853299.8968639023,853300.0,0.0,180977.0,180977.0,False,684839.0,40897.74427092168,168460.89686390234
2019-01-13 09:17:00,657420.0,837894.9374035111,837895.0,0.0,180475.0,180475.0,False,672323.0,40196.38313952753,165571.9374035111
2019-01-13 09:18:00,656588.0,823387.5177952972,823388.0,0.0,166800.0,166800.0,False,657420.0,40292.41934735401,165967.51779529717
2019-01-13 09:19:00,649600.0,822204.2683817791,822205.0,0.0,172605.0,172605.0,False,656588.0,40207.14550068216,165616.26838177908
2019-01-13 09:20:00,679858.0,814037.2986993504,814038.0,0.0,134180.0,134180.0,False,649600.0,39920.92358525397,164437.29869935042
2019-01-13 09:21:00,645161.0,842270.3693932638,842271.0,0.0,197110.0,197110.0,False,679858.0,39429.32557961156,162412.3693932638
2019-01-13 09:22:00,661858.0,805925.9225518375,805926.0,0.0,144068.0,144068.0,False,645161.0,39029.3700951348,160764.92255183746
2019-01-13 09:23:00,645617.0,822848.9157137505,822849.0,0.0,177232.0,177232.0,False,661858.0,39084.23511553395,160990.91571375052
2019-01-13 09:24:00,631846.0,806738.5127356458,806739.0,0.0,174893.0,174893.0,False,645617.0,39115.94053621879,161121.51273564575
2019-01-13 09:25:00,636462.0,792595.0274884247,792596.0,0.0,156134.0,156134.0,False,631846.0,39025.511204135604,160749.0274884247
2019-01-13 09:26:00,656958.0,797226.3241385513,797227.0,0.0,140269.0,140269.0,False,636462.0,39029.22481659242,160764.3241385513
2019-01-13 09:27:00,650967.0,818250.2792590397,818251.0,0.0,167284.0,167284.0,False,656958.0,39157.39802418077,161292.2792590397
2019-01-13 09:28:00,650560.0,812226.2558414395,812227.0,0.0,161667.0,161667.0,False,650967.0,39149.38083257661,161259.25584143944
2019-01-13 09:29:00,624244.0,811819.206442373,811820.0,0.0,187576.0,187576.0,False,650560.0,39149.36883982088,161259.20644237302
2019-01-13 09:30:00,680369.0,785923.3988061422,785924.0,0.0,105555.0,105555.0,False,624244.0,39251.380168015974,161679.39880614213
2019-01-13 09:31:00,662725.0,834408.0510259244,834409.0,0.0,171684.0,171684.0,False,680369.0,37396.51060793823,154039.05102592442
2019-01-13 09:32:00,631987.0,814172.1350610267,814173.0,0.0,182186.0,182186.0,False,662725.0,36767.263594076336,151447.13506102667
2019-01-13 09:33:00,619847.0,785041.1287684642,785042.0,0.0,165195.0,165195.0,False,631987.0,37157.3981529874,153054.1287684642
2019-01-13 09:34:00,621276.0,772766.9218040899,772767.0,0.0,151491.0,151491.0,False,619847.0,37124.81633601659,152919.92180408988
2019-01-13 09:35:00,627818.0,774110.6734791226,774111.0,0.0,146293.0,146293.0,False,621276.0,37104.12035101983,152834.6734791226
2019-01-13 09:36:00,618962.0,772274.2613423794,772275.0,0.0,153313.0,153313.0,False,627818.0,35070.06875006142,144456.2613423794
2019-01-13 09:37:00,613680.0,753205.9295640542,753206.0,0.0,139526.0,139526.0,False,618962.0,32590.791117952096,134243.92956405424
2019-01-13 09:38:00,630366.0,745611.3328681227,745612.0,0.0,115246.0,115246.0,False,613680.0,32029.355259348093,131931.33286812273
2019-01-13 09:39:00,620035.0,762358.0586449851,762359.0,0.0,142324.0,142324.0,False,630366.0,32044.097833672495,131992.05864498514
2019-01-13 09:40:00,661631.0,719906.8062506882,719907.0,0.0,58276.0,58276.0,False,620035.0,24246.170286125976,99871.80625068817
2019-01-13 09:41:00,638480.0,756861.2381527385,756862.0,0.0,118382.0,118382.0,False,661631.0,23119.32323366505,95230.23815273853
2019-01-13 09:42:00,639565.0,731793.5121330742,731794.0,0.0,92229.0,92229.0,False,638480.0,22653.99405609939,93313.5121330742
2019-01-13 09:43:00,618730.0,728774.7444953527,728775.0,0.0,110045.0,110045.0,False,639565.0,21657.710393129175,89209.74449535276
2019-01-13 09:44:00,638657.0,703492.3795739792,703493.0,0.0,64836.0,64836.0,False,618730.0,20578.01061341857,84762.37957397912
2019-01-13 09:45:00,666555.0,724632.9979473078,724633.0,0.0,58078.0,58078.0,False,638657.0,20872.64429279987,85975.99794730773
2019-01-13 09:46:00,650571.0,753627.2529001466,753628.0,0.0,103057.0,103057.0,False,666555.0,21138.78531158571,87072.2529001466
2019-01-13 09:47:00,643882.0,737948.6772872857,737949.0,0.0,94067.0,94067.0,False,650571.0,21212.93408267654,87377.67728728568
2019-01-13 09:48:00,633464.0,730715.2735903253,730716.0,0.0,97252.0,97252.0,False,643882.0,21080.7676061059,86833.27359032526
2019-01-13 09:49:00,644343.0,720609.7593296184,720610.0,0.0,76267.0,76267.0,False,633464.0,21156.630682296505,87145.75932961848
2019-01-13 09:50:00,667301.0,731768.7448781794,731769.0,0.0,64468.0,64468.0,False,644343.0,21224.603592198844,87425.74487817936
2019-01-13 09:51:00,624309.0,753446.8216904704,753447.0,0.0,129138.0,129138.0,False,667301.0,20913.872899249767,86145.82169047043
2019-01-13 09:52:00,649056.0,712515.2458137615,712516.0,0.0,63460.0,63460.0,False,624309.0,21414.088085401097,88206.24581376152
2019-01-13 09:53:00,639491.0,738354.0033011311,738355.0,0.0,98864.0,98864.0,False,649056.0,21679.137241350785,89298.00330113109
2019-01-13 09:54:00,635086.0,728255.1849452904,728256.0,0.0,93170.0,93170.0,False,639491.0,21549.540598980242,88764.1849452905
2019-01-13 09:55:00,653897.0,723309.0768673362,723310.0,0.0,69413.0,69413.0,False,635086.0,21418.174209467412,88223.07686733622
2019-01-13 09:56:00,638593.0,743148.6288912656,743149.0,0.0,104556.0,104556.0,False,653897.0,21667.878790335148,89251.62889126562
2019-01-13 09:57:00,628351.0,727250.2221176164,727251.0,0.0,98900.0,98900.0,False,638593.0,21523.572920699127,88657.2221176164
2019-01-13 09:58:00,623419.0,717209.5735490964,717210.0,0.0,93791.0,93791.0,False,628351.0,21572.45559618377,88858.57354909633
2019-01-13 09:59:00,618989.0,712330.5566046739,712331.0,0.0,93342.0,93342.0,False,623419.0,21585.318447433165,88911.55660467381
2019-01-13 10:00:00,737398.0,705811.0158133192,705812.0,31586.0,0.0,315860.0,False,618989.0,21078.03452268049,86822.0158133193
2019-01-13 10:01:00,711902.0,854125.3909020837,854126.0,0.0,142224.0,142224.0,False,737398.0,28338.24983362221,116727.39090208369
2019-01-13 10:02:00,708427.0,829513.9889466108,829514.0,0.0,121087.0,121087.0,False,711902.0,28553.00628619445,117611.98894661087
2019-01-13 10:03:00,716722.0,823494.3395268251,823495.0,0.0,106773.0,106773.0,False,708427.0,27935.234309629337,115067.33952682518
2019-01-13 10:04:00,688071.0,831305.101953244,831306.0,0.0,143235.0,143235.0,False,716722.0,27817.674538671366,114583.101953244
2019-01-13 10:05:00,717242.0,805054.7622387948,805055.0,0.0,87813.0,87813.0,False,688071.0,28400.48985229952,116983.76223879482
2019-01-13 10:06:00,730550.0,835882.6925659706,835883.0,0.0,105333.0,105333.0,False,717242.0,28802.747670327848,118640.69256597057
2019-01-13 10:07:00,715374.0,849071.8549683748,849072.0,0.0,133698.0,133698.0,False,730550.0,28773.89711944796,118521.85496837477
2019-01-13 10:08:00,690267.0,834544.8332210525,834545.0,0.0,144278.0,144278.0,False,715374.0,28931.451466536877,119170.83322105256
2019-01-13 10:09:00,721792.0,810799.3501615294,810800.0,0.0,89008.0,89008.0,False,690267.0,29261.99091330912,120532.35016152941
2019-01-13 10:10:00,683737.0,843866.5417565091,843867.0,0.0,160130.0,160130.0,False,721792.0,29636.393273989885,122074.54175650909
2019-01-13 10:11:00,655956.0,805919.9410771636,805920.0,0.0,149964.0,149964.0,False,683737.0,29662.7096938701,122182.94107716356
2019-01-13 10:12:00,637158.0,778697.5719344246,778698.0,0.0,141540.0,141540.0,False,655956.0,29798.33013972682,122741.57193442454
2019-01-13 10:13:00,645805.0,760731.1559115249,760732.0,0.0,114927.0,114927.0,False,637158.0,30000.216212212355,123573.15591152485
2019-01-13 10:14:00,634407.0,768497.2734926009,768498.0,0.0,134091.0,134091.0,False,645805.0,29786.361812927,122692.27349260091
2019-01-13 10:15:00,658724.0,756537.1435937213,756538.0,0.0,97814.0,97814.0,False,634407.0,29649.891894510314,122130.14359372127
2019-01-13 10:16:00,651573.0,780417.085310494,780418.0,0.0,128845.0,128845.0,False,658724.0,29543.78597775647,121693.08531049395
2019-01-13 10:17:00,623285.0,772794.9917378072,772795.0,0.0,149510.0,149510.0,False,651573.0,29429.417214309935,121221.99173780717
2019-01-13 10:18:00,650483.0,746224.2317090208,746225.0,0.0,95742.0,95742.0,False,623285.0,29846.31658088067,122939.23170902077
2019-01-13 10:19:00,641362.0,774875.8097082258,774876.0,0.0,133514.0,133514.0,False,650483.0,30199.205959935505,124392.80970822574
2019-01-13 10:20:00,658398.0,765696.1422120025,765697.0,0.0,107299.0,107299.0,False,641362.0,30184.963080417365,124334.14221200258
2019-01-13 10:21:00,637255.0,782186.9435661042,782187.0,0.0,144932.0,144932.0,False,658398.0,30052.603611769755,123788.94356610416
2019-01-13 10:22:00,636686.0,757793.4874164816,757794.0,0.0,121108.0,121108.0,False,637255.0,29263.480872630436,120538.4874164816
2019-01-13 10:23:00,630693.0,755781.0394998726,755782.0,0.0,125089.0,125089.0,False,636686.0,28913.050803333324,119095.03949987255
2019-01-13 10:24:00,615430.0,749662.0041029403,749663.0,0.0,134233.0,134233.0,False,630693.0,28882.452821672425,118969.00410294028
2019-01-13 10:25:00,645330.0,734881.1518476929,734882.0,0.0,89552.0,89552.0,False,615430.0,28999.50523877801,119451.1518476929
2019-01-13 10:26:00,626160.0,766077.5389617579,766078.0,0.0,139918.0,139918.0,False,645330.0,29314.23292724557,120747.5389617579
2019-01-13 10:27:00,623951.0,747212.9364427784,747213.0,0.0,123262.0,123262.0,False,626160.0,29388.37516625936,121052.93644277842
2019-01-13 10:28:00,613952.0,744780.6153833282,744781.0,0.0,130829.0,130829.0,False,623951.0,29334.15885998453,120829.61538332822
2019-01-13 10:29:00,628236.0,734953.0700312196,734954.0,0.0,106718.0,106718.0,False,613952.0,29375.78340594187,121001.07003121969
2019-01-13 10:30:00,683336.0,749667.5861305459,749668.0,0.0,66332.0,66332.0,False,628236.0,29480.30105759005,121431.58613054597
2019-01-13 10:31:00,632697.0,775421.0327740596,775422.0,0.0,142725.0,142725.0,False,683336.0,22355.75253179077,92085.03277405954
2019-01-13 10:32:00,622805.0,730160.4004608628,730161.0,0.0,107356.0,107356.0,False,632697.0,23661.474573788273,97463.40046086273
2019-01-13 10:33:00,617582.0,720414.8675032692,720415.0,0.0,102833.0,102833.0,False,622805.0,23697.032805733917,97609.8675032692
2019-01-13 10:34:00,612783.0,714829.699880307,714830.0,0.0,102047.0,102047.0,False,617582.0,23609.10831344606,97247.69988030699
2019-01-13 10:35:00,627331.0,708094.6820038126,708095.0,0.0,80764.0,80764.0,False,612783.0,23139.095595415914,95311.68200381265
2019-01-13 10:36:00,610515.0,720482.5544343677,720483.0,0.0,109968.0,109968.0,False,627331.0,22614.675112251214,93151.55443436772
2019-01-13 10:37:00,611329.0,703346.8364666433,703347.0,0.0,92018.0,92018.0,False,610515.0,22537.056246827648,92831.83646664328
2019-01-13 10:38:00,647618.0,703824.4995726964,703825.0,0.0,56207.0,56207.0,False,611329.0,22455.402756115018,92495.49957269634
2019-01-13 10:39:00,622119.0,743082.5481442306,743083.0,0.0,120964.0,120964.0,False,647618.0,23176.207355087656,95464.54814423066
2019-01-13 10:40:00,679992.0,715746.6686388978,715747.0,0.0,35755.0,35755.0,False,622119.0,22730.262749163507,93627.66863889777
2019-01-13 10:41:00,652364.0,780133.6522247496,780134.0,0.0,127770.0,127770.0,False,679992.0,24311.681581893412,100141.6522247495
2019-01-13 10:42:00,655902.0,752481.8160925412,752482.0,0.0,96580.0,96580.0,False,652364.0,24305.89481441436,100117.81609254118
2019-01-13 10:43:00,633635.0,755020.2500201415,755021.0,0.0,121386.0,121386.0,False,655902.0,24063.22723771304,99118.25002014144
2019-01-13 10:44:00,637382.0,733966.3849361704,733967.0,0.0,96585.0,96585.0,False,633635.0,24357.74354675277,100331.3849361704
2019-01-13 10:45:00,669323.0,737399.3896888774,737400.0,0.0,68077.0,68077.0,False,637382.0,24281.514002893393,100017.38968887735
2019-01-13 10:46:00,631715.0,770536.1510303861,770537.0,0.0,138822.0,138822.0,False,669323.0,24571.812478471307,101213.1510303861
2019-01-13 10:47:00,636388.0,736642.4527516201,736643.0,0.0,100255.0,100255.0,False,631715.0,25473.544362653287,104927.4527516201
2019-01-13 10:48:00,620846.0,739216.7459586092,739217.0,0.0,118371.0,118371.0,False,636388.0,24964.035180890158,102828.74595860911
2019-01-13 10:49:00,629942.0,722229.8253526449,722230.0,0.0,92288.0,92288.0,False,620846.0,24613.24758249425,101383.82535264491
2019-01-13 10:50:00,650769.0,731394.0701451174,731395.0,0.0,80626.0,80626.0,False,629942.0,24629.815570213163,101452.07014511731
2019-01-13 10:51:00,626510.0,752627.0559221699,752628.0,0.0,126118.0,126118.0,False,650769.0,24728.37792383132,101858.05592216998
2019-01-13 10:52:00,632854.0,728754.7817661308,728755.0,0.0,95901.0,95901.0,False,626510.0,24822.264487204196,102244.78176613076
2019-01-13 10:53:00,625060.0,735218.4162618243,735219.0,0.0,110159.0,110159.0,False,632854.0,24851.308503364282,102364.41626182437
2019-01-13 10:54:00,621117.0,727491.418112994,727492.0,0.0,106375.0,106375.0,False,625060.0,24867.574738590538,102431.41811299401
2019-01-13 10:55:00,639438.0,722946.3893238936,722947.0,0.0,83509.0,83509.0,False,621117.0,24721.41844998752,101829.38932389354
2019-01-13 10:56:00,611415.0,739704.6401556398,739705.0,0.0,128290.0,128290.0,False,639438.0,24342.025267162004,100266.6401556398
2019-01-13 10:57:00,627507.0,712836.1289893284,712837.0,0.0,85330.0,85330.0,False,611415.0,24622.3038953945,101421.12898932838
2019-01-13 10:58:00,609230.0,729652.9690015507,729653.0,0.0,120423.0,120423.0,False,627507.0,24798.275423559564,102145.96900155066
2019-01-13 10:59:00,614930.0,712021.0346226951,712022.0,0.0,97092.0,97092.0,False,609230.0,24954.879889656168,102791.03462269505
2019-01-13 11:00:00,725337.0,717233.7723776769,717234.0,8103.0,0.0,81030.0,False,614930.0,24836.585810373625,102303.77237767691
2019-01-13 11:01:00,682411.0,850289.3991115354,850290.0,0.0,167879.0,167879.0,False,725337.0,30335.059114817883,124952.3991115354
2019-01-13 11:02:00,663537.0,805665.2928275142,805666.0,0.0,142129.0,142129.0,False,682411.0,29922.804889406463,123254.29282751428
2019-01-13 11:03:00,642260.0,787444.4771353332,787445.0,0.0,145185.0,145185.0,False,663537.0,30081.380352794495,123907.47713533319
2019-01-13 11:04:00,629967.0,767213.8543761735,767214.0,0.0,137247.0,137247.0,False,642260.0,30335.41241366719,124953.85437617349
2019-01-13 11:05:00,648462.0,755233.9985088452,755234.0,0.0,106772.0,106772.0,False,629967.0,30411.4353299425,125266.99850884522
2019-01-13 11:06:00,714068.0,774011.7137102893,774012.0,0.0,59944.0,59944.0,False,648462.0,30480.07092565291,125549.71371028936
2019-01-13 11:07:00,720571.0,847646.8821864444,847647.0,0.0,127076.0,127076.0,False,714068.0,32429.33562244023,133578.8821864444
2019-01-13 11:08:00,684048.0,854152.5778566942,854153.0,0.0,170105.0,170105.0,False,720571.0,32429.990058185067,133581.5778566942
2019-01-13 11:09:00,727708.0,818411.7997592892,818412.0,0.0,90704.0,90704.0,False,684048.0,32619.892355578693,134363.79975928922
2019-01-13 11:10:00,690386.0,864012.1059161846,864013.0,0.0,173627.0,173627.0,False,727708.0,33090.94615197462,136304.10591618464
2019-01-13 11:11:00,630915.0,823354.1182139479,823355.0,0.0,192440.0,192440.0,False,690386.0,32281.05866783494,132968.11821394786
2019-01-13 11:12:00,627798.0,769632.1925114581,769633.0,0.0,141835.0,141835.0,False,630915.0,33676.77823713093,138717.1925114581
2019-01-13 11:13:00,635876.0,766487.0695878312,766488.0,0.0,130612.0,130612.0,False,627798.0,33669.95075277073,138689.0695878312
2019-01-13 11:14:00,636610.0,773738.0436661541,773739.0,0.0,137129.0,137129.0,False,635876.0,33469.17125272155,137862.04366615415
2019-01-13 11:15:00,659786.0,774444.6500829242,774445.0,0.0,114659.0,114659.0,False,636610.0,33462.52083246107,137834.65008292423
2019-01-13 11:16:00,635159.0,796619.7139745281,796620.0,0.0,161461.0,161461.0,False,659786.0,33219.520648116886,136833.71397452813
2019-01-13 11:17:00,617394.0,770318.3741086391,770319.0,0.0,152925.0,152925.0,False,635159.0,32813.036265494484,135159.37410863908
2019-01-13 11:18:00,621548.0,753142.3573519272,753143.0,0.0,131595.0,131595.0,False,617394.0,32956.02544881408,135748.3573519272
2019-01-13 11:19:00,606165.0,756853.4123960349,756854.0,0.0,150689.0,150689.0,False,621548.0,32848.490407333134,135305.41239603492
2019-01-13 11:20:00,655294.0,741752.4084345843,741753.0,0.0,86459.0,86459.0,False,606165.0,32916.95140976576,135587.4084345842
2019-01-13 11:21:00,635518.0,794986.3954351436,794987.0,0.0,159469.0,159469.0,False,655294.0,33913.53110101581,139692.39543514358
2019-01-13 11:22:00,621572.0,774806.1012624014,774807.0,0.0,153235.0,153235.0,False,635518.0,33815.37942311996,139288.10126240144
2019-01-13 11:23:00,619903.0,761169.7786736975,761170.0,0.0,141267.0,141267.0,False,621572.0,33890.56071331514,139597.77867369747
2019-01-13 11:24:00,601904.0,759390.1236912829,759391.0,0.0,157487.0,157487.0,False,619903.0,33863.69667983711,139487.12369128296
2019-01-13 11:25:00,620051.0,741991.9296484154,741992.0,0.0,121941.0,121941.0,False,601904.0,34009.556097949426,140087.9296484154
2019-01-13 11:26:00,601785.0,760125.6682908575,760126.0,0.0,158341.0,158341.0,False,620051.0,34006.336599417795,140074.66829085743
2019-01-13 11:27:00,604609.0,740964.0924752929,740965.0,0.0,136356.0,136356.0,False,601785.0,33788.915041287466,139179.09247529285
2019-01-13 11:28:00,602073.0,743247.8867866646,743248.0,0.0,141175.0,141175.0,False,604609.0,33657.76772746863,138638.88678666466
2019-01-13 11:29:00,606733.0,740074.3499618131,740075.0,0.0,133342.0,133342.0,False,602073.0,33502.99104925149,138001.34996181307
2019-01-13 11:30:00,685358.0,744711.179420698,744712.0,0.0,59354.0,59354.0,False,606733.0,33497.36586926737,137978.17942069794
2019-01-13 11:31:00,635989.0,810303.3348321846,810304.0,0.0,174315.0,174315.0,False,685358.0,30333.344099074024,124945.33483218463
2019-01-13 11:32:00,614652.0,762231.4486592797,762232.0,0.0,147580.0,147580.0,False,635989.0,30648.248213787785,126242.44865927976
2019-01-13 11:33:00,626400.0,741098.6027253133,741099.0,0.0,114699.0,114699.0,False,614652.0,30697.811293053895,126446.60272531323
2019-01-13 11:34:00,619131.0,752301.0478967447,752302.0,0.0,133171.0,133171.0,False,626400.0,30565.365352898483,125901.04789674468
2019-01-13 11:35:00,623925.0,744821.1722917987,744822.0,0.0,120897.0,120897.0,False,619131.0,30514.170465986404,125690.17229179874
2019-01-13 11:36:00,604437.0,748858.6732611657,748859.0,0.0,144422.0,144422.0,False,623925.0,30330.512985395966,124933.6732611657
2019-01-13 11:37:00,603052.0,719213.8704035229,719214.0,0.0,116162.0,116162.0,False,604437.0,27864.716271648023,114776.87040352292
2019-01-13 11:38:00,598172.0,717581.9947223635,717582.0,0.0,119410.0,119410.0,False,603052.0,27804.781541020773,114529.9947223636
2019-01-13 11:39:00,598896.0,709964.2340634335,709965.0,0.0,111069.0,111069.0,False,598172.0,27140.127384546882,111792.23406343353
2019-01-13 11:40:00,638908.0,704942.963753279,704943.0,0.0,66035.0,66035.0,False,598896.0,25745.331320378657,106046.96375327896
2019-01-13 11:41:00,598256.0,746734.0432858181,746735.0,0.0,148479.0,148479.0,False,638908.0,26177.243657983025,107826.0432858181
2019-01-13 11:42:00,648457.0,701166.9806023348,701167.0,0.0,52710.0,52710.0,False,598256.0,24983.999525684205,102910.98060233485
2019-01-13 11:43:00,638380.0,758104.2804516345,758105.0,0.0,119725.0,119725.0,False,648457.0,26619.3907274269,109647.2804516346
2019-01-13 11:44:00,627501.0,748156.9512299207,748157.0,0.0,120656.0,120656.0,False,638380.0,26650.871281243733,109776.9512299207
2019-01-13 11:45:00,657588.0,737574.4470969226,737575.0,0.0,79987.0,79987.0,False,627501.0,26722.852449406608,110073.4470969226
2019-01-13 11:46:00,648007.0,768609.7080737816,768610.0,0.0,120603.0,120603.0,False,657588.0,26953.06453812061,111021.70807378157
2019-01-13 11:47:00,629666.0,757696.147231267,757697.0,0.0,128031.0,128031.0,False,648007.0,26629.554847876978,109689.147231267
2019-01-13 11:48:00,636926.0,739409.9919227913,739410.0,0.0,102484.0,102484.0,False,629666.0,26642.869653925954,109743.99192279132
2019-01-13 11:49:00,638593.0,746753.9330841559,746754.0,0.0,108161.0,108161.0,False,636926.0,26663.248294994617,109827.93308415594
2019-01-13 11:50:00,652785.0,747746.782781488,747747.0,0.0,94962.0,94962.0,False,638593.0,26499.582855762448,109153.78278148806
2019-01-13 11:51:00,620515.0,756144.0703506347,756145.0,0.0,135630.0,135630.0,False,652785.0,25092.78358345398,103359.07035063475
2019-01-13 11:52:00,623563.0,725618.4486823576,725619.0,0.0,102056.0,102056.0,False,620515.0,25516.271409119392,105103.44868235762
2019-01-13 11:53:00,624070.0,728186.9056487612,728187.0,0.0,104117.0,104117.0,False,623563.0,25399.85134535365,104623.90564876117
2019-01-13 11:54:00,629549.0,728685.8639808205,728686.0,0.0,99137.0,99137.0,False,624070.0,25397.899046125345,104615.86398082056
2019-01-13 11:55:00,630790.0,733299.4490066997,733300.0,0.0,102510.0,102510.0,False,629549.0,25187.799723619577,103750.44900669972
2019-01-13 11:56:00,616685.0,733702.6507455561,733703.0,0.0,117018.0,117018.0,False,630790.0,24984.40499123514,102912.65074555608
2019-01-13 11:57:00,611822.0,719217.0634700363,719218.0,0.0,107396.0,107396.0,False,616685.0,24892.008706063076,102532.0634700362
2019-01-13 11:58:00,633042.0,714412.9012062161,714413.0,0.0,81371.0,81371.0,False,611822.0,24906.29291523303,102590.90120621602
2019-01-13 11:59:00,618982.0,736766.7360271186,736767.0,0.0,117785.0,117785.0,False,633042.0,25181.557308418603,103724.73602711859
2019-01-13 12:00:00,738557.0,723258.5230124892,723259.0,15298.0,0.0,152980.0,False,618982.0,25315.516247494794,104276.52301248924
2019-01-13 12:01:00,671612.0,862707.3625836303,862708.0,0.0,191096.0,191096.0,False,738557.0,30140.346362928038,124150.36258363028
2019-01-13 12:02:00,678134.0,800448.8576829688,800449.0,0.0,122315.0,122315.0,False,671612.0,31278.100474818602,128836.85768296887
2019-01-13 12:03:00,687847.0,805858.1647280336,805859.0,0.0,118012.0,118012.0,False,678134.0,31007.96875422256,127724.1647280336
2019-01-13 12:04:00,650508.0,815493.2112668665,815494.0,0.0,164986.0,164986.0,False,687847.0,30989.04376463035,127646.21126686655
2019-01-13 12:05:00,705419.0,781293.3030200566,781294.0,0.0,75875.0,75875.0,False,650508.0,31751.130243777174,130785.30302005663
2019-01-13 12:06:00,733421.0,842131.9892936639,842132.0,0.0,108711.0,108711.0,False,705419.0,33190.21196451678,136712.98929366388
2019-01-13 12:07:00,714910.0,870281.0640863348,870282.0,0.0,155372.0,155372.0,False,733421.0,33225.9177417703,136860.06408633472
2019-01-13 12:08:00,724544.0,852754.6344758512,852755.0,0.0,128211.0,128211.0,False,714910.0,33464.94477271207,137844.6344758512
2019-01-13 12:09:00,688445.0,862293.7102349093,862294.0,0.0,173849.0,173849.0,False,724544.0,33441.899737315594,137749.71023490935
2019-01-13 12:10:00,671089.0,829376.1091987917,829377.0,0.0,158288.0,158288.0,False,688445.0,34214.2572616481,140931.10919879173
2019-01-13 12:11:00,636488.0,809862.7524188124,809863.0,0.0,173375.0,173375.0,False,671089.0,33690.5094511398,138773.75241881242
2019-01-13 12:12:00,632173.0,774301.6106741184,774302.0,0.0,142129.0,142129.0,False,636488.0,33457.41303369607,137813.6106741184
2019-01-13 12:13:00,623120.0,764839.4580903869,764840.0,0.0,141720.0,141720.0,False,632173.0,32207.82375801431,132666.4580903869
2019-01-13 12:14:00,646911.0,755746.9928389434,755747.0,0.0,108836.0,108836.0,False,623120.0,32198.242663581284,132626.99283894338
2019-01-13 12:15:00,664692.0,780478.9025474828,780479.0,0.0,115787.0,115787.0,False,646911.0,32426.67006340072,133567.90254748278
2019-01-13 12:16:00,682082.0,797030.1470249915,797031.0,0.0,114949.0,114949.0,False,664692.0,32128.11872115519,132338.14702499146
2019-01-13 12:17:00,686672.0,814790.566366172,814791.0,0.0,128119.0,128119.0,False,682082.0,32218.046507191168,132708.56636617202
2019-01-13 12:18:00,685927.0,818557.7656470024,818558.0,0.0,132631.0,132631.0,False,686672.0,32018.29277190318,131885.7656470024
2019-01-13 12:19:00,648205.0,817761.5831995003,817762.0,0.0,169557.0,169557.0,False,685927.0,32005.867059538665,131834.58319950034
2019-01-13 12:20:00,668319.0,783212.6731288728,783213.0,0.0,114894.0,114894.0,False,648205.0,32776.20737527943,135007.6731288728
2019-01-13 12:21:00,634727.0,803741.1680440761,803742.0,0.0,169015.0,169015.0,False,668319.0,32876.83551723499,135422.16804407607
2019-01-13 12:22:00,629726.0,770333.5925776407,770334.0,0.0,140608.0,140608.0,False,634727.0,32921.60880024264,135606.5925776407
2019-01-13 12:23:00,639412.0,765376.7650835671,765377.0,0.0,125965.0,125965.0,False,629726.0,32932.332688603776,135650.76508356715
2019-01-13 12:24:00,631580.0,775243.9675482668,775244.0,0.0,143664.0,143664.0,False,639412.0,32976.32374053632,135831.9675482667
2019-01-13 12:25:00,670933.0,767493.1955727304,767494.0,0.0,96561.0,96561.0,False,631580.0,32996.043705430195,135913.19557273036
2019-01-13 12:26:00,644529.0,809918.9084713382,809919.0,0.0,165390.0,165390.0,False,670933.0,33742.01519605305,138985.90847133825
2019-01-13 12:27:00,604407.0,784581.2023549209,784582.0,0.0,180175.0,180175.0,False,644529.0,34000.88247849216,140052.20235492094
2019-01-13 12:28:00,627967.0,747673.3504517826,747674.0,0.0,119707.0,119707.0,False,604407.0,34781.19060554978,143266.35045178264
2019-01-13 12:29:00,627388.0,771441.9469755457,771442.0,0.0,144054.0,144054.0,False,627967.0,34831.83219326232,143474.94697554575
2019-01-13 12:30:00,673660.0,770470.499387421,770471.0,0.0,96811.0,96811.0,False,627388.0,34736.55654533652,143082.4993874209
2019-01-13 12:31:00,664857.0,789931.1638403002,789932.0,0.0,125075.0,125075.0,False,673660.0,28227.490256476107,116271.16384030011
2019-01-13 12:32:00,664154.0,770245.4133238139,770246.0,0.0,106092.0,106092.0,False,664857.0,25585.453107955713,105388.41332381393
2019-01-13 12:33:00,633467.0,769416.1301096904,769417.0,0.0,135950.0,135950.0,False,664154.0,25554.794962991018,105262.13010969035
2019-01-13 12:34:00,638712.0,740738.9825987865,740739.0,0.0,102027.0,102027.0,False,633467.0,26042.732725709546,107271.98259878649
2019-01-13 12:35:00,640183.0,742574.6926923039,742575.0,0.0,102392.0,102392.0,False,638712.0,25215.049451214072,103862.69269230391
2019-01-13 12:36:00,611914.0,735081.8508375644,735082.0,0.0,123168.0,123168.0,False,640183.0,23038.871366656607,94898.85083756443
2019-01-13 12:37:00,600588.0,705808.5599014381,705809.0,0.0,105221.0,105221.0,False,611914.0,22795.05672097962,93894.55990143809
2019-01-13 12:38:00,623615.0,694005.8130163073,694006.0,0.0,70391.0,70391.0,False,600588.0,22679.315486348845,93417.81301630734
2019-01-13 12:39:00,617005.0,718634.0892284807,718635.0,0.0,101630.0,101630.0,False,623615.0,23068.061992224837,95019.08922848073
2019-01-13 12:40:00,647124.0,708722.8299978973,708723.0,0.0,61599.0,61599.0,False,617005.0,22266.60564064494,91717.82999789731
2019-01-13 12:41:00,603782.0,741146.5149386437,741147.0,0.0,137365.0,137365.0,False,647124.0,22826.120739319944,94022.51493864361
2019-01-13 12:42:00,616708.0,699783.0952252944,699784.0,0.0,83076.0,83076.0,False,603782.0,23306.4664580555,96001.09522529431
2019-01-13 12:43:00,633942.0,713226.5546270146,713227.0,0.0,79285.0,79285.0,False,616708.0,23432.091589324,96518.55462701453
2019-01-13 12:44:00,631285.0,731100.4173946561,731101.0,0.0,99816.0,99816.0,False,633942.0,23587.432943470005,97158.41739465608
2019-01-13 12:45:00,660765.0,726790.1946967508,726791.0,0.0,66026.0,66026.0,False,631285.0,23186.07523743549,95505.19469675081
2019-01-13 12:46:00,660288.0,757915.6874321385,757916.0,0.0,97628.0,97628.0,False,660765.0,23585.556317878214,97150.68743213842
2019-01-13 12:47:00,650397.0,756510.0825551271,756511.0,0.0,106114.0,106114.0,False,660288.0,23360.116197970623,96222.08255512714
2019-01-13 12:48:00,634949.0,746762.1963828516,746763.0,0.0,111814.0,111814.0,False,650397.0,23394.860360187882,96365.19638285151
2019-01-13 12:49:00,640612.0,731885.6691726415,731886.0,0.0,91274.0,91274.0,False,634949.0,23533.598479536155,96936.6691726415
2019-01-13 12:50:00,659994.0,733660.3611182524,733661.0,0.0,73667.0,73667.0,False,640612.0,22589.622569307903,93048.36111825242
2019-01-13 12:51:00,651323.0,752953.2755694854,752954.0,0.0,101631.0,101631.0,False,659994.0,22567.99501027472,92959.27556948543
2019-01-13 12:52:00,640861.0,740999.4931876472,741000.0,0.0,100139.0,100139.0,False,651323.0,21771.024337264633,89676.4931876472
2019-01-13 12:53:00,633585.0,730819.2466558128,730820.0,0.0,97235.0,97235.0,False,640861.0,21839.426450176277,89958.24665581279
2019-01-13 12:54:00,638021.0,723424.1022334197,723425.0,0.0,85404.0,85404.0,False,633585.0,21810.50141054362,89839.10223341965
2019-01-13 12:55:00,661599.0,727728.0781877849,727729.0,0.0,66130.0,66130.0,False,638021.0,21778.449547134944,89707.07818778483
2019-01-13 12:56:00,646292.0,748115.1720092696,748116.0,0.0,101824.0,101824.0,False,661599.0,21003.78392852049,86516.17200926959
2019-01-13 12:57:00,630524.0,731291.1358492165,731292.0,0.0,100768.0,100768.0,False,646292.0,20635.48862629544,84999.13584921646
2019-01-13 12:58:00,633859.0,710787.5930284704,710788.0,0.0,76929.0,76929.0,False,630524.0,19485.827055733233,80263.5930284704
2019-01-13 12:59:00,623645.0,712260.6069163457,712261.0,0.0,88616.0,88616.0,False,633859.0,19033.787245502335,78401.60691634566
2019-01-13 13:00:00,748700.0,702423.265711435,702424.0,46276.0,0.0,462760.0,False,623645.0,19125.229801999016,78778.26571143503
2019-01-13 13:01:00,687942.0,865891.5094774773,865892.0,0.0,177950.0,177950.0,False,748700.0,28450.92525659095,117191.50947747733
2019-01-13 13:02:00,680631.0,813933.7231358613,813934.0,0.0,133303.0,133303.0,False,687942.0,30587.378845703857,125991.7231358614
2019-01-13 13:03:00,670618.0,806761.06281641,806762.0,0.0,136144.0,136144.0,False,680631.0,30620.963974258462,126130.06281641
2019-01-13 13:04:00,668331.0,794763.1237923601,794764.0,0.0,126433.0,126433.0,False,670618.0,30139.074526260618,124145.12379236006
2019-01-13 13:05:00,663013.0,792463.5588736681,792464.0,0.0,129451.0,129451.0,False,668331.0,30136.02410422786,124132.55887366804
2019-01-13 13:06:00,689142.0,787232.0637193948,787233.0,0.0,98091.0,98091.0,False,663013.0,30157.025138441677,124219.0637193948
2019-01-13 13:07:00,740876.0,812681.1741832562,812682.0,0.0,71806.0,71806.0,False,689142.0,29991.966368726513,123539.17418325628
2019-01-13 13:08:00,762149.0,869111.9596641009,869112.0,0.0,106963.0,106963.0,False,740876.0,31132.218706609692,128235.95966410091
2019-01-13 13:09:00,769978.0,890249.4909101421,890250.0,0.0,120272.0,120272.0,False,762149.0,31099.33056129379,128100.49091014212
2019-01-13 13:10:00,695218.0,897807.3431196888,897808.0,0.0,202590.0,202590.0,False,769978.0,31033.503219756232,127829.34311968884
2019-01-13 13:11:00,672596.0,834450.828968438,834451.0,0.0,161855.0,161855.0,False,695218.0,33801.96080677714,139232.828968438
2019-01-13 13:12:00,658621.0,808857.2303448985,808858.0,0.0,150237.0,150237.0,False,672596.0,33080.53712422651,136261.23034489856
2019-01-13 13:13:00,669088.0,795146.5883554983,795147.0,0.0,126059.0,126059.0,False,658621.0,33144.7160910654,136525.5883554983
2019-01-13 13:14:00,650851.0,805260.8723809378,805261.0,0.0,154410.0,154410.0,False,669088.0,33059.086203083156,136172.87238093783
2019-01-13 13:15:00,683204.0,787756.9040784213,787757.0,0.0,104553.0,104553.0,False,650851.0,33237.04645061989,136905.90407842133
2019-01-13 13:16:00,681256.0,820468.0557364594,820469.0,0.0,139213.0,139213.0,False,683204.0,33323.99597536618,137264.05573645947
2019-01-13 13:17:00,678090.0,818531.7887527547,818532.0,0.0,140442.0,140442.0,False,681256.0,33326.84443402278,137275.78875275474
2019-01-13 13:18:00,679483.0,815162.2879730192,815163.0,0.0,135680.0,135680.0,False,678090.0,33277.43995498049,137072.28797301915
2019-01-13 13:19:00,653077.0,815982.1318314109,815983.0,0.0,162906.0,162906.0,False,679483.0,33138.29316339157,136499.1318314109
2019-01-13 13:20:00,682058.0,791072.2419144306,791073.0,0.0,109015.0,109015.0,False,653077.0,33501.508180737226,137995.24191443057
2019-01-13 13:21:00,660120.0,820978.8109485488,820979.0,0.0,160859.0,160859.0,False,682058.0,33726.21128019319,138920.81094854878
2019-01-13 13:22:00,657867.0,799892.5943891507,799893.0,0.0,142026.0,142026.0,False,660120.0,33933.001235467425,139772.59438915073
2019-01-13 13:23:00,658700.0,797413.9574452684,797414.0,0.0,138714.0,138714.0,False,657867.0,33878.22269516067,139546.9574452684
2019-01-13 13:24:00,645084.0,798117.9539523215,798118.0,0.0,153034.0,153034.0,False,658700.0,33846.90414015584,139417.95395232158
2019-01-13 13:25:00,672601.0,784876.8452672235,784877.0,0.0,112276.0,112276.0,False,645084.0,33937.91760032183,139792.84526722354
2019-01-13 13:26:00,650250.0,812795.5948407227,812796.0,0.0,162546.0,162546.0,False,672601.0,34035.451518422706,140194.59484072277
2019-01-13 13:27:00,652579.0,790985.6848013871,790986.0,0.0,138407.0,138407.0,False,650250.0,34166.813509548105,140735.6848013871
2019-01-13 13:28:00,650122.0,792793.5179975488,792794.0,0.0,142672.0,142672.0,False,652579.0,34040.288321432236,140214.51799754877
2019-01-13 13:29:00,652723.0,790341.1817947531,790342.0,0.0,137619.0,137619.0,False,650122.0,34041.4205651098,140219.18179475304
2019-01-13 13:30:00,705334.0,792706.1732043643,792707.0,0.0,87373.0,87373.0,False,652723.0,33984.12406986879,139983.1732043643
2019-01-13 13:31:00,675274.0,816223.8232495197,816224.0,0.0,140950.0,140950.0,False,705334.0,26921.046473891525,110889.8232495197
2019-01-13 13:32:00,657533.0,778967.0090673149,778968.0,0.0,121435.0,121435.0,False,675274.0,25173.85486166271,103693.00906731491
2019-01-13 13:33:00,666870.0,761902.4589315151,761903.0,0.0,95033.0,95033.0,False,657533.0,25338.07857216872,104369.45893151514
2019-01-13 13:34:00,655518.0,771250.9328443431,771251.0,0.0,115733.0,115733.0,False,666870.0,25340.864127519326,104380.93284434316
2019-01-13 13:35:00,672598.0,760219.8307075022,760220.0,0.0,87622.0,87622.0,False,655518.0,25418.76943960588,104701.83070750219
2019-01-13 13:36:00,655622.0,778015.4099820284,778016.0,0.0,122394.0,122394.0,False,672598.0,25592.4927114153,105417.40998202843
2019-01-13 13:37:00,649490.0,759882.4648910599,759883.0,0.0,110393.0,110393.0,False,655622.0,25311.61777042435,104260.46489105986
2019-01-13 13:38:00,667836.0,745623.1614808121,745624.0,0.0,77788.0,77788.0,False,649490.0,23338.528568880836,96133.16148081214
2019-01-13 13:39:00,649817.0,763573.9387595992,763574.0,0.0,113757.0,113757.0,False,667836.0,23242.57919378471,95737.9387595992
2019-01-13 13:40:00,678446.0,745786.8185443869,745787.0,0.0,67341.0,67341.0,False,649817.0,23298.873326823228,95969.81854438692
2019-01-13 13:41:00,661511.0,760784.9326406943,760785.0,0.0,99274.0,99274.0,False,678446.0,19989.66331872439,82338.9326406943
2019-01-13 13:42:00,674716.0,743091.9891334388,743092.0,0.0,68376.0,68376.0,False,661511.0,19805.65515832274,81580.98913343885
2019-01-13 13:43:00,662242.0,756208.664164205,756209.0,0.0,93967.0,93967.0,False,674716.0,19784.21224740565,81492.66416420494
2019-01-13 13:44:00,641646.0,743918.7664034981,743919.0,0.0,102273.0,102273.0,False,662242.0,19828.907286091096,81676.76640349813
2019-01-13 13:45:00,681359.0,723634.9601267773,723635.0,0.0,42276.0,42276.0,False,641646.0,19904.699468700528,81988.96012677728
2019-01-13 13:46:00,667668.0,765166.510157207,765167.0,0.0,97499.0,97499.0,False,681359.0,20346.194174433218,83807.51015720706
2019-01-13 13:47:00,658720.0,752072.65933898,752073.0,0.0,93353.0,93353.0,False,667668.0,20491.16582650433,84404.65933898003
2019-01-13 13:48:00,660008.0,743337.7734777677,743338.0,0.0,83330.0,83330.0,False,658720.0,20542.904168819456,84617.77347776774
2019-01-13 13:49:00,656296.0,744624.3783701418,744625.0,0.0,88329.0,88329.0,False,660008.0,20542.565474463823,84616.37837014189
2019-01-13 13:50:00,679899.0,738638.7444286258,738639.0,0.0,58740.0,58740.0,False,656296.0,19990.58871762076,82342.74442862585
2019-01-13 13:51:00,649639.0,761265.4344662959,761266.0,0.0,111627.0,111627.0,False,679899.0,19753.567094728754,81366.43446629586
2019-01-13 13:52:00,648444.0,732489.3951264701,732490.0,0.0,84046.0,84046.0,False,649639.0,20113.832561182644,82850.3951264701
2019-01-13 13:53:00,654582.0,731284.3392919452,731285.0,0.0,76703.0,76703.0,False,648444.0,20111.39127684612,82840.33929194519
2019-01-13 13:54:00,653210.0,737556.6412303715,737557.0,0.0,84347.0,84347.0,False,654582.0,20143.99615094512,82974.64123037159
2019-01-13 13:55:00,673656.0,735551.2314499961,735552.0,0.0,61896.0,61896.0,False,653210.0,19990.221407377045,82341.23144999618
2019-01-13 13:56:00,652266.0,754831.703350385,754832.0,0.0,102566.0,102566.0,False,673656.0,19707.262744293446,81175.70335038494
2019-01-13 13:57:00,645691.0,733294.7963003905,733295.0,0.0,87604.0,87604.0,False,652266.0,19671.59769041973,81028.79630039056
2019-01-13 13:58:00,655673.0,726846.5899658583,726847.0,0.0,71174.0,71174.0,False,645691.0,19702.37975914908,81155.58996585831
2019-01-13 13:59:00,650901.0,737156.0144103835,737157.0,0.0,86256.0,86256.0,False,655673.0,19781.869548468312,81483.0144103835
2019-01-13 14:00:00,751842.0,732442.7239170509,732443.0,19399.0,0.0,193990.0,False,650901.0,19796.122626984765,81541.72391705085
2019-01-13 14:01:00,705909.0,855791.2677854105,855792.0,0.0,149883.0,149883.0,False,751842.0,25236.067539589585,103949.26778541048
2019-01-13 14:02:00,691113.0,813197.0841718565,813198.0,0.0,122085.0,122085.0,False,705909.0,26046.641751661766,107288.08417185646
2019-01-13 14:03:00,707401.0,798131.5736851669,798132.0,0.0,90731.0,90731.0,False,691113.0,25981.21190314407,107018.57368516692
2019-01-13 14:04:00,688777.0,814844.01137042,814845.0,0.0,126068.0,126068.0,False,707401.0,26084.25388044309,107443.01137042002
2019-01-13 14:05:00,706575.0,796839.0211846102,796840.0,0.0,90265.0,90265.0,False,688777.0,26234.532702135435,108062.02118461025
2019-01-13 14:06:00,670946.0,814698.3245074028,814699.0,0.0,143753.0,143753.0,False,706575.0,26249.415488973224,108123.32450740281
2019-01-13 14:07:00,766913.0,781684.1593892935,781685.0,0.0,14772.0,14772.0,False,670946.0,26884.2265952957,110738.15938929348
2019-01-13 14:08:00,773540.0,898041.8673724566,898042.0,0.0,124502.0,124502.0,False,766913.0,31834.538365701228,131128.86737245662
2019-01-13 14:09:00,780902.0,904224.9596194826,904225.0,0.0,123323.0,123323.0,True,773540.0,31726.769583158904,130684.95961948262
2019-01-13 14:10:00,772538.0,910564.1912566533,910565.0,0.0,138027.0,138027.0,False,780902.0,31478.469118599613,129662.19125665331
2019-01-13 14:11:00,735948.0,901166.6953450679,901167.0,0.0,165219.0,165219.0,False,772538.0,31227.56429567674,128628.69534506786
2019-01-13 14:12:00,699928.0,867107.3494946058,867108.0,0.0,167180.0,167180.0,False,735948.0,31841.938599581616,131159.34949460582
2019-01-13 14:13:00,665835.0,833832.480990064,833833.0,0.0,167998.0,167998.0,False,699928.0,32508.382195581245,133904.480990064
2019-01-13 14:14:00,656164.0,801892.0343257613,801893.0,0.0,145729.0,145729.0,False,665835.0,33030.96385988278,136057.0343257613
2019-01-13 14:15:00,706922.0,791518.2561518184,791519.0,0.0,84597.0,84597.0,False,656164.0,32860.34834867415,135354.2561518185
2019-01-13 14:16:00,697580.0,844317.6531136095,844318.0,0.0,146738.0,146738.0,False,706922.0,33355.94425521984,137395.6531136095
2019-01-13 14:17:00,670848.0,834752.7555671609,834753.0,0.0,163905.0,163905.0,False,697580.0,33301.83076643417,137172.75556716096
2019-01-13 14:18:00,670531.0,809373.5411327357,809374.0,0.0,138843.0,138843.0,False,670848.0,33630.25047180333,138525.54113273564
2019-01-13 14:19:00,656887.0,809055.8335434105,809056.0,0.0,152169.0,152169.0,False,670531.0,33630.078688274894,138524.83354341052
2019-01-13 14:20:00,683398.0,795770.7697062981,795771.0,0.0,112373.0,112373.0,False,656887.0,33717.21866955627,138883.76970629816
2019-01-13 14:21:00,690678.0,822577.3702360091,822578.0,0.0,131900.0,131900.0,False,683398.0,33788.98247406835,139179.37023600918
2019-01-13 14:22:00,646593.0,827978.7163155423,827979.0,0.0,181386.0,181386.0,False,690678.0,33332.89617129334,137300.7163155423
2019-01-13 14:23:00,659387.0,787949.0133577922,787950.0,0.0,128563.0,128563.0,False,646593.0,34317.412486142064,141356.01335779217
2019-01-13 14:24:00,659235.0,800993.5633358315,800994.0,0.0,141759.0,141759.0,False,659387.0,34378.2392365613,141606.56333583157
2019-01-13 14:25:00,694911.0,800836.9708999536,800837.0,0.0,105926.0,105926.0,False,659235.0,34377.12431748148,141601.97089995362
2019-01-13 14:26:00,664467.0,838182.3887062037,838183.0,0.0,173716.0,173716.0,False,694911.0,34782.41375730024,143271.38870620364
2019-01-13 14:27:00,643551.0,808681.4971158379,808682.0,0.0,165131.0,165131.0,False,664467.0,35011.37494221033,144214.49711583788
2019-01-13 14:28:00,649846.0,788545.8694015336,788546.0,0.0,138700.0,138700.0,False,643551.0,35200.828202703684,144994.86940153365
2019-01-13 14:29:00,627330.0,794721.8685943654,794722.0,0.0,167392.0,167392.0,False,649846.0,35171.93802895891,144875.86859436546
2019-01-13 14:30:00,725334.0,773114.1770921391,773115.0,0.0,47781.0,47781.0,False,627330.0,35392.450737561354,145784.1770921392
2019-01-13 14:31:00,674235.0,869970.7736651306,869971.0,0.0,195736.0,195736.0,False,725334.0,35113.89225421617,144636.77366513057
2019-01-13 14:32:00,632654.0,819829.0467462111,819830.0,0.0,187176.0,187176.0,False,674235.0,35346.29223781056,145594.04674621107
2019-01-13 14:33:00,621861.0,780998.6705476788,780999.0,0.0,159138.0,159138.0,False,632654.0,36014.06921699179,148344.67054767878
2019-01-13 14:34:00,659051.0,769673.2608066921,769674.0,0.0,110623.0,110623.0,False,621861.0,35884.8145481661,147812.26080669207
2019-01-13 14:35:00,671745.0,809236.9004567739,809237.0,0.0,137492.0,137492.0,False,659051.0,36461.06998315168,150185.90045677396
2019-01-13 14:36:00,659434.0,821616.8599642359,821617.0,0.0,162183.0,162183.0,False,671745.0,36384.82945497195,149871.85996423592
2019-01-13 14:37:00,663618.0,807250.5310747006,807251.0,0.0,143633.0,143633.0,False,659434.0,35885.85125361071,147816.53107470064
2019-01-13 14:38:00,664081.0,791884.7724301545,791885.0,0.0,127804.0,127804.0,False,663618.0,31139.699211877087,128266.77243015452
2019-01-13 14:39:00,663055.0,792154.9068589406,792155.0,0.0,129100.0,129100.0,False,664081.0,31092.876673489765,128073.9068589406
2019-01-13 14:40:00,689790.0,790870.9778564814,790871.0,0.0,101081.0,101081.0,False,663055.0,31030.25849574642,127815.97785648148
2019-01-13 14:41:00,689541.0,819537.176727629,819538.0,0.0,129997.0,129997.0,False,689790.0,31499.10128976464,129747.17672762906
2019-01-13 14:42:00,657393.0,816685.2572064999,816686.0,0.0,159293.0,159293.0,False,689541.0,30867.182910397747,127144.25720649991
2019-01-13 14:43:00,645293.0,783974.5034638506,783975.0,0.0,138682.0,138682.0,False,657393.0,30730.561539605867,126581.50346385059
2019-01-13 14:44:00,649219.0,769689.4020246728,769690.0,0.0,120471.0,120471.0,False,645293.0,30200.07807709818,124396.40202467286
2019-01-13 14:45:00,675194.0,773466.0605192435,773467.0,0.0,98273.0,98273.0,False,649219.0,30163.82200336362,124247.06051924343
2019-01-13 14:46:00,670386.0,794959.4125710987,794960.0,0.0,124574.0,124574.0,False,675194.0,29075.799233049147,119765.4125710987
2019-01-13 14:47:00,668760.0,790020.8875189387,790021.0,0.0,121261.0,121261.0,False,670386.0,29044.11128466727,119634.8875189387
2019-01-13 14:48:00,649360.0,786758.7797183935,786759.0,0.0,137399.0,137399.0,False,668760.0,28646.90861228438,117998.77971839345
2019-01-13 14:49:00,659213.0,768221.8595326701,768222.0,0.0,109009.0,109009.0,False,649360.0,28856.441021210107,118861.85953267012
2019-01-13 14:50:00,685972.0,777897.9228730011,777898.0,0.0,91926.0,91926.0,False,659213.0,28813.48559123196,118684.92287300114
2019-01-13 14:51:00,663919.0,804688.2987610433,804689.0,0.0,140770.0,140770.0,False,685972.0,28821.102807270287,118716.29876104332
2019-01-13 14:52:00,650105.0,783607.191314517,783608.0,0.0,133503.0,133503.0,False,663919.0,29057.05200290405,119688.19131451701
2019-01-13 14:53:00,648060.0,765635.4968865642,765636.0,0.0,117576.0,117576.0,False,650105.0,28047.67637546439,115530.49688656423
2019-01-13 14:54:00,670213.0,763189.9278319079,763190.0,0.0,92977.0,92977.0,False,648060.0,27950.429055373155,115129.92783190787
2019-01-13 14:55:00,677177.0,786542.6407633744,786543.0,0.0,109366.0,109366.0,False,670213.0,28241.68686999392,116329.64076337435
2019-01-13 14:56:00,673261.0,790475.3915191168,790476.0,0.0,117215.0,117215.0,False,677177.0,27505.781631918268,113298.39151911686
2019-01-13 14:57:00,668804.0,784281.2137494979,784282.0,0.0,115478.0,115478.0,False,673261.0,26952.70175664698,111020.21374949787
2019-01-13 14:58:00,684670.0,778707.3117822096,778708.0,0.0,94038.0,94038.0,False,668804.0,26681.548201820846,109903.31178220957
2019-01-13 14:59:00,662318.0,795068.618300225,795069.0,0.0,132751.0,132751.0,False,684670.0,26801.795212768917,110398.618300225
2019-01-13 15:00:00,770040.0,772696.7909776899,772697.0,0.0,2657.0,2657.0,False,662318.0,26796.981675730287,110378.79097768996
2019-01-13 15:01:00,715240.0,885363.7586047088,885364.0,0.0,170124.0,170124.0,False,770040.0,27997.48591857062,115323.75860470878
2019-01-13 15:02:00,712088.0,831546.5364014676,831547.0,0.0,119459.0,119459.0,False,715240.0,28236.077756529627,116306.53640146759
2019-01-13 15:03:00,673879.0,823747.01228229,823748.0,0.0,149869.0,149869.0,False,712088.0,27107.7847433883,111659.01228229006
2019-01-13 15:04:00,703961.0,789184.9840620618,789185.0,0.0,85224.0,85224.0,False,673879.0,27993.170740904807,115305.98406206178
2019-01-13 15:05:00,714973.0,818145.1718400241,818146.0,0.0,103173.0,103173.0,False,703961.0,27720.825109182588,114184.17184002411
2019-01-13 15:06:00,724390.0,829070.6294226232,829071.0,0.0,104681.0,104681.0,False,714973.0,27699.81495358365,114097.62942262326
2019-01-13 15:07:00,746656.0,838137.0540771034,838138.0,0.0,91482.0,91482.0,False,724390.0,27614.704752369747,113747.0540771034
2019-01-13 15:08:00,732936.0,861366.2148025713,861367.0,0.0,128431.0,128431.0,False,746656.0,27848.534096599164,114710.2148025714
2019-01-13 15:09:00,706986.0,848284.9702516466,848285.0,0.0,141299.0,141299.0,False,732936.0,28003.606623780604,115348.97025164665
2019-01-13 15:10:00,653634.0,824197.9154330774,824198.0,0.0,170564.0,170564.0,False,706986.0,28455.879270069858,117211.91543307735
2019-01-13 15:11:00,662154.0,775928.5669160807,775929.0,0.0,113775.0,113775.0,False,653634.0,29689.809425018666,122294.56691608064
2019-01-13 15:12:00,663618.0,784659.0395004156,784660.0,0.0,121042.0,121042.0,False,662154.0,29740.90646943916,122505.0395004156
2019-01-13 15:13:00,682962.0,783774.5811589938,783775.0,0.0,100813.0,100813.0,False,663618.0,29170.764374351194,120156.58115899378
2019-01-13 15:14:00,668688.0,803545.6131249428,803546.0,0.0,134858.0,134858.0,False,682962.0,29274.43617275673,120583.61312494276
2019-01-13 15:15:00,713436.0,789793.4333738134,789794.0,0.0,76358.0,76358.0,False,668688.0,29401.119999632843,121105.43337381342
2019-01-13 15:16:00,708157.0,837520.5887831895,837521.0,0.0,129364.0,129364.0,False,713436.0,30124.378265166317,124084.58878318958
2019-01-13 15:17:00,685602.0,832255.1348542835,832256.0,0.0,146654.0,146654.0,False,708157.0,30127.66688443517,124098.1348542835
2019-01-13 15:18:00,685269.0,810934.020924832,810935.0,0.0,125666.0,125666.0,False,685602.0,30427.221011904374,125332.02092483203
2019-01-13 15:19:00,651020.0,809673.0306787353,809674.0,0.0,158654.0,158654.0,False,685269.0,30201.930107740238,124404.03067873539
2019-01-13 15:20:00,694450.0,777936.8964940365,777937.0,0.0,83487.0,83487.0,False,651020.0,30811.985885754748,126916.8964940366
2019-01-13 15:21:00,671025.0,823947.4204963949,823948.0,0.0,152923.0,152923.0,False,694450.0,31438.46723957709,129497.42049639487
2019-01-13 15:22:00,662671.0,800660.1554809606,800661.0,0.0,137990.0,137990.0,False,671025.0,31471.905564320674,129635.15548096065
2019-01-13 15:23:00,664774.0,792034.0352385325,792035.0,0.0,127261.0,127261.0,False,662671.0,31405.842137775107,129363.03523853247
2019-01-13 15:24:00,665985.0,794128.7112118917,794129.0,0.0,128144.0,128144.0,False,664774.0,31403.821289499952,129354.7112118917
2019-01-13 15:25:00,659305.0,794284.8394997802,794285.0,0.0,134980.0,134980.0,False,665985.0,31147.72700101103,128299.83949978017
2019-01-13 15:26:00,665688.0,787574.1422304893,787575.0,0.0,121887.0,121887.0,False,659305.0,31140.274535230285,128269.14223048933
2019-01-13 15:27:00,658409.0,794032.3909512236,794033.0,0.0,135624.0,135624.0,False,665688.0,31158.54288708281,128344.39095122356
2019-01-13 15:28:00,648620.0,786822.6189982593,786823.0,0.0,138203.0,138203.0,False,658409.0,31175.349582385712,128413.61899825935
2019-01-13 15:29:00,654583.0,776602.1110261717,776603.0,0.0,122020.0,122020.0,False,648620.0,31070.591130888446,127982.11102617174
2019-01-13 15:30:00,745496.0,781627.6476066773,781628.0,0.0,36132.0,36132.0,False,654583.0,30843.000396732466,127044.64760667723
2019-01-13 15:31:00,704012.0,864834.9813417027,864835.0,0.0,160823.0,160823.0,False,745496.0,28972.273277212273,119338.9813417027
2019-01-13 15:32:00,668458.0,820311.8651421482,820312.0,0.0,151854.0,151854.0,False,704012.0,28234.458155407436,116299.86514214828
2019-01-13 15:33:00,682099.0,787627.8219271225,787628.0,0.0,105529.0,105529.0,False,668458.0,28931.20595175391,119169.82192712255
2019-01-13 15:34:00,682055.0,798355.7009535682,798356.0,0.0,116301.0,116301.0,False,682099.0,28223.979059195353,116256.70095356819
2019-01-13 15:35:00,701764.0,796055.2588109579,796056.0,0.0,94292.0,94292.0,False,682055.0,27676.176005616937,114000.25881095794
2019-01-13 15:36:00,672246.0,816450.1926577629,816451.0,0.0,144205.0,144205.0,False,701764.0,27842.702170297518,114686.19265776285
2019-01-13 15:37:00,661032.0,788640.0665113808,788641.0,0.0,127609.0,127609.0,False,672246.0,28257.327697126413,116394.06651138086
2019-01-13 15:38:00,659673.0,776146.5326465484,776147.0,0.0,116474.0,116474.0,False,661032.0,27946.691521229866,115114.53264654834
2019-01-13 15:39:00,654239.0,774490.0957515865,774491.0,0.0,120252.0,120252.0,False,659673.0,27874.481896958925,114817.09575158644
2019-01-13 15:40:00,687165.0,767674.2366777544,767675.0,0.0,80510.0,80510.0,False,654239.0,27539.003931020692,113435.23667775448
2019-01-13 15:41:00,674724.0,796261.8120849206,796262.0,0.0,121538.0,121538.0,False,687165.0,26485.75191325573,109096.81208492054
2019-01-13 15:42:00,695768.0,784116.9328427499,784117.0,0.0,88349.0,88349.0,False,674724.0,26557.64201506849,109392.93284274984
2019-01-13 15:43:00,665641.0,806219.5840896578,806220.0,0.0,140579.0,140579.0,False,695768.0,26814.653872265906,110451.5840896578
2019-01-13 15:44:00,669401.0,777511.8078353013,777512.0,0.0,108111.0,108111.0,False,665641.0,27159.202968780806,111870.8078353013
2019-01-13 15:45:00,675442.0,780816.8361696351,780817.0,0.0,105375.0,105375.0,False,669401.0,27048.74816781909,111415.83616963502
2019-01-13 15:46:00,684662.0,781623.2456594981,781624.0,0.0,96962.0,96962.0,False,675442.0,25777.931331200165,106181.24565949815
2019-01-13 15:47:00,659798.0,791074.3131983576,791075.0,0.0,131277.0,131277.0,False,684662.0,25834.028272920816,106412.31319835754
2019-01-13 15:48:00,666001.0,766490.8199174817,766491.0,0.0,100490.0,100490.0,False,659798.0,25902.12770892397,106692.81991748176
2019-01-13 15:49:00,660719.0,772821.4562455975,772822.0,0.0,112103.0,112103.0,False,666001.0,25933.114353327113,106820.45624559748
2019-01-13 15:50:00,691263.0,764489.0167545588,764490.0,0.0,73227.0,73227.0,False,660719.0,25192.5502429555,103770.01675455882
2019-01-13 15:51:00,675282.0,792409.8767722105,792410.0,0.0,117128.0,117128.0,False,691263.0,24555.72288312265,101146.87677221045
2019-01-13 15:52:00,669730.0,775604.6808865649,775605.0,0.0,105875.0,105875.0,False,675282.0,24355.63043919182,100322.6808865649
2019-01-13 15:53:00,673436.0,769939.8086436313,769940.0,0.0,96504.0,96504.0,False,669730.0,24328.22811489745,100209.80864363127
2019-01-13 15:54:00,660719.0,773669.7121716242,773670.0,0.0,112951.0,112951.0,False,673436.0,24334.03124424809,100233.71217162417
2019-01-13 15:55:00,665361.0,761408.2387165491,761409.0,0.0,96048.0,96048.0,False,660719.0,24444.620754869113,100689.23871654912
2019-01-13 15:56:00,659396.0,765984.5773670889,765985.0,0.0,106589.0,106589.0,False,665361.0,24428.679957160548,100623.57736708883
2019-01-13 15:57:00,654640.0,760004.7981758984,760005.0,0.0,105365.0,105365.0,False,659396.0,24425.091969721987,100608.79817589842
2019-01-13 15:58:00,656073.0,755165.7976246316,755166.0,0.0,99093.0,99093.0,False,654640.0,24404.94168331577,100525.7976246316
2019-01-13 15:59:00,662221.0,756330.7853356728,756331.0,0.0,94110.0,94110.0,False,656073.0,24339.87555663975,100257.78533567277
2019-01-13 16:00:00,774156.0,762484.8421590881,762485.0,11671.0,0.0,116710.0,False,662221.0,24341.34598936181,100263.84215908815
2019-01-13 16:01:00,723548.0,885736.2465548407,885737.0,0.0,162189.0,162189.0,False,774156.0,27088.662557536823,111580.24655484068
2019-01-13 16:02:00,722018.0,837274.2117844111,837275.0,0.0,115257.0,115257.0,False,723548.0,27609.644808059715,113726.21178441109
2019-01-13 16:03:00,707953.0,832350.1062073682,832351.0,0.0,124398.0,124398.0,False,722018.0,26785.647877599637,110332.10620736826
2019-01-13 16:04:00,689574.0,818502.9726152243,818503.0,0.0,128929.0,128929.0,False,707953.0,26838.539942165327,110549.97261522427
2019-01-13 16:05:00,697368.0,801036.4140737767,801037.0,0.0,103669.0,103669.0,False,689574.0,27060.05602173488,111462.41407377666
2019-01-13 16:06:00,748907.0,807999.0915124075,808000.0,0.0,59093.0,59093.0,False,697368.0,26858.233413910395,110631.09151240748
2019-01-13 16:07:00,744555.0,863529.4679672205,863530.0,0.0,118975.0,118975.0,False,748907.0,27827.231540934477,114622.46796722044
2019-01-13 16:08:00,732881.0,858823.01297216,858824.0,0.0,125943.0,125943.0,False,744555.0,27741.179465863042,114268.01297215997
2019-01-13 16:09:00,727114.0,847614.1147517062,847615.0,0.0,120501.0,120501.0,False,732881.0,27854.0935841774,114733.11475170623
2019-01-13 16:10:00,766940.0,841860.303583604,841861.0,0.0,74921.0,74921.0,False,727114.0,27857.295475442563,114746.30358360407
2019-01-13 16:11:00,713251.0,882831.1652344784,882832.0,0.0,169581.0,169581.0,False,766940.0,28135.23688436711,115891.16523447845
2019-01-13 16:12:00,691785.0,835992.3873163293,835993.0,0.0,144208.0,144208.0,False,713251.0,29798.285319452276,122741.38731632929
2019-01-13 16:13:00,672490.0,814680.3918514024,814681.0,0.0,142191.0,142191.0,False,691785.0,29835.673450521477,122895.39185140241
2019-01-13 16:14:00,672328.0,794144.9464935639,794145.0,0.0,121817.0,121817.0,False,672490.0,29534.52690570689,121654.94649356393
2019-01-13 16:15:00,711958.0,793953.1125735489,793954.0,0.0,81996.0,81996.0,False,672328.0,29527.284037753052,121625.11257354898
2019-01-13 16:16:00,688169.0,836999.1314751764,837000.0,0.0,148831.0,148831.0,False,711958.0,30356.600930065833,125041.13147517646
2019-01-13 16:17:00,703030.0,814391.7095272776,814392.0,0.0,111362.0,111362.0,False,688169.0,30643.456087022554,126222.70952727756
2019-01-13 16:18:00,680745.0,828219.5918715824,828220.0,0.0,147475.0,147475.0,False,703030.0,30392.643094387666,125189.59187158245
2019-01-13 16:19:00,674399.0,807088.4917143593,807089.0,0.0,132690.0,132690.0,False,680745.0,30672.778731575152,126343.4917143593
2019-01-13 16:20:00,700500.0,800772.4357035891,800773.0,0.0,100273.0,100273.0,False,674399.0,30680.048321353956,126373.43570358907
2019-01-13 16:21:00,665555.0,826316.645596431,826317.0,0.0,160762.0,160762.0,False,700500.0,30544.87475977944,125816.64559643097
2019-01-13 16:22:00,658873.0,793523.1530131557,793524.0,0.0,134651.0,134651.0,False,665555.0,31067.202503275224,127968.15301315568
2019-01-13 16:23:00,676192.0,786869.9852035358,786870.0,0.0,110678.0,110678.0,False,658873.0,31074.202178397994,127996.98520353582
2019-01-13 16:24:00,665171.0,804827.834213004,804828.0,0.0,139657.0,139657.0,False,676192.0,31229.29741950946,128635.834213004
2019-01-13 16:25:00,673802.0,793717.404690241,793718.0,0.0,119916.0,119916.0,False,665171.0,31207.58635290396,128546.40469024092
2019-01-13 16:26:00,678406.0,802461.0560599134,802462.0,0.0,124056.0,124056.0,False,673802.0,31234.935055151203,128659.0560599134
2019-01-13 16:27:00,652283.0,807012.1738404435,807013.0,0.0,154730.0,154730.0,False,678406.0,31222.096684178337,128606.17384044347
2019-01-13 16:28:00,658141.0,782357.6220840801,782358.0,0.0,124217.0,124217.0,False,652283.0,31578.59615593322,130074.6220840801
2019-01-13 16:29:00,649292.0,788285.8342384682,788286.0,0.0,138994.0,138994.0,False,658141.0,31595.641765854154,130144.83423846815
2019-01-13 16:30:00,717142.0,779513.0285648804,779514.0,0.0,62372.0,62372.0,False,649292.0,31614.139685160728,130221.02856488034
2019-01-13 16:31:00,700782.0,828572.9836691117,828573.0,0.0,127791.0,127791.0,False,717142.0,27052.42557053674,111430.9836691118
2019-01-13 16:32:00,682832.0,806476.1416528857,806477.0,0.0,123645.0,123645.0,False,700782.0,25659.675667917847,105694.14165288575
2019-01-13 16:33:00,685378.0,789288.4470245807,789289.0,0.0,103911.0,103911.0,False,682832.0,25844.742770897337,106456.44702458069
2019-01-13 16:34:00,668681.0,791416.2018478899,791417.0,0.0,122736.0,122736.0,False,685378.0,25743.20416700004,106038.20184788988
2019-01-13 16:35:00,681835.0,774568.2598512043,774569.0,0.0,92734.0,92734.0,False,668681.0,25706.55953732568,105887.25985120432
2019-01-13 16:36:00,650918.0,788039.0218648363,788040.0,0.0,137122.0,137122.0,False,681835.0,25783.46077713524,106204.02186483634
2019-01-13 16:37:00,638477.0,751621.2640478951,751622.0,0.0,113145.0,113145.0,False,650918.0,24448.025725550026,100703.26404789508
2019-01-13 16:38:00,656095.0,739406.9422960343,739407.0,0.0,83312.0,83312.0,False,638477.0,24503.057066334513,100929.94229603429
2019-01-13 16:39:00,667420.0,758008.2154087126,758009.0,0.0,90589.0,90589.0,False,656095.0,24741.76915358689,101913.21540871257
2019-01-13 16:40:00,686251.0,769811.4373168023,769812.0,0.0,83561.0,83561.0,False,667420.0,24857.868483852293,102391.43731680236
2019-01-13 16:41:00,667463.0,784901.6698983662,784902.0,0.0,117439.0,117439.0,False,686251.0,23949.71144501261,98650.66989836618
2019-01-13 16:42:00,660373.0,759030.3348715008,759031.0,0.0,98658.0,98658.0,False,667463.0,22230.069498976685,91567.33487150089
2019-01-13 16:43:00,663879.0,750779.4444622647,750780.0,0.0,86901.0,86901.0,False,660373.0,21948.236741539426,90406.4444622647
2019-01-13 16:44:00,668478.0,753248.5956649622,753249.0,0.0,84771.0,84771.0,False,663879.0,21696.517928751982,89369.59566496222
2019-01-13 16:45:00,693219.0,757920.6645956035,757921.0,0.0,64702.0,64702.0,False,668478.0,21714.257086593054,89442.66459560352
2019-01-13 16:46:00,688619.0,779541.6878420579,779542.0,0.0,90923.0,90923.0,False,693219.0,20956.81121177491,86322.68784205795
2019-01-13 16:47:00,665934.0,773177.4431253334,773178.0,0.0,107244.0,107244.0,False,688619.0,20528.500365761676,84558.44312533336
2019-01-13 16:48:00,653382.0,751317.4313336286,751318.0,0.0,97936.0,97936.0,False,665934.0,20728.78516417778,85383.43133362857
2019-01-13 16:49:00,655001.0,737705.1539408698,737706.0,0.0,82705.0,82705.0,False,653382.0,20471.378522799652,84323.15394086987
2019-01-13 16:50:00,675438.0,739239.4835454139,739240.0,0.0,63802.0,63802.0,False,655001.0,20450.82284343939,84238.4835454139
2019-01-13 16:51:00,654609.0,758758.4552834358,758759.0,0.0,104150.0,104150.0,False,675438.0,20227.950439274315,83320.4552834357
2019-01-13 16:52:00,650161.0,735272.5748480255,735273.0,0.0,85112.0,85112.0,False,654609.0,19582.93181104268,80663.57484802541
2019-01-13 16:53:00,664103.0,730742.4985155032,730743.0,0.0,66640.0,66640.0,False,650161.0,19563.005899922213,80581.4985155033
2019-01-13 16:54:00,675269.0,744304.9229384,744305.0,0.0,69036.0,69036.0,False,664103.0,19470.85522773148,80201.9229383999
2019-01-13 16:55:00,672146.0,755487.4560195018,755488.0,0.0,83342.0,83342.0,False,675269.0,19474.869012149724,80218.4560195018
2019-01-13 16:56:00,656207.0,752147.6025791792,752148.0,0.0,95941.0,95941.0,False,672146.0,19422.22286867259,80001.60257917919
2019-01-13 16:57:00,654471.0,736970.3037270537,736971.0,0.0,82500.0,82500.0,False,656207.0,19607.1432824693,80763.30372705366
2019-01-13 16:58:00,659944.0,732878.088472727,732879.0,0.0,72935.0,72935.0,False,654471.0,19035.118018965273,78407.08847272696
2019-01-13 16:59:00,661193.0,738335.5382756544,738336.0,0.0,77143.0,77143.0,False,659944.0,19031.34285217539,78391.53827565443
2019-01-13 17:00:00,758438.0,739290.50785976,739291.0,19147.0,0.0,191470.0,False,661193.0,18959.96022878334,78097.50785976001
2019-01-13 17:01:00,680898.0,852322.9454262464,852323.0,0.0,171425.0,171425.0,False,758438.0,22792.722586738324,93884.94542624638
2019-01-13 17:02:00,678445.0,790843.9221057635,790844.0,0.0,112399.0,112399.0,False,680898.0,26691.892834601807,109945.92210576347
2019-01-13 17:03:00,688860.0,787607.1498739634,787608.0,0.0,98748.0,98748.0,False,678445.0,26501.61415925614,109162.14987396346
2019-01-13 17:04:00,675094.0,798286.6452328429,798287.0,0.0,123193.0,123193.0,False,688860.0,26565.8264705383,109426.6452328429
2019-01-13 17:05:00,696015.0,784287.162798112,784288.0,0.0,88273.0,88273.0,False,675094.0,26509.143257489213,109193.16279811198
2019-01-13 17:06:00,769105.0,805877.6995988581,805878.0,0.0,36773.0,36773.0,False,696015.0,26671.688663376546,109862.69959885813
2019-01-13 17:07:00,783213.0,888649.8948050806,888650.0,0.0,105437.0,105437.0,True,769105.0,29022.26349051367,119544.89480508065
2019-01-13 17:08:00,751192.0,902311.3570485743,902312.0,0.0,151120.0,151120.0,False,783213.0,28913.856214327425,119098.3570485743
2019-01-13 17:09:00,672210.0,872901.4894549812,872902.0,0.0,200692.0,200692.0,False,751192.0,29547.768459855943,121709.48945498117
2019-01-13 17:10:00,693032.0,807999.4179265144,808000.0,0.0,114968.0,114968.0,False,672210.0,32965.99384450914,135789.4179265144
2019-01-13 17:11:00,666831.0,828984.1317704442,828985.0,0.0,162154.0,162154.0,False,693032.0,33005.49635994308,135952.13177044425
2019-01-13 17:12:00,666009.0,803478.2007796001,803479.0,0.0,137470.0,137470.0,False,666831.0,33174.240294685755,136647.2007796
2019-01-13 17:13:00,654956.0,802551.3697185622,802552.0,0.0,147596.0,147596.0,False,666009.0,33148.79015162119,136542.36971856226
2019-01-13 17:14:00,646712.0,791722.4374191964,791723.0,0.0,145011.0,145011.0,False,654956.0,33203.187722158335,136766.4374191963
2019-01-13 17:15:00,680846.0,783548.0460206517,783549.0,0.0,102703.0,102703.0,False,646712.0,33220.08680576988,136836.0460206517
2019-01-13 17:16:00,668214.0,818842.0519724567,818843.0,0.0,150629.0,150629.0,False,680846.0,33501.70484089169,137996.05197245674
2019-01-13 17:17:00,670412.0,806475.4363041121,806476.0,0.0,136064.0,136064.0,False,668214.0,33566.13297069274,138261.43630411208
2019-01-13 17:18:00,680533.0,807654.0717449861,807655.0,0.0,127122.0,127122.0,False,670412.0,33318.65885750638,137242.07174498614
2019-01-13 17:19:00,653421.0,817612.1541487548,817613.0,0.0,164192.0,164192.0,False,680533.0,33279.10687653072,137079.15414875478
2019-01-13 17:20:00,688779.0,792052.824222073,792053.0,0.0,103274.0,103274.0,False,653421.0,33656.053128021835,138631.82422207293
2019-01-13 17:21:00,663071.0,829086.9198953955,829087.0,0.0,166016.0,166016.0,False,688779.0,34062.96377314635,140307.91989539552
2019-01-13 17:22:00,637462.0,803842.9089326892,803843.0,0.0,166381.0,166381.0,False,663071.0,34175.60774777198,140771.9089326892
2019-01-13 17:23:00,667585.0,779499.8694326497,779500.0,0.0,111915.0,111915.0,False,637462.0,34482.94867820939,142037.86943264966
2019-01-13 17:24:00,656106.0,811045.1712537005,811046.0,0.0,154940.0,154940.0,False,667585.0,34828.245048086836,143460.17125370054
2019-01-13 17:25:00,657542.0,799556.8106936035,799557.0,0.0,142015.0,142015.0,False,656106.0,34825.97255755516,143450.8106936035
2019-01-13 17:26:00,668531.0,800987.7650023357,800988.0,0.0,132457.0,132457.0,False,657542.0,34824.74760033965,143445.7650023356
2019-01-13 17:27:00,643634.0,811717.7992419973,811718.0,0.0,168084.0,168084.0,False,668531.0,34761.87772585597,143186.79924199727
2019-01-13 17:28:00,655382.0,788036.1202715273,788037.0,0.0,132655.0,132655.0,False,643634.0,35056.924764059426,144402.1202715273
2019-01-13 17:29:00,654596.0,800001.8787797663,800002.0,0.0,145406.0,145406.0,False,655382.0,35109.79063351974,144619.87877976627
2019-01-13 17:30:00,723692.0,799212.5563270902,799213.0,0.0,75521.0,75521.0,False,654596.0,35108.98403197348,144616.55632709028
2019-01-13 17:31:00,678852.0,858761.8767493508,858762.0,0.0,179910.0,179910.0,False,723692.0,32791.3087300175,135069.8767493508
2019-01-13 17:32:00,670316.0,805356.0787499719,805357.0,0.0,135041.0,135041.0,False,678852.0,30711.764915538166,126504.07874997193
2019-01-13 17:33:00,667607.0,796964.8078948262,796965.0,0.0,129358.0,129358.0,False,670316.0,30746.90123301594,126648.80789482623
2019-01-13 17:34:00,653744.0,794001.0426230145,794002.0,0.0,140258.0,140258.0,False,667607.0,30685.05112340811,126394.04262301457
2019-01-13 17:35:00,665028.0,780143.7302670579,780144.0,0.0,115116.0,115116.0,False,653744.0,30686.43192937506,126399.73026705788
2019-01-13 17:36:00,656180.0,790693.654077445,790694.0,0.0,134514.0,134514.0,False,665028.0,30508.218107431483,125665.65407744503
2019-01-13 17:37:00,649793.0,768396.4444793437,768397.0,0.0,118604.0,118604.0,False,656180.0,27243.1141870033,112216.44447934366
2019-01-13 17:38:00,662089.0,761183.5497047395,761184.0,0.0,99095.0,99095.0,False,649793.0,27042.60929883486,111390.54970473949
2019-01-13 17:39:00,663837.0,772086.177118948,772087.0,0.0,108250.0,108250.0,False,662089.0,26704.33616394912,109997.17711894793
2019-01-13 17:40:00,700014.0,757225.4874683865,757226.0,0.0,57212.0,57212.0,False,663837.0,22672.196037374062,93388.48746838656
2019-01-13 17:41:00,683230.0,796018.1716577657,796019.0,0.0,112789.0,112789.0,False,700014.0,23307.213332557694,96004.17165776576
2019-01-13 17:42:00,678326.0,778012.4746881688,778013.0,0.0,99687.0,99687.0,False,683230.0,23010.61838875006,94782.47468816889
2019-01-13 17:43:00,683992.0,773189.831013337,773190.0,0.0,89198.0,89198.0,False,678326.0,23030.36950158094,94863.83101333707
2019-01-13 17:44:00,682608.0,778518.0561058705,778519.0,0.0,95911.0,95911.0,False,683992.0,22948.366900123445,94526.05610587049
2019-01-13 17:45:00,732398.0,776891.741248217,776892.0,0.0,44494.0,44494.0,False,682608.0,22889.539413948023,94283.74124821692
2019-01-13 17:46:00,725063.0,830411.8277173273,830412.0,0.0,105349.0,105349.0,False,732398.0,23795.10340750402,98013.82771732727
2019-01-13 17:47:00,698976.0,822715.7987727397,822716.0,0.0,123740.0,123740.0,False,725063.0,23707.455355493057,97652.79877273976
2019-01-13 17:48:00,666572.0,798794.6478209759,798795.0,0.0,132223.0,132223.0,False,698976.0,24233.264858785336,99818.6478209759
2019-01-13 17:49:00,665814.0,769097.0446982033,769098.0,0.0,103284.0,103284.0,False,666572.0,24890.304738312334,102525.04469820332
2019-01-13 17:50:00,705222.0,766296.6767955129,766297.0,0.0,61075.0,61075.0,False,665814.0,24394.47311360686,100482.67679551293
2019-01-13 17:51:00,662497.0,806542.3799346976,806543.0,0.0,144046.0,144046.0,False,705222.0,24597.84475295533,101320.37993469767
2019-01-13 17:52:00,649505.0,767041.3349564867,767042.0,0.0,117537.0,117537.0,False,662497.0,25380.533735839028,104544.33495648674
2019-01-13 17:53:00,659406.0,752710.3596700053,752711.0,0.0,93305.0,93305.0,False,649505.0,25055.46679228687,103205.35967000524
2019-01-13 17:54:00,652645.0,760376.6646465736,760377.0,0.0,107732.0,107732.0,False,659406.0,24512.943350388974,100970.66464657355
2019-01-13 17:55:00,704683.0,753379.5048107803,753380.0,0.0,48697.0,48697.0,False,652645.0,24455.610136859083,100734.5048107803
2019-01-13 17:56:00,722074.0,812553.8227277133,812554.0,0.0,90480.0,90480.0,False,704683.0,26188.114893963113,107870.82272771331
2019-01-13 17:57:00,687441.0,830363.9745955411,830364.0,0.0,142923.0,142923.0,False,722074.0,26289.87361791763,108289.97459554119
2019-01-13 17:58:00,684259.0,797315.363448312,797316.0,0.0,113057.0,113057.0,False,687441.0,26674.520330196927,109874.36344831205
2019-01-13 17:59:00,674139.0,793897.0580658461,793898.0,0.0,119759.0,119759.0,False,684259.0,26617.15178187593,109638.0580658461
2019-01-13 18:00:00,765020.0,784078.0558546402,784079.0,0.0,19059.0,19059.0,False,674139.0,26690.22589474949,109939.05585464019
2019-01-13 18:01:00,711871.0,883479.3915984908,883480.0,0.0,171609.0,171609.0,False,765020.0,28758.732704587463,118459.39159849078
2019-01-13 18:02:00,704634.0,832306.6526582309,832307.0,0.0,127673.0,127673.0,False,711871.0,29238.515377827815,120435.65265823086
2019-01-13 18:03:00,703953.0,825014.6862205826,825015.0,0.0,121062.0,121062.0,False,704634.0,29225.17101511652,120380.6862205826
2019-01-13 18:04:00,698045.0,824306.3124840753,824307.0,0.0,126262.0,126262.0,False,703953.0,29218.5254131029,120353.3124840753
2019-01-13 18:05:00,783279.0,817977.7943754843,817978.0,0.0,34699.0,34699.0,True,698045.0,29116.435002885384,119932.7943754843
2019-01-13 18:06:00,866343.0,918163.931300692,918164.0,0.0,51821.0,51821.0,True,783279.0,32746.408982930046,134884.9313006921
2019-01-13 18:07:00,802998.0,1012913.0101115836,1012914.0,0.0,209916.0,209916.0,True,866343.0,35583.22971634625,146570.0101115836
2019-01-13 18:08:00,683463.0,958301.6645403281,958302.0,0.0,274839.0,274839.0,False,802998.0,37703.524526755355,155303.6645403281
2019-01-13 18:09:00,685750.0,863875.4691265487,863876.0,0.0,178126.0,178126.0,False,683463.0,43799.26239846699,180412.46912654876
2019-01-13 18:10:00,708719.0,866164.6590028706,866165.0,0.0,157446.0,157446.0,False,685750.0,43799.79404114169,180414.6590028705
2019-01-13 18:11:00,687585.0,887926.3037942816,887927.0,0.0,200342.0,200342.0,False,708719.0,43506.680888568815,179207.30379428162
2019-01-13 18:12:00,681543.0,867055.3707377308,867056.0,0.0,185513.0,185513.0,False,687585.0,43570.546419262326,179470.37073773082
2019-01-13 18:13:00,679819.0,861033.4491534512,861034.0,0.0,181215.0,181215.0,False,681543.0,43575.42091492741,179490.44915345125
2019-01-13 18:14:00,676368.0,859263.176902601,859264.0,0.0,182896.0,182896.0,False,679819.0,43564.187265354456,179444.17690260097
2019-01-13 18:15:00,682968.0,855826.7947978668,855827.0,0.0,172859.0,172859.0,False,676368.0,43567.73609451002,179458.79479786687
2019-01-13 18:16:00,669888.0,858418.0514496095,858419.0,0.0,188531.0,188531.0,False,682968.0,42594.52175600841,175450.05144960943
2019-01-13 18:17:00,673814.0,845494.7268627444,845495.0,0.0,171681.0,171681.0,False,669888.0,42632.558303950536,175606.72686274446
2019-01-13 18:18:00,669415.0,848476.5711001419,848477.0,0.0,179062.0,179062.0,False,673814.0,42403.34285009933,174662.5711001418
2019-01-13 18:19:00,654622.0,842434.9209130581,842435.0,0.0,187813.0,187813.0,False,669415.0,42004.551863415894,173019.92091305804
2019-01-13 18:20:00,687399.0,827991.8994165116,827992.0,0.0,140593.0,140593.0,False,654622.0,42089.51716753706,173369.89941651167
2019-01-13 18:21:00,650990.0,859975.895810354,859976.0,0.0,208986.0,208986.0,False,687399.0,41896.99736445924,172576.8958103541
2019-01-13 18:22:00,650098.0,822756.1340563671,822757.0,0.0,172659.0,172659.0,False,650990.0,41700.1663639334,171766.13405636713
2019-01-13 18:23:00,649261.0,821594.5960037146,821595.0,0.0,172334.0,172334.0,False,650098.0,41634.7298231463,171496.59600371457
2019-01-13 18:24:00,641848.0,820591.3923401163,820592.0,0.0,178744.0,178744.0,False,649261.0,41594.380073992215,171330.39234011635
2019-01-13 18:25:00,649331.0,813192.8934725267,813193.0,0.0,163862.0,163862.0,False,641848.0,41597.90055628808,171344.89347252663
2019-01-13 18:26:00,658093.0,816075.3273647258,816076.0,0.0,157983.0,157983.0,False,649331.0,40481.00767680689,166744.32736472582
2019-01-13 18:27:00,678305.0,824395.8146730257,824396.0,0.0,146091.0,146091.0,False,658093.0,40373.82035028979,166302.81467302577
2019-01-13 18:28:00,682351.0,843486.452980156,843487.0,0.0,161136.0,161136.0,False,678305.0,40101.58409485039,165181.45298015611
2019-01-13 18:29:00,664525.0,847547.6985191834,847548.0,0.0,183023.0,183023.0,False,682351.0,40105.28529891626,165196.69851918344
2019-01-13 18:30:00,716808.0,830084.8672604718,830085.0,0.0,113277.0,113277.0,False,664525.0,40193.452835626005,165559.86726047183
2019-01-13 18:31:00,695392.0,872508.9934975599,872509.0,0.0,177117.0,177117.0,False,716808.0,37799.9852389254,155700.9934975599
2019-01-13 18:32:00,673946.0,846862.4230237511,846863.0,0.0,172917.0,172917.0,False,695392.0,36772.917280847716,151470.4230237511
2019-01-13 18:33:00,667668.0,826133.8841897994,826134.0,0.0,158466.0,158466.0,False,673946.0,36947.097424961925,152187.88418979946
2019-01-13 18:34:00,658330.0,819905.0314319306,819906.0,0.0,161576.0,161576.0,False,667668.0,36959.029044570496,152237.03143193055
2019-01-13 18:35:00,644924.0,810648.0049943014,810649.0,0.0,165725.0,165725.0,False,658330.0,36978.687232958415,152318.00499430142
2019-01-13 18:36:00,659501.0,782265.1441287734,782266.0,0.0,122765.0,122765.0,False,644924.0,33342.71094966467,137341.14412877333
2019-01-13 18:37:00,613804.0,780475.8981195862,780476.0,0.0,166672.0,166672.0,False,659501.0,29369.429574465285,120974.89811958619
2019-01-13 18:38:00,647160.0,730758.4339869104,730759.0,0.0,83599.0,83599.0,False,613804.0,28393.369746875593,116954.43398691044
2019-01-13 18:39:00,641339.0,730084.5548696411,730085.0,0.0,88746.0,88746.0,False,647160.0,20131.83653876953,82924.5548696411
2019-01-13 18:40:00,678553.0,724286.8744126904,724287.0,0.0,45734.0,45734.0,False,641339.0,20137.497892388677,82947.8744126904
2019-01-13 18:41:00,670394.0,764490.3913345046,764491.0,0.0,94097.0,94097.0,False,678553.0,20863.27165257899,85937.39133450453
2019-01-13 18:42:00,653869.0,755139.8731318197,755140.0,0.0,101271.0,101271.0,False,670394.0,20574.003296214225,84745.87313181962
2019-01-13 18:43:00,633408.0,739348.7687758266,739349.0,0.0,105941.0,105941.0,False,653869.0,20752.1732865734,85479.76877582657
2019-01-13 18:44:00,669010.0,720101.2165650593,720102.0,0.0,51092.0,51092.0,False,633408.0,21046.765552755205,86693.21656505932
2019-01-13 18:45:00,673665.0,759924.3136513034,759925.0,0.0,86260.0,86260.0,False,669010.0,22071.533628847144,90914.31365130343
2019-01-13 18:46:00,671413.0,764507.8360885805,764508.0,0.0,93095.0,93095.0,False,673665.0,22054.18081204652,90842.83608858057
2019-01-13 18:47:00,655035.0,761746.3675620027,761747.0,0.0,106712.0,106712.0,False,671413.0,21930.49564889025,90333.36756200274
2019-01-13 18:48:00,669761.0,746120.1292237898,746121.0,0.0,76360.0,76360.0,False,655035.0,22113.003024600657,91085.12922378985
2019-01-13 18:49:00,659695.0,761493.4743800208,761494.0,0.0,101799.0,101799.0,False,669761.0,22270.160900092324,91732.47438002075
2019-01-13 18:50:00,667841.0,751061.8753644999,751062.0,0.0,83221.0,83221.0,False,659695.0,22181.403358604486,91366.87536449982
2019-01-13 18:51:00,669240.0,755994.902145397,755995.0,0.0,86755.0,86755.0,False,667841.0,21401.380460054057,88153.90214539702
2019-01-13 18:52:00,657337.0,753045.9391185595,753046.0,0.0,95709.0,95709.0,False,669240.0,20345.812768789285,83805.93911855953
2019-01-13 18:53:00,654750.0,741648.3615076381,741649.0,0.0,86899.0,86899.0,False,657337.0,20468.51563931972,84311.36150763808
2019-01-13 18:54:00,670849.0,739083.9458369956,739084.0,0.0,68235.0,68235.0,False,654750.0,20473.9985029622,84333.94583699561
2019-01-13 18:55:00,680219.0,755775.0166930978,755776.0,0.0,75557.0,75557.0,False,670849.0,20617.737275068423,84926.01669309773
2019-01-13 18:56:00,657712.0,765238.3127465067,765239.0,0.0,107527.0,107527.0,False,680219.0,20640.387030619026,85019.3127465066
2019-01-13 18:57:00,654332.0,744252.9731598824,744253.0,0.0,89921.0,89921.0,False,657712.0,21009.804976337917,86540.97315988233
2019-01-13 18:58:00,649596.0,739501.9741096478,739502.0,0.0,89906.0,89906.0,False,654332.0,20676.96353006763,85169.97410964774
2019-01-13 18:59:00,653071.0,734730.9503004339,734731.0,0.0,81660.0,81660.0,False,649596.0,20668.46069754516,85134.95030043395
2019-01-13 19:00:00,737547.0,737289.9192772411,737290.0,257.0,0.0,2570.0,False,653071.0,20446.07316887709,84218.91927724115
2019-01-13 19:01:00,692288.0,835410.0160085785,835411.0,0.0,143123.0,143123.0,False,737547.0,23758.49040821285,97863.0160085785
2019-01-13 19:02:00,672907.0,794680.3071617619,794681.0,0.0,121774.0,121774.0,False,692288.0,24858.079658655304,102392.30716176188
2019-01-13 19:03:00,662109.0,775066.9961034254,775067.0,0.0,112958.0,112958.0,False,672907.0,24801.680824076924,102159.9961034254
2019-01-13 19:04:00,646339.0,764479.6718253039,764480.0,0.0,118141.0,118141.0,False,662109.0,24852.827184792553,102370.67182530393
2019-01-13 19:05:00,657290.0,749144.4533311907,749145.0,0.0,91855.0,91855.0,False,646339.0,24958.3803616574,102805.45333119076
2019-01-13 19:06:00,715375.0,759930.00489563,759931.0,0.0,44556.0,44556.0,False,657290.0,24918.213961421174,102640.00489562997
2019-01-13 19:07:00,748863.0,826131.2488640565,826132.0,0.0,77269.0,77269.0,False,715375.0,26888.618229951746,110756.24886405657
2019-01-13 19:08:00,725887.0,855798.2948982464,855799.0,0.0,129912.0,129912.0,False,748863.0,25960.99406865503,106935.29489824636
2019-01-13 19:09:00,742040.0,832336.4911896952,832337.0,0.0,90297.0,90297.0,False,725887.0,25843.05408253326,106449.49118969524
2019-01-13 19:10:00,754996.0,848743.1747599379,848744.0,0.0,93748.0,93748.0,False,742040.0,25904.641584289835,106703.17475993792
2019-01-13 19:11:00,686329.0,858814.486504999,858815.0,0.0,172486.0,172486.0,False,754996.0,25204.317385926246,103818.48650499899
2019-01-13 19:12:00,662331.0,802573.1650510407,802574.0,0.0,140243.0,140243.0,False,686329.0,28220.935681501654,116244.16505104065
2019-01-13 19:13:00,651222.0,779324.2067501778,779325.0,0.0,128103.0,128103.0,False,662331.0,28402.782723930246,116993.20675017782
2019-01-13 19:14:00,634685.0,767479.4754936252,767480.0,0.0,132795.0,132795.0,False,651222.0,28224.167096548623,116257.47549362511
2019-01-13 19:15:00,693681.0,748427.6414928185,748428.0,0.0,54747.0,54747.0,False,634685.0,27613.633496386792,113742.64149281845
2019-01-13 19:16:00,682975.0,815780.2935258813,815781.0,0.0,132806.0,132806.0,False,693681.0,29642.402333379225,122099.29352588128
2019-01-13 19:17:00,666129.0,805348.3039236623,805349.0,0.0,139220.0,139220.0,False,682975.0,29708.924638463905,122373.30392366224
2019-01-13 19:18:00,664930.0,788539.0452967288,788540.0,0.0,123610.0,123610.0,False,666129.0,29717.84444898263,122410.04529672884
2019-01-13 19:19:00,649035.0,786849.1046066845,786850.0,0.0,137815.0,137815.0,False,664930.0,29598.65734285055,121919.10460668452
2019-01-13 19:20:00,650848.0,771297.6272231027,771298.0,0.0,120450.0,120450.0,False,649035.0,29682.05533240832,122262.62722310268
2019-01-13 19:21:00,671670.0,772951.1469911213,772952.0,0.0,101282.0,101282.0,False,650848.0,29643.3378503976,122103.1469911214
2019-01-13 19:22:00,650611.0,794790.2888119856,794791.0,0.0,144180.0,144180.0,False,671670.0,29890.27234292005,123120.2888119856
2019-01-13 19:23:00,659469.0,774419.5209843123,774420.0,0.0,114951.0,114951.0,False,650611.0,30057.356478804562,123808.52098431224
2019-01-13 19:24:00,663033.0,783443.0860149572,783444.0,0.0,120411.0,120411.0,False,659469.0,30097.551185170123,123974.08601495717
2019-01-13 19:25:00,658632.0,786440.6395200242,786441.0,0.0,127809.0,127809.0,False,663033.0,29960.033314114015,123407.63952002424
2019-01-13 19:26:00,655844.0,781851.7711547615,781852.0,0.0,126008.0,126008.0,False,658632.0,29914.423962020184,123219.77115476159
2019-01-13 19:27:00,598715.0,777949.4242687305,777950.0,0.0,179235.0,179235.0,False,655844.0,29643.890711738262,122105.42426873046
2019-01-13 19:28:00,630036.0,727908.08987534,727909.0,0.0,97873.0,97873.0,False,598715.0,31364.58400527513,129193.08987533997
2019-01-13 19:29:00,613309.0,761504.9585372298,761505.0,0.0,148196.0,148196.0,False,630036.0,31917.103291714488,131468.95853722986
2019-01-13 19:30:00,697594.0,745266.9638796549,745267.0,0.0,47673.0,47673.0,False,613309.0,32035.82054784884,131957.96387965494
2019-01-13 19:31:00,651854.0,829481.7830710908,829482.0,0.0,177628.0,177628.0,False,697594.0,32018.782547845196,131887.78307109082
2019-01-13 19:32:00,644379.0,783832.8362577276,783833.0,0.0,139454.0,139454.0,False,651854.0,32040.887796074578,131978.83625772753
2019-01-13 19:33:00,656199.0,775729.8874020973,775730.0,0.0,119531.0,119531.0,False,644379.0,31888.438817166847,131350.88740209732
2019-01-13 19:34:00,623660.0,787655.5062106563,787656.0,0.0,163996.0,163996.0,False,656199.0,31914.08020399938,131456.50621065625
2019-01-13 19:35:00,643664.0,756813.7881837658,756814.0,0.0,113150.0,113150.0,False,623660.0,32326.13430904169,133153.7881837658
2019-01-13 19:36:00,644634.0,777434.7638790945,777435.0,0.0,132801.0,132801.0,False,643664.0,32475.91930175315,133770.76387909448
2019-01-13 19:37:00,648377.0,770714.079332697,770715.0,0.0,122338.0,122338.0,False,644634.0,30608.829337837058,126080.07933269694
2019-01-13 19:38:00,618717.0,771559.1803604714,771560.0,0.0,152843.0,152843.0,False,648377.0,29905.297935028506,123182.18036047136
2019-01-13 19:39:00,588714.0,742598.6293549602,742599.0,0.0,153885.0,153885.0,False,618717.0,30075.10521161132,123881.6293549602
2019-01-13 19:40:00,664109.0,713138.804757269,713139.0,0.0,49030.0,49030.0,False,588714.0,30206.973491499604,124424.80475726901
2019-01-13 19:41:00,627675.0,801546.0063104376,801547.0,0.0,173872.0,173872.0,False,664109.0,33365.983691671514,137437.00631043751
2019-01-13 19:42:00,618946.0,758303.6448831423,758304.0,0.0,139358.0,139358.0,False,627675.0,31713.097890033645,130628.64488314233
2019-01-13 19:43:00,629964.0,748601.6978667142,748602.0,0.0,118638.0,118638.0,False,618946.0,31476.892699346696,129655.69786671424
2019-01-13 19:44:00,635024.0,759719.2551581097,759720.0,0.0,124696.0,124696.0,False,629964.0,31501.062513942237,129755.25515810975
2019-01-13 19:45:00,658801.0,764270.8909190551,764271.0,0.0,105470.0,105470.0,False,635024.0,31377.64544189532,129246.89091905506
2019-01-13 19:46:00,655552.0,781410.610303011,781411.0,0.0,125859.0,125859.0,False,658801.0,29766.293428801044,122609.61030301098
2019-01-13 19:47:00,642831.0,777957.1532985582,777958.0,0.0,135127.0,135127.0,False,655552.0,29716.656804289534,122405.15329855826
2019-01-13 19:48:00,656379.0,764970.2157459147,764971.0,0.0,108592.0,108592.0,False,642831.0,29652.094367412334,122139.21574591467
2019-01-13 19:49:00,643279.0,778975.2348328294,778976.0,0.0,135697.0,135697.0,False,656379.0,29763.046226814287,122596.23483282945
2019-01-13 19:50:00,664587.0,765691.2425784791,765692.0,0.0,101105.0,101105.0,False,643279.0,29718.377889494855,122412.24257847911
2019-01-13 19:51:00,634941.0,788024.2135488318,788025.0,0.0,153084.0,153084.0,False,664587.0,29967.213087519864,123437.21354883171
2019-01-13 19:52:00,635903.0,759306.3202346746,759307.0,0.0,123404.0,123404.0,False,634941.0,30192.532260101514,124365.32023467465
2019-01-13 19:53:00,652301.0,759344.4624992957,759345.0,0.0,107044.0,107044.0,False,635903.0,29968.24461764188,123441.46249929574
2019-01-13 19:54:00,645761.0,776190.4822968072,776191.0,0.0,130430.0,130430.0,False,652301.0,30077.01169325432,123889.48229680724
2019-01-13 19:55:00,650785.0,769700.3181119845,769701.0,0.0,118916.0,118916.0,False,645761.0,30089.110479753705,123939.31811198447
2019-01-13 19:56:00,647856.0,774755.7165172232,774756.0,0.0,126900.0,126900.0,False,650785.0,30096.733162357632,123970.71651722315
2019-01-13 19:57:00,636830.0,771828.3854657952,771829.0,0.0,134999.0,134999.0,False,647856.0,30097.13833788008,123972.38546579513
2019-01-13 19:58:00,640287.0,753302.7239804593,753303.0,0.0,113016.0,113016.0,False,636830.0,28276.423600776772,116472.72398045927
2019-01-13 19:59:00,631436.0,754494.022303513,754495.0,0.0,123059.0,123059.0,False,640287.0,27726.372582985943,114207.02230351303
2019-01-13 20:00:00,741208.0,745124.5973353804,745125.0,0.0,3917.0,3917.0,False,631436.0,27600.51303833755,113688.59733538037
2019-01-13 20:01:00,700018.0,866478.3062522184,866479.0,0.0,166461.0,166461.0,False,741208.0,30412.238360468335,125270.30625221843
2019-01-13 20:02:00,662709.0,824360.5939079964,824361.0,0.0,161652.0,161652.0,False,700018.0,30187.01492335448,124342.59390799639
2019-01-13 20:03:00,648015.0,790200.6265602483,790201.0,0.0,142186.0,142186.0,False,662709.0,30951.514783619543,127491.62656024829
2019-01-13 20:04:00,634257.0,775695.3922382948,775696.0,0.0,141439.0,141439.0,False,648015.0,30997.34197896039,127680.39223829487
2019-01-13 20:05:00,668320.0,759993.518365286,759994.0,0.0,91674.0,91674.0,False,634257.0,30525.4220376967,125736.51836528603
2019-01-13 20:06:00,670615.0,795717.9047367292,795718.0,0.0,125103.0,125103.0,False,668320.0,30928.761662614957,127397.90473672927
2019-01-13 20:07:00,686541.0,798017.5429762868,798018.0,0.0,111477.0,111477.0,False,670615.0,30929.88770158794,127402.54297628683
2019-01-13 20:08:00,661189.0,814416.7173606824,814417.0,0.0,153228.0,153228.0,False,686541.0,31044.76162977435,127875.71736068244
2019-01-13 20:09:00,676073.0,788513.8498982653,788514.0,0.0,112441.0,112441.0,False,661189.0,30911.02592597298,127324.84989826537
2019-01-13 20:10:00,769906.0,801444.2020173391,801445.0,0.0,31539.0,31539.0,False,676073.0,30436.733120241915,125371.20201733908
2019-01-13 20:11:00,689199.0,901873.6923824055,901874.0,0.0,212675.0,212675.0,False,769906.0,32038.18236489387,131967.69238240554
2019-01-13 20:12:00,620724.0,832336.0622749467,832337.0,0.0,211613.0,211613.0,False,689199.0,34749.802937005195,143137.06227494674
2019-01-13 20:13:00,603863.0,772935.1496917956,772936.0,0.0,169073.0,169073.0,False,620724.0,36952.74565887666,152211.1496917956
2019-01-13 20:14:00,613797.0,756334.5661309459,756335.0,0.0,142538.0,142538.0,False,603863.0,37015.967718895256,152471.56613094598
2019-01-13 20:15:00,608362.0,766418.2917708536,766419.0,0.0,158057.0,158057.0,False,613797.0,37052.317050079735,152621.29177085357
2019-01-13 20:16:00,630135.0,759857.0874442428,759858.0,0.0,129723.0,129723.0,False,608362.0,36778.90513429406,151495.0874442428
2019-01-13 20:17:00,614967.0,782610.1944857703,782611.0,0.0,167644.0,167644.0,False,630135.0,37016.848585200074,152475.19448577025
2019-01-13 20:18:00,620477.0,767560.6541706314,767561.0,0.0,147084.0,147084.0,False,614967.0,37045.6073891009,152593.65417063143
2019-01-13 20:19:00,621247.0,772754.784509565,772755.0,0.0,151508.0,151508.0,False,620477.0,36968.92278833166,152277.78450956504
2019-01-13 20:20:00,625652.0,773256.7093212216,773257.0,0.0,147605.0,147605.0,False,621247.0,36903.84139138821,152009.70932122157
2019-01-13 20:21:00,601415.0,776786.7642885528,776787.0,0.0,175372.0,175372.0,False,625652.0,36691.42842871646,151134.7642885528
2019-01-13 20:22:00,580410.0,752027.9867375353,752028.0,0.0,171618.0,171618.0,False,601415.0,36564.75496772295,150612.98673753528
2019-01-13 20:23:00,612614.0,731725.611203386,731726.0,0.0,119112.0,119112.0,False,580410.0,36735.33316276883,151315.61120338598
2019-01-13 20:24:00,602401.0,765451.2990257109,765452.0,0.0,163051.0,163051.0,False,612614.0,37104.757762638415,152837.29902571088
2019-01-13 20:25:00,627879.0,755333.3070072539,755334.0,0.0,127455.0,127455.0,False,602401.0,37127.823127985364,152932.30700725384
2019-01-13 20:26:00,611009.0,782043.4845113803,782044.0,0.0,171035.0,171035.0,False,627879.0,37426.962461790885,154164.48451138032
2019-01-13 20:27:00,603485.0,765628.1733789744,765629.0,0.0,162144.0,162144.0,False,611009.0,37537.34860703811,154619.1733789744
2019-01-13 20:28:00,609089.0,758000.3160636069,758001.0,0.0,148912.0,148912.0,False,603485.0,37512.13486305576,154515.3160636069
2019-01-13 20:29:00,620591.0,763648.3661474274,763649.0,0.0,143058.0,143058.0,False,609089.0,37522.82903064443,154559.36614742732
2019-01-13 20:30:00,692500.0,775301.195332749,775302.0,0.0,82802.0,82802.0,False,620591.0,37559.44627277428,154710.195332749
2019-01-13 20:31:00,661328.0,833929.3450808092,833930.0,0.0,172602.0,172602.0,False,692500.0,34335.215442856235,141429.34508080923
2019-01-13 20:32:00,658194.0,801359.3493218708,801360.0,0.0,143166.0,143166.0,False,661328.0,33995.81992671406,140031.34932187077
2019-01-13 20:33:00,631354.0,795507.2632915615,795508.0,0.0,164154.0,164154.0,False,658194.0,33335.942237330964,137313.26329156145
2019-01-13 20:34:00,615976.0,769684.7353977149,769685.0,0.0,153709.0,153709.0,False,631354.0,33582.956914178365,138330.73539771492
2019-01-13 20:35:00,618509.0,754399.3354821412,754400.0,0.0,135891.0,135891.0,False,615976.0,33605.43770730506,138423.33548214126
2019-01-13 20:36:00,616422.0,754405.8821946682,754406.0,0.0,137984.0,137984.0,False,618509.0,32992.08325896101,135896.8821946682
2019-01-13 20:37:00,595515.0,752285.3703452633,752286.0,0.0,156771.0,156771.0,False,616422.0,32983.94748934015,135863.37034526328
2019-01-13 20:38:00,604345.0,731389.1307784347,731390.0,0.0,127045.0,127045.0,False,595515.0,32986.55983114931,135874.13077843463
2019-01-13 20:39:00,599022.0,739391.8958845949,739392.0,0.0,140370.0,140370.0,False,604345.0,32785.729598317455,135046.89588459488
2019-01-13 20:40:00,643067.0,733474.1932583202,733475.0,0.0,90408.0,90408.0,False,599022.0,32641.351903674913,134452.19325832027
2019-01-13 20:41:00,628528.0,761403.9841099906,761404.0,0.0,132876.0,132876.0,False,643067.0,28729.015480859474,118336.98410999069
2019-01-13 20:42:00,602778.0,731839.4301604568,731840.0,0.0,129062.0,129062.0,False,628528.0,25081.217835252548,103311.4301604568
2019-01-13 20:43:00,602556.0,694754.9830712131,694755.0,0.0,92199.0,92199.0,False,602778.0,22329.52098964761,91976.98307121318
2019-01-13 20:44:00,620724.0,693688.0347767345,693689.0,0.0,72965.0,72965.0,False,602556.0,22124.390422773944,91132.03477673454
2019-01-13 20:45:00,633448.0,712566.4805840482,712567.0,0.0,79119.0,79119.0,False,620724.0,22296.867427745223,91842.48058404817
2019-01-13 20:46:00,629715.0,725637.69635581,725638.0,0.0,95923.0,95923.0,False,633448.0,22381.1620154193,92189.69635581004
2019-01-13 20:47:00,621728.0,720547.6516856685,720548.0,0.0,98820.0,98820.0,False,629715.0,22051.708314786887,90832.65168566846
2019-01-13 20:48:00,614479.0,712036.7659131798,712037.0,0.0,97558.0,97558.0,False,621728.0,21924.523034705395,90308.76591317981
2019-01-13 20:49:00,629063.0,704858.2304889021,704859.0,0.0,75796.0,75796.0,False,614479.0,21941.629925691355,90379.23048890207
2019-01-13 20:50:00,632722.0,720100.8333572088,720101.0,0.0,87379.0,87379.0,False,629063.0,22101.520868845146,91037.83335720877
2019-01-13 20:51:00,627144.0,723742.2954951054,723743.0,0.0,96599.0,96599.0,False,632722.0,22097.26315080665,91020.2954951055
2019-01-13 20:52:00,620880.0,716354.570577101,716355.0,0.0,95475.0,95475.0,False,627144.0,21657.910943409464,89210.57057710094
2019-01-13 20:53:00,610313.0,708702.4922906632,708703.0,0.0,98390.0,98390.0,False,620880.0,21320.92312105083,87822.49229066321
2019-01-13 20:54:00,590847.0,695284.6268746784,695285.0,0.0,104438.0,104438.0,False,610313.0,20628.81019214986,84971.62687467845
2019-01-13 20:55:00,616722.0,676713.6079188376,676714.0,0.0,59992.0,59992.0,False,590847.0,20846.087355887816,85866.60791883754
2019-01-13 20:56:00,597337.0,702656.7105070844,702657.0,0.0,105320.0,105320.0,False,616722.0,20862.62082027129,85934.7105070844
2019-01-13 20:57:00,614245.0,683564.4069996447,683565.0,0.0,69320.0,69320.0,False,597337.0,20933.679603197033,86227.40699964472
2019-01-13 20:58:00,610850.0,701228.7496837404,701229.0,0.0,90379.0,90379.0,False,614245.0,21117.299127081682,86983.74968374048
2019-01-13 20:59:00,603803.0,697781.3191323522,697782.0,0.0,93979.0,93979.0,False,610850.0,21104.570408889052,86931.31913235226
2019-01-13 21:00:00,709711.0,690434.7728667613,690435.0,19276.0,0.0,192760.0,False,603803.0,21031.848686545698,86631.7728667613
2019-01-13 21:01:00,658287.0,814228.6500641265,814229.0,0.0,155942.0,155942.0,False,709711.0,25374.055366532186,104517.6500641265
2019-01-13 21:02:00,640497.0,767261.2159824595,767262.0,0.0,126765.0,126765.0,False,658287.0,26455.988899165186,108974.21598245943
2019-01-13 21:03:00,642007.0,750237.9933427057,750238.0,0.0,108231.0,108231.0,False,640497.0,26642.141679875,109740.9933427057
2019-01-13 21:04:00,642490.0,749899.1636187624,749900.0,0.0,107410.0,107410.0,False,642007.0,26193.295884453408,107892.16361876238
2019-01-13 21:05:00,700347.0,749709.3659316074,749710.0,0.0,49363.0,49363.0,False,642490.0,26029.95882364243,107219.36593160742
2019-01-13 21:06:00,710159.0,815553.4590023316,815554.0,0.0,105395.0,105395.0,False,700347.0,27969.008751284844,115206.45900233154
2019-01-13 21:07:00,655037.0,825420.1354982887,825421.0,0.0,170384.0,170384.0,False,710159.0,27982.2827240044,115261.13549828864
2019-01-13 21:08:00,699616.0,776918.8794931686,776919.0,0.0,77303.0,77303.0,False,655037.0,29589.620093249156,121881.8794931685
2019-01-13 21:09:00,700580.0,825436.1273188209,825437.0,0.0,124857.0,124857.0,False,699616.0,30545.72002769964,125820.12731882095
2019-01-13 21:10:00,659991.0,826245.7336625498,826246.0,0.0,166255.0,166255.0,False,700580.0,30508.237428539946,125665.73366254974
2019-01-13 21:11:00,631925.0,785750.6655645065,785751.0,0.0,153826.0,153826.0,False,659991.0,30531.04155090083,125759.6655645065
2019-01-13 21:12:00,631648.0,758994.3414860753,758995.0,0.0,127347.0,127347.0,False,631925.0,30848.995402003595,127069.34148607527
2019-01-13 21:13:00,629153.0,757171.5616967737,757172.0,0.0,128019.0,128019.0,False,631648.0,30473.72192490056,125523.56169677376
2019-01-13 21:14:00,621324.0,754699.9397527172,754700.0,0.0,133376.0,133376.0,False,629153.0,30479.397483866025,125546.9397527172
2019-01-13 21:15:00,634827.0,746317.4015924343,746318.0,0.0,111491.0,111491.0,False,621324.0,30345.013406938437,124993.40159243424
2019-01-13 21:16:00,631032.0,759866.4986755645,759867.0,0.0,128835.0,128835.0,False,634827.0,30356.204530532075,125039.49867556455
2019-01-13 21:17:00,615337.0,756072.566805863,756073.0,0.0,140736.0,140736.0,False,631032.0,30356.463843646332,125040.56680586305
2019-01-13 21:18:00,618683.0,740786.7658117106,740787.0,0.0,122104.0,122104.0,False,615337.0,30455.806282209935,125449.76581171068
2019-01-13 21:19:00,610498.0,744041.2601646495,744042.0,0.0,133544.0,133544.0,False,618683.0,30433.591188840954,125358.26016464949
2019-01-13 21:20:00,632714.0,735502.5107840644,735503.0,0.0,102789.0,102789.0,False,610498.0,30347.710417857925,125004.51078406443
2019-01-13 21:21:00,628896.0,758825.7979654628,758826.0,0.0,129930.0,129930.0,False,632714.0,30616.52976301366,126111.79796546284
2019-01-13 21:22:00,618943.0,754970.4823003287,754971.0,0.0,136028.0,136028.0,False,628896.0,30607.47052993129,126074.48230032872
2019-01-13 21:23:00,605840.0,745151.5438442006,745152.0,0.0,139312.0,139312.0,False,618943.0,30640.017042741696,126208.54384420051
2019-01-13 21:24:00,592789.0,732181.7547372497,732182.0,0.0,139393.0,139393.0,False,605840.0,30672.357040565807,126341.75473724969
2019-01-13 21:25:00,611354.0,718664.2212624236,718665.0,0.0,107311.0,107311.0,False,592789.0,30559.09534540413,125875.2212624236
2019-01-13 21:26:00,620573.0,736495.4143900755,736496.0,0.0,115923.0,115923.0,False,611354.0,30380.94690640001,125141.41439007549
2019-01-13 21:27:00,595761.0,745016.8844292525,745017.0,0.0,149256.0,149256.0,False,620573.0,30211.605519228753,124443.88442925243
2019-01-13 21:28:00,602407.0,720966.8857470831,720967.0,0.0,118560.0,118560.0,False,595761.0,30396.598806163005,125205.88574708313
2019-01-13 21:29:00,612879.0,727706.93069683,727707.0,0.0,114828.0,114828.0,False,602407.0,30419.430373466297,125299.93069683004
2019-01-13 21:30:00,686466.0,738313.439431582,738314.0,0.0,51848.0,51848.0,False,612879.0,30452.08545211364,125434.43943158204
2019-01-13 21:31:00,638875.0,798019.108255113,798020.0,0.0,159145.0,159145.0,False,686466.0,27082.07411319827,111553.108255113
2019-01-13 21:32:00,619480.0,749475.7896983346,749476.0,0.0,129996.0,129996.0,False,638875.0,26850.876953948682,110600.7896983347
2019-01-13 21:33:00,620979.0,730227.7542890704,730228.0,0.0,109249.0,109249.0,False,619480.0,26886.555977156317,110747.75428907032
2019-01-13 21:34:00,614180.0,731726.6304110995,731727.0,0.0,117547.0,117547.0,False,620979.0,26886.525902939313,110747.63041109956
2019-01-13 21:35:00,624940.0,725014.4547206538,725015.0,0.0,100075.0,100075.0,False,614180.0,26907.604494320196,110834.45472065386
2019-01-13 21:36:00,607025.0,726746.1690977248,726747.0,0.0,119722.0,119722.0,False,624940.0,24715.78120781774,101806.16909772485
2019-01-13 21:37:00,602548.0,708996.7431546103,708997.0,0.0,106449.0,106449.0,False,607025.0,24755.978105510094,101971.7431546103
2019-01-13 21:38:00,600057.0,696567.8866571469,696568.0,0.0,96511.0,96511.0,False,602548.0,22825.48266373964,94019.88665714688
2019-01-13 21:39:00,600735.0,687145.4472654453,687146.0,0.0,86411.0,86411.0,False,600057.0,21142.716864978473,87088.44726544523
2019-01-13 21:40:00,629003.0,687815.7495013593,687816.0,0.0,58813.0,58813.0,False,600735.0,21140.84805629405,87080.74950135927
2019-01-13 21:41:00,597366.0,714285.3353848266,714286.0,0.0,116920.0,116920.0,False,629003.0,20704.241805226844,85282.33538482664
2019-01-13 21:42:00,586638.0,683326.694601943,683327.0,0.0,96689.0,96689.0,False,597366.0,20868.92905492053,85960.69460194299
2019-01-13 21:43:00,597548.0,672885.3825695021,672886.0,0.0,75338.0,75338.0,False,586638.0,20938.529130671388,86247.38256950217
2019-01-13 21:44:00,591392.0,684276.1343165567,684277.0,0.0,92885.0,92885.0,False,597548.0,21055.242637335905,86728.13431655671
2019-01-13 21:45:00,616686.0,678055.0127535562,678056.0,0.0,61370.0,61370.0,False,591392.0,21039.432885163747,86663.01275355619
2019-01-13 21:46:00,617126.0,704889.6385719418,704890.0,0.0,87764.0,87764.0,False,616686.0,21413.455117684654,88203.63857194173
2019-01-13 21:47:00,614583.0,705298.5848628188,705299.0,0.0,90716.0,90716.0,False,617126.0,21405.91611796414,88172.58486281878
2019-01-13 21:48:00,615803.0,702003.7124264183,702004.0,0.0,86201.0,86201.0,False,614583.0,21223.381849177105,87420.71242641832
2019-01-13 21:49:00,598294.0,703191.4732030868,703192.0,0.0,104898.0,104898.0,False,615803.0,21215.555038707433,87388.47320308682
2019-01-13 21:50:00,610746.0,686439.2517357655,686440.0,0.0,75694.0,75694.0,False,598294.0,21399.280374826347,88145.25173576546
2019-01-13 21:51:00,580855.0,697762.4030585659,697763.0,0.0,116908.0,116908.0,False,610746.0,21125.226482319933,87016.40305856593
2019-01-13 21:52:00,600161.0,670490.4297176573,670491.0,0.0,70330.0,70330.0,False,580855.0,21761.0552386442,89635.42971765732
2019-01-13 21:53:00,599731.0,690859.0696492711,690860.0,0.0,91129.0,91129.0,False,600161.0,22019.03544048488,90698.06964927113
2019-01-13 21:54:00,586242.0,689925.7395078856,689926.0,0.0,103684.0,103684.0,False,599731.0,21896.84051104162,90194.73950788559
2019-01-13 21:55:00,600113.0,676472.5984084563,676473.0,0.0,76360.0,76360.0,False,586242.0,21905.546081133434,90230.59840845632
2019-01-13 21:56:00,583827.0,689856.3997078649,689857.0,0.0,106030.0,106030.0,False,600113.0,21787.26742871707,89743.39970786488
2019-01-13 21:57:00,591070.0,674008.7237243715,674009.0,0.0,82939.0,82939.0,False,583827.0,21893.680631238323,90181.72372437149
2019-01-13 21:58:00,581574.0,679609.6812018686,679610.0,0.0,98036.0,98036.0,False,591070.0,21495.037169061114,88539.68120186856
2019-01-13 21:59:00,584553.0,670216.6892909529,670217.0,0.0,85664.0,85664.0,False,581574.0,21520.04474389678,88642.68929095288
2019-01-13 22:00:00,687700.0,672834.2577476774,672835.0,14865.0,0.0,148650.0,False,584553.0,21432.298951825695,88281.25774767733
2019-01-13 22:01:00,656653.0,791446.3529140186,791447.0,0.0,134794.0,134794.0,False,687700.0,25186.805303228237,103746.35291401854
2019-01-13 22:02:00,638012.0,756760.8949437267,756761.0,0.0,118749.0,118749.0,False,656653.0,24303.48622812139,100107.89494372671
2019-01-13 22:03:00,646609.0,738036.2707793304,738037.0,0.0,91428.0,91428.0,False,638012.0,24283.18454533317,100024.2707793304
2019-01-13 22:04:00,631890.0,746806.17637238,746807.0,0.0,114917.0,114917.0,False,646609.0,24325.161341487037,100197.17637237998
2019-01-13 22:05:00,640097.0,732599.1318358723,732600.0,0.0,92503.0,92503.0,False,631890.0,24449.4502655863,100709.13183587232
2019-01-13 22:06:00,643927.0,740677.9383074668,740678.0,0.0,96751.0,96751.0,False,640097.0,24418.328348040337,100580.93830746677
2019-01-13 22:07:00,685545.0,743536.064240197,743537.0,0.0,57992.0,57992.0,False,643927.0,24182.38364035631,99609.06424019694
2019-01-13 22:08:00,692018.0,789400.7725498192,789401.0,0.0,97383.0,97383.0,False,685545.0,25213.36942799844,103855.77254981922
2019-01-13 22:09:00,705156.0,795828.6108813412,795829.0,0.0,90673.0,90673.0,False,692018.0,25202.405397753733,103810.6108813411
2019-01-13 22:10:00,686223.0,809213.0670871198,809214.0,0.0,122991.0,122991.0,False,705156.0,25262.238291116882,104057.06708711978
2019-01-13 22:11:00,646201.0,789772.5487697751,789773.0,0.0,143572.0,143572.0,False,686223.0,25139.026585955784,103549.54876977514
2019-01-13 22:12:00,609603.0,751458.2848813988,751459.0,0.0,141856.0,141856.0,False,646201.0,25553.618672758137,105257.28488139877
2019-01-13 22:13:00,604766.0,718260.906799014,718261.0,0.0,113495.0,113495.0,False,609603.0,26379.197594263445,108657.90679901396
2019-01-13 22:14:00,594416.0,713216.0603294772,713217.0,0.0,118801.0,118801.0,False,604766.0,26328.738099407517,108450.06032947719
2019-01-13 22:15:00,621235.0,703050.142338239,703051.0,0.0,81816.0,81816.0,False,594416.0,26373.428226667726,108634.14233823896
2019-01-13 22:16:00,620688.0,730074.8157228759,730075.0,0.0,109387.0,109387.0,False,621235.0,26423.360155351504,108839.81572287584
2019-01-13 22:17:00,603620.0,729528.7834194787,729529.0,0.0,125909.0,125909.0,False,620688.0,26423.595085883957,108840.78341947874
2019-01-13 22:18:00,595076.0,713189.1062036398,713190.0,0.0,118114.0,118114.0,False,603620.0,26600.412136771258,109569.1062036398
2019-01-13 22:19:00,599093.0,704802.9331399716,704803.0,0.0,105710.0,105710.0,False,595076.0,26638.728243365258,109726.93313997154
2019-01-13 22:20:00,628357.0,708105.9902784902,708106.0,0.0,79749.0,79749.0,False,599093.0,26465.402248333292,109012.99027849022
2019-01-13 22:21:00,615706.0,739147.9772864527,739148.0,0.0,123442.0,123442.0,False,628357.0,26897.049350553185,110790.97728645262
2019-01-13 22:22:00,595043.0,724530.6073351203,724531.0,0.0,129488.0,129488.0,False,615706.0,26419.667970608472,108824.60733512031
2019-01-13 22:23:00,584889.0,704111.2061755832,704112.0,0.0,119223.0,119223.0,False,595043.0,26478.807173043053,109068.20617558323
2019-01-13 22:24:00,602746.0,694206.9825334997,694207.0,0.0,91461.0,91461.0,False,584889.0,26539.446109444078,109317.98253349969
2019-01-13 22:25:00,604465.0,712413.1107962126,712414.0,0.0,107949.0,107949.0,False,602746.0,26624.204998135716,109667.11079621254
2019-01-13 22:26:00,604272.0,713664.3957046384,713665.0,0.0,109393.0,109393.0,False,604465.0,26510.656438422757,109199.3957046384
2019-01-13 22:27:00,600918.0,712747.8064117619,712748.0,0.0,111830.0,111830.0,False,604272.0,26334.988551048587,108475.80641176192
2019-01-13 22:28:00,598259.0,709314.2391390223,709315.0,0.0,111056.0,111056.0,False,600918.0,26315.67177170444,108396.23913902236
2019-01-13 22:29:00,590528.0,706422.4166123625,706423.0,0.0,115895.0,115895.0,False,598259.0,26259.148766466402,108163.41661236255
2019-01-13 22:30:00,671020.0,698845.511930617,698846.0,0.0,27826.0,27826.0,False,590528.0,26296.558937233876,108317.51193061708
2019-01-13 22:31:00,621894.0,767845.5697616601,767846.0,0.0,145952.0,145952.0,False,671020.0,23506.626550836045,96825.56976166004
2019-01-13 22:32:00,609808.0,722777.1406545909,722778.0,0.0,112970.0,112970.0,False,621894.0,24491.69489506008,100883.14065459088
2019-01-13 22:33:00,616165.0,710163.7485971813,710164.0,0.0,93999.0,93999.0,False,609808.0,24363.658383940947,100355.74859718124
2019-01-13 22:34:00,595543.0,716413.9657866508,716414.0,0.0,120871.0,120871.0,False,616165.0,24337.734408947905,100248.96578665078
2019-01-13 22:35:00,600690.0,696341.8504737399,696342.0,0.0,95652.0,95652.0,False,595543.0,24471.23152151069,100798.85047373993
2019-01-13 22:36:00,618716.0,701352.4440402619,701353.0,0.0,82637.0,82637.0,False,600690.0,24438.115732997456,100662.44404026186
2019-01-13 22:37:00,604539.0,720331.4306865198,720332.0,0.0,115793.0,115793.0,False,618716.0,24669.475086282557,101615.4306865198
2019-01-13 22:38:00,591946.0,701224.3679466303,701225.0,0.0,109279.0,109279.0,False,604539.0,23472.589346451237,96685.36794663033
2019-01-13 22:39:00,589484.0,688636.0556528924,688637.0,0.0,99153.0,99153.0,False,591946.0,23473.727394600653,96690.05565289244
2019-01-13 22:40:00,626425.0,685355.4090756207,685356.0,0.0,58931.0,58931.0,False,589484.0,23274.982172481992,95871.40907562069
2019-01-13 22:41:00,594423.0,726150.6732134286,726151.0,0.0,131728.0,131728.0,False,626425.0,24210.69314158601,99725.67321342863
2019-01-13 22:42:00,593449.0,692583.0422596087,692584.0,0.0,99135.0,99135.0,False,594423.0,23830.60033925636,98160.04225960872
2019-01-13 22:43:00,595221.0,687916.1075150828,687917.0,0.0,92696.0,92696.0,False,593449.0,22934.055778456357,94467.1075150828
2019-01-13 22:44:00,581324.0,689644.4081592527,689645.0,0.0,108321.0,108321.0,False,595221.0,22923.446758126945,94423.40815925278
2019-01-13 22:45:00,612038.0,675996.6293779542,675997.0,0.0,63959.0,63959.0,False,581324.0,22983.950921758278,94672.62937795412
2019-01-13 22:46:00,634439.0,707386.2050154108,707387.0,0.0,72948.0,72948.0,False,612038.0,23147.962393682774,95348.20501541083
2019-01-13 22:47:00,612552.0,731252.951934656,731253.0,0.0,118701.0,118701.0,False,634439.0,23503.806057020334,96813.95193465604
2019-01-13 22:48:00,608745.0,709923.3055729441,709924.0,0.0,101179.0,101179.0,False,612552.0,23639.116428694237,97371.30557294411
2019-01-13 22:49:00,599187.0,705935.8628902112,705936.0,0.0,106749.0,106749.0,False,608745.0,23595.30983125024,97190.86289021115
2019-01-13 22:50:00,629791.0,696614.5466895634,696615.0,0.0,66824.0,66824.0,False,599187.0,23652.770248944667,97427.54668956339
2019-01-13 22:51:00,608112.0,727450.9160177357,727451.0,0.0,119339.0,119339.0,False,629791.0,23709.1832298614,97659.91601773574
2019-01-13 22:52:00,588502.0,706659.9341654094,706660.0,0.0,118158.0,118158.0,False,608112.0,23924.76999087001,98547.93416540939
2019-01-13 22:53:00,591968.0,686929.5976535835,686930.0,0.0,94962.0,94962.0,False,588502.0,23895.555544201805,98427.59765358354
2019-01-13 22:54:00,593665.0,690132.8445990176,690133.0,0.0,96468.0,96468.0,False,591968.0,23831.76621722987,98164.8445990177
2019-01-13 22:55:00,597600.0,690912.1808884703,690913.0,0.0,93313.0,93313.0,False,593665.0,23608.982316281064,97247.18088847026
2019-01-13 22:56:00,589237.0,694887.0309659506,694888.0,0.0,105651.0,105651.0,False,597600.0,23618.656836055714,97287.03096595054
2019-01-13 22:57:00,585298.0,686709.7006442569,686710.0,0.0,101412.0,101412.0,False,589237.0,23663.73240649135,97472.70064425693
2019-01-13 22:58:00,606630.0,682781.3431956982,682782.0,0.0,76152.0,76152.0,False,585298.0,23666.31612980839,97483.34319569825
2019-01-13 22:59:00,589822.0,705420.9019537428,705421.0,0.0,115599.0,115599.0,False,606630.0,23983.75599093482,98790.90195374282
2019-01-13 23:00:00,703777.0,689255.027372222,689256.0,14521.0,0.0,145210.0,False,589822.0,24139.646655437435,99433.027372222
2019-01-13 23:01:00,647071.0,820167.1995756429,820168.0,0.0,173097.0,173097.0,False,703777.0,28256.38890983592,116390.19957564297
2019-01-13 23:02:00,635905.0,765429.1543457682,765430.0,0.0,129525.0,129525.0,False,647071.0,28734.155040870734,118358.15434576818
2019-01-13 23:03:00,620118.0,754208.2757620004,754209.0,0.0,134091.0,134091.0,False,635905.0,28720.832006702753,118303.27576200037
2019-01-13 23:04:00,608038.0,738972.1485266959,738973.0,0.0,130935.0,130935.0,False,620118.0,28854.568997753766,118854.14852669589
2019-01-13 23:05:00,614425.0,726214.4625234547,726215.0,0.0,111790.0,111790.0,False,608038.0,28690.045186160078,118176.46252345473
2019-01-13 23:06:00,613815.0,732633.0870822031,732634.0,0.0,118819.0,118819.0,False,614425.0,28697.72277271252,118208.08708220317
2019-01-13 23:07:00,669309.0,731257.3045709576,731258.0,0.0,61949.0,61949.0,False,613815.0,28511.811514402103,117442.3045709575
2019-01-13 23:08:00,659348.0,793172.1434632242,793173.0,0.0,133825.0,133825.0,False,669309.0,30070.617337648193,123863.14346322416
2019-01-13 23:09:00,662596.0,783049.0401408136,783050.0,0.0,120454.0,120454.0,False,659348.0,30031.263040307782,123701.0401408136
2019-01-13 23:10:00,686017.0,786246.1516109464,786247.0,0.0,100230.0,100230.0,False,662596.0,30018.908683186488,123650.15161094643
2019-01-13 23:11:00,644829.0,807925.3000872625,807926.0,0.0,163097.0,163097.0,False,686017.0,29596.034298093473,121908.30008726251
2019-01-13 23:12:00,624998.0,768364.1013489369,768365.0,0.0,143367.0,143367.0,False,644829.0,29990.977594835633,123535.10134893686
2019-01-13 23:13:00,618167.0,749544.9221183783,749545.0,0.0,131378.0,131378.0,False,624998.0,30236.62028015301,124546.92211837828
2019-01-13 23:14:00,599244.0,742848.1477657959,742849.0,0.0,143605.0,143605.0,False,618167.0,30269.206632860856,124681.14776579598
2019-01-13 23:15:00,626728.0,724314.186577648,724315.0,0.0,97587.0,97587.0,False,599244.0,30363.65472220853,125070.18657764808
2019-01-13 23:16:00,606231.0,751380.4113400666,751381.0,0.0,145150.0,145150.0,False,626728.0,30262.23020680224,124652.41134006662
2019-01-13 23:17:00,608134.0,730654.0598974626,730655.0,0.0,122521.0,122521.0,False,606231.0,30206.549886784927,124423.05989746262
2019-01-13 23:18:00,612232.0,731531.1325418364,731532.0,0.0,119300.0,119300.0,False,608134.0,29957.48250431192,123397.13254183631
2019-01-13 23:19:00,589391.0,735634.9661281076,735635.0,0.0,146244.0,146244.0,False,612232.0,29958.89874110008,123402.9661281076
2019-01-13 23:20:00,644545.0,713769.8730311448,713770.0,0.0,69225.0,69225.0,False,589391.0,30195.82251210962,124378.87303114485
2019-01-13 23:21:00,636841.0,773612.8697618764,773613.0,0.0,136772.0,136772.0,False,644545.0,31334.183952364652,129067.8697618764
2019-01-13 23:22:00,611602.0,764961.3532385835,764962.0,0.0,153360.0,153360.0,False,636841.0,31104.152596818607,128120.35323858348
2019-01-13 23:23:00,593237.0,740299.7203087966,740300.0,0.0,147063.0,147063.0,False,611602.0,31244.321687851672,128697.72030879662
2019-01-13 23:24:00,608121.0,722686.1651608567,722687.0,0.0,114566.0,114566.0,False,593237.0,31426.752150738736,129449.16516085665
2019-01-13 23:25:00,604425.0,738031.8876964105,738032.0,0.0,133607.0,133607.0,False,608121.0,31538.845880112982,129910.88769641056
2019-01-13 23:26:00,593230.0,734343.7005131585,734344.0,0.0,141114.0,141114.0,False,604425.0,31540.742620468383,129918.7005131584
2019-01-13 23:27:00,602130.0,723271.4228389272,723272.0,0.0,121142.0,121142.0,False,593230.0,31570.536278160234,130041.4228389272
2019-01-13 23:28:00,605886.0,732290.4934656847,732291.0,0.0,126405.0,126405.0,False,602130.0,31599.44340221076,130160.49346568473
2019-01-13 23:29:00,621249.0,735105.5926947594,735106.0,0.0,113857.0,113857.0,False,605886.0,31371.01817220199,129219.59269475933
2019-01-13 23:30:00,680201.0,750294.7402540747,750295.0,0.0,70094.0,70094.0,False,621249.0,31328.81150708054,129045.74025407473
2019-01-13 23:31:00,630802.0,786418.914414991,786419.0,0.0,155617.0,155617.0,False,680201.0,25786.833512138284,106217.91441499101
2019-01-13 23:32:00,615899.0,734961.7359590407,734962.0,0.0,119063.0,119063.0,False,630802.0,25287.1635132104,104159.7359590407
2019-01-13 23:33:00,620871.0,720310.6456324387,720311.0,0.0,99440.0,99440.0,False,615899.0,25348.320360845657,104411.64563243874
2019-01-13 23:34:00,598207.0,724709.1116136247,724710.0,0.0,126503.0,126503.0,False,620871.0,25209.081830903142,103838.11161362477
2019-01-13 23:35:00,610651.0,703033.1205404837,703034.0,0.0,92383.0,92383.0,False,598207.0,25448.943645604933,104826.12054048377
2019-01-13 23:36:00,600688.0,715791.7456955777,715792.0,0.0,115104.0,115104.0,False,610651.0,25525.326114022075,105140.7456955777
2019-01-13 23:37:00,604343.0,706080.2394516789,706081.0,0.0,101738.0,101738.0,False,600688.0,25586.381988199646,105392.23945167896
2019-01-13 23:38:00,600874.0,700764.3351506602,700765.0,0.0,99891.0,99891.0,False,604343.0,23408.489332918456,96421.33515066025
2019-01-13 23:39:00,573240.0,697117.8132242276,697118.0,0.0,123878.0,123878.0,False,600874.0,23365.391816017614,96243.81322422762
2019-01-13 23:40:00,621477.0,671233.4853792364,671234.0,0.0,49757.0,49757.0,False,573240.0,23790.16483863373,97993.4853792364
2019-01-13 23:41:00,602338.0,724823.1899096086,724824.0,0.0,122486.0,122486.0,False,621477.0,25089.656561142034,103346.1899096086
2019-01-13 23:42:00,590068.0,702201.1331531267,702202.0,0.0,112134.0,112134.0,False,602338.0,24244.064692883225,99863.13315312672
2019-01-13 23:43:00,596692.0,689297.0824663726,689298.0,0.0,92606.0,92606.0,False,590068.0,24090.134354600516,99229.08246637268
2019-01-13 23:44:00,600927.0,695985.2169882273,695986.0,0.0,95059.0,95059.0,False,596692.0,24105.70447990899,99293.21698822732
2019-01-13 23:45:00,653071.0,699290.6699666033,699291.0,0.0,46220.0,46220.0,False,600927.0,23880.035632800278,98363.6699666033
2019-01-13 23:46:00,621614.0,756863.7263807474,756864.0,0.0,135250.0,135250.0,False,653071.0,25198.06352527585,103792.72638074744
2019-01-13 23:47:00,606799.0,726987.5729737106,726988.0,0.0,120189.0,120189.0,False,621614.0,25581.850272789114,105373.57297371057
2019-01-13 23:48:00,598873.0,712771.1690139467,712772.0,0.0,113899.0,113899.0,False,606799.0,25727.17318291786,105972.16901394664
2019-01-13 23:49:00,591034.0,704952.221916544,704953.0,0.0,113919.0,113919.0,False,598873.0,25753.16272895134,106079.22191654397
2019-01-13 23:50:00,618909.0,695894.9062350543,695895.0,0.0,76986.0,76986.0,False,591034.0,25457.38867033953,104860.90623505421
2019-01-13 23:51:00,592778.0,717410.3105297022,717411.0,0.0,124633.0,124633.0,False,618909.0,23913.4510345684,98501.31052970221
2019-01-13 23:52:00,583822.0,692932.4275876896,692933.0,0.0,109111.0,109111.0,False,592778.0,24314.78309409131,100154.42758768961
2019-01-13 23:53:00,572881.0,682503.6136893766,682504.0,0.0,109623.0,109623.0,False,583822.0,23957.223759591718,98681.61368937667
2019-01-13 23:54:00,579033.0,670971.5212813509,670972.0,0.0,91939.0,91939.0,False,572881.0,23813.722528184568,98090.52128135086
2019-01-13 23:55:00,601101.0,676550.8217914827,676551.0,0.0,75450.0,75450.0,False,579033.0,23674.686599273216,97517.82179148278
2019-01-13 23:56:00,605542.0,700061.4360999338,700062.0,0.0,94520.0,94520.0,False,601101.0,24024.91429108154,98960.43609993385
2019-01-13 23:57:00,578247.0,704186.7784339623,704187.0,0.0,125940.0,125940.0,False,605542.0,23948.281156981022,98644.7784339622
2019-01-13 23:58:00,593032.0,678743.0213888055,678744.0,0.0,85712.0,85712.0,False,578247.0,24397.712819521043,100496.0213888055
2019-01-13 23:59:00,582241.0,694139.5621525148,694140.0,0.0,111899.0,111899.0,False,593032.0,24546.178357999295,101107.56215251483
2019-01-14 00:00:00,724008.0,682886.6205502225,682887.0,41121.0,0.0,411210.0,False,582241.0,24434.0314451527,100645.62055022242
2019-01-14 00:01:00,686866.0,863733.0342614774,863734.0,0.0,176868.0,176868.0,False,724008.0,33921.454924274214,139725.03426147735
2019-01-14 00:02:00,676676.0,824343.6365682705,824344.0,0.0,147668.0,147668.0,False,686866.0,33375.84761811052,137477.6365682705
2019-01-14 00:03:00,702263.0,813872.3351364394,813873.0,0.0,111610.0,111610.0,False,676676.0,33307.55524738093,137196.33513643948
2019-01-14 00:04:00,750027.0,840552.0825187694,840553.0,0.0,90526.0,90526.0,False,702263.0,33572.8447230232,138289.08251876946
2019-01-14 00:05:00,768514.0,890789.1990514622,890790.0,0.0,122276.0,122276.0,False,750027.0,34173.250451528686,140762.19905146226
2019-01-14 00:06:00,760477.0,909526.1588354313,909527.0,0.0,149050.0,149050.0,False,768514.0,34233.93391880856,141012.15883543127
2019-01-14 00:07:00,690234.0,901378.698092025,901379.0,0.0,211145.0,211145.0,False,760477.0,34207.11704130224,140901.69809202504
2019-01-14 00:08:00,653675.0,841820.6445159799,841821.0,0.0,188146.0,188146.0,False,690234.0,36801.1327121819,151586.6445159799
2019-01-14 00:09:00,646362.0,807993.2653099444,807994.0,0.0,161632.0,161632.0,False,653675.0,37464.296275693894,154318.2653099444
2019-01-14 00:10:00,661470.0,799215.689770037,799216.0,0.0,137746.0,137746.0,False,646362.0,37108.736991541606,152853.68977003696
2019-01-14 00:11:00,614286.0,810627.761146693,810628.0,0.0,196342.0,196342.0,False,661470.0,36211.465598031114,149157.761146693
2019-01-14 00:12:00,640283.0,767019.2832197081,767020.0,0.0,126737.0,126737.0,False,614286.0,37079.50554142136,152733.2832197082
2019-01-14 00:13:00,661933.0,793839.8110280687,793840.0,0.0,131907.0,131907.0,False,640283.0,37279.435794277175,153556.81102806862
2019-01-14 00:14:00,647814.0,816164.2036377515,816165.0,0.0,168351.0,168351.0,False,661933.0,37443.16005909155,154231.20363775158
2019-01-14 00:15:00,660230.0,802502.9141751329,802503.0,0.0,142273.0,142273.0,False,647814.0,37554.27978394408,154688.9141751329
2019-01-14 00:16:00,633263.0,810291.8829703471,810292.0,0.0,177029.0,177029.0,False,660230.0,36430.96189552166,150061.88297034704
2019-01-14 00:17:00,612830.0,782824.4155870823,782825.0,0.0,169995.0,169995.0,False,633263.0,36309.461966234,149561.41558708227
2019-01-14 00:18:00,620193.0,762771.6001455284,762772.0,0.0,142579.0,142579.0,False,612830.0,36401.7604826051,149941.6001455284
2019-01-14 00:19:00,602740.0,770092.0725851784,770093.0,0.0,167353.0,167353.0,False,620193.0,36391.43594248904,149899.07258517845
2019-01-14 00:20:00,633806.0,753116.9849078613,753117.0,0.0,119311.0,119311.0,False,602740.0,36507.46011380043,150376.98490786136
2019-01-14 00:21:00,614246.0,784530.9417782871,784531.0,0.0,170285.0,170285.0,False,633806.0,36591.93462016305,150724.9417782871
2019-01-14 00:22:00,592625.0,764391.6035172847,764392.0,0.0,171767.0,171767.0,False,614246.0,36451.28697738114,150145.60351728476
2019-01-14 00:23:00,606052.0,743522.1405257991,743523.0,0.0,137471.0,137471.0,False,592625.0,36633.73981335996,150897.14052579916
2019-01-14 00:24:00,596656.0,756998.7645519311,756999.0,0.0,160343.0,160343.0,False,606052.0,36645.78718321383,150946.764551931
2019-01-14 00:25:00,630457.0,747746.5010667632,747747.0,0.0,117290.0,117290.0,False,596656.0,36680.68251700009,151090.50106676313
2019-01-14 00:26:00,612414.0,782735.2933703094,782736.0,0.0,170322.0,170322.0,False,630457.0,36969.04632594176,152278.2933703094
2019-01-14 00:27:00,615933.0,765309.3827728411,765310.0,0.0,149377.0,149377.0,False,612414.0,37118.85892368322,152895.3827728411
2019-01-14 00:28:00,612140.0,767381.8898249698,767382.0,0.0,155242.0,155242.0,False,615933.0,36767.689603247236,151448.8898249698
2019-01-14 00:29:00,619235.0,763272.9374162755,763273.0,0.0,144038.0,144038.0,False,612140.0,36690.98491359454,151132.93741627553
2019-01-14 00:30:00,661329.0,770181.5491159731,770182.0,0.0,108853.0,108853.0,False,619235.0,36645.73488119668,150946.549115973
2019-01-14 00:31:00,651960.0,772559.2488207136,772560.0,0.0,120600.0,120600.0,False,661329.0,27003.69258472885,111230.24882071358
2019-01-14 00:32:00,604361.0,760092.78883607,760093.0,0.0,155732.0,155732.0,False,651960.0,26251.713171703937,108132.78883606996
2019-01-14 00:33:00,608555.0,717673.5181593571,717674.0,0.0,109119.0,109119.0,False,604361.0,27509.21119765554,113312.51815935715
2019-01-14 00:34:00,607374.0,719966.1705241912,719967.0,0.0,112593.0,112593.0,False,608555.0,27047.615475439005,111411.1705241912
2019-01-14 00:35:00,593715.0,711800.4233985015,711801.0,0.0,118086.0,118086.0,False,607374.0,25351.908002301796,104426.42339850143
2019-01-14 00:36:00,589115.0,696791.290453223,696792.0,0.0,107677.0,107677.0,False,593715.0,25024.13228131443,103076.29045322299
2019-01-14 00:37:00,574144.0,692180.9339818304,692181.0,0.0,118037.0,118037.0,False,589115.0,25021.618010486905,103065.9339818304
2019-01-14 00:38:00,599723.0,665019.476671502,665020.0,0.0,65297.0,65297.0,False,574144.0,22062.105061756843,90875.476671502
2019-01-14 00:39:00,588388.0,689565.5089236384,689566.0,0.0,101178.0,101178.0,False,599723.0,21811.328462684316,89842.50892363835
2019-01-14 00:40:00,616983.0,678419.150805029,678420.0,0.0,61437.0,61437.0,False,588388.0,21857.1256035492,90031.15080502901
2019-01-14 00:41:00,600285.0,708988.5046486642,708989.0,0.0,108704.0,108704.0,False,616983.0,22336.44525636178,92005.50464866417
2019-01-14 00:42:00,580191.0,686291.9557310101,686292.0,0.0,106101.0,106101.0,False,600285.0,20880.160004425674,86006.95573101008
2019-01-14 00:43:00,589322.0,664919.6365486467,664920.0,0.0,75598.0,75598.0,False,580191.0,20569.818720542167,84728.63654864673
2019-01-14 00:44:00,589025.0,672566.7359573671,672567.0,0.0,83542.0,83542.0,False,589322.0,20209.567837189385,83244.73595736711
2019-01-14 00:45:00,615643.0,671797.1754069639,671798.0,0.0,56155.0,56155.0,False,589025.0,20094.84293127528,82772.1754069639
2019-01-14 00:46:00,607328.0,700451.2218948576,700452.0,0.0,93124.0,93124.0,False,615643.0,20589.139887635767,84808.2218948576
2019-01-14 00:47:00,593823.0,690062.8093290941,690063.0,0.0,96240.0,96240.0,False,607328.0,20085.771459345753,82734.80932909416
2019-01-14 00:48:00,593657.0,675786.0567097621,675787.0,0.0,82130.0,82130.0,False,593823.0,19898.410820447116,81963.05670976207
2019-01-14 00:49:00,598774.0,675393.3623128544,675394.0,0.0,76620.0,76620.0,False,593657.0,19843.375559178916,81736.3623128544
2019-01-14 00:50:00,635094.0,679621.6724922232,679622.0,0.0,44528.0,44528.0,False,598774.0,19627.625734163383,80847.6724922232
2019-01-14 00:51:00,606319.0,717172.2887219837,717173.0,0.0,110854.0,110854.0,False,635094.0,19926.386032828115,82078.28872198363
2019-01-14 00:52:00,583038.0,689910.8434498587,689911.0,0.0,106873.0,106873.0,False,606319.0,20293.836137588547,83591.84344985866
2019-01-14 00:53:00,582240.0,666878.3452270281,666879.0,0.0,84639.0,84639.0,False,583038.0,20354.165640296567,83840.34522702811
2019-01-14 00:54:00,590908.0,665418.3958976713,665419.0,0.0,74511.0,74511.0,False,582240.0,20193.46226701337,83178.39589767132
2019-01-14 00:55:00,595042.0,674102.1976931165,674103.0,0.0,79061.0,79061.0,False,590908.0,20197.29851507549,83194.19769311648
2019-01-14 00:56:00,612850.0,674173.2975265835,674174.0,0.0,61324.0,61324.0,False,595042.0,19210.936367523864,79131.29752658348
2019-01-14 00:57:00,609483.0,692100.4789170111,692101.0,0.0,82618.0,82618.0,False,612850.0,19239.87038199427,79250.47891701102
2019-01-14 00:58:00,587247.0,688724.8181737991,688725.0,0.0,101478.0,101478.0,False,609483.0,19237.767788053046,79241.81817379904
2019-01-14 00:59:00,577520.0,668116.4417451371,668117.0,0.0,90597.0,90597.0,False,587247.0,19632.910719315536,80869.44174513716
2019-01-14 01:00:00,676954.0,658413.6571899469,658414.0,18540.0,0.0,185400.0,False,577520.0,19638.78957362341,80893.65718994691
2019-01-14 01:01:00,639336.0,782602.5828409583,782603.0,0.0,143267.0,143267.0,False,676954.0,25648.615221997243,105648.58284095822
2019-01-14 01:02:00,635492.0,748486.8520461493,748487.0,0.0,112995.0,112995.0,False,639336.0,26498.871352578964,109150.85204614927
2019-01-14 01:03:00,625915.0,738572.7035911581,738573.0,0.0,112658.0,112658.0,False,635492.0,25025.20367170866,103080.70359115812
2019-01-14 01:04:00,602986.0,729259.7858052825,729260.0,0.0,126274.0,126274.0,False,625915.0,25089.3156826312,103344.78580528255
2019-01-14 01:05:00,615172.0,707781.0907047377,707782.0,0.0,92610.0,92610.0,False,602986.0,25441.410441693894,104795.09070473768
2019-01-14 01:06:00,650273.0,719824.5864310896,719825.0,0.0,69552.0,69552.0,False,615172.0,25406.8142627012,104652.58643108958
2019-01-14 01:07:00,658641.0,757861.0040448953,757862.0,0.0,99221.0,99221.0,False,650273.0,26119.454175777148,107588.00404489535
2019-01-14 01:08:00,672226.0,765523.8119632059,765524.0,0.0,93298.0,93298.0,False,658641.0,25948.252633130065,106882.81196320598
2019-01-14 01:09:00,664053.0,778026.6282014627,778027.0,0.0,113974.0,113974.0,False,672226.0,25685.52771853058,105800.62820146268
2019-01-14 01:10:00,688272.0,769646.8184885231,769647.0,0.0,81375.0,81375.0,False,664053.0,25635.31992010375,105593.81848852309
2019-01-14 01:11:00,662530.0,793302.7998648447,793303.0,0.0,130773.0,130773.0,False,688272.0,25498.634243370303,105030.79986484468
2019-01-14 01:12:00,619185.0,768696.4414685388,768697.0,0.0,149512.0,149512.0,False,662530.0,25774.33727449465,106166.44146853886
2019-01-14 01:13:00,603714.0,729411.5880288597,729412.0,0.0,125698.0,125698.0,False,619185.0,26760.030921018544,110226.58802885974
2019-01-14 01:14:00,582492.0,714451.8662804987,714452.0,0.0,131960.0,131960.0,False,603714.0,26884.155436416946,110737.86628049865
2019-01-14 01:15:00,601546.0,694387.6576522668,694388.0,0.0,92842.0,92842.0,False,582492.0,27165.235831470934,111895.65765226683
2019-01-14 01:16:00,599824.0,712551.9303561926,712552.0,0.0,112728.0,112728.0,False,601546.0,26949.234135510025,111005.9303561927
2019-01-14 01:17:00,595465.0,710673.3396003909,710674.0,0.0,115209.0,115209.0,False,599824.0,26911.21814007609,110849.33960039084
2019-01-14 01:18:00,583158.0,705901.3317615127,705902.0,0.0,122744.0,122744.0,False,595465.0,26810.951019986063,110436.33176151264
2019-01-14 01:19:00,580202.0,693972.2657124592,693973.0,0.0,113771.0,113771.0,False,583158.0,26902.70314979693,110814.26571245921
2019-01-14 01:20:00,605787.0,690951.7652379536,690952.0,0.0,85165.0,85165.0,False,580202.0,26887.04418109386,110749.76523795362
2019-01-14 01:21:00,574633.0,714782.3132805927,714783.0,0.0,140150.0,140150.0,False,605787.0,26461.1107518914,108995.31328059272
2019-01-14 01:22:00,578424.0,683985.0702874393,683986.0,0.0,105562.0,105562.0,False,574633.0,26547.721693091935,109352.07028743924
2019-01-14 01:23:00,564686.0,686488.7648149484,686489.0,0.0,121803.0,121803.0,False,578424.0,26235.198781291103,108064.76481494846
2019-01-14 01:24:00,563107.0,673216.940320625,673217.0,0.0,110110.0,110110.0,False,564686.0,26348.37357123615,108530.94032062498
2019-01-14 01:25:00,586602.0,671408.0651133051,671409.0,0.0,84807.0,84807.0,False,563107.0,26292.566095328024,108301.06511330511
2019-01-14 01:26:00,572238.0,696351.1701267705,696352.0,0.0,124114.0,124114.0,False,586602.0,26644.126781639672,109749.17012677055
2019-01-14 01:27:00,583263.0,681565.3333647692,681566.0,0.0,98303.0,98303.0,False,572238.0,26541.71623807988,109327.33336476926
2019-01-14 01:28:00,586359.0,692957.7175458894,692958.0,0.0,106599.0,106599.0,False,583263.0,26630.90716943753,109694.71754588948
2019-01-14 01:29:00,592079.0,694856.2934421753,694857.0,0.0,102778.0,102778.0,False,586359.0,26340.20502021944,108497.29344217523
2019-01-14 01:30:00,631658.0,700396.4762432975,700397.0,0.0,68739.0,68739.0,False,592079.0,26296.550273318982,108317.47624329742
2019-01-14 01:31:00,610743.0,715277.2894533641,715278.0,0.0,104535.0,104535.0,False,631658.0,20300.499284072506,83619.28945336406
2019-01-14 01:32:00,593795.0,691132.7866528383,691133.0,0.0,97338.0,97338.0,False,610743.0,19516.46345073112,80389.78665283833
2019-01-14 01:33:00,612835.0,675030.737289826,675031.0,0.0,62196.0,62196.0,False,593795.0,19721.837359225123,81235.737289826
2019-01-14 01:34:00,587121.0,695187.6047317266,695188.0,0.0,108067.0,108067.0,False,612835.0,19992.98253222198,82352.60473172658
2019-01-14 01:35:00,593417.0,669928.2978499013,669929.0,0.0,76512.0,76512.0,False,587121.0,20103.3697093951,82807.29784990131
2019-01-14 01:36:00,599434.0,675826.375061413,675827.0,0.0,76393.0,76393.0,False,593417.0,20006.764831075405,82409.37506141307
2019-01-14 01:37:00,594103.0,677377.3355333877,677378.0,0.0,83275.0,83275.0,False,599434.0,18922.53136253007,77943.33553338777
2019-01-14 01:38:00,598315.0,671703.500043109,671704.0,0.0,73389.0,73389.0,False,594103.0,18839.300188593323,77600.50004310893
2019-01-14 01:39:00,598095.0,675146.1917609464,675147.0,0.0,77052.0,77052.0,False,598315.0,18652.5329685731,76831.19176094643
2019-01-14 01:40:00,612515.0,674816.9116912103,674817.0,0.0,62302.0,62302.0,False,598095.0,18626.002726664297,76721.91169121038
2019-01-14 01:41:00,594206.0,687654.4604342517,687655.0,0.0,93449.0,93449.0,False,612515.0,18241.826410183105,75139.46043425176
2019-01-14 01:42:00,584676.0,668239.4139557775,668240.0,0.0,83564.0,83564.0,False,594206.0,17973.30827410232,74033.41395577753
2019-01-14 01:43:00,593841.0,652020.621857614,652021.0,0.0,58180.0,58180.0,False,584676.0,16349.450667947847,67344.62185761404
2019-01-14 01:44:00,572140.0,660684.4625471447,660685.0,0.0,88545.0,88545.0,False,593841.0,16227.782757470533,66843.46254714474
2019-01-14 01:45:00,592478.0,639069.0207585745,639070.0,0.0,46592.0,46592.0,False,572140.0,16248.553974509461,66929.02075857451
2019-01-14 01:46:00,581277.0,659623.8823407452,659624.0,0.0,78347.0,78347.0,False,592478.0,16301.202094606855,67145.88234074523
2019-01-14 01:47:00,576015.0,648900.3256526104,648901.0,0.0,72886.0,72886.0,False,581277.0,16417.1124027913,67623.32565261038
2019-01-14 01:48:00,593748.0,643669.8651823645,643670.0,0.0,49922.0,49922.0,False,576015.0,16424.769346606285,67654.86518236449
2019-01-14 01:49:00,588534.0,662117.4583457902,662118.0,0.0,73584.0,73584.0,False,593748.0,16598.253217341837,68369.45834579018
2019-01-14 01:50:00,604205.0,656985.6008811538,656986.0,0.0,52781.0,52781.0,False,588534.0,16618.195200719638,68451.60088115386
2019-01-14 01:51:00,585638.0,670955.0010607294,670956.0,0.0,85318.0,85318.0,False,604205.0,16205.09283926547,66750.00106072942
2019-01-14 01:52:00,586197.0,649664.3847541913,649665.0,0.0,63468.0,63468.0,False,585638.0,15543.872548559655,64026.38475419122
2019-01-14 01:53:00,589045.0,650170.2035118302,650171.0,0.0,61126.0,61126.0,False,586197.0,15530.961582925593,63973.20351183014
2019-01-14 01:54:00,586329.0,652135.1858536334,652136.0,0.0,65807.0,65807.0,False,589045.0,15316.588805361609,63090.1858536335
2019-01-14 01:55:00,594730.0,649449.1496913679,649450.0,0.0,54720.0,54720.0,False,586329.0,15323.86321381988,63120.149691367835
2019-01-14 01:56:00,604010.0,655728.2955989083,655729.0,0.0,51719.0,51719.0,False,594730.0,14808.734494519951,60998.29559890829
2019-01-14 01:57:00,553544.0,664301.1560520361,664302.0,0.0,110758.0,110758.0,False,604010.0,14637.060160058838,60291.15605203614
2019-01-14 01:58:00,583737.0,624318.5417606526,624319.0,0.0,40582.0,40582.0,False,553544.0,17182.142346999863,70774.5417606525
2019-01-14 01:59:00,574871.0,658139.3474815594,658140.0,0.0,83269.0,83269.0,False,583737.0,18062.875344391545,74402.34748155937
2019-01-14 02:00:00,662813.0,649410.980526087,649411.0,13402.0,0.0,134020.0,False,574871.0,18096.28892085415,74539.98052608703
2019-01-14 02:01:00,626663.0,757847.0272017594,757848.0,0.0,131185.0,131185.0,False,662813.0,23071.688527655017,95034.02720175941
2019-01-14 02:02:00,630428.0,724318.9049881849,724319.0,0.0,93891.0,93891.0,False,626663.0,23708.20946049483,97655.90498818496
2019-01-14 02:03:00,610738.0,727183.9996163943,727184.0,0.0,116446.0,116446.0,False,630428.0,23489.736803346048,96755.99961639429
2019-01-14 02:04:00,603111.0,707697.6676829442,707698.0,0.0,104587.0,104587.0,False,610738.0,23539.18189509718,96959.66768294426
2019-01-14 02:05:00,630392.0,698270.790734306,698271.0,0.0,67879.0,67879.0,False,603111.0,23102.220508004466,95159.79073430602
2019-01-14 02:06:00,702394.0,727515.2880247893,727516.0,0.0,25122.0,25122.0,False,630392.0,23578.904483679296,97123.28802478929
2019-01-14 02:07:00,698618.0,812713.5745805538,812714.0,0.0,114096.0,114096.0,False,702394.0,26782.605537933305,110319.57458055383
2019-01-14 02:08:00,699105.0,808873.6907203558,808874.0,0.0,109769.0,109769.0,False,698618.0,26767.096266487784,110255.69072035581
2019-01-14 02:09:00,646306.0,809381.1768173527,809382.0,0.0,163076.0,163076.0,False,699105.0,26772.069736127818,110276.17681735264
2019-01-14 02:10:00,618290.0,764141.1807182273,764142.0,0.0,145852.0,145852.0,False,646306.0,28607.191204884028,117835.18071822733
2019-01-14 02:11:00,621798.0,737682.7294671836,737683.0,0.0,115885.0,115885.0,False,618290.0,28985.3218667181,119392.72946718363
2019-01-14 02:12:00,599828.0,740365.5903602014,740366.0,0.0,140538.0,140538.0,False,621798.0,28785.000434186746,118567.59036020146
2019-01-14 02:13:00,606306.0,719368.444491297,719369.0,0.0,113063.0,113063.0,False,599828.0,29021.183074830056,119540.44449129704
2019-01-14 02:14:00,612062.0,725752.8283488315,725753.0,0.0,113691.0,113691.0,False,606306.0,28998.455610323686,119446.8283488315
2019-01-14 02:15:00,630775.0,730353.2732557263,730354.0,0.0,99579.0,99579.0,False,612062.0,28717.918123176398,118291.2732557263
2019-01-14 02:16:00,619182.0,748924.6183915463,748925.0,0.0,129743.0,129743.0,False,630775.0,28683.528157802742,118149.61839154633
2019-01-14 02:17:00,597184.0,737355.3847821944,737356.0,0.0,140172.0,140172.0,False,619182.0,28689.29799391939,118173.38478219442
2019-01-14 02:18:00,578319.0,716522.2107413197,716523.0,0.0,138204.0,138204.0,False,597184.0,28972.086196305143,119338.21074131965
2019-01-14 02:19:00,577190.0,697771.9168827038,697772.0,0.0,120582.0,120582.0,False,578319.0,28999.93374148603,119452.91688270374
2019-01-14 02:20:00,606664.0,696590.196195443,696591.0,0.0,89927.0,89927.0,False,577190.0,28987.134586159693,119400.19619544303
2019-01-14 02:21:00,608332.0,727540.5467008778,727541.0,0.0,119209.0,119209.0,False,606664.0,29345.552513106242,120876.54670087778
2019-01-14 02:22:00,577247.0,728365.9563086194,728366.0,0.0,151119.0,151119.0,False,608332.0,29140.994381045723,120033.95630861938
2019-01-14 02:23:00,588671.0,699568.9528714456,699569.0,0.0,110898.0,110898.0,False,577247.0,29696.457993440046,122321.95287144551
2019-01-14 02:24:00,591482.0,711281.7262880256,711282.0,0.0,119800.0,119800.0,False,588671.0,29766.564359744603,122610.72628802565
2019-01-14 02:25:00,600822.0,714091.9066507885,714092.0,0.0,113270.0,113270.0,False,591482.0,29766.365374017103,122609.90665078854
2019-01-14 02:26:00,601005.0,723469.5099248481,723470.0,0.0,122465.0,122465.0,False,600822.0,29775.49443075885,122647.50992484807
2019-01-14 02:27:00,585256.0,723456.0308928275,723457.0,0.0,138201.0,138201.0,False,601005.0,29727.79464193092,122451.03089282759
2019-01-14 02:28:00,619376.0,702197.7226142895,702198.0,0.0,82822.0,82822.0,False,585256.0,28390.283769794492,116941.72261428951
2019-01-14 02:29:00,597214.0,736905.6407578442,736906.0,0.0,139692.0,139692.0,False,619376.0,28533.01437573896,117529.64075784416
2019-01-14 02:30:00,657216.0,715793.3850815431,715794.0,0.0,58578.0,58578.0,False,597214.0,28787.86387315781,118579.38508154318
2019-01-14 02:31:00,590080.0,765530.9105930731,765531.0,0.0,175451.0,175451.0,False,657216.0,26295.92740291574,108314.91059307316
2019-01-14 02:32:00,613328.0,706344.8194496675,706345.0,0.0,93017.0,93017.0,False,590080.0,28225.95001022027,116264.81944966744
2019-01-14 02:33:00,607946.0,730949.7511138167,730950.0,0.0,123004.0,123004.0,False,613328.0,28555.37627605768,117621.75111381679
2019-01-14 02:34:00,593981.0,724725.1019443561,724726.0,0.0,130745.0,130745.0,False,607946.0,28350.803874483983,116779.10194435612
2019-01-14 02:35:00,605660.0,711084.9325873292,711085.0,0.0,105425.0,105425.0,False,593981.0,28429.663959019825,117103.93258732918
2019-01-14 02:36:00,606875.0,721243.7087336145,721244.0,0.0,114369.0,114369.0,False,605660.0,28060.594771088294,115583.7087336145
2019-01-14 02:37:00,584617.0,708205.8129092683,708206.0,0.0,123589.0,123589.0,False,606875.0,24600.37759668296,101330.81290926825
2019-01-14 02:38:00,575358.0,686925.6359919877,686926.0,0.0,111568.0,111568.0,False,584617.0,24837.766564234105,102308.63599198763
2019-01-14 02:39:00,579152.0,677689.4515732862,677690.0,0.0,98538.0,98538.0,False,575358.0,24843.305569586148,102331.45157328615
2019-01-14 02:40:00,615563.0,674582.1199666768,674583.0,0.0,59020.0,59020.0,False,579152.0,23167.84912580404,95430.11996667681
2019-01-14 02:41:00,594108.0,713019.0143767641,713020.0,0.0,118912.0,118912.0,False,615563.0,23659.68143256526,97456.01437676403
2019-01-14 02:42:00,593272.0,692782.9069578212,692783.0,0.0,99511.0,99511.0,False,594108.0,23955.595546771096,98674.90695782125
2019-01-14 02:43:00,592151.0,690625.9521952912,690626.0,0.0,98475.0,98475.0,False,593272.0,23634.903498484924,97353.95219529119
2019-01-14 02:44:00,596551.0,689371.3801889216,689372.0,0.0,92821.0,92821.0,False,592151.0,23602.47583212464,97220.38018892163
2019-01-14 02:45:00,626458.0,693727.413503983,693728.0,0.0,67270.0,67270.0,False,596551.0,23591.801911526258,97176.41350398306
2019-01-14 02:46:00,620164.0,725226.6521029337,725227.0,0.0,105063.0,105063.0,False,626458.0,23978.35432962709,98768.65210293376
2019-01-14 02:47:00,604021.0,718662.6002597162,718663.0,0.0,114642.0,114642.0,False,620164.0,23912.793054402922,98498.60025971616
2019-01-14 02:48:00,579581.0,701871.9733503248,701872.0,0.0,122291.0,122291.0,False,604021.0,23755.566776873056,97850.97335032483
2019-01-14 02:49:00,592229.0,678131.517946994,678132.0,0.0,85903.0,85903.0,False,579581.0,23925.39726307662,98550.51794699409
2019-01-14 02:50:00,628801.0,691212.450966911,691213.0,0.0,62412.0,62412.0,False,592229.0,24030.501677600227,98983.45096691107
2019-01-14 02:51:00,589419.0,729089.983200397,729090.0,0.0,139671.0,139671.0,False,628801.0,24347.449553436876,100288.98320039695
2019-01-14 02:52:00,586251.0,693994.0995525176,693995.0,0.0,107744.0,107744.0,False,589419.0,25388.002546729233,104575.09955251765
2019-01-14 02:53:00,571031.0,688233.132459176,688234.0,0.0,117203.0,117203.0,False,586251.0,24758.50034734301,101982.132459176
2019-01-14 02:54:00,578521.0,673271.9828777215,673272.0,0.0,94751.0,94751.0,False,571031.0,24821.34221996257,102240.98287772159
2019-01-14 02:55:00,597500.0,680908.3863992789,680909.0,0.0,83409.0,83409.0,False,578521.0,24856.885030766014,102387.38639927887
2019-01-14 02:56:00,588547.0,700652.8706300964,700653.0,0.0,112106.0,112106.0,False,597500.0,25042.723874665135,103152.87063009635
2019-01-14 02:57:00,591917.0,691906.1363319557,691907.0,0.0,99990.0,99990.0,False,588547.0,25092.799601932104,103359.1363319557
2019-01-14 02:58:00,584230.0,694636.7508321769,694637.0,0.0,110407.0,110407.0,False,591917.0,24937.574115499978,102719.75083217684
2019-01-14 02:59:00,593274.0,683748.3700639673,683749.0,0.0,90475.0,90475.0,False,584230.0,24160.365550132698,99518.37006396733
2019-01-14 03:00:00,679837.0,691739.1333770016,691740.0,0.0,11903.0,11903.0,False,593274.0,23904.668201476892,98465.13337700156
2019-01-14 03:01:00,622688.0,788867.7390581331,788868.0,0.0,166180.0,166180.0,False,679837.0,26469.711171439296,109030.73905813308
2019-01-14 03:02:00,604889.0,728401.348575738,728402.0,0.0,123513.0,123513.0,False,622688.0,25664.33858871233,105713.34857573804
2019-01-14 03:03:00,617184.0,710091.2744400533,710092.0,0.0,92908.0,92908.0,False,604889.0,25540.263627140663,105202.27444005328
2019-01-14 03:04:00,597274.0,722712.9736002187,722713.0,0.0,125439.0,125439.0,False,617184.0,25619.57733705615,105528.97360021863
2019-01-14 03:05:00,622600.0,703347.8654363715,703348.0,0.0,80748.0,80748.0,False,597274.0,25751.862320605167,106073.8654363715
2019-01-14 03:06:00,592123.0,729987.4812581062,729988.0,0.0,137865.0,137865.0,False,622600.0,26070.77267278584,107387.48125810613
2019-01-14 03:07:00,626849.0,701931.2963984896,701932.0,0.0,75083.0,75083.0,False,592123.0,26658.481039425747,109808.29639848959
2019-01-14 03:08:00,682292.0,738339.6182264832,738340.0,0.0,56048.0,56048.0,False,626849.0,27066.90322631615,111490.61822648323
2019-01-14 03:09:00,700401.0,800352.2143117442,800353.0,0.0,99952.0,99952.0,False,682292.0,28661.823268059237,118060.21431174425
2019-01-14 03:10:00,666389.0,818950.4060180356,818951.0,0.0,152562.0,152562.0,False,700401.0,28780.585768294073,118549.4060180356
2019-01-14 03:11:00,612572.0,785497.6158666268,785498.0,0.0,172926.0,172926.0,False,666389.0,28916.34677756819,119108.61586662686
2019-01-14 03:12:00,621920.0,737499.223848704,737500.0,0.0,115580.0,115580.0,False,612572.0,30328.94724268377,124927.22384870404
2019-01-14 03:13:00,613161.0,747007.1396091091,747008.0,0.0,133847.0,133847.0,False,621920.0,30367.770459202788,125087.13960910909
2019-01-14 03:14:00,609025.0,738447.159980465,738448.0,0.0,129423.0,129423.0,False,613161.0,30416.087216408425,125286.15998046497
2019-01-14 03:15:00,623121.0,734327.5764084794,734328.0,0.0,111207.0,111207.0,False,609025.0,30420.072680615704,125302.57640847942
2019-01-14 03:16:00,637494.0,746854.5105444303,746855.0,0.0,109361.0,109361.0,False,623121.0,30039.145975090956,123733.51054443038
2019-01-14 03:17:00,635466.0,761586.548060537,761587.0,0.0,126121.0,126121.0,False,637494.0,30126.310562189512,124092.54806053698
2019-01-14 03:18:00,617721.0,758920.1409144476,758921.0,0.0,141200.0,141200.0,False,635466.0,29971.322593541896,123454.1409144476
2019-01-14 03:19:00,583251.0,740490.7526320894,740491.0,0.0,157240.0,157240.0,False,617721.0,29805.17165005907,122769.75263208942
2019-01-14 03:20:00,622233.0,708470.1244250442,708471.0,0.0,86238.0,86238.0,False,583251.0,30399.81279870262,125219.12442504421
2019-01-14 03:21:00,615859.0,747865.4615552609,747866.0,0.0,132007.0,132007.0,False,622233.0,30500.159861813274,125632.4615552609
2019-01-14 03:22:00,616556.0,737994.0783450799,737995.0,0.0,121439.0,121439.0,False,615859.0,29651.089918519832,122135.07834507995
2019-01-14 03:23:00,597281.0,738652.0336348859,738653.0,0.0,141372.0,141372.0,False,616556.0,29641.61092011501,122096.03363488591
2019-01-14 03:24:00,570549.0,719718.2232962989,719719.0,0.0,149170.0,149170.0,False,597281.0,29724.442531367928,122437.22329629885
2019-01-14 03:25:00,604727.0,694545.316388888,694546.0,0.0,89819.0,89819.0,False,570549.0,30102.94811801923,123996.31638888811
2019-01-14 03:26:00,598281.0,730553.2063822537,730554.0,0.0,132273.0,132273.0,False,604727.0,30547.195859695712,125826.20638225367
2019-01-14 03:27:00,603782.0,724017.2279355719,724018.0,0.0,120236.0,120236.0,False,598281.0,30525.35152922621,125736.22793557195
2019-01-14 03:28:00,588089.0,729557.2865199477,729558.0,0.0,141469.0,141469.0,False,603782.0,30534.833895906668,125775.28651994767
2019-01-14 03:29:00,607015.0,714293.8235196907,714294.0,0.0,107279.0,107279.0,False,588089.0,30639.113848687517,126204.82351969065
2019-01-14 03:30:00,666081.0,733824.6962007573,733825.0,0.0,67744.0,67744.0,False,607015.0,30785.960557254628,126809.69620075723
2019-01-14 03:31:00,617054.0,783622.4282180426,783623.0,0.0,166569.0,166569.0,False,666081.0,28535.876051901047,117541.4282180426
2019-01-14 03:32:00,589402.0,732514.9873313005,732515.0,0.0,143113.0,143113.0,False,617054.0,28030.801337586257,115460.98733130046
2019-01-14 03:33:00,592313.0,705937.7891309841,705938.0,0.0,113625.0,113625.0,False,589402.0,28291.734111682188,116535.78913098408
2019-01-14 03:34:00,597191.0,708471.2933099912,708472.0,0.0,111281.0,111281.0,False,592313.0,28200.088347960653,116158.29330999123
2019-01-14 03:35:00,608885.0,712489.2014665987,712490.0,0.0,103605.0,103605.0,False,597191.0,27991.28133745903,115298.2014665987
2019-01-14 03:36:00,614924.0,722923.2216020772,722924.0,0.0,108000.0,108000.0,False,608885.0,27685.39234336601,114038.22160207728
2019-01-14 03:37:00,591135.0,726699.5267980921,726700.0,0.0,135565.0,135565.0,False,614924.0,27136.071312911747,111775.52679809212
2019-01-14 03:38:00,575684.0,701214.8702974266,701215.0,0.0,125531.0,125531.0,False,591135.0,26724.411828565226,110079.87029742655
2019-01-14 03:39:00,583480.0,677290.5721967936,677291.0,0.0,93811.0,93811.0,False,575684.0,24667.324484842153,101606.57219679364
2019-01-14 03:40:00,606771.0,684124.6373145046,684125.0,0.0,77354.0,77354.0,False,583480.0,24433.79274214391,100644.6373145046
2019-01-14 03:41:00,591184.0,706633.9302038162,706634.0,0.0,115450.0,115450.0,False,606771.0,24244.01542228598,99862.93020381621
2019-01-14 03:42:00,579308.0,683544.053462338,683545.0,0.0,104237.0,104237.0,False,591184.0,22422.520108052177,92360.05346233801
2019-01-14 03:43:00,587563.0,671693.6960283185,671694.0,0.0,84131.0,84131.0,False,579308.0,22428.745428737544,92385.69602831855
2019-01-14 03:44:00,578360.0,680040.8098850453,680041.0,0.0,101681.0,101681.0,False,587563.0,22451.108178944556,92477.80988504524
2019-01-14 03:45:00,612950.0,671015.2553587116,671016.0,0.0,58066.0,58066.0,False,578360.0,22494.187135183885,92655.25535871157
2019-01-14 03:46:00,596192.0,708684.3834480501,708685.0,0.0,112493.0,112493.0,False,612950.0,23241.716060409286,95734.38344805012
2019-01-14 03:47:00,591518.0,691987.902754447,691988.0,0.0,100470.0,100470.0,False,596192.0,23256.651282217896,95795.9027544469
2019-01-14 03:48:00,592613.0,687344.0499999338,687345.0,0.0,94732.0,94732.0,False,591518.0,23263.970217112288,95826.04999993385
2019-01-14 03:49:00,579253.0,687637.9993032773,687638.0,0.0,108385.0,108385.0,False,592613.0,23069.496798355838,95024.99930327736
2019-01-14 03:50:00,600333.0,671287.195980198,671288.0,0.0,70955.0,70955.0,False,579253.0,22343.410734770758,92034.19598019798
2019-01-14 03:51:00,604746.0,688952.6735067082,688953.0,0.0,84207.0,84207.0,False,600333.0,21514.457134690394,88619.67350670823
2019-01-14 03:52:00,599344.0,693336.0473094843,693337.0,0.0,93993.0,93993.0,False,604746.0,21507.264696205617,88590.0473094843
2019-01-14 03:53:00,592668.0,688007.23308711,688008.0,0.0,95340.0,95340.0,False,599344.0,21525.032221330574,88663.23308710995
2019-01-14 03:54:00,594867.0,680311.8205053435,680312.0,0.0,85445.0,85445.0,False,592668.0,21277.54644954741,87643.82050534345
2019-01-14 03:55:00,601547.0,680127.0620523328,680128.0,0.0,78581.0,78581.0,False,594867.0,20698.834443201886,85260.06205233284
2019-01-14 03:56:00,604289.0,683062.7801166486,683063.0,0.0,78774.0,78774.0,False,601547.0,19789.824174738453,81515.78011664859
2019-01-14 03:57:00,585113.0,685683.6266451224,685684.0,0.0,100571.0,100571.0,False,604289.0,19760.411392376194,81394.62664512248
2019-01-14 03:58:00,577410.0,667636.0135198622,667637.0,0.0,90227.0,90227.0,False,585113.0,20034.35317174979,82523.01351986219
2019-01-14 03:59:00,589425.0,659316.9353666167,659317.0,0.0,69892.0,69892.0,False,577410.0,19884.786077952995,81906.9353666167
2019-01-14 04:00:00,697029.0,670567.6373266727,670568.0,26461.0,0.0,264610.0,False,589425.0,19699.235209078965,81142.63732667273
2019-01-14 04:01:00,660790.0,802609.2222869699,802610.0,0.0,141820.0,141820.0,False,697029.0,25632.0191305168,105580.22228696995
2019-01-14 04:02:00,632167.0,763320.4977918282,763321.0,0.0,131154.0,131154.0,False,660790.0,24891.62860178873,102530.49779182828
2019-01-14 04:03:00,631597.0,734855.8030911345,734856.0,0.0,103259.0,103259.0,False,632167.0,24930.060841960094,102688.80309113448
2019-01-14 04:04:00,600180.0,734289.579514537,734290.0,0.0,134110.0,134110.0,False,631597.0,24930.97765530641,102692.57951453706
2019-01-14 04:05:00,623522.0,705628.8310457491,705629.0,0.0,82107.0,82107.0,False,600180.0,25600.12089488513,105448.83104574915
2019-01-14 04:06:00,596248.0,730041.434557862,730042.0,0.0,133794.0,133794.0,False,623522.0,25860.034438437702,106519.43455786198
2019-01-14 04:07:00,581607.0,704617.4191446383,704618.0,0.0,123011.0,123011.0,False,596248.0,26309.160603284457,108369.4191446384
2019-01-14 04:08:00,580618.0,689077.7786732919,689078.0,0.0,108460.0,108460.0,False,581607.0,26090.995029713256,107470.77867329185
2019-01-14 04:09:00,591141.0,687467.2209738541,687468.0,0.0,96327.0,96327.0,False,580618.0,25940.09765047299,106849.2209738541
2019-01-14 04:10:00,617690.0,698119.3228503482,698120.0,0.0,80430.0,80430.0,False,591141.0,25971.440090339136,106978.32285034825
2019-01-14 04:11:00,599715.0,725091.3742837321,725092.0,0.0,125377.0,125377.0,False,617690.0,26074.14552322045,107401.37428373215
2019-01-14 04:12:00,589409.0,707331.2541935171,707332.0,0.0,117923.0,117923.0,False,599715.0,26126.312546921192,107616.25419351719
2019-01-14 04:13:00,598879.0,696931.1404089141,696932.0,0.0,98053.0,98053.0,False,589409.0,26103.464268378673,107522.14040891403
2019-01-14 04:14:00,585839.0,706455.4841202276,706456.0,0.0,120617.0,120617.0,False,598879.0,26116.65744999774,107576.48412022761
2019-01-14 04:15:00,604982.0,693645.9011226771,693646.0,0.0,88664.0,88664.0,False,585839.0,26172.596459092925,107806.90112267714
2019-01-14 04:16:00,609346.0,710588.6450458601,710589.0,0.0,101243.0,101243.0,False,604982.0,25638.433860915,105606.64504586007
2019-01-14 04:17:00,603995.0,714239.4834757168,714240.0,0.0,110245.0,110245.0,False,609346.0,25465.29754226455,104893.4834757168
2019-01-14 04:18:00,614134.0,708908.3376089251,708909.0,0.0,94775.0,94775.0,False,603995.0,25470.117588208665,104913.33760892501
2019-01-14 04:19:00,598634.0,719293.2737064856,719294.0,0.0,120660.0,120660.0,False,614134.0,25529.824213379652,105159.2737064856
2019-01-14 04:20:00,612941.0,703967.0534192397,703968.0,0.0,91027.0,91027.0,False,598634.0,25572.01322212887,105333.05341923972
2019-01-14 04:21:00,607902.0,717648.1417451912,717649.0,0.0,109747.0,109747.0,False,612941.0,25420.058815747532,104707.14174519117
2019-01-14 04:22:00,594345.0,712638.5308319458,712639.0,0.0,118294.0,118294.0,False,607902.0,25427.19369023071,104736.53083194583
2019-01-14 04:23:00,591751.0,699496.7905736337,699497.0,0.0,107746.0,107746.0,False,594345.0,25528.007511347212,105151.79057363379
2019-01-14 04:24:00,579338.0,696803.146438008,696804.0,0.0,117466.0,117466.0,False,591751.0,25503.816613324092,105052.14643800806
2019-01-14 04:25:00,599287.0,684769.6423202655,684770.0,0.0,85483.0,85483.0,False,579338.0,25595.947937764176,105431.64232026557
2019-01-14 04:26:00,597834.0,705683.0335295094,705684.0,0.0,107850.0,107850.0,False,599287.0,25830.076010136043,106396.03352950946
2019-01-14 04:27:00,566671.0,704212.4214612141,704213.0,0.0,137542.0,137542.0,False,597834.0,25825.800276843416,106378.42146121406
2019-01-14 04:28:00,584909.0,674615.4700384923,674616.0,0.0,89707.0,89707.0,False,566671.0,26205.994466840588,107944.47003849236
2019-01-14 04:29:00,589918.0,693591.6620088672,693592.0,0.0,103674.0,103674.0,False,584909.0,26385.207488908436,108682.66200886725
2019-01-14 04:30:00,648537.0,698294.7605405289,698295.0,0.0,49758.0,49758.0,False,589918.0,26310.942895420565,108376.76054052894
2019-01-14 04:31:00,615342.0,732775.7481018686,732776.0,0.0,117434.0,117434.0,False,648537.0,20450.887070583085,84238.7481018686
2019-01-14 04:32:00,611144.0,698900.4972893305,698901.0,0.0,87757.0,87757.0,False,615342.0,20285.740592740538,83558.4972893305
2019-01-14 04:33:00,595225.0,692133.1801808024,692134.0,0.0,96909.0,96909.0,False,611144.0,19661.979969286298,80989.18018080234
2019-01-14 04:34:00,581029.0,676991.5994703139,676992.0,0.0,95963.0,95963.0,False,595225.0,19850.716322265645,81766.59947031384
2019-01-14 04:35:00,607635.0,660146.3467675461,660147.0,0.0,52512.0,52512.0,False,581029.0,19207.549500980243,79117.34676754609
2019-01-14 04:36:00,592691.0,687346.4411907055,687347.0,0.0,94656.0,94656.0,False,607635.0,19351.779540374988,79711.4411907055
2019-01-14 04:37:00,591771.0,670562.8994043228,670563.0,0.0,78792.0,78792.0,False,592691.0,18905.188604699688,77871.89940432289
2019-01-14 04:38:00,587780.0,668852.5782073395,668853.0,0.0,81073.0,81073.0,False,591771.0,18713.320017936625,77081.57820733951
2019-01-14 04:39:00,606984.0,664922.7594230823,664923.0,0.0,57939.0,57939.0,False,587780.0,18728.17316048908,77142.75942308235
2019-01-14 04:40:00,678532.0,685042.8802579192,685043.0,0.0,6511.0,6511.0,False,606984.0,18950.58249299246,78058.8802579192
2019-01-14 04:41:00,668562.0,770861.115896144,770862.0,0.0,102300.0,102300.0,False,678532.0,22415.009304689956,92329.11589614398
2019-01-14 04:42:00,623387.0,760096.5769139966,760097.0,0.0,136710.0,136710.0,False,668562.0,22222.116753895833,91534.57691399656
2019-01-14 04:43:00,615886.0,721061.3741777783,721062.0,0.0,105176.0,105176.0,False,623387.0,23712.693279629955,97674.37417777829
2019-01-14 04:44:00,647792.0,713547.1318826337,713548.0,0.0,65756.0,65756.0,False,615886.0,23709.478408936113,97661.13188263362
2019-01-14 04:45:00,665412.0,747543.486330648,747544.0,0.0,82132.0,82132.0,False,647792.0,24216.959867494057,99751.48633064792
2019-01-14 04:46:00,661926.0,765022.2762390445,765023.0,0.0,103097.0,103097.0,False,665412.0,24182.6778808587,99610.27623904454
2019-01-14 04:47:00,645203.0,761600.6369790642,761601.0,0.0,116398.0,116398.0,False,661926.0,24198.302925812233,99674.6369790642
2019-01-14 04:48:00,618127.0,745687.3760385071,745688.0,0.0,127561.0,127561.0,False,645203.0,24394.88564379471,100484.37603850708
2019-01-14 04:49:00,609602.0,720524.752960476,720525.0,0.0,110923.0,110923.0,False,618127.0,24859.40175112488,102397.75296047602
2019-01-14 04:50:00,614106.0,711526.2821025619,711527.0,0.0,97421.0,97421.0,False,609602.0,24744.45584719592,101924.28210256193
2019-01-14 04:51:00,597144.0,715528.4333127311,715529.0,0.0,118385.0,118385.0,False,614106.0,24622.620549798947,101422.43331273107
2019-01-14 04:52:00,600938.0,699284.6389056699,699285.0,0.0,98347.0,98347.0,False,597144.0,24796.981420604992,102140.63890566988
2019-01-14 04:53:00,593225.0,702615.2735624972,702616.0,0.0,109391.0,109391.0,False,600938.0,24684.48886202391,101677.2735624972
2019-01-14 04:54:00,586083.0,695052.728217665,695053.0,0.0,108970.0,108970.0,False,593225.0,24721.01517837371,101827.72821766499
2019-01-14 04:55:00,595807.0,687620.0613104762,687621.0,0.0,91814.0,91814.0,False,586083.0,24650.449123820214,101537.06131047614
2019-01-14 04:56:00,600295.0,696498.6571492993,696499.0,0.0,96204.0,96204.0,False,595807.0,24445.207884855925,100691.65714929932
2019-01-14 04:57:00,604990.0,701037.8484434662,701038.0,0.0,96048.0,96048.0,False,600295.0,24457.63574495113,100742.84844346627
2019-01-14 04:58:00,593882.0,702891.9300965489,702892.0,0.0,109010.0,109010.0,False,604990.0,23767.93769507868,97901.93009654887
2019-01-14 04:59:00,594173.0,691312.0535402368,691313.0,0.0,97140.0,97140.0,False,593882.0,23653.378844409097,97430.05354023677
2019-01-14 05:00:00,696965.0,691536.4933612844,691537.0,5428.0,0.0,54280.0,False,594173.0,23637.219835237855,97363.49336128442
2019-01-14 05:01:00,661256.0,813017.6669403153,813018.0,0.0,151762.0,151762.0,False,696965.0,28174.445125493643,116052.66694031528
2019-01-14 05:02:00,637970.0,777749.182530545,777750.0,0.0,139780.0,139780.0,False,661256.0,28281.390382772697,116493.18253054502
2019-01-14 05:03:00,628963.0,755840.8511526419,755841.0,0.0,126878.0,126878.0,False,637970.0,28615.851020496295,117870.85115264187
2019-01-14 05:04:00,592836.0,746386.1935023139,746387.0,0.0,153551.0,153551.0,False,628963.0,28507.171864413995,117423.19350231386
2019-01-14 05:05:00,607714.0,712965.9591449965,712966.0,0.0,105252.0,105252.0,False,592836.0,29164.30127020828,120129.95914499644
2019-01-14 05:06:00,592538.0,726704.2373887533,726705.0,0.0,134167.0,134167.0,False,607714.0,28887.607688525077,118990.23738875329
2019-01-14 05:07:00,645079.0,711544.8414379025,711545.0,0.0,66466.0,66466.0,False,592538.0,28891.638702063578,119006.8414379025
2019-01-14 05:08:00,652923.0,770258.2173474181,770259.0,0.0,117336.0,117336.0,False,645079.0,30390.124440835985,125179.21734741812
2019-01-14 05:09:00,657840.0,778099.6676695573,778100.0,0.0,120260.0,120260.0,False,652923.0,30389.505448090084,125176.66766955725
2019-01-14 05:10:00,677156.0,782361.2425876037,782362.0,0.0,105206.0,105206.0,False,657840.0,30230.385985416582,124521.24258760379
2019-01-14 05:11:00,668398.0,790602.5151492797,790603.0,0.0,122205.0,122205.0,False,677156.0,27541.74203851504,113446.51514927976
2019-01-14 05:12:00,656794.0,781788.0777328822,781789.0,0.0,124995.0,124995.0,False,668398.0,27528.040561993745,113390.07773288224
2019-01-14 05:13:00,639662.0,765229.4293376129,765230.0,0.0,125568.0,125568.0,False,656794.0,26325.186090752497,108435.42933761296
2019-01-14 05:14:00,600651.0,748761.9460906228,748762.0,0.0,148111.0,148111.0,False,639662.0,26486.512764979434,109099.94609062282
2019-01-14 05:15:00,627013.0,710907.6402910475,710908.0,0.0,83895.0,83895.0,False,600651.0,26767.326796539797,110256.6402910475
2019-01-14 05:16:00,618807.0,738314.7357260417,738315.0,0.0,119508.0,119508.0,False,627013.0,27021.047669661068,111301.73572604173
2019-01-14 05:17:00,614652.0,730216.3079261376,730217.0,0.0,115565.0,115565.0,False,618807.0,27047.16328706594,111409.30792613755
2019-01-14 05:18:00,608849.0,725472.0742204967,725473.0,0.0,116624.0,116624.0,False,614652.0,26904.113298268978,110820.0742204967
2019-01-14 05:19:00,597392.0,717942.9492158018,717943.0,0.0,120551.0,120551.0,False,608849.0,26485.056886152837,109093.94921580183
2019-01-14 05:20:00,638884.0,706632.2699782691,706633.0,0.0,67749.0,67749.0,False,597392.0,26520.579605290124,109240.26997826908
2019-01-14 05:21:00,653698.0,752404.303249268,752405.0,0.0,98707.0,98707.0,False,638884.0,27559.6557912003,113520.30324926802
2019-01-14 05:22:00,646745.0,766833.0339646068,766834.0,0.0,120089.0,120089.0,False,653698.0,27466.122840985492,113135.03396460685
2019-01-14 05:23:00,623909.0,760056.4076017458,760057.0,0.0,136148.0,136148.0,False,646745.0,27508.94158433854,113311.40760174577
2019-01-14 05:24:00,600845.0,738462.7725072764,738463.0,0.0,137618.0,137618.0,False,623909.0,27810.55414335637,114553.77250727642
2019-01-14 05:25:00,618773.0,716638.8169331984,716639.0,0.0,97866.0,97866.0,False,600845.0,28111.603352757815,115793.81693319832
2019-01-14 05:26:00,619560.0,735094.4257411396,735095.0,0.0,115535.0,115535.0,False,618773.0,28239.692485036976,116321.42574113957
2019-01-14 05:27:00,628203.0,735846.6256439098,735847.0,0.0,107644.0,107644.0,False,619560.0,28231.24396372667,116286.62564390975
2019-01-14 05:28:00,594132.0,744604.0276401306,744605.0,0.0,150473.0,150473.0,False,628203.0,28259.01767069739,116401.02764013059
2019-01-14 05:29:00,606977.0,713069.35050079,713070.0,0.0,106093.0,106093.0,False,594132.0,28874.768184168446,118937.35050079004
2019-01-14 05:30:00,691350.0,726292.841020961,726293.0,0.0,34943.0,34943.0,False,606977.0,28966.65543391653,119315.84102096099
2019-01-14 05:31:00,672963.0,802206.0374491524,802207.0,0.0,129244.0,129244.0,False,691350.0,26912.84419639491,110856.0374491525
2019-01-14 05:32:00,652094.0,781393.2249703711,781394.0,0.0,129300.0,129300.0,False,672963.0,26323.92261130704,108430.22497037107
2019-01-14 05:33:00,674332.0,760240.0988582347,760241.0,0.0,85909.0,85909.0,False,652094.0,26254.944484684376,108146.09885823466
2019-01-14 05:34:00,648153.0,783393.1721266671,783394.0,0.0,135241.0,135241.0,False,674332.0,26477.09949643017,109061.17212666714
2019-01-14 05:35:00,652818.0,755507.1408779722,755508.0,0.0,102690.0,102690.0,False,648153.0,26062.678531261034,107354.14087797221
2019-01-14 05:36:00,643219.0,759735.5600069899,759736.0,0.0,116517.0,116517.0,False,652818.0,25956.688517273178,106917.56000698988
2019-01-14 05:37:00,634244.0,749723.2280679112,749724.0,0.0,115480.0,115480.0,False,643219.0,25856.342714430295,106504.22806791129
2019-01-14 05:38:00,640978.0,733610.2781323032,733611.0,0.0,92633.0,92633.0,False,634244.0,24123.4417473828,99366.27813230312
2019-01-14 05:39:00,648013.0,740295.8176219753,740296.0,0.0,92283.0,92283.0,False,640978.0,24111.676847661132,99317.8176219753
2019-01-14 05:40:00,651590.0,747407.2401851605,747408.0,0.0,95818.0,95818.0,False,648013.0,24130.230176676134,99394.24018516052
2019-01-14 05:41:00,637965.0,749900.4018009313,749901.0,0.0,111936.0,111936.0,False,651590.0,23867.103564539986,98310.4018009313
2019-01-14 05:42:00,632759.0,736562.2007569717,736563.0,0.0,103804.0,103804.0,False,637965.0,23936.730585288817,98597.20075697175
2019-01-14 05:43:00,632653.0,731080.6737114042,731081.0,0.0,98428.0,98428.0,False,632759.0,23869.84007918849,98321.67371140426
2019-01-14 05:44:00,617595.0,730178.0092324151,730179.0,0.0,112584.0,112584.0,False,632653.0,23676.431515314183,97525.00923241513
2019-01-14 05:45:00,640348.0,711265.5759109589,711266.0,0.0,70918.0,70918.0,False,617595.0,22740.679473001423,93670.5759109589
2019-01-14 05:46:00,659886.0,733492.9840554268,733493.0,0.0,73607.0,73607.0,False,640348.0,22613.080002153303,93144.98405542674
2019-01-14 05:47:00,663086.0,753829.2647824583,753830.0,0.0,90744.0,90744.0,False,659886.0,22806.880947288464,93943.26478245828
2019-01-14 05:48:00,642775.0,756942.0224549312,756943.0,0.0,114168.0,114168.0,False,663086.0,22785.70087246264,93856.02245493118
2019-01-14 05:49:00,651533.0,737884.1358086118,737885.0,0.0,86352.0,86352.0,False,642775.0,23089.922863650947,95109.13580861174
2019-01-14 05:50:00,655981.0,746302.873539557,746303.0,0.0,90322.0,90322.0,False,651533.0,23007.559171073757,94769.87353955694
2019-01-14 05:51:00,644054.0,745806.4327599036,745807.0,0.0,101753.0,101753.0,False,655981.0,21807.182832508108,89825.43275990365
2019-01-14 05:52:00,637252.0,733657.0338664063,733658.0,0.0,96406.0,96406.0,False,644054.0,21753.190403156743,89603.03386640627
2019-01-14 05:53:00,634154.0,726848.7827804893,726849.0,0.0,92695.0,92695.0,False,637252.0,21751.67280875942,89596.78278048929
2019-01-14 05:54:00,634984.0,722118.7776577681,722119.0,0.0,87135.0,87135.0,False,634154.0,21355.466155462254,87964.77765776808
2019-01-14 05:55:00,597586.0,721108.0426271925,721109.0,0.0,123523.0,123523.0,False,634984.0,20908.58553240687,86124.04262719244
2019-01-14 05:56:00,612409.0,687252.4863090665,687253.0,0.0,74844.0,74844.0,False,597586.0,21768.594938105773,89666.48630906655
2019-01-14 05:57:00,608468.0,702805.3072486394,702806.0,0.0,94338.0,94338.0,False,612409.0,21945.77570056087,90396.30724863942
2019-01-14 05:58:00,623296.0,698643.6617672108,698644.0,0.0,75348.0,75348.0,False,608468.0,21892.208952181903,90175.66176721077
2019-01-14 05:59:00,645371.0,710421.1235624945,710422.0,0.0,65051.0,65051.0,False,623296.0,21151.620876802295,87125.12356249455
2019-01-14 06:00:00,725785.0,733469.3437670787,733470.0,0.0,7685.0,7685.0,False,645371.0,21387.892390176297,88098.3437670787
2019-01-14 06:01:00,679964.0,811795.3916179487,811796.0,0.0,131832.0,131832.0,False,725785.0,20880.994144739372,86010.39161794861
2019-01-14 06:02:00,679141.0,771699.709914779,771700.0,0.0,92559.0,92559.0,False,679964.0,22270.946400321674,91735.70991477901
2019-01-14 06:03:00,678464.0,769455.1564960179,769456.0,0.0,90992.0,90992.0,False,679141.0,21925.831722255392,90314.156496018
2019-01-14 06:04:00,647312.0,767293.5550454683,767294.0,0.0,119982.0,119982.0,False,678464.0,21565.410689249275,88829.55504546821
2019-01-14 06:05:00,670040.0,737046.2931847824,737047.0,0.0,67007.0,67007.0,False,647312.0,21785.056611493837,89734.29318478232
2019-01-14 06:06:00,641744.0,761289.6790840229,761290.0,0.0,119546.0,119546.0,False,670040.0,22152.951275078423,91249.67908402292
2019-01-14 06:07:00,634744.0,735193.2703434642,735194.0,0.0,100450.0,100450.0,False,641744.0,22686.952473599064,93449.27034346425
2019-01-14 06:08:00,722325.0,728097.9430121237,728098.0,0.0,5773.0,5773.0,False,634744.0,22663.80957876843,93353.94301212368
2019-01-14 06:09:00,733797.0,835914.8418975275,835915.0,0.0,102118.0,102118.0,False,722325.0,27576.537892070024,113589.84189752747
2019-01-14 06:10:00,749241.0,847529.6405728372,847530.0,0.0,98289.0,98289.0,False,733797.0,27611.205543814536,113732.64057283725
2019-01-14 06:11:00,698603.0,863353.8188533414,863354.0,0.0,164751.0,164751.0,False,749241.0,27703.50253607131,114112.81885334139
2019-01-14 06:12:00,659782.0,818925.0892714099,818926.0,0.0,159144.0,159144.0,False,698603.0,29210.945262512018,120322.08927140996
2019-01-14 06:13:00,640003.0,783757.6686000088,783758.0,0.0,143755.0,143755.0,False,659782.0,30097.93539396832,123975.66860000876
2019-01-14 06:14:00,656923.0,764918.8116040162,764919.0,0.0,107996.0,107996.0,False,640003.0,30326.176658687786,124915.81160401621
2019-01-14 06:15:00,651325.0,781860.9659872556,781861.0,0.0,130536.0,130536.0,False,656923.0,30331.555143054604,124937.96598725555
2019-01-14 06:16:00,643850.0,775265.77498331,775266.0,0.0,131416.0,131416.0,False,651325.0,30089.464168663235,123940.77498331007
2019-01-14 06:17:00,648529.0,767034.6071992277,767035.0,0.0,118506.0,118506.0,False,643850.0,29905.88710576599,123184.60719922768
2019-01-14 06:18:00,660405.0,771743.816213778,771744.0,0.0,111339.0,111339.0,False,648529.0,29913.221036516403,123214.81621377793
2019-01-14 06:19:00,632829.0,782987.5370422521,782988.0,0.0,150159.0,150159.0,False,660405.0,29759.72077416303,122582.5370422521
2019-01-14 06:20:00,647027.0,756975.8263853147,756976.0,0.0,109949.0,109949.0,False,632829.0,30139.48786972817,124146.82638531472
2019-01-14 06:21:00,628865.0,771607.6409017531,771608.0,0.0,142743.0,142743.0,False,647027.0,30244.806287738513,124580.64090175307
2019-01-14 06:22:00,630520.0,753859.3998677998,753860.0,0.0,123340.0,123340.0,False,628865.0,30345.255761166474,124994.39986779983
2019-01-14 06:23:00,624091.0,755429.8759802993,755430.0,0.0,131339.0,131339.0,False,630520.0,30324.735649970742,124909.87598029932
2019-01-14 06:24:00,628580.0,749068.4786500245,749069.0,0.0,120489.0,120489.0,False,624091.0,30341.147747673658,124977.47865002448
2019-01-14 06:25:00,647373.0,753606.0496704713,753607.0,0.0,106234.0,106234.0,False,628580.0,30352.939476259886,125026.0496704713
2019-01-14 06:26:00,642270.0,769824.2236228088,769825.0,0.0,127555.0,127555.0,False,647373.0,29727.84143155173,122451.22362280883
2019-01-14 06:27:00,633911.0,764395.6874999744,764396.0,0.0,130485.0,130485.0,False,642270.0,29648.810075608126,122125.68749997439
2019-01-14 06:28:00,621964.0,756181.2866657259,756182.0,0.0,134218.0,134218.0,False,633911.0,29683.91483767924,122270.2866657259
2019-01-14 06:29:00,611218.0,744105.5848552343,744106.0,0.0,132888.0,132888.0,False,621964.0,29652.66952300573,122141.5848552342
2019-01-14 06:30:00,666612.0,732405.1250177806,732406.0,0.0,65794.0,65794.0,False,611218.0,29420.952518788556,121187.12501778062
2019-01-14 06:31:00,618273.0,779397.5311537089,779398.0,0.0,161125.0,161125.0,False,666612.0,27381.273022136313,112785.53115370891
2019-01-14 06:32:00,673224.0,731626.1206275015,731627.0,0.0,58403.0,58403.0,False,618273.0,27519.068377510634,113353.12062750154
2019-01-14 06:33:00,663554.0,794167.8036003921,794168.0,0.0,130614.0,130614.0,False,673224.0,29361.880667164518,120943.80360039203
2019-01-14 06:34:00,658450.0,784700.5985252212,784701.0,0.0,126251.0,126251.0,False,663554.0,29411.113783748282,121146.59852522124
2019-01-14 06:35:00,666154.0,777379.5521204273,777380.0,0.0,111226.0,111226.0,False,658450.0,28872.874948576442,118929.55212042727
2019-01-14 06:36:00,631392.0,784000.1400710519,784001.0,0.0,152609.0,152609.0,False,666154.0,28609.851838998766,117846.14007105194
2019-01-14 06:37:00,619589.0,750205.1912817077,750206.0,0.0,130617.0,130617.0,False,631392.0,28844.625687687458,118813.19128170775
2019-01-14 06:38:00,596116.0,738607.2380738186,738608.0,0.0,142492.0,142492.0,False,619589.0,28894.405496672425,119018.23807381859
2019-01-14 06:39:00,619545.0,695327.4459347909,695328.0,0.0,75783.0,75783.0,False,596116.0,24085.852682284345,99211.44593479086
2019-01-14 06:40:00,674905.0,720208.4411898028,720209.0,0.0,45304.0,45304.0,False,619545.0,24438.35781390576,100663.44118980283
2019-01-14 06:41:00,657413.0,783870.2750790729,783871.0,0.0,126458.0,126458.0,False,674905.0,26453.818289919596,108965.2750790729
2019-01-14 06:42:00,642517.0,760701.2007562016,760702.0,0.0,118185.0,118185.0,False,657413.0,25075.578364891902,103288.20075620168
2019-01-14 06:43:00,641231.0,742356.7333258588,742357.0,0.0,101126.0,101126.0,False,642517.0,24238.38384842971,99839.73332585889
2019-01-14 06:44:00,654724.0,739989.5277005474,739990.0,0.0,85266.0,85266.0,False,641231.0,23975.896398870438,98758.52770054736
2019-01-14 06:45:00,669955.0,753183.3237369704,753184.0,0.0,83229.0,83229.0,False,654724.0,23903.257778187435,98459.32373697043
2019-01-14 06:46:00,652813.0,768956.3313307288,768957.0,0.0,116144.0,116144.0,False,669955.0,24034.842545780924,99001.33133072879
2019-01-14 06:47:00,638826.0,752516.9609362378,752517.0,0.0,113691.0,113691.0,False,652813.0,24205.42198859668,99703.96093623783
2019-01-14 06:48:00,655473.0,739020.2188569289,739021.0,0.0,83548.0,83548.0,False,638826.0,24324.443336817432,100194.21885692893
2019-01-14 06:49:00,657186.0,756057.0989504921,756058.0,0.0,98872.0,98872.0,False,655473.0,24419.095666584817,100584.09895049215
2019-01-14 06:50:00,668879.0,755562.944807251,755563.0,0.0,86684.0,86684.0,False,657186.0,23883.258404661014,98376.944807251
2019-01-14 06:51:00,645687.0,767080.4510606114,767081.0,0.0,121394.0,121394.0,False,668879.0,23840.65327489602,98201.45106061136
2019-01-14 06:52:00,629315.0,744504.1778551629,744505.0,0.0,115190.0,115190.0,False,645687.0,23990.135068315798,98817.17785516284
2019-01-14 06:53:00,617971.0,728915.1345948477,728916.0,0.0,110945.0,110945.0,False,629315.0,24180.21576425734,99600.13459484772
2019-01-14 06:54:00,637702.0,717815.4397098566,717816.0,0.0,80114.0,80114.0,False,617971.0,24239.526431027585,99844.43970985661
2019-01-14 06:55:00,649616.0,738582.286295506,738583.0,0.0,88967.0,88967.0,False,637702.0,24491.001933962987,100880.28629550606
2019-01-14 06:56:00,610571.0,749909.773163774,749910.0,0.0,139339.0,139339.0,False,649616.0,24348.612426844968,100293.77316377411
2019-01-14 06:57:00,678967.0,714914.0278288005,714915.0,0.0,35948.0,35948.0,False,610571.0,25331.66181611586,104343.02782880049
2019-01-14 06:58:00,625666.0,795045.9262248245,795046.0,0.0,169380.0,169380.0,False,678967.0,28180.820168738624,116078.9262248245
2019-01-14 06:59:00,593984.0,748296.986148111,748297.0,0.0,154313.0,154313.0,False,625666.0,29771.482905188463,122630.98614811107
2019-01-14 07:00:00,732733.0,718625.0399500835,718626.0,14107.0,0.0,141070.0,False,593984.0,30259.46954122231,124641.03995008346
2019-01-14 07:01:00,687551.0,889611.6056596586,889612.0,0.0,202061.0,202061.0,False,732733.0,38085.87758517563,156878.60565965855
2019-01-14 07:02:00,684670.0,843870.7348404233,843871.0,0.0,159201.0,159201.0,False,687551.0,37950.1988830491,156319.73484042328
2019-01-14 07:03:00,673223.0,835735.5242329342,835736.0,0.0,162513.0,162513.0,False,684670.0,36674.61881805484,151065.5242329343
2019-01-14 07:04:00,682269.0,824361.0909301052,824362.0,0.0,142093.0,142093.0,False,673223.0,36692.236047208506,151138.09093010525
2019-01-14 07:05:00,667838.0,833481.8828178969,833482.0,0.0,165644.0,165644.0,False,682269.0,36710.393492392446,151212.88281789693
2019-01-14 07:06:00,731007.0,819364.2058338651,819365.0,0.0,88358.0,88358.0,False,667838.0,36786.45983668844,151526.20583386513
2019-01-14 07:07:00,732876.0,887040.7077789668,887041.0,0.0,154165.0,154165.0,False,731007.0,37880.75925740434,156033.70777896678
2019-01-14 07:08:00,723653.0,888487.1523535764,888488.0,0.0,164835.0,164835.0,False,732876.0,37778.174241833214,155611.15235357633
2019-01-14 07:09:00,705345.0,878206.0047595028,878207.0,0.0,172862.0,172862.0,False,723653.0,37521.28465790636,154553.00475950277
2019-01-14 07:10:00,694661.0,860049.9134602236,860050.0,0.0,165389.0,165389.0,False,705345.0,37558.16397714463,154704.9134602236
2019-01-14 07:11:00,650565.0,844314.9491050725,844315.0,0.0,193750.0,193750.0,False,694661.0,36331.92659883245,149653.9491050725
2019-01-14 07:12:00,626170.0,803304.77938054,803305.0,0.0,177135.0,177135.0,False,650565.0,37081.08263337201,152739.77938054004
2019-01-14 07:13:00,662314.0,779585.6693424149,779586.0,0.0,117272.0,117272.0,False,626170.0,37245.170414754146,153415.66934241494
2019-01-14 07:14:00,638352.0,818105.3055781226,818106.0,0.0,179754.0,179754.0,False,662314.0,37821.910566667284,155791.30557812267
2019-01-14 07:15:00,671440.0,794864.0521311373,794865.0,0.0,123425.0,123425.0,False,638352.0,37996.888313777075,156512.05213113732
2019-01-14 07:16:00,662209.0,829519.1479442694,829520.0,0.0,167311.0,167311.0,False,671440.0,38377.336744283086,158079.14794426935
2019-01-14 07:17:00,656046.0,819909.3415704921,819910.0,0.0,163864.0,163864.0,False,662209.0,38285.3728138319,157700.34157049214
2019-01-14 07:18:00,659270.0,813450.9219253322,813451.0,0.0,154181.0,154181.0,False,656046.0,38213.652923190915,157404.9219253321
2019-01-14 07:19:00,650664.0,816211.9542990738,816212.0,0.0,165548.0,165548.0,False,659270.0,38101.25691950749,156941.95429907378
2019-01-14 07:20:00,700867.0,807732.3752925143,807733.0,0.0,106866.0,106866.0,False,650664.0,38131.94851355963,157068.3752925143
2019-01-14 07:21:00,677473.0,862112.3484348492,862113.0,0.0,184640.0,184640.0,False,700867.0,39146.004490833264,161245.34843484912
2019-01-14 07:22:00,692621.0,838735.6037689244,838736.0,0.0,146115.0,146115.0,False,677473.0,39150.19361871669,161262.60376892437
2019-01-14 07:23:00,660290.0,853640.5726601998,853641.0,0.0,193351.0,193351.0,False,692621.0,39091.19224617546,161019.5726601998
2019-01-14 07:24:00,650556.0,823039.7736064445,823040.0,0.0,172484.0,172484.0,False,660290.0,39511.23818653387,162749.77360644442
2019-01-14 07:25:00,653108.0,812887.5861447621,812888.0,0.0,159780.0,159780.0,False,650556.0,39409.71359427787,162331.58614476214
2019-01-14 07:26:00,649248.0,815212.3944402945,815213.0,0.0,165965.0,165965.0,False,653108.0,39354.55760019992,162104.3944402945
2019-01-14 07:27:00,641227.0,808609.5014832815,808610.0,0.0,167383.0,167383.0,False,649248.0,38688.65746072091,159361.50148328146
2019-01-14 07:28:00,646478.0,792184.3774367316,792185.0,0.0,145707.0,145707.0,False,641227.0,36648.3637042738,150957.37743673156
2019-01-14 07:29:00,650106.0,792133.9543072216,792134.0,0.0,142028.0,142028.0,False,646478.0,35361.321717326435,145655.95430722152
2019-01-14 07:30:00,683820.0,793647.66362239,793648.0,0.0,109828.0,109828.0,False,650106.0,34848.02918860097,143541.66362238998
2019-01-14 07:31:00,691831.0,785670.7337095761,785671.0,0.0,93840.0,93840.0,False,683820.0,24726.600288880196,101850.73370957607
2019-01-14 07:32:00,681811.0,788267.9462058202,788268.0,0.0,106457.0,106457.0,False,691831.0,23412.279274404074,96436.94620582015
2019-01-14 07:33:00,669725.0,778518.6211937503,778519.0,0.0,108794.0,108794.0,False,681811.0,23477.991832291285,96707.62119375027
2019-01-14 07:34:00,654064.0,766476.1863860125,766477.0,0.0,112413.0,112413.0,False,669725.0,23488.568281339252,96751.18638601253
2019-01-14 07:35:00,664397.0,751215.7308179988,751216.0,0.0,86819.0,86819.0,False,654064.0,23585.809623712885,97151.7308179987
2019-01-14 07:36:00,657164.0,761329.1316946086,761330.0,0.0,104166.0,104166.0,False,664397.0,23532.496902732983,96932.13169460854
2019-01-14 07:37:00,648269.0,741224.0315169588,741225.0,0.0,92956.0,92956.0,False,657164.0,20407.49952295227,84060.03151695881
2019-01-14 07:38:00,634011.0,732392.1706776039,732393.0,0.0,98382.0,98382.0,False,648269.0,20422.82800151089,84123.17067760394
2019-01-14 07:39:00,642360.0,718432.7535929028,718433.0,0.0,76073.0,76073.0,False,634011.0,20495.315848488375,84421.75359290282
2019-01-14 07:40:00,674563.0,726345.6545880021,726346.0,0.0,51783.0,51783.0,False,642360.0,20389.442818537435,83985.65458800209
2019-01-14 07:41:00,679018.0,761985.5926735038,761986.0,0.0,82968.0,82968.0,False,674563.0,21223.838322257205,87422.5926735038
2019-01-14 07:42:00,719074.0,759928.9453113544,759929.0,0.0,40855.0,40855.0,False,679018.0,19642.986661383286,80910.94531135434
2019-01-14 07:43:00,685398.0,802560.4413272615,802561.0,0.0,117163.0,117163.0,False,719074.0,20268.247356240223,83486.44132726145
2019-01-14 07:44:00,657208.0,769214.4646380655,769215.0,0.0,112007.0,112007.0,False,685398.0,20348.36807992136,83816.46463806556
2019-01-14 07:45:00,683871.0,741784.8745985315,741785.0,0.0,57914.0,57914.0,False,657208.0,20532.97502837731,84576.87459853149
2019-01-14 07:46:00,670640.0,767177.1759809499,767178.0,0.0,96538.0,96538.0,False,683871.0,20224.48381127753,83306.17598094989
2019-01-14 07:47:00,666924.0,754260.0125618601,754261.0,0.0,87337.0,87337.0,False,670640.0,20300.674835235444,83620.01256186017
2019-01-14 07:48:00,666366.0,750456.8915857734,750457.0,0.0,84091.0,84091.0,False,666924.0,20279.524221253454,83532.89158577344
2019-01-14 07:49:00,653233.0,749872.4252673797,749873.0,0.0,96640.0,96640.0,False,666366.0,20273.098915787254,83506.42526737969
2019-01-14 07:50:00,671816.0,737076.9383116096,737077.0,0.0,65261.0,65261.0,False,653233.0,20355.037943941446,83843.93831160951
2019-01-14 07:51:00,685568.0,747868.0925127871,747869.0,0.0,62301.0,62301.0,False,671816.0,18463.38876712303,76052.09251278715
2019-01-14 07:52:00,680803.0,760374.6441304833,760375.0,0.0,79572.0,79572.0,False,685568.0,18161.027623437287,74806.6441304833
2019-01-14 07:53:00,613708.0,754814.5072342318,754815.0,0.0,141107.0,141107.0,False,680803.0,17967.989915288657,74011.50723423174
2019-01-14 07:54:00,670584.0,699697.8536118227,699698.0,0.0,29114.0,29114.0,False,613708.0,20876.00807296835,85989.85361182266
2019-01-14 07:55:00,673500.0,766519.0246801189,766520.0,0.0,93020.0,93020.0,False,670584.0,23290.426318707276,95935.0246801189
2019-01-14 07:56:00,645388.0,769439.4457759243,769440.0,0.0,124052.0,124052.0,False,673500.0,23291.499641056922,95939.4457759243
2019-01-14 07:57:00,637624.0,743624.7646472596,743625.0,0.0,106001.0,106001.0,False,645388.0,23849.22645753315,98236.76464725961
2019-01-14 07:58:00,640301.0,735849.2704546014,735850.0,0.0,95549.0,95549.0,False,637624.0,23846.435978788882,98225.27045460133
2019-01-14 07:59:00,666048.0,738465.0870965006,738466.0,0.0,72418.0,72418.0,False,640301.0,23831.582316129927,98164.08709650056
2019-01-14 08:00:00,777449.0,766045.9294112357,766046.0,11403.0,0.0,114030.0,False,666048.0,24276.78957441625,99997.9294112357
2019-01-14 08:01:00,728456.0,904787.0354233221,904788.0,0.0,176332.0,176332.0,False,777449.0,30914.227014426662,127338.03542332212
2019-01-14 08:02:00,728894.0,861407.7809385785,861408.0,0.0,132514.0,132514.0,False,728456.0,32277.092419746667,132951.7809385786
2019-01-14 08:03:00,706179.0,861570.293254483,861571.0,0.0,155392.0,155392.0,False,728894.0,32210.211469545906,132676.29325448303
2019-01-14 08:04:00,665804.0,839704.0466496099,839705.0,0.0,173901.0,173901.0,False,706179.0,32416.265811824636,133525.04664960993
2019-01-14 08:05:00,685641.0,802312.6826412461,802313.0,0.0,116672.0,116672.0,False,665804.0,33140.611841408194,136508.68264124607
2019-01-14 08:06:00,714086.0,822720.8190394285,822721.0,0.0,108635.0,108635.0,False,685641.0,33279.26829398278,137079.81903942852
2019-01-14 08:07:00,745982.0,852528.4740527342,852529.0,0.0,106547.0,106547.0,False,714086.0,33610.08403402178,138442.4740527342
2019-01-14 08:08:00,692925.0,885903.5231701479,885904.0,0.0,192979.0,192979.0,False,745982.0,33969.157110885346,139921.5231701479
2019-01-14 08:09:00,732017.0,838423.1034024156,838424.0,0.0,106407.0,106407.0,False,692925.0,35322.99979183591,145498.1034024156
2019-01-14 08:10:00,752072.0,880032.0252330311,880033.0,0.0,127961.0,127961.0,False,732017.0,35934.040260542286,148015.02523303116
2019-01-14 08:11:00,688850.0,898999.5223586604,899000.0,0.0,210150.0,210150.0,False,752072.0,35670.02400942471,146927.52235866032
2019-01-14 08:12:00,680890.0,843602.8961903304,843603.0,0.0,162713.0,162713.0,False,688850.0,37569.8128847657,154752.89619033044
2019-01-14 08:13:00,677754.0,832716.2128747271,832717.0,0.0,154963.0,154963.0,False,680890.0,36859.293422790994,151826.21287472715
2019-01-14 08:14:00,702301.0,827559.7416320619,827560.0,0.0,125259.0,125259.0,False,677754.0,36368.77771423441,149805.74163206192
2019-01-14 08:15:00,677834.0,851619.0255776378,851620.0,0.0,173786.0,173786.0,False,702301.0,36250.3734623161,149318.02557763786
2019-01-14 08:16:00,661203.0,827065.4211571479,827066.0,0.0,165863.0,165863.0,False,677834.0,36229.34825404601,149231.42115714788
2019-01-14 08:17:00,641663.0,810623.3698617159,810624.0,0.0,168961.0,168961.0,False,661203.0,36275.21988327037,149420.3698617159
2019-01-14 08:18:00,673638.0,791743.723533502,791744.0,0.0,118106.0,118106.0,False,641663.0,36435.53587410169,150080.72353350194
2019-01-14 08:19:00,654752.0,825668.6175161832,825669.0,0.0,170917.0,170917.0,False,673638.0,36908.917334984755,152030.61751618315
2019-01-14 08:20:00,668647.0,807127.9861120386,807128.0,0.0,138481.0,138481.0,False,654752.0,36992.76347836554,152375.98611203866
2019-01-14 08:21:00,670467.0,820739.685602342,820740.0,0.0,150273.0,150273.0,False,668647.0,36923.98578566007,152092.68560234207
2019-01-14 08:22:00,665844.0,822200.2906669299,822201.0,0.0,156357.0,156357.0,False,670467.0,36836.734426832125,151733.29066692994
2019-01-14 08:23:00,651876.0,817575.0713784513,817576.0,0.0,165700.0,165700.0,False,665844.0,36836.19564368212,151731.07137845125
2019-01-14 08:24:00,641749.0,795275.4964151732,795276.0,0.0,153527.0,153527.0,False,651876.0,34813.51484021091,143399.4964151732
2019-01-14 08:25:00,666666.0,778875.5455122552,778876.0,0.0,112210.0,112210.0,False,641749.0,33290.61221635244,137126.5455122552
2019-01-14 08:26:00,653309.0,805103.0114296584,805104.0,0.0,151795.0,151795.0,False,666666.0,33608.757857052755,138437.01142965842
2019-01-14 08:27:00,618999.0,790489.363169546,790490.0,0.0,171491.0,171491.0,False,653309.0,33303.67768629897,137180.36316954604
2019-01-14 08:28:00,639577.0,758443.4928241324,758444.0,0.0,118867.0,118867.0,False,618999.0,33853.34705962714,139444.4928241324
2019-01-14 08:29:00,625300.0,779886.4142972454,779887.0,0.0,154587.0,154587.0,False,639577.0,34063.326573450955,140309.4142972454
2019-01-14 08:30:00,652429.0,764568.8243859059,764569.0,0.0,112140.0,112140.0,False,625300.0,33810.69951947506,139268.82438590593
2019-01-14 08:31:00,681190.0,764366.4679966492,764367.0,0.0,83177.0,83177.0,False,652429.0,27175.386250970423,111937.4679966492
2019-01-14 08:32:00,671928.0,790244.3177820193,790245.0,0.0,118317.0,118317.0,False,681190.0,26475.4354471477,109054.31778201932
2019-01-14 08:33:00,668624.0,781116.7894402661,781117.0,0.0,112493.0,112493.0,False,671928.0,26508.0815246235,109188.78944026606
2019-01-14 08:34:00,647810.0,776657.059038396,776658.0,0.0,128848.0,128848.0,False,668624.0,26227.501477255,108033.05903839594
2019-01-14 08:35:00,688472.0,752760.9314390852,752761.0,0.0,64289.0,64289.0,False,647810.0,25479.244352227353,104950.93143908515
2019-01-14 08:36:00,689046.0,796791.8712817756,796792.0,0.0,107746.0,107746.0,False,688472.0,26297.131723810013,108319.87128177563
2019-01-14 08:37:00,670848.0,795178.4992043725,795179.0,0.0,124331.0,124331.0,False,689046.0,25766.09701182423,106132.49920437248
2019-01-14 08:38:00,652432.0,774681.6461550337,774682.0,0.0,122250.0,122250.0,False,670848.0,25207.997738470352,103833.64615503368
2019-01-14 08:39:00,646200.0,749677.4112250448,749678.0,0.0,103478.0,103478.0,False,652432.0,23608.552689919274,97245.4112250447
2019-01-14 08:40:00,680669.0,738430.3135325157,738431.0,0.0,57762.0,57762.0,False,646200.0,22391.022766114776,92230.31353251562
2019-01-14 08:41:00,659747.0,775503.7548384386,775504.0,0.0,115757.0,115757.0,False,680669.0,23023.310593623595,94834.75483843862
2019-01-14 08:42:00,667818.0,743775.4915265134,743776.0,0.0,75958.0,75958.0,False,659747.0,20399.842467293907,84028.49152651339
2019-01-14 08:43:00,675868.0,751928.2831544408,751929.0,0.0,76061.0,76061.0,False,667818.0,20419.699259847846,84110.2831544408
2019-01-14 08:44:00,656799.0,760181.5915654309,760182.0,0.0,103383.0,103383.0,False,675868.0,20469.057036967573,84313.59156543082
2019-01-14 08:45:00,681395.0,740073.7788694776,740074.0,0.0,58679.0,58679.0,False,656799.0,20216.861442765043,83274.77886947757
2019-01-14 08:46:00,668001.0,764923.8033058824,764924.0,0.0,96923.0,96923.0,False,681395.0,20278.531697596,83528.80330588236
2019-01-14 08:47:00,667945.0,751196.3219288611,751197.0,0.0,83252.0,83252.0,False,668001.0,20197.571449072882,83195.32192886114
2019-01-14 08:48:00,678172.0,749758.0523236701,749759.0,0.0,71587.0,71587.0,False,667945.0,19861.993817236802,81813.05232367011
2019-01-14 08:49:00,667031.0,756829.0675602637,756830.0,0.0,89799.0,89799.0,False,678172.0,19095.80617262869,78657.06756026363
2019-01-14 08:50:00,678839.0,744831.7289998629,744832.0,0.0,65993.0,65993.0,False,667031.0,18887.910357608234,77800.72899986291
2019-01-14 08:51:00,647672.0,756450.2086205948,756451.0,0.0,108779.0,108779.0,False,678839.0,18841.89994124617,77611.20862059481
2019-01-14 08:52:00,659282.0,728685.3514041879,728686.0,0.0,69404.0,69404.0,False,647672.0,19667.848087829763,81013.35140418785
2019-01-14 08:53:00,652899.0,740745.4445211276,740746.0,0.0,87847.0,87847.0,False,659282.0,19777.11850925924,81463.44452112766
2019-01-14 08:54:00,656942.0,733829.7342882913,733830.0,0.0,76888.0,76888.0,False,652899.0,19647.790889148993,80930.73428829126
2019-01-14 08:55:00,689883.0,737544.0774754053,737545.0,0.0,47662.0,47662.0,False,656942.0,19568.001914161126,80602.07747540527
2019-01-14 08:56:00,675873.0,772062.3594029252,772063.0,0.0,96190.0,96190.0,False,689883.0,19950.923257426766,82179.35940292529
2019-01-14 08:57:00,673108.0,758117.2557690823,758118.0,0.0,85010.0,85010.0,False,675873.0,19966.678337903086,82244.25576908235
2019-01-14 08:58:00,655842.0,750935.2577278905,750936.0,0.0,95094.0,95094.0,False,673108.0,18894.35081444363,77827.25772789048
2019-01-14 08:59:00,649430.0,733536.2883140551,733537.0,0.0,84107.0,84107.0,False,655842.0,18862.069441233984,77694.28831405505
2019-01-14 09:00:00,740629.0,726490.9225164442,726491.0,14138.0,0.0,141380.0,False,649430.0,18708.305375490225,77060.92251644428
2019-01-14 09:01:00,714909.0,841079.8336205748,841080.0,0.0,126171.0,126171.0,False,740629.0,24386.742452963135,100450.83362057485
2019-01-14 09:02:00,718401.0,815516.6034561804,815517.0,0.0,97116.0,97116.0,False,714909.0,24424.801924124396,100607.60345618044
2019-01-14 09:03:00,701506.0,818705.480501897,818706.0,0.0,117200.0,117200.0,False,718401.0,24351.21187861404,100304.48050189701
2019-01-14 09:04:00,669117.0,802681.9898077447,802682.0,0.0,133565.0,133565.0,False,701506.0,24562.790739844284,101175.98980774476
2019-01-14 09:05:00,687572.0,772057.2305718863,772058.0,0.0,84486.0,84486.0,False,669117.0,24991.100626277388,102940.23057188632
2019-01-14 09:06:00,719695.0,786883.4374390956,786884.0,0.0,67189.0,67189.0,False,687572.0,24110.12791201688,99311.4374390956
2019-01-14 09:07:00,775031.0,821814.9060930223,821815.0,0.0,46784.0,46784.0,False,719695.0,24791.948055085373,102119.90609302226
2019-01-14 09:08:00,765094.0,883594.5863437757,883595.0,0.0,118501.0,118501.0,False,775031.0,26356.299141686846,108563.58634377575
2019-01-14 09:09:00,770168.0,872868.8909527046,872869.0,0.0,102701.0,102701.0,False,765094.0,26164.825256576623,107774.89095270456
2019-01-14 09:10:00,786559.0,877674.2192740238,877675.0,0.0,91116.0,91116.0,True,770168.0,26099.599047930686,107506.21927402377
2019-01-14 09:11:00,691588.0,891991.073978056,891992.0,0.0,200404.0,200404.0,False,786559.0,25596.052732587515,105432.07397805603
2019-01-14 09:12:00,670145.0,818716.621421763,818717.0,0.0,148572.0,148572.0,False,691588.0,30863.386965240432,127128.62142176295
2019-01-14 09:13:00,688286.0,798222.7175780032,798223.0,0.0,109937.0,109937.0,False,670145.0,31093.801812893686,128077.71757800314
2019-01-14 09:14:00,680151.0,816935.0199543241,816936.0,0.0,136785.0,136785.0,False,688286.0,31232.498560466043,128649.01995432413
2019-01-14 09:15:00,696329.0,808115.7307902804,808116.0,0.0,111787.0,111787.0,False,680151.0,31066.371680226104,127964.73079028043
2019-01-14 09:16:00,687818.0,823556.8588468013,823557.0,0.0,135739.0,135739.0,False,696329.0,30887.479124945618,127227.8588468013
2019-01-14 09:17:00,676535.0,814795.3037083087,814796.0,0.0,138261.0,138261.0,False,687818.0,30826.651121708073,126977.30370830868
2019-01-14 09:18:00,662186.0,803819.1129862079,803820.0,0.0,141634.0,141634.0,False,676535.0,30901.136106776186,127284.11298620791
2019-01-14 09:19:00,663260.0,789681.5342791468,789682.0,0.0,126422.0,126422.0,False,662186.0,30952.46347195714,127495.53427914684
2019-01-14 09:20:00,676233.0,790500.3823521665,790501.0,0.0,114268.0,114268.0,False,663260.0,30890.519492943968,127240.38235216643
2019-01-14 09:21:00,674960.0,803538.0768072805,803539.0,0.0,128579.0,128579.0,False,676233.0,30906.225554886303,127305.0768072806
2019-01-14 09:22:00,682510.0,800036.8366964223,800037.0,0.0,117527.0,117527.0,False,674960.0,30365.269190978815,125076.83669642235
2019-01-14 09:23:00,692175.0,807426.3195185243,807427.0,0.0,115252.0,115252.0,False,682510.0,30326.29996657734,124916.31951852432
2019-01-14 09:24:00,674646.0,817134.8531042149,817135.0,0.0,142489.0,142489.0,False,692175.0,30336.868742405506,124959.85310421484
2019-01-14 09:25:00,692021.0,800354.6702348518,800355.0,0.0,108334.0,108334.0,False,674646.0,30518.66126568299,125708.67023485182
2019-01-14 09:26:00,678080.0,815978.7976245017,815979.0,0.0,137899.0,137899.0,False,692021.0,30093.59680501525,123957.79762450175
2019-01-14 09:27:00,672678.0,802033.3750703303,802034.0,0.0,129356.0,129356.0,False,678080.0,30092.523128613815,123953.37507033032
2019-01-14 09:28:00,652276.0,796680.8533264295,796681.0,0.0,144405.0,144405.0,False,672678.0,30104.535109450826,124002.85332642948
2019-01-14 09:29:00,626011.0,776546.9907572275,776547.0,0.0,150536.0,150536.0,False,652276.0,30169.631617176885,124270.99075722751
2019-01-14 09:30:00,703216.0,751709.3633521054,751710.0,0.0,48494.0,48494.0,False,626011.0,30516.159033636028,125698.36335210541
2019-01-14 09:31:00,688930.0,823429.1733079578,823430.0,0.0,134500.0,134500.0,False,703216.0,29184.50341574989,120213.17330795784
2019-01-14 09:32:00,675681.0,808119.6318669459,808120.0,0.0,132439.0,132439.0,False,688930.0,28936.015268740804,119189.63186694584
2019-01-14 09:33:00,680449.0,795166.842023152,795167.0,0.0,114718.0,114718.0,False,675681.0,29007.9270740588,119485.84202315206
2019-01-14 09:34:00,647808.0,799420.9959763938,799421.0,0.0,151613.0,151613.0,False,680449.0,28883.179167534712,118971.99597639384
2019-01-14 09:35:00,675448.0,766818.0949401495,766819.0,0.0,91371.0,91371.0,False,647808.0,28892.42856431268,119010.0949401495
2019-01-14 09:36:00,673288.0,795483.9938260171,795484.0,0.0,122196.0,122196.0,False,675448.0,29141.48903509917,120035.99382601713
2019-01-14 09:37:00,651606.0,790718.218665885,790719.0,0.0,139113.0,139113.0,False,673288.0,28508.87738390571,117430.218665885
2019-01-14 09:38:00,662221.0,761503.044973913,761504.0,0.0,99283.0,99283.0,False,651606.0,26680.02679045549,109897.04497391303
2019-01-14 09:39:00,666745.0,772551.9538621244,772552.0,0.0,105807.0,105807.0,False,662221.0,26785.368119376966,110330.95386212437
2019-01-14 09:40:00,686699.0,777052.7279697688,777053.0,0.0,90354.0,90354.0,False,666745.0,26779.729501610436,110307.72796976879
2019-01-14 09:41:00,654241.0,797399.8928264759,797400.0,0.0,143159.0,143159.0,False,686699.0,26875.179282926216,110700.89282647587
2019-01-14 09:42:00,667669.0,743185.6811872515,743186.0,0.0,75517.0,75517.0,False,654241.0,21593.36019915455,88944.68118725147
2019-01-14 09:43:00,685617.0,755869.1510340868,755870.0,0.0,70253.0,70253.0,False,667669.0,21412.608437927032,88200.15103408681
2019-01-14 09:44:00,650930.0,773794.710908878,773795.0,0.0,122865.0,122865.0,False,685617.0,21407.160583147182,88177.710908878
2019-01-14 09:45:00,687839.0,742594.5651361734,742595.0,0.0,54756.0,54756.0,False,650930.0,22253.67437449377,91664.56513617338
2019-01-14 09:46:00,700489.0,782915.5756774741,782916.0,0.0,82427.0,82427.0,False,687839.0,23082.018145455313,95076.57567747415
2019-01-14 09:47:00,675243.0,795816.9710641601,795817.0,0.0,120574.0,120574.0,False,700489.0,23143.050138202438,95327.97106416011
2019-01-14 09:48:00,680024.0,772087.6356674401,772088.0,0.0,92064.0,92064.0,False,675243.0,23511.255236503766,96844.63566744009
2019-01-14 09:49:00,661041.0,776301.7164678633,776302.0,0.0,115261.0,115261.0,False,680024.0,23373.622605559758,96277.71646786331
2019-01-14 09:50:00,636701.0,758398.3513543712,758399.0,0.0,121698.0,121698.0,False,661041.0,23635.72872226907,97357.3513543712
2019-01-14 09:51:00,644088.0,735133.5140271345,735134.0,0.0,91046.0,91046.0,False,636701.0,23896.74910657724,98432.51402713453
2019-01-14 09:52:00,656196.0,742730.7830920673,742731.0,0.0,86535.0,86535.0,False,644088.0,23947.796741997678,98642.78309206734
2019-01-14 09:53:00,627141.0,755120.1491253618,755121.0,0.0,127980.0,127980.0,False,656196.0,24016.104796213363,98924.14912536186
2019-01-14 09:54:00,622829.0,727858.024830217,727859.0,0.0,105030.0,105030.0,False,627141.0,24451.366470891204,100717.02483021698
2019-01-14 09:55:00,650976.0,722877.8531005215,722878.0,0.0,71902.0,71902.0,False,622829.0,24289.152467292366,100048.85310052152
2019-01-14 09:56:00,653012.0,752494.2753709279,752495.0,0.0,99483.0,99483.0,False,650976.0,24645.88840637281,101518.27537092792
2019-01-14 09:57:00,649299.0,754097.6094698687,754098.0,0.0,104799.0,104799.0,False,653012.0,24540.84884107497,101085.60946986868
2019-01-14 09:58:00,649663.0,750349.1663641579,750350.0,0.0,100687.0,100687.0,False,649299.0,24532.244214716495,101050.16636415788
2019-01-14 09:59:00,649473.0,749592.8606246923,749593.0,0.0,100120.0,100120.0,False,649663.0,24260.26431617111,99929.8606246923
2019-01-14 10:00:00,744728.0,747379.0647263067,747380.0,0.0,2652.0,2652.0,False,649473.0,23768.941471228743,97906.0647263067
2019-01-14 10:01:00,710968.0,851142.3784157942,851143.0,0.0,140175.0,140175.0,False,744728.0,25834.52965179366,106414.37841579418
2019-01-14 10:02:00,647593.0,819947.4250059411,819948.0,0.0,172355.0,172355.0,False,710968.0,26457.253509019585,108979.42500594111
2019-01-14 10:03:00,669281.0,766096.2892034161,766097.0,0.0,96816.0,96816.0,False,647593.0,28769.38985442915,118503.28920341615
2019-01-14 10:04:00,667491.0,788900.0442490486,788901.0,0.0,121410.0,121410.0,False,669281.0,29040.26496773293,119619.04424904857
2019-01-14 10:05:00,672615.0,784550.8511926823,784551.0,0.0,111936.0,111936.0,False,667491.0,28418.9621900103,117059.85119268227
2019-01-14 10:06:00,745045.0,787910.0122993409,787911.0,0.0,42866.0,42866.0,False,672615.0,27990.507094003297,115295.01229934096
2019-01-14 10:07:00,831890.0,872168.4301813234,872169.0,0.0,40279.0,40279.0,True,745045.0,30862.126672627146,127123.4301813234
2019-01-14 10:08:00,813099.0,972048.1558247664,972049.0,0.0,158950.0,158950.0,True,831890.0,34026.60511202329,140158.15582476638
2019-01-14 10:09:00,646409.0,954392.544843554,954393.0,0.0,307984.0,307984.0,False,813099.0,34302.24682237168,141293.54484355403
2019-01-14 10:10:00,666122.0,836377.4910687662,836378.0,0.0,170256.0,170256.0,False,646409.0,46119.205773551046,189968.49106876628
2019-01-14 10:11:00,673414.0,856075.7709882896,856076.0,0.0,182662.0,182662.0,False,666122.0,46115.632136593216,189953.77098828962
2019-01-14 10:12:00,667635.0,861875.4833063597,861876.0,0.0,194241.0,194241.0,False,673414.0,45753.3450947314,188461.4833063598
2019-01-14 10:13:00,684217.0,855894.3209849473,855895.0,0.0,171678.0,171678.0,False,667635.0,45704.26555712792,188259.3209849472
2019-01-14 10:14:00,652581.0,872405.3596652187,872406.0,0.0,219825.0,219825.0,False,684217.0,45687.03807014781,188188.3596652188
2019-01-14 10:15:00,690042.0,840465.0134013508,840466.0,0.0,150424.0,150424.0,False,652581.0,45613.151038194395,187884.0134013508
2019-01-14 10:16:00,683727.0,877987.68329073,877988.0,0.0,194261.0,194261.0,False,690042.0,45628.12281747374,187945.68329073
2019-01-14 10:17:00,689709.0,871477.9692578657,871478.0,0.0,181769.0,181769.0,False,683727.0,45580.85152264929,187750.96925786568
2019-01-14 10:18:00,683678.0,876555.3300232927,876556.0,0.0,192878.0,192878.0,False,689709.0,45361.22961179779,186846.3300232927
2019-01-14 10:19:00,659764.0,870554.6650372011,870555.0,0.0,210791.0,210791.0,False,683678.0,45368.59413178063,186876.6650372011
2019-01-14 10:20:00,686419.0,846961.0590563295,846962.0,0.0,160543.0,160543.0,False,659764.0,45446.37712417934,187197.05905632948
2019-01-14 10:21:00,671644.0,873669.9974978382,873670.0,0.0,202026.0,202026.0,False,686419.0,45459.47191726345,187250.99749783822
2019-01-14 10:22:00,682660.0,859228.1720876419,859229.0,0.0,176569.0,176569.0,False,671644.0,45540.35768615715,187584.17208764187
2019-01-14 10:23:00,669696.0,870209.0669694418,870210.0,0.0,200514.0,200514.0,False,682660.0,45531.83511401445,187549.06696944183
2019-01-14 10:24:00,639658.0,856166.7091798387,856167.0,0.0,216509.0,216509.0,False,669696.0,45270.03904185311,186470.70917983865
2019-01-14 10:25:00,634712.0,827540.6866360581,827541.0,0.0,192829.0,192829.0,False,639658.0,45612.828935506746,187882.6866360582
2019-01-14 10:26:00,654334.0,821436.4631871165,821437.0,0.0,167103.0,167103.0,False,634712.0,45331.643643814576,186724.46318711655
2019-01-14 10:27:00,649003.0,841647.6081587792,841648.0,0.0,192645.0,192645.0,False,654334.0,45474.672090404325,187313.6081587792
2019-01-14 10:28:00,594801.0,836338.7815176719,836339.0,0.0,241538.0,241538.0,False,649003.0,45480.055181545955,187335.7815176719
2019-01-14 10:29:00,612645.0,786371.9084400141,786372.0,0.0,173727.0,173727.0,False,594801.0,46508.22932195067,191570.90844001414
2019-01-14 10:30:00,692248.0,804766.4299333759,804767.0,0.0,112519.0,112519.0,False,612645.0,46641.88103383338,192121.42993337597
2019-01-14 10:31:00,667742.0,880227.8520425574,880228.0,0.0,212486.0,212486.0,False,692248.0,45636.41806521558,187979.8520425575
2019-01-14 10:32:00,640824.0,854953.5789010772,854954.0,0.0,214130.0,214130.0,False,667742.0,45449.90214932405,187211.5789010772
2019-01-14 10:33:00,607017.0,823089.7973728093,823090.0,0.0,216073.0,216073.0,False,640824.0,44249.200313298774,182265.79737280923
2019-01-14 10:34:00,631999.0,790126.1553168416,790127.0,0.0,158128.0,158128.0,False,607017.0,44453.944786146676,183109.15531684156
2019-01-14 10:35:00,635537.0,816198.4963190336,816199.0,0.0,180662.0,180662.0,False,631999.0,44718.65005785002,184199.49631903353
2019-01-14 10:36:00,605726.0,819709.5143421715,819710.0,0.0,213984.0,213984.0,False,635537.0,44712.09956447042,184172.5143421715
2019-01-14 10:37:00,623147.0,782120.8570011826,782121.0,0.0,158974.0,158974.0,False,605726.0,42823.89496102705,176394.85700118262
2019-01-14 10:38:00,657828.0,786137.0964209863,786138.0,0.0,128310.0,128310.0,False,623147.0,39569.582058581196,162990.09642098637
2019-01-14 10:39:00,645716.0,823397.4896920433,823398.0,0.0,177682.0,177682.0,False,657828.0,40195.78890146085,165569.48969204322
2019-01-14 10:40:00,670169.0,756333.9700924641,756334.0,0.0,86165.0,86165.0,False,645716.0,26855.04788844245,110617.97009246417
2019-01-14 10:41:00,646106.0,781319.5001336756,781320.0,0.0,135214.0,135214.0,False,670169.0,26984.331762905298,111150.50013367567
2019-01-14 10:42:00,647548.0,758525.2425828741,758526.0,0.0,110978.0,110978.0,False,646106.0,27292.348075289676,112419.2425828742
2019-01-14 10:43:00,639604.0,759917.1510026011,759918.0,0.0,120314.0,120314.0,False,647548.0,27280.18719595049,112369.15100260117
2019-01-14 10:44:00,619499.0,751304.914228763,751305.0,0.0,131806.0,131806.0,False,639604.0,27117.957401395033,111700.91422876301
2019-01-14 10:45:00,635215.0,729755.7756859461,729756.0,0.0,94541.0,94541.0,False,619499.0,26767.359666755034,110256.77568594611
2019-01-14 10:46:00,638273.0,742296.9497578647,742297.0,0.0,104024.0,104024.0,False,635215.0,25996.597897534124,107081.94975786476
2019-01-14 10:47:00,641732.0,745357.0709847541,745358.0,0.0,103626.0,103626.0,False,638273.0,25997.11287398549,107084.0709847541
2019-01-14 10:48:00,639966.0,748732.3874989249,748733.0,0.0,108767.0,108767.0,False,641732.0,25976.79678955962,107000.38749892483
2019-01-14 10:49:00,615677.0,746912.9393219859,746913.0,0.0,131236.0,131236.0,False,639966.0,25963.82101943795,106946.93932198588
2019-01-14 10:50:00,640985.0,722668.8233276673,722669.0,0.0,81684.0,81684.0,False,615677.0,25974.71764067402,106991.82332766733
2019-01-14 10:51:00,615854.0,747781.0258561512,747782.0,0.0,131928.0,131928.0,False,640985.0,25927.18331628166,106796.02585615127
2019-01-14 10:52:00,604547.0,723647.1159807412,723648.0,0.0,119101.0,119101.0,False,615854.0,26169.249799897058,107793.11598074122
2019-01-14 10:53:00,600439.0,712095.4958136693,712096.0,0.0,111657.0,111657.0,False,604547.0,26109.862647016696,107548.49581366926
2019-01-14 10:54:00,608249.0,707703.9808367048,707704.0,0.0,99455.0,99455.0,False,600439.0,26041.03288746582,107264.98083670482
2019-01-14 10:55:00,643444.0,713614.105350998,713615.0,0.0,70171.0,70171.0,False,608249.0,25579.794563275922,105365.10535099794
2019-01-14 10:56:00,633786.0,752097.9572505318,752098.0,0.0,118312.0,118312.0,False,643444.0,26378.238750835568,108653.95725053172
2019-01-14 10:57:00,641155.0,741647.765708361,741648.0,0.0,100493.0,100493.0,False,633786.0,26185.91609490515,107861.765708361
2019-01-14 10:58:00,629122.0,749116.091256337,749117.0,0.0,119995.0,119995.0,False,641155.0,26210.029648473457,107961.09125633701
2019-01-14 10:59:00,631012.0,729396.1665041657,729397.0,0.0,98385.0,98385.0,False,629122.0,24343.852460789953,100274.16650416575
2019-01-14 11:00:00,721881.0,730474.0356951118,730475.0,0.0,8594.0,8594.0,False,631012.0,24146.689090764357,99462.0356951119
2019-01-14 11:01:00,680542.0,826612.4667615079,826613.0,0.0,146071.0,146071.0,False,721881.0,25425.964271050387,104731.46676150792
2019-01-14 11:02:00,666735.0,788287.0421310352,788288.0,0.0,121553.0,121553.0,False,680542.0,26157.578770904594,107745.04213103521
2019-01-14 11:03:00,654408.0,773024.4541777704,773025.0,0.0,118617.0,118617.0,False,666735.0,25804.20142942843,106289.45417777046
2019-01-14 11:04:00,656911.0,757884.1773976719,757885.0,0.0,100974.0,100974.0,False,654408.0,25121.214003517078,103476.17739767187
2019-01-14 11:05:00,665745.0,758835.1718419117,758836.0,0.0,93091.0,93091.0,False,656911.0,24744.429078895613,101924.17184191168
2019-01-14 11:06:00,704589.0,767823.8433929328,767824.0,0.0,63235.0,63235.0,False,665745.0,24781.9791433759,102078.84339293274
2019-01-14 11:07:00,727628.0,807563.625925885,807564.0,0.0,79936.0,79936.0,False,704589.0,24999.450886890605,102974.62592588509
2019-01-14 11:08:00,716151.0,831120.9534524102,831121.0,0.0,114970.0,114970.0,False,727628.0,25125.286775355136,103492.95345241015
2019-01-14 11:09:00,707636.0,817377.0636662031,817378.0,0.0,109742.0,109742.0,False,716151.0,24574.947316806698,101226.063666203
2019-01-14 11:10:00,729727.0,808614.2172327541,808615.0,0.0,78888.0,78888.0,False,707636.0,24514.77691380902,100978.21723275413
2019-01-14 11:11:00,709399.0,830423.7412931885,830424.0,0.0,121025.0,121025.0,False,729727.0,24446.4421773267,100696.74129318856
2019-01-14 11:12:00,629363.0,809585.8930146816,809586.0,0.0,180223.0,180223.0,False,709399.0,24322.66482068475,100186.89301468164
2019-01-14 11:13:00,636344.0,746531.097781322,746532.0,0.0,110188.0,110188.0,False,629363.0,28445.241530692932,117168.09778132202
2019-01-14 11:14:00,631246.0,753503.1582812465,753504.0,0.0,122258.0,122258.0,False,636344.0,28443.07126213326,117159.15828124652
2019-01-14 11:15:00,669564.0,747478.3560993862,747479.0,0.0,77915.0,77915.0,False,631246.0,28218.068787795997,116232.35609938628
2019-01-14 11:16:00,659571.0,788648.1042088338,788649.0,0.0,129078.0,129078.0,False,669564.0,28910.396010768636,119084.10420883371
2019-01-14 11:17:00,641418.0,778927.2028066844,778928.0,0.0,137510.0,137510.0,False,659571.0,28976.454182596863,119356.20280668438
2019-01-14 11:18:00,654700.0,761559.8141128046,761560.0,0.0,106860.0,106860.0,False,641418.0,29167.17933539007,120141.81411280457
2019-01-14 11:19:00,627644.0,775232.0377585434,775233.0,0.0,147589.0,147589.0,False,654700.0,29261.915070323194,120532.03775854343
2019-01-14 11:20:00,646752.0,748514.6535284206,748515.0,0.0,101763.0,101763.0,False,627644.0,29344.12181040558,120870.65352842057
2019-01-14 11:21:00,633629.0,766985.2914376417,766986.0,0.0,133357.0,133357.0,False,646752.0,29189.387552889937,120233.29143764167
2019-01-14 11:22:00,623825.0,752754.6607635301,752755.0,0.0,128930.0,128930.0,False,633629.0,28920.484817004337,119125.66076353008
2019-01-14 11:23:00,622366.0,742870.9073914585,742871.0,0.0,120505.0,120505.0,False,623825.0,28901.122857781465,119045.90739145849
2019-01-14 11:24:00,599977.0,741368.2270336922,741369.0,0.0,141392.0,141392.0,False,622366.0,28890.51844966749,119002.22703369212
2019-01-14 11:25:00,630374.0,720053.2404623576,720054.0,0.0,89680.0,89680.0,False,599977.0,29151.25982862728,120076.24046235761
2019-01-14 11:26:00,619149.0,749698.7068127615,749699.0,0.0,130550.0,130550.0,False,630374.0,28968.807808102865,119324.7068127615
2019-01-14 11:27:00,617099.0,738547.8037510986,738548.0,0.0,121449.0,121449.0,False,619149.0,28986.79653837668,119398.80375109862
2019-01-14 11:28:00,612139.0,736350.2868215566,736351.0,0.0,124212.0,124212.0,False,617099.0,28950.983422262783,119251.28682155667
2019-01-14 11:29:00,618739.0,731127.9327659511,731128.0,0.0,112389.0,112389.0,False,612139.0,28887.29096143454,118988.93276595113
2019-01-14 11:30:00,691799.0,737833.8335487344,737834.0,0.0,46035.0,46035.0,False,618739.0,28913.000803973606,119094.8335487344
2019-01-14 11:31:00,660837.0,803684.0238897168,803685.0,0.0,142848.0,142848.0,False,691799.0,27162.654241858723,111885.02388971683
2019-01-14 11:32:00,641571.0,770853.7141937946,770854.0,0.0,129283.0,129283.0,False,660837.0,26709.07923670819,110016.71419379467
2019-01-14 11:33:00,641490.0,752029.9019281038,752030.0,0.0,110540.0,110540.0,False,641571.0,26816.43044529236,110458.9019281038
2019-01-14 11:34:00,631144.0,751599.1496848342,751600.0,0.0,120456.0,120456.0,False,641490.0,26731.520071017312,110109.14968483413
2019-01-14 11:35:00,643329.0,741469.193395423,741470.0,0.0,98141.0,98141.0,False,631144.0,26783.969634040477,110325.19339542295
2019-01-14 11:36:00,640689.0,753848.3519411645,753849.0,0.0,113160.0,113160.0,False,643329.0,26831.106071632665,110519.35194116444
2019-01-14 11:37:00,623986.0,746979.2489835682,746980.0,0.0,122994.0,122994.0,False,640689.0,25804.394386754804,106290.24898356812
2019-01-14 11:38:00,614496.0,729008.288616842,729009.0,0.0,114513.0,114513.0,False,623986.0,25496.567942817954,105022.28861684202
2019-01-14 11:39:00,608629.0,719442.6973710919,719443.0,0.0,110814.0,110814.0,False,614496.0,25478.216435166265,104946.69737109193
2019-01-14 11:40:00,644785.0,713520.7911101007,713521.0,0.0,68736.0,68736.0,False,608629.0,25464.88668171786,104891.79111010066
2019-01-14 11:41:00,621814.0,752090.1429237423,752091.0,0.0,130277.0,130277.0,False,644785.0,26050.783154712535,107305.14292374229
2019-01-14 11:42:00,618576.0,729380.3497848407,729381.0,0.0,110805.0,110805.0,False,621814.0,26114.19710777752,107566.34978484068
2019-01-14 11:43:00,612963.0,708553.9583522965,708554.0,0.0,95591.0,95591.0,False,618576.0,21844.211916340504,89977.95835229651
2019-01-14 11:44:00,625762.0,702841.6791551771,702842.0,0.0,77080.0,77080.0,False,612963.0,21820.109615505113,89878.67915517707
2019-01-14 11:45:00,652460.0,716127.1700390382,716128.0,0.0,63668.0,63668.0,False,625762.0,21938.216429185217,90365.17003903822
2019-01-14 11:46:00,649213.0,740401.1373480043,740402.0,0.0,91189.0,91189.0,False,652460.0,21349.72692837036,87941.13734800427
2019-01-14 11:47:00,652162.0,736886.382710878,736887.0,0.0,84725.0,84725.0,False,649213.0,21284.723352582747,87673.38271087804
2019-01-14 11:48:00,636488.0,738793.5030846262,738794.0,0.0,102306.0,102306.0,False,652162.0,21031.783190748305,86631.50308462621
2019-01-14 11:49:00,611346.0,723321.8235537201,723322.0,0.0,111976.0,111976.0,False,636488.0,21080.90112232659,86833.82355372017
2019-01-14 11:50:00,637409.0,697861.0553139894,697862.0,0.0,60453.0,60453.0,False,611346.0,21003.512825143698,86515.05531398942
2019-01-14 11:51:00,634353.0,724964.0987448521,724965.0,0.0,90612.0,90612.0,False,637409.0,21256.00720845711,87555.09874485213
2019-01-14 11:52:00,618924.0,721389.8665076332,721390.0,0.0,102466.0,102466.0,False,634353.0,21130.194453655924,87036.86650763323
2019-01-14 11:53:00,632806.0,706418.2639509835,706419.0,0.0,73613.0,73613.0,False,618924.0,21241.238167755517,87494.26395098359
2019-01-14 11:54:00,636917.0,720904.974568677,720905.0,0.0,83988.0,83988.0,False,632806.0,21388.045531723896,88098.97456867705
2019-01-14 11:55:00,641165.0,723310.4083770262,723311.0,0.0,82146.0,82146.0,False,636917.0,20973.980242735088,86393.40837702622
2019-01-14 11:56:00,630171.0,724681.4178872077,724682.0,0.0,94511.0,94511.0,False,641165.0,20275.524853307063,83516.4178872077
2019-01-14 11:57:00,624934.0,713669.4687353872,713670.0,0.0,88736.0,88736.0,False,630171.0,20271.167285261894,83498.46873538721
2019-01-14 11:58:00,636242.0,708517.859678035,708518.0,0.0,72276.0,72276.0,False,624934.0,20291.89789396977,83583.85967803503
2019-01-14 11:59:00,630985.0,720116.1416097592,720117.0,0.0,89132.0,89132.0,False,636242.0,20362.370486904583,83874.14160975917
2019-01-14 12:00:00,741291.0,714853.8899840642,714854.0,26437.0,0.0,264370.0,False,630985.0,20361.095534386342,83868.88998406415
2019-01-14 12:01:00,698946.0,845469.7584700438,845470.0,0.0,146524.0,146524.0,False,741291.0,25291.78166380128,104178.75847004373
2019-01-14 12:02:00,687885.0,805453.9588350026,805454.0,0.0,117569.0,117569.0,False,698946.0,25857.24844366051,106507.95883500266
2019-01-14 12:03:00,683916.0,793668.5376232729,793669.0,0.0,109753.0,109753.0,False,687885.0,25681.378588914973,105783.53762327286
2019-01-14 12:04:00,653657.0,789772.3493081483,789773.0,0.0,136116.0,136116.0,False,683916.0,25699.055294449652,105856.3493081483
2019-01-14 12:05:00,667422.0,761764.5282276201,761765.0,0.0,94343.0,94343.0,False,653657.0,26245.580579964582,108107.52822762006
2019-01-14 12:06:00,727525.0,775630.3081353235,775631.0,0.0,48106.0,48106.0,False,667422.0,26270.04721269439,108208.30813532352
2019-01-14 12:07:00,742209.0,844216.4580229436,844217.0,0.0,102008.0,102008.0,False,727525.0,28329.526303536895,116691.45802294355
2019-01-14 12:08:00,693795.0,858225.0411383355,858226.0,0.0,164431.0,164431.0,False,742209.0,28165.553372505434,116016.04113833551
2019-01-14 12:09:00,731649.0,815775.9472432215,815776.0,0.0,84127.0,84127.0,False,693795.0,29613.671060462246,121980.94724322145
2019-01-14 12:10:00,718279.0,856162.1781567773,856163.0,0.0,137884.0,137884.0,False,731649.0,30228.428159975945,124513.1781567773
2019-01-14 12:11:00,658340.0,840952.4524044764,840953.0,0.0,182613.0,182613.0,False,718279.0,29781.792562356997,122673.45240447635
2019-01-14 12:12:00,631281.0,788181.827943787,788182.0,0.0,156901.0,156901.0,False,658340.0,31522.08004213638,129841.82794378695
2019-01-14 12:13:00,653198.0,762769.3096664166,762770.0,0.0,109572.0,109572.0,False,631281.0,31921.801221902228,131488.30966641655
2019-01-14 12:14:00,665613.0,785544.3291379784,785545.0,0.0,119932.0,119932.0,False,653198.0,32130.105116637853,132346.32913797838
2019-01-14 12:15:00,674893.0,797940.8305789672,797941.0,0.0,123048.0,123048.0,False,665613.0,32125.614167403317,132327.8305789672
2019-01-14 12:16:00,679167.0,805952.8732047089,805953.0,0.0,126786.0,126786.0,False,674893.0,31817.78844995661,131059.87320470887
2019-01-14 12:17:00,700858.0,810215.2012592956,810216.0,0.0,109358.0,109358.0,False,679167.0,31814.954817656515,131048.20125929559
2019-01-14 12:18:00,713195.0,832793.6627680436,832794.0,0.0,119599.0,119599.0,False,700858.0,32030.40644180631,131935.66276804352
2019-01-14 12:19:00,682285.0,844678.5886098247,844679.0,0.0,162394.0,162394.0,False,713195.0,31920.655077195788,131483.58860982468
2019-01-14 12:20:00,681529.0,814522.8111274876,814523.0,0.0,132994.0,132994.0,False,682285.0,32103.759882079197,132237.8111274876
2019-01-14 12:21:00,657407.0,812529.6166439148,812530.0,0.0,155123.0,155123.0,False,681529.0,31803.40256151101,131000.61664391481
2019-01-14 12:22:00,649693.0,789738.5513996768,789739.0,0.0,140046.0,140046.0,False,657407.0,32126.517481921353,132331.55139967677
2019-01-14 12:23:00,634782.0,781612.7925663567,781613.0,0.0,146831.0,146831.0,False,649693.0,32026.55358656099,131919.79256635674
2019-01-14 12:24:00,640529.0,766832.6047574653,766833.0,0.0,126304.0,126304.0,False,634782.0,32058.311244504603,132050.60475746533
2019-01-14 12:25:00,634926.0,772613.4844738515,772614.0,0.0,137688.0,137688.0,False,640529.0,32066.536322267613,132084.48447385148
2019-01-14 12:26:00,645115.0,767037.2119504015,767038.0,0.0,121923.0,121923.0,False,634926.0,32073.025029862663,132111.21195040148
2019-01-14 12:27:00,620424.0,777176.5460967044,777177.0,0.0,156753.0,156753.0,False,645115.0,32060.96750540856,132061.5460967045
2019-01-14 12:28:00,635618.0,753740.7589434874,753741.0,0.0,118123.0,118123.0,False,620424.0,32365.69919667326,133316.75894348745
2019-01-14 12:29:00,638888.0,769154.4349774793,769155.0,0.0,130267.0,130267.0,False,635618.0,32419.03058946471,133536.4349774793
2019-01-14 12:30:00,714200.0,772384.1684967863,772385.0,0.0,58185.0,58185.0,False,638888.0,32409.25497826514,133496.1684967863
2019-01-14 12:31:00,699087.0,833090.5716762467,833091.0,0.0,134004.0,134004.0,False,714200.0,28863.411552219524,118890.57167624668
2019-01-14 12:32:00,658264.0,814255.8969150649,814256.0,0.0,155992.0,155992.0,False,699087.0,27959.88969358116,115168.89691506483
2019-01-14 12:33:00,661807.0,777094.36319591,777095.0,0.0,115288.0,115288.0,False,658264.0,28848.7945634845,118830.36319590996
2019-01-14 12:34:00,646959.0,780660.5702605942,780661.0,0.0,133702.0,133702.0,False,661807.0,28854.42861040224,118853.57026059422
2019-01-14 12:35:00,657896.0,764182.6971146913,764183.0,0.0,106287.0,106287.0,False,646959.0,28458.739543348096,117223.69711469127
2019-01-14 12:36:00,672032.0,774947.3638465131,774948.0,0.0,102916.0,102916.0,False,657896.0,28416.90169217592,117051.3638465131
2019-01-14 12:37:00,655989.0,780266.3836564354,780267.0,0.0,124278.0,124278.0,False,672032.0,26276.37764316233,108234.38365643537
2019-01-14 12:38:00,645853.0,763952.924883207,763953.0,0.0,118100.0,118100.0,False,655989.0,26210.717576350155,107963.92488320696
2019-01-14 12:39:00,651286.0,748251.7490059895,748252.0,0.0,96966.0,96966.0,False,645853.0,24859.64356400522,102398.74900598956
2019-01-14 12:40:00,686312.0,749333.8109558222,749334.0,0.0,63022.0,63022.0,False,651286.0,23803.353617631943,98047.81095582225
2019-01-14 12:41:00,664652.0,787843.2811082836,787844.0,0.0,123192.0,123192.0,False,686312.0,24649.045847240857,101531.28110828355
2019-01-14 12:42:00,666079.0,757175.3688780809,757176.0,0.0,91097.0,91097.0,False,664652.0,22462.168668833292,92523.36887808084
2019-01-14 12:43:00,672824.0,756220.8437422584,756221.0,0.0,83397.0,83397.0,False,666079.0,21883.99885142856,90141.84374225837
2019-01-14 12:44:00,654228.0,761678.8218696616,761679.0,0.0,107451.0,107451.0,False,672824.0,21571.544790002827,88854.82186966154
2019-01-14 12:45:00,687398.0,743717.6813875814,743718.0,0.0,56320.0,56320.0,False,654228.0,21725.67149059152,89489.68138758135
2019-01-14 12:46:00,684646.0,780034.1146052413,780035.0,0.0,95389.0,95389.0,False,687398.0,22489.540278523677,92636.11460524138
2019-01-14 12:47:00,692190.0,777262.3264856919,777263.0,0.0,85073.0,85073.0,False,684646.0,22484.73625890844,92616.32648569196
2019-01-14 12:48:00,688334.0,783530.1614309311,783531.0,0.0,95197.0,95197.0,False,692190.0,22174.917938878578,91340.16143093105
2019-01-14 12:49:00,665056.0,779191.6898699593,779192.0,0.0,114136.0,114136.0,False,688334.0,22057.78690796309,90857.68986995927
2019-01-14 12:50:00,686171.0,754651.096374151,754652.0,0.0,68481.0,68481.0,False,665056.0,21751.263394964022,89595.09637415096
2019-01-14 12:51:00,687858.0,777189.1227363079,777190.0,0.0,89332.0,89332.0,False,686171.0,22096.73566380332,91018.12273630792
2019-01-14 12:52:00,692230.0,776963.2811893532,776964.0,0.0,84734.0,84734.0,False,687858.0,21632.349531030024,89105.2811893532
2019-01-14 12:53:00,670490.0,781113.5048676495,781114.0,0.0,110624.0,110624.0,False,692230.0,21578.50824525253,88883.50486764954
2019-01-14 12:54:00,672584.0,760222.4044169135,760223.0,0.0,87639.0,87639.0,False,670490.0,21784.598069798256,89732.40441691347
2019-01-14 12:55:00,680513.0,762252.1190385617,762253.0,0.0,81740.0,81740.0,False,672584.0,21768.991320617086,89668.11903856171
2019-01-14 12:56:00,656299.0,770169.9346806501,770170.0,0.0,113871.0,113871.0,False,680513.0,21766.27606135979,89656.93468065013
2019-01-14 12:57:00,652936.0,747666.7689588129,747667.0,0.0,94731.0,94731.0,False,656299.0,22181.62029910748,91367.76895881294
2019-01-14 12:58:00,663658.0,742334.5778716366,742335.0,0.0,78677.0,78677.0,False,652936.0,21703.554023768927,89398.57787163657
2019-01-14 12:59:00,630999.0,752717.8919301222,752718.0,0.0,121719.0,121719.0,False,663658.0,21621.330247913087,89059.89193012219
2019-01-14 13:00:00,740497.0,723424.6313060322,723425.0,17072.0,0.0,170720.0,False,630999.0,22438.440632821854,92425.6313060322
2019-01-14 13:01:00,705767.0,850514.2263604699,850515.0,0.0,144748.0,144748.0,False,740497.0,26709.203576908778,110017.2263604699
2019-01-14 13:02:00,697609.0,818323.5313557032,818324.0,0.0,120715.0,120715.0,False,705767.0,27325.678071905837,112556.5313557032
2019-01-14 13:03:00,681619.0,805940.692567362,805941.0,0.0,124322.0,124322.0,False,697609.0,26300.001611860396,108331.69256736204
2019-01-14 13:04:00,664706.0,790683.3949576614,790684.0,0.0,125978.0,125978.0,False,681619.0,26477.881912529614,109064.39495766142
2019-01-14 13:05:00,721562.0,773947.0062143301,773948.0,0.0,52386.0,52386.0,False,664706.0,26520.75834347036,109241.00621433009
2019-01-14 13:06:00,734820.0,838282.6072796854,838283.0,0.0,103463.0,103463.0,False,721562.0,28336.602953786944,116720.6072796854
2019-01-14 13:07:00,734894.0,851491.2922627344,851492.0,0.0,116598.0,116598.0,False,734820.0,28324.63060299502,116671.29226273444
2019-01-14 13:08:00,744367.0,850754.1719069886,850755.0,0.0,106388.0,106388.0,False,734894.0,28127.712543672147,115860.17190698865
2019-01-14 13:09:00,735943.0,859911.9718181491,859912.0,0.0,123969.0,123969.0,False,744367.0,28051.190496909294,115544.9718181491
2019-01-14 13:10:00,749838.0,851796.0576207387,851797.0,0.0,101959.0,101959.0,False,735943.0,28125.985387607237,115853.05762073875
2019-01-14 13:11:00,695986.0,863399.9410319198,863400.0,0.0,167414.0,167414.0,False,749838.0,27569.764317384124,113561.94103191976
2019-01-14 13:12:00,654488.0,815688.5137313328,815689.0,0.0,161201.0,161201.0,False,695986.0,29060.52909789273,119702.51373133282
2019-01-14 13:13:00,667640.0,778251.716175187,778252.0,0.0,110612.0,110612.0,False,654488.0,30046.479084347917,123763.71617518706
2019-01-14 13:14:00,658251.0,791702.8113714528,791703.0,0.0,133452.0,133452.0,False,667640.0,30119.091299272888,124062.81137145274
2019-01-14 13:15:00,697754.0,781725.9441253545,781726.0,0.0,83972.0,83972.0,False,658251.0,29976.37304985266,123474.94412535448
2019-01-14 13:16:00,681562.0,822271.6177447157,822272.0,0.0,140710.0,140710.0,False,697754.0,30229.505971714756,124517.61774471564
2019-01-14 13:17:00,678876.0,806663.8594377697,806664.0,0.0,127788.0,127788.0,False,681562.0,30371.34403502652,125101.85943776977
2019-01-14 13:18:00,650106.0,803852.82179653,803853.0,0.0,153747.0,153747.0,False,678876.0,30340.988281431117,124976.82179653006
2019-01-14 13:19:00,658611.0,776813.1802069029,776814.0,0.0,118203.0,118203.0,False,650106.0,30761.072449816136,126707.1802069029
2019-01-14 13:20:00,678510.0,784372.3974226353,784373.0,0.0,105863.0,105863.0,False,658611.0,30531.461999160245,125761.39742263532
2019-01-14 13:21:00,661968.0,804157.919029034,804158.0,0.0,142190.0,142190.0,False,678510.0,30503.912517896766,125647.91902903402
2019-01-14 13:22:00,658523.0,788178.2155813857,788179.0,0.0,129656.0,129656.0,False,661968.0,30640.422895263913,126210.21558138568
2019-01-14 13:23:00,657521.0,784682.1760541213,784683.0,0.0,127162.0,127162.0,False,658523.0,30628.03188006321,126159.17605412136
2019-01-14 13:24:00,662778.0,782691.5022021496,782692.0,0.0,119914.0,119914.0,False,657521.0,30388.0086395485,125170.50220214961
2019-01-14 13:25:00,663867.0,788006.4417004777,788007.0,0.0,124140.0,124140.0,False,662778.0,30402.07478089004,125228.44170047776
2019-01-14 13:26:00,660927.0,788942.442112284,788943.0,0.0,128016.0,128016.0,False,663867.0,30364.93062371178,125075.44211228403
2019-01-14 13:27:00,649026.0,784708.9737726414,784709.0,0.0,135683.0,135683.0,False,660927.0,30050.91153464106,123781.97377264137
2019-01-14 13:28:00,664308.0,773105.8073217616,773106.0,0.0,108798.0,108798.0,False,649026.0,30123.21745580129,124079.80732176166
2019-01-14 13:29:00,655699.0,788658.882077616,788659.0,0.0,132960.0,132960.0,False,664308.0,30189.02706651584,124350.8820776161
2019-01-14 13:30:00,741333.0,777724.953367271,777725.0,0.0,36392.0,36392.0,False,655699.0,29624.597328731434,122025.95336727098
2019-01-14 13:31:00,701742.0,852094.9991876065,852095.0,0.0,150353.0,150353.0,False,741333.0,26890.014252805697,110761.99918760647
2019-01-14 13:32:00,678805.0,813421.2297639637,813422.0,0.0,134617.0,134617.0,False,701742.0,27112.693000501284,111679.22976396374
2019-01-14 13:33:00,686187.0,791613.662932963,791614.0,0.0,105427.0,105427.0,False,678805.0,27386.888791790152,112808.66293296304
2019-01-14 13:34:00,673956.0,798518.136357113,798519.0,0.0,124563.0,124563.0,False,686187.0,27270.95826936476,112331.13635711304
2019-01-14 13:35:00,662692.0,785937.6624100972,785938.0,0.0,123246.0,123246.0,False,673956.0,27186.11545788461,111981.66241009725
2019-01-14 13:36:00,656913.0,766227.9726464591,766228.0,0.0,109315.0,109315.0,False,662692.0,25135.730670821133,103535.97264645908
2019-01-14 13:37:00,658650.0,759821.1499731891,759822.0,0.0,101172.0,101172.0,False,656913.0,24983.31232557377,102908.1499731891
2019-01-14 13:38:00,677514.0,761589.9018182876,761590.0,0.0,84076.0,84076.0,False,658650.0,24991.02081380541,102939.90181828756
2019-01-14 13:39:00,669498.0,781304.4606213631,781305.0,0.0,111807.0,111807.0,False,677514.0,25197.513460248276,103790.46062136312
2019-01-14 13:40:00,699706.0,773275.1241207649,773276.0,0.0,73570.0,73570.0,False,669498.0,25194.275719021163,103777.12412076496
2019-01-14 13:41:00,684298.0,805594.7892736373,805595.0,0.0,121297.0,121297.0,False,699706.0,25706.93083967959,105888.78927363732
2019-01-14 13:42:00,691805.0,783046.9905303703,783047.0,0.0,91242.0,91242.0,False,684298.0,23973.581032193462,98748.99053037024
2019-01-14 13:43:00,703089.0,785536.6236593374,785537.0,0.0,82448.0,82448.0,False,691805.0,22755.500213291773,93731.6236593374
2019-01-14 13:44:00,675971.0,796696.499622581,796697.0,0.0,120726.0,120726.0,False,703089.0,22725.366258126844,93607.49962258093
2019-01-14 13:45:00,703432.0,771606.6784598543,771607.0,0.0,68175.0,68175.0,False,675971.0,23217.753161952456,95635.67845985433
2019-01-14 13:46:00,713309.0,796681.3357133598,796682.0,0.0,83373.0,83373.0,False,703432.0,22638.413759125036,93249.33571335973
2019-01-14 13:47:00,695968.0,805958.556777223,805959.0,0.0,109991.0,109991.0,False,713309.0,22492.8036739014,92649.55677722306
2019-01-14 13:48:00,689171.0,789581.1542996962,789582.0,0.0,100411.0,100411.0,False,695968.0,22726.739060616317,93613.15429969617
2019-01-14 13:49:00,675775.0,780265.281075475,780266.0,0.0,104491.0,104491.0,False,689171.0,22115.224846381232,91094.28107547507
2019-01-14 13:50:00,705484.0,767328.0731126698,767329.0,0.0,61845.0,61845.0,False,675775.0,22226.60713010423,91553.0731126698
2019-01-14 13:51:00,693565.0,798484.1851542379,798485.0,0.0,104920.0,104920.0,False,705484.0,22577.926749726317,93000.18515423787
2019-01-14 13:52:00,682709.0,786136.6815223946,786137.0,0.0,103428.0,103428.0,False,693565.0,22473.897670690585,92571.68152239465
2019-01-14 13:53:00,676072.0,775645.8087977382,775646.0,0.0,99574.0,99574.0,False,682709.0,22562.540686436845,92936.80879773812
2019-01-14 13:54:00,687431.0,769164.0799994617,769165.0,0.0,81734.0,81734.0,False,676072.0,22600.236329870702,93092.0799994617
2019-01-14 13:55:00,686696.0,780803.9507796305,780804.0,0.0,94108.0,94108.0,False,687431.0,22668.424150037627,93372.95077963041
2019-01-14 13:56:00,689496.0,780075.738029892,780076.0,0.0,90580.0,90580.0,False,686696.0,22670.071910619863,93379.73802989199
2019-01-14 13:57:00,677781.0,782843.5184151693,782844.0,0.0,105063.0,105063.0,False,689496.0,22662.249860589454,93347.51841516928
2019-01-14 13:58:00,665077.0,771114.134130745,771115.0,0.0,106038.0,106038.0,False,677781.0,22658.757745820632,93333.13413074493
2019-01-14 13:59:00,665301.0,758274.8895111779,758275.0,0.0,92974.0,92974.0,False,665077.0,22625.92401426606,93197.88951117787
2019-01-14 14:00:00,771019.0,758264.6038584177,758265.0,12754.0,0.0,127540.0,False,665301.0,22569.045801628545,92963.60385841769
2019-01-14 14:01:00,738118.0,874946.2121925915,874947.0,0.0,136829.0,136829.0,False,771019.0,25230.713038861853,103927.21219259156
2019-01-14 14:02:00,704653.0,840676.537014325,840677.0,0.0,136024.0,136024.0,False,738118.0,24898.435765780952,102558.53701432508
2019-01-14 14:03:00,716192.0,808895.1828096709,808896.0,0.0,92704.0,92704.0,False,704653.0,25307.17937609483,104242.18280967089
2019-01-14 14:04:00,701489.0,820626.378707599,820627.0,0.0,119138.0,119138.0,False,716192.0,25353.839335941397,104434.37870759905
2019-01-14 14:05:00,726021.0,806116.3208790594,806117.0,0.0,80096.0,80096.0,False,701489.0,25400.68047079442,104627.32087905944
2019-01-14 14:06:00,697961.0,831634.2938005121,831635.0,0.0,133674.0,133674.0,False,726021.0,25640.04799851335,105613.29380051214
2019-01-14 14:07:00,791135.0,805777.6195936868,805778.0,0.0,14643.0,14643.0,True,697961.0,26174.955840702878,107816.61959368679
2019-01-14 14:08:00,773341.0,918545.4814383904,918546.0,0.0,145205.0,145205.0,False,791135.0,30931.81494523356,127410.4814383904
2019-01-14 14:09:00,796844.0,901282.5029221242,901283.0,0.0,104439.0,104439.0,True,773341.0,31060.732582788674,127941.50292212419
2019-01-14 14:10:00,794042.0,925344.9298479774,925345.0,0.0,131303.0,131303.0,True,796844.0,31196.546292544088,128500.92984797736
2019-01-14 14:11:00,751432.0,921080.5639292531,921081.0,0.0,169649.0,169649.0,False,794042.0,30841.523444584232,127038.56392925316
2019-01-14 14:12:00,704617.0,882253.1355301784,882254.0,0.0,177637.0,177637.0,False,751432.0,31759.82940698258,130821.13553017846
2019-01-14 14:13:00,701282.0,840277.1390524881,840278.0,0.0,138996.0,138996.0,False,704617.0,32934.60843443485,135660.1390524882
2019-01-14 14:14:00,715127.0,836710.8914170908,836711.0,0.0,121584.0,121584.0,False,701282.0,32878.46777015133,135428.8914170908
2019-01-14 14:15:00,725309.0,849308.3948906154,849309.0,0.0,124000.0,124000.0,False,715127.0,32575.6093925192,134181.3948906154
2019-01-14 14:16:00,725174.0,858187.3996212557,858188.0,0.0,133014.0,133014.0,False,725309.0,32259.277422877913,132878.39962125564
2019-01-14 14:17:00,720080.0,857868.6677085488,857869.0,0.0,137789.0,137789.0,False,725174.0,32214.67228946014,132694.6677085488
2019-01-14 14:18:00,715040.0,852156.3965784155,852157.0,0.0,137117.0,137117.0,False,720080.0,32064.572800255166,132076.39657841553
2019-01-14 14:19:00,681257.0,847065.5912008138,847066.0,0.0,165809.0,165809.0,False,715040.0,32052.238630252352,132025.59120081374
2019-01-14 14:20:00,725500.0,815371.8117837679,815372.0,0.0,89872.0,89872.0,False,681257.0,32559.444817075837,134114.8117837679
2019-01-14 14:21:00,710066.0,861836.6058416879,861837.0,0.0,151771.0,151771.0,False,725500.0,33098.83625387246,136336.60584168794
2019-01-14 14:22:00,704335.0,846610.740076368,846611.0,0.0,142276.0,142276.0,False,710066.0,33149.365610313245,136544.74007636803
2019-01-14 14:23:00,697944.0,840690.0698006358,840691.0,0.0,142747.0,142747.0,False,704335.0,33103.31880314848,136355.06980063574
2019-01-14 14:24:00,702886.0,834291.6834416817,834292.0,0.0,131406.0,131406.0,False,697944.0,33101.525595198036,136347.6834416817
2019-01-14 14:25:00,707264.0,839033.1514177301,839034.0,0.0,131770.0,131770.0,False,702886.0,33052.84184967383,136147.1514177301
2019-01-14 14:26:00,675947.0,843437.0849267347,843438.0,0.0,167491.0,167491.0,False,707264.0,33059.13780344744,136173.08492673468
2019-01-14 14:27:00,650073.0,814142.0232791655,814143.0,0.0,164070.0,164070.0,False,675947.0,33550.00968652954,138195.02327916547
2019-01-14 14:28:00,666228.0,789313.2796179776,789314.0,0.0,123086.0,123086.0,False,650073.0,33803.76962274093,139240.2796179776
2019-01-14 14:29:00,666287.0,805722.1906052596,805723.0,0.0,139436.0,139436.0,False,666228.0,33865.412335196794,139494.19060525962
2019-01-14 14:30:00,733886.0,805781.1197725607,805782.0,0.0,71896.0,71896.0,False,666287.0,33865.39513893545,139494.11977256063
2019-01-14 14:31:00,703323.0,859170.3508907243,859171.0,0.0,155848.0,155848.0,False,733886.0,30415.648018404885,125284.3508907243
2019-01-14 14:32:00,686919.0,828284.6814199327,828285.0,0.0,141366.0,141366.0,False,703323.0,30337.31260795572,124961.6814199327
2019-01-14 14:33:00,681979.0,810008.9283500953,810009.0,0.0,128030.0,128030.0,False,686919.0,29882.901644856265,123089.92835009527
2019-01-14 14:34:00,682894.0,804753.1454732856,804754.0,0.0,121860.0,121860.0,False,681979.0,29806.23811295467,122774.14547328562
2019-01-14 14:35:00,691956.0,805234.7166220247,805235.0,0.0,113279.0,113279.0,False,682894.0,29701.013324006577,122340.71662202466
2019-01-14 14:36:00,687738.0,813026.1135645672,813027.0,0.0,125289.0,125289.0,False,691956.0,29392.545306317403,121070.11356456715
2019-01-14 14:37:00,650667.0,807080.531102481,807081.0,0.0,156414.0,156414.0,False,687738.0,28973.135063010843,119342.53110248095
2019-01-14 14:38:00,667975.0,749358.526200441,749359.0,0.0,81384.0,81384.0,False,650667.0,23959.630248872818,98691.5262004409
2019-01-14 14:39:00,668036.0,767438.8018804884,767439.0,0.0,99403.0,99403.0,False,667975.0,24147.11787275001,99463.80188048838
2019-01-14 14:40:00,703648.0,765386.6649226693,765387.0,0.0,61739.0,61739.0,False,668036.0,23634.105437703216,97350.66492266931
2019-01-14 14:41:00,684932.0,805376.5802776713,805377.0,0.0,120445.0,120445.0,False,703648.0,24696.94474321435,101728.58027767131
2019-01-14 14:42:00,679686.0,782863.8606401893,782864.0,0.0,103178.0,103178.0,False,684932.0,23775.204020632456,97931.86064018926
2019-01-14 14:43:00,679125.0,771546.5431106462,771547.0,0.0,92422.0,92422.0,False,679686.0,22301.25252011648,91860.54311064619
2019-01-14 14:44:00,674808.0,770965.6749774833,770966.0,0.0,96158.0,96158.0,False,679125.0,22296.429075362452,91840.6749774833
2019-01-14 14:45:00,681444.0,765997.0880301978,765998.0,0.0,84554.0,84554.0,False,674808.0,22138.241407859503,91189.08803019773
2019-01-14 14:46:00,682058.0,772417.040464511,772418.0,0.0,90360.0,90360.0,False,681444.0,22085.790908922958,90973.04046451104
2019-01-14 14:47:00,662869.0,773038.9055849019,773039.0,0.0,110170.0,110170.0,False,682058.0,22087.700347186634,90980.90558490189
2019-01-14 14:48:00,673340.0,754762.6331903492,754763.0,0.0,81423.0,81423.0,False,662869.0,22309.28589547415,91893.6331903492
2019-01-14 14:49:00,646842.0,765649.2928920132,765650.0,0.0,118808.0,118808.0,False,673340.0,22410.19681604295,92309.2928920132
2019-01-14 14:50:00,656150.0,737853.5111312575,737854.0,0.0,81704.0,81704.0,False,646842.0,22095.130545122327,91011.51113125749
2019-01-14 14:51:00,666918.0,740747.3119979325,740748.0,0.0,73830.0,73830.0,False,656150.0,20537.93667555969,84597.31199793251
2019-01-14 14:52:00,658791.0,751435.0408808162,751436.0,0.0,92645.0,92645.0,False,666918.0,20518.44902185915,84517.04088081614
2019-01-14 14:53:00,654670.0,743395.3896249875,743396.0,0.0,88726.0,88726.0,False,658791.0,20539.654931764708,84604.38962498748
2019-01-14 14:54:00,638675.0,739217.0762716567,739218.0,0.0,100543.0,100543.0,False,654670.0,20525.74080147412,84547.07627165665
2019-01-14 14:55:00,681135.0,723743.5795714796,723744.0,0.0,42609.0,42609.0,False,638675.0,20652.347681703613,85068.57957147961
2019-01-14 14:56:00,657109.0,772295.8465716223,772296.0,0.0,115187.0,115187.0,False,681135.0,22131.38514642343,91160.84657162233
2019-01-14 14:57:00,664234.0,747043.8327001213,747044.0,0.0,82810.0,82810.0,False,657109.0,21833.742175724074,89934.83270012136
2019-01-14 14:58:00,665722.0,752218.5045717784,752219.0,0.0,86497.0,86497.0,False,664234.0,21360.25531602988,87984.50457177838
2019-01-14 14:59:00,657899.0,752892.5164138942,752893.0,0.0,94994.0,94994.0,False,665722.0,21162.641032000523,87170.51641389426
2019-01-14 15:00:00,765198.0,745260.2456982317,745261.0,19937.0,0.0,199370.0,False,657899.0,21208.94493777938,87361.24569823168
2019-01-14 15:01:00,710831.0,872630.6039298261,872631.0,0.0,161800.0,161800.0,False,765198.0,26081.727235673585,107432.60392982603
2019-01-14 15:02:00,680218.0,823536.6414255904,823537.0,0.0,143319.0,143319.0,False,710831.0,27361.877959357425,112705.64142559042
2019-01-14 15:03:00,646589.0,794588.4856589733,794589.0,0.0,148000.0,148000.0,False,680218.0,27766.05705952463,114370.48565897332
2019-01-14 15:04:00,558971.0,763566.084235883,763567.0,0.0,204596.0,204596.0,False,646589.0,28398.868614015657,116977.08423588295
2019-01-14 15:05:00,655702.0,692233.9688499533,692234.0,0.0,36532.0,36532.0,False,558971.0,32352.64041846048,133262.96884995323
2019-01-14 15:06:00,720600.0,808244.3895496686,808245.0,0.0,87645.0,87645.0,False,655702.0,37033.16172724516,152542.38954966862
2019-01-14 15:07:00,721783.0,880742.2283845636,880743.0,0.0,158960.0,158960.0,False,720600.0,38878.196812276554,160142.2283845636
2019-01-14 15:08:00,707607.0,879244.469829654,879245.0,0.0,171638.0,171638.0,False,721783.0,38227.381223188524,157461.469829654
2019-01-14 15:09:00,694493.0,865100.1070222234,865101.0,0.0,170608.0,170608.0,False,707607.0,38235.061876890606,157493.1070222234
2019-01-14 15:10:00,705604.0,852346.5863178973,852347.0,0.0,146743.0,146743.0,False,694493.0,38322.57648902841,157853.58631789728
2019-01-14 15:11:00,696239.0,861435.4747300562,861436.0,0.0,165197.0,165197.0,False,705604.0,37831.66254907948,155831.47473005627
2019-01-14 15:12:00,653828.0,851585.7179638338,851586.0,0.0,197758.0,197758.0,False,696239.0,37713.976732206596,155346.71796383377
2019-01-14 15:13:00,680755.0,812333.8709445616,812334.0,0.0,131579.0,131579.0,False,653828.0,38480.93353419316,158505.87094456158
2019-01-14 15:14:00,674554.0,840587.8957567471,840588.0,0.0,166034.0,166034.0,False,680755.0,38803.09922617434,159832.89575674705
2019-01-14 15:15:00,689131.0,834422.1034902337,834423.0,0.0,145292.0,145292.0,False,674554.0,38811.64671053005,159868.10349023365
2019-01-14 15:16:00,681168.0,849293.3165096366,849294.0,0.0,168126.0,168126.0,False,689131.0,38883.07366510952,160162.31650963653
2019-01-14 15:17:00,636609.0,841444.9952717717,841445.0,0.0,204836.0,204836.0,False,681168.0,38910.91456335014,160276.99527177174
2019-01-14 15:18:00,643489.0,799674.6366019478,799675.0,0.0,156186.0,156186.0,False,636609.0,39587.9211690849,163065.6366019478
2019-01-14 15:19:00,638525.0,806434.8950290553,806435.0,0.0,167910.0,167910.0,False,643489.0,39558.8511574803,162945.8950290553
2019-01-14 15:20:00,662755.0,800338.7549290187,800339.0,0.0,137584.0,137584.0,False,638525.0,39283.998196632274,161813.7549290186
2019-01-14 15:21:00,654014.0,825442.4592208237,825443.0,0.0,171429.0,171429.0,False,662755.0,39496.109941018396,162687.45922082374
2019-01-14 15:22:00,643978.0,816625.5857440403,816626.0,0.0,172648.0,172648.0,False,654014.0,39477.689915313924,162611.58574404038
2019-01-14 15:23:00,652303.0,806646.8048261603,806647.0,0.0,154344.0,154344.0,False,643978.0,39491.581159107125,162668.8048261603
2019-01-14 15:24:00,632856.0,815075.1192172016,815076.0,0.0,182220.0,182220.0,False,652303.0,39516.66309576409,162772.11921720166
2019-01-14 15:25:00,630557.0,795838.894459324,795839.0,0.0,165282.0,165282.0,False,632856.0,39567.83361730014,162982.8944593239
2019-01-14 15:26:00,637485.0,790241.7074975369,790242.0,0.0,152757.0,152757.0,False,630557.0,38767.123129394895,159684.70749753696
2019-01-14 15:27:00,620969.0,796358.6875800769,796359.0,0.0,175390.0,175390.0,False,637485.0,38570.22945376818,158873.6875800769
2019-01-14 15:28:00,612534.0,780149.3429877261,780150.0,0.0,167616.0,167616.0,False,620969.0,38644.67708330599,159180.34298772606
2019-01-14 15:29:00,620130.0,771780.1151463129,771781.0,0.0,151651.0,151651.0,False,612534.0,38660.64478247005,159246.1151463129
2019-01-14 15:30:00,723308.0,779452.8951832643,779453.0,0.0,56145.0,56145.0,False,620130.0,38679.284896436,159322.89518326425
2019-01-14 15:31:00,675046.0,881064.2796835554,881065.0,0.0,206019.0,206019.0,False,723308.0,38298.95307302348,157756.27968355533
2019-01-14 15:32:00,659748.0,831703.6911936707,831704.0,0.0,171956.0,171956.0,False,675046.0,38032.24553462911,156657.69119367073
2019-01-14 15:33:00,662148.0,815183.5620733207,815184.0,0.0,153036.0,153036.0,False,659748.0,37735.54567632014,155435.5620733207
2019-01-14 15:34:00,632958.0,815533.8226861199,815534.0,0.0,182576.0,182576.0,False,662148.0,37237.92445477639,153385.82268612
2019-01-14 15:35:00,659655.0,772846.2211516829,772847.0,0.0,113192.0,113192.0,False,632958.0,33961.07228253501,139888.22115168287
2019-01-14 15:36:00,656058.0,781239.6730221506,781240.0,0.0,125182.0,125182.0,False,659655.0,29517.46640967253,121584.6730221506
2019-01-14 15:37:00,644127.0,767098.165839649,767099.0,0.0,122972.0,122972.0,False,656058.0,26957.54558388441,111040.165839649
2019-01-14 15:38:00,634197.0,755367.634377607,755368.0,0.0,121171.0,121171.0,False,644127.0,27006.213916728422,111240.63437760703
2019-01-14 15:39:00,660435.0,745231.605320274,745232.0,0.0,84797.0,84797.0,False,634197.0,26956.19564034471,111034.60532027397
2019-01-14 15:40:00,672545.0,773131.4795091667,773132.0,0.0,100587.0,100587.0,False,660435.0,27359.653694130877,112696.47950916673
2019-01-14 15:41:00,655368.0,785305.2777563361,785306.0,0.0,129938.0,129938.0,False,672545.0,27375.142181051222,112760.27775633612
2019-01-14 15:42:00,638338.0,768598.9983622697,768599.0,0.0,130261.0,130261.0,False,655368.0,27489.420398269078,113230.99836226976
2019-01-14 15:43:00,673048.0,747859.6098553127,747860.0,0.0,74812.0,74812.0,False,638338.0,26588.881309476346,109521.60985531272
2019-01-14 15:44:00,657644.0,783816.6653021073,783817.0,0.0,126173.0,126173.0,False,673048.0,26891.632604905273,110768.66530210733
2019-01-14 15:45:00,680473.0,768899.9074171445,768900.0,0.0,88427.0,88427.0,False,657644.0,27009.921797173516,111255.90741714454
2019-01-14 15:46:00,667439.0,792528.4689889977,792529.0,0.0,125090.0,125090.0,False,680473.0,27204.033696749408,112055.46898899779
2019-01-14 15:47:00,656464.0,779753.3194566887,779754.0,0.0,123290.0,123290.0,False,667439.0,27266.875581300123,112314.3194566887
2019-01-14 15:48:00,659987.0,763962.0419630288,763963.0,0.0,103976.0,103976.0,False,656464.0,26097.61381824165,107498.0419630288
2019-01-14 15:49:00,644980.0,767403.8455425086,767404.0,0.0,122424.0,122424.0,False,659987.0,26077.901525929516,107416.84554250869
2019-01-14 15:50:00,670878.0,752943.6881491041,752944.0,0.0,82066.0,82066.0,False,644980.0,26210.66010372014,107963.68814910414
2019-01-14 15:51:00,644838.0,779058.3492235788,779059.0,0.0,134221.0,134221.0,False,670878.0,26263.259545978184,108180.34922357887
2019-01-14 15:52:00,651658.0,754578.2769529282,754579.0,0.0,102921.0,102921.0,False,644838.0,26641.967759835017,109740.27695292821
2019-01-14 15:53:00,635747.0,761260.670658641,761261.0,0.0,125514.0,125514.0,False,651658.0,26608.560677606474,109602.67065864103
2019-01-14 15:54:00,622100.0,745804.5782624002,745805.0,0.0,123705.0,123705.0,False,635747.0,26718.999926071774,110057.57826240019
2019-01-14 15:55:00,642256.0,731676.91567499,731677.0,0.0,89421.0,89421.0,False,622100.0,26602.308064954716,109576.91567499009
2019-01-14 15:56:00,647781.0,752861.0571945063,752862.0,0.0,105081.0,105081.0,False,642256.0,26851.912986466334,110605.05719450631
2019-01-14 15:57:00,641890.0,758344.0102021513,758345.0,0.0,116455.0,116455.0,False,647781.0,26841.705115246878,110563.0102021512
2019-01-14 15:58:00,636819.0,751813.9790898889,751814.0,0.0,114995.0,114995.0,False,641890.0,26686.565664507856,109923.97908988883
2019-01-14 15:59:00,660884.0,746612.9823964476,746613.0,0.0,85729.0,85729.0,False,636819.0,26655.005987316275,109793.9823964475
2019-01-14 16:00:00,744411.0,771921.9328546334,771922.0,0.0,27511.0,27511.0,False,660884.0,26957.00347558611,111037.93285463339
2019-01-14 16:01:00,718809.0,845788.1891742126,845789.0,0.0,126980.0,126980.0,False,744411.0,24611.636498061533,101377.18917421265
2019-01-14 16:02:00,680483.0,815261.1377652966,815262.0,0.0,134779.0,134779.0,False,718809.0,23415.967373696607,96452.13776529657
2019-01-14 16:03:00,670118.0,780629.8821502908,780630.0,0.0,110512.0,110512.0,False,680483.0,24312.951266201897,100146.88215029074
2019-01-14 16:04:00,657885.0,770585.9450689054,770586.0,0.0,112701.0,112701.0,False,670118.0,24390.896649283797,100467.94506890538
2019-01-14 16:05:00,677971.0,756302.6671441066,756303.0,0.0,78332.0,78332.0,False,657885.0,23893.144685393436,98417.66714410654
2019-01-14 16:06:00,747814.0,775523.5961400291,775524.0,0.0,27710.0,27710.0,False,677971.0,23683.128869500382,97552.59614002911
2019-01-14 16:07:00,735790.0,857884.9872031384,857885.0,0.0,122095.0,122095.0,False,747814.0,26722.255253803396,110070.98720313839
2019-01-14 16:08:00,731188.0,845868.1711427832,845869.0,0.0,114681.0,114681.0,False,735790.0,26723.99931982655,110078.17114278319
2019-01-14 16:09:00,736730.0,840980.82961991,840981.0,0.0,104251.0,104251.0,False,731188.0,26654.726124387187,109792.82961990999
2019-01-14 16:10:00,726666.0,845127.8583169003,845128.0,0.0,118462.0,118462.0,False,736730.0,26316.06486425003,108397.8583169003
2019-01-14 16:11:00,677023.0,835196.8913667699,835197.0,0.0,158174.0,158174.0,False,726666.0,26348.361686565688,108530.89136676994
2019-01-14 16:12:00,649361.0,791269.4232556737,791270.0,0.0,141909.0,141909.0,False,677023.0,27735.93806729415,114246.42325567371
2019-01-14 16:13:00,649312.0,764805.9187329664,764806.0,0.0,115494.0,115494.0,False,649361.0,28026.900317007043,115444.9187329664
2019-01-14 16:14:00,660115.0,761730.0727456198,761731.0,0.0,101616.0,101616.0,False,649312.0,27292.0640704805,112418.07274561984
2019-01-14 16:15:00,695613.0,772276.2004198337,772277.0,0.0,76664.0,76664.0,False,660115.0,27229.702425221254,112161.20041983364
2019-01-14 16:16:00,663647.0,809603.5519162935,809604.0,0.0,145957.0,145957.0,False,695613.0,27673.819434430123,113990.55191629342
2019-01-14 16:17:00,680898.0,779749.1911832013,779750.0,0.0,98852.0,98852.0,False,663647.0,28186.46827067728,116102.19118320123
2019-01-14 16:18:00,674288.0,797383.7144161124,797384.0,0.0,123096.0,123096.0,False,680898.0,28279.57732680579,116485.71441611243
2019-01-14 16:19:00,640490.0,790881.3622501895,790882.0,0.0,150392.0,150392.0,False,674288.0,28305.711306093326,116593.36225018947
2019-01-14 16:20:00,677074.0,759301.4440432172,759302.0,0.0,82228.0,82228.0,False,640490.0,28844.201505492674,118811.44404321721
2019-01-14 16:21:00,652653.0,797462.6613504239,797463.0,0.0,144810.0,144810.0,False,677074.0,29227.10716069599,120388.66135042389
2019-01-14 16:22:00,653630.0,772847.8335010163,772848.0,0.0,119218.0,119218.0,False,652653.0,29180.051007219245,120194.83350101621
2019-01-14 16:23:00,664612.0,773722.0912274994,773723.0,0.0,109111.0,109111.0,False,653630.0,29155.107965205778,120092.09122749943
2019-01-14 16:24:00,652996.0,784326.2780512937,784327.0,0.0,131331.0,131331.0,False,664612.0,29063.38515623172,119714.27805129372
2019-01-14 16:25:00,650729.0,772579.4513728219,772580.0,0.0,121851.0,121851.0,False,652996.0,29031.62398114861,119583.45137282195
2019-01-14 16:26:00,644285.0,769430.2374453233,769431.0,0.0,125146.0,125146.0,False,650729.0,28817.446327635138,118701.23744532329
2019-01-14 16:27:00,626726.0,763017.1677364232,763018.0,0.0,136292.0,136292.0,False,644285.0,28824.955364801506,118732.16773642323
2019-01-14 16:28:00,654044.0,746090.8542442089,746091.0,0.0,92047.0,92047.0,False,626726.0,28978.554517369135,119364.85424420884
2019-01-14 16:29:00,648912.0,775098.6505149124,775099.0,0.0,126187.0,126187.0,False,654044.0,29388.791296560834,121054.65051491241
2019-01-14 16:30:00,705027.0,768680.4682346798,768681.0,0.0,63654.0,63654.0,False,648912.0,29076.541065427133,119768.4682346798
2019-01-14 16:31:00,683297.0,815267.9211604588,815268.0,0.0,131971.0,131971.0,False,705027.0,26763.510617266475,110240.92116045882
2019-01-14 16:32:00,658672.0,793091.7080918181,793092.0,0.0,134420.0,134420.0,False,683297.0,26655.182166502298,109794.70809181812
2019-01-14 16:33:00,675954.0,766291.2066893931,766292.0,0.0,90338.0,90338.0,False,658672.0,26127.02933297389,107619.20668939318
2019-01-14 16:34:00,672361.0,784113.0227035417,784114.0,0.0,111753.0,111753.0,False,675954.0,26258.082044380433,108159.02270354165
2019-01-14 16:35:00,662410.0,780146.5883409876,780147.0,0.0,117737.0,117737.0,False,672361.0,26167.422292794,107785.58834098761
2019-01-14 16:36:00,661444.0,769391.0648522486,769392.0,0.0,107948.0,107948.0,False,662410.0,25972.10577415418,106981.06485224859
2019-01-14 16:37:00,642590.0,753913.3741116017,753914.0,0.0,111324.0,111324.0,False,661444.0,22449.06020157152,92469.37411160176
2019-01-14 16:38:00,653112.0,735577.8407670222,735578.0,0.0,82466.0,82466.0,False,642590.0,22574.929866764604,92987.84076702222
2019-01-14 16:39:00,650619.0,746633.1694525555,746634.0,0.0,96015.0,96015.0,False,653112.0,22704.407630443544,93521.1694525555
2019-01-14 16:40:00,677960.0,743932.8967181228,743933.0,0.0,65973.0,65973.0,False,650619.0,22654.087422935594,93313.8967181227
2019-01-14 16:41:00,650986.0,773709.8892026439,773710.0,0.0,122724.0,122724.0,False,677960.0,23245.4804377687,95749.88920264384
2019-01-14 16:42:00,637115.0,741637.5421142458,741638.0,0.0,104523.0,104523.0,False,650986.0,22007.739814826662,90651.5421142458
2019-01-14 16:43:00,592880.0,726017.8298523687,726018.0,0.0,133138.0,133138.0,False,637115.0,21583.19982827149,88902.82985236873
2019-01-14 16:44:00,629685.0,687501.1050964806,687502.0,0.0,57817.0,57817.0,False,592880.0,22971.442221361467,94621.10509648056
2019-01-14 16:45:00,656291.0,728152.4575133979,728153.0,0.0,71862.0,71862.0,False,629685.0,23905.232438862287,98467.4575133979
2019-01-14 16:46:00,645124.0,753099.2090756774,753100.0,0.0,107976.0,107976.0,False,656291.0,23502.411846362185,96808.20907567749
2019-01-14 16:47:00,664929.0,739395.5968725093,739396.0,0.0,74467.0,74467.0,False,645124.0,22886.591088364676,94271.59687250937
2019-01-14 16:48:00,651500.0,759492.8399200528,759493.0,0.0,107993.0,107993.0,False,664929.0,22957.539787118432,94563.83992005276
2019-01-14 16:49:00,658968.0,746445.3471476745,746446.0,0.0,87478.0,87478.0,False,651500.0,23050.159411750883,94945.34714767447
2019-01-14 16:50:00,672298.0,750638.4557667138,750639.0,0.0,78341.0,78341.0,False,658968.0,22255.10446008587,91670.4557667138
2019-01-14 16:51:00,666057.0,760349.3161329865,760350.0,0.0,94293.0,94293.0,False,672298.0,21376.475354006037,88051.31613298648
2019-01-14 16:52:00,645729.0,752282.3703525095,752283.0,0.0,106554.0,106554.0,False,666057.0,20933.185160419776,86225.37035250953
2019-01-14 16:53:00,653583.0,733308.618871002,733309.0,0.0,79726.0,79726.0,False,645729.0,21261.960031144376,87579.618871002
2019-01-14 16:54:00,658182.0,740965.7852473009,740966.0,0.0,82784.0,82784.0,False,653583.0,21214.17415705782,87382.7852473009
2019-01-14 16:55:00,679507.0,745206.0630590132,745207.0,0.0,65700.0,65700.0,False,658182.0,21127.086123015437,87024.06305901325
2019-01-14 16:56:00,663543.0,767894.5931434087,767895.0,0.0,104352.0,104352.0,False,679507.0,21458.114306620344,88387.59314340864
2019-01-14 16:57:00,672930.0,752658.8525484713,752659.0,0.0,79729.0,79729.0,False,663543.0,21634.915970778693,89115.8525484713
2019-01-14 16:58:00,668842.0,761156.0942587829,761157.0,0.0,92315.0,92315.0,False,672930.0,21418.90675040747,88226.0942587829
2019-01-14 16:59:00,653559.0,754907.9662974274,754908.0,0.0,101349.0,101349.0,False,668842.0,20894.486172097495,86065.9662974274
2019-01-14 17:00:00,740641.0,740324.6272066049,740325.0,316.0,0.0,3160.0,False,653559.0,21064.34489582862,86765.62720660493
2019-01-14 17:01:00,694238.0,840704.3620282213,840705.0,0.0,146467.0,146467.0,False,740641.0,24292.674842073444,100063.3620282213
2019-01-14 17:02:00,661143.0,799047.6461499291,799048.0,0.0,137905.0,137905.0,False,694238.0,25444.94410966238,104809.64614992916
2019-01-14 17:03:00,669509.0,767273.5750093852,767274.0,0.0,97765.0,97765.0,False,661143.0,25765.62986938357,106130.57500938521
2019-01-14 17:04:00,667905.0,775025.3505278293,775026.0,0.0,107121.0,107121.0,False,669509.0,25616.512796880346,105516.3505278293
2019-01-14 17:05:00,664308.0,773395.581975882,773396.0,0.0,109088.0,109088.0,False,667905.0,25610.256890213626,105490.58197588201
2019-01-14 17:06:00,705006.0,769569.0264199327,769570.0,0.0,64564.0,64564.0,False,664308.0,25554.52701700294,105261.0264199327
2019-01-14 17:07:00,749132.0,814461.0176882207,814462.0,0.0,65330.0,65330.0,False,705006.0,26572.714534450944,109455.0176882207
2019-01-14 17:08:00,762257.0,861836.6779544771,861837.0,0.0,99580.0,99580.0,False,749132.0,27361.644054659446,112704.67795447717
2019-01-14 17:09:00,748766.0,875069.1104457449,875070.0,0.0,126304.0,126304.0,False,762257.0,27387.72575454383,112812.11044574497
2019-01-14 17:10:00,703904.0,862207.4906617835,862208.0,0.0,158304.0,158304.0,False,748766.0,27540.522229001144,113441.49066178351
2019-01-14 17:11:00,668113.0,821178.6872747026,821179.0,0.0,153066.0,153066.0,False,703904.0,28471.118573516498,117274.68727470253
2019-01-14 17:12:00,646929.0,786744.7473366334,786745.0,0.0,139816.0,139816.0,False,668113.0,28800.576010858582,118631.74733663342
2019-01-14 17:13:00,653089.0,766185.8275883828,766186.0,0.0,113097.0,113097.0,False,646929.0,28952.32857041844,119256.82758838273
2019-01-14 17:14:00,643130.0,767415.1838208352,767416.0,0.0,124286.0,124286.0,False,653089.0,27755.30177280449,114326.18382083524
2019-01-14 17:15:00,669740.0,754599.2380020106,754600.0,0.0,84860.0,84860.0,False,643130.0,27061.712686735667,111469.23800201062
2019-01-14 17:16:00,685767.0,781209.7689060663,781210.0,0.0,95443.0,95443.0,False,669740.0,27061.841575864863,111469.76890606627
2019-01-14 17:17:00,689138.0,797447.4569942108,797448.0,0.0,108310.0,108310.0,False,685767.0,27112.99093877505,111680.45699421086
2019-01-14 17:18:00,681658.0,799940.5694435346,799941.0,0.0,118283.0,118283.0,False,689138.0,26899.863612406913,110802.56944353464
2019-01-14 17:19:00,660739.0,792115.0663584699,792116.0,0.0,131377.0,131377.0,False,681658.0,26815.98481868775,110457.06635846989
2019-01-14 17:20:00,679404.0,772245.9500544997,772246.0,0.0,92842.0,92842.0,False,660739.0,27070.86815193466,111506.95005449967
2019-01-14 17:21:00,662630.0,791339.000441582,791340.0,0.0,128710.0,128710.0,False,679404.0,27174.78719541515,111935.00044158199
2019-01-14 17:22:00,678310.0,775178.994105004,775179.0,0.0,96869.0,96869.0,False,662630.0,27323.84823152543,112548.99410500402
2019-01-14 17:23:00,660421.0,790349.4159858939,790350.0,0.0,129929.0,129929.0,False,678310.0,27200.136462269813,112039.41598589394
2019-01-14 17:24:00,637876.0,773195.38792007,773196.0,0.0,135320.0,135320.0,False,660421.0,27378.567746738867,112774.38792006994
2019-01-14 17:25:00,665289.0,751835.0697686985,751836.0,0.0,86547.0,86547.0,False,637876.0,27666.176421449632,113959.06976869851
2019-01-14 17:26:00,680763.0,779999.2567301064,780000.0,0.0,99237.0,99237.0,False,665289.0,27848.544275469394,114710.25673010648
2019-01-14 17:27:00,687765.0,795427.5175274686,795428.0,0.0,107663.0,107663.0,False,680763.0,27837.440035568827,114664.51752746858
2019-01-14 17:28:00,667949.0,802339.3705268122,802340.0,0.0,134391.0,134391.0,False,687765.0,27815.55478475829,114574.3705268122
2019-01-14 17:29:00,661660.0,783465.4454076444,783466.0,0.0,121806.0,121806.0,False,667949.0,28044.265056860546,115516.44540764438
2019-01-14 17:30:00,723649.0,776695.2032094127,776696.0,0.0,53047.0,53047.0,False,661660.0,27927.43248193039,115035.20320941276
2019-01-14 17:31:00,687709.0,829068.8207596058,829069.0,0.0,141360.0,141360.0,False,723649.0,25593.07798293343,105419.8207596058
2019-01-14 17:32:00,677969.0,790814.3715110022,790815.0,0.0,112846.0,112846.0,False,687709.0,25031.192374702998,103105.37151100217
2019-01-14 17:33:00,673200.0,778270.5048141936,778271.0,0.0,105071.0,105071.0,False,677969.0,24350.48946221361,100301.50481419355
2019-01-14 17:34:00,638728.0,773393.5703815105,773394.0,0.0,134666.0,134666.0,False,673200.0,24324.285904544908,100193.5703815106
2019-01-14 17:35:00,674002.0,742137.7169242755,742138.0,0.0,68136.0,68136.0,False,638728.0,25105.079200155047,103409.71692427546
2019-01-14 17:36:00,687774.0,780792.5865015471,780793.0,0.0,93019.0,93019.0,False,674002.0,25925.862788267514,106790.58650154718
2019-01-14 17:37:00,681293.0,790588.979708734,790589.0,0.0,109296.0,109296.0,False,687774.0,24960.693108175088,102814.97970873392
2019-01-14 17:38:00,691031.0,778310.0663125695,778311.0,0.0,87280.0,87280.0,False,681293.0,23553.116728162986,97017.0663125695
2019-01-14 17:39:00,674970.0,787776.2138842597,787777.0,0.0,112807.0,112807.0,False,691031.0,23487.11831963363,96745.21388425965
2019-01-14 17:40:00,695027.0,771900.71557969,771901.0,0.0,76874.0,76874.0,False,674970.0,23532.15310837549,96930.71557968992
2019-01-14 17:41:00,699984.0,787687.745885376,787688.0,0.0,87704.0,87704.0,False,695027.0,22495.520086388682,92660.74588537603
2019-01-14 17:42:00,664782.0,788628.0518698678,788629.0,0.0,123847.0,123847.0,False,699984.0,21520.375541162208,88644.05186986788
2019-01-14 17:43:00,666559.0,755984.7260653948,755985.0,0.0,89426.0,89426.0,False,664782.0,22141.552353522464,91202.72606539486
2019-01-14 17:44:00,664490.0,757668.0050282432,757669.0,0.0,93179.0,93179.0,False,666559.0,22118.799423426575,91109.00502824318
2019-01-14 17:45:00,671588.0,755275.4503654774,755276.0,0.0,83688.0,83688.0,False,664490.0,22040.249112334783,90785.45036547733
2019-01-14 17:46:00,705226.0,760349.2553352475,760350.0,0.0,55124.0,55124.0,False,671588.0,21548.829368988103,88761.2553352475
2019-01-14 17:47:00,675704.0,796692.6781689759,796693.0,0.0,120989.0,120989.0,False,705226.0,22205.632777128114,91466.67816897584
2019-01-14 17:48:00,681264.0,769812.3150479521,769813.0,0.0,88549.0,88549.0,False,675704.0,22846.950682613868,94108.31504795216
2019-01-14 17:49:00,659755.0,775315.1270408027,775316.0,0.0,115561.0,115561.0,False,681264.0,22833.06698298206,94051.12704080269
2019-01-14 17:50:00,692925.0,753881.2797973293,753882.0,0.0,60957.0,60957.0,False,659755.0,22851.312037323452,94126.27979732932
2019-01-14 17:51:00,654702.0,789265.8201297644,789266.0,0.0,134564.0,134564.0,False,692925.0,23388.94246598453,96340.82012976435
2019-01-14 17:52:00,639464.0,754456.5308909501,754457.0,0.0,114993.0,114993.0,False,654702.0,24217.69900429656,99754.53089095007
2019-01-14 17:53:00,647099.0,739042.9871539058,739043.0,0.0,91944.0,91944.0,False,639464.0,24175.081738214918,99578.98715390575
2019-01-14 17:54:00,637996.0,746058.8747392606,746059.0,0.0,108063.0,108063.0,False,647099.0,24024.778007910278,98959.8747392606
2019-01-14 17:55:00,694214.0,735749.804526444,735750.0,0.0,41536.0,41536.0,False,637996.0,23731.976817516515,97753.80452644396
2019-01-14 17:56:00,706200.0,798628.8529623176,798629.0,0.0,92429.0,92429.0,False,694214.0,25349.09901369401,104414.85296231763
2019-01-14 17:57:00,679368.0,810372.2927504155,810373.0,0.0,131005.0,131005.0,False,706200.0,25290.21196215061,104172.29275041554
2019-01-14 17:58:00,664628.0,785397.171082862,785398.0,0.0,120770.0,120770.0,False,679368.0,25741.01174178115,106029.17108286198
2019-01-14 17:59:00,665904.0,770193.6373255976,770194.0,0.0,104290.0,104290.0,False,664628.0,25628.478296818805,105565.63732559753
2019-01-14 18:00:00,752010.0,771367.3786890447,771368.0,0.0,19358.0,19358.0,False,665904.0,25603.652668764556,105463.37868904477
2019-01-14 18:01:00,725401.0,866585.985177284,866586.0,0.0,141185.0,141185.0,False,752010.0,27815.946778172263,114575.985177284
2019-01-14 18:02:00,731664.0,838475.981146497,838476.0,0.0,106812.0,106812.0,False,725401.0,27451.543642824214,113074.98114649698
2019-01-14 18:03:00,725003.0,844477.6156449087,844478.0,0.0,119475.0,119475.0,False,731664.0,27388.091176143877,112813.61564490876
2019-01-14 18:04:00,697030.0,837887.4777265693,837888.0,0.0,140858.0,140858.0,False,725003.0,27405.29457080822,112884.47772656931
2019-01-14 18:05:00,726045.0,808832.9263369516,808833.0,0.0,82788.0,82788.0,False,697030.0,27142.723179037806,111802.92633695157
2019-01-14 18:06:00,782214.0,836884.2615322113,836885.0,0.0,54671.0,54671.0,True,726045.0,26908.77145801025,110839.2615322113
2019-01-14 18:07:00,748146.0,899880.0942544059,899881.0,0.0,151735.0,151735.0,False,782214.0,28566.141589894578,117666.09425440597
2019-01-14 18:08:00,765492.0,868818.4591446328,868819.0,0.0,103327.0,103327.0,False,748146.0,29296.00558061585,120672.45914463274
2019-01-14 18:09:00,770729.0,886562.6847358275,886563.0,0.0,115834.0,115834.0,False,765492.0,29392.68397123356,121070.68473582747
2019-01-14 18:10:00,751323.0,890976.1937005784,890977.0,0.0,139654.0,139654.0,False,770729.0,29192.762645893465,120247.1937005784
2019-01-14 18:11:00,703284.0,871979.4558008381,871980.0,0.0,168696.0,168696.0,False,751323.0,29292.120402071865,120656.45580083803
2019-01-14 18:12:00,678670.0,829414.0594100367,829415.0,0.0,150745.0,150745.0,False,703284.0,30620.963147283255,126130.05941003669
2019-01-14 18:13:00,675787.0,803358.3085943834,803359.0,0.0,127572.0,127572.0,False,678670.0,30270.945088145072,124688.3085943834
2019-01-14 18:14:00,668842.0,800495.138935699,800496.0,0.0,131654.0,131654.0,False,675787.0,30275.759358061892,124708.13893569905
2019-01-14 18:15:00,693943.0,793654.763124256,793655.0,0.0,99712.0,99712.0,False,668842.0,30301.1592780897,124812.76312425603
2019-01-14 18:16:00,705739.0,820026.323206505,820027.0,0.0,114288.0,114288.0,False,693943.0,30609.61686256191,126083.32320650504
2019-01-14 18:17:00,701957.0,829614.6503062496,829615.0,0.0,127658.0,127658.0,False,705739.0,30073.65366048165,123875.65030624963
2019-01-14 18:18:00,704232.0,823806.766359415,823807.0,0.0,119575.0,119575.0,False,701957.0,29581.82389391485,121849.76635941504
2019-01-14 18:19:00,689509.0,826034.5344672311,826035.0,0.0,136526.0,136526.0,False,704232.0,29570.357269410717,121802.53446723116
2019-01-14 18:20:00,682522.0,810711.5511437374,810712.0,0.0,128190.0,128190.0,False,689509.0,29424.69756447105,121202.55114373735
2019-01-14 18:21:00,710305.0,801307.7790100301,801308.0,0.0,91003.0,91003.0,False,682522.0,28837.970730377896,118785.77901003005
2019-01-14 18:22:00,666371.0,827198.4919150801,827199.0,0.0,160828.0,160828.0,False,710305.0,28378.57466198969,116893.49191508011
2019-01-14 18:23:00,665076.0,787486.8295912048,787487.0,0.0,122411.0,122411.0,False,666371.0,29403.64391971265,121115.82959120479
2019-01-14 18:24:00,645673.0,786090.7945158215,786091.0,0.0,140418.0,140418.0,False,665076.0,29379.11533917946,121014.79451582149
2019-01-14 18:25:00,672497.0,767392.4183004855,767393.0,0.0,94896.0,94896.0,False,645673.0,29550.178914696793,121719.41830048546
2019-01-14 18:26:00,685398.0,788373.4084626357,788374.0,0.0,102976.0,102976.0,False,672497.0,28131.654339739114,115876.40846263575
2019-01-14 18:27:00,653618.0,801333.1291387826,801334.0,0.0,147716.0,147716.0,False,685398.0,28145.91012990276,115935.12913878265
2019-01-14 18:28:00,679086.0,770239.7429936144,770240.0,0.0,91154.0,91154.0,False,653618.0,28312.601382119385,116621.74299361437
2019-01-14 18:29:00,656339.0,796785.3846537359,796786.0,0.0,140447.0,140447.0,False,679086.0,28574.223597433527,117699.38465373589
2019-01-14 18:30:00,738687.0,775280.4789991842,775281.0,0.0,36594.0,36594.0,False,656339.0,28875.77047178943,118941.47899918418
2019-01-14 18:31:00,711580.0,856106.8723975901,856107.0,0.0,144527.0,144527.0,False,738687.0,28506.365590114023,117419.87239759005
2019-01-14 18:32:00,698868.0,829063.1929866933,829064.0,0.0,130196.0,130196.0,False,711580.0,28521.73811458967,117483.19298669332
2019-01-14 18:33:00,676625.0,816574.5518671346,816575.0,0.0,139950.0,139950.0,False,698868.0,28575.96360277704,117706.5518671346
2019-01-14 18:34:00,652849.0,795308.2137434339,795309.0,0.0,142460.0,142460.0,False,676625.0,28813.070660851874,118683.21374343392
2019-01-14 18:35:00,650204.0,771044.5772835431,771045.0,0.0,120841.0,120841.0,False,652849.0,28694.685732331007,118195.57728354307
2019-01-14 18:36:00,666622.0,766076.2914701093,766077.0,0.0,99455.0,99455.0,False,650204.0,28130.654845431254,115872.2914701093
2019-01-14 18:37:00,676499.0,774562.0870663484,774563.0,0.0,98064.0,98064.0,False,666622.0,26204.93039988365,107940.08706634844
2019-01-14 18:38:00,688717.0,782352.4333804203,782353.0,0.0,93636.0,93636.0,False,676499.0,25698.347386153124,105853.43338042035
2019-01-14 18:39:00,635902.0,794096.5985150778,794097.0,0.0,158195.0,158195.0,False,688717.0,25583.31311107692,105379.5985150778
2019-01-14 18:40:00,685362.0,747415.9346842966,747416.0,0.0,62054.0,62054.0,False,635902.0,27072.563830923555,111513.9346842966
2019-01-14 18:41:00,654032.0,803118.402924265,803119.0,0.0,149087.0,149087.0,False,685362.0,28588.06608960993,117756.40292426496
2019-01-14 18:42:00,645807.0,768717.790596899,768718.0,0.0,122911.0,122911.0,False,654032.0,27842.604560806554,114685.79059689901
2019-01-14 18:43:00,654376.0,759269.8488484048,759270.0,0.0,104894.0,104894.0,False,645807.0,27545.707418388072,113462.84884840487
2019-01-14 18:44:00,648640.0,768052.5694782357,768053.0,0.0,119413.0,119413.0,False,654376.0,27597.59300030624,113676.56947823566
2019-01-14 18:45:00,679323.0,762282.5981573191,762283.0,0.0,82960.0,82960.0,False,648640.0,27589.34568344367,113642.59815731914
2019-01-14 18:46:00,676110.0,793753.8173067301,793754.0,0.0,117644.0,117644.0,False,679323.0,27780.70394997418,114430.81730673007
2019-01-14 18:47:00,648546.0,790167.1570961099,790168.0,0.0,141622.0,141622.0,False,676110.0,27689.989368592684,114057.15709610995
2019-01-14 18:48:00,682131.0,764275.9141465751,764276.0,0.0,82145.0,82145.0,False,648546.0,28096.08948648876,115729.9141465752
2019-01-14 18:49:00,666763.0,800760.5970825956,800761.0,0.0,133998.0,133998.0,False,682131.0,28800.05398740153,118629.59708259553
2019-01-14 18:50:00,692059.0,785436.5554208219,785437.0,0.0,93378.0,93378.0,False,666763.0,28810.7258816442,118673.55542082191
2019-01-14 18:51:00,658736.0,812166.1881139505,812167.0,0.0,153431.0,153431.0,False,692059.0,29158.773080451276,120107.18811395057
2019-01-14 18:52:00,650511.0,779437.1778879702,779438.0,0.0,128927.0,128927.0,False,658736.0,29302.977713868517,120701.17788797023
2019-01-14 18:53:00,648328.0,766961.788960785,766962.0,0.0,118634.0,118634.0,False,650511.0,28271.098371943757,116450.78896078501
2019-01-14 18:54:00,659757.0,764783.9448177211,764784.0,0.0,105027.0,105027.0,False,648328.0,28272.35007440051,116455.94481772115
2019-01-14 18:55:00,660729.0,775621.1025538327,775622.0,0.0,114893.0,114893.0,False,659757.0,28128.666798294078,115864.1025538327
2019-01-14 18:56:00,636298.0,774830.7881141969,774831.0,0.0,138533.0,138533.0,False,660729.0,27700.824571291065,114101.78811419691
2019-01-14 18:57:00,650955.0,751275.4694793986,751276.0,0.0,100321.0,100321.0,False,636298.0,27913.41629556381,114977.4694793986
2019-01-14 18:58:00,658474.0,764160.2736771364,764161.0,0.0,105687.0,105687.0,False,650955.0,27483.175141276985,113205.27367713641
2019-01-14 18:59:00,645765.0,770155.2420526451,770156.0,0.0,124391.0,124391.0,False,658474.0,27113.181529705522,111681.24205264512
2019-01-14 19:00:00,724007.0,756568.0441760335,756569.0,0.0,32562.0,32562.0,False,645765.0,26899.9788646031,110803.04417603351
2019-01-14 19:01:00,682141.0,833105.3032159257,833106.0,0.0,150965.0,150965.0,False,724007.0,26486.113919487798,109098.30321592571
2019-01-14 19:02:00,662056.0,793791.7420915674,793792.0,0.0,131736.0,131736.0,False,682141.0,27105.77696501631,111650.74209156734
2019-01-14 19:03:00,652939.0,774276.4920031247,774277.0,0.0,121338.0,121338.0,False,662056.0,27244.096816180816,112220.49200312473
2019-01-14 19:04:00,616147.0,764184.7060871117,764185.0,0.0,148038.0,148038.0,False,652939.0,27007.44519046731,111245.7060871117
2019-01-14 19:05:00,634508.0,729313.469417894,729314.0,0.0,94806.0,94806.0,False,616147.0,27473.754517852416,113166.46941789398
2019-01-14 19:06:00,674976.0,748587.3932288676,748588.0,0.0,73612.0,73612.0,False,634508.0,27695.38769952897,114079.39322886754
2019-01-14 19:07:00,782503.0,792411.8689141981,792412.0,0.0,9909.0,9909.0,True,674976.0,28510.249111201967,117435.86891419819
2019-01-14 19:08:00,779450.0,924152.280314383,924153.0,0.0,144703.0,144703.0,False,782503.0,34388.60976228771,141649.28031438298
2019-01-14 19:09:00,685776.0,921019.7777852017,921020.0,0.0,235244.0,235244.0,False,779450.0,34369.30870092642,141569.77778520167
2019-01-14 19:10:00,693741.0,839188.5283406548,839189.0,0.0,145448.0,145448.0,False,685776.0,37244.40786457702,153412.52834065477
2019-01-14 19:11:00,680601.0,842849.4487992404,842850.0,0.0,162249.0,162249.0,False,693741.0,36199.49389532111,149108.44879924037
2019-01-14 19:12:00,655545.0,828126.7907425602,828127.0,0.0,172582.0,172582.0,False,680601.0,35815.26737346712,147525.79074256017
2019-01-14 19:13:00,647104.0,804179.3789286099,804180.0,0.0,157076.0,157076.0,False,655545.0,36084.402567324316,148634.37892860983
2019-01-14 19:14:00,645812.0,795736.8967486368,795737.0,0.0,149925.0,149925.0,False,647104.0,36084.0427341605,148632.89674863688
2019-01-14 19:15:00,688770.0,794388.3115679857,794389.0,0.0,105619.0,105619.0,False,645812.0,36070.30538447949,148576.3115679857
2019-01-14 19:16:00,675900.0,839051.8096689503,839052.0,0.0,163152.0,163152.0,False,688770.0,36484.354142893404,150281.8096689503
2019-01-14 19:17:00,659977.0,826479.3577460572,826480.0,0.0,166503.0,166503.0,False,675900.0,36556.59075917863,150579.3577460572
2019-01-14 19:18:00,676001.0,809594.4324264058,809595.0,0.0,133594.0,133594.0,False,659977.0,36323.06133802989,149617.43242640587
2019-01-14 19:19:00,649056.0,823968.6481545136,823969.0,0.0,174913.0,174913.0,False,676001.0,35922.53838872759,147967.64815451353
2019-01-14 19:20:00,680219.0,797939.3975902129,797940.0,0.0,117721.0,117721.0,False,649056.0,36144.857555576906,148883.39759021287
2019-01-14 19:21:00,683428.0,829741.1482588329,829742.0,0.0,146314.0,146314.0,False,680219.0,36299.92892219325,149522.14825883284
2019-01-14 19:22:00,661053.0,830824.8648423136,830825.0,0.0,169772.0,169772.0,False,683428.0,35783.96765586889,147396.86484231355
2019-01-14 19:23:00,664052.0,809309.9263466233,809310.0,0.0,145258.0,145258.0,False,661053.0,35992.76730086273,148256.92634662337
2019-01-14 19:24:00,657863.0,812308.337920785,812309.0,0.0,154446.0,154446.0,False,664052.0,35992.62444700222,148256.33792078495
2019-01-14 19:25:00,663647.0,805958.6571030817,805959.0,0.0,142312.0,142312.0,False,657863.0,35953.61549528699,148095.65710308176
2019-01-14 19:26:00,647101.0,811804.4062432775,811805.0,0.0,164704.0,164704.0,False,663647.0,35968.60651451867,148157.40624327745
2019-01-14 19:27:00,624672.0,794633.515440664,794634.0,0.0,169962.0,169962.0,False,647101.0,35816.8999480792,147532.51544066396
2019-01-14 19:28:00,631523.0,772719.4008658212,772720.0,0.0,141197.0,141197.0,False,624672.0,35941.90018753487,148047.4008658212
2019-01-14 19:29:00,631815.0,779549.8003615653,779550.0,0.0,147735.0,147735.0,False,631523.0,35936.89894291021,148026.80036156537
2019-01-14 19:30:00,698503.0,779567.015375915,779568.0,0.0,81065.0,81065.0,False,631815.0,35870.18858886467,147752.01537591498
2019-01-14 19:31:00,662179.0,842984.9125970718,842985.0,0.0,180806.0,180806.0,False,698503.0,35076.29618013078,144481.91259707187
2019-01-14 19:32:00,658495.0,805826.833108004,805827.0,0.0,147332.0,147332.0,False,662179.0,34873.80426491156,143647.833108004
2019-01-14 19:33:00,650494.0,801398.8067841664,801399.0,0.0,150905.0,150905.0,False,658495.0,34693.17481980225,142903.8067841664
2019-01-14 19:34:00,638613.0,793360.4414112216,793361.0,0.0,154748.0,154748.0,False,650494.0,34684.1035190094,142866.44141122157
2019-01-14 19:35:00,627384.0,779025.5381532456,779026.0,0.0,151642.0,151642.0,False,638613.0,34088.3622533591,140412.53815324552
2019-01-14 19:36:00,637582.0,767401.4480814622,767402.0,0.0,129820.0,129820.0,False,627384.0,33992.44508195267,140017.44808146218
2019-01-14 19:37:00,622451.0,774374.1993837439,774375.0,0.0,151924.0,151924.0,False,637582.0,33209.44202958278,136792.19938374392
2019-01-14 19:38:00,615976.0,731290.311832809,731291.0,0.0,115315.0,115315.0,False,622451.0,26423.237824487325,108839.311832809
2019-01-14 19:39:00,620173.0,724804.1425947321,724805.0,0.0,104632.0,104632.0,False,615976.0,26420.526235916474,108828.14259473207
2019-01-14 19:40:00,649887.0,705692.0440618723,705693.0,0.0,55806.0,55806.0,False,620173.0,20761.70826255162,85519.04406187232
2019-01-14 19:41:00,626528.0,738328.226366368,738329.0,0.0,111801.0,111801.0,False,649887.0,21471.135000905197,88441.22636636799
2019-01-14 19:42:00,616599.0,716048.5521405956,716049.0,0.0,99450.0,99450.0,False,626528.0,21733.16607352283,89520.55214059564
2019-01-14 19:43:00,634251.0,704582.8142009608,704583.0,0.0,70332.0,70332.0,False,616599.0,21360.087712688837,87983.8142009608
2019-01-14 19:44:00,638098.0,723147.3428572637,723148.0,0.0,85050.0,85050.0,False,634251.0,21581.624961511137,88896.34285726375
2019-01-14 19:45:00,659298.0,727047.3012258247,727048.0,0.0,67750.0,67750.0,False,638098.0,21594.481819421388,88949.30122582475
2019-01-14 19:46:00,645723.0,743602.4045255969,743603.0,0.0,97880.0,97880.0,False,659298.0,20466.826672457293,84304.40452559688
2019-01-14 19:47:00,649118.0,730085.2189324889,730086.0,0.0,80968.0,80968.0,False,645723.0,20480.86244498531,84362.21893248896
2019-01-14 19:48:00,644796.0,732754.4406298662,732755.0,0.0,87959.0,87959.0,False,649118.0,20304.663125317504,83636.44062986624
2019-01-14 19:49:00,634203.0,727526.0828763312,727527.0,0.0,93324.0,93324.0,False,644796.0,20084.62400459509,82730.08287633122
2019-01-14 19:50:00,651809.0,714895.7030829317,714896.0,0.0,63087.0,63087.0,False,634203.0,19590.003357760266,80692.70308293166
2019-01-14 19:51:00,632039.0,730079.8713557295,730080.0,0.0,98041.0,98041.0,False,651809.0,19002.04819136734,78270.87135572954
2019-01-14 19:52:00,639584.0,711455.5410772278,711456.0,0.0,71872.0,71872.0,False,632039.0,19280.18577795888,79416.54107722775
2019-01-14 19:53:00,630248.0,717668.1612077069,717669.0,0.0,87421.0,87421.0,False,639584.0,18956.720023057827,78084.16120770684
2019-01-14 19:54:00,644150.0,708532.6799698613,708533.0,0.0,64383.0,64383.0,False,630248.0,19005.400548976777,78284.67996986124
2019-01-14 19:55:00,647429.0,723106.4980333318,723107.0,0.0,75678.0,75678.0,False,644150.0,19168.499783682866,78956.49803333178
2019-01-14 19:56:00,634617.0,726295.1861797521,726296.0,0.0,91679.0,91679.0,False,647429.0,19146.574511046347,78866.18617975213
2019-01-14 19:57:00,642185.0,713102.0148622787,713103.0,0.0,70918.0,70918.0,False,634617.0,19054.036436302325,78485.01486227875
2019-01-14 19:58:00,638503.0,719028.5780999719,719029.0,0.0,80526.0,80526.0,False,642185.0,18655.540036298302,76843.57809997193
2019-01-14 19:59:00,633430.0,715255.3365590539,715256.0,0.0,81826.0,81826.0,False,638503.0,18633.389060749567,76752.33655905389
2019-01-14 20:00:00,729691.0,710282.4372379219,710283.0,19408.0,0.0,194080.0,False,633430.0,18657.690795109902,76852.43723792193
2019-01-14 20:01:00,660045.0,822499.2877105613,822500.0,0.0,162455.0,162455.0,False,729691.0,22531.33924649067,92808.28771056132
2019-01-14 20:02:00,664402.0,763140.5614373961,763141.0,0.0,98739.0,98739.0,False,660045.0,25028.810754463004,103095.56143739614
2019-01-14 20:03:00,647707.0,767509.6302758633,767510.0,0.0,119803.0,119803.0,False,664402.0,25031.740741649737,103107.6302758633
2019-01-14 20:04:00,648382.0,751404.2727203588,751405.0,0.0,103023.0,103023.0,False,647707.0,25174.88996117302,103697.27272035884
2019-01-14 20:05:00,653859.0,751686.869416648,751687.0,0.0,97828.0,97828.0,False,648382.0,25079.625064303837,103304.86941664803
2019-01-14 20:06:00,705258.0,756845.0916015814,756846.0,0.0,51588.0,51588.0,False,653859.0,25002.23444248867,102986.09160158139
2019-01-14 20:07:00,728414.0,814657.797027547,814658.0,0.0,86244.0,86244.0,False,705258.0,26559.308453272777,109399.797027547
2019-01-14 20:08:00,720235.0,838034.9622139964,838035.0,0.0,117800.0,117800.0,False,728414.0,26613.001371958508,109620.96221399642
2019-01-14 20:09:00,723023.0,829951.1370789208,829952.0,0.0,106929.0,106929.0,False,720235.0,26636.10725207169,109716.1370789208
2019-01-14 20:10:00,709796.0,832738.8415936407,832739.0,0.0,122943.0,122943.0,False,723023.0,26636.035516246684,109715.84159364077
2019-01-14 20:11:00,682163.0,818280.6758984956,818281.0,0.0,136118.0,136118.0,False,709796.0,26337.14182226466,108484.67589849565
2019-01-14 20:12:00,647469.0,791256.9622011473,791257.0,0.0,143788.0,143788.0,False,682163.0,26485.060038643103,109093.96220114728
2019-01-14 20:13:00,636998.0,759571.0624279183,759572.0,0.0,122574.0,122574.0,False,647469.0,27215.345322088866,112102.06242791828
2019-01-14 20:14:00,624944.0,748669.3026101066,748670.0,0.0,123726.0,123726.0,False,636998.0,27110.768502191724,111671.3026101067
2019-01-14 20:15:00,676927.0,736931.3448033751,736932.0,0.0,60005.0,60005.0,False,624944.0,27187.494989107883,111987.3448033751
2019-01-14 20:16:00,667837.0,794454.2581009719,794455.0,0.0,126618.0,126618.0,False,676927.0,28532.435931166594,117527.2581009719
2019-01-14 20:17:00,672120.0,785105.09257554,785106.0,0.0,112986.0,112986.0,False,667837.0,28469.51755912731,117268.09257553997
2019-01-14 20:18:00,652397.0,789401.3126190993,789402.0,0.0,137005.0,137005.0,False,672120.0,28472.727027738754,117281.3126190993
2019-01-14 20:19:00,635836.0,770605.4085166756,770606.0,0.0,134770.0,134770.0,False,652397.0,28697.800808298813,118208.40851667561
2019-01-14 20:20:00,660339.0,754435.8251419419,754436.0,0.0,94097.0,94097.0,False,635836.0,28792.826166358373,118599.82514194188
2019-01-14 20:21:00,642079.0,779623.7439748856,779624.0,0.0,137545.0,137545.0,False,660339.0,28959.105913157404,119284.74397488552
2019-01-14 20:22:00,642855.0,761225.3138420995,761226.0,0.0,118371.0,118371.0,False,642079.0,28925.49882524876,119146.31384209947
2019-01-14 20:23:00,643858.0,761874.6944062904,761875.0,0.0,118017.0,118017.0,False,642855.0,28894.759054762857,119019.69440629045
2019-01-14 20:24:00,639810.0,762658.9749998542,762659.0,0.0,122849.0,122849.0,False,643858.0,28841.65990523891,118800.97499985427
2019-01-14 20:25:00,658640.0,758202.4524940746,758203.0,0.0,99563.0,99563.0,False,639810.0,28742.48170257393,118392.4524940746
2019-01-14 20:26:00,641121.0,777842.3801682517,777843.0,0.0,136722.0,136722.0,False,658640.0,28939.11021110668,119202.38016825174
2019-01-14 20:27:00,621717.0,760668.1588954837,760669.0,0.0,138952.0,138952.0,False,641121.0,29022.81315035778,119547.15889548366
2019-01-14 20:28:00,627626.0,741987.4135486428,741988.0,0.0,114362.0,114362.0,False,621717.0,29198.399796269765,120270.41354864283
2019-01-14 20:29:00,605169.0,747970.1719280895,747971.0,0.0,142802.0,142802.0,False,627626.0,29216.306333612283,120344.17192808949
2019-01-14 20:30:00,652512.0,726579.7062608311,726580.0,0.0,74068.0,74068.0,False,605169.0,29475.23199059642,121410.70626083107
2019-01-14 20:31:00,624649.0,755809.4791499162,755810.0,0.0,131161.0,131161.0,False,652512.0,25077.83090765076,103297.47914991621
2019-01-14 20:32:00,607889.0,716599.1545492327,716600.0,0.0,108711.0,108711.0,False,624649.0,22323.0077509581,91950.15454923271
2019-01-14 20:33:00,632286.0,700443.6877120608,700444.0,0.0,68158.0,68158.0,False,607889.0,22469.772033690177,92554.68771206075
2019-01-14 20:34:00,615967.0,726100.1207362034,726101.0,0.0,110134.0,110134.0,False,632286.0,22775.52826974626,93814.12073620339
2019-01-14 20:35:00,630576.0,710498.0547812782,710499.0,0.0,79923.0,79923.0,False,615967.0,22949.580443161172,94531.05478127822
2019-01-14 20:36:00,644715.0,725704.58149754,725705.0,0.0,80990.0,80990.0,False,630576.0,23094.64375038352,95128.58149754006
2019-01-14 20:37:00,629121.0,731947.4482158121,731948.0,0.0,102827.0,102827.0,False,644715.0,21177.676396552342,87232.44821581214
2019-01-14 20:38:00,621777.0,714718.9735466656,714719.0,0.0,92942.0,92942.0,False,629121.0,20780.870204252067,85597.97354666561
2019-01-14 20:39:00,613424.0,707350.3331077674,707351.0,0.0,93927.0,93927.0,False,621777.0,20774.888172887262,85573.33310776738
2019-01-14 20:40:00,640169.0,698946.8720235467,698947.0,0.0,58778.0,58778.0,False,613424.0,20762.637587994817,85522.87202354675
2019-01-14 20:41:00,611936.0,728230.4153434122,728231.0,0.0,116295.0,116295.0,False,640169.0,21378.927168836784,88061.41534341226
2019-01-14 20:42:00,617117.0,700096.0152186353,700097.0,0.0,82980.0,82980.0,False,611936.0,21402.86454871002,88160.01521863531
2019-01-14 20:43:00,621267.0,701865.0265289904,701866.0,0.0,80599.0,80599.0,False,617117.0,20574.526082738827,84748.02652899036
2019-01-14 20:44:00,626651.0,705781.2677274498,705782.0,0.0,79131.0,79131.0,False,621267.0,20517.775775311657,84514.2677274498
2019-01-14 20:45:00,640017.0,710802.5933747513,710803.0,0.0,70786.0,70786.0,False,626651.0,20429.728262764747,84151.59337475123
2019-01-14 20:46:00,633376.0,715041.1750316235,715042.0,0.0,81666.0,81666.0,False,640017.0,18213.838236057036,75024.1750316235
2019-01-14 20:47:00,655904.0,708276.8252973184,708277.0,0.0,52373.0,52373.0,False,633376.0,18183.89226056119,74900.82529731844
2019-01-14 20:48:00,643601.0,732742.9032132445,732743.0,0.0,89142.0,89142.0,False,655904.0,18654.40510038479,76838.9032132445
2019-01-14 20:49:00,623391.0,719583.3678759596,719584.0,0.0,96193.0,96193.0,False,643601.0,18446.461513265058,75982.36787595956
2019-01-14 20:50:00,649571.0,699861.5454647712,699862.0,0.0,50291.0,50291.0,False,623391.0,18564.977813235513,76470.54546477122
2019-01-14 20:51:00,640909.0,726359.9845142987,726360.0,0.0,85451.0,85451.0,False,649571.0,18642.286191950683,76788.98451429875
2019-01-14 20:52:00,658850.0,716754.693070824,716755.0,0.0,57905.0,57905.0,False,640909.0,18413.28057138022,75845.69307082408
2019-01-14 20:53:00,636102.0,735853.0732098058,735854.0,0.0,99752.0,99752.0,False,658850.0,18694.261130248757,77003.07320980572
2019-01-14 20:54:00,621152.0,715002.2804672492,715003.0,0.0,93851.0,93851.0,False,636102.0,19154.851680865053,78900.28046724919
2019-01-14 20:55:00,642066.0,700757.0378924096,700758.0,0.0,58692.0,58692.0,False,621152.0,19325.947700676294,79605.03789240964
2019-01-14 20:56:00,627550.0,721973.3810256552,721974.0,0.0,94424.0,94424.0,False,642066.0,19399.34842675419,79907.38102565515
2019-01-14 20:57:00,624159.0,707126.9356255201,707127.0,0.0,82968.0,82968.0,False,627550.0,19319.125231212598,79576.93562552013
2019-01-14 20:58:00,629443.0,702449.5475638106,702450.0,0.0,73007.0,73007.0,False,624159.0,19006.825041908327,78290.54756381057
2019-01-14 20:59:00,627116.0,707708.5963864933,707709.0,0.0,80593.0,80593.0,False,629443.0,19000.767571669367,78265.59638649327
2019-01-14 21:00:00,713622.0,703498.7642870055,703499.0,10123.0,0.0,101230.0,False,627116.0,18543.66692016243,76382.76428700551
2019-01-14 21:01:00,682471.0,807097.2787875242,807098.0,0.0,124627.0,124627.0,False,713622.0,22693.26661957508,93475.27878752422
2019-01-14 21:02:00,665548.0,776570.6271066301,776571.0,0.0,111023.0,111023.0,False,682471.0,22844.841485707966,94099.6271066301
2019-01-14 21:03:00,647485.0,759666.009899356,759667.0,0.0,112182.0,112182.0,False,665548.0,22849.304330023104,94118.00989935607
2019-01-14 21:04:00,656537.0,741103.4643355212,741104.0,0.0,84567.0,84567.0,False,647485.0,22728.028193532544,93618.46433552128
2019-01-14 21:05:00,658689.0,749453.4684921564,749454.0,0.0,90765.0,90765.0,False,656537.0,22557.602611004717,92916.4684921563
2019-01-14 21:06:00,650743.0,751055.2027663495,751056.0,0.0,100313.0,100313.0,False,658689.0,22424.01299255886,92366.2027663496
2019-01-14 21:07:00,671512.0,742766.784742098,742767.0,0.0,71255.0,71255.0,False,650743.0,22340.883168069606,92023.78474209794
2019-01-14 21:08:00,746368.0,763932.837301982,763933.0,0.0,17565.0,17565.0,False,671512.0,22437.27677844776,92420.837301982
2019-01-14 21:09:00,755706.0,853239.0193160318,853240.0,0.0,97534.0,97534.0,False,746368.0,25945.38969771074,106871.01931603189
2019-01-14 21:10:00,721742.0,862206.0708037964,862207.0,0.0,140465.0,140465.0,False,755706.0,25855.333443271225,106500.07080379644
2019-01-14 21:11:00,634048.0,830582.8234740138,830583.0,0.0,196535.0,196535.0,False,721742.0,26423.60481004049,108840.82347401379
2019-01-14 21:12:00,653608.0,759988.5775899115,759989.0,0.0,106381.0,106381.0,False,634048.0,30574.962092037014,125940.57758991153
2019-01-14 21:13:00,651736.0,780282.1554444206,780283.0,0.0,128547.0,128547.0,False,653608.0,30753.05493171105,126674.15544442068
2019-01-14 21:14:00,647479.0,778409.5370580886,778410.0,0.0,130931.0,130931.0,False,651736.0,30752.904804253925,126673.53705808858
2019-01-14 21:15:00,648939.0,774165.0816631657,774166.0,0.0,125227.0,125227.0,False,647479.0,30755.950294691007,126686.08166316565
2019-01-14 21:16:00,637511.0,775256.8890859338,775257.0,0.0,137746.0,137746.0,False,648939.0,30666.563106646732,126317.88908593377
2019-01-14 21:17:00,660161.0,764027.031493989,764028.0,0.0,103867.0,103867.0,False,637511.0,30714.66671813598,126516.0314939891
2019-01-14 21:18:00,645540.0,786689.2740215256,786690.0,0.0,141150.0,141150.0,False,660161.0,30717.638872325693,126528.27402152558
2019-01-14 21:19:00,648124.0,772208.746557911,772209.0,0.0,124085.0,124085.0,False,645540.0,30751.741800525233,126668.74655791103
2019-01-14 21:20:00,675828.0,773847.0564850788,773848.0,0.0,98020.0,98020.0,False,648124.0,30522.153857695437,125723.0564850787
2019-01-14 21:21:00,655098.0,801729.8080303263,801730.0,0.0,146632.0,146632.0,False,675828.0,30565.54989274963,125901.80803032625
2019-01-14 21:22:00,644619.0,781830.2863167316,781831.0,0.0,137212.0,137212.0,False,655098.0,30767.167533473694,126732.28631673162
2019-01-14 21:23:00,639264.0,770877.1153055165,770878.0,0.0,131614.0,131614.0,False,644619.0,30652.051651281603,126258.11530551653
2019-01-14 21:24:00,619322.0,764437.0730930327,764438.0,0.0,145116.0,145116.0,False,639264.0,30388.6327822418,125173.07309303267
2019-01-14 21:25:00,638808.0,744888.4493882093,744889.0,0.0,106081.0,106081.0,False,619322.0,30484.133895092757,125566.44938820922
2019-01-14 21:26:00,627354.0,764243.9136663085,764244.0,0.0,136890.0,136890.0,False,638808.0,30452.44335638673,125435.91366630846
2019-01-14 21:27:00,634318.0,752611.3129727917,752612.0,0.0,118294.0,118294.0,False,627354.0,30409.083944048096,125257.3129727917
2019-01-14 21:28:00,622513.0,759651.0537251221,759652.0,0.0,137139.0,137139.0,False,634318.0,30427.471747849246,125333.05372512217
2019-01-14 21:29:00,632693.0,748101.3715598772,748102.0,0.0,115409.0,115409.0,False,622513.0,30489.456004777727,125588.37155987715
2019-01-14 21:30:00,749223.0,758503.5953454836,758504.0,0.0,9281.0,9281.0,False,632693.0,30543.40592267466,125810.59534548366
2019-01-14 21:31:00,683293.0,887976.8191323532,887977.0,0.0,204684.0,204684.0,False,749223.0,33685.6701889296,138753.81913235315
2019-01-14 21:32:00,650097.0,828847.2744045713,828848.0,0.0,178751.0,178751.0,False,683293.0,35336.63659019309,145554.27440457125
2019-01-14 21:33:00,647019.0,797211.9943783511,797212.0,0.0,150193.0,150193.0,False,650097.0,35715.53713954572,147114.99437835114
2019-01-14 21:34:00,626563.0,793539.135277476,793540.0,0.0,166977.0,166977.0,False,647019.0,35571.121457107125,146520.13527747607
2019-01-14 21:35:00,641004.0,773673.6138933897,773674.0,0.0,132670.0,132670.0,False,626563.0,35714.47367640935,147110.6138933897
2019-01-14 21:36:00,638907.0,788543.4793912051,788544.0,0.0,149637.0,149637.0,False,641004.0,35818.590606704725,147539.47939120512
2019-01-14 21:37:00,632517.0,786344.8896538588,786345.0,0.0,153828.0,153828.0,False,638907.0,35793.927369265744,147437.88965385885
2019-01-14 21:38:00,627948.0,779115.2398672785,779116.0,0.0,151168.0,151168.0,False,632517.0,35590.08313663981,146598.23986727846
2019-01-14 21:39:00,639289.0,762477.1140973982,762478.0,0.0,123189.0,123189.0,False,627948.0,32660.02620058464,134529.11409739824
2019-01-14 21:40:00,660362.0,773938.0831732886,773939.0,0.0,113577.0,113577.0,False,639289.0,32689.151443756935,134649.0831732886
2019-01-14 21:41:00,629310.0,794203.6818844568,794204.0,0.0,164894.0,164894.0,False,660362.0,32493.13627317801,133841.6818844568
2019-01-14 21:42:00,625209.0,748390.8069553702,748391.0,0.0,123182.0,123182.0,False,629310.0,28909.595526908834,119080.8069553702
2019-01-14 21:43:00,633703.0,743355.4763556268,743356.0,0.0,109653.0,109653.0,False,625209.0,28682.765356559725,118146.47635562679
2019-01-14 21:44:00,618526.0,752051.999425006,752052.0,0.0,133526.0,133526.0,False,633703.0,28731.932474001376,118348.999425006
2019-01-14 21:45:00,630324.0,737340.2902699271,737341.0,0.0,107017.0,107017.0,False,618526.0,28844.892492269355,118814.29026992717
2019-01-14 21:46:00,626136.0,749502.951336863,749503.0,0.0,123367.0,123367.0,False,630324.0,28933.422325237967,119178.95133686301
2019-01-14 21:47:00,646299.0,745063.5984282335,745064.0,0.0,98765.0,98765.0,False,626136.0,28872.400645012753,118927.5984282335
2019-01-14 21:48:00,622032.0,764968.1702458652,764969.0,0.0,142937.0,142937.0,False,646299.0,28809.661279903976,118669.17024586524
2019-01-14 21:49:00,614926.0,741563.2738864949,741564.0,0.0,126638.0,126638.0,False,622032.0,29018.956700300478,119531.27388649489
2019-01-14 21:50:00,630777.0,734517.5900636791,734518.0,0.0,103741.0,103741.0,False,614926.0,29033.599834913926,119591.59006367913
2019-01-14 21:51:00,641511.0,749067.6979629658,749068.0,0.0,107557.0,107557.0,False,630777.0,28717.778457671615,118290.69796296587
2019-01-14 21:52:00,636468.0,759195.2998229336,759196.0,0.0,122728.0,122728.0,False,641511.0,28570.56140897313,117684.29982293358
2019-01-14 21:53:00,619147.0,753958.8574232957,753959.0,0.0,134812.0,134812.0,False,636468.0,28523.598832263506,117490.8574232957
2019-01-14 21:54:00,633728.0,737262.1314399916,737263.0,0.0,103535.0,103535.0,False,619147.0,28675.155659783188,118115.13143999169
2019-01-14 21:55:00,629719.0,751414.9943961874,751415.0,0.0,121696.0,121696.0,False,633728.0,28571.215578397045,117686.9943961874
2019-01-14 21:56:00,622534.0,746539.0672864071,746540.0,0.0,124006.0,124006.0,False,629719.0,28360.749150297896,116820.06728640707
2019-01-14 21:57:00,638027.0,739166.0967919246,739167.0,0.0,101140.0,101140.0,False,622534.0,28315.11500399487,116632.09679192452
2019-01-14 21:58:00,618927.0,755123.3256916343,755124.0,0.0,136197.0,136197.0,False,638027.0,28427.81721072028,117096.32569163434
2019-01-14 21:59:00,624671.0,736566.5889901457,736567.0,0.0,111896.0,111896.0,False,618927.0,28559.70682942655,117639.58899014573
2019-01-14 22:00:00,726231.0,742136.5339876506,742137.0,0.0,15906.0,15906.0,False,624671.0,28517.45098778238,117465.5339876507
2019-01-14 22:01:00,651412.0,835514.834631868,835515.0,0.0,184103.0,184103.0,False,726231.0,26531.15592356523,109283.83463186806
2019-01-14 22:02:00,652930.0,763845.7256593487,763846.0,0.0,110916.0,110916.0,False,651412.0,27295.864174093225,112433.72565934864
2019-01-14 22:03:00,642876.0,762649.7506576906,762650.0,0.0,119774.0,119774.0,False,652930.0,26636.984531150574,109719.75065769056
2019-01-14 22:04:00,634330.0,752830.8163734885,752831.0,0.0,118501.0,118501.0,False,642876.0,26694.052121971552,109954.81637348847
2019-01-14 22:05:00,647171.0,743389.1395185023,743390.0,0.0,96219.0,96219.0,False,634330.0,26476.606034205546,109059.13951850228
2019-01-14 22:06:00,722589.0,756118.8263119515,756119.0,0.0,33530.0,33530.0,False,647171.0,26449.58220173023,108947.82631195147
2019-01-14 22:07:00,725084.0,844870.1339436469,844871.0,0.0,119787.0,119787.0,False,722589.0,29686.54826304209,122281.13394364693
2019-01-14 22:08:00,727419.0,847164.2264053992,847165.0,0.0,119746.0,119746.0,False,725084.0,29637.773352814736,122080.2264053992
2019-01-14 22:09:00,694547.0,849361.0527301314,849362.0,0.0,154815.0,154815.0,False,727419.0,29604.22852584732,121942.05273013141
2019-01-14 22:10:00,661817.0,819195.367889038,819196.0,0.0,157379.0,157379.0,False,694547.0,30261.248566378763,124648.3678890381
2019-01-14 22:11:00,648076.0,788108.1227269238,788109.0,0.0,140033.0,140033.0,False,661817.0,30660.06495944325,126291.12272692383
2019-01-14 22:12:00,636912.0,772592.293168377,772593.0,0.0,135681.0,135681.0,False,648076.0,30229.18440044587,124516.29316837706
2019-01-14 22:13:00,628149.0,761689.1654106199,761690.0,0.0,133541.0,133541.0,False,636912.0,30292.517117113355,124777.16541061996
2019-01-14 22:14:00,627421.0,752944.7004701295,752945.0,0.0,125524.0,125524.0,False,628149.0,30297.016927680543,124795.70047012946
2019-01-14 22:15:00,653408.0,751691.2088946135,751692.0,0.0,98284.0,98284.0,False,627421.0,30169.441802105048,124270.20889461358
2019-01-14 22:16:00,637563.0,778858.1689267572,778859.0,0.0,141296.0,141296.0,False,653408.0,30455.904147627894,125450.16892675713
2019-01-14 22:17:00,639372.0,763568.5594928678,763569.0,0.0,124197.0,124197.0,False,637563.0,30590.737938532067,126005.5594928678
2019-01-14 22:18:00,627615.0,764475.4875583987,764476.0,0.0,136861.0,136861.0,False,639372.0,30371.739298629916,125103.48755839875
2019-01-14 22:19:00,623973.0,751696.926222317,751697.0,0.0,127724.0,127724.0,False,627615.0,30123.731867481754,124081.92622231702
2019-01-14 22:20:00,638312.0,747966.1959594811,747967.0,0.0,109655.0,109655.0,False,623973.0,30102.1905622524,123993.19595948106
2019-01-14 22:21:00,625041.0,762202.9562918649,762203.0,0.0,137162.0,137162.0,False,638312.0,30077.36953934232,123890.95629186486
2019-01-14 22:22:00,619713.0,749054.5821064771,749055.0,0.0,129342.0,129342.0,False,625041.0,30107.139766738645,124013.58210647716
2019-01-14 22:23:00,614103.0,743732.6019947308,743733.0,0.0,129630.0,129630.0,False,619713.0,30108.60123260354,124019.6019947308
2019-01-14 22:24:00,616165.0,737528.2658087928,737529.0,0.0,121364.0,121364.0,False,614103.0,29964.31249975246,123425.26580879276
2019-01-14 22:25:00,616171.0,739090.2797338406,739091.0,0.0,122920.0,122920.0,False,616165.0,29842.92941909053,122925.27973384067
2019-01-14 22:26:00,625452.0,739068.8824652927,739069.0,0.0,113617.0,113617.0,False,616171.0,29836.278104134628,122897.88246529273
2019-01-14 22:27:00,635677.0,748442.6835808912,748443.0,0.0,112766.0,112766.0,False,625452.0,29858.807702186517,122990.68358089124
2019-01-14 22:28:00,636054.0,758356.0173331298,758357.0,0.0,122303.0,122303.0,False,635677.0,29783.143576350107,122679.01733312981
2019-01-14 22:29:00,617821.0,757867.2756278252,757868.0,0.0,140047.0,140047.0,False,636054.0,29572.96493235995,121813.27562782518
2019-01-14 22:30:00,677698.0,740346.4077089671,740347.0,0.0,62649.0,62649.0,False,617821.0,29745.851318956797,122525.40770896716
2019-01-14 22:31:00,647610.0,783354.0684540556,783355.0,0.0,135745.0,135745.0,False,677698.0,25650.432526166143,105656.0684540556
2019-01-14 22:32:00,626252.0,740094.5708323527,740095.0,0.0,113843.0,113843.0,False,647610.0,22452.749553881767,92484.57083235278
2019-01-14 22:33:00,623358.0,720043.9816159995,720044.0,0.0,96686.0,96686.0,False,626252.0,22770.15349083117,93791.98161599951
2019-01-14 22:34:00,613736.0,716903.3882184274,716904.0,0.0,103168.0,103168.0,False,623358.0,22710.28729101537,93545.38821842738
2019-01-14 22:35:00,626600.0,707336.1174463423,707337.0,0.0,80737.0,80737.0,False,613736.0,22723.574065626428,93600.11744634224
2019-01-14 22:36:00,612123.0,720201.9989217762,720202.0,0.0,108079.0,108079.0,False,626600.0,22724.030836916263,93601.99892177613
2019-01-14 22:37:00,604535.0,685885.9085247109,685886.0,0.0,81351.0,81351.0,False,612123.0,17907.6368800304,73762.9085247109
2019-01-14 22:38:00,604385.0,678197.0479756034,678198.0,0.0,73813.0,73813.0,False,604535.0,17883.150669751245,73662.04797560337
2019-01-14 22:39:00,607582.0,677948.681968465,677949.0,0.0,70367.0,70367.0,False,604385.0,17859.270066716414,73563.68196846495
2019-01-14 22:40:00,641559.0,677931.5813599521,677932.0,0.0,36373.0,36373.0,False,607582.0,17078.97346854402,70349.58135995208
2019-01-14 22:41:00,623349.0,713189.636909556,713190.0,0.0,89841.0,89841.0,False,641559.0,17389.979068299748,71630.636909556
2019-01-14 22:42:00,595166.0,695514.8773736036,695515.0,0.0,100349.0,100349.0,False,623349.0,17519.92096003592,72165.87737360358
2019-01-14 22:43:00,623969.0,669767.0153059616,669768.0,0.0,45799.0,45799.0,False,595166.0,18111.10651274289,74601.01530596155
2019-01-14 22:44:00,616972.0,701580.8671836902,701581.0,0.0,84609.0,84609.0,False,623969.0,18842.059822533534,77611.86718369019
2019-01-14 22:45:00,638137.0,694749.0014469811,694750.0,0.0,56613.0,56613.0,False,616972.0,18882.1499502496,77777.00144698106
2019-01-14 22:46:00,623340.0,715067.711528066,715068.0,0.0,91728.0,91728.0,False,638137.0,18676.693673290494,76930.71152806595
2019-01-14 22:47:00,645070.0,700156.3744226291,700157.0,0.0,55087.0,55087.0,False,623340.0,18648.935720045072,76816.37442262919
2019-01-14 22:48:00,629597.0,723613.9960360083,723614.0,0.0,94017.0,94017.0,False,645070.0,19068.355468225454,78543.99603600838
2019-01-14 22:49:00,599110.0,708507.863696599,708508.0,0.0,109398.0,109398.0,False,629597.0,19157.42100238457,78910.86369659902
2019-01-14 22:50:00,639246.0,681167.9451281404,681168.0,0.0,41922.0,41922.0,False,599110.0,19921.44715909516,82057.94512814042
2019-01-14 22:51:00,604252.0,726078.7100160556,726079.0,0.0,121827.0,121827.0,False,639246.0,21080.63078553337,86832.7100160556
2019-01-14 22:52:00,611750.0,694389.4243017792,694390.0,0.0,82640.0,82640.0,False,604252.0,21882.92593094732,90137.42430177929
2019-01-14 22:53:00,606205.0,702013.2164949871,702014.0,0.0,95809.0,95809.0,False,611750.0,21913.464869329247,90263.2164949871
2019-01-14 22:54:00,605963.0,696466.0525905059,696467.0,0.0,90504.0,90504.0,False,606205.0,21912.93953191418,90261.0525905059
2019-01-14 22:55:00,615895.0,696206.5587331133,696207.0,0.0,80312.0,80312.0,False,605963.0,21908.69249702791,90243.55873311333
2019-01-14 22:56:00,613157.0,706457.9613230507,706458.0,0.0,93301.0,93301.0,False,615895.0,21986.234797264395,90562.9613230507
2019-01-14 22:57:00,607959.0,703458.305796079,703459.0,0.0,95500.0,95500.0,False,613157.0,21922.711920274087,90301.30579607897
2019-01-14 22:58:00,625235.0,697952.573424763,697953.0,0.0,72718.0,72718.0,False,607959.0,21848.002833119383,89993.573424763
2019-01-14 22:59:00,611442.0,716228.6093755306,716229.0,0.0,104787.0,104787.0,False,625235.0,22090.784483565327,90993.60937553062
2019-01-14 23:00:00,711484.0,702000.5804610362,702001.0,9483.0,0.0,94830.0,False,611442.0,21985.17124258975,90558.58046103621
2019-01-14 23:01:00,645106.0,820170.5924479413,820171.0,0.0,175065.0,175065.0,False,711484.0,26386.161693089452,108686.59244794135
2019-01-14 23:02:00,652371.0,762639.2269337876,762640.0,0.0,110269.0,110269.0,False,645106.0,28533.8850021536,117533.22693378756
2019-01-14 23:03:00,651248.0,768874.9878313422,768875.0,0.0,117627.0,117627.0,False,652371.0,28284.01361722651,116503.9878313422
2019-01-14 23:04:00,629553.0,767726.9789593703,767727.0,0.0,138174.0,138174.0,False,651248.0,28277.94214028762,116478.97895937024
2019-01-14 23:05:00,637780.0,746988.6534359329,746989.0,0.0,109209.0,109209.0,False,629553.0,28510.196798913763,117435.65343593294
2019-01-14 23:06:00,652740.0,754989.9891489963,754990.0,0.0,102250.0,102250.0,False,637780.0,28455.411620453815,117209.98914899636
2019-01-14 23:07:00,676817.0,769861.638455355,769862.0,0.0,93045.0,93045.0,False,652740.0,28433.96246434714,117121.63845535497
2019-01-14 23:08:00,684261.0,794907.5399398628,794908.0,0.0,110647.0,110647.0,False,676817.0,28669.185509426436,118090.53993986278
2019-01-14 23:09:00,686833.0,802391.9404215135,802392.0,0.0,115559.0,115559.0,False,684261.0,28678.99365243016,118130.94042151357
2019-01-14 23:10:00,667390.0,804963.2450756694,804964.0,0.0,137574.0,137574.0,False,686833.0,28678.824841287347,118130.24507566931
2019-01-14 23:11:00,637495.0,784101.0797306466,784102.0,0.0,146607.0,146607.0,False,667390.0,28334.289922861823,116711.07973064654
2019-01-14 23:12:00,658949.0,755597.444328921,755598.0,0.0,96649.0,96649.0,False,637495.0,28672.075572749567,118102.44432892108
2019-01-14 23:13:00,620860.0,775937.733740605,775938.0,0.0,155078.0,155078.0,False,658949.0,28401.696798323537,116988.73374060492
2019-01-14 23:14:00,609331.0,739663.110093546,739664.0,0.0,130333.0,130333.0,False,620860.0,28842.178248174423,118803.11009354601
2019-01-14 23:15:00,630045.0,728329.9276985709,728330.0,0.0,98285.0,98285.0,False,609331.0,28889.71746043757,118998.92769857091
2019-01-14 23:16:00,604802.0,748998.474366793,748999.0,0.0,144197.0,144197.0,False,630045.0,28878.682622241155,118953.47436679297
2019-01-14 23:17:00,535995.0,724723.7851125419,724724.0,0.0,188729.0,188729.0,False,604802.0,29113.76225194546,119921.78511254181
2019-01-14 23:18:00,567885.0,664734.8839614956,664735.0,0.0,96850.0,96850.0,False,535995.0,31254.557881043747,128739.88396149557
2019-01-14 23:19:00,591624.0,698904.8709458858,698905.0,0.0,107281.0,107281.0,False,567885.0,31808.076984672596,131019.87094588573
2019-01-14 23:20:00,633844.0,722123.032993546,722124.0,0.0,88280.0,88280.0,False,591624.0,31681.631632796143,130499.03299354605
2019-01-14 23:21:00,622058.0,764716.3456713613,764717.0,0.0,142659.0,142659.0,False,633844.0,31772.261842622902,130872.34567136125
2019-01-14 23:22:00,605205.0,750541.9789835205,750542.0,0.0,145337.0,145337.0,False,622058.0,31192.43108163976,128483.97898352052
2019-01-14 23:23:00,622582.0,734209.4141107261,734210.0,0.0,111628.0,111628.0,False,605205.0,31318.77863848113,129004.41411072614
2019-01-14 23:24:00,612415.0,752163.1611921808,752164.0,0.0,139749.0,139749.0,False,622582.0,31458.797213031354,129581.16119218087
2019-01-14 23:25:00,616866.0,742237.8652446263,742238.0,0.0,125372.0,125372.0,False,612415.0,31517.476412241285,129822.86524462634
2019-01-14 23:26:00,601307.0,746519.9951903415,746520.0,0.0,145213.0,145213.0,False,616866.0,31476.4793356275,129653.99519034155
2019-01-14 23:27:00,614037.0,731461.5282901656,731462.0,0.0,117425.0,117425.0,False,601307.0,31597.995219116332,130154.52829016565
2019-01-14 23:28:00,618267.0,744492.055962424,744493.0,0.0,126226.0,126226.0,False,614037.0,31670.95520042457,130455.05596242406
2019-01-14 23:29:00,636622.0,748111.6197065269,748112.0,0.0,111490.0,111490.0,False,618267.0,31522.75780653589,129844.61970652691
2019-01-14 23:30:00,704185.0,766743.2215640816,766744.0,0.0,62559.0,62559.0,False,636622.0,31589.90924788358,130121.22156408166
2019-01-14 23:31:00,644028.0,821929.5420209535,821930.0,0.0,177902.0,177902.0,False,704185.0,28585.186583448634,117744.54202095343
2019-01-14 23:32:00,616963.0,759870.8495812023,759871.0,0.0,142908.0,142908.0,False,644028.0,28123.507152015223,115842.84958120226
2019-01-14 23:33:00,611267.0,734352.8737380364,734353.0,0.0,123086.0,123086.0,False,616963.0,28499.082727860892,117389.87373803633
2019-01-14 23:34:00,581705.0,728704.2988638773,728705.0,0.0,147000.0,147000.0,False,611267.0,28510.596264264692,117437.29886387727
2019-01-14 23:35:00,593599.0,700054.2665496602,700055.0,0.0,106456.0,106456.0,False,581705.0,28731.997324634376,118349.26654966024
2019-01-14 23:36:00,597509.0,712151.2667394833,712152.0,0.0,114643.0,114643.0,False,593599.0,28781.280274000597,118552.2667394833
2019-01-14 23:37:00,599955.0,715475.1147168826,715476.0,0.0,115521.0,115521.0,False,597509.0,28638.97843440175,117966.11471688264
2019-01-14 23:38:00,595014.0,716306.476935506,716307.0,0.0,121293.0,121293.0,False,599955.0,28246.988101320123,116351.47693550598
2019-01-14 23:39:00,594908.0,711123.2184606906,711124.0,0.0,116216.0,116216.0,False,595014.0,28188.17430337109,116109.21846069054
2019-01-14 23:40:00,634585.0,710961.7337112101,710962.0,0.0,76377.0,76377.0,False,594908.0,28174.704108581496,116053.73371121011
2019-01-14 23:41:00,608947.0,754100.7972706908,754101.0,0.0,145154.0,145154.0,False,634585.0,29015.199397050164,119515.79727069075
2019-01-14 23:42:00,607280.0,727922.8338924956,727923.0,0.0,120643.0,120643.0,False,608947.0,28884.110909643343,118975.83389249566
2019-01-14 23:43:00,613165.0,725015.0567603151,725016.0,0.0,111851.0,111851.0,False,607280.0,28582.883819002094,117735.05676031508
2019-01-14 23:44:00,613704.0,727663.2339083271,727664.0,0.0,113960.0,113960.0,False,613165.0,27797.07087537383,114498.23390832708
2019-01-14 23:45:00,639067.0,727877.5201781658,727878.0,0.0,88811.0,88811.0,False,613704.0,27718.23917410297,114173.52017816574
2019-01-14 23:46:00,620960.0,753764.7259419811,753765.0,0.0,132805.0,132805.0,False,639067.0,27845.502139414053,114697.72594198112
2019-01-14 23:47:00,604475.0,734877.6351797619,734878.0,0.0,130403.0,130403.0,False,620960.0,27656.117225197875,113917.63517976188
2019-01-14 23:48:00,614541.0,706307.4616208206,706308.0,0.0,91767.0,91767.0,False,604475.0,24722.16432049151,101832.46162082057
2019-01-14 23:49:00,591612.0,714036.5623171856,714037.0,0.0,122425.0,122425.0,False,614541.0,24154.828446789194,99495.56231718561
2019-01-14 23:50:00,617163.0,691206.301143524,691207.0,0.0,74044.0,74044.0,False,591612.0,24178.799560230796,99594.30114352402
2019-01-14 23:51:00,591331.0,713469.1831302238,713470.0,0.0,122139.0,122139.0,False,617163.0,23380.533540376917,96306.18313022383
2019-01-14 23:52:00,580034.0,689112.1800850924,689113.0,0.0,109079.0,109079.0,False,591331.0,23738.622861896678,97781.18008509245
2019-01-14 23:53:00,583403.0,677391.8950970441,677392.0,0.0,93989.0,93989.0,False,580034.0,23635.860728266878,97357.89509704403
2019-01-14 23:54:00,598860.0,679825.0362441111,679826.0,0.0,80966.0,80966.0,False,583403.0,23408.659539424516,96422.03624411109
2019-01-14 23:55:00,611202.0,695810.2194471364,695811.0,0.0,84609.0,84609.0,False,598860.0,23536.888119276933,96950.21944713635
2019-01-14 23:56:00,588891.0,708552.6465518423,708553.0,0.0,119662.0,119662.0,False,611202.0,23634.100977763876,97350.6465518424
2019-01-14 23:57:00,578440.0,686969.8435843136,686970.0,0.0,108530.0,108530.0,False,588891.0,23810.887499545915,98078.84358431362
2019-01-14 23:58:00,587982.0,676259.2173495254,676260.0,0.0,88278.0,88278.0,False,578440.0,23747.85727974976,97819.21734952545
2019-01-14 23:59:00,586114.0,686046.1186909615,686047.0,0.0,99933.0,99933.0,False,587982.0,23807.31269415225,98064.11869096152
