timestamp,actual_demand,predicted,provisioned,cold_starts,idle_capacity,cost,is_extreme
2025-01-26 00:00:00,872.0,253.0,253.0,619.0,0.0,6190.0,True
2025-01-26 00:01:00,470.0,872.0,872.0,0.0,402.0,402.0,False
2025-01-26 00:02:00,463.0,470.0,470.0,0.0,7.0,7.0,False
2025-01-26 00:03:00,467.0,463.0,463.0,4.0,0.0,40.0,False
2025-01-26 00:04:00,455.0,467.0,467.0,0.0,12.0,12.0,False
2025-01-26 00:05:00,364.0,455.0,455.0,0.0,91.0,91.0,False
2025-01-26 00:06:00,270.0,364.0,364.0,0.0,94.0,94.0,False
2025-01-26 00:07:00,318.0,270.0,270.0,48.0,0.0,480.0,False
2025-01-26 00:08:00,274.0,318.0,318.0,0.0,44.0,44.0,False
2025-01-26 00:09:00,329.0,274.0,274.0,55.0,0.0,550.0,False
2025-01-26 00:10:00,555.0,329.0,329.0,226.0,0.0,2260.0,False
2025-01-26 00:11:00,248.0,555.0,555.0,0.0,307.0,307.0,False
2025-01-26 00:12:00,332.0,248.0,248.0,84.0,0.0,840.0,False
2025-01-26 00:13:00,222.0,332.0,332.0,0.0,110.0,110.0,False
2025-01-26 00:14:00,211.0,222.0,222.0,0.0,11.0,11.0,False
2025-01-26 00:15:00,348.0,211.0,211.0,137.0,0.0,1370.0,False
2025-01-26 00:16:00,321.0,348.0,348.0,0.0,27.0,27.0,False
2025-01-26 00:17:00,198.0,321.0,321.0,0.0,123.0,123.0,False
2025-01-26 00:18:00,291.0,198.0,198.0,93.0,0.0,930.0,False
2025-01-26 00:19:00,238.0,291.0,291.0,0.0,53.0,53.0,False
2025-01-26 00:20:00,473.0,238.0,238.0,235.0,0.0,2350.0,False
2025-01-26 00:21:00,243.0,473.0,473.0,0.0,230.0,230.0,False
2025-01-26 00:22:00,187.0,243.0,243.0,0.0,56.0,56.0,False
2025-01-26 00:23:00,219.0,187.0,187.0,32.0,0.0,320.0,False
2025-01-26 00:24:00,312.0,219.0,219.0,93.0,0.0,930.0,False
2025-01-26 00:25:00,310.0,312.0,312.0,0.0,2.0,2.0,False
2025-01-26 00:26:00,198.0,310.0,310.0,0.0,112.0,112.0,False
2025-01-26 00:27:00,175.0,198.0,198.0,0.0,23.0,23.0,False
2025-01-26 00:28:00,246.0,175.0,175.0,71.0,0.0,710.0,False
2025-01-26 00:29:00,210.0,246.0,246.0,0.0,36.0,36.0,False
2025-01-26 00:30:00,571.0,210.0,210.0,361.0,0.0,3610.0,False
2025-01-26 00:31:00,251.0,571.0,571.0,0.0,320.0,320.0,False
2025-01-26 00:32:00,207.0,251.0,251.0,0.0,44.0,44.0,False
2025-01-26 00:33:00,301.0,207.0,207.0,94.0,0.0,940.0,False
2025-01-26 00:34:00,268.0,301.0,301.0,0.0,33.0,33.0,False
2025-01-26 00:35:00,263.0,268.0,268.0,0.0,5.0,5.0,False
2025-01-26 00:36:00,279.0,263.0,263.0,16.0,0.0,160.0,False
2025-01-26 00:37:00,266.0,279.0,279.0,0.0,13.0,13.0,False
2025-01-26 00:38:00,174.0,266.0,266.0,0.0,92.0,92.0,False
2025-01-26 00:39:00,219.0,174.0,174.0,45.0,0.0,450.0,False
2025-01-26 00:40:00,559.0,219.0,219.0,340.0,0.0,3400.0,False
2025-01-26 00:41:00,254.0,559.0,559.0,0.0,305.0,305.0,False
2025-01-26 00:42:00,224.0,254.0,254.0,0.0,30.0,30.0,False
2025-01-26 00:43:00,300.0,224.0,224.0,76.0,0.0,760.0,False
2025-01-26 00:44:00,294.0,300.0,300.0,0.0,6.0,6.0,False
2025-01-26 00:45:00,321.0,294.0,294.0,27.0,0.0,270.0,False
2025-01-26 00:46:00,235.0,321.0,321.0,0.0,86.0,86.0,False
2025-01-26 00:47:00,343.0,235.0,235.0,108.0,0.0,1080.0,False
2025-01-26 00:48:00,250.0,343.0,343.0,0.0,93.0,93.0,False
2025-01-26 00:49:00,212.0,250.0,250.0,0.0,38.0,38.0,False
2025-01-26 00:50:00,540.0,212.0,212.0,328.0,0.0,3280.0,False
2025-01-26 00:51:00,228.0,540.0,540.0,0.0,312.0,312.0,False
2025-01-26 00:52:00,235.0,228.0,228.0,7.0,0.0,70.0,False
2025-01-26 00:53:00,237.0,235.0,235.0,2.0,0.0,20.0,False
2025-01-26 00:54:00,229.0,237.0,237.0,0.0,8.0,8.0,False
2025-01-26 00:55:00,260.0,229.0,229.0,31.0,0.0,310.0,False
2025-01-26 00:56:00,305.0,260.0,260.0,45.0,0.0,450.0,False
2025-01-26 00:57:00,241.0,305.0,305.0,0.0,64.0,64.0,False
2025-01-26 00:58:00,249.0,241.0,241.0,8.0,0.0,80.0,False
2025-01-26 00:59:00,195.0,249.0,249.0,0.0,54.0,54.0,False
2025-01-26 01:00:00,712.0,195.0,195.0,517.0,0.0,5170.0,False
2025-01-26 01:01:00,326.0,712.0,712.0,0.0,386.0,386.0,False
2025-01-26 01:02:00,278.0,326.0,326.0,0.0,48.0,48.0,False
2025-01-26 01:03:00,340.0,278.0,278.0,62.0,0.0,620.0,False
2025-01-26 01:04:00,241.0,340.0,340.0,0.0,99.0,99.0,False
2025-01-26 01:05:00,257.0,241.0,241.0,16.0,0.0,160.0,False
2025-01-26 01:06:00,289.0,257.0,257.0,32.0,0.0,320.0,False
2025-01-26 01:07:00,264.0,289.0,289.0,0.0,25.0,25.0,False
2025-01-26 01:08:00,273.0,264.0,264.0,9.0,0.0,90.0,False
2025-01-26 01:09:00,255.0,273.0,273.0,0.0,18.0,18.0,False
2025-01-26 01:10:00,505.0,255.0,255.0,250.0,0.0,2500.0,False
2025-01-26 01:11:00,217.0,505.0,505.0,0.0,288.0,288.0,False
2025-01-26 01:12:00,234.0,217.0,217.0,17.0,0.0,170.0,False
2025-01-26 01:13:00,301.0,234.0,234.0,67.0,0.0,670.0,False
2025-01-26 01:14:00,227.0,301.0,301.0,0.0,74.0,74.0,False
2025-01-26 01:15:00,289.0,227.0,227.0,62.0,0.0,620.0,False
2025-01-26 01:16:00,314.0,289.0,289.0,25.0,0.0,250.0,False
2025-01-26 01:17:00,239.0,314.0,314.0,0.0,75.0,75.0,False
2025-01-26 01:18:00,214.0,239.0,239.0,0.0,25.0,25.0,False
2025-01-26 01:19:00,174.0,214.0,214.0,0.0,40.0,40.0,False
2025-01-26 01:20:00,561.0,174.0,174.0,387.0,0.0,3870.0,False
2025-01-26 01:21:00,258.0,561.0,561.0,0.0,303.0,303.0,False
2025-01-26 01:22:00,287.0,258.0,258.0,29.0,0.0,290.0,False
2025-01-26 01:23:00,232.0,287.0,287.0,0.0,55.0,55.0,False
2025-01-26 01:24:00,245.0,232.0,232.0,13.0,0.0,130.0,False
2025-01-26 01:25:00,317.0,245.0,245.0,72.0,0.0,720.0,False
2025-01-26 01:26:00,227.0,317.0,317.0,0.0,90.0,90.0,False
2025-01-26 01:27:00,242.0,227.0,227.0,15.0,0.0,150.0,False
2025-01-26 01:28:00,187.0,242.0,242.0,0.0,55.0,55.0,False
2025-01-26 01:29:00,251.0,187.0,187.0,64.0,0.0,640.0,False
2025-01-26 01:30:00,667.0,251.0,251.0,416.0,0.0,4160.0,False
2025-01-26 01:31:00,216.0,667.0,667.0,0.0,451.0,451.0,False
2025-01-26 01:32:00,269.0,216.0,216.0,53.0,0.0,530.0,False
2025-01-26 01:33:00,343.0,269.0,269.0,74.0,0.0,740.0,False
2025-01-26 01:34:00,352.0,343.0,343.0,9.0,0.0,90.0,False
2025-01-26 01:35:00,252.0,352.0,352.0,0.0,100.0,100.0,False
2025-01-26 01:36:00,377.0,252.0,252.0,125.0,0.0,1250.0,False
2025-01-26 01:37:00,279.0,377.0,377.0,0.0,98.0,98.0,False
2025-01-26 01:38:00,188.0,279.0,279.0,0.0,91.0,91.0,False
2025-01-26 01:39:00,240.0,188.0,188.0,52.0,0.0,520.0,False
2025-01-26 01:40:00,538.0,240.0,240.0,298.0,0.0,2980.0,False
2025-01-26 01:41:00,280.0,538.0,538.0,0.0,258.0,258.0,False
2025-01-26 01:42:00,274.0,280.0,280.0,0.0,6.0,6.0,False
2025-01-26 01:43:00,235.0,274.0,274.0,0.0,39.0,39.0,False
2025-01-26 01:44:00,404.0,235.0,235.0,169.0,0.0,1690.0,False
2025-01-26 01:45:00,327.0,404.0,404.0,0.0,77.0,77.0,False
2025-01-26 01:46:00,239.0,327.0,327.0,0.0,88.0,88.0,False
2025-01-26 01:47:00,347.0,239.0,239.0,108.0,0.0,1080.0,False
2025-01-26 01:48:00,278.0,347.0,347.0,0.0,69.0,69.0,False
2025-01-26 01:49:00,209.0,278.0,278.0,0.0,69.0,69.0,False
2025-01-26 01:50:00,509.0,209.0,209.0,300.0,0.0,3000.0,False
2025-01-26 01:51:00,215.0,509.0,509.0,0.0,294.0,294.0,False
2025-01-26 01:52:00,180.0,215.0,215.0,0.0,35.0,35.0,False
2025-01-26 01:53:00,257.0,180.0,180.0,77.0,0.0,770.0,False
2025-01-26 01:54:00,268.0,257.0,257.0,11.0,0.0,110.0,False
2025-01-26 01:55:00,324.0,268.0,268.0,56.0,0.0,560.0,False
2025-01-26 01:56:00,312.0,324.0,324.0,0.0,12.0,12.0,False
2025-01-26 01:57:00,233.0,312.0,312.0,0.0,79.0,79.0,False
2025-01-26 01:58:00,268.0,233.0,233.0,35.0,0.0,350.0,False
2025-01-26 01:59:00,246.0,268.0,268.0,0.0,22.0,22.0,False
2025-01-26 02:00:00,749.0,246.0,246.0,503.0,0.0,5030.0,True
2025-01-26 02:01:00,284.0,749.0,749.0,0.0,465.0,465.0,False
2025-01-26 02:02:00,273.0,284.0,284.0,0.0,11.0,11.0,False
2025-01-26 02:03:00,423.0,273.0,273.0,150.0,0.0,1500.0,False
2025-01-26 02:04:00,280.0,423.0,423.0,0.0,143.0,143.0,False
2025-01-26 02:05:00,251.0,280.0,280.0,0.0,29.0,29.0,False
2025-01-26 02:06:00,315.0,251.0,251.0,64.0,0.0,640.0,False
2025-01-26 02:07:00,277.0,315.0,315.0,0.0,38.0,38.0,False
2025-01-26 02:08:00,230.0,277.0,277.0,0.0,47.0,47.0,False
2025-01-26 02:09:00,280.0,230.0,230.0,50.0,0.0,500.0,False
2025-01-26 02:10:00,546.0,280.0,280.0,266.0,0.0,2660.0,False
2025-01-26 02:11:00,231.0,546.0,546.0,0.0,315.0,315.0,False
2025-01-26 02:12:00,263.0,231.0,231.0,32.0,0.0,320.0,False
2025-01-26 02:13:00,238.0,263.0,263.0,0.0,25.0,25.0,False
2025-01-26 02:14:00,208.0,238.0,238.0,0.0,30.0,30.0,False
2025-01-26 02:15:00,297.0,208.0,208.0,89.0,0.0,890.0,False
2025-01-26 02:16:00,248.0,297.0,297.0,0.0,49.0,49.0,False
2025-01-26 02:17:00,215.0,248.0,248.0,0.0,33.0,33.0,False
2025-01-26 02:18:00,218.0,215.0,215.0,3.0,0.0,30.0,False
2025-01-26 02:19:00,243.0,218.0,218.0,25.0,0.0,250.0,False
2025-01-26 02:20:00,630.0,243.0,243.0,387.0,0.0,3870.0,False
2025-01-26 02:21:00,221.0,630.0,630.0,0.0,409.0,409.0,False
2025-01-26 02:22:00,228.0,221.0,221.0,7.0,0.0,70.0,False
2025-01-26 02:23:00,241.0,228.0,228.0,13.0,0.0,130.0,False
2025-01-26 02:24:00,358.0,241.0,241.0,117.0,0.0,1170.0,False
2025-01-26 02:25:00,286.0,358.0,358.0,0.0,72.0,72.0,False
2025-01-26 02:26:00,332.0,286.0,286.0,46.0,0.0,460.0,False
2025-01-26 02:27:00,315.0,332.0,332.0,0.0,17.0,17.0,False
2025-01-26 02:28:00,237.0,315.0,315.0,0.0,78.0,78.0,False
2025-01-26 02:29:00,224.0,237.0,237.0,0.0,13.0,13.0,False
2025-01-26 02:30:00,542.0,224.0,224.0,318.0,0.0,3180.0,False
2025-01-26 02:31:00,307.0,542.0,542.0,0.0,235.0,235.0,False
2025-01-26 02:32:00,291.0,307.0,307.0,0.0,16.0,16.0,False
2025-01-26 02:33:00,305.0,291.0,291.0,14.0,0.0,140.0,False
2025-01-26 02:34:00,264.0,305.0,305.0,0.0,41.0,41.0,False
2025-01-26 02:35:00,252.0,264.0,264.0,0.0,12.0,12.0,False
2025-01-26 02:36:00,414.0,252.0,252.0,162.0,0.0,1620.0,False
2025-01-26 02:37:00,261.0,414.0,414.0,0.0,153.0,153.0,False
2025-01-26 02:38:00,184.0,261.0,261.0,0.0,77.0,77.0,False
2025-01-26 02:39:00,215.0,184.0,184.0,31.0,0.0,310.0,False
2025-01-26 02:40:00,558.0,215.0,215.0,343.0,0.0,3430.0,False
2025-01-26 02:41:00,342.0,558.0,558.0,0.0,216.0,216.0,False
2025-01-26 02:42:00,261.0,342.0,342.0,0.0,81.0,81.0,False
2025-01-26 02:43:00,232.0,261.0,261.0,0.0,29.0,29.0,False
2025-01-26 02:44:00,273.0,232.0,232.0,41.0,0.0,410.0,False
2025-01-26 02:45:00,378.0,273.0,273.0,105.0,0.0,1050.0,False
2025-01-26 02:46:00,288.0,378.0,378.0,0.0,90.0,90.0,False
2025-01-26 02:47:00,229.0,288.0,288.0,0.0,59.0,59.0,False
2025-01-26 02:48:00,280.0,229.0,229.0,51.0,0.0,510.0,False
2025-01-26 02:49:00,249.0,280.0,280.0,0.0,31.0,31.0,False
2025-01-26 02:50:00,449.0,249.0,249.0,200.0,0.0,2000.0,False
2025-01-26 02:51:00,310.0,449.0,449.0,0.0,139.0,139.0,False
2025-01-26 02:52:00,299.0,310.0,310.0,0.0,11.0,11.0,False
2025-01-26 02:53:00,260.0,299.0,299.0,0.0,39.0,39.0,False
2025-01-26 02:54:00,228.0,260.0,260.0,0.0,32.0,32.0,False
2025-01-26 02:55:00,228.0,228.0,228.0,0.0,0.0,0.0,False
2025-01-26 02:56:00,297.0,228.0,228.0,69.0,0.0,690.0,False
2025-01-26 02:57:00,206.0,297.0,297.0,0.0,91.0,91.0,False
2025-01-26 02:58:00,202.0,206.0,206.0,0.0,4.0,4.0,False
2025-01-26 02:59:00,244.0,202.0,202.0,42.0,0.0,420.0,False
2025-01-26 03:00:00,698.0,244.0,244.0,454.0,0.0,4540.0,False
2025-01-26 03:01:00,248.0,698.0,698.0,0.0,450.0,450.0,False
2025-01-26 03:02:00,299.0,248.0,248.0,51.0,0.0,510.0,False
2025-01-26 03:03:00,253.0,299.0,299.0,0.0,46.0,46.0,False
2025-01-26 03:04:00,277.0,253.0,253.0,24.0,0.0,240.0,False
2025-01-26 03:05:00,244.0,277.0,277.0,0.0,33.0,33.0,False
2025-01-26 03:06:00,390.0,244.0,244.0,146.0,0.0,1460.0,False
2025-01-26 03:07:00,383.0,390.0,390.0,0.0,7.0,7.0,False
2025-01-26 03:08:00,274.0,383.0,383.0,0.0,109.0,109.0,False
2025-01-26 03:09:00,313.0,274.0,274.0,39.0,0.0,390.0,False
2025-01-26 03:10:00,559.0,313.0,313.0,246.0,0.0,2460.0,False
2025-01-26 03:11:00,281.0,559.0,559.0,0.0,278.0,278.0,False
2025-01-26 03:12:00,313.0,281.0,281.0,32.0,0.0,320.0,False
2025-01-26 03:13:00,254.0,313.0,313.0,0.0,59.0,59.0,False
2025-01-26 03:14:00,191.0,254.0,254.0,0.0,63.0,63.0,False
2025-01-26 03:15:00,274.0,191.0,191.0,83.0,0.0,830.0,False
2025-01-26 03:16:00,294.0,274.0,274.0,20.0,0.0,200.0,False
2025-01-26 03:17:00,185.0,294.0,294.0,0.0,109.0,109.0,False
2025-01-26 03:18:00,277.0,185.0,185.0,92.0,0.0,920.0,False
2025-01-26 03:19:00,224.0,277.0,277.0,0.0,53.0,53.0,False
2025-01-26 03:20:00,528.0,224.0,224.0,304.0,0.0,3040.0,False
2025-01-26 03:21:00,291.0,528.0,528.0,0.0,237.0,237.0,False
2025-01-26 03:22:00,251.0,291.0,291.0,0.0,40.0,40.0,False
2025-01-26 03:23:00,240.0,251.0,251.0,0.0,11.0,11.0,False
2025-01-26 03:24:00,262.0,240.0,240.0,22.0,0.0,220.0,False
2025-01-26 03:25:00,284.0,262.0,262.0,22.0,0.0,220.0,False
2025-01-26 03:26:00,285.0,284.0,284.0,1.0,0.0,10.0,False
2025-01-26 03:27:00,277.0,285.0,285.0,0.0,8.0,8.0,False
2025-01-26 03:28:00,205.0,277.0,277.0,0.0,72.0,72.0,False
2025-01-26 03:29:00,274.0,205.0,205.0,69.0,0.0,690.0,False
2025-01-26 03:30:00,564.0,274.0,274.0,290.0,0.0,2900.0,False
2025-01-26 03:31:00,257.0,564.0,564.0,0.0,307.0,307.0,False
2025-01-26 03:32:00,362.0,257.0,257.0,105.0,0.0,1050.0,False
2025-01-26 03:33:00,351.0,362.0,362.0,0.0,11.0,11.0,False
2025-01-26 03:34:00,269.0,351.0,351.0,0.0,82.0,82.0,False
2025-01-26 03:35:00,335.0,269.0,269.0,66.0,0.0,660.0,False
2025-01-26 03:36:00,296.0,335.0,335.0,0.0,39.0,39.0,False
2025-01-26 03:37:00,289.0,296.0,296.0,0.0,7.0,7.0,False
2025-01-26 03:38:00,239.0,289.0,289.0,0.0,50.0,50.0,False
2025-01-26 03:39:00,282.0,239.0,239.0,43.0,0.0,430.0,False
2025-01-26 03:40:00,557.0,282.0,282.0,275.0,0.0,2750.0,False
2025-01-26 03:41:00,203.0,557.0,557.0,0.0,354.0,354.0,False
2025-01-26 03:42:00,220.0,203.0,203.0,17.0,0.0,170.0,False
2025-01-26 03:43:00,222.0,220.0,220.0,2.0,0.0,20.0,False
2025-01-26 03:44:00,230.0,222.0,222.0,8.0,0.0,80.0,False
2025-01-26 03:45:00,342.0,230.0,230.0,112.0,0.0,1120.0,False
2025-01-26 03:46:00,229.0,342.0,342.0,0.0,113.0,113.0,False
2025-01-26 03:47:00,199.0,229.0,229.0,0.0,30.0,30.0,False
2025-01-26 03:48:00,188.0,199.0,199.0,0.0,11.0,11.0,False
2025-01-26 03:49:00,284.0,188.0,188.0,96.0,0.0,960.0,False
2025-01-26 03:50:00,476.0,284.0,284.0,192.0,0.0,1920.0,False
2025-01-26 03:51:00,290.0,476.0,476.0,0.0,186.0,186.0,False
2025-01-26 03:52:00,214.0,290.0,290.0,0.0,76.0,76.0,False
2025-01-26 03:53:00,194.0,214.0,214.0,0.0,20.0,20.0,False
2025-01-26 03:54:00,213.0,194.0,194.0,19.0,0.0,190.0,False
2025-01-26 03:55:00,223.0,213.0,213.0,10.0,0.0,100.0,False
2025-01-26 03:56:00,312.0,223.0,223.0,89.0,0.0,890.0,False
2025-01-26 03:57:00,184.0,312.0,312.0,0.0,128.0,128.0,False
2025-01-26 03:58:00,198.0,184.0,184.0,14.0,0.0,140.0,False
2025-01-26 03:59:00,211.0,198.0,198.0,13.0,0.0,130.0,False
2025-01-26 04:00:00,719.0,211.0,211.0,508.0,0.0,5080.0,False
2025-01-26 04:01:00,219.0,719.0,719.0,0.0,500.0,500.0,False
2025-01-26 04:02:00,232.0,219.0,219.0,13.0,0.0,130.0,False
2025-01-26 04:03:00,329.0,232.0,232.0,97.0,0.0,970.0,False
2025-01-26 04:04:00,294.0,329.0,329.0,0.0,35.0,35.0,False
2025-01-26 04:05:00,243.0,294.0,294.0,0.0,51.0,51.0,False
2025-01-26 04:06:00,321.0,243.0,243.0,78.0,0.0,780.0,False
2025-01-26 04:07:00,252.0,321.0,321.0,0.0,69.0,69.0,False
2025-01-26 04:08:00,255.0,252.0,252.0,3.0,0.0,30.0,False
2025-01-26 04:09:00,327.0,255.0,255.0,72.0,0.0,720.0,False
2025-01-26 04:10:00,500.0,327.0,327.0,173.0,0.0,1730.0,False
2025-01-26 04:11:00,225.0,500.0,500.0,0.0,275.0,275.0,False
2025-01-26 04:12:00,246.0,225.0,225.0,21.0,0.0,210.0,False
2025-01-26 04:13:00,295.0,246.0,246.0,49.0,0.0,490.0,False
2025-01-26 04:14:00,259.0,295.0,295.0,0.0,36.0,36.0,False
2025-01-26 04:15:00,265.0,259.0,259.0,6.0,0.0,60.0,False
2025-01-26 04:16:00,240.0,265.0,265.0,0.0,25.0,25.0,False
2025-01-26 04:17:00,266.0,240.0,240.0,26.0,0.0,260.0,False
2025-01-26 04:18:00,233.0,266.0,266.0,0.0,33.0,33.0,False
2025-01-26 04:19:00,159.0,233.0,233.0,0.0,74.0,74.0,False
2025-01-26 04:20:00,523.0,159.0,159.0,364.0,0.0,3640.0,False
2025-01-26 04:21:00,230.0,523.0,523.0,0.0,293.0,293.0,False
2025-01-26 04:22:00,249.0,230.0,230.0,19.0,0.0,190.0,False
2025-01-26 04:23:00,292.0,249.0,249.0,43.0,0.0,430.0,False
2025-01-26 04:24:00,271.0,292.0,292.0,0.0,21.0,21.0,False
2025-01-26 04:25:00,218.0,271.0,271.0,0.0,53.0,53.0,False
2025-01-26 04:26:00,175.0,218.0,218.0,0.0,43.0,43.0,False
2025-01-26 04:27:00,317.0,175.0,175.0,142.0,0.0,1420.0,False
2025-01-26 04:28:00,180.0,317.0,317.0,0.0,137.0,137.0,False
2025-01-26 04:29:00,202.0,180.0,180.0,22.0,0.0,220.0,False
2025-01-26 04:30:00,616.0,202.0,202.0,414.0,0.0,4140.0,False
2025-01-26 04:31:00,269.0,616.0,616.0,0.0,347.0,347.0,False
2025-01-26 04:32:00,254.0,269.0,269.0,0.0,15.0,15.0,False
2025-01-26 04:33:00,273.0,254.0,254.0,19.0,0.0,190.0,False
2025-01-26 04:34:00,277.0,273.0,273.0,4.0,0.0,40.0,False
2025-01-26 04:35:00,272.0,277.0,277.0,0.0,5.0,5.0,False
2025-01-26 04:36:00,233.0,272.0,272.0,0.0,39.0,39.0,False
2025-01-26 04:37:00,255.0,233.0,233.0,22.0,0.0,220.0,False
2025-01-26 04:38:00,189.0,255.0,255.0,0.0,66.0,66.0,False
2025-01-26 04:39:00,197.0,189.0,189.0,8.0,0.0,80.0,False
2025-01-26 04:40:00,545.0,197.0,197.0,348.0,0.0,3480.0,False
2025-01-26 04:41:00,225.0,545.0,545.0,0.0,320.0,320.0,False
2025-01-26 04:42:00,247.0,225.0,225.0,22.0,0.0,220.0,False
2025-01-26 04:43:00,283.0,247.0,247.0,36.0,0.0,360.0,False
2025-01-26 04:44:00,193.0,283.0,283.0,0.0,90.0,90.0,False
2025-01-26 04:45:00,314.0,193.0,193.0,121.0,0.0,1210.0,False
2025-01-26 04:46:00,169.0,314.0,314.0,0.0,145.0,145.0,False
2025-01-26 04:47:00,226.0,169.0,169.0,57.0,0.0,570.0,False
2025-01-26 04:48:00,199.0,226.0,226.0,0.0,27.0,27.0,False
2025-01-26 04:49:00,201.0,199.0,199.0,2.0,0.0,20.0,False
2025-01-26 04:50:00,495.0,201.0,201.0,294.0,0.0,2940.0,False
2025-01-26 04:51:00,265.0,495.0,495.0,0.0,230.0,230.0,False
2025-01-26 04:52:00,195.0,265.0,265.0,0.0,70.0,70.0,False
2025-01-26 04:53:00,207.0,195.0,195.0,12.0,0.0,120.0,False
2025-01-26 04:54:00,3194.0,207.0,207.0,2987.0,0.0,29870.0,True
2025-01-26 04:55:00,2941.0,3194.0,3194.0,0.0,253.0,253.0,True
2025-01-26 04:56:00,185.0,2941.0,2941.0,0.0,2756.0,2756.0,False
2025-01-26 04:57:00,222.0,185.0,185.0,37.0,0.0,370.0,False
2025-01-26 04:58:00,139.0,222.0,222.0,0.0,83.0,83.0,False
2025-01-26 04:59:00,2212.0,139.0,139.0,2073.0,0.0,20730.0,True
2025-01-26 05:00:00,3657.0,2212.0,2212.0,1445.0,0.0,14450.0,True
2025-01-26 05:01:00,939.0,3657.0,3657.0,0.0,2718.0,2718.0,True
2025-01-26 05:02:00,221.0,939.0,939.0,0.0,718.0,718.0,False
2025-01-26 05:03:00,319.0,221.0,221.0,98.0,0.0,980.0,False
2025-01-26 05:04:00,267.0,319.0,319.0,0.0,52.0,52.0,False
2025-01-26 05:05:00,271.0,267.0,267.0,4.0,0.0,40.0,False
2025-01-26 05:06:00,274.0,271.0,271.0,3.0,0.0,30.0,False
2025-01-26 05:07:00,265.0,274.0,274.0,0.0,9.0,9.0,False
2025-01-26 05:08:00,260.0,265.0,265.0,0.0,5.0,5.0,False
2025-01-26 05:09:00,246.0,260.0,260.0,0.0,14.0,14.0,False
2025-01-26 05:10:00,475.0,246.0,246.0,229.0,0.0,2290.0,False
2025-01-26 05:11:00,163.0,475.0,475.0,0.0,312.0,312.0,False
2025-01-26 05:12:00,250.0,163.0,163.0,87.0,0.0,870.0,False
2025-01-26 05:13:00,209.0,250.0,250.0,0.0,41.0,41.0,False
2025-01-26 05:14:00,282.0,209.0,209.0,73.0,0.0,730.0,False
2025-01-26 05:15:00,431.0,282.0,282.0,149.0,0.0,1490.0,False
2025-01-26 05:16:00,247.0,431.0,431.0,0.0,184.0,184.0,False
2025-01-26 05:17:00,208.0,247.0,247.0,0.0,39.0,39.0,False
2025-01-26 05:18:00,193.0,208.0,208.0,0.0,15.0,15.0,False
2025-01-26 05:19:00,188.0,193.0,193.0,0.0,5.0,5.0,False
2025-01-26 05:20:00,515.0,188.0,188.0,327.0,0.0,3270.0,False
2025-01-26 05:21:00,247.0,515.0,515.0,0.0,268.0,268.0,False
2025-01-26 05:22:00,218.0,247.0,247.0,0.0,29.0,29.0,False
2025-01-26 05:23:00,294.0,218.0,218.0,76.0,0.0,760.0,False
2025-01-26 05:24:00,249.0,294.0,294.0,0.0,45.0,45.0,False
2025-01-26 05:25:00,243.0,249.0,249.0,0.0,6.0,6.0,False
2025-01-26 05:26:00,295.0,243.0,243.0,52.0,0.0,520.0,False
2025-01-26 05:27:00,293.0,295.0,295.0,0.0,2.0,2.0,False
2025-01-26 05:28:00,236.0,293.0,293.0,0.0,57.0,57.0,False
2025-01-26 05:29:00,202.0,236.0,236.0,0.0,34.0,34.0,False
2025-01-26 05:30:00,595.0,202.0,202.0,393.0,0.0,3930.0,False
2025-01-26 05:31:00,273.0,595.0,595.0,0.0,322.0,322.0,False
2025-01-26 05:32:00,262.0,273.0,273.0,0.0,11.0,11.0,False
2025-01-26 05:33:00,285.0,262.0,262.0,23.0,0.0,230.0,False
2025-01-26 05:34:00,304.0,285.0,285.0,19.0,0.0,190.0,False
2025-01-26 05:35:00,325.0,304.0,304.0,21.0,0.0,210.0,False
2025-01-26 05:36:00,293.0,325.0,325.0,0.0,32.0,32.0,False
2025-01-26 05:37:00,297.0,293.0,293.0,4.0,0.0,40.0,False
2025-01-26 05:38:00,240.0,297.0,297.0,0.0,57.0,57.0,False
2025-01-26 05:39:00,214.0,240.0,240.0,0.0,26.0,26.0,False
2025-01-26 05:40:00,586.0,214.0,214.0,372.0,0.0,3720.0,False
2025-01-26 05:41:00,306.0,586.0,586.0,0.0,280.0,280.0,False
2025-01-26 05:42:00,264.0,306.0,306.0,0.0,42.0,42.0,False
2025-01-26 05:43:00,222.0,264.0,264.0,0.0,42.0,42.0,False
2025-01-26 05:44:00,354.0,222.0,222.0,132.0,0.0,1320.0,False
2025-01-26 05:45:00,364.0,354.0,354.0,10.0,0.0,100.0,False
2025-01-26 05:46:00,221.0,364.0,364.0,0.0,143.0,143.0,False
2025-01-26 05:47:00,243.0,221.0,221.0,22.0,0.0,220.0,False
2025-01-26 05:48:00,318.0,243.0,243.0,75.0,0.0,750.0,False
2025-01-26 05:49:00,187.0,318.0,318.0,0.0,131.0,131.0,False
2025-01-26 05:50:00,491.0,187.0,187.0,304.0,0.0,3040.0,False
2025-01-26 05:51:00,342.0,491.0,491.0,0.0,149.0,149.0,False
2025-01-26 05:52:00,349.0,342.0,342.0,7.0,0.0,70.0,False
2025-01-26 05:53:00,290.0,349.0,349.0,0.0,59.0,59.0,False
2025-01-26 05:54:00,216.0,290.0,290.0,0.0,74.0,74.0,False
2025-01-26 05:55:00,257.0,216.0,216.0,41.0,0.0,410.0,False
2025-01-26 05:56:00,253.0,257.0,257.0,0.0,4.0,4.0,False
2025-01-26 05:57:00,282.0,253.0,253.0,29.0,0.0,290.0,False
2025-01-26 05:58:00,215.0,282.0,282.0,0.0,67.0,67.0,False
2025-01-26 05:59:00,238.0,215.0,215.0,23.0,0.0,230.0,False
2025-01-26 06:00:00,890.0,238.0,238.0,652.0,0.0,6520.0,True
2025-01-26 06:01:00,299.0,890.0,890.0,0.0,591.0,591.0,False
2025-01-26 06:02:00,324.0,299.0,299.0,25.0,0.0,250.0,False
2025-01-26 06:03:00,372.0,324.0,324.0,48.0,0.0,480.0,False
2025-01-26 06:04:00,355.0,372.0,372.0,0.0,17.0,17.0,False
2025-01-26 06:05:00,475.0,355.0,355.0,120.0,0.0,1200.0,False
2025-01-26 06:06:00,315.0,475.0,475.0,0.0,160.0,160.0,False
2025-01-26 06:07:00,353.0,315.0,315.0,38.0,0.0,380.0,False
2025-01-26 06:08:00,343.0,353.0,353.0,0.0,10.0,10.0,False
2025-01-26 06:09:00,291.0,343.0,343.0,0.0,52.0,52.0,False
2025-01-26 06:10:00,530.0,291.0,291.0,239.0,0.0,2390.0,False
2025-01-26 06:11:00,251.0,530.0,530.0,0.0,279.0,279.0,False
2025-01-26 06:12:00,208.0,251.0,251.0,0.0,43.0,43.0,False
2025-01-26 06:13:00,273.0,208.0,208.0,65.0,0.0,650.0,False
2025-01-26 06:14:00,211.0,273.0,273.0,0.0,62.0,62.0,False
2025-01-26 06:15:00,360.0,211.0,211.0,149.0,0.0,1490.0,False
2025-01-26 06:16:00,270.0,360.0,360.0,0.0,90.0,90.0,False
2025-01-26 06:17:00,241.0,270.0,270.0,0.0,29.0,29.0,False
2025-01-26 06:18:00,230.0,241.0,241.0,0.0,11.0,11.0,False
2025-01-26 06:19:00,250.0,230.0,230.0,20.0,0.0,200.0,False
2025-01-26 06:20:00,626.0,250.0,250.0,376.0,0.0,3760.0,False
2025-01-26 06:21:00,351.0,626.0,626.0,0.0,275.0,275.0,False
2025-01-26 06:22:00,362.0,351.0,351.0,11.0,0.0,110.0,False
2025-01-26 06:23:00,251.0,362.0,362.0,0.0,111.0,111.0,False
2025-01-26 06:24:00,320.0,251.0,251.0,69.0,0.0,690.0,False
2025-01-26 06:25:00,391.0,320.0,320.0,71.0,0.0,710.0,False
2025-01-26 06:26:00,319.0,391.0,391.0,0.0,72.0,72.0,False
2025-01-26 06:27:00,236.0,319.0,319.0,0.0,83.0,83.0,False
2025-01-26 06:28:00,251.0,236.0,236.0,15.0,0.0,150.0,False
2025-01-26 06:29:00,240.0,251.0,251.0,0.0,11.0,11.0,False
2025-01-26 06:30:00,645.0,240.0,240.0,405.0,0.0,4050.0,False
2025-01-26 06:31:00,209.0,645.0,645.0,0.0,436.0,436.0,False
2025-01-26 06:32:00,230.0,209.0,209.0,21.0,0.0,210.0,False
2025-01-26 06:33:00,225.0,230.0,230.0,0.0,5.0,5.0,False
2025-01-26 06:34:00,405.0,225.0,225.0,180.0,0.0,1800.0,False
2025-01-26 06:35:00,520.0,405.0,405.0,115.0,0.0,1150.0,False
2025-01-26 06:36:00,439.0,520.0,520.0,0.0,81.0,81.0,False
2025-01-26 06:37:00,360.0,439.0,439.0,0.0,79.0,79.0,False
2025-01-26 06:38:00,269.0,360.0,360.0,0.0,91.0,91.0,False
2025-01-26 06:39:00,265.0,269.0,269.0,0.0,4.0,4.0,False
2025-01-26 06:40:00,593.0,265.0,265.0,328.0,0.0,3280.0,False
2025-01-26 06:41:00,305.0,593.0,593.0,0.0,288.0,288.0,False
2025-01-26 06:42:00,228.0,305.0,305.0,0.0,77.0,77.0,False
2025-01-26 06:43:00,262.0,228.0,228.0,34.0,0.0,340.0,False
2025-01-26 06:44:00,362.0,262.0,262.0,100.0,0.0,1000.0,False
2025-01-26 06:45:00,329.0,362.0,362.0,0.0,33.0,33.0,False
2025-01-26 06:46:00,224.0,329.0,329.0,0.0,105.0,105.0,False
2025-01-26 06:47:00,292.0,224.0,224.0,68.0,0.0,680.0,False
2025-01-26 06:48:00,215.0,292.0,292.0,0.0,77.0,77.0,False
2025-01-26 06:49:00,326.0,215.0,215.0,111.0,0.0,1110.0,False
2025-01-26 06:50:00,498.0,326.0,326.0,172.0,0.0,1720.0,False
2025-01-26 06:51:00,234.0,498.0,498.0,0.0,264.0,264.0,False
2025-01-26 06:52:00,201.0,234.0,234.0,0.0,33.0,33.0,False
2025-01-26 06:53:00,271.0,201.0,201.0,70.0,0.0,700.0,False
2025-01-26 06:54:00,258.0,271.0,271.0,0.0,13.0,13.0,False
2025-01-26 06:55:00,412.0,258.0,258.0,154.0,0.0,1540.0,False
2025-01-26 06:56:00,259.0,412.0,412.0,0.0,153.0,153.0,False
2025-01-26 06:57:00,275.0,259.0,259.0,16.0,0.0,160.0,False
2025-01-26 06:58:00,281.0,275.0,275.0,6.0,0.0,60.0,False
2025-01-26 06:59:00,196.0,281.0,281.0,0.0,85.0,85.0,False
2025-01-26 07:00:00,686.0,196.0,196.0,490.0,0.0,4900.0,False
2025-01-26 07:01:00,283.0,686.0,686.0,0.0,403.0,403.0,False
2025-01-26 07:02:00,181.0,283.0,283.0,0.0,102.0,102.0,False
2025-01-26 07:03:00,235.0,181.0,181.0,54.0,0.0,540.0,False
2025-01-26 07:04:00,257.0,235.0,235.0,22.0,0.0,220.0,False
2025-01-26 07:05:00,304.0,257.0,257.0,47.0,0.0,470.0,False
2025-01-26 07:06:00,248.0,304.0,304.0,0.0,56.0,56.0,False
2025-01-26 07:07:00,202.0,248.0,248.0,0.0,46.0,46.0,False
2025-01-26 07:08:00,234.0,202.0,202.0,32.0,0.0,320.0,False
2025-01-26 07:09:00,245.0,234.0,234.0,11.0,0.0,110.0,False
2025-01-26 07:10:00,478.0,245.0,245.0,233.0,0.0,2330.0,False
2025-01-26 07:11:00,373.0,478.0,478.0,0.0,105.0,105.0,False
2025-01-26 07:12:00,232.0,373.0,373.0,0.0,141.0,141.0,False
2025-01-26 07:13:00,302.0,232.0,232.0,70.0,0.0,700.0,False
2025-01-26 07:14:00,375.0,302.0,302.0,73.0,0.0,730.0,False
2025-01-26 07:15:00,499.0,375.0,375.0,124.0,0.0,1240.0,False
2025-01-26 07:16:00,411.0,499.0,499.0,0.0,88.0,88.0,False
2025-01-26 07:17:00,363.0,411.0,411.0,0.0,48.0,48.0,False
2025-01-26 07:18:00,278.0,363.0,363.0,0.0,85.0,85.0,False
2025-01-26 07:19:00,299.0,278.0,278.0,21.0,0.0,210.0,False
2025-01-26 07:20:00,516.0,299.0,299.0,217.0,0.0,2170.0,False
2025-01-26 07:21:00,269.0,516.0,516.0,0.0,247.0,247.0,False
2025-01-26 07:22:00,312.0,269.0,269.0,43.0,0.0,430.0,False
2025-01-26 07:23:00,297.0,312.0,312.0,0.0,15.0,15.0,False
2025-01-26 07:24:00,303.0,297.0,297.0,6.0,0.0,60.0,False
2025-01-26 07:25:00,310.0,303.0,303.0,7.0,0.0,70.0,False
2025-01-26 07:26:00,267.0,310.0,310.0,0.0,43.0,43.0,False
2025-01-26 07:27:00,446.0,267.0,267.0,179.0,0.0,1790.0,False
2025-01-26 07:28:00,256.0,446.0,446.0,0.0,190.0,190.0,False
2025-01-26 07:29:00,249.0,256.0,256.0,0.0,7.0,7.0,False
2025-01-26 07:30:00,617.0,249.0,249.0,368.0,0.0,3680.0,False
2025-01-26 07:31:00,225.0,617.0,617.0,0.0,392.0,392.0,False
2025-01-26 07:32:00,263.0,225.0,225.0,38.0,0.0,380.0,False
2025-01-26 07:33:00,294.0,263.0,263.0,31.0,0.0,310.0,False
2025-01-26 07:34:00,312.0,294.0,294.0,18.0,0.0,180.0,False
2025-01-26 07:35:00,366.0,312.0,312.0,54.0,0.0,540.0,False
2025-01-26 07:36:00,293.0,366.0,366.0,0.0,73.0,73.0,False
2025-01-26 07:37:00,296.0,293.0,293.0,3.0,0.0,30.0,False
2025-01-26 07:38:00,226.0,296.0,296.0,0.0,70.0,70.0,False
2025-01-26 07:39:00,282.0,226.0,226.0,56.0,0.0,560.0,False
2025-01-26 07:40:00,606.0,282.0,282.0,324.0,0.0,3240.0,False
2025-01-26 07:41:00,296.0,606.0,606.0,0.0,310.0,310.0,False
2025-01-26 07:42:00,238.0,296.0,296.0,0.0,58.0,58.0,False
2025-01-26 07:43:00,286.0,238.0,238.0,48.0,0.0,480.0,False
2025-01-26 07:44:00,300.0,286.0,286.0,14.0,0.0,140.0,False
2025-01-26 07:45:00,327.0,300.0,300.0,27.0,0.0,270.0,False
2025-01-26 07:46:00,269.0,327.0,327.0,0.0,58.0,58.0,False
2025-01-26 07:47:00,293.0,269.0,269.0,24.0,0.0,240.0,False
2025-01-26 07:48:00,287.0,293.0,293.0,0.0,6.0,6.0,False
2025-01-26 07:49:00,306.0,287.0,287.0,19.0,0.0,190.0,False
2025-01-26 07:50:00,529.0,306.0,306.0,223.0,0.0,2230.0,False
2025-01-26 07:51:00,290.0,529.0,529.0,0.0,239.0,239.0,False
2025-01-26 07:52:00,291.0,290.0,290.0,1.0,0.0,10.0,False
2025-01-26 07:53:00,333.0,291.0,291.0,42.0,0.0,420.0,False
2025-01-26 07:54:00,306.0,333.0,333.0,0.0,27.0,27.0,False
2025-01-26 07:55:00,291.0,306.0,306.0,0.0,15.0,15.0,False
2025-01-26 07:56:00,346.0,291.0,291.0,55.0,0.0,550.0,False
2025-01-26 07:57:00,313.0,346.0,346.0,0.0,33.0,33.0,False
2025-01-26 07:58:00,274.0,313.0,313.0,0.0,39.0,39.0,False
2025-01-26 07:59:00,240.0,274.0,274.0,0.0,34.0,34.0,False
2025-01-26 08:00:00,628.0,240.0,240.0,388.0,0.0,3880.0,False
2025-01-26 08:01:00,418.0,628.0,628.0,0.0,210.0,210.0,False
2025-01-26 08:02:00,231.0,418.0,418.0,0.0,187.0,187.0,False
2025-01-26 08:03:00,276.0,231.0,231.0,45.0,0.0,450.0,False
2025-01-26 08:04:00,297.0,276.0,276.0,21.0,0.0,210.0,False
2025-01-26 08:05:00,336.0,297.0,297.0,39.0,0.0,390.0,False
2025-01-26 08:06:00,305.0,336.0,336.0,0.0,31.0,31.0,False
2025-01-26 08:07:00,310.0,305.0,305.0,5.0,0.0,50.0,False
2025-01-26 08:08:00,384.0,310.0,310.0,74.0,0.0,740.0,False
2025-01-26 08:09:00,370.0,384.0,384.0,0.0,14.0,14.0,False
2025-01-26 08:10:00,924.0,370.0,370.0,554.0,0.0,5540.0,True
2025-01-26 08:11:00,338.0,924.0,924.0,0.0,586.0,586.0,False
2025-01-26 08:12:00,341.0,338.0,338.0,3.0,0.0,30.0,False
2025-01-26 08:13:00,301.0,341.0,341.0,0.0,40.0,40.0,False
2025-01-26 08:14:00,239.0,301.0,301.0,0.0,62.0,62.0,False
2025-01-26 08:15:00,271.0,239.0,239.0,32.0,0.0,320.0,False
2025-01-26 08:16:00,243.0,271.0,271.0,0.0,28.0,28.0,False
2025-01-26 08:17:00,209.0,243.0,243.0,0.0,34.0,34.0,False
2025-01-26 08:18:00,231.0,209.0,209.0,22.0,0.0,220.0,False
2025-01-26 08:19:00,245.0,231.0,231.0,14.0,0.0,140.0,False
2025-01-26 08:20:00,512.0,245.0,245.0,267.0,0.0,2670.0,False
2025-01-26 08:21:00,263.0,512.0,512.0,0.0,249.0,249.0,False
2025-01-26 08:22:00,276.0,263.0,263.0,13.0,0.0,130.0,False
2025-01-26 08:23:00,289.0,276.0,276.0,13.0,0.0,130.0,False
2025-01-26 08:24:00,389.0,289.0,289.0,100.0,0.0,1000.0,False
2025-01-26 08:25:00,319.0,389.0,389.0,0.0,70.0,70.0,False
2025-01-26 08:26:00,371.0,319.0,319.0,52.0,0.0,520.0,False
2025-01-26 08:27:00,298.0,371.0,371.0,0.0,73.0,73.0,False
2025-01-26 08:28:00,302.0,298.0,298.0,4.0,0.0,40.0,False
2025-01-26 08:29:00,217.0,302.0,302.0,0.0,85.0,85.0,False
2025-01-26 08:30:00,591.0,217.0,217.0,374.0,0.0,3740.0,False
2025-01-26 08:31:00,251.0,591.0,591.0,0.0,340.0,340.0,False
2025-01-26 08:32:00,361.0,251.0,251.0,110.0,0.0,1100.0,False
2025-01-26 08:33:00,395.0,361.0,361.0,34.0,0.0,340.0,False
2025-01-26 08:34:00,320.0,395.0,395.0,0.0,75.0,75.0,False
2025-01-26 08:35:00,259.0,320.0,320.0,0.0,61.0,61.0,False
2025-01-26 08:36:00,334.0,259.0,259.0,75.0,0.0,750.0,False
2025-01-26 08:37:00,316.0,334.0,334.0,0.0,18.0,18.0,False
2025-01-26 08:38:00,261.0,316.0,316.0,0.0,55.0,55.0,False
2025-01-26 08:39:00,250.0,261.0,261.0,0.0,11.0,11.0,False
2025-01-26 08:40:00,622.0,250.0,250.0,372.0,0.0,3720.0,False
2025-01-26 08:41:00,478.0,622.0,622.0,0.0,144.0,144.0,False
2025-01-26 08:42:00,363.0,478.0,478.0,0.0,115.0,115.0,False
2025-01-26 08:43:00,288.0,363.0,363.0,0.0,75.0,75.0,False
2025-01-26 08:44:00,267.0,288.0,288.0,0.0,21.0,21.0,False
2025-01-26 08:45:00,359.0,267.0,267.0,92.0,0.0,920.0,False
2025-01-26 08:46:00,294.0,359.0,359.0,0.0,65.0,65.0,False
2025-01-26 08:47:00,248.0,294.0,294.0,0.0,46.0,46.0,False
2025-01-26 08:48:00,299.0,248.0,248.0,51.0,0.0,510.0,False
2025-01-26 08:49:00,289.0,299.0,299.0,0.0,10.0,10.0,False
2025-01-26 08:50:00,474.0,289.0,289.0,185.0,0.0,1850.0,False
2025-01-26 08:51:00,329.0,474.0,474.0,0.0,145.0,145.0,False
2025-01-26 08:52:00,208.0,329.0,329.0,0.0,121.0,121.0,False
2025-01-26 08:53:00,266.0,208.0,208.0,58.0,0.0,580.0,False
2025-01-26 08:54:00,295.0,266.0,266.0,29.0,0.0,290.0,False
2025-01-26 08:55:00,301.0,295.0,295.0,6.0,0.0,60.0,False
2025-01-26 08:56:00,302.0,301.0,301.0,1.0,0.0,10.0,False
2025-01-26 08:57:00,267.0,302.0,302.0,0.0,35.0,35.0,False
2025-01-26 08:58:00,224.0,267.0,267.0,0.0,43.0,43.0,False
2025-01-26 08:59:00,251.0,224.0,224.0,27.0,0.0,270.0,False
2025-01-26 09:00:00,726.0,251.0,251.0,475.0,0.0,4750.0,False
2025-01-26 09:01:00,400.0,726.0,726.0,0.0,326.0,326.0,False
2025-01-26 09:02:00,508.0,400.0,400.0,108.0,0.0,1080.0,False
2025-01-26 09:03:00,396.0,508.0,508.0,0.0,112.0,112.0,False
2025-01-26 09:04:00,513.0,396.0,396.0,117.0,0.0,1170.0,False
2025-01-26 09:05:00,384.0,513.0,513.0,0.0,129.0,129.0,False
2025-01-26 09:06:00,325.0,384.0,384.0,0.0,59.0,59.0,False
2025-01-26 09:07:00,324.0,325.0,325.0,0.0,1.0,1.0,False
2025-01-26 09:08:00,346.0,324.0,324.0,22.0,0.0,220.0,False
2025-01-26 09:09:00,281.0,346.0,346.0,0.0,65.0,65.0,False
2025-01-26 09:10:00,576.0,281.0,281.0,295.0,0.0,2950.0,False
2025-01-26 09:11:00,279.0,576.0,576.0,0.0,297.0,297.0,False
2025-01-26 09:12:00,396.0,279.0,279.0,117.0,0.0,1170.0,False
2025-01-26 09:13:00,327.0,396.0,396.0,0.0,69.0,69.0,False
2025-01-26 09:14:00,335.0,327.0,327.0,8.0,0.0,80.0,False
2025-01-26 09:15:00,327.0,335.0,335.0,0.0,8.0,8.0,False
2025-01-26 09:16:00,291.0,327.0,327.0,0.0,36.0,36.0,False
2025-01-26 09:17:00,306.0,291.0,291.0,15.0,0.0,150.0,False
2025-01-26 09:18:00,298.0,306.0,306.0,0.0,8.0,8.0,False
2025-01-26 09:19:00,401.0,298.0,298.0,103.0,0.0,1030.0,False
2025-01-26 09:20:00,649.0,401.0,401.0,248.0,0.0,2480.0,False
2025-01-26 09:21:00,397.0,649.0,649.0,0.0,252.0,252.0,False
2025-01-26 09:22:00,275.0,397.0,397.0,0.0,122.0,122.0,False
2025-01-26 09:23:00,323.0,275.0,275.0,48.0,0.0,480.0,False
2025-01-26 09:24:00,280.0,323.0,323.0,0.0,43.0,43.0,False
2025-01-26 09:25:00,293.0,280.0,280.0,13.0,0.0,130.0,False
2025-01-26 09:26:00,321.0,293.0,293.0,28.0,0.0,280.0,False
2025-01-26 09:27:00,404.0,321.0,321.0,83.0,0.0,830.0,False
2025-01-26 09:28:00,249.0,404.0,404.0,0.0,155.0,155.0,False
2025-01-26 09:29:00,334.0,249.0,249.0,85.0,0.0,850.0,False
2025-01-26 09:30:00,632.0,334.0,334.0,298.0,0.0,2980.0,False
2025-01-26 09:31:00,376.0,632.0,632.0,0.0,256.0,256.0,False
2025-01-26 09:32:00,371.0,376.0,376.0,0.0,5.0,5.0,False
2025-01-26 09:33:00,571.0,371.0,371.0,200.0,0.0,2000.0,False
2025-01-26 09:34:00,446.0,571.0,571.0,0.0,125.0,125.0,False
2025-01-26 09:35:00,337.0,446.0,446.0,0.0,109.0,109.0,False
2025-01-26 09:36:00,409.0,337.0,337.0,72.0,0.0,720.0,False
2025-01-26 09:37:00,357.0,409.0,409.0,0.0,52.0,52.0,False
2025-01-26 09:38:00,369.0,357.0,357.0,12.0,0.0,120.0,False
2025-01-26 09:39:00,312.0,369.0,369.0,0.0,57.0,57.0,False
2025-01-26 09:40:00,642.0,312.0,312.0,330.0,0.0,3300.0,False
2025-01-26 09:41:00,303.0,642.0,642.0,0.0,339.0,339.0,False
2025-01-26 09:42:00,302.0,303.0,303.0,0.0,1.0,1.0,False
2025-01-26 09:43:00,272.0,302.0,302.0,0.0,30.0,30.0,False
2025-01-26 09:44:00,422.0,272.0,272.0,150.0,0.0,1500.0,False
2025-01-26 09:45:00,417.0,422.0,422.0,0.0,5.0,5.0,False
2025-01-26 09:46:00,315.0,417.0,417.0,0.0,102.0,102.0,False
2025-01-26 09:47:00,298.0,315.0,315.0,0.0,17.0,17.0,False
2025-01-26 09:48:00,273.0,298.0,298.0,0.0,25.0,25.0,False
2025-01-26 09:49:00,337.0,273.0,273.0,64.0,0.0,640.0,False
2025-01-26 09:50:00,561.0,337.0,337.0,224.0,0.0,2240.0,False
2025-01-26 09:51:00,440.0,561.0,561.0,0.0,121.0,121.0,False
2025-01-26 09:52:00,295.0,440.0,440.0,0.0,145.0,145.0,False
2025-01-26 09:53:00,249.0,295.0,295.0,0.0,46.0,46.0,False
2025-01-26 09:54:00,302.0,249.0,249.0,53.0,0.0,530.0,False
2025-01-26 09:55:00,248.0,302.0,302.0,0.0,54.0,54.0,False
2025-01-26 09:56:00,276.0,248.0,248.0,28.0,0.0,280.0,False
2025-01-26 09:57:00,281.0,276.0,276.0,5.0,0.0,50.0,False
2025-01-26 09:58:00,250.0,281.0,281.0,0.0,31.0,31.0,False
2025-01-26 09:59:00,277.0,250.0,250.0,27.0,0.0,270.0,False
2025-01-26 10:00:00,749.0,277.0,277.0,472.0,0.0,4720.0,True
2025-01-26 10:01:00,292.0,749.0,749.0,0.0,457.0,457.0,False
2025-01-26 10:02:00,328.0,292.0,292.0,36.0,0.0,360.0,False
2025-01-26 10:03:00,322.0,328.0,328.0,0.0,6.0,6.0,False
2025-01-26 10:04:00,380.0,322.0,322.0,58.0,0.0,580.0,False
2025-01-26 10:05:00,552.0,380.0,380.0,172.0,0.0,1720.0,False
2025-01-26 10:06:00,591.0,552.0,552.0,39.0,0.0,390.0,False
2025-01-26 10:07:00,396.0,591.0,591.0,0.0,195.0,195.0,False
2025-01-26 10:08:00,295.0,396.0,396.0,0.0,101.0,101.0,False
2025-01-26 10:09:00,375.0,295.0,295.0,80.0,0.0,800.0,False
2025-01-26 10:10:00,533.0,375.0,375.0,158.0,0.0,1580.0,False
2025-01-26 10:11:00,255.0,533.0,533.0,0.0,278.0,278.0,False
2025-01-26 10:12:00,283.0,255.0,255.0,28.0,0.0,280.0,False
2025-01-26 10:13:00,193.0,283.0,283.0,0.0,90.0,90.0,False
2025-01-26 10:14:00,244.0,193.0,193.0,51.0,0.0,510.0,False
2025-01-26 10:15:00,351.0,244.0,244.0,107.0,0.0,1070.0,False
2025-01-26 10:16:00,312.0,351.0,351.0,0.0,39.0,39.0,False
2025-01-26 10:17:00,224.0,312.0,312.0,0.0,88.0,88.0,False
2025-01-26 10:18:00,273.0,224.0,224.0,49.0,0.0,490.0,False
2025-01-26 10:19:00,243.0,273.0,273.0,0.0,30.0,30.0,False
2025-01-26 10:20:00,463.0,243.0,243.0,220.0,0.0,2200.0,False
2025-01-26 10:21:00,281.0,463.0,463.0,0.0,182.0,182.0,False
2025-01-26 10:22:00,284.0,281.0,281.0,3.0,0.0,30.0,False
2025-01-26 10:23:00,336.0,284.0,284.0,52.0,0.0,520.0,False
2025-01-26 10:24:00,254.0,336.0,336.0,0.0,82.0,82.0,False
2025-01-26 10:25:00,311.0,254.0,254.0,57.0,0.0,570.0,False
2025-01-26 10:26:00,315.0,311.0,311.0,4.0,0.0,40.0,False
2025-01-26 10:27:00,188.0,315.0,315.0,0.0,127.0,127.0,False
2025-01-26 10:28:00,288.0,188.0,188.0,100.0,0.0,1000.0,False
2025-01-26 10:29:00,332.0,288.0,288.0,44.0,0.0,440.0,False
2025-01-26 10:30:00,550.0,332.0,332.0,218.0,0.0,2180.0,False
2025-01-26 10:31:00,273.0,550.0,550.0,0.0,277.0,277.0,False
2025-01-26 10:32:00,274.0,273.0,273.0,1.0,0.0,10.0,False
2025-01-26 10:33:00,271.0,274.0,274.0,0.0,3.0,3.0,False
2025-01-26 10:34:00,275.0,271.0,271.0,4.0,0.0,40.0,False
2025-01-26 10:35:00,260.0,275.0,275.0,0.0,15.0,15.0,False
2025-01-26 10:36:00,282.0,260.0,260.0,22.0,0.0,220.0,False
2025-01-26 10:37:00,347.0,282.0,282.0,65.0,0.0,650.0,False
2025-01-26 10:38:00,189.0,347.0,347.0,0.0,158.0,158.0,False
2025-01-26 10:39:00,312.0,189.0,189.0,123.0,0.0,1230.0,False
2025-01-26 10:40:00,477.0,312.0,312.0,165.0,0.0,1650.0,False
2025-01-26 10:41:00,259.0,477.0,477.0,0.0,218.0,218.0,False
2025-01-26 10:42:00,221.0,259.0,259.0,0.0,38.0,38.0,False
2025-01-26 10:43:00,256.0,221.0,221.0,35.0,0.0,350.0,False
2025-01-26 10:44:00,213.0,256.0,256.0,0.0,43.0,43.0,False
2025-01-26 10:45:00,382.0,213.0,213.0,169.0,0.0,1690.0,False
2025-01-26 10:46:00,186.0,382.0,382.0,0.0,196.0,196.0,False
2025-01-26 10:47:00,214.0,186.0,186.0,28.0,0.0,280.0,False
2025-01-26 10:48:00,271.0,214.0,214.0,57.0,0.0,570.0,False
2025-01-26 10:49:00,182.0,271.0,271.0,0.0,89.0,89.0,False
2025-01-26 10:50:00,520.0,182.0,182.0,338.0,0.0,3380.0,False
2025-01-26 10:51:00,245.0,520.0,520.0,0.0,275.0,275.0,False
2025-01-26 10:52:00,241.0,245.0,245.0,0.0,4.0,4.0,False
2025-01-26 10:53:00,190.0,241.0,241.0,0.0,51.0,51.0,False
2025-01-26 10:54:00,235.0,190.0,190.0,45.0,0.0,450.0,False
2025-01-26 10:55:00,260.0,235.0,235.0,25.0,0.0,250.0,False
2025-01-26 10:56:00,173.0,260.0,260.0,0.0,87.0,87.0,False
2025-01-26 10:57:00,233.0,173.0,173.0,60.0,0.0,600.0,False
2025-01-26 10:58:00,249.0,233.0,233.0,16.0,0.0,160.0,False
2025-01-26 10:59:00,208.0,249.0,249.0,0.0,41.0,41.0,False
2025-01-26 11:00:00,621.0,208.0,208.0,413.0,0.0,4130.0,False
2025-01-26 11:01:00,299.0,621.0,621.0,0.0,322.0,322.0,False
2025-01-26 11:02:00,272.0,299.0,299.0,0.0,27.0,27.0,False
2025-01-26 11:03:00,325.0,272.0,272.0,53.0,0.0,530.0,False
2025-01-26 11:04:00,275.0,325.0,325.0,0.0,50.0,50.0,False
2025-01-26 11:05:00,299.0,275.0,275.0,24.0,0.0,240.0,False
2025-01-26 11:06:00,261.0,299.0,299.0,0.0,38.0,38.0,False
2025-01-26 11:07:00,216.0,261.0,261.0,0.0,45.0,45.0,False
2025-01-26 11:08:00,239.0,216.0,216.0,23.0,0.0,230.0,False
2025-01-26 11:09:00,227.0,239.0,239.0,0.0,12.0,12.0,False
2025-01-26 11:10:00,537.0,227.0,227.0,310.0,0.0,3100.0,False
2025-01-26 11:11:00,217.0,537.0,537.0,0.0,320.0,320.0,False
2025-01-26 11:12:00,209.0,217.0,217.0,0.0,8.0,8.0,False
2025-01-26 11:13:00,300.0,209.0,209.0,91.0,0.0,910.0,False
2025-01-26 11:14:00,164.0,300.0,300.0,0.0,136.0,136.0,False
2025-01-26 11:15:00,333.0,164.0,164.0,169.0,0.0,1690.0,False
2025-01-26 11:16:00,266.0,333.0,333.0,0.0,67.0,67.0,False
2025-01-26 11:17:00,213.0,266.0,266.0,0.0,53.0,53.0,False
2025-01-26 11:18:00,213.0,213.0,213.0,0.0,0.0,0.0,False
2025-01-26 11:19:00,220.0,213.0,213.0,7.0,0.0,70.0,False
2025-01-26 11:20:00,415.0,220.0,220.0,195.0,0.0,1950.0,False
2025-01-26 11:21:00,273.0,415.0,415.0,0.0,142.0,142.0,False
2025-01-26 11:22:00,197.0,273.0,273.0,0.0,76.0,76.0,False
2025-01-26 11:23:00,244.0,197.0,197.0,47.0,0.0,470.0,False
2025-01-26 11:24:00,254.0,244.0,244.0,10.0,0.0,100.0,False
2025-01-26 11:25:00,231.0,254.0,254.0,0.0,23.0,23.0,False
2025-01-26 11:26:00,262.0,231.0,231.0,31.0,0.0,310.0,False
2025-01-26 11:27:00,216.0,262.0,262.0,0.0,46.0,46.0,False
2025-01-26 11:28:00,253.0,216.0,216.0,37.0,0.0,370.0,False
2025-01-26 11:29:00,190.0,253.0,253.0,0.0,63.0,63.0,False
2025-01-26 11:30:00,594.0,190.0,190.0,404.0,0.0,4040.0,False
2025-01-26 11:31:00,269.0,594.0,594.0,0.0,325.0,325.0,False
2025-01-26 11:32:00,276.0,269.0,269.0,7.0,0.0,70.0,False
2025-01-26 11:33:00,386.0,276.0,276.0,110.0,0.0,1100.0,False
2025-01-26 11:34:00,325.0,386.0,386.0,0.0,61.0,61.0,False
2025-01-26 11:35:00,263.0,325.0,325.0,0.0,62.0,62.0,False
2025-01-26 11:36:00,302.0,263.0,263.0,39.0,0.0,390.0,False
2025-01-26 11:37:00,321.0,302.0,302.0,19.0,0.0,190.0,False
2025-01-26 11:38:00,188.0,321.0,321.0,0.0,133.0,133.0,False
2025-01-26 11:39:00,264.0,188.0,188.0,76.0,0.0,760.0,False
2025-01-26 11:40:00,488.0,264.0,264.0,224.0,0.0,2240.0,False
2025-01-26 11:41:00,211.0,488.0,488.0,0.0,277.0,277.0,False
2025-01-26 11:42:00,211.0,211.0,211.0,0.0,0.0,0.0,False
2025-01-26 11:43:00,223.0,211.0,211.0,12.0,0.0,120.0,False
2025-01-26 11:44:00,264.0,223.0,223.0,41.0,0.0,410.0,False
2025-01-26 11:45:00,332.0,264.0,264.0,68.0,0.0,680.0,False
2025-01-26 11:46:00,222.0,332.0,332.0,0.0,110.0,110.0,False
2025-01-26 11:47:00,170.0,222.0,222.0,0.0,52.0,52.0,False
2025-01-26 11:48:00,234.0,170.0,170.0,64.0,0.0,640.0,False
2025-01-26 11:49:00,309.0,234.0,234.0,75.0,0.0,750.0,False
2025-01-26 11:50:00,416.0,309.0,309.0,107.0,0.0,1070.0,False
2025-01-26 11:51:00,281.0,416.0,416.0,0.0,135.0,135.0,False
2025-01-26 11:52:00,200.0,281.0,281.0,0.0,81.0,81.0,False
2025-01-26 11:53:00,228.0,200.0,200.0,28.0,0.0,280.0,False
2025-01-26 11:54:00,224.0,228.0,228.0,0.0,4.0,4.0,False
2025-01-26 11:55:00,183.0,224.0,224.0,0.0,41.0,41.0,False
2025-01-26 11:56:00,204.0,183.0,183.0,21.0,0.0,210.0,False
2025-01-26 11:57:00,406.0,204.0,204.0,202.0,0.0,2020.0,False
2025-01-26 11:58:00,211.0,406.0,406.0,0.0,195.0,195.0,False
2025-01-26 11:59:00,213.0,211.0,211.0,2.0,0.0,20.0,False
2025-01-26 12:00:00,700.0,213.0,213.0,487.0,0.0,4870.0,False
2025-01-26 12:01:00,336.0,700.0,700.0,0.0,364.0,364.0,False
2025-01-26 12:02:00,270.0,336.0,336.0,0.0,66.0,66.0,False
2025-01-26 12:03:00,280.0,270.0,270.0,10.0,0.0,100.0,False
2025-01-26 12:04:00,262.0,280.0,280.0,0.0,18.0,18.0,False
2025-01-26 12:05:00,270.0,262.0,262.0,8.0,0.0,80.0,False
2025-01-26 12:06:00,293.0,270.0,270.0,23.0,0.0,230.0,False
2025-01-26 12:07:00,312.0,293.0,293.0,19.0,0.0,190.0,False
2025-01-26 12:08:00,195.0,312.0,312.0,0.0,117.0,117.0,False
2025-01-26 12:09:00,233.0,195.0,195.0,38.0,0.0,380.0,False
2025-01-26 12:10:00,517.0,233.0,233.0,284.0,0.0,2840.0,False
2025-01-26 12:11:00,243.0,517.0,517.0,0.0,274.0,274.0,False
2025-01-26 12:12:00,323.0,243.0,243.0,80.0,0.0,800.0,False
2025-01-26 12:13:00,295.0,323.0,323.0,0.0,28.0,28.0,False
2025-01-26 12:14:00,220.0,295.0,295.0,0.0,75.0,75.0,False
2025-01-26 12:15:00,371.0,220.0,220.0,151.0,0.0,1510.0,False
2025-01-26 12:16:00,216.0,371.0,371.0,0.0,155.0,155.0,False
2025-01-26 12:17:00,203.0,216.0,216.0,0.0,13.0,13.0,False
2025-01-26 12:18:00,168.0,203.0,203.0,0.0,35.0,35.0,False
2025-01-26 12:19:00,193.0,168.0,168.0,25.0,0.0,250.0,False
2025-01-26 12:20:00,465.0,193.0,193.0,272.0,0.0,2720.0,False
2025-01-26 12:21:00,346.0,465.0,465.0,0.0,119.0,119.0,False
2025-01-26 12:22:00,282.0,346.0,346.0,0.0,64.0,64.0,False
2025-01-26 12:23:00,207.0,282.0,282.0,0.0,75.0,75.0,False
2025-01-26 12:24:00,202.0,207.0,207.0,0.0,5.0,5.0,False
2025-01-26 12:25:00,234.0,202.0,202.0,32.0,0.0,320.0,False
2025-01-26 12:26:00,199.0,234.0,234.0,0.0,35.0,35.0,False
2025-01-26 12:27:00,198.0,199.0,199.0,0.0,1.0,1.0,False
2025-01-26 12:28:00,210.0,198.0,198.0,12.0,0.0,120.0,False
2025-01-26 12:29:00,255.0,210.0,210.0,45.0,0.0,450.0,False
2025-01-26 12:30:00,524.0,255.0,255.0,269.0,0.0,2690.0,False
2025-01-26 12:31:00,215.0,524.0,524.0,0.0,309.0,309.0,False
2025-01-26 12:32:00,265.0,215.0,215.0,50.0,0.0,500.0,False
2025-01-26 12:33:00,230.0,265.0,265.0,0.0,35.0,35.0,False
2025-01-26 12:34:00,239.0,230.0,230.0,9.0,0.0,90.0,False
2025-01-26 12:35:00,249.0,239.0,239.0,10.0,0.0,100.0,False
2025-01-26 12:36:00,259.0,249.0,249.0,10.0,0.0,100.0,False
2025-01-26 12:37:00,234.0,259.0,259.0,0.0,25.0,25.0,False
2025-01-26 12:38:00,172.0,234.0,234.0,0.0,62.0,62.0,False
2025-01-26 12:39:00,216.0,172.0,172.0,44.0,0.0,440.0,False
2025-01-26 12:40:00,520.0,216.0,216.0,304.0,0.0,3040.0,False
2025-01-26 12:41:00,198.0,520.0,520.0,0.0,322.0,322.0,False
2025-01-26 12:42:00,242.0,198.0,198.0,44.0,0.0,440.0,False
2025-01-26 12:43:00,223.0,242.0,242.0,0.0,19.0,19.0,False
2025-01-26 12:44:00,211.0,223.0,223.0,0.0,12.0,12.0,False
2025-01-26 12:45:00,214.0,211.0,211.0,3.0,0.0,30.0,False
2025-01-26 12:46:00,204.0,214.0,214.0,0.0,10.0,10.0,False
2025-01-26 12:47:00,176.0,204.0,204.0,0.0,28.0,28.0,False
2025-01-26 12:48:00,182.0,176.0,176.0,6.0,0.0,60.0,False
2025-01-26 12:49:00,203.0,182.0,182.0,21.0,0.0,210.0,False
2025-01-26 12:50:00,405.0,203.0,203.0,202.0,0.0,2020.0,False
2025-01-26 12:51:00,217.0,405.0,405.0,0.0,188.0,188.0,False
2025-01-26 12:52:00,156.0,217.0,217.0,0.0,61.0,61.0,False
2025-01-26 12:53:00,156.0,156.0,156.0,0.0,0.0,0.0,False
2025-01-26 12:54:00,234.0,156.0,156.0,78.0,0.0,780.0,False
2025-01-26 12:55:00,174.0,234.0,234.0,0.0,60.0,60.0,False
2025-01-26 12:56:00,175.0,174.0,174.0,1.0,0.0,10.0,False
2025-01-26 12:57:00,160.0,175.0,175.0,0.0,15.0,15.0,False
2025-01-26 12:58:00,164.0,160.0,160.0,4.0,0.0,40.0,False
2025-01-26 12:59:00,151.0,164.0,164.0,0.0,13.0,13.0,False
2025-01-26 13:00:00,595.0,151.0,151.0,444.0,0.0,4440.0,False
2025-01-26 13:01:00,205.0,595.0,595.0,0.0,390.0,390.0,False
2025-01-26 13:02:00,283.0,205.0,205.0,78.0,0.0,780.0,False
2025-01-26 13:03:00,257.0,283.0,283.0,0.0,26.0,26.0,False
2025-01-26 13:04:00,290.0,257.0,257.0,33.0,0.0,330.0,False
2025-01-26 13:05:00,186.0,290.0,290.0,0.0,104.0,104.0,False
2025-01-26 13:06:00,228.0,186.0,186.0,42.0,0.0,420.0,False
2025-01-26 13:07:00,241.0,228.0,228.0,13.0,0.0,130.0,False
2025-01-26 13:08:00,206.0,241.0,241.0,0.0,35.0,35.0,False
2025-01-26 13:09:00,210.0,206.0,206.0,4.0,0.0,40.0,False
2025-01-26 13:10:00,520.0,210.0,210.0,310.0,0.0,3100.0,False
2025-01-26 13:11:00,242.0,520.0,520.0,0.0,278.0,278.0,False
2025-01-26 13:12:00,225.0,242.0,242.0,0.0,17.0,17.0,False
2025-01-26 13:13:00,213.0,225.0,225.0,0.0,12.0,12.0,False
2025-01-26 13:14:00,226.0,213.0,213.0,13.0,0.0,130.0,False
2025-01-26 13:15:00,227.0,226.0,226.0,1.0,0.0,10.0,False
2025-01-26 13:16:00,266.0,227.0,227.0,39.0,0.0,390.0,False
2025-01-26 13:17:00,151.0,266.0,266.0,0.0,115.0,115.0,False
2025-01-26 13:18:00,195.0,151.0,151.0,44.0,0.0,440.0,False
2025-01-26 13:19:00,189.0,195.0,195.0,0.0,6.0,6.0,False
2025-01-26 13:20:00,439.0,189.0,189.0,250.0,0.0,2500.0,False
2025-01-26 13:21:00,188.0,439.0,439.0,0.0,251.0,251.0,False
2025-01-26 13:22:00,219.0,188.0,188.0,31.0,0.0,310.0,False
2025-01-26 13:23:00,224.0,219.0,219.0,5.0,0.0,50.0,False
2025-01-26 13:24:00,253.0,224.0,224.0,29.0,0.0,290.0,False
2025-01-26 13:25:00,188.0,253.0,253.0,0.0,65.0,65.0,False
2025-01-26 13:26:00,188.0,188.0,188.0,0.0,0.0,0.0,False
2025-01-26 13:27:00,192.0,188.0,188.0,4.0,0.0,40.0,False
2025-01-26 13:28:00,171.0,192.0,192.0,0.0,21.0,21.0,False
2025-01-26 13:29:00,175.0,171.0,171.0,4.0,0.0,40.0,False
2025-01-26 13:30:00,522.0,175.0,175.0,347.0,0.0,3470.0,False
2025-01-26 13:31:00,268.0,522.0,522.0,0.0,254.0,254.0,False
2025-01-26 13:32:00,217.0,268.0,268.0,0.0,51.0,51.0,False
2025-01-26 13:33:00,196.0,217.0,217.0,0.0,21.0,21.0,False
2025-01-26 13:34:00,238.0,196.0,196.0,42.0,0.0,420.0,False
2025-01-26 13:35:00,244.0,238.0,238.0,6.0,0.0,60.0,False
2025-01-26 13:36:00,225.0,244.0,244.0,0.0,19.0,19.0,False
2025-01-26 13:37:00,208.0,225.0,225.0,0.0,17.0,17.0,False
2025-01-26 13:38:00,163.0,208.0,208.0,0.0,45.0,45.0,False
2025-01-26 13:39:00,244.0,163.0,163.0,81.0,0.0,810.0,False
2025-01-26 13:40:00,532.0,244.0,244.0,288.0,0.0,2880.0,False
2025-01-26 13:41:00,237.0,532.0,532.0,0.0,295.0,295.0,False
2025-01-26 13:42:00,197.0,237.0,237.0,0.0,40.0,40.0,False
2025-01-26 13:43:00,285.0,197.0,197.0,88.0,0.0,880.0,False
2025-01-26 13:44:00,264.0,285.0,285.0,0.0,21.0,21.0,False
2025-01-26 13:45:00,208.0,264.0,264.0,0.0,56.0,56.0,False
2025-01-26 13:46:00,213.0,208.0,208.0,5.0,0.0,50.0,False
2025-01-26 13:47:00,228.0,213.0,213.0,15.0,0.0,150.0,False
2025-01-26 13:48:00,181.0,228.0,228.0,0.0,47.0,47.0,False
2025-01-26 13:49:00,237.0,181.0,181.0,56.0,0.0,560.0,False
2025-01-26 13:50:00,434.0,237.0,237.0,197.0,0.0,1970.0,False
2025-01-26 13:51:00,219.0,434.0,434.0,0.0,215.0,215.0,False
2025-01-26 13:52:00,168.0,219.0,219.0,0.0,51.0,51.0,False
2025-01-26 13:53:00,179.0,168.0,168.0,11.0,0.0,110.0,False
2025-01-26 13:54:00,195.0,179.0,179.0,16.0,0.0,160.0,False
2025-01-26 13:55:00,175.0,195.0,195.0,0.0,20.0,20.0,False
2025-01-26 13:56:00,225.0,175.0,175.0,50.0,0.0,500.0,False
2025-01-26 13:57:00,169.0,225.0,225.0,0.0,56.0,56.0,False
2025-01-26 13:58:00,154.0,169.0,169.0,0.0,15.0,15.0,False
2025-01-26 13:59:00,145.0,154.0,154.0,0.0,9.0,9.0,False
2025-01-26 14:00:00,583.0,145.0,145.0,438.0,0.0,4380.0,False
2025-01-26 14:01:00,237.0,583.0,583.0,0.0,346.0,346.0,False
2025-01-26 14:02:00,247.0,237.0,237.0,10.0,0.0,100.0,False
2025-01-26 14:03:00,281.0,247.0,247.0,34.0,0.0,340.0,False
2025-01-26 14:04:00,245.0,281.0,281.0,0.0,36.0,36.0,False
2025-01-26 14:05:00,215.0,245.0,245.0,0.0,30.0,30.0,False
2025-01-26 14:06:00,245.0,215.0,215.0,30.0,0.0,300.0,False
2025-01-26 14:07:00,239.0,245.0,245.0,0.0,6.0,6.0,False
2025-01-26 14:08:00,184.0,239.0,239.0,0.0,55.0,55.0,False
2025-01-26 14:09:00,173.0,184.0,184.0,0.0,11.0,11.0,False
2025-01-26 14:10:00,489.0,173.0,173.0,316.0,0.0,3160.0,False
2025-01-26 14:11:00,158.0,489.0,489.0,0.0,331.0,331.0,False
2025-01-26 14:12:00,184.0,158.0,158.0,26.0,0.0,260.0,False
2025-01-26 14:13:00,211.0,184.0,184.0,27.0,0.0,270.0,False
2025-01-26 14:14:00,178.0,211.0,211.0,0.0,33.0,33.0,False
2025-01-26 14:15:00,207.0,178.0,178.0,29.0,0.0,290.0,False
2025-01-26 14:16:00,168.0,207.0,207.0,0.0,39.0,39.0,False
2025-01-26 14:17:00,147.0,168.0,168.0,0.0,21.0,21.0,False
2025-01-26 14:18:00,165.0,147.0,147.0,18.0,0.0,180.0,False
2025-01-26 14:19:00,168.0,165.0,165.0,3.0,0.0,30.0,False
2025-01-26 14:20:00,400.0,168.0,168.0,232.0,0.0,2320.0,False
2025-01-26 14:21:00,191.0,400.0,400.0,0.0,209.0,209.0,False
2025-01-26 14:22:00,160.0,191.0,191.0,0.0,31.0,31.0,False
2025-01-26 14:23:00,170.0,160.0,160.0,10.0,0.0,100.0,False
2025-01-26 14:24:00,211.0,170.0,170.0,41.0,0.0,410.0,False
2025-01-26 14:25:00,189.0,211.0,211.0,0.0,22.0,22.0,False
2025-01-26 14:26:00,176.0,189.0,189.0,0.0,13.0,13.0,False
2025-01-26 14:27:00,172.0,176.0,176.0,0.0,4.0,4.0,False
2025-01-26 14:28:00,157.0,172.0,172.0,0.0,15.0,15.0,False
2025-01-26 14:29:00,131.0,157.0,157.0,0.0,26.0,26.0,False
2025-01-26 14:30:00,457.0,131.0,131.0,326.0,0.0,3260.0,False
2025-01-26 14:31:00,200.0,457.0,457.0,0.0,257.0,257.0,False
2025-01-26 14:32:00,226.0,200.0,200.0,26.0,0.0,260.0,False
2025-01-26 14:33:00,212.0,226.0,226.0,0.0,14.0,14.0,False
2025-01-26 14:34:00,214.0,212.0,212.0,2.0,0.0,20.0,False
2025-01-26 14:35:00,204.0,214.0,214.0,0.0,10.0,10.0,False
2025-01-26 14:36:00,196.0,204.0,204.0,0.0,8.0,8.0,False
2025-01-26 14:37:00,196.0,196.0,196.0,0.0,0.0,0.0,False
2025-01-26 14:38:00,149.0,196.0,196.0,0.0,47.0,47.0,False
2025-01-26 14:39:00,242.0,149.0,149.0,93.0,0.0,930.0,False
2025-01-26 14:40:00,458.0,242.0,242.0,216.0,0.0,2160.0,False
2025-01-26 14:41:00,266.0,458.0,458.0,0.0,192.0,192.0,False
2025-01-26 14:42:00,209.0,266.0,266.0,0.0,57.0,57.0,False
2025-01-26 14:43:00,205.0,209.0,209.0,0.0,4.0,4.0,False
2025-01-26 14:44:00,882.0,205.0,205.0,677.0,0.0,6770.0,True
2025-01-26 14:45:00,1748.0,882.0,882.0,866.0,0.0,8660.0,True
2025-01-26 14:46:00,418.0,1748.0,1748.0,0.0,1330.0,1330.0,False
2025-01-26 14:47:00,147.0,418.0,418.0,0.0,271.0,271.0,False
2025-01-26 14:48:00,156.0,147.0,147.0,9.0,0.0,90.0,False
2025-01-26 14:49:00,181.0,156.0,156.0,25.0,0.0,250.0,False
2025-01-26 14:50:00,443.0,181.0,181.0,262.0,0.0,2620.0,False
2025-01-26 14:51:00,192.0,443.0,443.0,0.0,251.0,251.0,False
2025-01-26 14:52:00,153.0,192.0,192.0,0.0,39.0,39.0,False
2025-01-26 14:53:00,174.0,153.0,153.0,21.0,0.0,210.0,False
2025-01-26 14:54:00,299.0,174.0,174.0,125.0,0.0,1250.0,False
2025-01-26 14:55:00,184.0,299.0,299.0,0.0,115.0,115.0,False
2025-01-26 14:56:00,217.0,184.0,184.0,33.0,0.0,330.0,False
2025-01-26 14:57:00,171.0,217.0,217.0,0.0,46.0,46.0,False
2025-01-26 14:58:00,125.0,171.0,171.0,0.0,46.0,46.0,False
2025-01-26 14:59:00,160.0,125.0,125.0,35.0,0.0,350.0,False
2025-01-26 15:00:00,565.0,160.0,160.0,405.0,0.0,4050.0,False
2025-01-26 15:01:00,205.0,565.0,565.0,0.0,360.0,360.0,False
2025-01-26 15:02:00,210.0,205.0,205.0,5.0,0.0,50.0,False
2025-01-26 15:03:00,281.0,210.0,210.0,71.0,0.0,710.0,False
2025-01-26 15:04:00,210.0,281.0,281.0,0.0,71.0,71.0,False
2025-01-26 15:05:00,223.0,210.0,210.0,13.0,0.0,130.0,False
2025-01-26 15:06:00,276.0,223.0,223.0,53.0,0.0,530.0,False
2025-01-26 15:07:00,232.0,276.0,276.0,0.0,44.0,44.0,False
2025-01-26 15:08:00,209.0,232.0,232.0,0.0,23.0,23.0,False
2025-01-26 15:09:00,181.0,209.0,209.0,0.0,28.0,28.0,False
2025-01-26 15:10:00,457.0,181.0,181.0,276.0,0.0,2760.0,False
2025-01-26 15:11:00,168.0,457.0,457.0,0.0,289.0,289.0,False
2025-01-26 15:12:00,192.0,168.0,168.0,24.0,0.0,240.0,False
2025-01-26 15:13:00,193.0,192.0,192.0,1.0,0.0,10.0,False
2025-01-26 15:14:00,154.0,193.0,193.0,0.0,39.0,39.0,False
2025-01-26 15:15:00,208.0,154.0,154.0,54.0,0.0,540.0,False
2025-01-26 15:16:00,222.0,208.0,208.0,14.0,0.0,140.0,False
2025-01-26 15:17:00,133.0,222.0,222.0,0.0,89.0,89.0,False
2025-01-26 15:18:00,141.0,133.0,133.0,8.0,0.0,80.0,False
2025-01-26 15:19:00,189.0,141.0,141.0,48.0,0.0,480.0,False
2025-01-26 15:20:00,429.0,189.0,189.0,240.0,0.0,2400.0,False
2025-01-26 15:21:00,205.0,429.0,429.0,0.0,224.0,224.0,False
2025-01-26 15:22:00,210.0,205.0,205.0,5.0,0.0,50.0,False
2025-01-26 15:23:00,190.0,210.0,210.0,0.0,20.0,20.0,False
2025-01-26 15:24:00,215.0,190.0,190.0,25.0,0.0,250.0,False
2025-01-26 15:25:00,292.0,215.0,215.0,77.0,0.0,770.0,False
2025-01-26 15:26:00,175.0,292.0,292.0,0.0,117.0,117.0,False
2025-01-26 15:27:00,218.0,175.0,175.0,43.0,0.0,430.0,False
2025-01-26 15:28:00,143.0,218.0,218.0,0.0,75.0,75.0,False
2025-01-26 15:29:00,193.0,143.0,143.0,50.0,0.0,500.0,False
2025-01-26 15:30:00,481.0,193.0,193.0,288.0,0.0,2880.0,False
2025-01-26 15:31:00,171.0,481.0,481.0,0.0,310.0,310.0,False
2025-01-26 15:32:00,242.0,171.0,171.0,71.0,0.0,710.0,False
2025-01-26 15:33:00,208.0,242.0,242.0,0.0,34.0,34.0,False
2025-01-26 15:34:00,241.0,208.0,208.0,33.0,0.0,330.0,False
2025-01-26 15:35:00,243.0,241.0,241.0,2.0,0.0,20.0,False
2025-01-26 15:36:00,259.0,243.0,243.0,16.0,0.0,160.0,False
2025-01-26 15:37:00,170.0,259.0,259.0,0.0,89.0,89.0,False
2025-01-26 15:38:00,157.0,170.0,170.0,0.0,13.0,13.0,False
2025-01-26 15:39:00,168.0,157.0,157.0,11.0,0.0,110.0,False
2025-01-26 15:40:00,431.0,168.0,168.0,263.0,0.0,2630.0,False
2025-01-26 15:41:00,266.0,431.0,431.0,0.0,165.0,165.0,False
2025-01-26 15:42:00,231.0,266.0,266.0,0.0,35.0,35.0,False
2025-01-26 15:43:00,185.0,231.0,231.0,0.0,46.0,46.0,False
2025-01-26 15:44:00,204.0,185.0,185.0,19.0,0.0,190.0,False
2025-01-26 15:45:00,214.0,204.0,204.0,10.0,0.0,100.0,False
2025-01-26 15:46:00,199.0,214.0,214.0,0.0,15.0,15.0,False
2025-01-26 15:47:00,153.0,199.0,199.0,0.0,46.0,46.0,False
2025-01-26 15:48:00,206.0,153.0,153.0,53.0,0.0,530.0,False
2025-01-26 15:49:00,159.0,206.0,206.0,0.0,47.0,47.0,False
2025-01-26 15:50:00,391.0,159.0,159.0,232.0,0.0,2320.0,False
2025-01-26 15:51:00,199.0,391.0,391.0,0.0,192.0,192.0,False
2025-01-26 15:52:00,125.0,199.0,199.0,0.0,74.0,74.0,False
2025-01-26 15:53:00,165.0,125.0,125.0,40.0,0.0,400.0,False
2025-01-26 15:54:00,199.0,165.0,165.0,34.0,0.0,340.0,False
2025-01-26 15:55:00,176.0,199.0,199.0,0.0,23.0,23.0,False
2025-01-26 15:56:00,181.0,176.0,176.0,5.0,0.0,50.0,False
2025-01-26 15:57:00,153.0,181.0,181.0,0.0,28.0,28.0,False
2025-01-26 15:58:00,109.0,153.0,153.0,0.0,44.0,44.0,False
2025-01-26 15:59:00,167.0,109.0,109.0,58.0,0.0,580.0,False
2025-01-26 16:00:00,656.0,167.0,167.0,489.0,0.0,4890.0,False
2025-01-26 16:01:00,234.0,656.0,656.0,0.0,422.0,422.0,False
2025-01-26 16:02:00,223.0,234.0,234.0,0.0,11.0,11.0,False
2025-01-26 16:03:00,251.0,223.0,223.0,28.0,0.0,280.0,False
2025-01-26 16:04:00,196.0,251.0,251.0,0.0,55.0,55.0,False
2025-01-26 16:05:00,227.0,196.0,196.0,31.0,0.0,310.0,False
2025-01-26 16:06:00,252.0,227.0,227.0,25.0,0.0,250.0,False
2025-01-26 16:07:00,311.0,252.0,252.0,59.0,0.0,590.0,False
2025-01-26 16:08:00,142.0,311.0,311.0,0.0,169.0,169.0,False
2025-01-26 16:09:00,211.0,142.0,142.0,69.0,0.0,690.0,False
2025-01-26 16:10:00,464.0,211.0,211.0,253.0,0.0,2530.0,False
2025-01-26 16:11:00,188.0,464.0,464.0,0.0,276.0,276.0,False
2025-01-26 16:12:00,180.0,188.0,188.0,0.0,8.0,8.0,False
2025-01-26 16:13:00,214.0,180.0,180.0,34.0,0.0,340.0,False
2025-01-26 16:14:00,138.0,214.0,214.0,0.0,76.0,76.0,False
2025-01-26 16:15:00,199.0,138.0,138.0,61.0,0.0,610.0,False
2025-01-26 16:16:00,180.0,199.0,199.0,0.0,19.0,19.0,False
2025-01-26 16:17:00,134.0,180.0,180.0,0.0,46.0,46.0,False
2025-01-26 16:18:00,133.0,134.0,134.0,0.0,1.0,1.0,False
2025-01-26 16:19:00,159.0,133.0,133.0,26.0,0.0,260.0,False
2025-01-26 16:20:00,514.0,159.0,159.0,355.0,0.0,3550.0,False
2025-01-26 16:21:00,177.0,514.0,514.0,0.0,337.0,337.0,False
2025-01-26 16:22:00,152.0,177.0,177.0,0.0,25.0,25.0,False
2025-01-26 16:23:00,175.0,152.0,152.0,23.0,0.0,230.0,False
2025-01-26 16:24:00,202.0,175.0,175.0,27.0,0.0,270.0,False
2025-01-26 16:25:00,158.0,202.0,202.0,0.0,44.0,44.0,False
2025-01-26 16:26:00,145.0,158.0,158.0,0.0,13.0,13.0,False
2025-01-26 16:27:00,201.0,145.0,145.0,56.0,0.0,560.0,False
2025-01-26 16:28:00,130.0,201.0,201.0,0.0,71.0,71.0,False
2025-01-26 16:29:00,148.0,130.0,130.0,18.0,0.0,180.0,False
2025-01-26 16:30:00,506.0,148.0,148.0,358.0,0.0,3580.0,False
2025-01-26 16:31:00,202.0,506.0,506.0,0.0,304.0,304.0,False
2025-01-26 16:32:00,169.0,202.0,202.0,0.0,33.0,33.0,False
2025-01-26 16:33:00,201.0,169.0,169.0,32.0,0.0,320.0,False
2025-01-26 16:34:00,261.0,201.0,201.0,60.0,0.0,600.0,False
2025-01-26 16:35:00,196.0,261.0,261.0,0.0,65.0,65.0,False
2025-01-26 16:36:00,228.0,196.0,196.0,32.0,0.0,320.0,False
2025-01-26 16:37:00,192.0,228.0,228.0,0.0,36.0,36.0,False
2025-01-26 16:38:00,163.0,192.0,192.0,0.0,29.0,29.0,False
2025-01-26 16:39:00,176.0,163.0,163.0,13.0,0.0,130.0,False
2025-01-26 16:40:00,424.0,176.0,176.0,248.0,0.0,2480.0,False
2025-01-26 16:41:00,223.0,424.0,424.0,0.0,201.0,201.0,False
2025-01-26 16:42:00,224.0,223.0,223.0,1.0,0.0,10.0,False
2025-01-26 16:43:00,216.0,224.0,224.0,0.0,8.0,8.0,False
2025-01-26 16:44:00,157.0,216.0,216.0,0.0,59.0,59.0,False
2025-01-26 16:45:00,203.0,157.0,157.0,46.0,0.0,460.0,False
2025-01-26 16:46:00,193.0,203.0,203.0,0.0,10.0,10.0,False
2025-01-26 16:47:00,146.0,193.0,193.0,0.0,47.0,47.0,False
2025-01-26 16:48:00,145.0,146.0,146.0,0.0,1.0,1.0,False
2025-01-26 16:49:00,130.0,145.0,145.0,0.0,15.0,15.0,False
2025-01-26 16:50:00,429.0,130.0,130.0,299.0,0.0,2990.0,False
2025-01-26 16:51:00,199.0,429.0,429.0,0.0,230.0,230.0,False
2025-01-26 16:52:00,142.0,199.0,199.0,0.0,57.0,57.0,False
2025-01-26 16:53:00,228.0,142.0,142.0,86.0,0.0,860.0,False
2025-01-26 16:54:00,163.0,228.0,228.0,0.0,65.0,65.0,False
2025-01-26 16:55:00,164.0,163.0,163.0,1.0,0.0,10.0,False
2025-01-26 16:56:00,128.0,164.0,164.0,0.0,36.0,36.0,False
2025-01-26 16:57:00,189.0,128.0,128.0,61.0,0.0,610.0,False
2025-01-26 16:58:00,116.0,189.0,189.0,0.0,73.0,73.0,False
2025-01-26 16:59:00,101.0,116.0,116.0,0.0,15.0,15.0,False
2025-01-26 17:00:00,536.0,101.0,101.0,435.0,0.0,4350.0,False
2025-01-26 17:01:00,543.0,536.0,536.0,7.0,0.0,70.0,False
2025-01-26 17:02:00,240.0,543.0,543.0,0.0,303.0,303.0,False
2025-01-26 17:03:00,238.0,240.0,240.0,0.0,2.0,2.0,False
2025-01-26 17:04:00,270.0,238.0,238.0,32.0,0.0,320.0,False
2025-01-26 17:05:00,251.0,270.0,270.0,0.0,19.0,19.0,False
2025-01-26 17:06:00,235.0,251.0,251.0,0.0,16.0,16.0,False
2025-01-26 17:07:00,240.0,235.0,235.0,5.0,0.0,50.0,False
2025-01-26 17:08:00,173.0,240.0,240.0,0.0,67.0,67.0,False
2025-01-26 17:09:00,171.0,173.0,173.0,0.0,2.0,2.0,False
2025-01-26 17:10:00,432.0,171.0,171.0,261.0,0.0,2610.0,False
2025-01-26 17:11:00,193.0,432.0,432.0,0.0,239.0,239.0,False
2025-01-26 17:12:00,165.0,193.0,193.0,0.0,28.0,28.0,False
2025-01-26 17:13:00,153.0,165.0,165.0,0.0,12.0,12.0,False
2025-01-26 17:14:00,119.0,153.0,153.0,0.0,34.0,34.0,False
2025-01-26 17:15:00,183.0,119.0,119.0,64.0,0.0,640.0,False
2025-01-26 17:16:00,140.0,183.0,183.0,0.0,43.0,43.0,False
2025-01-26 17:17:00,119.0,140.0,140.0,0.0,21.0,21.0,False
2025-01-26 17:18:00,155.0,119.0,119.0,36.0,0.0,360.0,False
2025-01-26 17:19:00,98.0,155.0,155.0,0.0,57.0,57.0,False
2025-01-26 17:20:00,412.0,98.0,98.0,314.0,0.0,3140.0,False
2025-01-26 17:21:00,151.0,412.0,412.0,0.0,261.0,261.0,False
2025-01-26 17:22:00,115.0,151.0,151.0,0.0,36.0,36.0,False
2025-01-26 17:23:00,153.0,115.0,115.0,38.0,0.0,380.0,False
2025-01-26 17:24:00,199.0,153.0,153.0,46.0,0.0,460.0,False
2025-01-26 17:25:00,140.0,199.0,199.0,0.0,59.0,59.0,False
2025-01-26 17:26:00,133.0,140.0,140.0,0.0,7.0,7.0,False
2025-01-26 17:27:00,340.0,133.0,133.0,207.0,0.0,2070.0,False
2025-01-26 17:28:00,125.0,340.0,340.0,0.0,215.0,215.0,False
2025-01-26 17:29:00,130.0,125.0,125.0,5.0,0.0,50.0,False
2025-01-26 17:30:00,423.0,130.0,130.0,293.0,0.0,2930.0,False
2025-01-26 17:31:00,158.0,423.0,423.0,0.0,265.0,265.0,False
2025-01-26 17:32:00,215.0,158.0,158.0,57.0,0.0,570.0,False
2025-01-26 17:33:00,182.0,215.0,215.0,0.0,33.0,33.0,False
2025-01-26 17:34:00,219.0,182.0,182.0,37.0,0.0,370.0,False
2025-01-26 17:35:00,172.0,219.0,219.0,0.0,47.0,47.0,False
2025-01-26 17:36:00,173.0,172.0,172.0,1.0,0.0,10.0,False
2025-01-26 17:37:00,173.0,173.0,173.0,0.0,0.0,0.0,False
2025-01-26 17:38:00,127.0,173.0,173.0,0.0,46.0,46.0,False
2025-01-26 17:39:00,144.0,127.0,127.0,17.0,0.0,170.0,False
2025-01-26 17:40:00,414.0,144.0,144.0,270.0,0.0,2700.0,False
2025-01-26 17:41:00,128.0,414.0,414.0,0.0,286.0,286.0,False
2025-01-26 17:42:00,161.0,128.0,128.0,33.0,0.0,330.0,False
2025-01-26 17:43:00,206.0,161.0,161.0,45.0,0.0,450.0,False
2025-01-26 17:44:00,159.0,206.0,206.0,0.0,47.0,47.0,False
2025-01-26 17:45:00,327.0,159.0,159.0,168.0,0.0,1680.0,False
2025-01-26 17:46:00,305.0,327.0,327.0,0.0,22.0,22.0,False
2025-01-26 17:47:00,264.0,305.0,305.0,0.0,41.0,41.0,False
2025-01-26 17:48:00,126.0,264.0,264.0,0.0,138.0,138.0,False
2025-01-26 17:49:00,116.0,126.0,126.0,0.0,10.0,10.0,False
2025-01-26 17:50:00,384.0,116.0,116.0,268.0,0.0,2680.0,False
2025-01-26 17:51:00,162.0,384.0,384.0,0.0,222.0,222.0,False
2025-01-26 17:52:00,126.0,162.0,162.0,0.0,36.0,36.0,False
2025-01-26 17:53:00,124.0,126.0,126.0,0.0,2.0,2.0,False
2025-01-26 17:54:00,172.0,124.0,124.0,48.0,0.0,480.0,False
2025-01-26 17:55:00,148.0,172.0,172.0,0.0,24.0,24.0,False
2025-01-26 17:56:00,151.0,148.0,148.0,3.0,0.0,30.0,False
2025-01-26 17:57:00,199.0,151.0,151.0,48.0,0.0,480.0,False
2025-01-26 17:58:00,135.0,199.0,199.0,0.0,64.0,64.0,False
2025-01-26 17:59:00,173.0,135.0,135.0,38.0,0.0,380.0,False
2025-01-26 18:00:00,463.0,173.0,173.0,290.0,0.0,2900.0,False
2025-01-26 18:01:00,228.0,463.0,463.0,0.0,235.0,235.0,False
2025-01-26 18:02:00,181.0,228.0,228.0,0.0,47.0,47.0,False
2025-01-26 18:03:00,233.0,181.0,181.0,52.0,0.0,520.0,False
2025-01-26 18:04:00,644.0,233.0,233.0,411.0,0.0,4110.0,False
2025-01-26 18:05:00,199.0,644.0,644.0,0.0,445.0,445.0,False
2025-01-26 18:06:00,267.0,199.0,199.0,68.0,0.0,680.0,False
2025-01-26 18:07:00,174.0,267.0,267.0,0.0,93.0,93.0,False
2025-01-26 18:08:00,160.0,174.0,174.0,0.0,14.0,14.0,False
2025-01-26 18:09:00,223.0,160.0,160.0,63.0,0.0,630.0,False
2025-01-26 18:10:00,384.0,223.0,223.0,161.0,0.0,1610.0,False
2025-01-26 18:11:00,145.0,384.0,384.0,0.0,239.0,239.0,False
2025-01-26 18:12:00,147.0,145.0,145.0,2.0,0.0,20.0,False
2025-01-26 18:13:00,139.0,147.0,147.0,0.0,8.0,8.0,False
2025-01-26 18:14:00,196.0,139.0,139.0,57.0,0.0,570.0,False
2025-01-26 18:15:00,380.0,196.0,196.0,184.0,0.0,1840.0,False
2025-01-26 18:16:00,119.0,380.0,380.0,0.0,261.0,261.0,False
2025-01-26 18:17:00,140.0,119.0,119.0,21.0,0.0,210.0,False
2025-01-26 18:18:00,124.0,140.0,140.0,0.0,16.0,16.0,False
2025-01-26 18:19:00,127.0,124.0,124.0,3.0,0.0,30.0,False
2025-01-26 18:20:00,361.0,127.0,127.0,234.0,0.0,2340.0,False
2025-01-26 18:21:00,129.0,361.0,361.0,0.0,232.0,232.0,False
2025-01-26 18:22:00,305.0,129.0,129.0,176.0,0.0,1760.0,False
2025-01-26 18:23:00,160.0,305.0,305.0,0.0,145.0,145.0,False
2025-01-26 18:24:00,157.0,160.0,160.0,0.0,3.0,3.0,False
2025-01-26 18:25:00,139.0,157.0,157.0,0.0,18.0,18.0,False
2025-01-26 18:26:00,111.0,139.0,139.0,0.0,28.0,28.0,False
2025-01-26 18:27:00,130.0,111.0,111.0,19.0,0.0,190.0,False
2025-01-26 18:28:00,104.0,130.0,130.0,0.0,26.0,26.0,False
2025-01-26 18:29:00,365.0,104.0,104.0,261.0,0.0,2610.0,False
2025-01-26 18:30:00,578.0,365.0,365.0,213.0,0.0,2130.0,False
2025-01-26 18:31:00,176.0,578.0,578.0,0.0,402.0,402.0,False
2025-01-26 18:32:00,215.0,176.0,176.0,39.0,0.0,390.0,False
2025-01-26 18:33:00,191.0,215.0,215.0,0.0,24.0,24.0,False
2025-01-26 18:34:00,159.0,191.0,191.0,0.0,32.0,32.0,False
2025-01-26 18:35:00,240.0,159.0,159.0,81.0,0.0,810.0,False
2025-01-26 18:36:00,245.0,240.0,240.0,5.0,0.0,50.0,False
2025-01-26 18:37:00,161.0,245.0,245.0,0.0,84.0,84.0,False
2025-01-26 18:38:00,152.0,161.0,161.0,0.0,9.0,9.0,False
2025-01-26 18:39:00,169.0,152.0,152.0,17.0,0.0,170.0,False
2025-01-26 18:40:00,387.0,169.0,169.0,218.0,0.0,2180.0,False
2025-01-26 18:41:00,132.0,387.0,387.0,0.0,255.0,255.0,False
2025-01-26 18:42:00,176.0,132.0,132.0,44.0,0.0,440.0,False
2025-01-26 18:43:00,170.0,176.0,176.0,0.0,6.0,6.0,False
2025-01-26 18:44:00,160.0,170.0,170.0,0.0,10.0,10.0,False
2025-01-26 18:45:00,206.0,160.0,160.0,46.0,0.0,460.0,False
2025-01-26 18:46:00,164.0,206.0,206.0,0.0,42.0,42.0,False
2025-01-26 18:47:00,144.0,164.0,164.0,0.0,20.0,20.0,False
2025-01-26 18:48:00,144.0,144.0,144.0,0.0,0.0,0.0,False
2025-01-26 18:49:00,136.0,144.0,144.0,0.0,8.0,8.0,False
2025-01-26 18:50:00,346.0,136.0,136.0,210.0,0.0,2100.0,False
2025-01-26 18:51:00,176.0,346.0,346.0,0.0,170.0,170.0,False
2025-01-26 18:52:00,132.0,176.0,176.0,0.0,44.0,44.0,False
2025-01-26 18:53:00,118.0,132.0,132.0,0.0,14.0,14.0,False
2025-01-26 18:54:00,150.0,118.0,118.0,32.0,0.0,320.0,False
2025-01-26 18:55:00,128.0,150.0,150.0,0.0,22.0,22.0,False
2025-01-26 18:56:00,145.0,128.0,128.0,17.0,0.0,170.0,False
2025-01-26 18:57:00,143.0,145.0,145.0,0.0,2.0,2.0,False
2025-01-26 18:58:00,130.0,143.0,143.0,0.0,13.0,13.0,False
2025-01-26 18:59:00,104.0,130.0,130.0,0.0,26.0,26.0,False
2025-01-26 19:00:00,627.0,104.0,104.0,523.0,0.0,5230.0,False
2025-01-26 19:01:00,333.0,627.0,627.0,0.0,294.0,294.0,False
2025-01-26 19:02:00,247.0,333.0,333.0,0.0,86.0,86.0,False
2025-01-26 19:03:00,256.0,247.0,247.0,9.0,0.0,90.0,False
2025-01-26 19:04:00,196.0,256.0,256.0,0.0,60.0,60.0,False
2025-01-26 19:05:00,192.0,196.0,196.0,0.0,4.0,4.0,False
2025-01-26 19:06:00,184.0,192.0,192.0,0.0,8.0,8.0,False
2025-01-26 19:07:00,156.0,184.0,184.0,0.0,28.0,28.0,False
2025-01-26 19:08:00,145.0,156.0,156.0,0.0,11.0,11.0,False
2025-01-26 19:09:00,154.0,145.0,145.0,9.0,0.0,90.0,False
2025-01-26 19:10:00,411.0,154.0,154.0,257.0,0.0,2570.0,False
2025-01-26 19:11:00,127.0,411.0,411.0,0.0,284.0,284.0,False
2025-01-26 19:12:00,171.0,127.0,127.0,44.0,0.0,440.0,False
2025-01-26 19:13:00,155.0,171.0,171.0,0.0,16.0,16.0,False
2025-01-26 19:14:00,119.0,155.0,155.0,0.0,36.0,36.0,False
2025-01-26 19:15:00,353.0,119.0,119.0,234.0,0.0,2340.0,False
2025-01-26 19:16:00,135.0,353.0,353.0,0.0,218.0,218.0,False
2025-01-26 19:17:00,128.0,135.0,135.0,0.0,7.0,7.0,False
2025-01-26 19:18:00,128.0,128.0,128.0,0.0,0.0,0.0,False
2025-01-26 19:19:00,113.0,128.0,128.0,0.0,15.0,15.0,False
2025-01-26 19:20:00,399.0,113.0,113.0,286.0,0.0,2860.0,False
2025-01-26 19:21:00,154.0,399.0,399.0,0.0,245.0,245.0,False
2025-01-26 19:22:00,156.0,154.0,154.0,2.0,0.0,20.0,False
2025-01-26 19:23:00,161.0,156.0,156.0,5.0,0.0,50.0,False
2025-01-26 19:24:00,171.0,161.0,161.0,10.0,0.0,100.0,False
2025-01-26 19:25:00,155.0,171.0,171.0,0.0,16.0,16.0,False
2025-01-26 19:26:00,160.0,155.0,155.0,5.0,0.0,50.0,False
2025-01-26 19:27:00,151.0,160.0,160.0,0.0,9.0,9.0,False
2025-01-26 19:28:00,150.0,151.0,151.0,0.0,1.0,1.0,False
2025-01-26 19:29:00,168.0,150.0,150.0,18.0,0.0,180.0,False
2025-01-26 19:30:00,512.0,168.0,168.0,344.0,0.0,3440.0,False
2025-01-26 19:31:00,183.0,512.0,512.0,0.0,329.0,329.0,False
2025-01-26 19:32:00,184.0,183.0,183.0,1.0,0.0,10.0,False
2025-01-26 19:33:00,182.0,184.0,184.0,0.0,2.0,2.0,False
2025-01-26 19:34:00,214.0,182.0,182.0,32.0,0.0,320.0,False
2025-01-26 19:35:00,165.0,214.0,214.0,0.0,49.0,49.0,False
2025-01-26 19:36:00,199.0,165.0,165.0,34.0,0.0,340.0,False
2025-01-26 19:37:00,175.0,199.0,199.0,0.0,24.0,24.0,False
2025-01-26 19:38:00,137.0,175.0,175.0,0.0,38.0,38.0,False
2025-01-26 19:39:00,226.0,137.0,137.0,89.0,0.0,890.0,False
2025-01-26 19:40:00,379.0,226.0,226.0,153.0,0.0,1530.0,False
2025-01-26 19:41:00,191.0,379.0,379.0,0.0,188.0,188.0,False
2025-01-26 19:42:00,168.0,191.0,191.0,0.0,23.0,23.0,False
2025-01-26 19:43:00,160.0,168.0,168.0,0.0,8.0,8.0,False
2025-01-26 19:44:00,179.0,160.0,160.0,19.0,0.0,190.0,False
2025-01-26 19:45:00,340.0,179.0,179.0,161.0,0.0,1610.0,False
2025-01-26 19:46:00,116.0,340.0,340.0,0.0,224.0,224.0,False
2025-01-26 19:47:00,130.0,116.0,116.0,14.0,0.0,140.0,False
2025-01-26 19:48:00,148.0,130.0,130.0,18.0,0.0,180.0,False
2025-01-26 19:49:00,127.0,148.0,148.0,0.0,21.0,21.0,False
2025-01-26 19:50:00,365.0,127.0,127.0,238.0,0.0,2380.0,False
2025-01-26 19:51:00,177.0,365.0,365.0,0.0,188.0,188.0,False
2025-01-26 19:52:00,144.0,177.0,177.0,0.0,33.0,33.0,False
2025-01-26 19:53:00,138.0,144.0,144.0,0.0,6.0,6.0,False
2025-01-26 19:54:00,178.0,138.0,138.0,40.0,0.0,400.0,False
2025-01-26 19:55:00,128.0,178.0,178.0,0.0,50.0,50.0,False
2025-01-26 19:56:00,133.0,128.0,128.0,5.0,0.0,50.0,False
2025-01-26 19:57:00,168.0,133.0,133.0,35.0,0.0,350.0,False
2025-01-26 19:58:00,143.0,168.0,168.0,0.0,25.0,25.0,False
2025-01-26 19:59:00,179.0,143.0,143.0,36.0,0.0,360.0,False
2025-01-26 20:00:00,591.0,179.0,179.0,412.0,0.0,4120.0,False
2025-01-26 20:01:00,180.0,591.0,591.0,0.0,411.0,411.0,False
2025-01-26 20:02:00,242.0,180.0,180.0,62.0,0.0,620.0,False
2025-01-26 20:03:00,213.0,242.0,242.0,0.0,29.0,29.0,False
2025-01-26 20:04:00,201.0,213.0,213.0,0.0,12.0,12.0,False
2025-01-26 20:05:00,170.0,201.0,201.0,0.0,31.0,31.0,False
2025-01-26 20:06:00,233.0,170.0,170.0,63.0,0.0,630.0,False
2025-01-26 20:07:00,173.0,233.0,233.0,0.0,60.0,60.0,False
2025-01-26 20:08:00,173.0,173.0,173.0,0.0,0.0,0.0,False
2025-01-26 20:09:00,173.0,173.0,173.0,0.0,0.0,0.0,False
2025-01-26 20:10:00,356.0,173.0,173.0,183.0,0.0,1830.0,False
2025-01-26 20:11:00,165.0,356.0,356.0,0.0,191.0,191.0,False
2025-01-26 20:12:00,200.0,165.0,165.0,35.0,0.0,350.0,False
2025-01-26 20:13:00,143.0,200.0,200.0,0.0,57.0,57.0,False
2025-01-26 20:14:00,155.0,143.0,143.0,12.0,0.0,120.0,False
2025-01-26 20:15:00,342.0,155.0,155.0,187.0,0.0,1870.0,False
2025-01-26 20:16:00,139.0,342.0,342.0,0.0,203.0,203.0,False
2025-01-26 20:17:00,106.0,139.0,139.0,0.0,33.0,33.0,False
2025-01-26 20:18:00,140.0,106.0,106.0,34.0,0.0,340.0,False
2025-01-26 20:19:00,127.0,140.0,140.0,0.0,13.0,13.0,False
2025-01-26 20:20:00,351.0,127.0,127.0,224.0,0.0,2240.0,False
2025-01-26 20:21:00,176.0,351.0,351.0,0.0,175.0,175.0,False
2025-01-26 20:22:00,158.0,176.0,176.0,0.0,18.0,18.0,False
2025-01-26 20:23:00,178.0,158.0,158.0,20.0,0.0,200.0,False
2025-01-26 20:24:00,166.0,178.0,178.0,0.0,12.0,12.0,False
2025-01-26 20:25:00,140.0,166.0,166.0,0.0,26.0,26.0,False
2025-01-26 20:26:00,179.0,140.0,140.0,39.0,0.0,390.0,False
2025-01-26 20:27:00,148.0,179.0,179.0,0.0,31.0,31.0,False
2025-01-26 20:28:00,114.0,148.0,148.0,0.0,34.0,34.0,False
2025-01-26 20:29:00,138.0,114.0,114.0,24.0,0.0,240.0,False
2025-01-26 20:30:00,565.0,138.0,138.0,427.0,0.0,4270.0,False
2025-01-26 20:31:00,165.0,565.0,565.0,0.0,400.0,400.0,False
2025-01-26 20:32:00,234.0,165.0,165.0,69.0,0.0,690.0,False
2025-01-26 20:33:00,227.0,234.0,234.0,0.0,7.0,7.0,False
2025-01-26 20:34:00,197.0,227.0,227.0,0.0,30.0,30.0,False
2025-01-26 20:35:00,158.0,197.0,197.0,0.0,39.0,39.0,False
2025-01-26 20:36:00,184.0,158.0,158.0,26.0,0.0,260.0,False
2025-01-26 20:37:00,159.0,184.0,184.0,0.0,25.0,25.0,False
2025-01-26 20:38:00,126.0,159.0,159.0,0.0,33.0,33.0,False
2025-01-26 20:39:00,161.0,126.0,126.0,35.0,0.0,350.0,False
2025-01-26 20:40:00,383.0,161.0,161.0,222.0,0.0,2220.0,False
2025-01-26 20:41:00,154.0,383.0,383.0,0.0,229.0,229.0,False
2025-01-26 20:42:00,181.0,154.0,154.0,27.0,0.0,270.0,False
2025-01-26 20:43:00,164.0,181.0,181.0,0.0,17.0,17.0,False
2025-01-26 20:44:00,191.0,164.0,164.0,27.0,0.0,270.0,False
2025-01-26 20:45:00,321.0,191.0,191.0,130.0,0.0,1300.0,False
2025-01-26 20:46:00,162.0,321.0,321.0,0.0,159.0,159.0,False
2025-01-26 20:47:00,117.0,162.0,162.0,0.0,45.0,45.0,False
2025-01-26 20:48:00,129.0,117.0,117.0,12.0,0.0,120.0,False
2025-01-26 20:49:00,131.0,129.0,129.0,2.0,0.0,20.0,False
2025-01-26 20:50:00,352.0,131.0,131.0,221.0,0.0,2210.0,False
2025-01-26 20:51:00,219.0,352.0,352.0,0.0,133.0,133.0,False
2025-01-26 20:52:00,124.0,219.0,219.0,0.0,95.0,95.0,False
2025-01-26 20:53:00,143.0,124.0,124.0,19.0,0.0,190.0,False
2025-01-26 20:54:00,147.0,143.0,143.0,4.0,0.0,40.0,False
2025-01-26 20:55:00,135.0,147.0,147.0,0.0,12.0,12.0,False
2025-01-26 20:56:00,140.0,135.0,135.0,5.0,0.0,50.0,False
2025-01-26 20:57:00,158.0,140.0,140.0,18.0,0.0,180.0,False
2025-01-26 20:58:00,151.0,158.0,158.0,0.0,7.0,7.0,False
2025-01-26 20:59:00,122.0,151.0,151.0,0.0,29.0,29.0,False
2025-01-26 21:00:00,599.0,122.0,122.0,477.0,0.0,4770.0,False
2025-01-26 21:01:00,215.0,599.0,599.0,0.0,384.0,384.0,False
2025-01-26 21:02:00,176.0,215.0,215.0,0.0,39.0,39.0,False
2025-01-26 21:03:00,231.0,176.0,176.0,55.0,0.0,550.0,False
2025-01-26 21:04:00,277.0,231.0,231.0,46.0,0.0,460.0,False
2025-01-26 21:05:00,155.0,277.0,277.0,0.0,122.0,122.0,False
2025-01-26 21:06:00,201.0,155.0,155.0,46.0,0.0,460.0,False
2025-01-26 21:07:00,184.0,201.0,201.0,0.0,17.0,17.0,False
2025-01-26 21:08:00,169.0,184.0,184.0,0.0,15.0,15.0,False
2025-01-26 21:09:00,237.0,169.0,169.0,68.0,0.0,680.0,False
2025-01-26 21:10:00,397.0,237.0,237.0,160.0,0.0,1600.0,False
2025-01-26 21:11:00,159.0,397.0,397.0,0.0,238.0,238.0,False
2025-01-26 21:12:00,175.0,159.0,159.0,16.0,0.0,160.0,False
2025-01-26 21:13:00,163.0,175.0,175.0,0.0,12.0,12.0,False
2025-01-26 21:14:00,181.0,163.0,163.0,18.0,0.0,180.0,False
2025-01-26 21:15:00,345.0,181.0,181.0,164.0,0.0,1640.0,False
2025-01-26 21:16:00,151.0,345.0,345.0,0.0,194.0,194.0,False
2025-01-26 21:17:00,126.0,151.0,151.0,0.0,25.0,25.0,False
2025-01-26 21:18:00,165.0,126.0,126.0,39.0,0.0,390.0,False
2025-01-26 21:19:00,185.0,165.0,165.0,20.0,0.0,200.0,False
2025-01-26 21:20:00,382.0,185.0,185.0,197.0,0.0,1970.0,False
2025-01-26 21:21:00,229.0,382.0,382.0,0.0,153.0,153.0,False
2025-01-26 21:22:00,136.0,229.0,229.0,0.0,93.0,93.0,False
2025-01-26 21:23:00,147.0,136.0,136.0,11.0,0.0,110.0,False
2025-01-26 21:24:00,222.0,147.0,147.0,75.0,0.0,750.0,False
2025-01-26 21:25:00,134.0,222.0,222.0,0.0,88.0,88.0,False
2025-01-26 21:26:00,169.0,134.0,134.0,35.0,0.0,350.0,False
2025-01-26 21:27:00,157.0,169.0,169.0,0.0,12.0,12.0,False
2025-01-26 21:28:00,160.0,157.0,157.0,3.0,0.0,30.0,False
2025-01-26 21:29:00,132.0,160.0,160.0,0.0,28.0,28.0,False
2025-01-26 21:30:00,591.0,132.0,132.0,459.0,0.0,4590.0,False
2025-01-26 21:31:00,188.0,591.0,591.0,0.0,403.0,403.0,False
2025-01-26 21:32:00,178.0,188.0,188.0,0.0,10.0,10.0,False
2025-01-26 21:33:00,246.0,178.0,178.0,68.0,0.0,680.0,False
2025-01-26 21:34:00,855.0,246.0,246.0,609.0,0.0,6090.0,True
2025-01-26 21:35:00,736.0,855.0,855.0,0.0,119.0,119.0,True
2025-01-26 21:36:00,208.0,736.0,736.0,0.0,528.0,528.0,False
2025-01-26 21:37:00,195.0,208.0,208.0,0.0,13.0,13.0,False
2025-01-26 21:38:00,153.0,195.0,195.0,0.0,42.0,42.0,False
2025-01-26 21:39:00,186.0,153.0,153.0,33.0,0.0,330.0,False
2025-01-26 21:40:00,403.0,186.0,186.0,217.0,0.0,2170.0,False
2025-01-26 21:41:00,160.0,403.0,403.0,0.0,243.0,243.0,False
2025-01-26 21:42:00,138.0,160.0,160.0,0.0,22.0,22.0,False
2025-01-26 21:43:00,160.0,138.0,138.0,22.0,0.0,220.0,False
2025-01-26 21:44:00,200.0,160.0,160.0,40.0,0.0,400.0,False
2025-01-26 21:45:00,381.0,200.0,200.0,181.0,0.0,1810.0,False
2025-01-26 21:46:00,873.0,381.0,381.0,492.0,0.0,4920.0,True
2025-01-26 21:47:00,108.0,873.0,873.0,0.0,765.0,765.0,False
2025-01-26 21:48:00,193.0,108.0,108.0,85.0,0.0,850.0,False
2025-01-26 21:49:00,128.0,193.0,193.0,0.0,65.0,65.0,False
2025-01-26 21:50:00,383.0,128.0,128.0,255.0,0.0,2550.0,False
2025-01-26 21:51:00,173.0,383.0,383.0,0.0,210.0,210.0,False
2025-01-26 21:52:00,159.0,173.0,173.0,0.0,14.0,14.0,False
2025-01-26 21:53:00,160.0,159.0,159.0,1.0,0.0,10.0,False
2025-01-26 21:54:00,171.0,160.0,160.0,11.0,0.0,110.0,False
2025-01-26 21:55:00,168.0,171.0,171.0,0.0,3.0,3.0,False
2025-01-26 21:56:00,161.0,168.0,168.0,0.0,7.0,7.0,False
2025-01-26 21:57:00,155.0,161.0,161.0,0.0,6.0,6.0,False
2025-01-26 21:58:00,155.0,155.0,155.0,0.0,0.0,0.0,False
2025-01-26 21:59:00,135.0,155.0,155.0,0.0,20.0,20.0,False
2025-01-26 22:00:00,626.0,135.0,135.0,491.0,0.0,4910.0,False
2025-01-26 22:01:00,269.0,626.0,626.0,0.0,357.0,357.0,False
2025-01-26 22:02:00,236.0,269.0,269.0,0.0,33.0,33.0,False
2025-01-26 22:03:00,308.0,236.0,236.0,72.0,0.0,720.0,False
2025-01-26 22:04:00,438.0,308.0,308.0,130.0,0.0,1300.0,False
2025-01-26 22:05:00,227.0,438.0,438.0,0.0,211.0,211.0,False
2025-01-26 22:06:00,224.0,227.0,227.0,0.0,3.0,3.0,False
2025-01-26 22:07:00,218.0,224.0,224.0,0.0,6.0,6.0,False
2025-01-26 22:08:00,213.0,218.0,218.0,0.0,5.0,5.0,False
2025-01-26 22:09:00,238.0,213.0,213.0,25.0,0.0,250.0,False
2025-01-26 22:10:00,664.0,238.0,238.0,426.0,0.0,4260.0,False
2025-01-26 22:11:00,434.0,664.0,664.0,0.0,230.0,230.0,False
2025-01-26 22:12:00,231.0,434.0,434.0,0.0,203.0,203.0,False
2025-01-26 22:13:00,507.0,231.0,231.0,276.0,0.0,2760.0,False
2025-01-26 22:14:00,184.0,507.0,507.0,0.0,323.0,323.0,False
2025-01-26 22:15:00,479.0,184.0,184.0,295.0,0.0,2950.0,False
2025-01-26 22:16:00,270.0,479.0,479.0,0.0,209.0,209.0,False
2025-01-26 22:17:00,134.0,270.0,270.0,0.0,136.0,136.0,False
2025-01-26 22:18:00,175.0,134.0,134.0,41.0,0.0,410.0,False
2025-01-26 22:19:00,147.0,175.0,175.0,0.0,28.0,28.0,False
2025-01-26 22:20:00,720.0,147.0,147.0,573.0,0.0,5730.0,False
2025-01-26 22:21:00,610.0,720.0,720.0,0.0,110.0,110.0,False
2025-01-26 22:22:00,194.0,610.0,610.0,0.0,416.0,416.0,False
2025-01-26 22:23:00,227.0,194.0,194.0,33.0,0.0,330.0,False
2025-01-26 22:24:00,799.0,227.0,227.0,572.0,0.0,5720.0,True
2025-01-26 22:25:00,252.0,799.0,799.0,0.0,547.0,547.0,False
2025-01-26 22:26:00,341.0,252.0,252.0,89.0,0.0,890.0,False
2025-01-26 22:27:00,216.0,341.0,341.0,0.0,125.0,125.0,False
2025-01-26 22:28:00,225.0,216.0,216.0,9.0,0.0,90.0,False
2025-01-26 22:29:00,217.0,225.0,225.0,0.0,8.0,8.0,False
2025-01-26 22:30:00,588.0,217.0,217.0,371.0,0.0,3710.0,False
2025-01-26 22:31:00,202.0,588.0,588.0,0.0,386.0,386.0,False
2025-01-26 22:32:00,180.0,202.0,202.0,0.0,22.0,22.0,False
2025-01-26 22:33:00,240.0,180.0,180.0,60.0,0.0,600.0,False
2025-01-26 22:34:00,263.0,240.0,240.0,23.0,0.0,230.0,False
2025-01-26 22:35:00,307.0,263.0,263.0,44.0,0.0,440.0,False
2025-01-26 22:36:00,398.0,307.0,307.0,91.0,0.0,910.0,False
2025-01-26 22:37:00,232.0,398.0,398.0,0.0,166.0,166.0,False
2025-01-26 22:38:00,793.0,232.0,232.0,561.0,0.0,5610.0,True
2025-01-26 22:39:00,185.0,793.0,793.0,0.0,608.0,608.0,False
2025-01-26 22:40:00,470.0,185.0,185.0,285.0,0.0,2850.0,False
2025-01-26 22:41:00,199.0,470.0,470.0,0.0,271.0,271.0,False
2025-01-26 22:42:00,177.0,199.0,199.0,0.0,22.0,22.0,False
2025-01-26 22:43:00,246.0,177.0,177.0,69.0,0.0,690.0,False
2025-01-26 22:44:00,199.0,246.0,246.0,0.0,47.0,47.0,False
2025-01-26 22:45:00,407.0,199.0,199.0,208.0,0.0,2080.0,False
2025-01-26 22:46:00,222.0,407.0,407.0,0.0,185.0,185.0,False
2025-01-26 22:47:00,188.0,222.0,222.0,0.0,34.0,34.0,False
2025-01-26 22:48:00,175.0,188.0,188.0,0.0,13.0,13.0,False
2025-01-26 22:49:00,213.0,175.0,175.0,38.0,0.0,380.0,False
2025-01-26 22:50:00,586.0,213.0,213.0,373.0,0.0,3730.0,False
2025-01-26 22:51:00,368.0,586.0,586.0,0.0,218.0,218.0,False
2025-01-26 22:52:00,208.0,368.0,368.0,0.0,160.0,160.0,False
2025-01-26 22:53:00,193.0,208.0,208.0,0.0,15.0,15.0,False
2025-01-26 22:54:00,248.0,193.0,193.0,55.0,0.0,550.0,False
2025-01-26 22:55:00,230.0,248.0,248.0,0.0,18.0,18.0,False
2025-01-26 22:56:00,447.0,230.0,230.0,217.0,0.0,2170.0,False
2025-01-26 22:57:00,271.0,447.0,447.0,0.0,176.0,176.0,False
2025-01-26 22:58:00,209.0,271.0,271.0,0.0,62.0,62.0,False
2025-01-26 22:59:00,395.0,209.0,209.0,186.0,0.0,1860.0,False
2025-01-26 23:00:00,1041.0,395.0,395.0,646.0,0.0,6460.0,True
2025-01-26 23:01:00,438.0,1041.0,1041.0,0.0,603.0,603.0,False
2025-01-26 23:02:00,314.0,438.0,438.0,0.0,124.0,124.0,False
2025-01-26 23:03:00,511.0,314.0,314.0,197.0,0.0,1970.0,False
2025-01-26 23:04:00,855.0,511.0,511.0,344.0,0.0,3440.0,True
2025-01-26 23:05:00,273.0,855.0,855.0,0.0,582.0,582.0,False
2025-01-26 23:06:00,332.0,273.0,273.0,59.0,0.0,590.0,False
2025-01-26 23:07:00,364.0,332.0,332.0,32.0,0.0,320.0,False
2025-01-26 23:08:00,400.0,364.0,364.0,36.0,0.0,360.0,False
2025-01-26 23:09:00,554.0,400.0,400.0,154.0,0.0,1540.0,False
2025-01-26 23:10:00,495.0,554.0,554.0,0.0,59.0,59.0,False
2025-01-26 23:11:00,227.0,495.0,495.0,0.0,268.0,268.0,False
2025-01-26 23:12:00,324.0,227.0,227.0,97.0,0.0,970.0,False
2025-01-26 23:13:00,500.0,324.0,324.0,176.0,0.0,1760.0,False
2025-01-26 23:14:00,367.0,500.0,500.0,0.0,133.0,133.0,False
2025-01-26 23:15:00,606.0,367.0,367.0,239.0,0.0,2390.0,False
2025-01-26 23:16:00,299.0,606.0,606.0,0.0,307.0,307.0,False
2025-01-26 23:17:00,216.0,299.0,299.0,0.0,83.0,83.0,False
2025-01-26 23:18:00,190.0,216.0,216.0,0.0,26.0,26.0,False
2025-01-26 23:19:00,316.0,190.0,190.0,126.0,0.0,1260.0,False
2025-01-26 23:20:00,551.0,316.0,316.0,235.0,0.0,2350.0,False
2025-01-26 23:21:00,334.0,551.0,551.0,0.0,217.0,217.0,False
2025-01-26 23:22:00,295.0,334.0,334.0,0.0,39.0,39.0,False
2025-01-26 23:23:00,324.0,295.0,295.0,29.0,0.0,290.0,False
2025-01-26 23:24:00,389.0,324.0,324.0,65.0,0.0,650.0,False
2025-01-26 23:25:00,409.0,389.0,389.0,20.0,0.0,200.0,False
2025-01-26 23:26:00,291.0,409.0,409.0,0.0,118.0,118.0,False
2025-01-26 23:27:00,348.0,291.0,291.0,57.0,0.0,570.0,False
2025-01-26 23:28:00,261.0,348.0,348.0,0.0,87.0,87.0,False
2025-01-26 23:29:00,434.0,261.0,261.0,173.0,0.0,1730.0,False
2025-01-26 23:30:00,827.0,434.0,434.0,393.0,0.0,3930.0,True
2025-01-26 23:31:00,432.0,827.0,827.0,0.0,395.0,395.0,False
2025-01-26 23:32:00,331.0,432.0,432.0,0.0,101.0,101.0,False
2025-01-26 23:33:00,401.0,331.0,331.0,70.0,0.0,700.0,False
2025-01-26 23:34:00,394.0,401.0,401.0,0.0,7.0,7.0,False
2025-01-26 23:35:00,392.0,394.0,394.0,0.0,2.0,2.0,False
2025-01-26 23:36:00,291.0,392.0,392.0,0.0,101.0,101.0,False
2025-01-26 23:37:00,295.0,291.0,291.0,4.0,0.0,40.0,False
2025-01-26 23:38:00,203.0,295.0,295.0,0.0,92.0,92.0,False
2025-01-26 23:39:00,342.0,203.0,203.0,139.0,0.0,1390.0,False
2025-01-26 23:40:00,589.0,342.0,342.0,247.0,0.0,2470.0,False
2025-01-26 23:41:00,280.0,589.0,589.0,0.0,309.0,309.0,False
2025-01-26 23:42:00,314.0,280.0,280.0,34.0,0.0,340.0,False
2025-01-26 23:43:00,330.0,314.0,314.0,16.0,0.0,160.0,False
2025-01-26 23:44:00,406.0,330.0,330.0,76.0,0.0,760.0,False
2025-01-26 23:45:00,488.0,406.0,406.0,82.0,0.0,820.0,False
2025-01-26 23:46:00,233.0,488.0,488.0,0.0,255.0,255.0,False
2025-01-26 23:47:00,314.0,233.0,233.0,81.0,0.0,810.0,False
2025-01-26 23:48:00,314.0,314.0,314.0,0.0,0.0,0.0,False
2025-01-26 23:49:00,297.0,314.0,314.0,0.0,17.0,17.0,False
2025-01-26 23:50:00,581.0,297.0,297.0,284.0,0.0,2840.0,False
2025-01-26 23:51:00,337.0,581.0,581.0,0.0,244.0,244.0,False
2025-01-26 23:52:00,277.0,337.0,337.0,0.0,60.0,60.0,False
2025-01-26 23:53:00,258.0,277.0,277.0,0.0,19.0,19.0,False
2025-01-26 23:54:00,406.0,258.0,258.0,148.0,0.0,1480.0,False
2025-01-26 23:55:00,296.0,406.0,406.0,0.0,110.0,110.0,False
2025-01-26 23:56:00,298.0,296.0,296.0,2.0,0.0,20.0,False
2025-01-26 23:57:00,501.0,298.0,298.0,203.0,0.0,2030.0,False
2025-01-26 23:58:00,738.0,501.0,501.0,237.0,0.0,2370.0,True
2025-01-26 23:59:00,240.0,738.0,738.0,0.0,498.0,498.0,False
2025-01-27 00:00:00,970.0,240.0,240.0,730.0,0.0,7300.0,True
2025-01-27 00:01:00,353.0,970.0,970.0,0.0,617.0,617.0,False
2025-01-27 00:02:00,261.0,353.0,353.0,0.0,92.0,92.0,False
2025-01-27 00:03:00,322.0,261.0,261.0,61.0,0.0,610.0,False
2025-01-27 00:04:00,303.0,322.0,322.0,0.0,19.0,19.0,False
2025-01-27 00:05:00,305.0,303.0,303.0,2.0,0.0,20.0,False
2025-01-27 00:06:00,303.0,305.0,305.0,0.0,2.0,2.0,False
2025-01-27 00:07:00,313.0,303.0,303.0,10.0,0.0,100.0,False
2025-01-27 00:08:00,517.0,313.0,313.0,204.0,0.0,2040.0,False
2025-01-27 00:09:00,265.0,517.0,517.0,0.0,252.0,252.0,False
2025-01-27 00:10:00,624.0,265.0,265.0,359.0,0.0,3590.0,False
2025-01-27 00:11:00,374.0,624.0,624.0,0.0,250.0,250.0,False
2025-01-27 00:12:00,329.0,374.0,374.0,0.0,45.0,45.0,False
2025-01-27 00:13:00,260.0,329.0,329.0,0.0,69.0,69.0,False
2025-01-27 00:14:00,328.0,260.0,260.0,68.0,0.0,680.0,False
2025-01-27 00:15:00,436.0,328.0,328.0,108.0,0.0,1080.0,False
2025-01-27 00:16:00,296.0,436.0,436.0,0.0,140.0,140.0,False
2025-01-27 00:17:00,244.0,296.0,296.0,0.0,52.0,52.0,False
2025-01-27 00:18:00,243.0,244.0,244.0,0.0,1.0,1.0,False
2025-01-27 00:19:00,260.0,243.0,243.0,17.0,0.0,170.0,False
2025-01-27 00:20:00,532.0,260.0,260.0,272.0,0.0,2720.0,False
2025-01-27 00:21:00,247.0,532.0,532.0,0.0,285.0,285.0,False
2025-01-27 00:22:00,284.0,247.0,247.0,37.0,0.0,370.0,False
2025-01-27 00:23:00,234.0,284.0,284.0,0.0,50.0,50.0,False
2025-01-27 00:24:00,212.0,234.0,234.0,0.0,22.0,22.0,False
2025-01-27 00:25:00,308.0,212.0,212.0,96.0,0.0,960.0,False
2025-01-27 00:26:00,289.0,308.0,308.0,0.0,19.0,19.0,False
2025-01-27 00:27:00,408.0,289.0,289.0,119.0,0.0,1190.0,False
2025-01-27 00:28:00,211.0,408.0,408.0,0.0,197.0,197.0,False
2025-01-27 00:29:00,247.0,211.0,211.0,36.0,0.0,360.0,False
2025-01-27 00:30:00,759.0,247.0,247.0,512.0,0.0,5120.0,True
2025-01-27 00:31:00,314.0,759.0,759.0,0.0,445.0,445.0,False
2025-01-27 00:32:00,223.0,314.0,314.0,0.0,91.0,91.0,False
2025-01-27 00:33:00,247.0,223.0,223.0,24.0,0.0,240.0,False
2025-01-27 00:34:00,271.0,247.0,247.0,24.0,0.0,240.0,False
2025-01-27 00:35:00,310.0,271.0,271.0,39.0,0.0,390.0,False
2025-01-27 00:36:00,293.0,310.0,310.0,0.0,17.0,17.0,False
2025-01-27 00:37:00,273.0,293.0,293.0,0.0,20.0,20.0,False
2025-01-27 00:38:00,220.0,273.0,273.0,0.0,53.0,53.0,False
2025-01-27 00:39:00,241.0,220.0,220.0,21.0,0.0,210.0,False
2025-01-27 00:40:00,568.0,241.0,241.0,327.0,0.0,3270.0,False
2025-01-27 00:41:00,271.0,568.0,568.0,0.0,297.0,297.0,False
2025-01-27 00:42:00,258.0,271.0,271.0,0.0,13.0,13.0,False
2025-01-27 00:43:00,257.0,258.0,258.0,0.0,1.0,1.0,False
2025-01-27 00:44:00,265.0,257.0,257.0,8.0,0.0,80.0,False
2025-01-27 00:45:00,406.0,265.0,265.0,141.0,0.0,1410.0,False
2025-01-27 00:46:00,360.0,406.0,406.0,0.0,46.0,46.0,False
2025-01-27 00:47:00,202.0,360.0,360.0,0.0,158.0,158.0,False
2025-01-27 00:48:00,284.0,202.0,202.0,82.0,0.0,820.0,False
2025-01-27 00:49:00,213.0,284.0,284.0,0.0,71.0,71.0,False
2025-01-27 00:50:00,531.0,213.0,213.0,318.0,0.0,3180.0,False
2025-01-27 00:51:00,282.0,531.0,531.0,0.0,249.0,249.0,False
2025-01-27 00:52:00,245.0,282.0,282.0,0.0,37.0,37.0,False
2025-01-27 00:53:00,214.0,245.0,245.0,0.0,31.0,31.0,False
2025-01-27 00:54:00,232.0,214.0,214.0,18.0,0.0,180.0,False
2025-01-27 00:55:00,381.0,232.0,232.0,149.0,0.0,1490.0,False
2025-01-27 00:56:00,262.0,381.0,381.0,0.0,119.0,119.0,False
2025-01-27 00:57:00,254.0,262.0,262.0,0.0,8.0,8.0,False
2025-01-27 00:58:00,241.0,254.0,254.0,0.0,13.0,13.0,False
2025-01-27 00:59:00,262.0,241.0,241.0,21.0,0.0,210.0,False
2025-01-27 01:00:00,866.0,262.0,262.0,604.0,0.0,6040.0,True
2025-01-27 01:01:00,298.0,866.0,866.0,0.0,568.0,568.0,False
2025-01-27 01:02:00,267.0,298.0,298.0,0.0,31.0,31.0,False
2025-01-27 01:03:00,303.0,267.0,267.0,36.0,0.0,360.0,False
2025-01-27 01:04:00,401.0,303.0,303.0,98.0,0.0,980.0,False
2025-01-27 01:05:00,306.0,401.0,401.0,0.0,95.0,95.0,False
2025-01-27 01:06:00,339.0,306.0,306.0,33.0,0.0,330.0,False
2025-01-27 01:07:00,293.0,339.0,339.0,0.0,46.0,46.0,False
2025-01-27 01:08:00,323.0,293.0,293.0,30.0,0.0,300.0,False
2025-01-27 01:09:00,266.0,323.0,323.0,0.0,57.0,57.0,False
2025-01-27 01:10:00,521.0,266.0,266.0,255.0,0.0,2550.0,False
2025-01-27 01:11:00,201.0,521.0,521.0,0.0,320.0,320.0,False
2025-01-27 01:12:00,285.0,201.0,201.0,84.0,0.0,840.0,False
2025-01-27 01:13:00,354.0,285.0,285.0,69.0,0.0,690.0,False
2025-01-27 01:14:00,208.0,354.0,354.0,0.0,146.0,146.0,False
2025-01-27 01:15:00,415.0,208.0,208.0,207.0,0.0,2070.0,False
2025-01-27 01:16:00,348.0,415.0,415.0,0.0,67.0,67.0,False
2025-01-27 01:17:00,529.0,348.0,348.0,181.0,0.0,1810.0,False
2025-01-27 01:18:00,220.0,529.0,529.0,0.0,309.0,309.0,False
2025-01-27 01:19:00,307.0,220.0,220.0,87.0,0.0,870.0,False
2025-01-27 01:20:00,544.0,307.0,307.0,237.0,0.0,2370.0,False
2025-01-27 01:21:00,278.0,544.0,544.0,0.0,266.0,266.0,False
2025-01-27 01:22:00,262.0,278.0,278.0,0.0,16.0,16.0,False
2025-01-27 01:23:00,255.0,262.0,262.0,0.0,7.0,7.0,False
2025-01-27 01:24:00,273.0,255.0,255.0,18.0,0.0,180.0,False
2025-01-27 01:25:00,307.0,273.0,273.0,34.0,0.0,340.0,False
2025-01-27 01:26:00,398.0,307.0,307.0,91.0,0.0,910.0,False
2025-01-27 01:27:00,292.0,398.0,398.0,0.0,106.0,106.0,False
2025-01-27 01:28:00,336.0,292.0,292.0,44.0,0.0,440.0,False
2025-01-27 01:29:00,376.0,336.0,336.0,40.0,0.0,400.0,False
2025-01-27 01:30:00,873.0,376.0,376.0,497.0,0.0,4970.0,True
2025-01-27 01:31:00,279.0,873.0,873.0,0.0,594.0,594.0,False
2025-01-27 01:32:00,293.0,279.0,279.0,14.0,0.0,140.0,False
2025-01-27 01:33:00,294.0,293.0,293.0,1.0,0.0,10.0,False
2025-01-27 01:34:00,476.0,294.0,294.0,182.0,0.0,1820.0,False
2025-01-27 01:35:00,309.0,476.0,476.0,0.0,167.0,167.0,False
2025-01-27 01:36:00,357.0,309.0,309.0,48.0,0.0,480.0,False
2025-01-27 01:37:00,275.0,357.0,357.0,0.0,82.0,82.0,False
2025-01-27 01:38:00,417.0,275.0,275.0,142.0,0.0,1420.0,False
2025-01-27 01:39:00,334.0,417.0,417.0,0.0,83.0,83.0,False
2025-01-27 01:40:00,555.0,334.0,334.0,221.0,0.0,2210.0,False
2025-01-27 01:41:00,269.0,555.0,555.0,0.0,286.0,286.0,False
2025-01-27 01:42:00,259.0,269.0,269.0,0.0,10.0,10.0,False
2025-01-27 01:43:00,262.0,259.0,259.0,3.0,0.0,30.0,False
2025-01-27 01:44:00,260.0,262.0,262.0,0.0,2.0,2.0,False
2025-01-27 01:45:00,432.0,260.0,260.0,172.0,0.0,1720.0,False
2025-01-27 01:46:00,316.0,432.0,432.0,0.0,116.0,116.0,False
2025-01-27 01:47:00,193.0,316.0,316.0,0.0,123.0,123.0,False
2025-01-27 01:48:00,288.0,193.0,193.0,95.0,0.0,950.0,False
2025-01-27 01:49:00,287.0,288.0,288.0,0.0,1.0,1.0,False
2025-01-27 01:50:00,557.0,287.0,287.0,270.0,0.0,2700.0,False
2025-01-27 01:51:00,249.0,557.0,557.0,0.0,308.0,308.0,False
2025-01-27 01:52:00,463.0,249.0,249.0,214.0,0.0,2140.0,False
2025-01-27 01:53:00,293.0,463.0,463.0,0.0,170.0,170.0,False
2025-01-27 01:54:00,359.0,293.0,293.0,66.0,0.0,660.0,False
2025-01-27 01:55:00,387.0,359.0,359.0,28.0,0.0,280.0,False
2025-01-27 01:56:00,277.0,387.0,387.0,0.0,110.0,110.0,False
2025-01-27 01:57:00,870.0,277.0,277.0,593.0,0.0,5930.0,True
2025-01-27 01:58:00,210.0,870.0,870.0,0.0,660.0,660.0,False
2025-01-27 01:59:00,414.0,210.0,210.0,204.0,0.0,2040.0,False
2025-01-27 02:00:00,822.0,414.0,414.0,408.0,0.0,4080.0,True
2025-01-27 02:01:00,323.0,822.0,822.0,0.0,499.0,499.0,False
2025-01-27 02:02:00,467.0,323.0,323.0,144.0,0.0,1440.0,False
2025-01-27 02:03:00,456.0,467.0,467.0,0.0,11.0,11.0,False
2025-01-27 02:04:00,369.0,456.0,456.0,0.0,87.0,87.0,False
2025-01-27 02:05:00,317.0,369.0,369.0,0.0,52.0,52.0,False
2025-01-27 02:06:00,311.0,317.0,317.0,0.0,6.0,6.0,False
2025-01-27 02:07:00,462.0,311.0,311.0,151.0,0.0,1510.0,False
2025-01-27 02:08:00,222.0,462.0,462.0,0.0,240.0,240.0,False
2025-01-27 02:09:00,252.0,222.0,222.0,30.0,0.0,300.0,False
2025-01-27 02:10:00,529.0,252.0,252.0,277.0,0.0,2770.0,False
2025-01-27 02:11:00,260.0,529.0,529.0,0.0,269.0,269.0,False
2025-01-27 02:12:00,316.0,260.0,260.0,56.0,0.0,560.0,False
2025-01-27 02:13:00,290.0,316.0,316.0,0.0,26.0,26.0,False
2025-01-27 02:14:00,252.0,290.0,290.0,0.0,38.0,38.0,False
2025-01-27 02:15:00,373.0,252.0,252.0,121.0,0.0,1210.0,False
2025-01-27 02:16:00,423.0,373.0,373.0,50.0,0.0,500.0,False
2025-01-27 02:17:00,231.0,423.0,423.0,0.0,192.0,192.0,False
2025-01-27 02:18:00,299.0,231.0,231.0,68.0,0.0,680.0,False
2025-01-27 02:19:00,221.0,299.0,299.0,0.0,78.0,78.0,False
2025-01-27 02:20:00,706.0,221.0,221.0,485.0,0.0,4850.0,False
2025-01-27 02:21:00,383.0,706.0,706.0,0.0,323.0,323.0,False
2025-01-27 02:22:00,254.0,383.0,383.0,0.0,129.0,129.0,False
2025-01-27 02:23:00,240.0,254.0,254.0,0.0,14.0,14.0,False
2025-01-27 02:24:00,383.0,240.0,240.0,143.0,0.0,1430.0,False
2025-01-27 02:25:00,352.0,383.0,383.0,0.0,31.0,31.0,False
2025-01-27 02:26:00,358.0,352.0,352.0,6.0,0.0,60.0,False
2025-01-27 02:27:00,275.0,358.0,358.0,0.0,83.0,83.0,False
2025-01-27 02:28:00,304.0,275.0,275.0,29.0,0.0,290.0,False
2025-01-27 02:29:00,268.0,304.0,304.0,0.0,36.0,36.0,False
2025-01-27 02:30:00,688.0,268.0,268.0,420.0,0.0,4200.0,False
2025-01-27 02:31:00,319.0,688.0,688.0,0.0,369.0,369.0,False
2025-01-27 02:32:00,263.0,319.0,319.0,0.0,56.0,56.0,False
2025-01-27 02:33:00,348.0,263.0,263.0,85.0,0.0,850.0,False
2025-01-27 02:34:00,326.0,348.0,348.0,0.0,22.0,22.0,False
2025-01-27 02:35:00,309.0,326.0,326.0,0.0,17.0,17.0,False
2025-01-27 02:36:00,361.0,309.0,309.0,52.0,0.0,520.0,False
2025-01-27 02:37:00,266.0,361.0,361.0,0.0,95.0,95.0,False
2025-01-27 02:38:00,288.0,266.0,266.0,22.0,0.0,220.0,False
2025-01-27 02:39:00,363.0,288.0,288.0,75.0,0.0,750.0,False
2025-01-27 02:40:00,687.0,363.0,363.0,324.0,0.0,3240.0,False
2025-01-27 02:41:00,269.0,687.0,687.0,0.0,418.0,418.0,False
2025-01-27 02:42:00,268.0,269.0,269.0,0.0,1.0,1.0,False
2025-01-27 02:43:00,469.0,268.0,268.0,201.0,0.0,2010.0,False
2025-01-27 02:44:00,270.0,469.0,469.0,0.0,199.0,199.0,False
2025-01-27 02:45:00,462.0,270.0,270.0,192.0,0.0,1920.0,False
2025-01-27 02:46:00,404.0,462.0,462.0,0.0,58.0,58.0,False
2025-01-27 02:47:00,226.0,404.0,404.0,0.0,178.0,178.0,False
2025-01-27 02:48:00,290.0,226.0,226.0,64.0,0.0,640.0,False
2025-01-27 02:49:00,311.0,290.0,290.0,21.0,0.0,210.0,False
2025-01-27 02:50:00,517.0,311.0,311.0,206.0,0.0,2060.0,False
2025-01-27 02:51:00,263.0,517.0,517.0,0.0,254.0,254.0,False
2025-01-27 02:52:00,267.0,263.0,263.0,4.0,0.0,40.0,False
2025-01-27 02:53:00,214.0,267.0,267.0,0.0,53.0,53.0,False
2025-01-27 02:54:00,351.0,214.0,214.0,137.0,0.0,1370.0,False
2025-01-27 02:55:00,311.0,351.0,351.0,0.0,40.0,40.0,False
2025-01-27 02:56:00,305.0,311.0,311.0,0.0,6.0,6.0,False
2025-01-27 02:57:00,248.0,305.0,305.0,0.0,57.0,57.0,False
2025-01-27 02:58:00,259.0,248.0,248.0,11.0,0.0,110.0,False
2025-01-27 02:59:00,288.0,259.0,259.0,29.0,0.0,290.0,False
2025-01-27 03:00:00,769.0,288.0,288.0,481.0,0.0,4810.0,True
2025-01-27 03:01:00,333.0,769.0,769.0,0.0,436.0,436.0,False
2025-01-27 03:02:00,286.0,333.0,333.0,0.0,47.0,47.0,False
2025-01-27 03:03:00,307.0,286.0,286.0,21.0,0.0,210.0,False
2025-01-27 03:04:00,382.0,307.0,307.0,75.0,0.0,750.0,False
2025-01-27 03:05:00,317.0,382.0,382.0,0.0,65.0,65.0,False
2025-01-27 03:06:00,349.0,317.0,317.0,32.0,0.0,320.0,False
2025-01-27 03:07:00,372.0,349.0,349.0,23.0,0.0,230.0,False
2025-01-27 03:08:00,293.0,372.0,372.0,0.0,79.0,79.0,False
2025-01-27 03:09:00,295.0,293.0,293.0,2.0,0.0,20.0,False
2025-01-27 03:10:00,563.0,295.0,295.0,268.0,0.0,2680.0,False
2025-01-27 03:11:00,308.0,563.0,563.0,0.0,255.0,255.0,False
2025-01-27 03:12:00,233.0,308.0,308.0,0.0,75.0,75.0,False
2025-01-27 03:13:00,292.0,233.0,233.0,59.0,0.0,590.0,False
2025-01-27 03:14:00,267.0,292.0,292.0,0.0,25.0,25.0,False
2025-01-27 03:15:00,394.0,267.0,267.0,127.0,0.0,1270.0,False
2025-01-27 03:16:00,340.0,394.0,394.0,0.0,54.0,54.0,False
2025-01-27 03:17:00,212.0,340.0,340.0,0.0,128.0,128.0,False
2025-01-27 03:18:00,284.0,212.0,212.0,72.0,0.0,720.0,False
2025-01-27 03:19:00,274.0,284.0,284.0,0.0,10.0,10.0,False
2025-01-27 03:20:00,554.0,274.0,274.0,280.0,0.0,2800.0,False
2025-01-27 03:21:00,307.0,554.0,554.0,0.0,247.0,247.0,False
2025-01-27 03:22:00,242.0,307.0,307.0,0.0,65.0,65.0,False
2025-01-27 03:23:00,255.0,242.0,242.0,13.0,0.0,130.0,False
2025-01-27 03:24:00,343.0,255.0,255.0,88.0,0.0,880.0,False
2025-01-27 03:25:00,374.0,343.0,343.0,31.0,0.0,310.0,False
2025-01-27 03:26:00,315.0,374.0,374.0,0.0,59.0,59.0,False
2025-01-27 03:27:00,247.0,315.0,315.0,0.0,68.0,68.0,False
2025-01-27 03:28:00,237.0,247.0,247.0,0.0,10.0,10.0,False
2025-01-27 03:29:00,224.0,237.0,237.0,0.0,13.0,13.0,False
2025-01-27 03:30:00,722.0,224.0,224.0,498.0,0.0,4980.0,False
2025-01-27 03:31:00,309.0,722.0,722.0,0.0,413.0,413.0,False
2025-01-27 03:32:00,385.0,309.0,309.0,76.0,0.0,760.0,False
2025-01-27 03:33:00,364.0,385.0,385.0,0.0,21.0,21.0,False
2025-01-27 03:34:00,292.0,364.0,364.0,0.0,72.0,72.0,False
2025-01-27 03:35:00,372.0,292.0,292.0,80.0,0.0,800.0,False
2025-01-27 03:36:00,305.0,372.0,372.0,0.0,67.0,67.0,False
2025-01-27 03:37:00,296.0,305.0,305.0,0.0,9.0,9.0,False
2025-01-27 03:38:00,236.0,296.0,296.0,0.0,60.0,60.0,False
2025-01-27 03:39:00,215.0,236.0,236.0,0.0,21.0,21.0,False
2025-01-27 03:40:00,621.0,215.0,215.0,406.0,0.0,4060.0,False
2025-01-27 03:41:00,317.0,621.0,621.0,0.0,304.0,304.0,False
2025-01-27 03:42:00,255.0,317.0,317.0,0.0,62.0,62.0,False
2025-01-27 03:43:00,296.0,255.0,255.0,41.0,0.0,410.0,False
2025-01-27 03:44:00,242.0,296.0,296.0,0.0,54.0,54.0,False
2025-01-27 03:45:00,408.0,242.0,242.0,166.0,0.0,1660.0,False
2025-01-27 03:46:00,355.0,408.0,408.0,0.0,53.0,53.0,False
2025-01-27 03:47:00,284.0,355.0,355.0,0.0,71.0,71.0,False
2025-01-27 03:48:00,271.0,284.0,284.0,0.0,13.0,13.0,False
2025-01-27 03:49:00,190.0,271.0,271.0,0.0,81.0,81.0,False
2025-01-27 03:50:00,508.0,190.0,190.0,318.0,0.0,3180.0,False
2025-01-27 03:51:00,294.0,508.0,508.0,0.0,214.0,214.0,False
2025-01-27 03:52:00,278.0,294.0,294.0,0.0,16.0,16.0,False
2025-01-27 03:53:00,221.0,278.0,278.0,0.0,57.0,57.0,False
2025-01-27 03:54:00,263.0,221.0,221.0,42.0,0.0,420.0,False
2025-01-27 03:55:00,243.0,263.0,263.0,0.0,20.0,20.0,False
2025-01-27 03:56:00,246.0,243.0,243.0,3.0,0.0,30.0,False
2025-01-27 03:57:00,209.0,246.0,246.0,0.0,37.0,37.0,False
2025-01-27 03:58:00,243.0,209.0,209.0,34.0,0.0,340.0,False
2025-01-27 03:59:00,250.0,243.0,243.0,7.0,0.0,70.0,False
2025-01-27 04:00:00,799.0,250.0,250.0,549.0,0.0,5490.0,True
2025-01-27 04:01:00,284.0,799.0,799.0,0.0,515.0,515.0,False
2025-01-27 04:02:00,249.0,284.0,284.0,0.0,35.0,35.0,False
2025-01-27 04:03:00,329.0,249.0,249.0,80.0,0.0,800.0,False
2025-01-27 04:04:00,313.0,329.0,329.0,0.0,16.0,16.0,False
2025-01-27 04:05:00,268.0,313.0,313.0,0.0,45.0,45.0,False
2025-01-27 04:06:00,365.0,268.0,268.0,97.0,0.0,970.0,False
2025-01-27 04:07:00,313.0,365.0,365.0,0.0,52.0,52.0,False
2025-01-27 04:08:00,254.0,313.0,313.0,0.0,59.0,59.0,False
2025-01-27 04:09:00,277.0,254.0,254.0,23.0,0.0,230.0,False
2025-01-27 04:10:00,488.0,277.0,277.0,211.0,0.0,2110.0,False
2025-01-27 04:11:00,253.0,488.0,488.0,0.0,235.0,235.0,False
2025-01-27 04:12:00,327.0,253.0,253.0,74.0,0.0,740.0,False
2025-01-27 04:13:00,258.0,327.0,327.0,0.0,69.0,69.0,False
2025-01-27 04:14:00,286.0,258.0,258.0,28.0,0.0,280.0,False
2025-01-27 04:15:00,404.0,286.0,286.0,118.0,0.0,1180.0,False
2025-01-27 04:16:00,301.0,404.0,404.0,0.0,103.0,103.0,False
2025-01-27 04:17:00,184.0,301.0,301.0,0.0,117.0,117.0,False
2025-01-27 04:18:00,261.0,184.0,184.0,77.0,0.0,770.0,False
2025-01-27 04:19:00,203.0,261.0,261.0,0.0,58.0,58.0,False
2025-01-27 04:20:00,499.0,203.0,203.0,296.0,0.0,2960.0,False
2025-01-27 04:21:00,277.0,499.0,499.0,0.0,222.0,222.0,False
2025-01-27 04:22:00,249.0,277.0,277.0,0.0,28.0,28.0,False
2025-01-27 04:23:00,253.0,249.0,249.0,4.0,0.0,40.0,False
2025-01-27 04:24:00,290.0,253.0,253.0,37.0,0.0,370.0,False
2025-01-27 04:25:00,246.0,290.0,290.0,0.0,44.0,44.0,False
2025-01-27 04:26:00,186.0,246.0,246.0,0.0,60.0,60.0,False
2025-01-27 04:27:00,233.0,186.0,186.0,47.0,0.0,470.0,False
2025-01-27 04:28:00,275.0,233.0,233.0,42.0,0.0,420.0,False
2025-01-27 04:29:00,183.0,275.0,275.0,0.0,92.0,92.0,False
2025-01-27 04:30:00,654.0,183.0,183.0,471.0,0.0,4710.0,False
2025-01-27 04:31:00,283.0,654.0,654.0,0.0,371.0,371.0,False
2025-01-27 04:32:00,220.0,283.0,283.0,0.0,63.0,63.0,False
2025-01-27 04:33:00,280.0,220.0,220.0,60.0,0.0,600.0,False
2025-01-27 04:34:00,294.0,280.0,280.0,14.0,0.0,140.0,False
2025-01-27 04:35:00,270.0,294.0,294.0,0.0,24.0,24.0,False
2025-01-27 04:36:00,314.0,270.0,270.0,44.0,0.0,440.0,False
2025-01-27 04:37:00,224.0,314.0,314.0,0.0,90.0,90.0,False
2025-01-27 04:38:00,169.0,224.0,224.0,0.0,55.0,55.0,False
2025-01-27 04:39:00,260.0,169.0,169.0,91.0,0.0,910.0,False
2025-01-27 04:40:00,573.0,260.0,260.0,313.0,0.0,3130.0,False
2025-01-27 04:41:00,265.0,573.0,573.0,0.0,308.0,308.0,False
2025-01-27 04:42:00,290.0,265.0,265.0,25.0,0.0,250.0,False
2025-01-27 04:43:00,283.0,290.0,290.0,0.0,7.0,7.0,False
2025-01-27 04:44:00,237.0,283.0,283.0,0.0,46.0,46.0,False
2025-01-27 04:45:00,374.0,237.0,237.0,137.0,0.0,1370.0,False
2025-01-27 04:46:00,231.0,374.0,374.0,0.0,143.0,143.0,False
2025-01-27 04:47:00,180.0,231.0,231.0,0.0,51.0,51.0,False
2025-01-27 04:48:00,238.0,180.0,180.0,58.0,0.0,580.0,False
2025-01-27 04:49:00,202.0,238.0,238.0,0.0,36.0,36.0,False
2025-01-27 04:50:00,488.0,202.0,202.0,286.0,0.0,2860.0,False
2025-01-27 04:51:00,278.0,488.0,488.0,0.0,210.0,210.0,False
2025-01-27 04:52:00,331.0,278.0,278.0,53.0,0.0,530.0,False
2025-01-27 04:53:00,221.0,331.0,331.0,0.0,110.0,110.0,False
2025-01-27 04:54:00,191.0,221.0,221.0,0.0,30.0,30.0,False
2025-01-27 04:55:00,235.0,191.0,191.0,44.0,0.0,440.0,False
2025-01-27 04:56:00,185.0,235.0,235.0,0.0,50.0,50.0,False
2025-01-27 04:57:00,287.0,185.0,185.0,102.0,0.0,1020.0,False
2025-01-27 04:58:00,229.0,287.0,287.0,0.0,58.0,58.0,False
2025-01-27 04:59:00,145.0,229.0,229.0,0.0,84.0,84.0,False
2025-01-27 05:00:00,678.0,145.0,145.0,533.0,0.0,5330.0,False
2025-01-27 05:01:00,651.0,678.0,678.0,0.0,27.0,27.0,False
2025-01-27 05:02:00,233.0,651.0,651.0,0.0,418.0,418.0,False
2025-01-27 05:03:00,284.0,233.0,233.0,51.0,0.0,510.0,False
2025-01-27 05:04:00,267.0,284.0,284.0,0.0,17.0,17.0,False
2025-01-27 05:05:00,310.0,267.0,267.0,43.0,0.0,430.0,False
2025-01-27 05:06:00,399.0,310.0,310.0,89.0,0.0,890.0,False
2025-01-27 05:07:00,275.0,399.0,399.0,0.0,124.0,124.0,False
2025-01-27 05:08:00,300.0,275.0,275.0,25.0,0.0,250.0,False
2025-01-27 05:09:00,211.0,300.0,300.0,0.0,89.0,89.0,False
2025-01-27 05:10:00,505.0,211.0,211.0,294.0,0.0,2940.0,False
2025-01-27 05:11:00,255.0,505.0,505.0,0.0,250.0,250.0,False
2025-01-27 05:12:00,262.0,255.0,255.0,7.0,0.0,70.0,False
2025-01-27 05:13:00,210.0,262.0,262.0,0.0,52.0,52.0,False
2025-01-27 05:14:00,333.0,210.0,210.0,123.0,0.0,1230.0,False
2025-01-27 05:15:00,376.0,333.0,333.0,43.0,0.0,430.0,False
2025-01-27 05:16:00,221.0,376.0,376.0,0.0,155.0,155.0,False
2025-01-27 05:17:00,286.0,221.0,221.0,65.0,0.0,650.0,False
2025-01-27 05:18:00,178.0,286.0,286.0,0.0,108.0,108.0,False
2025-01-27 05:19:00,234.0,178.0,178.0,56.0,0.0,560.0,False
2025-01-27 05:20:00,461.0,234.0,234.0,227.0,0.0,2270.0,False
2025-01-27 05:21:00,269.0,461.0,461.0,0.0,192.0,192.0,False
2025-01-27 05:22:00,264.0,269.0,269.0,0.0,5.0,5.0,False
2025-01-27 05:23:00,268.0,264.0,264.0,4.0,0.0,40.0,False
2025-01-27 05:24:00,305.0,268.0,268.0,37.0,0.0,370.0,False
2025-01-27 05:25:00,419.0,305.0,305.0,114.0,0.0,1140.0,False
2025-01-27 05:26:00,288.0,419.0,419.0,0.0,131.0,131.0,False
2025-01-27 05:27:00,242.0,288.0,288.0,0.0,46.0,46.0,False
2025-01-27 05:28:00,234.0,242.0,242.0,0.0,8.0,8.0,False
2025-01-27 05:29:00,194.0,234.0,234.0,0.0,40.0,40.0,False
2025-01-27 05:30:00,623.0,194.0,194.0,429.0,0.0,4290.0,False
2025-01-27 05:31:00,221.0,623.0,623.0,0.0,402.0,402.0,False
2025-01-27 05:32:00,261.0,221.0,221.0,40.0,0.0,400.0,False
2025-01-27 05:33:00,263.0,261.0,261.0,2.0,0.0,20.0,False
2025-01-27 05:34:00,287.0,263.0,263.0,24.0,0.0,240.0,False
2025-01-27 05:35:00,275.0,287.0,287.0,0.0,12.0,12.0,False
2025-01-27 05:36:00,272.0,275.0,275.0,0.0,3.0,3.0,False
2025-01-27 05:37:00,269.0,272.0,272.0,0.0,3.0,3.0,False
2025-01-27 05:38:00,238.0,269.0,269.0,0.0,31.0,31.0,False
2025-01-27 05:39:00,242.0,238.0,238.0,4.0,0.0,40.0,False
2025-01-27 05:40:00,592.0,242.0,242.0,350.0,0.0,3500.0,False
2025-01-27 05:41:00,266.0,592.0,592.0,0.0,326.0,326.0,False
2025-01-27 05:42:00,298.0,266.0,266.0,32.0,0.0,320.0,False
2025-01-27 05:43:00,226.0,298.0,298.0,0.0,72.0,72.0,False
2025-01-27 05:44:00,225.0,226.0,226.0,0.0,1.0,1.0,False
2025-01-27 05:45:00,437.0,225.0,225.0,212.0,0.0,2120.0,False
2025-01-27 05:46:00,272.0,437.0,437.0,0.0,165.0,165.0,False
2025-01-27 05:47:00,209.0,272.0,272.0,0.0,63.0,63.0,False
2025-01-27 05:48:00,268.0,209.0,209.0,59.0,0.0,590.0,False
2025-01-27 05:49:00,250.0,268.0,268.0,0.0,18.0,18.0,False
2025-01-27 05:50:00,515.0,250.0,250.0,265.0,0.0,2650.0,False
2025-01-27 05:51:00,288.0,515.0,515.0,0.0,227.0,227.0,False
2025-01-27 05:52:00,305.0,288.0,288.0,17.0,0.0,170.0,False
2025-01-27 05:53:00,245.0,305.0,305.0,0.0,60.0,60.0,False
2025-01-27 05:54:00,258.0,245.0,245.0,13.0,0.0,130.0,False
2025-01-27 05:55:00,326.0,258.0,258.0,68.0,0.0,680.0,False
2025-01-27 05:56:00,419.0,326.0,326.0,93.0,0.0,930.0,False
2025-01-27 05:57:00,224.0,419.0,419.0,0.0,195.0,195.0,False
2025-01-27 05:58:00,177.0,224.0,224.0,0.0,47.0,47.0,False
2025-01-27 05:59:00,218.0,177.0,177.0,41.0,0.0,410.0,False
2025-01-27 06:00:00,832.0,218.0,218.0,614.0,0.0,6140.0,True
2025-01-27 06:01:00,409.0,832.0,832.0,0.0,423.0,423.0,False
2025-01-27 06:02:00,348.0,409.0,409.0,0.0,61.0,61.0,False
2025-01-27 06:03:00,333.0,348.0,348.0,0.0,15.0,15.0,False
2025-01-27 06:04:00,323.0,333.0,333.0,0.0,10.0,10.0,False
2025-01-27 06:05:00,306.0,323.0,323.0,0.0,17.0,17.0,False
2025-01-27 06:06:00,356.0,306.0,306.0,50.0,0.0,500.0,False
2025-01-27 06:07:00,365.0,356.0,356.0,9.0,0.0,90.0,False
2025-01-27 06:08:00,291.0,365.0,365.0,0.0,74.0,74.0,False
2025-01-27 06:09:00,319.0,291.0,291.0,28.0,0.0,280.0,False
2025-01-27 06:10:00,520.0,319.0,319.0,201.0,0.0,2010.0,False
2025-01-27 06:11:00,267.0,520.0,520.0,0.0,253.0,253.0,False
2025-01-27 06:12:00,389.0,267.0,267.0,122.0,0.0,1220.0,False
2025-01-27 06:13:00,398.0,389.0,389.0,9.0,0.0,90.0,False
2025-01-27 06:14:00,250.0,398.0,398.0,0.0,148.0,148.0,False
2025-01-27 06:15:00,364.0,250.0,250.0,114.0,0.0,1140.0,False
2025-01-27 06:16:00,337.0,364.0,364.0,0.0,27.0,27.0,False
2025-01-27 06:17:00,340.0,337.0,337.0,3.0,0.0,30.0,False
2025-01-27 06:18:00,305.0,340.0,340.0,0.0,35.0,35.0,False
2025-01-27 06:19:00,238.0,305.0,305.0,0.0,67.0,67.0,False
2025-01-27 06:20:00,522.0,238.0,238.0,284.0,0.0,2840.0,False
2025-01-27 06:21:00,462.0,522.0,522.0,0.0,60.0,60.0,False
2025-01-27 06:22:00,291.0,462.0,462.0,0.0,171.0,171.0,False
2025-01-27 06:23:00,290.0,291.0,291.0,0.0,1.0,1.0,False
2025-01-27 06:24:00,305.0,290.0,290.0,15.0,0.0,150.0,False
2025-01-27 06:25:00,318.0,305.0,305.0,13.0,0.0,130.0,False
2025-01-27 06:26:00,275.0,318.0,318.0,0.0,43.0,43.0,False
2025-01-27 06:27:00,268.0,275.0,275.0,0.0,7.0,7.0,False
2025-01-27 06:28:00,258.0,268.0,268.0,0.0,10.0,10.0,False
2025-01-27 06:29:00,216.0,258.0,258.0,0.0,42.0,42.0,False
2025-01-27 06:30:00,706.0,216.0,216.0,490.0,0.0,4900.0,False
2025-01-27 06:31:00,315.0,706.0,706.0,0.0,391.0,391.0,False
2025-01-27 06:32:00,350.0,315.0,315.0,35.0,0.0,350.0,False
2025-01-27 06:33:00,355.0,350.0,350.0,5.0,0.0,50.0,False
2025-01-27 06:34:00,263.0,355.0,355.0,0.0,92.0,92.0,False
2025-01-27 06:35:00,297.0,263.0,263.0,34.0,0.0,340.0,False
2025-01-27 06:36:00,295.0,297.0,297.0,0.0,2.0,2.0,False
2025-01-27 06:37:00,384.0,295.0,295.0,89.0,0.0,890.0,False
2025-01-27 06:38:00,305.0,384.0,384.0,0.0,79.0,79.0,False
2025-01-27 06:39:00,289.0,305.0,305.0,0.0,16.0,16.0,False
2025-01-27 06:40:00,668.0,289.0,289.0,379.0,0.0,3790.0,False
2025-01-27 06:41:00,329.0,668.0,668.0,0.0,339.0,339.0,False
2025-01-27 06:42:00,301.0,329.0,329.0,0.0,28.0,28.0,False
2025-01-27 06:43:00,277.0,301.0,301.0,0.0,24.0,24.0,False
2025-01-27 06:44:00,278.0,277.0,277.0,1.0,0.0,10.0,False
2025-01-27 06:45:00,399.0,278.0,278.0,121.0,0.0,1210.0,False
2025-01-27 06:46:00,325.0,399.0,399.0,0.0,74.0,74.0,False
2025-01-27 06:47:00,158.0,325.0,325.0,0.0,167.0,167.0,False
2025-01-27 06:48:00,217.0,158.0,158.0,59.0,0.0,590.0,False
2025-01-27 06:49:00,254.0,217.0,217.0,37.0,0.0,370.0,False
2025-01-27 06:50:00,529.0,254.0,254.0,275.0,0.0,2750.0,False
2025-01-27 06:51:00,244.0,529.0,529.0,0.0,285.0,285.0,False
2025-01-27 06:52:00,256.0,244.0,244.0,12.0,0.0,120.0,False
2025-01-27 06:53:00,230.0,256.0,256.0,0.0,26.0,26.0,False
2025-01-27 06:54:00,282.0,230.0,230.0,52.0,0.0,520.0,False
2025-01-27 06:55:00,292.0,282.0,282.0,10.0,0.0,100.0,False
2025-01-27 06:56:00,258.0,292.0,292.0,0.0,34.0,34.0,False
2025-01-27 06:57:00,316.0,258.0,258.0,58.0,0.0,580.0,False
2025-01-27 06:58:00,219.0,316.0,316.0,0.0,97.0,97.0,False
2025-01-27 06:59:00,215.0,219.0,219.0,0.0,4.0,4.0,False
2025-01-27 07:00:00,771.0,215.0,215.0,556.0,0.0,5560.0,True
2025-01-27 07:01:00,334.0,771.0,771.0,0.0,437.0,437.0,False
2025-01-27 07:02:00,340.0,334.0,334.0,6.0,0.0,60.0,False
2025-01-27 07:03:00,339.0,340.0,340.0,0.0,1.0,1.0,False
2025-01-27 07:04:00,280.0,339.0,339.0,0.0,59.0,59.0,False
2025-01-27 07:05:00,347.0,280.0,280.0,67.0,0.0,670.0,False
2025-01-27 07:06:00,323.0,347.0,347.0,0.0,24.0,24.0,False
2025-01-27 07:07:00,308.0,323.0,323.0,0.0,15.0,15.0,False
2025-01-27 07:08:00,302.0,308.0,308.0,0.0,6.0,6.0,False
2025-01-27 07:09:00,260.0,302.0,302.0,0.0,42.0,42.0,False
2025-01-27 07:10:00,616.0,260.0,260.0,356.0,0.0,3560.0,False
2025-01-27 07:11:00,360.0,616.0,616.0,0.0,256.0,256.0,False
2025-01-27 07:12:00,360.0,360.0,360.0,0.0,0.0,0.0,False
2025-01-27 07:13:00,277.0,360.0,360.0,0.0,83.0,83.0,False
2025-01-27 07:14:00,201.0,277.0,277.0,0.0,76.0,76.0,False
2025-01-27 07:15:00,425.0,201.0,201.0,224.0,0.0,2240.0,False
2025-01-27 07:16:00,357.0,425.0,425.0,0.0,68.0,68.0,False
2025-01-27 07:17:00,228.0,357.0,357.0,0.0,129.0,129.0,False
2025-01-27 07:18:00,224.0,228.0,228.0,0.0,4.0,4.0,False
2025-01-27 07:19:00,253.0,224.0,224.0,29.0,0.0,290.0,False
2025-01-27 07:20:00,531.0,253.0,253.0,278.0,0.0,2780.0,False
2025-01-27 07:21:00,298.0,531.0,531.0,0.0,233.0,233.0,False
2025-01-27 07:22:00,371.0,298.0,298.0,73.0,0.0,730.0,False
2025-01-27 07:23:00,351.0,371.0,371.0,0.0,20.0,20.0,False
2025-01-27 07:24:00,308.0,351.0,351.0,0.0,43.0,43.0,False
2025-01-27 07:25:00,353.0,308.0,308.0,45.0,0.0,450.0,False
2025-01-27 07:26:00,290.0,353.0,353.0,0.0,63.0,63.0,False
2025-01-27 07:27:00,215.0,290.0,290.0,0.0,75.0,75.0,False
2025-01-27 07:28:00,248.0,215.0,215.0,33.0,0.0,330.0,False
2025-01-27 07:29:00,238.0,248.0,248.0,0.0,10.0,10.0,False
2025-01-27 07:30:00,729.0,238.0,238.0,491.0,0.0,4910.0,True
2025-01-27 07:31:00,877.0,729.0,729.0,148.0,0.0,1480.0,True
2025-01-27 07:32:00,488.0,877.0,877.0,0.0,389.0,389.0,False
2025-01-27 07:33:00,324.0,488.0,488.0,0.0,164.0,164.0,False
2025-01-27 07:34:00,361.0,324.0,324.0,37.0,0.0,370.0,False
2025-01-27 07:35:00,398.0,361.0,361.0,37.0,0.0,370.0,False
2025-01-27 07:36:00,416.0,398.0,398.0,18.0,0.0,180.0,False
2025-01-27 07:37:00,324.0,416.0,416.0,0.0,92.0,92.0,False
2025-01-27 07:38:00,262.0,324.0,324.0,0.0,62.0,62.0,False
2025-01-27 07:39:00,292.0,262.0,262.0,30.0,0.0,300.0,False
2025-01-27 07:40:00,598.0,292.0,292.0,306.0,0.0,3060.0,False
2025-01-27 07:41:00,296.0,598.0,598.0,0.0,302.0,302.0,False
2025-01-27 07:42:00,244.0,296.0,296.0,0.0,52.0,52.0,False
2025-01-27 07:43:00,295.0,244.0,244.0,51.0,0.0,510.0,False
2025-01-27 07:44:00,253.0,295.0,295.0,0.0,42.0,42.0,False
2025-01-27 07:45:00,411.0,253.0,253.0,158.0,0.0,1580.0,False
2025-01-27 07:46:00,280.0,411.0,411.0,0.0,131.0,131.0,False
2025-01-27 07:47:00,199.0,280.0,280.0,0.0,81.0,81.0,False
2025-01-27 07:48:00,366.0,199.0,199.0,167.0,0.0,1670.0,False
2025-01-27 07:49:00,263.0,366.0,366.0,0.0,103.0,103.0,False
2025-01-27 07:50:00,1130.0,263.0,263.0,867.0,0.0,8670.0,True
2025-01-27 07:51:00,429.0,1130.0,1130.0,0.0,701.0,701.0,False
2025-01-27 07:52:00,271.0,429.0,429.0,0.0,158.0,158.0,False
2025-01-27 07:53:00,192.0,271.0,271.0,0.0,79.0,79.0,False
2025-01-27 07:54:00,308.0,192.0,192.0,116.0,0.0,1160.0,False
2025-01-27 07:55:00,350.0,308.0,308.0,42.0,0.0,420.0,False
2025-01-27 07:56:00,317.0,350.0,350.0,0.0,33.0,33.0,False
2025-01-27 07:57:00,304.0,317.0,317.0,0.0,13.0,13.0,False
2025-01-27 07:58:00,297.0,304.0,304.0,0.0,7.0,7.0,False
2025-01-27 07:59:00,270.0,297.0,297.0,0.0,27.0,27.0,False
2025-01-27 08:00:00,810.0,270.0,270.0,540.0,0.0,5400.0,True
2025-01-27 08:01:00,499.0,810.0,810.0,0.0,311.0,311.0,False
2025-01-27 08:02:00,335.0,499.0,499.0,0.0,164.0,164.0,False
2025-01-27 08:03:00,349.0,335.0,335.0,14.0,0.0,140.0,False
2025-01-27 08:04:00,314.0,349.0,349.0,0.0,35.0,35.0,False
2025-01-27 08:05:00,328.0,314.0,314.0,14.0,0.0,140.0,False
2025-01-27 08:06:00,323.0,328.0,328.0,0.0,5.0,5.0,False
2025-01-27 08:07:00,410.0,323.0,323.0,87.0,0.0,870.0,False
2025-01-27 08:08:00,275.0,410.0,410.0,0.0,135.0,135.0,False
2025-01-27 08:09:00,349.0,275.0,275.0,74.0,0.0,740.0,False
2025-01-27 08:10:00,630.0,349.0,349.0,281.0,0.0,2810.0,False
2025-01-27 08:11:00,334.0,630.0,630.0,0.0,296.0,296.0,False
2025-01-27 08:12:00,336.0,334.0,334.0,2.0,0.0,20.0,False
2025-01-27 08:13:00,271.0,336.0,336.0,0.0,65.0,65.0,False
2025-01-27 08:14:00,321.0,271.0,271.0,50.0,0.0,500.0,False
2025-01-27 08:15:00,467.0,321.0,321.0,146.0,0.0,1460.0,False
2025-01-27 08:16:00,506.0,467.0,467.0,39.0,0.0,390.0,False
2025-01-27 08:17:00,256.0,506.0,506.0,0.0,250.0,250.0,False
2025-01-27 08:18:00,282.0,256.0,256.0,26.0,0.0,260.0,False
2025-01-27 08:19:00,246.0,282.0,282.0,0.0,36.0,36.0,False
2025-01-27 08:20:00,473.0,246.0,246.0,227.0,0.0,2270.0,False
2025-01-27 08:21:00,436.0,473.0,473.0,0.0,37.0,37.0,False
2025-01-27 08:22:00,343.0,436.0,436.0,0.0,93.0,93.0,False
2025-01-27 08:23:00,370.0,343.0,343.0,27.0,0.0,270.0,False
2025-01-27 08:24:00,361.0,370.0,370.0,0.0,9.0,9.0,False
2025-01-27 08:25:00,351.0,361.0,361.0,0.0,10.0,10.0,False
2025-01-27 08:26:00,311.0,351.0,351.0,0.0,40.0,40.0,False
2025-01-27 08:27:00,338.0,311.0,311.0,27.0,0.0,270.0,False
2025-01-27 08:28:00,234.0,338.0,338.0,0.0,104.0,104.0,False
2025-01-27 08:29:00,242.0,234.0,234.0,8.0,0.0,80.0,False
2025-01-27 08:30:00,679.0,242.0,242.0,437.0,0.0,4370.0,False
2025-01-27 08:31:00,322.0,679.0,679.0,0.0,357.0,357.0,False
2025-01-27 08:32:00,364.0,322.0,322.0,42.0,0.0,420.0,False
2025-01-27 08:33:00,461.0,364.0,364.0,97.0,0.0,970.0,False
2025-01-27 08:34:00,356.0,461.0,461.0,0.0,105.0,105.0,False
2025-01-27 08:35:00,410.0,356.0,356.0,54.0,0.0,540.0,False
2025-01-27 08:36:00,463.0,410.0,410.0,53.0,0.0,530.0,False
2025-01-27 08:37:00,393.0,463.0,463.0,0.0,70.0,70.0,False
2025-01-27 08:38:00,250.0,393.0,393.0,0.0,143.0,143.0,False
2025-01-27 08:39:00,431.0,250.0,250.0,181.0,0.0,1810.0,False
2025-01-27 08:40:00,686.0,431.0,431.0,255.0,0.0,2550.0,False
2025-01-27 08:41:00,359.0,686.0,686.0,0.0,327.0,327.0,False
2025-01-27 08:42:00,314.0,359.0,359.0,0.0,45.0,45.0,False
2025-01-27 08:43:00,300.0,314.0,314.0,0.0,14.0,14.0,False
2025-01-27 08:44:00,290.0,300.0,300.0,0.0,10.0,10.0,False
2025-01-27 08:45:00,454.0,290.0,290.0,164.0,0.0,1640.0,False
2025-01-27 08:46:00,393.0,454.0,454.0,0.0,61.0,61.0,False
2025-01-27 08:47:00,235.0,393.0,393.0,0.0,158.0,158.0,False
2025-01-27 08:48:00,268.0,235.0,235.0,33.0,0.0,330.0,False
2025-01-27 08:49:00,310.0,268.0,268.0,42.0,0.0,420.0,False
2025-01-27 08:50:00,564.0,310.0,310.0,254.0,0.0,2540.0,False
2025-01-27 08:51:00,365.0,564.0,564.0,0.0,199.0,199.0,False
2025-01-27 08:52:00,300.0,365.0,365.0,0.0,65.0,65.0,False
2025-01-27 08:53:00,265.0,300.0,300.0,0.0,35.0,35.0,False
2025-01-27 08:54:00,365.0,265.0,265.0,100.0,0.0,1000.0,False
2025-01-27 08:55:00,286.0,365.0,365.0,0.0,79.0,79.0,False
2025-01-27 08:56:00,256.0,286.0,286.0,0.0,30.0,30.0,False
2025-01-27 08:57:00,257.0,256.0,256.0,1.0,0.0,10.0,False
2025-01-27 08:58:00,304.0,257.0,257.0,47.0,0.0,470.0,False
2025-01-27 08:59:00,298.0,304.0,304.0,0.0,6.0,6.0,False
2025-01-27 09:00:00,782.0,298.0,298.0,484.0,0.0,4840.0,True
2025-01-27 09:01:00,468.0,782.0,782.0,0.0,314.0,314.0,False
2025-01-27 09:02:00,325.0,468.0,468.0,0.0,143.0,143.0,False
2025-01-27 09:03:00,415.0,325.0,325.0,90.0,0.0,900.0,False
2025-01-27 09:04:00,523.0,415.0,415.0,108.0,0.0,1080.0,False
2025-01-27 09:05:00,366.0,523.0,523.0,0.0,157.0,157.0,False
2025-01-27 09:06:00,372.0,366.0,366.0,6.0,0.0,60.0,False
2025-01-27 09:07:00,419.0,372.0,372.0,47.0,0.0,470.0,False
2025-01-27 09:08:00,310.0,419.0,419.0,0.0,109.0,109.0,False
2025-01-27 09:09:00,393.0,310.0,310.0,83.0,0.0,830.0,False
2025-01-27 09:10:00,596.0,393.0,393.0,203.0,0.0,2030.0,False
2025-01-27 09:11:00,317.0,596.0,596.0,0.0,279.0,279.0,False
2025-01-27 09:12:00,325.0,317.0,317.0,8.0,0.0,80.0,False
2025-01-27 09:13:00,306.0,325.0,325.0,0.0,19.0,19.0,False
2025-01-27 09:14:00,257.0,306.0,306.0,0.0,49.0,49.0,False
2025-01-27 09:15:00,449.0,257.0,257.0,192.0,0.0,1920.0,False
2025-01-27 09:16:00,334.0,449.0,449.0,0.0,115.0,115.0,False
2025-01-27 09:17:00,208.0,334.0,334.0,0.0,126.0,126.0,False
2025-01-27 09:18:00,274.0,208.0,208.0,66.0,0.0,660.0,False
2025-01-27 09:19:00,244.0,274.0,274.0,0.0,30.0,30.0,False
2025-01-27 09:20:00,574.0,244.0,244.0,330.0,0.0,3300.0,False
2025-01-27 09:21:00,306.0,574.0,574.0,0.0,268.0,268.0,False
2025-01-27 09:22:00,311.0,306.0,306.0,5.0,0.0,50.0,False
2025-01-27 09:23:00,241.0,311.0,311.0,0.0,70.0,70.0,False
2025-01-27 09:24:00,303.0,241.0,241.0,62.0,0.0,620.0,False
2025-01-27 09:25:00,362.0,303.0,303.0,59.0,0.0,590.0,False
2025-01-27 09:26:00,262.0,362.0,362.0,0.0,100.0,100.0,False
2025-01-27 09:27:00,352.0,262.0,262.0,90.0,0.0,900.0,False
2025-01-27 09:28:00,379.0,352.0,352.0,27.0,0.0,270.0,False
2025-01-27 09:29:00,275.0,379.0,379.0,0.0,104.0,104.0,False
2025-01-27 09:30:00,629.0,275.0,275.0,354.0,0.0,3540.0,False
2025-01-27 09:31:00,414.0,629.0,629.0,0.0,215.0,215.0,False
2025-01-27 09:32:00,259.0,414.0,414.0,0.0,155.0,155.0,False
2025-01-27 09:33:00,402.0,259.0,259.0,143.0,0.0,1430.0,False
2025-01-27 09:34:00,280.0,402.0,402.0,0.0,122.0,122.0,False
2025-01-27 09:35:00,395.0,280.0,280.0,115.0,0.0,1150.0,False
2025-01-27 09:36:00,385.0,395.0,395.0,0.0,10.0,10.0,False
2025-01-27 09:37:00,252.0,385.0,385.0,0.0,133.0,133.0,False
2025-01-27 09:38:00,267.0,252.0,252.0,15.0,0.0,150.0,False
2025-01-27 09:39:00,332.0,267.0,267.0,65.0,0.0,650.0,False
2025-01-27 09:40:00,583.0,332.0,332.0,251.0,0.0,2510.0,False
2025-01-27 09:41:00,241.0,583.0,583.0,0.0,342.0,342.0,False
2025-01-27 09:42:00,339.0,241.0,241.0,98.0,0.0,980.0,False
2025-01-27 09:43:00,376.0,339.0,339.0,37.0,0.0,370.0,False
2025-01-27 09:44:00,370.0,376.0,376.0,0.0,6.0,6.0,False
2025-01-27 09:45:00,455.0,370.0,370.0,85.0,0.0,850.0,False
2025-01-27 09:46:00,277.0,455.0,455.0,0.0,178.0,178.0,False
2025-01-27 09:47:00,238.0,277.0,277.0,0.0,39.0,39.0,False
2025-01-27 09:48:00,266.0,238.0,238.0,28.0,0.0,280.0,False
2025-01-27 09:49:00,243.0,266.0,266.0,0.0,23.0,23.0,False
2025-01-27 09:50:00,485.0,243.0,243.0,242.0,0.0,2420.0,False
2025-01-27 09:51:00,273.0,485.0,485.0,0.0,212.0,212.0,False
2025-01-27 09:52:00,309.0,273.0,273.0,36.0,0.0,360.0,False
2025-01-27 09:53:00,277.0,309.0,309.0,0.0,32.0,32.0,False
2025-01-27 09:54:00,254.0,277.0,277.0,0.0,23.0,23.0,False
2025-01-27 09:55:00,284.0,254.0,254.0,30.0,0.0,300.0,False
2025-01-27 09:56:00,385.0,284.0,284.0,101.0,0.0,1010.0,False
2025-01-27 09:57:00,240.0,385.0,385.0,0.0,145.0,145.0,False
2025-01-27 09:58:00,309.0,240.0,240.0,69.0,0.0,690.0,False
2025-01-27 09:59:00,251.0,309.0,309.0,0.0,58.0,58.0,False
2025-01-27 10:00:00,744.0,251.0,251.0,493.0,0.0,4930.0,True
2025-01-27 10:01:00,370.0,744.0,744.0,0.0,374.0,374.0,False
2025-01-27 10:02:00,369.0,370.0,370.0,0.0,1.0,1.0,False
2025-01-27 10:03:00,398.0,369.0,369.0,29.0,0.0,290.0,False
2025-01-27 10:04:00,418.0,398.0,398.0,20.0,0.0,200.0,False
2025-01-27 10:05:00,287.0,418.0,418.0,0.0,131.0,131.0,False
2025-01-27 10:06:00,279.0,287.0,287.0,0.0,8.0,8.0,False
2025-01-27 10:07:00,283.0,279.0,279.0,4.0,0.0,40.0,False
2025-01-27 10:08:00,299.0,283.0,283.0,16.0,0.0,160.0,False
2025-01-27 10:09:00,346.0,299.0,299.0,47.0,0.0,470.0,False
2025-01-27 10:10:00,546.0,346.0,346.0,200.0,0.0,2000.0,False
2025-01-27 10:11:00,270.0,546.0,546.0,0.0,276.0,276.0,False
2025-01-27 10:12:00,261.0,270.0,270.0,0.0,9.0,9.0,False
2025-01-27 10:13:00,490.0,261.0,261.0,229.0,0.0,2290.0,False
2025-01-27 10:14:00,282.0,490.0,490.0,0.0,208.0,208.0,False
2025-01-27 10:15:00,576.0,282.0,282.0,294.0,0.0,2940.0,False
2025-01-27 10:16:00,361.0,576.0,576.0,0.0,215.0,215.0,False
2025-01-27 10:17:00,207.0,361.0,361.0,0.0,154.0,154.0,False
2025-01-27 10:18:00,244.0,207.0,207.0,37.0,0.0,370.0,False
2025-01-27 10:19:00,197.0,244.0,244.0,0.0,47.0,47.0,False
2025-01-27 10:20:00,557.0,197.0,197.0,360.0,0.0,3600.0,False
2025-01-27 10:21:00,247.0,557.0,557.0,0.0,310.0,310.0,False
2025-01-27 10:22:00,344.0,247.0,247.0,97.0,0.0,970.0,False
2025-01-27 10:23:00,263.0,344.0,344.0,0.0,81.0,81.0,False
2025-01-27 10:24:00,310.0,263.0,263.0,47.0,0.0,470.0,False
2025-01-27 10:25:00,324.0,310.0,310.0,14.0,0.0,140.0,False
2025-01-27 10:26:00,272.0,324.0,324.0,0.0,52.0,52.0,False
2025-01-27 10:27:00,312.0,272.0,272.0,40.0,0.0,400.0,False
2025-01-27 10:28:00,251.0,312.0,312.0,0.0,61.0,61.0,False
2025-01-27 10:29:00,247.0,251.0,251.0,0.0,4.0,4.0,False
2025-01-27 10:30:00,706.0,247.0,247.0,459.0,0.0,4590.0,False
2025-01-27 10:31:00,379.0,706.0,706.0,0.0,327.0,327.0,False
2025-01-27 10:32:00,241.0,379.0,379.0,0.0,138.0,138.0,False
2025-01-27 10:33:00,234.0,241.0,241.0,0.0,7.0,7.0,False
2025-01-27 10:34:00,351.0,234.0,234.0,117.0,0.0,1170.0,False
2025-01-27 10:35:00,226.0,351.0,351.0,0.0,125.0,125.0,False
2025-01-27 10:36:00,381.0,226.0,226.0,155.0,0.0,1550.0,False
2025-01-27 10:37:00,364.0,381.0,381.0,0.0,17.0,17.0,False
2025-01-27 10:38:00,256.0,364.0,364.0,0.0,108.0,108.0,False
2025-01-27 10:39:00,247.0,256.0,256.0,0.0,9.0,9.0,False
2025-01-27 10:40:00,537.0,247.0,247.0,290.0,0.0,2900.0,False
2025-01-27 10:41:00,233.0,537.0,537.0,0.0,304.0,304.0,False
2025-01-27 10:42:00,286.0,233.0,233.0,53.0,0.0,530.0,False
2025-01-27 10:43:00,267.0,286.0,286.0,0.0,19.0,19.0,False
2025-01-27 10:44:00,232.0,267.0,267.0,0.0,35.0,35.0,False
2025-01-27 10:45:00,422.0,232.0,232.0,190.0,0.0,1900.0,False
2025-01-27 10:46:00,278.0,422.0,422.0,0.0,144.0,144.0,False
2025-01-27 10:47:00,219.0,278.0,278.0,0.0,59.0,59.0,False
2025-01-27 10:48:00,271.0,219.0,219.0,52.0,0.0,520.0,False
2025-01-27 10:49:00,223.0,271.0,271.0,0.0,48.0,48.0,False
2025-01-27 10:50:00,482.0,223.0,223.0,259.0,0.0,2590.0,False
2025-01-27 10:51:00,246.0,482.0,482.0,0.0,236.0,236.0,False
2025-01-27 10:52:00,228.0,246.0,246.0,0.0,18.0,18.0,False
2025-01-27 10:53:00,278.0,228.0,228.0,50.0,0.0,500.0,False
2025-01-27 10:54:00,255.0,278.0,278.0,0.0,23.0,23.0,False
2025-01-27 10:55:00,282.0,255.0,255.0,27.0,0.0,270.0,False
2025-01-27 10:56:00,260.0,282.0,282.0,0.0,22.0,22.0,False
2025-01-27 10:57:00,276.0,260.0,260.0,16.0,0.0,160.0,False
2025-01-27 10:58:00,191.0,276.0,276.0,0.0,85.0,85.0,False
2025-01-27 10:59:00,219.0,191.0,191.0,28.0,0.0,280.0,False
2025-01-27 11:00:00,749.0,219.0,219.0,530.0,0.0,5300.0,True
2025-01-27 11:01:00,321.0,749.0,749.0,0.0,428.0,428.0,False
2025-01-27 11:02:00,269.0,321.0,321.0,0.0,52.0,52.0,False
2025-01-27 11:03:00,325.0,269.0,269.0,56.0,0.0,560.0,False
2025-01-27 11:04:00,340.0,325.0,325.0,15.0,0.0,150.0,False
2025-01-27 11:05:00,330.0,340.0,340.0,0.0,10.0,10.0,False
2025-01-27 11:06:00,273.0,330.0,330.0,0.0,57.0,57.0,False
2025-01-27 11:07:00,241.0,273.0,273.0,0.0,32.0,32.0,False
2025-01-27 11:08:00,369.0,241.0,241.0,128.0,0.0,1280.0,False
2025-01-27 11:09:00,298.0,369.0,369.0,0.0,71.0,71.0,False
2025-01-27 11:10:00,508.0,298.0,298.0,210.0,0.0,2100.0,False
2025-01-27 11:11:00,292.0,508.0,508.0,0.0,216.0,216.0,False
2025-01-27 11:12:00,262.0,292.0,292.0,0.0,30.0,30.0,False
2025-01-27 11:13:00,267.0,262.0,262.0,5.0,0.0,50.0,False
2025-01-27 11:14:00,196.0,267.0,267.0,0.0,71.0,71.0,False
2025-01-27 11:15:00,351.0,196.0,196.0,155.0,0.0,1550.0,False
2025-01-27 11:16:00,347.0,351.0,351.0,0.0,4.0,4.0,False
2025-01-27 11:17:00,281.0,347.0,347.0,0.0,66.0,66.0,False
2025-01-27 11:18:00,232.0,281.0,281.0,0.0,49.0,49.0,False
2025-01-27 11:19:00,207.0,232.0,232.0,0.0,25.0,25.0,False
2025-01-27 11:20:00,474.0,207.0,207.0,267.0,0.0,2670.0,False
2025-01-27 11:21:00,290.0,474.0,474.0,0.0,184.0,184.0,False
2025-01-27 11:22:00,269.0,290.0,290.0,0.0,21.0,21.0,False
2025-01-27 11:23:00,540.0,269.0,269.0,271.0,0.0,2710.0,False
2025-01-27 11:24:00,770.0,540.0,540.0,230.0,0.0,2300.0,True
2025-01-27 11:25:00,791.0,770.0,770.0,21.0,0.0,210.0,True
2025-01-27 11:26:00,607.0,791.0,791.0,0.0,184.0,184.0,False
2025-01-27 11:27:00,447.0,607.0,607.0,0.0,160.0,160.0,False
2025-01-27 11:28:00,507.0,447.0,447.0,60.0,0.0,600.0,False
2025-01-27 11:29:00,230.0,507.0,507.0,0.0,277.0,277.0,False
2025-01-27 11:30:00,621.0,230.0,230.0,391.0,0.0,3910.0,False
2025-01-27 11:31:00,274.0,621.0,621.0,0.0,347.0,347.0,False
2025-01-27 11:32:00,340.0,274.0,274.0,66.0,0.0,660.0,False
2025-01-27 11:33:00,279.0,340.0,340.0,0.0,61.0,61.0,False
2025-01-27 11:34:00,311.0,279.0,279.0,32.0,0.0,320.0,False
2025-01-27 11:35:00,279.0,311.0,311.0,0.0,32.0,32.0,False
2025-01-27 11:36:00,300.0,279.0,279.0,21.0,0.0,210.0,False
2025-01-27 11:37:00,299.0,300.0,300.0,0.0,1.0,1.0,False
2025-01-27 11:38:00,254.0,299.0,299.0,0.0,45.0,45.0,False
2025-01-27 11:39:00,311.0,254.0,254.0,57.0,0.0,570.0,False
2025-01-27 11:40:00,531.0,311.0,311.0,220.0,0.0,2200.0,False
2025-01-27 11:41:00,233.0,531.0,531.0,0.0,298.0,298.0,False
2025-01-27 11:42:00,228.0,233.0,233.0,0.0,5.0,5.0,False
2025-01-27 11:43:00,320.0,228.0,228.0,92.0,0.0,920.0,False
2025-01-27 11:44:00,243.0,320.0,320.0,0.0,77.0,77.0,False
2025-01-27 11:45:00,455.0,243.0,243.0,212.0,0.0,2120.0,False
2025-01-27 11:46:00,241.0,455.0,455.0,0.0,214.0,214.0,False
2025-01-27 11:47:00,206.0,241.0,241.0,0.0,35.0,35.0,False
2025-01-27 11:48:00,225.0,206.0,206.0,19.0,0.0,190.0,False
2025-01-27 11:49:00,213.0,225.0,225.0,0.0,12.0,12.0,False
2025-01-27 11:50:00,429.0,213.0,213.0,216.0,0.0,2160.0,False
2025-01-27 11:51:00,206.0,429.0,429.0,0.0,223.0,223.0,False
2025-01-27 11:52:00,289.0,206.0,206.0,83.0,0.0,830.0,False
2025-01-27 11:53:00,185.0,289.0,289.0,0.0,104.0,104.0,False
2025-01-27 11:54:00,347.0,185.0,185.0,162.0,0.0,1620.0,False
2025-01-27 11:55:00,332.0,347.0,347.0,0.0,15.0,15.0,False
2025-01-27 11:56:00,422.0,332.0,332.0,90.0,0.0,900.0,False
2025-01-27 11:57:00,372.0,422.0,422.0,0.0,50.0,50.0,False
2025-01-27 11:58:00,356.0,372.0,372.0,0.0,16.0,16.0,False
2025-01-27 11:59:00,238.0,356.0,356.0,0.0,118.0,118.0,False
2025-01-27 12:00:00,741.0,238.0,238.0,503.0,0.0,5030.0,True
2025-01-27 12:01:00,327.0,741.0,741.0,0.0,414.0,414.0,False
2025-01-27 12:02:00,404.0,327.0,327.0,77.0,0.0,770.0,False
2025-01-27 12:03:00,399.0,404.0,404.0,0.0,5.0,5.0,False
2025-01-27 12:04:00,354.0,399.0,399.0,0.0,45.0,45.0,False
2025-01-27 12:05:00,255.0,354.0,354.0,0.0,99.0,99.0,False
2025-01-27 12:06:00,299.0,255.0,255.0,44.0,0.0,440.0,False
2025-01-27 12:07:00,321.0,299.0,299.0,22.0,0.0,220.0,False
2025-01-27 12:08:00,270.0,321.0,321.0,0.0,51.0,51.0,False
2025-01-27 12:09:00,366.0,270.0,270.0,96.0,0.0,960.0,False
2025-01-27 12:10:00,553.0,366.0,366.0,187.0,0.0,1870.0,False
2025-01-27 12:11:00,208.0,553.0,553.0,0.0,345.0,345.0,False
2025-01-27 12:12:00,197.0,208.0,208.0,0.0,11.0,11.0,False
2025-01-27 12:13:00,339.0,197.0,197.0,142.0,0.0,1420.0,False
2025-01-27 12:14:00,199.0,339.0,339.0,0.0,140.0,140.0,False
2025-01-27 12:15:00,313.0,199.0,199.0,114.0,0.0,1140.0,False
2025-01-27 12:16:00,290.0,313.0,313.0,0.0,23.0,23.0,False
2025-01-27 12:17:00,244.0,290.0,290.0,0.0,46.0,46.0,False
2025-01-27 12:18:00,177.0,244.0,244.0,0.0,67.0,67.0,False
2025-01-27 12:19:00,159.0,177.0,177.0,0.0,18.0,18.0,False
2025-01-27 12:20:00,439.0,159.0,159.0,280.0,0.0,2800.0,False
2025-01-27 12:21:00,356.0,439.0,439.0,0.0,83.0,83.0,False
2025-01-27 12:22:00,315.0,356.0,356.0,0.0,41.0,41.0,False
2025-01-27 12:23:00,261.0,315.0,315.0,0.0,54.0,54.0,False
2025-01-27 12:24:00,214.0,261.0,261.0,0.0,47.0,47.0,False
2025-01-27 12:25:00,298.0,214.0,214.0,84.0,0.0,840.0,False
2025-01-27 12:26:00,285.0,298.0,298.0,0.0,13.0,13.0,False
2025-01-27 12:27:00,205.0,285.0,285.0,0.0,80.0,80.0,False
2025-01-27 12:28:00,248.0,205.0,205.0,43.0,0.0,430.0,False
2025-01-27 12:29:00,203.0,248.0,248.0,0.0,45.0,45.0,False
2025-01-27 12:30:00,616.0,203.0,203.0,413.0,0.0,4130.0,False
2025-01-27 12:31:00,259.0,616.0,616.0,0.0,357.0,357.0,False
2025-01-27 12:32:00,290.0,259.0,259.0,31.0,0.0,310.0,False
2025-01-27 12:33:00,304.0,290.0,290.0,14.0,0.0,140.0,False
2025-01-27 12:34:00,322.0,304.0,304.0,18.0,0.0,180.0,False
2025-01-27 12:35:00,261.0,322.0,322.0,0.0,61.0,61.0,False
2025-01-27 12:36:00,248.0,261.0,261.0,0.0,13.0,13.0,False
2025-01-27 12:37:00,311.0,248.0,248.0,63.0,0.0,630.0,False
2025-01-27 12:38:00,187.0,311.0,311.0,0.0,124.0,124.0,False
2025-01-27 12:39:00,270.0,187.0,187.0,83.0,0.0,830.0,False
2025-01-27 12:40:00,523.0,270.0,270.0,253.0,0.0,2530.0,False
2025-01-27 12:41:00,258.0,523.0,523.0,0.0,265.0,265.0,False
2025-01-27 12:42:00,207.0,258.0,258.0,0.0,51.0,51.0,False
2025-01-27 12:43:00,202.0,207.0,207.0,0.0,5.0,5.0,False
2025-01-27 12:44:00,215.0,202.0,202.0,13.0,0.0,130.0,False
2025-01-27 12:45:00,347.0,215.0,215.0,132.0,0.0,1320.0,False
2025-01-27 12:46:00,265.0,347.0,347.0,0.0,82.0,82.0,False
2025-01-27 12:47:00,208.0,265.0,265.0,0.0,57.0,57.0,False
2025-01-27 12:48:00,164.0,208.0,208.0,0.0,44.0,44.0,False
2025-01-27 12:49:00,220.0,164.0,164.0,56.0,0.0,560.0,False
2025-01-27 12:50:00,450.0,220.0,220.0,230.0,0.0,2300.0,False
2025-01-27 12:51:00,249.0,450.0,450.0,0.0,201.0,201.0,False
2025-01-27 12:52:00,224.0,249.0,249.0,0.0,25.0,25.0,False
2025-01-27 12:53:00,305.0,224.0,224.0,81.0,0.0,810.0,False
2025-01-27 12:54:00,203.0,305.0,305.0,0.0,102.0,102.0,False
2025-01-27 12:55:00,211.0,203.0,203.0,8.0,0.0,80.0,False
2025-01-27 12:56:00,217.0,211.0,211.0,6.0,0.0,60.0,False
2025-01-27 12:57:00,237.0,217.0,217.0,20.0,0.0,200.0,False
2025-01-27 12:58:00,174.0,237.0,237.0,0.0,63.0,63.0,False
2025-01-27 12:59:00,158.0,174.0,174.0,0.0,16.0,16.0,False
2025-01-27 13:00:00,713.0,158.0,158.0,555.0,0.0,5550.0,False
2025-01-27 13:01:00,254.0,713.0,713.0,0.0,459.0,459.0,False
2025-01-27 13:02:00,215.0,254.0,254.0,0.0,39.0,39.0,False
2025-01-27 13:03:00,301.0,215.0,215.0,86.0,0.0,860.0,False
2025-01-27 13:04:00,269.0,301.0,301.0,0.0,32.0,32.0,False
2025-01-27 13:05:00,345.0,269.0,269.0,76.0,0.0,760.0,False
2025-01-27 13:06:00,296.0,345.0,345.0,0.0,49.0,49.0,False
2025-01-27 13:07:00,295.0,296.0,296.0,0.0,1.0,1.0,False
2025-01-27 13:08:00,214.0,295.0,295.0,0.0,81.0,81.0,False
2025-01-27 13:09:00,215.0,214.0,214.0,1.0,0.0,10.0,False
2025-01-27 13:10:00,506.0,215.0,215.0,291.0,0.0,2910.0,False
2025-01-27 13:11:00,162.0,506.0,506.0,0.0,344.0,344.0,False
2025-01-27 13:12:00,257.0,162.0,162.0,95.0,0.0,950.0,False
2025-01-27 13:13:00,249.0,257.0,257.0,0.0,8.0,8.0,False
2025-01-27 13:14:00,180.0,249.0,249.0,0.0,69.0,69.0,False
2025-01-27 13:15:00,306.0,180.0,180.0,126.0,0.0,1260.0,False
2025-01-27 13:16:00,286.0,306.0,306.0,0.0,20.0,20.0,False
2025-01-27 13:17:00,196.0,286.0,286.0,0.0,90.0,90.0,False
2025-01-27 13:18:00,228.0,196.0,196.0,32.0,0.0,320.0,False
2025-01-27 13:19:00,153.0,228.0,228.0,0.0,75.0,75.0,False
2025-01-27 13:20:00,479.0,153.0,153.0,326.0,0.0,3260.0,False
2025-01-27 13:21:00,208.0,479.0,479.0,0.0,271.0,271.0,False
2025-01-27 13:22:00,209.0,208.0,208.0,1.0,0.0,10.0,False
2025-01-27 13:23:00,220.0,209.0,209.0,11.0,0.0,110.0,False
2025-01-27 13:24:00,246.0,220.0,220.0,26.0,0.0,260.0,False
2025-01-27 13:25:00,292.0,246.0,246.0,46.0,0.0,460.0,False
2025-01-27 13:26:00,261.0,292.0,292.0,0.0,31.0,31.0,False
2025-01-27 13:27:00,198.0,261.0,261.0,0.0,63.0,63.0,False
2025-01-27 13:28:00,248.0,198.0,198.0,50.0,0.0,500.0,False
2025-01-27 13:29:00,196.0,248.0,248.0,0.0,52.0,52.0,False
2025-01-27 13:30:00,589.0,196.0,196.0,393.0,0.0,3930.0,False
2025-01-27 13:31:00,324.0,589.0,589.0,0.0,265.0,265.0,False
2025-01-27 13:32:00,263.0,324.0,324.0,0.0,61.0,61.0,False
2025-01-27 13:33:00,243.0,263.0,263.0,0.0,20.0,20.0,False
2025-01-27 13:34:00,262.0,243.0,243.0,19.0,0.0,190.0,False
2025-01-27 13:35:00,203.0,262.0,262.0,0.0,59.0,59.0,False
2025-01-27 13:36:00,238.0,203.0,203.0,35.0,0.0,350.0,False
2025-01-27 13:37:00,201.0,238.0,238.0,0.0,37.0,37.0,False
2025-01-27 13:38:00,190.0,201.0,201.0,0.0,11.0,11.0,False
2025-01-27 13:39:00,213.0,190.0,190.0,23.0,0.0,230.0,False
2025-01-27 13:40:00,544.0,213.0,213.0,331.0,0.0,3310.0,False
2025-01-27 13:41:00,210.0,544.0,544.0,0.0,334.0,334.0,False
2025-01-27 13:42:00,254.0,210.0,210.0,44.0,0.0,440.0,False
2025-01-27 13:43:00,195.0,254.0,254.0,0.0,59.0,59.0,False
2025-01-27 13:44:00,230.0,195.0,195.0,35.0,0.0,350.0,False
2025-01-27 13:45:00,351.0,230.0,230.0,121.0,0.0,1210.0,False
2025-01-27 13:46:00,235.0,351.0,351.0,0.0,116.0,116.0,False
2025-01-27 13:47:00,175.0,235.0,235.0,0.0,60.0,60.0,False
2025-01-27 13:48:00,224.0,175.0,175.0,49.0,0.0,490.0,False
2025-01-27 13:49:00,140.0,224.0,224.0,0.0,84.0,84.0,False
2025-01-27 13:50:00,465.0,140.0,140.0,325.0,0.0,3250.0,False
2025-01-27 13:51:00,233.0,465.0,465.0,0.0,232.0,232.0,False
2025-01-27 13:52:00,193.0,233.0,233.0,0.0,40.0,40.0,False
2025-01-27 13:53:00,271.0,193.0,193.0,78.0,0.0,780.0,False
2025-01-27 13:54:00,170.0,271.0,271.0,0.0,101.0,101.0,False
2025-01-27 13:55:00,205.0,170.0,170.0,35.0,0.0,350.0,False
2025-01-27 13:56:00,207.0,205.0,205.0,2.0,0.0,20.0,False
2025-01-27 13:57:00,205.0,207.0,207.0,0.0,2.0,2.0,False
2025-01-27 13:58:00,125.0,205.0,205.0,0.0,80.0,80.0,False
2025-01-27 13:59:00,161.0,125.0,125.0,36.0,0.0,360.0,False
2025-01-27 14:00:00,655.0,161.0,161.0,494.0,0.0,4940.0,False
2025-01-27 14:01:00,373.0,655.0,655.0,0.0,282.0,282.0,False
2025-01-27 14:02:00,247.0,373.0,373.0,0.0,126.0,126.0,False
2025-01-27 14:03:00,284.0,247.0,247.0,37.0,0.0,370.0,False
2025-01-27 14:04:00,801.0,284.0,284.0,517.0,0.0,5170.0,True
2025-01-27 14:05:00,283.0,801.0,801.0,0.0,518.0,518.0,False
2025-01-27 14:06:00,210.0,283.0,283.0,0.0,73.0,73.0,False
2025-01-27 14:07:00,1025.0,210.0,210.0,815.0,0.0,8150.0,True
2025-01-27 14:08:00,572.0,1025.0,1025.0,0.0,453.0,453.0,False
2025-01-27 14:09:00,173.0,572.0,572.0,0.0,399.0,399.0,False
2025-01-27 14:10:00,596.0,173.0,173.0,423.0,0.0,4230.0,False
2025-01-27 14:11:00,1161.0,596.0,596.0,565.0,0.0,5650.0,True
2025-01-27 14:12:00,197.0,1161.0,1161.0,0.0,964.0,964.0,False
2025-01-27 14:13:00,862.0,197.0,197.0,665.0,0.0,6650.0,True
2025-01-27 14:14:00,475.0,862.0,862.0,0.0,387.0,387.0,False
2025-01-27 14:15:00,307.0,475.0,475.0,0.0,168.0,168.0,False
2025-01-27 14:16:00,1128.0,307.0,307.0,821.0,0.0,8210.0,True
2025-01-27 14:17:00,136.0,1128.0,1128.0,0.0,992.0,992.0,False
2025-01-27 14:18:00,183.0,136.0,136.0,47.0,0.0,470.0,False
2025-01-27 14:19:00,976.0,183.0,183.0,793.0,0.0,7930.0,True
2025-01-27 14:20:00,502.0,976.0,976.0,0.0,474.0,474.0,False
2025-01-27 14:21:00,684.0,502.0,502.0,182.0,0.0,1820.0,False
2025-01-27 14:22:00,651.0,684.0,684.0,0.0,33.0,33.0,False
2025-01-27 14:23:00,219.0,651.0,651.0,0.0,432.0,432.0,False
2025-01-27 14:24:00,1028.0,219.0,219.0,809.0,0.0,8090.0,True
2025-01-27 14:25:00,206.0,1028.0,1028.0,0.0,822.0,822.0,False
2025-01-27 14:26:00,780.0,206.0,206.0,574.0,0.0,5740.0,True
2025-01-27 14:27:00,179.0,780.0,780.0,0.0,601.0,601.0,False
2025-01-27 14:28:00,771.0,179.0,179.0,592.0,0.0,5920.0,True
2025-01-27 14:29:00,120.0,771.0,771.0,0.0,651.0,651.0,False
2025-01-27 14:30:00,1103.0,120.0,120.0,983.0,0.0,9830.0,True
2025-01-27 14:31:00,393.0,1103.0,1103.0,0.0,710.0,710.0,False
2025-01-27 14:32:00,189.0,393.0,393.0,0.0,204.0,204.0,False
2025-01-27 14:33:00,921.0,189.0,189.0,732.0,0.0,7320.0,True
2025-01-27 14:34:00,625.0,921.0,921.0,0.0,296.0,296.0,False
2025-01-27 14:35:00,309.0,625.0,625.0,0.0,316.0,316.0,False
2025-01-27 14:36:00,260.0,309.0,309.0,0.0,49.0,49.0,False
2025-01-27 14:37:00,885.0,260.0,260.0,625.0,0.0,6250.0,True
2025-01-27 14:38:00,193.0,885.0,885.0,0.0,692.0,692.0,False
2025-01-27 14:39:00,707.0,193.0,193.0,514.0,0.0,5140.0,False
2025-01-27 14:40:00,463.0,707.0,707.0,0.0,244.0,244.0,False
2025-01-27 14:41:00,802.0,463.0,463.0,339.0,0.0,3390.0,True
2025-01-27 14:42:00,192.0,802.0,802.0,0.0,610.0,610.0,False
2025-01-27 14:43:00,545.0,192.0,192.0,353.0,0.0,3530.0,False
2025-01-27 14:44:00,306.0,545.0,545.0,0.0,239.0,239.0,False
2025-01-27 14:45:00,334.0,306.0,306.0,28.0,0.0,280.0,False
2025-01-27 14:46:00,181.0,334.0,334.0,0.0,153.0,153.0,False
2025-01-27 14:47:00,117.0,181.0,181.0,0.0,64.0,64.0,False
2025-01-27 14:48:00,227.0,117.0,117.0,110.0,0.0,1100.0,False
2025-01-27 14:49:00,141.0,227.0,227.0,0.0,86.0,86.0,False
2025-01-27 14:50:00,417.0,141.0,141.0,276.0,0.0,2760.0,False
2025-01-27 14:51:00,231.0,417.0,417.0,0.0,186.0,186.0,False
2025-01-27 14:52:00,169.0,231.0,231.0,0.0,62.0,62.0,False
2025-01-27 14:53:00,153.0,169.0,169.0,0.0,16.0,16.0,False
2025-01-27 14:54:00,181.0,153.0,153.0,28.0,0.0,280.0,False
2025-01-27 14:55:00,197.0,181.0,181.0,16.0,0.0,160.0,False
2025-01-27 14:56:00,164.0,197.0,197.0,0.0,33.0,33.0,False
2025-01-27 14:57:00,195.0,164.0,164.0,31.0,0.0,310.0,False
2025-01-27 14:58:00,205.0,195.0,195.0,10.0,0.0,100.0,False
2025-01-27 14:59:00,180.0,205.0,205.0,0.0,25.0,25.0,False
2025-01-27 15:00:00,645.0,180.0,180.0,465.0,0.0,4650.0,False
2025-01-27 15:01:00,238.0,645.0,645.0,0.0,407.0,407.0,False
2025-01-27 15:02:00,214.0,238.0,238.0,0.0,24.0,24.0,False
2025-01-27 15:03:00,266.0,214.0,214.0,52.0,0.0,520.0,False
2025-01-27 15:04:00,224.0,266.0,266.0,0.0,42.0,42.0,False
2025-01-27 15:05:00,207.0,224.0,224.0,0.0,17.0,17.0,False
2025-01-27 15:06:00,248.0,207.0,207.0,41.0,0.0,410.0,False
2025-01-27 15:07:00,203.0,248.0,248.0,0.0,45.0,45.0,False
2025-01-27 15:08:00,205.0,203.0,203.0,2.0,0.0,20.0,False
2025-01-27 15:09:00,217.0,205.0,205.0,12.0,0.0,120.0,False
2025-01-27 15:10:00,427.0,217.0,217.0,210.0,0.0,2100.0,False
2025-01-27 15:11:00,160.0,427.0,427.0,0.0,267.0,267.0,False
2025-01-27 15:12:00,170.0,160.0,160.0,10.0,0.0,100.0,False
2025-01-27 15:13:00,170.0,170.0,170.0,0.0,0.0,0.0,False
2025-01-27 15:14:00,154.0,170.0,170.0,0.0,16.0,16.0,False
2025-01-27 15:15:00,325.0,154.0,154.0,171.0,0.0,1710.0,False
2025-01-27 15:16:00,168.0,325.0,325.0,0.0,157.0,157.0,False
2025-01-27 15:17:00,131.0,168.0,168.0,0.0,37.0,37.0,False
2025-01-27 15:18:00,138.0,131.0,131.0,7.0,0.0,70.0,False
2025-01-27 15:19:00,133.0,138.0,138.0,0.0,5.0,5.0,False
2025-01-27 15:20:00,445.0,133.0,133.0,312.0,0.0,3120.0,False
2025-01-27 15:21:00,226.0,445.0,445.0,0.0,219.0,219.0,False
2025-01-27 15:22:00,176.0,226.0,226.0,0.0,50.0,50.0,False
2025-01-27 15:23:00,198.0,176.0,176.0,22.0,0.0,220.0,False
2025-01-27 15:24:00,228.0,198.0,198.0,30.0,0.0,300.0,False
2025-01-27 15:25:00,199.0,228.0,228.0,0.0,29.0,29.0,False
2025-01-27 15:26:00,179.0,199.0,199.0,0.0,20.0,20.0,False
2025-01-27 15:27:00,214.0,179.0,179.0,35.0,0.0,350.0,False
2025-01-27 15:28:00,151.0,214.0,214.0,0.0,63.0,63.0,False
2025-01-27 15:29:00,177.0,151.0,151.0,26.0,0.0,260.0,False
2025-01-27 15:30:00,570.0,177.0,177.0,393.0,0.0,3930.0,False
2025-01-27 15:31:00,207.0,570.0,570.0,0.0,363.0,363.0,False
2025-01-27 15:32:00,227.0,207.0,207.0,20.0,0.0,200.0,False
2025-01-27 15:33:00,214.0,227.0,227.0,0.0,13.0,13.0,False
2025-01-27 15:34:00,288.0,214.0,214.0,74.0,0.0,740.0,False
2025-01-27 15:35:00,213.0,288.0,288.0,0.0,75.0,75.0,False
2025-01-27 15:36:00,243.0,213.0,213.0,30.0,0.0,300.0,False
2025-01-27 15:37:00,198.0,243.0,243.0,0.0,45.0,45.0,False
2025-01-27 15:38:00,172.0,198.0,198.0,0.0,26.0,26.0,False
2025-01-27 15:39:00,195.0,172.0,172.0,23.0,0.0,230.0,False
2025-01-27 15:40:00,497.0,195.0,195.0,302.0,0.0,3020.0,False
2025-01-27 15:41:00,190.0,497.0,497.0,0.0,307.0,307.0,False
2025-01-27 15:42:00,216.0,190.0,190.0,26.0,0.0,260.0,False
2025-01-27 15:43:00,224.0,216.0,216.0,8.0,0.0,80.0,False
2025-01-27 15:44:00,194.0,224.0,224.0,0.0,30.0,30.0,False
2025-01-27 15:45:00,335.0,194.0,194.0,141.0,0.0,1410.0,False
2025-01-27 15:46:00,174.0,335.0,335.0,0.0,161.0,161.0,False
2025-01-27 15:47:00,127.0,174.0,174.0,0.0,47.0,47.0,False
2025-01-27 15:48:00,173.0,127.0,127.0,46.0,0.0,460.0,False
2025-01-27 15:49:00,196.0,173.0,173.0,23.0,0.0,230.0,False
2025-01-27 15:50:00,412.0,196.0,196.0,216.0,0.0,2160.0,False
2025-01-27 15:51:00,191.0,412.0,412.0,0.0,221.0,221.0,False
2025-01-27 15:52:00,171.0,191.0,191.0,0.0,20.0,20.0,False
2025-01-27 15:53:00,163.0,171.0,171.0,0.0,8.0,8.0,False
2025-01-27 15:54:00,221.0,163.0,163.0,58.0,0.0,580.0,False
2025-01-27 15:55:00,189.0,221.0,221.0,0.0,32.0,32.0,False
2025-01-27 15:56:00,162.0,189.0,189.0,0.0,27.0,27.0,False
2025-01-27 15:57:00,191.0,162.0,162.0,29.0,0.0,290.0,False
2025-01-27 15:58:00,136.0,191.0,191.0,0.0,55.0,55.0,False
2025-01-27 15:59:00,153.0,136.0,136.0,17.0,0.0,170.0,False
2025-01-27 16:00:00,791.0,153.0,153.0,638.0,0.0,6380.0,True
2025-01-27 16:01:00,233.0,791.0,791.0,0.0,558.0,558.0,False
2025-01-27 16:02:00,193.0,233.0,233.0,0.0,40.0,40.0,False
2025-01-27 16:03:00,242.0,193.0,193.0,49.0,0.0,490.0,False
2025-01-27 16:04:00,261.0,242.0,242.0,19.0,0.0,190.0,False
2025-01-27 16:05:00,242.0,261.0,261.0,0.0,19.0,19.0,False
2025-01-27 16:06:00,222.0,242.0,242.0,0.0,20.0,20.0,False
2025-01-27 16:07:00,231.0,222.0,222.0,9.0,0.0,90.0,False
2025-01-27 16:08:00,180.0,231.0,231.0,0.0,51.0,51.0,False
2025-01-27 16:09:00,206.0,180.0,180.0,26.0,0.0,260.0,False
2025-01-27 16:10:00,490.0,206.0,206.0,284.0,0.0,2840.0,False
2025-01-27 16:11:00,143.0,490.0,490.0,0.0,347.0,347.0,False
2025-01-27 16:12:00,199.0,143.0,143.0,56.0,0.0,560.0,False
2025-01-27 16:13:00,157.0,199.0,199.0,0.0,42.0,42.0,False
2025-01-27 16:14:00,165.0,157.0,157.0,8.0,0.0,80.0,False
2025-01-27 16:15:00,312.0,165.0,165.0,147.0,0.0,1470.0,False
2025-01-27 16:16:00,182.0,312.0,312.0,0.0,130.0,130.0,False
2025-01-27 16:17:00,150.0,182.0,182.0,0.0,32.0,32.0,False
2025-01-27 16:18:00,190.0,150.0,150.0,40.0,0.0,400.0,False
2025-01-27 16:19:00,141.0,190.0,190.0,0.0,49.0,49.0,False
2025-01-27 16:20:00,437.0,141.0,141.0,296.0,0.0,2960.0,False
2025-01-27 16:21:00,196.0,437.0,437.0,0.0,241.0,241.0,False
2025-01-27 16:22:00,198.0,196.0,196.0,2.0,0.0,20.0,False
2025-01-27 16:23:00,203.0,198.0,198.0,5.0,0.0,50.0,False
2025-01-27 16:24:00,203.0,203.0,203.0,0.0,0.0,0.0,False
2025-01-27 16:25:00,183.0,203.0,203.0,0.0,20.0,20.0,False
2025-01-27 16:26:00,181.0,183.0,183.0,0.0,2.0,2.0,False
2025-01-27 16:27:00,182.0,181.0,181.0,1.0,0.0,10.0,False
2025-01-27 16:28:00,138.0,182.0,182.0,0.0,44.0,44.0,False
2025-01-27 16:29:00,160.0,138.0,138.0,22.0,0.0,220.0,False
2025-01-27 16:30:00,573.0,160.0,160.0,413.0,0.0,4130.0,False
2025-01-27 16:31:00,258.0,573.0,573.0,0.0,315.0,315.0,False
2025-01-27 16:32:00,173.0,258.0,258.0,0.0,85.0,85.0,False
2025-01-27 16:33:00,287.0,173.0,173.0,114.0,0.0,1140.0,False
2025-01-27 16:34:00,180.0,287.0,287.0,0.0,107.0,107.0,False
2025-01-27 16:35:00,206.0,180.0,180.0,26.0,0.0,260.0,False
2025-01-27 16:36:00,194.0,206.0,206.0,0.0,12.0,12.0,False
2025-01-27 16:37:00,204.0,194.0,194.0,10.0,0.0,100.0,False
2025-01-27 16:38:00,147.0,204.0,204.0,0.0,57.0,57.0,False
2025-01-27 16:39:00,206.0,147.0,147.0,59.0,0.0,590.0,False
2025-01-27 16:40:00,425.0,206.0,206.0,219.0,0.0,2190.0,False
2025-01-27 16:41:00,218.0,425.0,425.0,0.0,207.0,207.0,False
2025-01-27 16:42:00,209.0,218.0,218.0,0.0,9.0,9.0,False
2025-01-27 16:43:00,310.0,209.0,209.0,101.0,0.0,1010.0,False
2025-01-27 16:44:00,190.0,310.0,310.0,0.0,120.0,120.0,False
2025-01-27 16:45:00,339.0,190.0,190.0,149.0,0.0,1490.0,False
2025-01-27 16:46:00,231.0,339.0,339.0,0.0,108.0,108.0,False
2025-01-27 16:47:00,141.0,231.0,231.0,0.0,90.0,90.0,False
2025-01-27 16:48:00,149.0,141.0,141.0,8.0,0.0,80.0,False
2025-01-27 16:49:00,148.0,149.0,149.0,0.0,1.0,1.0,False
2025-01-27 16:50:00,430.0,148.0,148.0,282.0,0.0,2820.0,False
2025-01-27 16:51:00,193.0,430.0,430.0,0.0,237.0,237.0,False
2025-01-27 16:52:00,153.0,193.0,193.0,0.0,40.0,40.0,False
2025-01-27 16:53:00,153.0,153.0,153.0,0.0,0.0,0.0,False
2025-01-27 16:54:00,172.0,153.0,153.0,19.0,0.0,190.0,False
2025-01-27 16:55:00,131.0,172.0,172.0,0.0,41.0,41.0,False
2025-01-27 16:56:00,163.0,131.0,131.0,32.0,0.0,320.0,False
2025-01-27 16:57:00,167.0,163.0,163.0,4.0,0.0,40.0,False
2025-01-27 16:58:00,123.0,167.0,167.0,0.0,44.0,44.0,False
2025-01-27 16:59:00,122.0,123.0,123.0,0.0,1.0,1.0,False
2025-01-27 17:00:00,716.0,122.0,122.0,594.0,0.0,5940.0,False
2025-01-27 17:01:00,497.0,716.0,716.0,0.0,219.0,219.0,False
2025-01-27 17:02:00,178.0,497.0,497.0,0.0,319.0,319.0,False
2025-01-27 17:03:00,235.0,178.0,178.0,57.0,0.0,570.0,False
2025-01-27 17:04:00,249.0,235.0,235.0,14.0,0.0,140.0,False
2025-01-27 17:05:00,151.0,249.0,249.0,0.0,98.0,98.0,False
2025-01-27 17:06:00,233.0,151.0,151.0,82.0,0.0,820.0,False
2025-01-27 17:07:00,210.0,233.0,233.0,0.0,23.0,23.0,False
2025-01-27 17:08:00,151.0,210.0,210.0,0.0,59.0,59.0,False
2025-01-27 17:09:00,178.0,151.0,151.0,27.0,0.0,270.0,False
2025-01-27 17:10:00,427.0,178.0,178.0,249.0,0.0,2490.0,False
2025-01-27 17:11:00,196.0,427.0,427.0,0.0,231.0,231.0,False
2025-01-27 17:12:00,157.0,196.0,196.0,0.0,39.0,39.0,False
2025-01-27 17:13:00,163.0,157.0,157.0,6.0,0.0,60.0,False
2025-01-27 17:14:00,154.0,163.0,163.0,0.0,9.0,9.0,False
2025-01-27 17:15:00,309.0,154.0,154.0,155.0,0.0,1550.0,False
2025-01-27 17:16:00,138.0,309.0,309.0,0.0,171.0,171.0,False
2025-01-27 17:17:00,140.0,138.0,138.0,2.0,0.0,20.0,False
2025-01-27 17:18:00,192.0,140.0,140.0,52.0,0.0,520.0,False
2025-01-27 17:19:00,97.0,192.0,192.0,0.0,95.0,95.0,False
2025-01-27 17:20:00,434.0,97.0,97.0,337.0,0.0,3370.0,False
2025-01-27 17:21:00,211.0,434.0,434.0,0.0,223.0,223.0,False
2025-01-27 17:22:00,188.0,211.0,211.0,0.0,23.0,23.0,False
2025-01-27 17:23:00,145.0,188.0,188.0,0.0,43.0,43.0,False
2025-01-27 17:24:00,206.0,145.0,145.0,61.0,0.0,610.0,False
2025-01-27 17:25:00,198.0,206.0,206.0,0.0,8.0,8.0,False
2025-01-27 17:26:00,158.0,198.0,198.0,0.0,40.0,40.0,False
2025-01-27 17:27:00,192.0,158.0,158.0,34.0,0.0,340.0,False
2025-01-27 17:28:00,126.0,192.0,192.0,0.0,66.0,66.0,False
2025-01-27 17:29:00,150.0,126.0,126.0,24.0,0.0,240.0,False
2025-01-27 17:30:00,562.0,150.0,150.0,412.0,0.0,4120.0,False
2025-01-27 17:31:00,201.0,562.0,562.0,0.0,361.0,361.0,False
2025-01-27 17:32:00,233.0,201.0,201.0,32.0,0.0,320.0,False
2025-01-27 17:33:00,242.0,233.0,233.0,9.0,0.0,90.0,False
2025-01-27 17:34:00,212.0,242.0,242.0,0.0,30.0,30.0,False
2025-01-27 17:35:00,184.0,212.0,212.0,0.0,28.0,28.0,False
2025-01-27 17:36:00,207.0,184.0,184.0,23.0,0.0,230.0,False
2025-01-27 17:37:00,196.0,207.0,207.0,0.0,11.0,11.0,False
2025-01-27 17:38:00,148.0,196.0,196.0,0.0,48.0,48.0,False
2025-01-27 17:39:00,201.0,148.0,148.0,53.0,0.0,530.0,False
2025-01-27 17:40:00,398.0,201.0,201.0,197.0,0.0,1970.0,False
2025-01-27 17:41:00,186.0,398.0,398.0,0.0,212.0,212.0,False
2025-01-27 17:42:00,255.0,186.0,186.0,69.0,0.0,690.0,False
2025-01-27 17:43:00,169.0,255.0,255.0,0.0,86.0,86.0,False
2025-01-27 17:44:00,213.0,169.0,169.0,44.0,0.0,440.0,False
2025-01-27 17:45:00,390.0,213.0,213.0,177.0,0.0,1770.0,False
2025-01-27 17:46:00,183.0,390.0,390.0,0.0,207.0,207.0,False
2025-01-27 17:47:00,167.0,183.0,183.0,0.0,16.0,16.0,False
2025-01-27 17:48:00,140.0,167.0,167.0,0.0,27.0,27.0,False
2025-01-27 17:49:00,122.0,140.0,140.0,0.0,18.0,18.0,False
2025-01-27 17:50:00,402.0,122.0,122.0,280.0,0.0,2800.0,False
2025-01-27 17:51:00,205.0,402.0,402.0,0.0,197.0,197.0,False
2025-01-27 17:52:00,139.0,205.0,205.0,0.0,66.0,66.0,False
2025-01-27 17:53:00,167.0,139.0,139.0,28.0,0.0,280.0,False
2025-01-27 17:54:00,158.0,167.0,167.0,0.0,9.0,9.0,False
2025-01-27 17:55:00,145.0,158.0,158.0,0.0,13.0,13.0,False
2025-01-27 17:56:00,174.0,145.0,145.0,29.0,0.0,290.0,False
2025-01-27 17:57:00,155.0,174.0,174.0,0.0,19.0,19.0,False
2025-01-27 17:58:00,121.0,155.0,155.0,0.0,34.0,34.0,False
2025-01-27 17:59:00,123.0,121.0,121.0,2.0,0.0,20.0,False
2025-01-27 18:00:00,594.0,123.0,123.0,471.0,0.0,4710.0,False
2025-01-27 18:01:00,233.0,594.0,594.0,0.0,361.0,361.0,False
2025-01-27 18:02:00,197.0,233.0,233.0,0.0,36.0,36.0,False
2025-01-27 18:03:00,232.0,197.0,197.0,35.0,0.0,350.0,False
2025-01-27 18:04:00,225.0,232.0,232.0,0.0,7.0,7.0,False
2025-01-27 18:05:00,191.0,225.0,225.0,0.0,34.0,34.0,False
2025-01-27 18:06:00,230.0,191.0,191.0,39.0,0.0,390.0,False
2025-01-27 18:07:00,187.0,230.0,230.0,0.0,43.0,43.0,False
2025-01-27 18:08:00,231.0,187.0,187.0,44.0,0.0,440.0,False
2025-01-27 18:09:00,175.0,231.0,231.0,0.0,56.0,56.0,False
2025-01-27 18:10:00,392.0,175.0,175.0,217.0,0.0,2170.0,False
2025-01-27 18:11:00,184.0,392.0,392.0,0.0,208.0,208.0,False
2025-01-27 18:12:00,161.0,184.0,184.0,0.0,23.0,23.0,False
2025-01-27 18:13:00,167.0,161.0,161.0,6.0,0.0,60.0,False
2025-01-27 18:14:00,145.0,167.0,167.0,0.0,22.0,22.0,False
2025-01-27 18:15:00,295.0,145.0,145.0,150.0,0.0,1500.0,False
2025-01-27 18:16:00,193.0,295.0,295.0,0.0,102.0,102.0,False
2025-01-27 18:17:00,142.0,193.0,193.0,0.0,51.0,51.0,False
2025-01-27 18:18:00,147.0,142.0,142.0,5.0,0.0,50.0,False
2025-01-27 18:19:00,137.0,147.0,147.0,0.0,10.0,10.0,False
2025-01-27 18:20:00,406.0,137.0,137.0,269.0,0.0,2690.0,False
2025-01-27 18:21:00,171.0,406.0,406.0,0.0,235.0,235.0,False
2025-01-27 18:22:00,181.0,171.0,171.0,10.0,0.0,100.0,False
2025-01-27 18:23:00,149.0,181.0,181.0,0.0,32.0,32.0,False
2025-01-27 18:24:00,168.0,149.0,149.0,19.0,0.0,190.0,False
2025-01-27 18:25:00,171.0,168.0,168.0,3.0,0.0,30.0,False
2025-01-27 18:26:00,158.0,171.0,171.0,0.0,13.0,13.0,False
2025-01-27 18:27:00,166.0,158.0,158.0,8.0,0.0,80.0,False
2025-01-27 18:28:00,135.0,166.0,166.0,0.0,31.0,31.0,False
2025-01-27 18:29:00,130.0,135.0,135.0,0.0,5.0,5.0,False
2025-01-27 18:30:00,540.0,130.0,130.0,410.0,0.0,4100.0,False
2025-01-27 18:31:00,198.0,540.0,540.0,0.0,342.0,342.0,False
2025-01-27 18:32:00,187.0,198.0,198.0,0.0,11.0,11.0,False
2025-01-27 18:33:00,224.0,187.0,187.0,37.0,0.0,370.0,False
2025-01-27 18:34:00,183.0,224.0,224.0,0.0,41.0,41.0,False
2025-01-27 18:35:00,171.0,183.0,183.0,0.0,12.0,12.0,False
2025-01-27 18:36:00,190.0,171.0,171.0,19.0,0.0,190.0,False
2025-01-27 18:37:00,162.0,190.0,190.0,0.0,28.0,28.0,False
2025-01-27 18:38:00,124.0,162.0,162.0,0.0,38.0,38.0,False
2025-01-27 18:39:00,191.0,124.0,124.0,67.0,0.0,670.0,False
2025-01-27 18:40:00,401.0,191.0,191.0,210.0,0.0,2100.0,False
2025-01-27 18:41:00,148.0,401.0,401.0,0.0,253.0,253.0,False
2025-01-27 18:42:00,163.0,148.0,148.0,15.0,0.0,150.0,False
2025-01-27 18:43:00,209.0,163.0,163.0,46.0,0.0,460.0,False
2025-01-27 18:44:00,141.0,209.0,209.0,0.0,68.0,68.0,False
2025-01-27 18:45:00,329.0,141.0,141.0,188.0,0.0,1880.0,False
2025-01-27 18:46:00,217.0,329.0,329.0,0.0,112.0,112.0,False
2025-01-27 18:47:00,120.0,217.0,217.0,0.0,97.0,97.0,False
2025-01-27 18:48:00,167.0,120.0,120.0,47.0,0.0,470.0,False
2025-01-27 18:49:00,127.0,167.0,167.0,0.0,40.0,40.0,False
2025-01-27 18:50:00,332.0,127.0,127.0,205.0,0.0,2050.0,False
2025-01-27 18:51:00,162.0,332.0,332.0,0.0,170.0,170.0,False
2025-01-27 18:52:00,153.0,162.0,162.0,0.0,9.0,9.0,False
2025-01-27 18:53:00,187.0,153.0,153.0,34.0,0.0,340.0,False
2025-01-27 18:54:00,178.0,187.0,187.0,0.0,9.0,9.0,False
2025-01-27 18:55:00,124.0,178.0,178.0,0.0,54.0,54.0,False
2025-01-27 18:56:00,126.0,124.0,124.0,2.0,0.0,20.0,False
2025-01-27 18:57:00,152.0,126.0,126.0,26.0,0.0,260.0,False
2025-01-27 18:58:00,135.0,152.0,152.0,0.0,17.0,17.0,False
2025-01-27 18:59:00,104.0,135.0,135.0,0.0,31.0,31.0,False
2025-01-27 19:00:00,609.0,104.0,104.0,505.0,0.0,5050.0,False
2025-01-27 19:01:00,391.0,609.0,609.0,0.0,218.0,218.0,False
2025-01-27 19:02:00,253.0,391.0,391.0,0.0,138.0,138.0,False
2025-01-27 19:03:00,216.0,253.0,253.0,0.0,37.0,37.0,False
2025-01-27 19:04:00,187.0,216.0,216.0,0.0,29.0,29.0,False
2025-01-27 19:05:00,246.0,187.0,187.0,59.0,0.0,590.0,False
2025-01-27 19:06:00,213.0,246.0,246.0,0.0,33.0,33.0,False
2025-01-27 19:07:00,199.0,213.0,213.0,0.0,14.0,14.0,False
2025-01-27 19:08:00,153.0,199.0,199.0,0.0,46.0,46.0,False
2025-01-27 19:09:00,188.0,153.0,153.0,35.0,0.0,350.0,False
2025-01-27 19:10:00,390.0,188.0,188.0,202.0,0.0,2020.0,False
2025-01-27 19:11:00,174.0,390.0,390.0,0.0,216.0,216.0,False
2025-01-27 19:12:00,151.0,174.0,174.0,0.0,23.0,23.0,False
2025-01-27 19:13:00,186.0,151.0,151.0,35.0,0.0,350.0,False
2025-01-27 19:14:00,128.0,186.0,186.0,0.0,58.0,58.0,False
2025-01-27 19:15:00,266.0,128.0,128.0,138.0,0.0,1380.0,False
2025-01-27 19:16:00,164.0,266.0,266.0,0.0,102.0,102.0,False
2025-01-27 19:17:00,130.0,164.0,164.0,0.0,34.0,34.0,False
2025-01-27 19:18:00,141.0,130.0,130.0,11.0,0.0,110.0,False
2025-01-27 19:19:00,148.0,141.0,141.0,7.0,0.0,70.0,False
2025-01-27 19:20:00,354.0,148.0,148.0,206.0,0.0,2060.0,False
2025-01-27 19:21:00,163.0,354.0,354.0,0.0,191.0,191.0,False
2025-01-27 19:22:00,142.0,163.0,163.0,0.0,21.0,21.0,False
2025-01-27 19:23:00,141.0,142.0,142.0,0.0,1.0,1.0,False
2025-01-27 19:24:00,200.0,141.0,141.0,59.0,0.0,590.0,False
2025-01-27 19:25:00,161.0,200.0,200.0,0.0,39.0,39.0,False
2025-01-27 19:26:00,159.0,161.0,161.0,0.0,2.0,2.0,False
2025-01-27 19:27:00,137.0,159.0,159.0,0.0,22.0,22.0,False
2025-01-27 19:28:00,132.0,137.0,137.0,0.0,5.0,5.0,False
2025-01-27 19:29:00,144.0,132.0,132.0,12.0,0.0,120.0,False
2025-01-27 19:30:00,515.0,144.0,144.0,371.0,0.0,3710.0,False
2025-01-27 19:31:00,220.0,515.0,515.0,0.0,295.0,295.0,False
2025-01-27 19:32:00,169.0,220.0,220.0,0.0,51.0,51.0,False
2025-01-27 19:33:00,250.0,169.0,169.0,81.0,0.0,810.0,False
2025-01-27 19:34:00,168.0,250.0,250.0,0.0,82.0,82.0,False
2025-01-27 19:35:00,174.0,168.0,168.0,6.0,0.0,60.0,False
2025-01-27 19:36:00,186.0,174.0,174.0,12.0,0.0,120.0,False
2025-01-27 19:37:00,188.0,186.0,186.0,2.0,0.0,20.0,False
2025-01-27 19:38:00,119.0,188.0,188.0,0.0,69.0,69.0,False
2025-01-27 19:39:00,154.0,119.0,119.0,35.0,0.0,350.0,False
2025-01-27 19:40:00,403.0,154.0,154.0,249.0,0.0,2490.0,False
2025-01-27 19:41:00,159.0,403.0,403.0,0.0,244.0,244.0,False
2025-01-27 19:42:00,133.0,159.0,159.0,0.0,26.0,26.0,False
2025-01-27 19:43:00,161.0,133.0,133.0,28.0,0.0,280.0,False
2025-01-27 19:44:00,180.0,161.0,161.0,19.0,0.0,190.0,False
2025-01-27 19:45:00,308.0,180.0,180.0,128.0,0.0,1280.0,False
2025-01-27 19:46:00,191.0,308.0,308.0,0.0,117.0,117.0,False
2025-01-27 19:47:00,126.0,191.0,191.0,0.0,65.0,65.0,False
2025-01-27 19:48:00,133.0,126.0,126.0,7.0,0.0,70.0,False
2025-01-27 19:49:00,133.0,133.0,133.0,0.0,0.0,0.0,False
2025-01-27 19:50:00,320.0,133.0,133.0,187.0,0.0,1870.0,False
2025-01-27 19:51:00,176.0,320.0,320.0,0.0,144.0,144.0,False
2025-01-27 19:52:00,122.0,176.0,176.0,0.0,54.0,54.0,False
2025-01-27 19:53:00,115.0,122.0,122.0,0.0,7.0,7.0,False
2025-01-27 19:54:00,167.0,115.0,115.0,52.0,0.0,520.0,False
2025-01-27 19:55:00,148.0,167.0,167.0,0.0,19.0,19.0,False
2025-01-27 19:56:00,135.0,148.0,148.0,0.0,13.0,13.0,False
2025-01-27 19:57:00,130.0,135.0,135.0,0.0,5.0,5.0,False
2025-01-27 19:58:00,128.0,130.0,130.0,0.0,2.0,2.0,False
2025-01-27 19:59:00,100.0,128.0,128.0,0.0,28.0,28.0,False
2025-01-27 20:00:00,638.0,100.0,100.0,538.0,0.0,5380.0,False
2025-01-27 20:01:00,220.0,638.0,638.0,0.0,418.0,418.0,False
2025-01-27 20:02:00,180.0,220.0,220.0,0.0,40.0,40.0,False
2025-01-27 20:03:00,193.0,180.0,180.0,13.0,0.0,130.0,False
2025-01-27 20:04:00,220.0,193.0,193.0,27.0,0.0,270.0,False
2025-01-27 20:05:00,186.0,220.0,220.0,0.0,34.0,34.0,False
2025-01-27 20:06:00,225.0,186.0,186.0,39.0,0.0,390.0,False
2025-01-27 20:07:00,203.0,225.0,225.0,0.0,22.0,22.0,False
2025-01-27 20:08:00,156.0,203.0,203.0,0.0,47.0,47.0,False
2025-01-27 20:09:00,163.0,156.0,156.0,7.0,0.0,70.0,False
2025-01-27 20:10:00,382.0,163.0,163.0,219.0,0.0,2190.0,False
2025-01-27 20:11:00,132.0,382.0,382.0,0.0,250.0,250.0,False
2025-01-27 20:12:00,169.0,132.0,132.0,37.0,0.0,370.0,False
2025-01-27 20:13:00,162.0,169.0,169.0,0.0,7.0,7.0,False
2025-01-27 20:14:00,117.0,162.0,162.0,0.0,45.0,45.0,False
2025-01-27 20:15:00,360.0,117.0,117.0,243.0,0.0,2430.0,False
2025-01-27 20:16:00,156.0,360.0,360.0,0.0,204.0,204.0,False
2025-01-27 20:17:00,128.0,156.0,156.0,0.0,28.0,28.0,False
2025-01-27 20:18:00,124.0,128.0,128.0,0.0,4.0,4.0,False
2025-01-27 20:19:00,156.0,124.0,124.0,32.0,0.0,320.0,False
2025-01-27 20:20:00,400.0,156.0,156.0,244.0,0.0,2440.0,False
2025-01-27 20:21:00,188.0,400.0,400.0,0.0,212.0,212.0,False
2025-01-27 20:22:00,165.0,188.0,188.0,0.0,23.0,23.0,False
2025-01-27 20:23:00,152.0,165.0,165.0,0.0,13.0,13.0,False
2025-01-27 20:24:00,194.0,152.0,152.0,42.0,0.0,420.0,False
2025-01-27 20:25:00,142.0,194.0,194.0,0.0,52.0,52.0,False
2025-01-27 20:26:00,184.0,142.0,142.0,42.0,0.0,420.0,False
2025-01-27 20:27:00,151.0,184.0,184.0,0.0,33.0,33.0,False
2025-01-27 20:28:00,144.0,151.0,151.0,0.0,7.0,7.0,False
2025-01-27 20:29:00,118.0,144.0,144.0,0.0,26.0,26.0,False
2025-01-27 20:30:00,546.0,118.0,118.0,428.0,0.0,4280.0,False
2025-01-27 20:31:00,235.0,546.0,546.0,0.0,311.0,311.0,False
2025-01-27 20:32:00,225.0,235.0,235.0,0.0,10.0,10.0,False
2025-01-27 20:33:00,233.0,225.0,225.0,8.0,0.0,80.0,False
2025-01-27 20:34:00,205.0,233.0,233.0,0.0,28.0,28.0,False
2025-01-27 20:35:00,166.0,205.0,205.0,0.0,39.0,39.0,False
2025-01-27 20:36:00,220.0,166.0,166.0,54.0,0.0,540.0,False
2025-01-27 20:37:00,207.0,220.0,220.0,0.0,13.0,13.0,False
2025-01-27 20:38:00,126.0,207.0,207.0,0.0,81.0,81.0,False
2025-01-27 20:39:00,153.0,126.0,126.0,27.0,0.0,270.0,False
2025-01-27 20:40:00,377.0,153.0,153.0,224.0,0.0,2240.0,False
2025-01-27 20:41:00,148.0,377.0,377.0,0.0,229.0,229.0,False
2025-01-27 20:42:00,157.0,148.0,148.0,9.0,0.0,90.0,False
2025-01-27 20:43:00,165.0,157.0,157.0,8.0,0.0,80.0,False
2025-01-27 20:44:00,156.0,165.0,165.0,0.0,9.0,9.0,False
2025-01-27 20:45:00,315.0,156.0,156.0,159.0,0.0,1590.0,False
2025-01-27 20:46:00,177.0,315.0,315.0,0.0,138.0,138.0,False
2025-01-27 20:47:00,159.0,177.0,177.0,0.0,18.0,18.0,False
2025-01-27 20:48:00,142.0,159.0,159.0,0.0,17.0,17.0,False
2025-01-27 20:49:00,131.0,142.0,142.0,0.0,11.0,11.0,False
2025-01-27 20:50:00,334.0,131.0,131.0,203.0,0.0,2030.0,False
2025-01-27 20:51:00,178.0,334.0,334.0,0.0,156.0,156.0,False
2025-01-27 20:52:00,146.0,178.0,178.0,0.0,32.0,32.0,False
2025-01-27 20:53:00,138.0,146.0,146.0,0.0,8.0,8.0,False
2025-01-27 20:54:00,166.0,138.0,138.0,28.0,0.0,280.0,False
2025-01-27 20:55:00,134.0,166.0,166.0,0.0,32.0,32.0,False
2025-01-27 20:56:00,247.0,134.0,134.0,113.0,0.0,1130.0,False
2025-01-27 20:57:00,156.0,247.0,247.0,0.0,91.0,91.0,False
2025-01-27 20:58:00,121.0,156.0,156.0,0.0,35.0,35.0,False
2025-01-27 20:59:00,109.0,121.0,121.0,0.0,12.0,12.0,False
2025-01-27 21:00:00,629.0,109.0,109.0,520.0,0.0,5200.0,False
2025-01-27 21:01:00,225.0,629.0,629.0,0.0,404.0,404.0,False
2025-01-27 21:02:00,196.0,225.0,225.0,0.0,29.0,29.0,False
2025-01-27 21:03:00,268.0,196.0,196.0,72.0,0.0,720.0,False
2025-01-27 21:04:00,346.0,268.0,268.0,78.0,0.0,780.0,False
2025-01-27 21:05:00,158.0,346.0,346.0,0.0,188.0,188.0,False
2025-01-27 21:06:00,206.0,158.0,158.0,48.0,0.0,480.0,False
2025-01-27 21:07:00,177.0,206.0,206.0,0.0,29.0,29.0,False
2025-01-27 21:08:00,154.0,177.0,177.0,0.0,23.0,23.0,False
2025-01-27 21:09:00,199.0,154.0,154.0,45.0,0.0,450.0,False
2025-01-27 21:10:00,391.0,199.0,199.0,192.0,0.0,1920.0,False
2025-01-27 21:11:00,154.0,391.0,391.0,0.0,237.0,237.0,False
2025-01-27 21:12:00,189.0,154.0,154.0,35.0,0.0,350.0,False
2025-01-27 21:13:00,199.0,189.0,189.0,10.0,0.0,100.0,False
2025-01-27 21:14:00,120.0,199.0,199.0,0.0,79.0,79.0,False
2025-01-27 21:15:00,294.0,120.0,120.0,174.0,0.0,1740.0,False
2025-01-27 21:16:00,173.0,294.0,294.0,0.0,121.0,121.0,False
2025-01-27 21:17:00,144.0,173.0,173.0,0.0,29.0,29.0,False
2025-01-27 21:18:00,140.0,144.0,144.0,0.0,4.0,4.0,False
2025-01-27 21:19:00,130.0,140.0,140.0,0.0,10.0,10.0,False
2025-01-27 21:20:00,364.0,130.0,130.0,234.0,0.0,2340.0,False
2025-01-27 21:21:00,202.0,364.0,364.0,0.0,162.0,162.0,False
2025-01-27 21:22:00,126.0,202.0,202.0,0.0,76.0,76.0,False
2025-01-27 21:23:00,160.0,126.0,126.0,34.0,0.0,340.0,False
2025-01-27 21:24:00,176.0,160.0,160.0,16.0,0.0,160.0,False
2025-01-27 21:25:00,172.0,176.0,176.0,0.0,4.0,4.0,False
2025-01-27 21:26:00,150.0,172.0,172.0,0.0,22.0,22.0,False
2025-01-27 21:27:00,185.0,150.0,150.0,35.0,0.0,350.0,False
2025-01-27 21:28:00,115.0,185.0,185.0,0.0,70.0,70.0,False
2025-01-27 21:29:00,128.0,115.0,115.0,13.0,0.0,130.0,False
2025-01-27 21:30:00,586.0,128.0,128.0,458.0,0.0,4580.0,False
2025-01-27 21:31:00,185.0,586.0,586.0,0.0,401.0,401.0,False
2025-01-27 21:32:00,192.0,185.0,185.0,7.0,0.0,70.0,False
2025-01-27 21:33:00,229.0,192.0,192.0,37.0,0.0,370.0,False
2025-01-27 21:34:00,215.0,229.0,229.0,0.0,14.0,14.0,False
2025-01-27 21:35:00,210.0,215.0,215.0,0.0,5.0,5.0,False
2025-01-27 21:36:00,248.0,210.0,210.0,38.0,0.0,380.0,False
2025-01-27 21:37:00,193.0,248.0,248.0,0.0,55.0,55.0,False
2025-01-27 21:38:00,125.0,193.0,193.0,0.0,68.0,68.0,False
2025-01-27 21:39:00,212.0,125.0,125.0,87.0,0.0,870.0,False
2025-01-27 21:40:00,358.0,212.0,212.0,146.0,0.0,1460.0,False
2025-01-27 21:41:00,180.0,358.0,358.0,0.0,178.0,178.0,False
2025-01-27 21:42:00,202.0,180.0,180.0,22.0,0.0,220.0,False
2025-01-27 21:43:00,144.0,202.0,202.0,0.0,58.0,58.0,False
2025-01-27 21:44:00,185.0,144.0,144.0,41.0,0.0,410.0,False
2025-01-27 21:45:00,388.0,185.0,185.0,203.0,0.0,2030.0,False
2025-01-27 21:46:00,176.0,388.0,388.0,0.0,212.0,212.0,False
2025-01-27 21:47:00,141.0,176.0,176.0,0.0,35.0,35.0,False
2025-01-27 21:48:00,142.0,141.0,141.0,1.0,0.0,10.0,False
2025-01-27 21:49:00,166.0,142.0,142.0,24.0,0.0,240.0,False
2025-01-27 21:50:00,350.0,166.0,166.0,184.0,0.0,1840.0,False
2025-01-27 21:51:00,186.0,350.0,350.0,0.0,164.0,164.0,False
2025-01-27 21:52:00,814.0,186.0,186.0,628.0,0.0,6280.0,True
2025-01-27 21:53:00,816.0,814.0,814.0,2.0,0.0,20.0,True
2025-01-27 21:54:00,188.0,816.0,816.0,0.0,628.0,628.0,False
2025-01-27 21:55:00,249.0,188.0,188.0,61.0,0.0,610.0,False
2025-01-27 21:56:00,908.0,249.0,249.0,659.0,0.0,6590.0,True
2025-01-27 21:57:00,183.0,908.0,908.0,0.0,725.0,725.0,False
2025-01-27 21:58:00,149.0,183.0,183.0,0.0,34.0,34.0,False
2025-01-27 21:59:00,127.0,149.0,149.0,0.0,22.0,22.0,False
2025-01-27 22:00:00,686.0,127.0,127.0,559.0,0.0,5590.0,False
2025-01-27 22:01:00,302.0,686.0,686.0,0.0,384.0,384.0,False
2025-01-27 22:02:00,219.0,302.0,302.0,0.0,83.0,83.0,False
2025-01-27 22:03:00,254.0,219.0,219.0,35.0,0.0,350.0,False
2025-01-27 22:04:00,236.0,254.0,254.0,0.0,18.0,18.0,False
2025-01-27 22:05:00,244.0,236.0,236.0,8.0,0.0,80.0,False
2025-01-27 22:06:00,206.0,244.0,244.0,0.0,38.0,38.0,False
2025-01-27 22:07:00,226.0,206.0,206.0,20.0,0.0,200.0,False
2025-01-27 22:08:00,223.0,226.0,226.0,0.0,3.0,3.0,False
2025-01-27 22:09:00,206.0,223.0,223.0,0.0,17.0,17.0,False
2025-01-27 22:10:00,459.0,206.0,206.0,253.0,0.0,2530.0,False
2025-01-27 22:11:00,179.0,459.0,459.0,0.0,280.0,280.0,False
2025-01-27 22:12:00,202.0,179.0,179.0,23.0,0.0,230.0,False
2025-01-27 22:13:00,212.0,202.0,202.0,10.0,0.0,100.0,False
2025-01-27 22:14:00,184.0,212.0,212.0,0.0,28.0,28.0,False
2025-01-27 22:15:00,347.0,184.0,184.0,163.0,0.0,1630.0,False
2025-01-27 22:16:00,278.0,347.0,347.0,0.0,69.0,69.0,False
2025-01-27 22:17:00,143.0,278.0,278.0,0.0,135.0,135.0,False
2025-01-27 22:18:00,237.0,143.0,143.0,94.0,0.0,940.0,False
2025-01-27 22:19:00,311.0,237.0,237.0,74.0,0.0,740.0,False
2025-01-27 22:20:00,450.0,311.0,311.0,139.0,0.0,1390.0,False
2025-01-27 22:21:00,222.0,450.0,450.0,0.0,228.0,228.0,False
2025-01-27 22:22:00,571.0,222.0,222.0,349.0,0.0,3490.0,False
2025-01-27 22:23:00,600.0,571.0,571.0,29.0,0.0,290.0,False
2025-01-27 22:24:00,295.0,600.0,600.0,0.0,305.0,305.0,False
2025-01-27 22:25:00,213.0,295.0,295.0,0.0,82.0,82.0,False
2025-01-27 22:26:00,206.0,213.0,213.0,0.0,7.0,7.0,False
2025-01-27 22:27:00,263.0,206.0,206.0,57.0,0.0,570.0,False
2025-01-27 22:28:00,155.0,263.0,263.0,0.0,108.0,108.0,False
2025-01-27 22:29:00,200.0,155.0,155.0,45.0,0.0,450.0,False
2025-01-27 22:30:00,715.0,200.0,200.0,515.0,0.0,5150.0,False
2025-01-27 22:31:00,412.0,715.0,715.0,0.0,303.0,303.0,False
2025-01-27 22:32:00,241.0,412.0,412.0,0.0,171.0,171.0,False
2025-01-27 22:33:00,289.0,241.0,241.0,48.0,0.0,480.0,False
2025-01-27 22:34:00,242.0,289.0,289.0,0.0,47.0,47.0,False
2025-01-27 22:35:00,546.0,242.0,242.0,304.0,0.0,3040.0,False
2025-01-27 22:36:00,281.0,546.0,546.0,0.0,265.0,265.0,False
2025-01-27 22:37:00,224.0,281.0,281.0,0.0,57.0,57.0,False
2025-01-27 22:38:00,149.0,224.0,224.0,0.0,75.0,75.0,False
2025-01-27 22:39:00,206.0,149.0,149.0,57.0,0.0,570.0,False
2025-01-27 22:40:00,755.0,206.0,206.0,549.0,0.0,5490.0,True
2025-01-27 22:41:00,1311.0,755.0,755.0,556.0,0.0,5560.0,True
2025-01-27 22:42:00,292.0,1311.0,1311.0,0.0,1019.0,1019.0,False
2025-01-27 22:43:00,722.0,292.0,292.0,430.0,0.0,4300.0,False
2025-01-27 22:44:00,366.0,722.0,722.0,0.0,356.0,356.0,False
2025-01-27 22:45:00,409.0,366.0,366.0,43.0,0.0,430.0,False
2025-01-27 22:46:00,226.0,409.0,409.0,0.0,183.0,183.0,False
2025-01-27 22:47:00,193.0,226.0,226.0,0.0,33.0,33.0,False
2025-01-27 22:48:00,275.0,193.0,193.0,82.0,0.0,820.0,False
2025-01-27 22:49:00,268.0,275.0,275.0,0.0,7.0,7.0,False
2025-01-27 22:50:00,1000.0,268.0,268.0,732.0,0.0,7320.0,True
2025-01-27 22:51:00,192.0,1000.0,1000.0,0.0,808.0,808.0,False
2025-01-27 22:52:00,264.0,192.0,192.0,72.0,0.0,720.0,False
2025-01-27 22:53:00,203.0,264.0,264.0,0.0,61.0,61.0,False
2025-01-27 22:54:00,431.0,203.0,203.0,228.0,0.0,2280.0,False
2025-01-27 22:55:00,233.0,431.0,431.0,0.0,198.0,198.0,False
2025-01-27 22:56:00,210.0,233.0,233.0,0.0,23.0,23.0,False
2025-01-27 22:57:00,233.0,210.0,210.0,23.0,0.0,230.0,False
2025-01-27 22:58:00,226.0,233.0,233.0,0.0,7.0,7.0,False
2025-01-27 22:59:00,182.0,226.0,226.0,0.0,44.0,44.0,False
2025-01-27 23:00:00,993.0,182.0,182.0,811.0,0.0,8110.0,True
2025-01-27 23:01:00,347.0,993.0,993.0,0.0,646.0,646.0,False
2025-01-27 23:02:00,412.0,347.0,347.0,65.0,0.0,650.0,False
2025-01-27 23:03:00,619.0,412.0,412.0,207.0,0.0,2070.0,False
2025-01-27 23:04:00,356.0,619.0,619.0,0.0,263.0,263.0,False
2025-01-27 23:05:00,336.0,356.0,356.0,0.0,20.0,20.0,False
2025-01-27 23:06:00,310.0,336.0,336.0,0.0,26.0,26.0,False
2025-01-27 23:07:00,289.0,310.0,310.0,0.0,21.0,21.0,False
2025-01-27 23:08:00,424.0,289.0,289.0,135.0,0.0,1350.0,False
2025-01-27 23:09:00,273.0,424.0,424.0,0.0,151.0,151.0,False
2025-01-27 23:10:00,579.0,273.0,273.0,306.0,0.0,3060.0,False
2025-01-27 23:11:00,289.0,579.0,579.0,0.0,290.0,290.0,False
2025-01-27 23:12:00,350.0,289.0,289.0,61.0,0.0,610.0,False
2025-01-27 23:13:00,302.0,350.0,350.0,0.0,48.0,48.0,False
2025-01-27 23:14:00,257.0,302.0,302.0,0.0,45.0,45.0,False
2025-01-27 23:15:00,382.0,257.0,257.0,125.0,0.0,1250.0,False
2025-01-27 23:16:00,386.0,382.0,382.0,4.0,0.0,40.0,False
2025-01-27 23:17:00,310.0,386.0,386.0,0.0,76.0,76.0,False
2025-01-27 23:18:00,426.0,310.0,310.0,116.0,0.0,1160.0,False
2025-01-27 23:19:00,348.0,426.0,426.0,0.0,78.0,78.0,False
2025-01-27 23:20:00,590.0,348.0,348.0,242.0,0.0,2420.0,False
2025-01-27 23:21:00,386.0,590.0,590.0,0.0,204.0,204.0,False
2025-01-27 23:22:00,312.0,386.0,386.0,0.0,74.0,74.0,False
2025-01-27 23:23:00,302.0,312.0,312.0,0.0,10.0,10.0,False
2025-01-27 23:24:00,409.0,302.0,302.0,107.0,0.0,1070.0,False
2025-01-27 23:25:00,358.0,409.0,409.0,0.0,51.0,51.0,False
2025-01-27 23:26:00,296.0,358.0,358.0,0.0,62.0,62.0,False
2025-01-27 23:27:00,497.0,296.0,296.0,201.0,0.0,2010.0,False
2025-01-27 23:28:00,363.0,497.0,497.0,0.0,134.0,134.0,False
2025-01-27 23:29:00,401.0,363.0,363.0,38.0,0.0,380.0,False
2025-01-27 23:30:00,776.0,401.0,401.0,375.0,0.0,3750.0,True
2025-01-27 23:31:00,432.0,776.0,776.0,0.0,344.0,344.0,False
2025-01-27 23:32:00,305.0,432.0,432.0,0.0,127.0,127.0,False
2025-01-27 23:33:00,496.0,305.0,305.0,191.0,0.0,1910.0,False
2025-01-27 23:34:00,492.0,496.0,496.0,0.0,4.0,4.0,False
2025-01-27 23:35:00,305.0,492.0,492.0,0.0,187.0,187.0,False
2025-01-27 23:36:00,444.0,305.0,305.0,139.0,0.0,1390.0,False
2025-01-27 23:37:00,409.0,444.0,444.0,0.0,35.0,35.0,False
2025-01-27 23:38:00,200.0,409.0,409.0,0.0,209.0,209.0,False
2025-01-27 23:39:00,387.0,200.0,200.0,187.0,0.0,1870.0,False
2025-01-27 23:40:00,699.0,387.0,387.0,312.0,0.0,3120.0,False
2025-01-27 23:41:00,390.0,699.0,699.0,0.0,309.0,309.0,False
2025-01-27 23:42:00,424.0,390.0,390.0,34.0,0.0,340.0,False
2025-01-27 23:43:00,967.0,424.0,424.0,543.0,0.0,5430.0,True
2025-01-27 23:44:00,363.0,967.0,967.0,0.0,604.0,604.0,False
2025-01-27 23:45:00,746.0,363.0,363.0,383.0,0.0,3830.0,True
2025-01-27 23:46:00,392.0,746.0,746.0,0.0,354.0,354.0,False
2025-01-27 23:47:00,214.0,392.0,392.0,0.0,178.0,178.0,False
2025-01-27 23:48:00,306.0,214.0,214.0,92.0,0.0,920.0,False
2025-01-27 23:49:00,246.0,306.0,306.0,0.0,60.0,60.0,False
2025-01-27 23:50:00,830.0,246.0,246.0,584.0,0.0,5840.0,True
2025-01-27 23:51:00,299.0,830.0,830.0,0.0,531.0,531.0,False
2025-01-27 23:52:00,333.0,299.0,299.0,34.0,0.0,340.0,False
2025-01-27 23:53:00,287.0,333.0,333.0,0.0,46.0,46.0,False
2025-01-27 23:54:00,244.0,287.0,287.0,0.0,43.0,43.0,False
2025-01-27 23:55:00,260.0,244.0,244.0,16.0,0.0,160.0,False
2025-01-27 23:56:00,334.0,260.0,260.0,74.0,0.0,740.0,False
2025-01-27 23:57:00,195.0,334.0,334.0,0.0,139.0,139.0,False
2025-01-27 23:58:00,348.0,195.0,195.0,153.0,0.0,1530.0,False
2025-01-27 23:59:00,290.0,348.0,348.0,0.0,58.0,58.0,False
2025-01-28 00:00:00,845.0,290.0,290.0,555.0,0.0,5550.0,True
2025-01-28 00:01:00,370.0,845.0,845.0,0.0,475.0,475.0,False
2025-01-28 00:02:00,380.0,370.0,370.0,10.0,0.0,100.0,False
2025-01-28 00:03:00,325.0,380.0,380.0,0.0,55.0,55.0,False
2025-01-28 00:04:00,372.0,325.0,325.0,47.0,0.0,470.0,False
2025-01-28 00:05:00,439.0,372.0,372.0,67.0,0.0,670.0,False
2025-01-28 00:06:00,337.0,439.0,439.0,0.0,102.0,102.0,False
2025-01-28 00:07:00,343.0,337.0,337.0,6.0,0.0,60.0,False
2025-01-28 00:08:00,248.0,343.0,343.0,0.0,95.0,95.0,False
2025-01-28 00:09:00,206.0,248.0,248.0,0.0,42.0,42.0,False
2025-01-28 00:10:00,565.0,206.0,206.0,359.0,0.0,3590.0,False
2025-01-28 00:11:00,224.0,565.0,565.0,0.0,341.0,341.0,False
2025-01-28 00:12:00,305.0,224.0,224.0,81.0,0.0,810.0,False
2025-01-28 00:13:00,461.0,305.0,305.0,156.0,0.0,1560.0,False
2025-01-28 00:14:00,275.0,461.0,461.0,0.0,186.0,186.0,False
2025-01-28 00:15:00,600.0,275.0,275.0,325.0,0.0,3250.0,False
2025-01-28 00:16:00,380.0,600.0,600.0,0.0,220.0,220.0,False
2025-01-28 00:17:00,177.0,380.0,380.0,0.0,203.0,203.0,False
2025-01-28 00:18:00,279.0,177.0,177.0,102.0,0.0,1020.0,False
2025-01-28 00:19:00,389.0,279.0,279.0,110.0,0.0,1100.0,False
2025-01-28 00:20:00,509.0,389.0,389.0,120.0,0.0,1200.0,False
2025-01-28 00:21:00,286.0,509.0,509.0,0.0,223.0,223.0,False
2025-01-28 00:22:00,279.0,286.0,286.0,0.0,7.0,7.0,False
2025-01-28 00:23:00,222.0,279.0,279.0,0.0,57.0,57.0,False
2025-01-28 00:24:00,359.0,222.0,222.0,137.0,0.0,1370.0,False
2025-01-28 00:25:00,252.0,359.0,359.0,0.0,107.0,107.0,False
2025-01-28 00:26:00,261.0,252.0,252.0,9.0,0.0,90.0,False
2025-01-28 00:27:00,452.0,261.0,261.0,191.0,0.0,1910.0,False
2025-01-28 00:28:00,260.0,452.0,452.0,0.0,192.0,192.0,False
2025-01-28 00:29:00,225.0,260.0,260.0,0.0,35.0,35.0,False
2025-01-28 00:30:00,763.0,225.0,225.0,538.0,0.0,5380.0,True
2025-01-28 00:31:00,351.0,763.0,763.0,0.0,412.0,412.0,False
2025-01-28 00:32:00,450.0,351.0,351.0,99.0,0.0,990.0,False
2025-01-28 00:33:00,309.0,450.0,450.0,0.0,141.0,141.0,False
2025-01-28 00:34:00,248.0,309.0,309.0,0.0,61.0,61.0,False
2025-01-28 00:35:00,298.0,248.0,248.0,50.0,0.0,500.0,False
2025-01-28 00:36:00,278.0,298.0,298.0,0.0,20.0,20.0,False
2025-01-28 00:37:00,231.0,278.0,278.0,0.0,47.0,47.0,False
2025-01-28 00:38:00,408.0,231.0,231.0,177.0,0.0,1770.0,False
2025-01-28 00:39:00,325.0,408.0,408.0,0.0,83.0,83.0,False
2025-01-28 00:40:00,487.0,325.0,325.0,162.0,0.0,1620.0,False
2025-01-28 00:41:00,306.0,487.0,487.0,0.0,181.0,181.0,False
2025-01-28 00:42:00,282.0,306.0,306.0,0.0,24.0,24.0,False
2025-01-28 00:43:00,309.0,282.0,282.0,27.0,0.0,270.0,False
2025-01-28 00:44:00,307.0,309.0,309.0,0.0,2.0,2.0,False
2025-01-28 00:45:00,494.0,307.0,307.0,187.0,0.0,1870.0,False
2025-01-28 00:46:00,372.0,494.0,494.0,0.0,122.0,122.0,False
2025-01-28 00:47:00,241.0,372.0,372.0,0.0,131.0,131.0,False
2025-01-28 00:48:00,207.0,241.0,241.0,0.0,34.0,34.0,False
2025-01-28 00:49:00,284.0,207.0,207.0,77.0,0.0,770.0,False
2025-01-28 00:50:00,547.0,284.0,284.0,263.0,0.0,2630.0,False
2025-01-28 00:51:00,302.0,547.0,547.0,0.0,245.0,245.0,False
2025-01-28 00:52:00,305.0,302.0,302.0,3.0,0.0,30.0,False
2025-01-28 00:53:00,250.0,305.0,305.0,0.0,55.0,55.0,False
2025-01-28 00:54:00,352.0,250.0,250.0,102.0,0.0,1020.0,False
2025-01-28 00:55:00,334.0,352.0,352.0,0.0,18.0,18.0,False
2025-01-28 00:56:00,354.0,334.0,334.0,20.0,0.0,200.0,False
2025-01-28 00:57:00,295.0,354.0,354.0,0.0,59.0,59.0,False
2025-01-28 00:58:00,271.0,295.0,295.0,0.0,24.0,24.0,False
2025-01-28 00:59:00,280.0,271.0,271.0,9.0,0.0,90.0,False
2025-01-28 01:00:00,811.0,280.0,280.0,531.0,0.0,5310.0,True
2025-01-28 01:01:00,363.0,811.0,811.0,0.0,448.0,448.0,False
2025-01-28 01:02:00,394.0,363.0,363.0,31.0,0.0,310.0,False
2025-01-28 01:03:00,282.0,394.0,394.0,0.0,112.0,112.0,False
2025-01-28 01:04:00,255.0,282.0,282.0,0.0,27.0,27.0,False
2025-01-28 01:05:00,292.0,255.0,255.0,37.0,0.0,370.0,False
2025-01-28 01:06:00,257.0,292.0,292.0,0.0,35.0,35.0,False
2025-01-28 01:07:00,319.0,257.0,257.0,62.0,0.0,620.0,False
2025-01-28 01:08:00,211.0,319.0,319.0,0.0,108.0,108.0,False
2025-01-28 01:09:00,322.0,211.0,211.0,111.0,0.0,1110.0,False
2025-01-28 01:10:00,464.0,322.0,322.0,142.0,0.0,1420.0,False
2025-01-28 01:11:00,170.0,464.0,464.0,0.0,294.0,294.0,False
2025-01-28 01:12:00,202.0,170.0,170.0,32.0,0.0,320.0,False
2025-01-28 01:13:00,318.0,202.0,202.0,116.0,0.0,1160.0,False
2025-01-28 01:14:00,211.0,318.0,318.0,0.0,107.0,107.0,False
2025-01-28 01:15:00,369.0,211.0,211.0,158.0,0.0,1580.0,False
2025-01-28 01:16:00,600.0,369.0,369.0,231.0,0.0,2310.0,False
2025-01-28 01:17:00,219.0,600.0,600.0,0.0,381.0,381.0,False
2025-01-28 01:18:00,154.0,219.0,219.0,0.0,65.0,65.0,False
2025-01-28 01:19:00,250.0,154.0,154.0,96.0,0.0,960.0,False
2025-01-28 01:20:00,382.0,250.0,250.0,132.0,0.0,1320.0,False
2025-01-28 01:21:00,230.0,382.0,382.0,0.0,152.0,152.0,False
2025-01-28 01:22:00,208.0,230.0,230.0,0.0,22.0,22.0,False
2025-01-28 01:23:00,156.0,208.0,208.0,0.0,52.0,52.0,False
2025-01-28 01:24:00,182.0,156.0,156.0,26.0,0.0,260.0,False
2025-01-28 01:25:00,323.0,182.0,182.0,141.0,0.0,1410.0,False
2025-01-28 01:26:00,218.0,323.0,323.0,0.0,105.0,105.0,False
2025-01-28 01:27:00,219.0,218.0,218.0,1.0,0.0,10.0,False
2025-01-28 01:28:00,193.0,219.0,219.0,0.0,26.0,26.0,False
2025-01-28 01:29:00,231.0,193.0,193.0,38.0,0.0,380.0,False
2025-01-28 01:30:00,551.0,231.0,231.0,320.0,0.0,3200.0,False
2025-01-28 01:31:00,316.0,551.0,551.0,0.0,235.0,235.0,False
2025-01-28 01:32:00,262.0,316.0,316.0,0.0,54.0,54.0,False
2025-01-28 01:33:00,261.0,262.0,262.0,0.0,1.0,1.0,False
2025-01-28 01:34:00,251.0,261.0,261.0,0.0,10.0,10.0,False
2025-01-28 01:35:00,218.0,251.0,251.0,0.0,33.0,33.0,False
2025-01-28 01:36:00,247.0,218.0,218.0,29.0,0.0,290.0,False
2025-01-28 01:37:00,262.0,247.0,247.0,15.0,0.0,150.0,False
2025-01-28 01:38:00,193.0,262.0,262.0,0.0,69.0,69.0,False
2025-01-28 01:39:00,202.0,193.0,193.0,9.0,0.0,90.0,False
2025-01-28 01:40:00,331.0,202.0,202.0,129.0,0.0,1290.0,False
2025-01-28 01:41:00,209.0,331.0,331.0,0.0,122.0,122.0,False
2025-01-28 01:42:00,218.0,209.0,209.0,9.0,0.0,90.0,False
2025-01-28 01:43:00,218.0,218.0,218.0,0.0,0.0,0.0,False
2025-01-28 01:44:00,204.0,218.0,218.0,0.0,14.0,14.0,False
2025-01-28 01:45:00,395.0,204.0,204.0,191.0,0.0,1910.0,False
2025-01-28 01:46:00,274.0,395.0,395.0,0.0,121.0,121.0,False
2025-01-28 01:47:00,211.0,274.0,274.0,0.0,63.0,63.0,False
2025-01-28 01:48:00,217.0,211.0,211.0,6.0,0.0,60.0,False
2025-01-28 01:49:00,180.0,217.0,217.0,0.0,37.0,37.0,False
2025-01-28 01:50:00,251.0,180.0,180.0,71.0,0.0,710.0,False
2025-01-28 01:51:00,216.0,251.0,251.0,0.0,35.0,35.0,False
2025-01-28 01:52:00,192.0,216.0,216.0,0.0,24.0,24.0,False
2025-01-28 01:53:00,202.0,192.0,192.0,10.0,0.0,100.0,False
2025-01-28 01:54:00,226.0,202.0,202.0,24.0,0.0,240.0,False
2025-01-28 01:55:00,227.0,226.0,226.0,1.0,0.0,10.0,False
2025-01-28 01:56:00,226.0,227.0,227.0,0.0,1.0,1.0,False
2025-01-28 01:57:00,221.0,226.0,226.0,0.0,5.0,5.0,False
2025-01-28 01:58:00,173.0,221.0,221.0,0.0,48.0,48.0,False
2025-01-28 01:59:00,273.0,173.0,173.0,100.0,0.0,1000.0,False
2025-01-28 02:00:00,801.0,273.0,273.0,528.0,0.0,5280.0,True
2025-01-28 02:01:00,429.0,801.0,801.0,0.0,372.0,372.0,False
2025-01-28 02:02:00,331.0,429.0,429.0,0.0,98.0,98.0,False
2025-01-28 02:03:00,350.0,331.0,331.0,19.0,0.0,190.0,False
2025-01-28 02:04:00,357.0,350.0,350.0,7.0,0.0,70.0,False
2025-01-28 02:05:00,277.0,357.0,357.0,0.0,80.0,80.0,False
2025-01-28 02:06:00,351.0,277.0,277.0,74.0,0.0,740.0,False
2025-01-28 02:07:00,301.0,351.0,351.0,0.0,50.0,50.0,False
2025-01-28 02:08:00,262.0,301.0,301.0,0.0,39.0,39.0,False
2025-01-28 02:09:00,310.0,262.0,262.0,48.0,0.0,480.0,False
2025-01-28 02:10:00,362.0,310.0,310.0,52.0,0.0,520.0,False
2025-01-28 02:11:00,275.0,362.0,362.0,0.0,87.0,87.0,False
2025-01-28 02:12:00,303.0,275.0,275.0,28.0,0.0,280.0,False
2025-01-28 02:13:00,297.0,303.0,303.0,0.0,6.0,6.0,False
2025-01-28 02:14:00,275.0,297.0,297.0,0.0,22.0,22.0,False
2025-01-28 02:15:00,465.0,275.0,275.0,190.0,0.0,1900.0,False
2025-01-28 02:16:00,314.0,465.0,465.0,0.0,151.0,151.0,False
2025-01-28 02:17:00,188.0,314.0,314.0,0.0,126.0,126.0,False
2025-01-28 02:18:00,242.0,188.0,188.0,54.0,0.0,540.0,False
2025-01-28 02:19:00,483.0,242.0,242.0,241.0,0.0,2410.0,False
2025-01-28 02:20:00,698.0,483.0,483.0,215.0,0.0,2150.0,False
2025-01-28 02:21:00,287.0,698.0,698.0,0.0,411.0,411.0,False
2025-01-28 02:22:00,298.0,287.0,287.0,11.0,0.0,110.0,False
2025-01-28 02:23:00,260.0,298.0,298.0,0.0,38.0,38.0,False
2025-01-28 02:24:00,328.0,260.0,260.0,68.0,0.0,680.0,False
2025-01-28 02:25:00,279.0,328.0,328.0,0.0,49.0,49.0,False
2025-01-28 02:26:00,321.0,279.0,279.0,42.0,0.0,420.0,False
2025-01-28 02:27:00,279.0,321.0,321.0,0.0,42.0,42.0,False
2025-01-28 02:28:00,487.0,279.0,279.0,208.0,0.0,2080.0,False
2025-01-28 02:29:00,327.0,487.0,487.0,0.0,160.0,160.0,False
2025-01-28 02:30:00,548.0,327.0,327.0,221.0,0.0,2210.0,False
2025-01-28 02:31:00,315.0,548.0,548.0,0.0,233.0,233.0,False
2025-01-28 02:32:00,289.0,315.0,315.0,0.0,26.0,26.0,False
2025-01-28 02:33:00,354.0,289.0,289.0,65.0,0.0,650.0,False
2025-01-28 02:34:00,286.0,354.0,354.0,0.0,68.0,68.0,False
2025-01-28 02:35:00,380.0,286.0,286.0,94.0,0.0,940.0,False
2025-01-28 02:36:00,309.0,380.0,380.0,0.0,71.0,71.0,False
2025-01-28 02:37:00,247.0,309.0,309.0,0.0,62.0,62.0,False
2025-01-28 02:38:00,262.0,247.0,247.0,15.0,0.0,150.0,False
2025-01-28 02:39:00,250.0,262.0,262.0,0.0,12.0,12.0,False
2025-01-28 02:40:00,347.0,250.0,250.0,97.0,0.0,970.0,False
2025-01-28 02:41:00,352.0,347.0,347.0,5.0,0.0,50.0,False
2025-01-28 02:42:00,312.0,352.0,352.0,0.0,40.0,40.0,False
2025-01-28 02:43:00,378.0,312.0,312.0,66.0,0.0,660.0,False
2025-01-28 02:44:00,315.0,378.0,378.0,0.0,63.0,63.0,False
2025-01-28 02:45:00,461.0,315.0,315.0,146.0,0.0,1460.0,False
2025-01-28 02:46:00,292.0,461.0,461.0,0.0,169.0,169.0,False
2025-01-28 02:47:00,281.0,292.0,292.0,0.0,11.0,11.0,False
2025-01-28 02:48:00,301.0,281.0,281.0,20.0,0.0,200.0,False
2025-01-28 02:49:00,230.0,301.0,301.0,0.0,71.0,71.0,False
2025-01-28 02:50:00,323.0,230.0,230.0,93.0,0.0,930.0,False
2025-01-28 02:51:00,275.0,323.0,323.0,0.0,48.0,48.0,False
2025-01-28 02:52:00,285.0,275.0,275.0,10.0,0.0,100.0,False
2025-01-28 02:53:00,270.0,285.0,285.0,0.0,15.0,15.0,False
2025-01-28 02:54:00,298.0,270.0,270.0,28.0,0.0,280.0,False
2025-01-28 02:55:00,225.0,298.0,298.0,0.0,73.0,73.0,False
2025-01-28 02:56:00,283.0,225.0,225.0,58.0,0.0,580.0,False
2025-01-28 02:57:00,246.0,283.0,283.0,0.0,37.0,37.0,False
2025-01-28 02:58:00,220.0,246.0,246.0,0.0,26.0,26.0,False
2025-01-28 02:59:00,342.0,220.0,220.0,122.0,0.0,1220.0,False
2025-01-28 03:00:00,619.0,342.0,342.0,277.0,0.0,2770.0,False
2025-01-28 03:01:00,275.0,619.0,619.0,0.0,344.0,344.0,False
2025-01-28 03:02:00,339.0,275.0,275.0,64.0,0.0,640.0,False
2025-01-28 03:03:00,382.0,339.0,339.0,43.0,0.0,430.0,False
2025-01-28 03:04:00,278.0,382.0,382.0,0.0,104.0,104.0,False
2025-01-28 03:05:00,326.0,278.0,278.0,48.0,0.0,480.0,False
2025-01-28 03:06:00,348.0,326.0,326.0,22.0,0.0,220.0,False
2025-01-28 03:07:00,309.0,348.0,348.0,0.0,39.0,39.0,False
2025-01-28 03:08:00,308.0,309.0,309.0,0.0,1.0,1.0,False
2025-01-28 03:09:00,271.0,308.0,308.0,0.0,37.0,37.0,False
2025-01-28 03:10:00,318.0,271.0,271.0,47.0,0.0,470.0,False
2025-01-28 03:11:00,299.0,318.0,318.0,0.0,19.0,19.0,False
2025-01-28 03:12:00,330.0,299.0,299.0,31.0,0.0,310.0,False
2025-01-28 03:13:00,803.0,330.0,330.0,473.0,0.0,4730.0,True
2025-01-28 03:14:00,266.0,803.0,803.0,0.0,537.0,537.0,False
2025-01-28 03:15:00,426.0,266.0,266.0,160.0,0.0,1600.0,False
2025-01-28 03:16:00,307.0,426.0,426.0,0.0,119.0,119.0,False
2025-01-28 03:17:00,215.0,307.0,307.0,0.0,92.0,92.0,False
2025-01-28 03:18:00,231.0,215.0,215.0,16.0,0.0,160.0,False
2025-01-28 03:19:00,250.0,231.0,231.0,19.0,0.0,190.0,False
2025-01-28 03:20:00,548.0,250.0,250.0,298.0,0.0,2980.0,False
2025-01-28 03:21:00,330.0,548.0,548.0,0.0,218.0,218.0,False
2025-01-28 03:22:00,273.0,330.0,330.0,0.0,57.0,57.0,False
2025-01-28 03:23:00,353.0,273.0,273.0,80.0,0.0,800.0,False
2025-01-28 03:24:00,280.0,353.0,353.0,0.0,73.0,73.0,False
2025-01-28 03:25:00,307.0,280.0,280.0,27.0,0.0,270.0,False
2025-01-28 03:26:00,222.0,307.0,307.0,0.0,85.0,85.0,False
2025-01-28 03:27:00,306.0,222.0,222.0,84.0,0.0,840.0,False
2025-01-28 03:28:00,305.0,306.0,306.0,0.0,1.0,1.0,False
2025-01-28 03:29:00,283.0,305.0,305.0,0.0,22.0,22.0,False
2025-01-28 03:30:00,741.0,283.0,283.0,458.0,0.0,4580.0,True
2025-01-28 03:31:00,329.0,741.0,741.0,0.0,412.0,412.0,False
2025-01-28 03:32:00,250.0,329.0,329.0,0.0,79.0,79.0,False
2025-01-28 03:33:00,383.0,250.0,250.0,133.0,0.0,1330.0,False
2025-01-28 03:34:00,270.0,383.0,383.0,0.0,113.0,113.0,False
2025-01-28 03:35:00,254.0,270.0,270.0,0.0,16.0,16.0,False
2025-01-28 03:36:00,371.0,254.0,254.0,117.0,0.0,1170.0,False
2025-01-28 03:37:00,200.0,371.0,371.0,0.0,171.0,171.0,False
2025-01-28 03:38:00,211.0,200.0,200.0,11.0,0.0,110.0,False
2025-01-28 03:39:00,362.0,211.0,211.0,151.0,0.0,1510.0,False
2025-01-28 03:40:00,614.0,362.0,362.0,252.0,0.0,2520.0,False
2025-01-28 03:41:00,314.0,614.0,614.0,0.0,300.0,300.0,False
2025-01-28 03:42:00,276.0,314.0,314.0,0.0,38.0,38.0,False
2025-01-28 03:43:00,282.0,276.0,276.0,6.0,0.0,60.0,False
2025-01-28 03:44:00,267.0,282.0,282.0,0.0,15.0,15.0,False
2025-01-28 03:45:00,426.0,267.0,267.0,159.0,0.0,1590.0,False
2025-01-28 03:46:00,302.0,426.0,426.0,0.0,124.0,124.0,False
2025-01-28 03:47:00,183.0,302.0,302.0,0.0,119.0,119.0,False
2025-01-28 03:48:00,298.0,183.0,183.0,115.0,0.0,1150.0,False
2025-01-28 03:49:00,234.0,298.0,298.0,0.0,64.0,64.0,False
2025-01-28 03:50:00,518.0,234.0,234.0,284.0,0.0,2840.0,False
2025-01-28 03:51:00,258.0,518.0,518.0,0.0,260.0,260.0,False
2025-01-28 03:52:00,237.0,258.0,258.0,0.0,21.0,21.0,False
2025-01-28 03:53:00,312.0,237.0,237.0,75.0,0.0,750.0,False
2025-01-28 03:54:00,219.0,312.0,312.0,0.0,93.0,93.0,False
2025-01-28 03:55:00,242.0,219.0,219.0,23.0,0.0,230.0,False
2025-01-28 03:56:00,259.0,242.0,242.0,17.0,0.0,170.0,False
2025-01-28 03:57:00,208.0,259.0,259.0,0.0,51.0,51.0,False
2025-01-28 03:58:00,220.0,208.0,208.0,12.0,0.0,120.0,False
2025-01-28 03:59:00,243.0,220.0,220.0,23.0,0.0,230.0,False
2025-01-28 04:00:00,865.0,243.0,243.0,622.0,0.0,6220.0,True
2025-01-28 04:01:00,308.0,865.0,865.0,0.0,557.0,557.0,False
2025-01-28 04:02:00,336.0,308.0,308.0,28.0,0.0,280.0,False
2025-01-28 04:03:00,323.0,336.0,336.0,0.0,13.0,13.0,False
2025-01-28 04:04:00,324.0,323.0,323.0,1.0,0.0,10.0,False
2025-01-28 04:05:00,283.0,324.0,324.0,0.0,41.0,41.0,False
2025-01-28 04:06:00,292.0,283.0,283.0,9.0,0.0,90.0,False
2025-01-28 04:07:00,335.0,292.0,292.0,43.0,0.0,430.0,False
2025-01-28 04:08:00,249.0,335.0,335.0,0.0,86.0,86.0,False
2025-01-28 04:09:00,261.0,249.0,249.0,12.0,0.0,120.0,False
2025-01-28 04:10:00,586.0,261.0,261.0,325.0,0.0,3250.0,False
2025-01-28 04:11:00,269.0,586.0,586.0,0.0,317.0,317.0,False
2025-01-28 04:12:00,263.0,269.0,269.0,0.0,6.0,6.0,False
2025-01-28 04:13:00,250.0,263.0,263.0,0.0,13.0,13.0,False
2025-01-28 04:14:00,201.0,250.0,250.0,0.0,49.0,49.0,False
2025-01-28 04:15:00,451.0,201.0,201.0,250.0,0.0,2500.0,False
2025-01-28 04:16:00,298.0,451.0,451.0,0.0,153.0,153.0,False
2025-01-28 04:17:00,236.0,298.0,298.0,0.0,62.0,62.0,False
2025-01-28 04:18:00,278.0,236.0,236.0,42.0,0.0,420.0,False
2025-01-28 04:19:00,239.0,278.0,278.0,0.0,39.0,39.0,False
2025-01-28 04:20:00,570.0,239.0,239.0,331.0,0.0,3310.0,False
2025-01-28 04:21:00,334.0,570.0,570.0,0.0,236.0,236.0,False
2025-01-28 04:22:00,261.0,334.0,334.0,0.0,73.0,73.0,False
2025-01-28 04:23:00,241.0,261.0,261.0,0.0,20.0,20.0,False
2025-01-28 04:24:00,381.0,241.0,241.0,140.0,0.0,1400.0,False
2025-01-28 04:25:00,290.0,381.0,381.0,0.0,91.0,91.0,False
2025-01-28 04:26:00,202.0,290.0,290.0,0.0,88.0,88.0,False
2025-01-28 04:27:00,224.0,202.0,202.0,22.0,0.0,220.0,False
2025-01-28 04:28:00,217.0,224.0,224.0,0.0,7.0,7.0,False
2025-01-28 04:29:00,179.0,217.0,217.0,0.0,38.0,38.0,False
2025-01-28 04:30:00,785.0,179.0,179.0,606.0,0.0,6060.0,True
2025-01-28 04:31:00,327.0,785.0,785.0,0.0,458.0,458.0,False
2025-01-28 04:32:00,278.0,327.0,327.0,0.0,49.0,49.0,False
2025-01-28 04:33:00,334.0,278.0,278.0,56.0,0.0,560.0,False
2025-01-28 04:34:00,280.0,334.0,334.0,0.0,54.0,54.0,False
2025-01-28 04:35:00,233.0,280.0,280.0,0.0,47.0,47.0,False
2025-01-28 04:36:00,293.0,233.0,233.0,60.0,0.0,600.0,False
2025-01-28 04:37:00,280.0,293.0,293.0,0.0,13.0,13.0,False
2025-01-28 04:38:00,224.0,280.0,280.0,0.0,56.0,56.0,False
2025-01-28 04:39:00,255.0,224.0,224.0,31.0,0.0,310.0,False
2025-01-28 04:40:00,549.0,255.0,255.0,294.0,0.0,2940.0,False
2025-01-28 04:41:00,264.0,549.0,549.0,0.0,285.0,285.0,False
2025-01-28 04:42:00,297.0,264.0,264.0,33.0,0.0,330.0,False
2025-01-28 04:43:00,238.0,297.0,297.0,0.0,59.0,59.0,False
2025-01-28 04:44:00,189.0,238.0,238.0,0.0,49.0,49.0,False
2025-01-28 04:45:00,446.0,189.0,189.0,257.0,0.0,2570.0,False
2025-01-28 04:46:00,278.0,446.0,446.0,0.0,168.0,168.0,False
2025-01-28 04:47:00,225.0,278.0,278.0,0.0,53.0,53.0,False
2025-01-28 04:48:00,298.0,225.0,225.0,73.0,0.0,730.0,False
2025-01-28 04:49:00,280.0,298.0,298.0,0.0,18.0,18.0,False
2025-01-28 04:50:00,567.0,280.0,280.0,287.0,0.0,2870.0,False
2025-01-28 04:51:00,338.0,567.0,567.0,0.0,229.0,229.0,False
2025-01-28 04:52:00,212.0,338.0,338.0,0.0,126.0,126.0,False
2025-01-28 04:53:00,215.0,212.0,212.0,3.0,0.0,30.0,False
2025-01-28 04:54:00,244.0,215.0,215.0,29.0,0.0,290.0,False
2025-01-28 04:55:00,233.0,244.0,244.0,0.0,11.0,11.0,False
2025-01-28 04:56:00,625.0,233.0,233.0,392.0,0.0,3920.0,False
2025-01-28 04:57:00,192.0,625.0,625.0,0.0,433.0,433.0,False
2025-01-28 04:58:00,176.0,192.0,192.0,0.0,16.0,16.0,False
2025-01-28 04:59:00,177.0,176.0,176.0,1.0,0.0,10.0,False
2025-01-28 05:00:00,815.0,177.0,177.0,638.0,0.0,6380.0,True
2025-01-28 05:01:00,309.0,815.0,815.0,0.0,506.0,506.0,False
2025-01-28 05:02:00,238.0,309.0,309.0,0.0,71.0,71.0,False
2025-01-28 05:03:00,293.0,238.0,238.0,55.0,0.0,550.0,False
2025-01-28 05:04:00,321.0,293.0,293.0,28.0,0.0,280.0,False
2025-01-28 05:05:00,235.0,321.0,321.0,0.0,86.0,86.0,False
2025-01-28 05:06:00,323.0,235.0,235.0,88.0,0.0,880.0,False
2025-01-28 05:07:00,275.0,323.0,323.0,0.0,48.0,48.0,False
2025-01-28 05:08:00,237.0,275.0,275.0,0.0,38.0,38.0,False
2025-01-28 05:09:00,236.0,237.0,237.0,0.0,1.0,1.0,False
2025-01-28 05:10:00,520.0,236.0,236.0,284.0,0.0,2840.0,False
2025-01-28 05:11:00,213.0,520.0,520.0,0.0,307.0,307.0,False
2025-01-28 05:12:00,247.0,213.0,213.0,34.0,0.0,340.0,False
2025-01-28 05:13:00,212.0,247.0,247.0,0.0,35.0,35.0,False
2025-01-28 05:14:00,189.0,212.0,212.0,0.0,23.0,23.0,False
2025-01-28 05:15:00,368.0,189.0,189.0,179.0,0.0,1790.0,False
2025-01-28 05:16:00,313.0,368.0,368.0,0.0,55.0,55.0,False
2025-01-28 05:17:00,188.0,313.0,313.0,0.0,125.0,125.0,False
2025-01-28 05:18:00,202.0,188.0,188.0,14.0,0.0,140.0,False
2025-01-28 05:19:00,191.0,202.0,202.0,0.0,11.0,11.0,False
2025-01-28 05:20:00,431.0,191.0,191.0,240.0,0.0,2400.0,False
2025-01-28 05:21:00,327.0,431.0,431.0,0.0,104.0,104.0,False
2025-01-28 05:22:00,295.0,327.0,327.0,0.0,32.0,32.0,False
2025-01-28 05:23:00,250.0,295.0,295.0,0.0,45.0,45.0,False
2025-01-28 05:24:00,350.0,250.0,250.0,100.0,0.0,1000.0,False
2025-01-28 05:25:00,455.0,350.0,350.0,105.0,0.0,1050.0,False
2025-01-28 05:26:00,374.0,455.0,455.0,0.0,81.0,81.0,False
2025-01-28 05:27:00,330.0,374.0,374.0,0.0,44.0,44.0,False
2025-01-28 05:28:00,216.0,330.0,330.0,0.0,114.0,114.0,False
2025-01-28 05:29:00,173.0,216.0,216.0,0.0,43.0,43.0,False
2025-01-28 05:30:00,734.0,173.0,173.0,561.0,0.0,5610.0,True
2025-01-28 05:31:00,308.0,734.0,734.0,0.0,426.0,426.0,False
2025-01-28 05:32:00,349.0,308.0,308.0,41.0,0.0,410.0,False
2025-01-28 05:33:00,318.0,349.0,349.0,0.0,31.0,31.0,False
2025-01-28 05:34:00,312.0,318.0,318.0,0.0,6.0,6.0,False
2025-01-28 05:35:00,331.0,312.0,312.0,19.0,0.0,190.0,False
2025-01-28 05:36:00,423.0,331.0,331.0,92.0,0.0,920.0,False
2025-01-28 05:37:00,259.0,423.0,423.0,0.0,164.0,164.0,False
2025-01-28 05:38:00,188.0,259.0,259.0,0.0,71.0,71.0,False
2025-01-28 05:39:00,242.0,188.0,188.0,54.0,0.0,540.0,False
2025-01-28 05:40:00,432.0,242.0,242.0,190.0,0.0,1900.0,False
2025-01-28 05:41:00,238.0,432.0,432.0,0.0,194.0,194.0,False
2025-01-28 05:42:00,315.0,238.0,238.0,77.0,0.0,770.0,False
2025-01-28 05:43:00,283.0,315.0,315.0,0.0,32.0,32.0,False
2025-01-28 05:44:00,233.0,283.0,283.0,0.0,50.0,50.0,False
2025-01-28 05:45:00,407.0,233.0,233.0,174.0,0.0,1740.0,False
2025-01-28 05:46:00,254.0,407.0,407.0,0.0,153.0,153.0,False
2025-01-28 05:47:00,222.0,254.0,254.0,0.0,32.0,32.0,False
2025-01-28 05:48:00,278.0,222.0,222.0,56.0,0.0,560.0,False
2025-01-28 05:49:00,250.0,278.0,278.0,0.0,28.0,28.0,False
2025-01-28 05:50:00,541.0,250.0,250.0,291.0,0.0,2910.0,False
2025-01-28 05:51:00,257.0,541.0,541.0,0.0,284.0,284.0,False
2025-01-28 05:52:00,220.0,257.0,257.0,0.0,37.0,37.0,False
2025-01-28 05:53:00,310.0,220.0,220.0,90.0,0.0,900.0,False
2025-01-28 05:54:00,246.0,310.0,310.0,0.0,64.0,64.0,False
2025-01-28 05:55:00,278.0,246.0,246.0,32.0,0.0,320.0,False
2025-01-28 05:56:00,267.0,278.0,278.0,0.0,11.0,11.0,False
2025-01-28 05:57:00,267.0,267.0,267.0,0.0,0.0,0.0,False
2025-01-28 05:58:00,250.0,267.0,267.0,0.0,17.0,17.0,False
2025-01-28 05:59:00,324.0,250.0,250.0,74.0,0.0,740.0,False
2025-01-28 06:00:00,913.0,324.0,324.0,589.0,0.0,5890.0,True
2025-01-28 06:01:00,374.0,913.0,913.0,0.0,539.0,539.0,False
2025-01-28 06:02:00,332.0,374.0,374.0,0.0,42.0,42.0,False
2025-01-28 06:03:00,328.0,332.0,332.0,0.0,4.0,4.0,False
2025-01-28 06:04:00,284.0,328.0,328.0,0.0,44.0,44.0,False
2025-01-28 06:05:00,330.0,284.0,284.0,46.0,0.0,460.0,False
2025-01-28 06:06:00,407.0,330.0,330.0,77.0,0.0,770.0,False
2025-01-28 06:07:00,334.0,407.0,407.0,0.0,73.0,73.0,False
2025-01-28 06:08:00,251.0,334.0,334.0,0.0,83.0,83.0,False
2025-01-28 06:09:00,232.0,251.0,251.0,0.0,19.0,19.0,False
2025-01-28 06:10:00,505.0,232.0,232.0,273.0,0.0,2730.0,False
2025-01-28 06:11:00,227.0,505.0,505.0,0.0,278.0,278.0,False
2025-01-28 06:12:00,258.0,227.0,227.0,31.0,0.0,310.0,False
2025-01-28 06:13:00,236.0,258.0,258.0,0.0,22.0,22.0,False
2025-01-28 06:14:00,227.0,236.0,236.0,0.0,9.0,9.0,False
2025-01-28 06:15:00,511.0,227.0,227.0,284.0,0.0,2840.0,False
2025-01-28 06:16:00,315.0,511.0,511.0,0.0,196.0,196.0,False
2025-01-28 06:17:00,269.0,315.0,315.0,0.0,46.0,46.0,False
2025-01-28 06:18:00,221.0,269.0,269.0,0.0,48.0,48.0,False
2025-01-28 06:19:00,354.0,221.0,221.0,133.0,0.0,1330.0,False
2025-01-28 06:20:00,603.0,354.0,354.0,249.0,0.0,2490.0,False
2025-01-28 06:21:00,371.0,603.0,603.0,0.0,232.0,232.0,False
2025-01-28 06:22:00,216.0,371.0,371.0,0.0,155.0,155.0,False
2025-01-28 06:23:00,301.0,216.0,216.0,85.0,0.0,850.0,False
2025-01-28 06:24:00,256.0,301.0,301.0,0.0,45.0,45.0,False
2025-01-28 06:25:00,246.0,256.0,256.0,0.0,10.0,10.0,False
2025-01-28 06:26:00,290.0,246.0,246.0,44.0,0.0,440.0,False
2025-01-28 06:27:00,246.0,290.0,290.0,0.0,44.0,44.0,False
2025-01-28 06:28:00,213.0,246.0,246.0,0.0,33.0,33.0,False
2025-01-28 06:29:00,218.0,213.0,213.0,5.0,0.0,50.0,False
2025-01-28 06:30:00,740.0,218.0,218.0,522.0,0.0,5220.0,True
2025-01-28 06:31:00,237.0,740.0,740.0,0.0,503.0,503.0,False
2025-01-28 06:32:00,283.0,237.0,237.0,46.0,0.0,460.0,False
2025-01-28 06:33:00,335.0,283.0,283.0,52.0,0.0,520.0,False
2025-01-28 06:34:00,323.0,335.0,335.0,0.0,12.0,12.0,False
2025-01-28 06:35:00,333.0,323.0,323.0,10.0,0.0,100.0,False
2025-01-28 06:36:00,327.0,333.0,333.0,0.0,6.0,6.0,False
2025-01-28 06:37:00,326.0,327.0,327.0,0.0,1.0,1.0,False
2025-01-28 06:38:00,286.0,326.0,326.0,0.0,40.0,40.0,False
2025-01-28 06:39:00,281.0,286.0,286.0,0.0,5.0,5.0,False
2025-01-28 06:40:00,538.0,281.0,281.0,257.0,0.0,2570.0,False
2025-01-28 06:41:00,383.0,538.0,538.0,0.0,155.0,155.0,False
2025-01-28 06:42:00,254.0,383.0,383.0,0.0,129.0,129.0,False
2025-01-28 06:43:00,301.0,254.0,254.0,47.0,0.0,470.0,False
2025-01-28 06:44:00,241.0,301.0,301.0,0.0,60.0,60.0,False
2025-01-28 06:45:00,406.0,241.0,241.0,165.0,0.0,1650.0,False
2025-01-28 06:46:00,276.0,406.0,406.0,0.0,130.0,130.0,False
2025-01-28 06:47:00,248.0,276.0,276.0,0.0,28.0,28.0,False
2025-01-28 06:48:00,288.0,248.0,248.0,40.0,0.0,400.0,False
2025-01-28 06:49:00,263.0,288.0,288.0,0.0,25.0,25.0,False
2025-01-28 06:50:00,534.0,263.0,263.0,271.0,0.0,2710.0,False
2025-01-28 06:51:00,237.0,534.0,534.0,0.0,297.0,297.0,False
2025-01-28 06:52:00,198.0,237.0,237.0,0.0,39.0,39.0,False
2025-01-28 06:53:00,272.0,198.0,198.0,74.0,0.0,740.0,False
2025-01-28 06:54:00,235.0,272.0,272.0,0.0,37.0,37.0,False
2025-01-28 06:55:00,283.0,235.0,235.0,48.0,0.0,480.0,False
2025-01-28 06:56:00,252.0,283.0,283.0,0.0,31.0,31.0,False
2025-01-28 06:57:00,276.0,252.0,252.0,24.0,0.0,240.0,False
2025-01-28 06:58:00,184.0,276.0,276.0,0.0,92.0,92.0,False
2025-01-28 06:59:00,248.0,184.0,184.0,64.0,0.0,640.0,False
2025-01-28 07:00:00,818.0,248.0,248.0,570.0,0.0,5700.0,True
2025-01-28 07:01:00,286.0,818.0,818.0,0.0,532.0,532.0,False
2025-01-28 07:02:00,235.0,286.0,286.0,0.0,51.0,51.0,False
2025-01-28 07:03:00,324.0,235.0,235.0,89.0,0.0,890.0,False
2025-01-28 07:04:00,339.0,324.0,324.0,15.0,0.0,150.0,False
2025-01-28 07:05:00,290.0,339.0,339.0,0.0,49.0,49.0,False
2025-01-28 07:06:00,361.0,290.0,290.0,71.0,0.0,710.0,False
2025-01-28 07:07:00,349.0,361.0,361.0,0.0,12.0,12.0,False
2025-01-28 07:08:00,227.0,349.0,349.0,0.0,122.0,122.0,False
2025-01-28 07:09:00,248.0,227.0,227.0,21.0,0.0,210.0,False
2025-01-28 07:10:00,552.0,248.0,248.0,304.0,0.0,3040.0,False
2025-01-28 07:11:00,267.0,552.0,552.0,0.0,285.0,285.0,False
2025-01-28 07:12:00,236.0,267.0,267.0,0.0,31.0,31.0,False
2025-01-28 07:13:00,311.0,236.0,236.0,75.0,0.0,750.0,False
2025-01-28 07:14:00,223.0,311.0,311.0,0.0,88.0,88.0,False
2025-01-28 07:15:00,454.0,223.0,223.0,231.0,0.0,2310.0,False
2025-01-28 07:16:00,373.0,454.0,454.0,0.0,81.0,81.0,False
2025-01-28 07:17:00,235.0,373.0,373.0,0.0,138.0,138.0,False
2025-01-28 07:18:00,256.0,235.0,235.0,21.0,0.0,210.0,False
2025-01-28 07:19:00,210.0,256.0,256.0,0.0,46.0,46.0,False
2025-01-28 07:20:00,511.0,210.0,210.0,301.0,0.0,3010.0,False
2025-01-28 07:21:00,223.0,511.0,511.0,0.0,288.0,288.0,False
2025-01-28 07:22:00,253.0,223.0,223.0,30.0,0.0,300.0,False
2025-01-28 07:23:00,224.0,253.0,253.0,0.0,29.0,29.0,False
2025-01-28 07:24:00,263.0,224.0,224.0,39.0,0.0,390.0,False
2025-01-28 07:25:00,294.0,263.0,263.0,31.0,0.0,310.0,False
2025-01-28 07:26:00,229.0,294.0,294.0,0.0,65.0,65.0,False
2025-01-28 07:27:00,254.0,229.0,229.0,25.0,0.0,250.0,False
2025-01-28 07:28:00,209.0,254.0,254.0,0.0,45.0,45.0,False
2025-01-28 07:29:00,211.0,209.0,209.0,2.0,0.0,20.0,False
2025-01-28 07:30:00,682.0,211.0,211.0,471.0,0.0,4710.0,False
2025-01-28 07:31:00,273.0,682.0,682.0,0.0,409.0,409.0,False
2025-01-28 07:32:00,309.0,273.0,273.0,36.0,0.0,360.0,False
2025-01-28 07:33:00,368.0,309.0,309.0,59.0,0.0,590.0,False
2025-01-28 07:34:00,334.0,368.0,368.0,0.0,34.0,34.0,False
2025-01-28 07:35:00,289.0,334.0,334.0,0.0,45.0,45.0,False
2025-01-28 07:36:00,319.0,289.0,289.0,30.0,0.0,300.0,False
2025-01-28 07:37:00,300.0,319.0,319.0,0.0,19.0,19.0,False
2025-01-28 07:38:00,214.0,300.0,300.0,0.0,86.0,86.0,False
2025-01-28 07:39:00,275.0,214.0,214.0,61.0,0.0,610.0,False
2025-01-28 07:40:00,491.0,275.0,275.0,216.0,0.0,2160.0,False
2025-01-28 07:41:00,301.0,491.0,491.0,0.0,190.0,190.0,False
2025-01-28 07:42:00,348.0,301.0,301.0,47.0,0.0,470.0,False
2025-01-28 07:43:00,287.0,348.0,348.0,0.0,61.0,61.0,False
2025-01-28 07:44:00,293.0,287.0,287.0,6.0,0.0,60.0,False
2025-01-28 07:45:00,429.0,293.0,293.0,136.0,0.0,1360.0,False
2025-01-28 07:46:00,338.0,429.0,429.0,0.0,91.0,91.0,False
2025-01-28 07:47:00,319.0,338.0,338.0,0.0,19.0,19.0,False
2025-01-28 07:48:00,257.0,319.0,319.0,0.0,62.0,62.0,False
2025-01-28 07:49:00,218.0,257.0,257.0,0.0,39.0,39.0,False
2025-01-28 07:50:00,472.0,218.0,218.0,254.0,0.0,2540.0,False
2025-01-28 07:51:00,251.0,472.0,472.0,0.0,221.0,221.0,False
2025-01-28 07:52:00,241.0,251.0,251.0,0.0,10.0,10.0,False
2025-01-28 07:53:00,282.0,241.0,241.0,41.0,0.0,410.0,False
2025-01-28 07:54:00,300.0,282.0,282.0,18.0,0.0,180.0,False
2025-01-28 07:55:00,233.0,300.0,300.0,0.0,67.0,67.0,False
2025-01-28 07:56:00,297.0,233.0,233.0,64.0,0.0,640.0,False
2025-01-28 07:57:00,254.0,297.0,297.0,0.0,43.0,43.0,False
2025-01-28 07:58:00,291.0,254.0,254.0,37.0,0.0,370.0,False
2025-01-28 07:59:00,160.0,291.0,291.0,0.0,131.0,131.0,False
2025-01-28 08:00:00,663.0,160.0,160.0,503.0,0.0,5030.0,False
2025-01-28 08:01:00,344.0,663.0,663.0,0.0,319.0,319.0,False
2025-01-28 08:02:00,382.0,344.0,344.0,38.0,0.0,380.0,False
2025-01-28 08:03:00,337.0,382.0,382.0,0.0,45.0,45.0,False
2025-01-28 08:04:00,421.0,337.0,337.0,84.0,0.0,840.0,False
2025-01-28 08:05:00,451.0,421.0,421.0,30.0,0.0,300.0,False
2025-01-28 08:06:00,479.0,451.0,451.0,28.0,0.0,280.0,False
2025-01-28 08:07:00,439.0,479.0,479.0,0.0,40.0,40.0,False
2025-01-28 08:08:00,253.0,439.0,439.0,0.0,186.0,186.0,False
2025-01-28 08:09:00,254.0,253.0,253.0,1.0,0.0,10.0,False
2025-01-28 08:10:00,509.0,254.0,254.0,255.0,0.0,2550.0,False
2025-01-28 08:11:00,222.0,509.0,509.0,0.0,287.0,287.0,False
2025-01-28 08:12:00,245.0,222.0,222.0,23.0,0.0,230.0,False
2025-01-28 08:13:00,345.0,245.0,245.0,100.0,0.0,1000.0,False
2025-01-28 08:14:00,196.0,345.0,345.0,0.0,149.0,149.0,False
2025-01-28 08:15:00,386.0,196.0,196.0,190.0,0.0,1900.0,False
2025-01-28 08:16:00,350.0,386.0,386.0,0.0,36.0,36.0,False
2025-01-28 08:17:00,207.0,350.0,350.0,0.0,143.0,143.0,False
2025-01-28 08:18:00,300.0,207.0,207.0,93.0,0.0,930.0,False
2025-01-28 08:19:00,197.0,300.0,300.0,0.0,103.0,103.0,False
2025-01-28 08:20:00,532.0,197.0,197.0,335.0,0.0,3350.0,False
2025-01-28 08:21:00,272.0,532.0,532.0,0.0,260.0,260.0,False
2025-01-28 08:22:00,295.0,272.0,272.0,23.0,0.0,230.0,False
2025-01-28 08:23:00,289.0,295.0,295.0,0.0,6.0,6.0,False
2025-01-28 08:24:00,232.0,289.0,289.0,0.0,57.0,57.0,False
2025-01-28 08:25:00,347.0,232.0,232.0,115.0,0.0,1150.0,False
2025-01-28 08:26:00,283.0,347.0,347.0,0.0,64.0,64.0,False
2025-01-28 08:27:00,333.0,283.0,283.0,50.0,0.0,500.0,False
2025-01-28 08:28:00,216.0,333.0,333.0,0.0,117.0,117.0,False
2025-01-28 08:29:00,196.0,216.0,216.0,0.0,20.0,20.0,False
2025-01-28 08:30:00,670.0,196.0,196.0,474.0,0.0,4740.0,False
2025-01-28 08:31:00,541.0,670.0,670.0,0.0,129.0,129.0,False
2025-01-28 08:32:00,328.0,541.0,541.0,0.0,213.0,213.0,False
2025-01-28 08:33:00,470.0,328.0,328.0,142.0,0.0,1420.0,False
2025-01-28 08:34:00,399.0,470.0,470.0,0.0,71.0,71.0,False
2025-01-28 08:35:00,603.0,399.0,399.0,204.0,0.0,2040.0,False
2025-01-28 08:36:00,347.0,603.0,603.0,0.0,256.0,256.0,False
2025-01-28 08:37:00,397.0,347.0,347.0,50.0,0.0,500.0,False
2025-01-28 08:38:00,264.0,397.0,397.0,0.0,133.0,133.0,False
2025-01-28 08:39:00,232.0,264.0,264.0,0.0,32.0,32.0,False
2025-01-28 08:40:00,444.0,232.0,232.0,212.0,0.0,2120.0,False
2025-01-28 08:41:00,310.0,444.0,444.0,0.0,134.0,134.0,False
2025-01-28 08:42:00,230.0,310.0,310.0,0.0,80.0,80.0,False
2025-01-28 08:43:00,237.0,230.0,230.0,7.0,0.0,70.0,False
2025-01-28 08:44:00,289.0,237.0,237.0,52.0,0.0,520.0,False
2025-01-28 08:45:00,523.0,289.0,289.0,234.0,0.0,2340.0,False
2025-01-28 08:46:00,325.0,523.0,523.0,0.0,198.0,198.0,False
2025-01-28 08:47:00,228.0,325.0,325.0,0.0,97.0,97.0,False
2025-01-28 08:48:00,314.0,228.0,228.0,86.0,0.0,860.0,False
2025-01-28 08:49:00,275.0,314.0,314.0,0.0,39.0,39.0,False
2025-01-28 08:50:00,469.0,275.0,275.0,194.0,0.0,1940.0,False
2025-01-28 08:51:00,260.0,469.0,469.0,0.0,209.0,209.0,False
2025-01-28 08:52:00,297.0,260.0,260.0,37.0,0.0,370.0,False
2025-01-28 08:53:00,273.0,297.0,297.0,0.0,24.0,24.0,False
2025-01-28 08:54:00,238.0,273.0,273.0,0.0,35.0,35.0,False
2025-01-28 08:55:00,319.0,238.0,238.0,81.0,0.0,810.0,False
2025-01-28 08:56:00,374.0,319.0,319.0,55.0,0.0,550.0,False
2025-01-28 08:57:00,275.0,374.0,374.0,0.0,99.0,99.0,False
2025-01-28 08:58:00,251.0,275.0,275.0,0.0,24.0,24.0,False
2025-01-28 08:59:00,264.0,251.0,251.0,13.0,0.0,130.0,False
2025-01-28 09:00:00,876.0,264.0,264.0,612.0,0.0,6120.0,True
2025-01-28 09:01:00,443.0,876.0,876.0,0.0,433.0,433.0,False
2025-01-28 09:02:00,471.0,443.0,443.0,28.0,0.0,280.0,False
2025-01-28 09:03:00,405.0,471.0,471.0,0.0,66.0,66.0,False
2025-01-28 09:04:00,377.0,405.0,405.0,0.0,28.0,28.0,False
2025-01-28 09:05:00,490.0,377.0,377.0,113.0,0.0,1130.0,False
2025-01-28 09:06:00,524.0,490.0,490.0,34.0,0.0,340.0,False
2025-01-28 09:07:00,359.0,524.0,524.0,0.0,165.0,165.0,False
2025-01-28 09:08:00,324.0,359.0,359.0,0.0,35.0,35.0,False
2025-01-28 09:09:00,383.0,324.0,324.0,59.0,0.0,590.0,False
2025-01-28 09:10:00,694.0,383.0,383.0,311.0,0.0,3110.0,False
2025-01-28 09:11:00,356.0,694.0,694.0,0.0,338.0,338.0,False
2025-01-28 09:12:00,371.0,356.0,356.0,15.0,0.0,150.0,False
2025-01-28 09:13:00,338.0,371.0,371.0,0.0,33.0,33.0,False
2025-01-28 09:14:00,261.0,338.0,338.0,0.0,77.0,77.0,False
2025-01-28 09:15:00,490.0,261.0,261.0,229.0,0.0,2290.0,False
2025-01-28 09:16:00,359.0,490.0,490.0,0.0,131.0,131.0,False
2025-01-28 09:17:00,208.0,359.0,359.0,0.0,151.0,151.0,False
2025-01-28 09:18:00,281.0,208.0,208.0,73.0,0.0,730.0,False
2025-01-28 09:19:00,322.0,281.0,281.0,41.0,0.0,410.0,False
2025-01-28 09:20:00,520.0,322.0,322.0,198.0,0.0,1980.0,False
2025-01-28 09:21:00,362.0,520.0,520.0,0.0,158.0,158.0,False
2025-01-28 09:22:00,288.0,362.0,362.0,0.0,74.0,74.0,False
2025-01-28 09:23:00,274.0,288.0,288.0,0.0,14.0,14.0,False
2025-01-28 09:24:00,438.0,274.0,274.0,164.0,0.0,1640.0,False
2025-01-28 09:25:00,438.0,438.0,438.0,0.0,0.0,0.0,False
2025-01-28 09:26:00,414.0,438.0,438.0,0.0,24.0,24.0,False
2025-01-28 09:27:00,266.0,414.0,414.0,0.0,148.0,148.0,False
2025-01-28 09:28:00,228.0,266.0,266.0,0.0,38.0,38.0,False
2025-01-28 09:29:00,307.0,228.0,228.0,79.0,0.0,790.0,False
2025-01-28 09:30:00,842.0,307.0,307.0,535.0,0.0,5350.0,True
2025-01-28 09:31:00,454.0,842.0,842.0,0.0,388.0,388.0,False
2025-01-28 09:32:00,437.0,454.0,454.0,0.0,17.0,17.0,False
2025-01-28 09:33:00,381.0,437.0,437.0,0.0,56.0,56.0,False
2025-01-28 09:34:00,304.0,381.0,381.0,0.0,77.0,77.0,False
2025-01-28 09:35:00,376.0,304.0,304.0,72.0,0.0,720.0,False
2025-01-28 09:36:00,431.0,376.0,376.0,55.0,0.0,550.0,False
2025-01-28 09:37:00,380.0,431.0,431.0,0.0,51.0,51.0,False
2025-01-28 09:38:00,309.0,380.0,380.0,0.0,71.0,71.0,False
2025-01-28 09:39:00,315.0,309.0,309.0,6.0,0.0,60.0,False
2025-01-28 09:40:00,604.0,315.0,315.0,289.0,0.0,2890.0,False
2025-01-28 09:41:00,315.0,604.0,604.0,0.0,289.0,289.0,False
2025-01-28 09:42:00,314.0,315.0,315.0,0.0,1.0,1.0,False
2025-01-28 09:43:00,334.0,314.0,314.0,20.0,0.0,200.0,False
2025-01-28 09:44:00,282.0,334.0,334.0,0.0,52.0,52.0,False
2025-01-28 09:45:00,491.0,282.0,282.0,209.0,0.0,2090.0,False
2025-01-28 09:46:00,343.0,491.0,491.0,0.0,148.0,148.0,False
2025-01-28 09:47:00,207.0,343.0,343.0,0.0,136.0,136.0,False
2025-01-28 09:48:00,302.0,207.0,207.0,95.0,0.0,950.0,False
2025-01-28 09:49:00,165.0,302.0,302.0,0.0,137.0,137.0,False
2025-01-28 09:50:00,534.0,165.0,165.0,369.0,0.0,3690.0,False
2025-01-28 09:51:00,433.0,534.0,534.0,0.0,101.0,101.0,False
2025-01-28 09:52:00,206.0,433.0,433.0,0.0,227.0,227.0,False
2025-01-28 09:53:00,270.0,206.0,206.0,64.0,0.0,640.0,False
2025-01-28 09:54:00,328.0,270.0,270.0,58.0,0.0,580.0,False
2025-01-28 09:55:00,264.0,328.0,328.0,0.0,64.0,64.0,False
2025-01-28 09:56:00,274.0,264.0,264.0,10.0,0.0,100.0,False
2025-01-28 09:57:00,305.0,274.0,274.0,31.0,0.0,310.0,False
2025-01-28 09:58:00,224.0,305.0,305.0,0.0,81.0,81.0,False
2025-01-28 09:59:00,318.0,224.0,224.0,94.0,0.0,940.0,False
2025-01-28 10:00:00,876.0,318.0,318.0,558.0,0.0,5580.0,True
2025-01-28 10:01:00,224.0,876.0,876.0,0.0,652.0,652.0,False
2025-01-28 10:02:00,326.0,224.0,224.0,102.0,0.0,1020.0,False
2025-01-28 10:03:00,412.0,326.0,326.0,86.0,0.0,860.0,False
2025-01-28 10:04:00,324.0,412.0,412.0,0.0,88.0,88.0,False
2025-01-28 10:05:00,319.0,324.0,324.0,0.0,5.0,5.0,False
2025-01-28 10:06:00,381.0,319.0,319.0,62.0,0.0,620.0,False
2025-01-28 10:07:00,329.0,381.0,381.0,0.0,52.0,52.0,False
2025-01-28 10:08:00,337.0,329.0,329.0,8.0,0.0,80.0,False
2025-01-28 10:09:00,288.0,337.0,337.0,0.0,49.0,49.0,False
2025-01-28 10:10:00,487.0,288.0,288.0,199.0,0.0,1990.0,False
2025-01-28 10:11:00,226.0,487.0,487.0,0.0,261.0,261.0,False
2025-01-28 10:12:00,286.0,226.0,226.0,60.0,0.0,600.0,False
2025-01-28 10:13:00,362.0,286.0,286.0,76.0,0.0,760.0,False
2025-01-28 10:14:00,275.0,362.0,362.0,0.0,87.0,87.0,False
2025-01-28 10:15:00,381.0,275.0,275.0,106.0,0.0,1060.0,False
2025-01-28 10:16:00,318.0,381.0,381.0,0.0,63.0,63.0,False
2025-01-28 10:17:00,199.0,318.0,318.0,0.0,119.0,119.0,False
2025-01-28 10:18:00,330.0,199.0,199.0,131.0,0.0,1310.0,False
2025-01-28 10:19:00,212.0,330.0,330.0,0.0,118.0,118.0,False
2025-01-28 10:20:00,549.0,212.0,212.0,337.0,0.0,3370.0,False
2025-01-28 10:21:00,230.0,549.0,549.0,0.0,319.0,319.0,False
2025-01-28 10:22:00,225.0,230.0,230.0,0.0,5.0,5.0,False
2025-01-28 10:23:00,386.0,225.0,225.0,161.0,0.0,1610.0,False
2025-01-28 10:24:00,283.0,386.0,386.0,0.0,103.0,103.0,False
2025-01-28 10:25:00,266.0,283.0,283.0,0.0,17.0,17.0,False
2025-01-28 10:26:00,219.0,266.0,266.0,0.0,47.0,47.0,False
2025-01-28 10:27:00,246.0,219.0,219.0,27.0,0.0,270.0,False
2025-01-28 10:28:00,306.0,246.0,246.0,60.0,0.0,600.0,False
2025-01-28 10:29:00,289.0,306.0,306.0,0.0,17.0,17.0,False
2025-01-28 10:30:00,690.0,289.0,289.0,401.0,0.0,4010.0,False
2025-01-28 10:31:00,318.0,690.0,690.0,0.0,372.0,372.0,False
2025-01-28 10:32:00,306.0,318.0,318.0,0.0,12.0,12.0,False
2025-01-28 10:33:00,308.0,306.0,306.0,2.0,0.0,20.0,False
2025-01-28 10:34:00,364.0,308.0,308.0,56.0,0.0,560.0,False
2025-01-28 10:35:00,325.0,364.0,364.0,0.0,39.0,39.0,False
2025-01-28 10:36:00,369.0,325.0,325.0,44.0,0.0,440.0,False
2025-01-28 10:37:00,253.0,369.0,369.0,0.0,116.0,116.0,False
2025-01-28 10:38:00,312.0,253.0,253.0,59.0,0.0,590.0,False
2025-01-28 10:39:00,289.0,312.0,312.0,0.0,23.0,23.0,False
2025-01-28 10:40:00,564.0,289.0,289.0,275.0,0.0,2750.0,False
2025-01-28 10:41:00,311.0,564.0,564.0,0.0,253.0,253.0,False
2025-01-28 10:42:00,298.0,311.0,311.0,0.0,13.0,13.0,False
2025-01-28 10:43:00,239.0,298.0,298.0,0.0,59.0,59.0,False
2025-01-28 10:44:00,302.0,239.0,239.0,63.0,0.0,630.0,False
2025-01-28 10:45:00,402.0,302.0,302.0,100.0,0.0,1000.0,False
2025-01-28 10:46:00,274.0,402.0,402.0,0.0,128.0,128.0,False
2025-01-28 10:47:00,184.0,274.0,274.0,0.0,90.0,90.0,False
2025-01-28 10:48:00,252.0,184.0,184.0,68.0,0.0,680.0,False
2025-01-28 10:49:00,252.0,252.0,252.0,0.0,0.0,0.0,False
2025-01-28 10:50:00,515.0,252.0,252.0,263.0,0.0,2630.0,False
2025-01-28 10:51:00,239.0,515.0,515.0,0.0,276.0,276.0,False
2025-01-28 10:52:00,202.0,239.0,239.0,0.0,37.0,37.0,False
2025-01-28 10:53:00,351.0,202.0,202.0,149.0,0.0,1490.0,False
2025-01-28 10:54:00,271.0,351.0,351.0,0.0,80.0,80.0,False
2025-01-28 10:55:00,231.0,271.0,271.0,0.0,40.0,40.0,False
2025-01-28 10:56:00,252.0,231.0,231.0,21.0,0.0,210.0,False
2025-01-28 10:57:00,215.0,252.0,252.0,0.0,37.0,37.0,False
2025-01-28 10:58:00,181.0,215.0,215.0,0.0,34.0,34.0,False
2025-01-28 10:59:00,243.0,181.0,181.0,62.0,0.0,620.0,False
2025-01-28 11:00:00,801.0,243.0,243.0,558.0,0.0,5580.0,True
2025-01-28 11:01:00,313.0,801.0,801.0,0.0,488.0,488.0,False
2025-01-28 11:02:00,272.0,313.0,313.0,0.0,41.0,41.0,False
2025-01-28 11:03:00,300.0,272.0,272.0,28.0,0.0,280.0,False
2025-01-28 11:04:00,257.0,300.0,300.0,0.0,43.0,43.0,False
2025-01-28 11:05:00,302.0,257.0,257.0,45.0,0.0,450.0,False
2025-01-28 11:06:00,336.0,302.0,302.0,34.0,0.0,340.0,False
2025-01-28 11:07:00,251.0,336.0,336.0,0.0,85.0,85.0,False
2025-01-28 11:08:00,257.0,251.0,251.0,6.0,0.0,60.0,False
2025-01-28 11:09:00,283.0,257.0,257.0,26.0,0.0,260.0,False
2025-01-28 11:10:00,414.0,283.0,283.0,131.0,0.0,1310.0,False
2025-01-28 11:11:00,317.0,414.0,414.0,0.0,97.0,97.0,False
2025-01-28 11:12:00,247.0,317.0,317.0,0.0,70.0,70.0,False
2025-01-28 11:13:00,239.0,247.0,247.0,0.0,8.0,8.0,False
2025-01-28 11:14:00,206.0,239.0,239.0,0.0,33.0,33.0,False
2025-01-28 11:15:00,333.0,206.0,206.0,127.0,0.0,1270.0,False
2025-01-28 11:16:00,332.0,333.0,333.0,0.0,1.0,1.0,False
2025-01-28 11:17:00,238.0,332.0,332.0,0.0,94.0,94.0,False
2025-01-28 11:18:00,259.0,238.0,238.0,21.0,0.0,210.0,False
2025-01-28 11:19:00,200.0,259.0,259.0,0.0,59.0,59.0,False
2025-01-28 11:20:00,551.0,200.0,200.0,351.0,0.0,3510.0,False
2025-01-28 11:21:00,240.0,551.0,551.0,0.0,311.0,311.0,False
2025-01-28 11:22:00,237.0,240.0,240.0,0.0,3.0,3.0,False
2025-01-28 11:23:00,263.0,237.0,237.0,26.0,0.0,260.0,False
2025-01-28 11:24:00,310.0,263.0,263.0,47.0,0.0,470.0,False
2025-01-28 11:25:00,256.0,310.0,310.0,0.0,54.0,54.0,False
2025-01-28 11:26:00,299.0,256.0,256.0,43.0,0.0,430.0,False
2025-01-28 11:27:00,241.0,299.0,299.0,0.0,58.0,58.0,False
2025-01-28 11:28:00,196.0,241.0,241.0,0.0,45.0,45.0,False
2025-01-28 11:29:00,240.0,196.0,196.0,44.0,0.0,440.0,False
2025-01-28 11:30:00,746.0,240.0,240.0,506.0,0.0,5060.0,True
2025-01-28 11:31:00,381.0,746.0,746.0,0.0,365.0,365.0,False
2025-01-28 11:32:00,399.0,381.0,381.0,18.0,0.0,180.0,False
2025-01-28 11:33:00,406.0,399.0,399.0,7.0,0.0,70.0,False
2025-01-28 11:34:00,280.0,406.0,406.0,0.0,126.0,126.0,False
2025-01-28 11:35:00,375.0,280.0,280.0,95.0,0.0,950.0,False
2025-01-28 11:36:00,314.0,375.0,375.0,0.0,61.0,61.0,False
2025-01-28 11:37:00,287.0,314.0,314.0,0.0,27.0,27.0,False
2025-01-28 11:38:00,220.0,287.0,287.0,0.0,67.0,67.0,False
2025-01-28 11:39:00,334.0,220.0,220.0,114.0,0.0,1140.0,False
2025-01-28 11:40:00,611.0,334.0,334.0,277.0,0.0,2770.0,False
2025-01-28 11:41:00,278.0,611.0,611.0,0.0,333.0,333.0,False
2025-01-28 11:42:00,310.0,278.0,278.0,32.0,0.0,320.0,False
2025-01-28 11:43:00,323.0,310.0,310.0,13.0,0.0,130.0,False
2025-01-28 11:44:00,336.0,323.0,323.0,13.0,0.0,130.0,False
2025-01-28 11:45:00,440.0,336.0,336.0,104.0,0.0,1040.0,False
2025-01-28 11:46:00,288.0,440.0,440.0,0.0,152.0,152.0,False
2025-01-28 11:47:00,292.0,288.0,288.0,4.0,0.0,40.0,False
2025-01-28 11:48:00,256.0,292.0,292.0,0.0,36.0,36.0,False
2025-01-28 11:49:00,267.0,256.0,256.0,11.0,0.0,110.0,False
2025-01-28 11:50:00,537.0,267.0,267.0,270.0,0.0,2700.0,False
2025-01-28 11:51:00,282.0,537.0,537.0,0.0,255.0,255.0,False
2025-01-28 11:52:00,266.0,282.0,282.0,0.0,16.0,16.0,False
2025-01-28 11:53:00,285.0,266.0,266.0,19.0,0.0,190.0,False
2025-01-28 11:54:00,269.0,285.0,285.0,0.0,16.0,16.0,False
2025-01-28 11:55:00,516.0,269.0,269.0,247.0,0.0,2470.0,False
2025-01-28 11:56:00,366.0,516.0,516.0,0.0,150.0,150.0,False
2025-01-28 11:57:00,234.0,366.0,366.0,0.0,132.0,132.0,False
2025-01-28 11:58:00,378.0,234.0,234.0,144.0,0.0,1440.0,False
2025-01-28 11:59:00,308.0,378.0,378.0,0.0,70.0,70.0,False
2025-01-28 12:00:00,886.0,308.0,308.0,578.0,0.0,5780.0,True
2025-01-28 12:01:00,459.0,886.0,886.0,0.0,427.0,427.0,False
2025-01-28 12:02:00,266.0,459.0,459.0,0.0,193.0,193.0,False
2025-01-28 12:03:00,345.0,266.0,266.0,79.0,0.0,790.0,False
2025-01-28 12:04:00,308.0,345.0,345.0,0.0,37.0,37.0,False
2025-01-28 12:05:00,306.0,308.0,308.0,0.0,2.0,2.0,False
2025-01-28 12:06:00,325.0,306.0,306.0,19.0,0.0,190.0,False
2025-01-28 12:07:00,364.0,325.0,325.0,39.0,0.0,390.0,False
2025-01-28 12:08:00,478.0,364.0,364.0,114.0,0.0,1140.0,False
2025-01-28 12:09:00,317.0,478.0,478.0,0.0,161.0,161.0,False
2025-01-28 12:10:00,597.0,317.0,317.0,280.0,0.0,2800.0,False
2025-01-28 12:11:00,284.0,597.0,597.0,0.0,313.0,313.0,False
2025-01-28 12:12:00,306.0,284.0,284.0,22.0,0.0,220.0,False
2025-01-28 12:13:00,291.0,306.0,306.0,0.0,15.0,15.0,False
2025-01-28 12:14:00,244.0,291.0,291.0,0.0,47.0,47.0,False
2025-01-28 12:15:00,400.0,244.0,244.0,156.0,0.0,1560.0,False
2025-01-28 12:16:00,347.0,400.0,400.0,0.0,53.0,53.0,False
2025-01-28 12:17:00,237.0,347.0,347.0,0.0,110.0,110.0,False
2025-01-28 12:18:00,297.0,237.0,237.0,60.0,0.0,600.0,False
2025-01-28 12:19:00,224.0,297.0,297.0,0.0,73.0,73.0,False
2025-01-28 12:20:00,576.0,224.0,224.0,352.0,0.0,3520.0,False
2025-01-28 12:21:00,269.0,576.0,576.0,0.0,307.0,307.0,False
2025-01-28 12:22:00,315.0,269.0,269.0,46.0,0.0,460.0,False
2025-01-28 12:23:00,268.0,315.0,315.0,0.0,47.0,47.0,False
2025-01-28 12:24:00,285.0,268.0,268.0,17.0,0.0,170.0,False
2025-01-28 12:25:00,253.0,285.0,285.0,0.0,32.0,32.0,False
2025-01-28 12:26:00,216.0,253.0,253.0,0.0,37.0,37.0,False
2025-01-28 12:27:00,283.0,216.0,216.0,67.0,0.0,670.0,False
2025-01-28 12:28:00,173.0,283.0,283.0,0.0,110.0,110.0,False
2025-01-28 12:29:00,204.0,173.0,173.0,31.0,0.0,310.0,False
2025-01-28 12:30:00,735.0,204.0,204.0,531.0,0.0,5310.0,True
2025-01-28 12:31:00,245.0,735.0,735.0,0.0,490.0,490.0,False
2025-01-28 12:32:00,322.0,245.0,245.0,77.0,0.0,770.0,False
2025-01-28 12:33:00,314.0,322.0,322.0,0.0,8.0,8.0,False
2025-01-28 12:34:00,267.0,314.0,314.0,0.0,47.0,47.0,False
2025-01-28 12:35:00,262.0,267.0,267.0,0.0,5.0,5.0,False
2025-01-28 12:36:00,292.0,262.0,262.0,30.0,0.0,300.0,False
2025-01-28 12:37:00,266.0,292.0,292.0,0.0,26.0,26.0,False
2025-01-28 12:38:00,201.0,266.0,266.0,0.0,65.0,65.0,False
2025-01-28 12:39:00,235.0,201.0,201.0,34.0,0.0,340.0,False
2025-01-28 12:40:00,511.0,235.0,235.0,276.0,0.0,2760.0,False
2025-01-28 12:41:00,227.0,511.0,511.0,0.0,284.0,284.0,False
2025-01-28 12:42:00,262.0,227.0,227.0,35.0,0.0,350.0,False
2025-01-28 12:43:00,227.0,262.0,262.0,0.0,35.0,35.0,False
2025-01-28 12:44:00,315.0,227.0,227.0,88.0,0.0,880.0,False
2025-01-28 12:45:00,379.0,315.0,315.0,64.0,0.0,640.0,False
2025-01-28 12:46:00,304.0,379.0,379.0,0.0,75.0,75.0,False
2025-01-28 12:47:00,424.0,304.0,304.0,120.0,0.0,1200.0,False
2025-01-28 12:48:00,274.0,424.0,424.0,0.0,150.0,150.0,False
2025-01-28 12:49:00,213.0,274.0,274.0,0.0,61.0,61.0,False
2025-01-28 12:50:00,512.0,213.0,213.0,299.0,0.0,2990.0,False
2025-01-28 12:51:00,267.0,512.0,512.0,0.0,245.0,245.0,False
2025-01-28 12:52:00,257.0,267.0,267.0,0.0,10.0,10.0,False
2025-01-28 12:53:00,204.0,257.0,257.0,0.0,53.0,53.0,False
2025-01-28 12:54:00,251.0,204.0,204.0,47.0,0.0,470.0,False
2025-01-28 12:55:00,229.0,251.0,251.0,0.0,22.0,22.0,False
2025-01-28 12:56:00,194.0,229.0,229.0,0.0,35.0,35.0,False
2025-01-28 12:57:00,242.0,194.0,194.0,48.0,0.0,480.0,False
2025-01-28 12:58:00,169.0,242.0,242.0,0.0,73.0,73.0,False
2025-01-28 12:59:00,171.0,169.0,169.0,2.0,0.0,20.0,False
2025-01-28 13:00:00,817.0,171.0,171.0,646.0,0.0,6460.0,True
2025-01-28 13:01:00,289.0,817.0,817.0,0.0,528.0,528.0,False
2025-01-28 13:02:00,266.0,289.0,289.0,0.0,23.0,23.0,False
2025-01-28 13:03:00,375.0,266.0,266.0,109.0,0.0,1090.0,False
2025-01-28 13:04:00,287.0,375.0,375.0,0.0,88.0,88.0,False
2025-01-28 13:05:00,230.0,287.0,287.0,0.0,57.0,57.0,False
2025-01-28 13:06:00,287.0,230.0,230.0,57.0,0.0,570.0,False
2025-01-28 13:07:00,286.0,287.0,287.0,0.0,1.0,1.0,False
2025-01-28 13:08:00,264.0,286.0,286.0,0.0,22.0,22.0,False
2025-01-28 13:09:00,254.0,264.0,264.0,0.0,10.0,10.0,False
2025-01-28 13:10:00,499.0,254.0,254.0,245.0,0.0,2450.0,False
2025-01-28 13:11:00,201.0,499.0,499.0,0.0,298.0,298.0,False
2025-01-28 13:12:00,273.0,201.0,201.0,72.0,0.0,720.0,False
2025-01-28 13:13:00,246.0,273.0,273.0,0.0,27.0,27.0,False
2025-01-28 13:14:00,222.0,246.0,246.0,0.0,24.0,24.0,False
2025-01-28 13:15:00,308.0,222.0,222.0,86.0,0.0,860.0,False
2025-01-28 13:16:00,284.0,308.0,308.0,0.0,24.0,24.0,False
2025-01-28 13:17:00,151.0,284.0,284.0,0.0,133.0,133.0,False
2025-01-28 13:18:00,239.0,151.0,151.0,88.0,0.0,880.0,False
2025-01-28 13:19:00,158.0,239.0,239.0,0.0,81.0,81.0,False
2025-01-28 13:20:00,527.0,158.0,158.0,369.0,0.0,3690.0,False
2025-01-28 13:21:00,277.0,527.0,527.0,0.0,250.0,250.0,False
2025-01-28 13:22:00,188.0,277.0,277.0,0.0,89.0,89.0,False
2025-01-28 13:23:00,204.0,188.0,188.0,16.0,0.0,160.0,False
2025-01-28 13:24:00,253.0,204.0,204.0,49.0,0.0,490.0,False
2025-01-28 13:25:00,268.0,253.0,253.0,15.0,0.0,150.0,False
2025-01-28 13:26:00,230.0,268.0,268.0,0.0,38.0,38.0,False
2025-01-28 13:27:00,449.0,230.0,230.0,219.0,0.0,2190.0,False
2025-01-28 13:28:00,185.0,449.0,449.0,0.0,264.0,264.0,False
2025-01-28 13:29:00,179.0,185.0,185.0,0.0,6.0,6.0,False
2025-01-28 13:30:00,626.0,179.0,179.0,447.0,0.0,4470.0,False
2025-01-28 13:31:00,292.0,626.0,626.0,0.0,334.0,334.0,False
2025-01-28 13:32:00,197.0,292.0,292.0,0.0,95.0,95.0,False
2025-01-28 13:33:00,335.0,197.0,197.0,138.0,0.0,1380.0,False
2025-01-28 13:34:00,281.0,335.0,335.0,0.0,54.0,54.0,False
2025-01-28 13:35:00,242.0,281.0,281.0,0.0,39.0,39.0,False
2025-01-28 13:36:00,251.0,242.0,242.0,9.0,0.0,90.0,False
2025-01-28 13:37:00,221.0,251.0,251.0,0.0,30.0,30.0,False
2025-01-28 13:38:00,246.0,221.0,221.0,25.0,0.0,250.0,False
2025-01-28 13:39:00,210.0,246.0,246.0,0.0,36.0,36.0,False
2025-01-28 13:40:00,519.0,210.0,210.0,309.0,0.0,3090.0,False
2025-01-28 13:41:00,214.0,519.0,519.0,0.0,305.0,305.0,False
2025-01-28 13:42:00,272.0,214.0,214.0,58.0,0.0,580.0,False
2025-01-28 13:43:00,256.0,272.0,272.0,0.0,16.0,16.0,False
2025-01-28 13:44:00,217.0,256.0,256.0,0.0,39.0,39.0,False
2025-01-28 13:45:00,375.0,217.0,217.0,158.0,0.0,1580.0,False
2025-01-28 13:46:00,240.0,375.0,375.0,0.0,135.0,135.0,False
2025-01-28 13:47:00,166.0,240.0,240.0,0.0,74.0,74.0,False
2025-01-28 13:48:00,308.0,166.0,166.0,142.0,0.0,1420.0,False
2025-01-28 13:49:00,156.0,308.0,308.0,0.0,152.0,152.0,False
2025-01-28 13:50:00,493.0,156.0,156.0,337.0,0.0,3370.0,False
2025-01-28 13:51:00,248.0,493.0,493.0,0.0,245.0,245.0,False
2025-01-28 13:52:00,217.0,248.0,248.0,0.0,31.0,31.0,False
2025-01-28 13:53:00,193.0,217.0,217.0,0.0,24.0,24.0,False
2025-01-28 13:54:00,265.0,193.0,193.0,72.0,0.0,720.0,False
2025-01-28 13:55:00,233.0,265.0,265.0,0.0,32.0,32.0,False
2025-01-28 13:56:00,206.0,233.0,233.0,0.0,27.0,27.0,False
2025-01-28 13:57:00,203.0,206.0,206.0,0.0,3.0,3.0,False
2025-01-28 13:58:00,175.0,203.0,203.0,0.0,28.0,28.0,False
2025-01-28 13:59:00,149.0,175.0,175.0,0.0,26.0,26.0,False
2025-01-28 14:00:00,788.0,149.0,149.0,639.0,0.0,6390.0,True
2025-01-28 14:01:00,291.0,788.0,788.0,0.0,497.0,497.0,False
2025-01-28 14:02:00,277.0,291.0,291.0,0.0,14.0,14.0,False
2025-01-28 14:03:00,311.0,277.0,277.0,34.0,0.0,340.0,False
2025-01-28 14:04:00,303.0,311.0,311.0,0.0,8.0,8.0,False
2025-01-28 14:05:00,219.0,303.0,303.0,0.0,84.0,84.0,False
2025-01-28 14:06:00,300.0,219.0,219.0,81.0,0.0,810.0,False
2025-01-28 14:07:00,284.0,300.0,300.0,0.0,16.0,16.0,False
2025-01-28 14:08:00,158.0,284.0,284.0,0.0,126.0,126.0,False
2025-01-28 14:09:00,221.0,158.0,158.0,63.0,0.0,630.0,False
2025-01-28 14:10:00,490.0,221.0,221.0,269.0,0.0,2690.0,False
2025-01-28 14:11:00,206.0,490.0,490.0,0.0,284.0,284.0,False
2025-01-28 14:12:00,282.0,206.0,206.0,76.0,0.0,760.0,False
2025-01-28 14:13:00,209.0,282.0,282.0,0.0,73.0,73.0,False
2025-01-28 14:14:00,210.0,209.0,209.0,1.0,0.0,10.0,False
2025-01-28 14:15:00,310.0,210.0,210.0,100.0,0.0,1000.0,False
2025-01-28 14:16:00,265.0,310.0,310.0,0.0,45.0,45.0,False
2025-01-28 14:17:00,168.0,265.0,265.0,0.0,97.0,97.0,False
2025-01-28 14:18:00,244.0,168.0,168.0,76.0,0.0,760.0,False
2025-01-28 14:19:00,204.0,244.0,244.0,0.0,40.0,40.0,False
2025-01-28 14:20:00,445.0,204.0,204.0,241.0,0.0,2410.0,False
2025-01-28 14:21:00,281.0,445.0,445.0,0.0,164.0,164.0,False
2025-01-28 14:22:00,199.0,281.0,281.0,0.0,82.0,82.0,False
2025-01-28 14:23:00,255.0,199.0,199.0,56.0,0.0,560.0,False
2025-01-28 14:24:00,237.0,255.0,255.0,0.0,18.0,18.0,False
2025-01-28 14:25:00,242.0,237.0,237.0,5.0,0.0,50.0,False
2025-01-28 14:26:00,167.0,242.0,242.0,0.0,75.0,75.0,False
2025-01-28 14:27:00,205.0,167.0,167.0,38.0,0.0,380.0,False
2025-01-28 14:28:00,163.0,205.0,205.0,0.0,42.0,42.0,False
2025-01-28 14:29:00,157.0,163.0,163.0,0.0,6.0,6.0,False
2025-01-28 14:30:00,627.0,157.0,157.0,470.0,0.0,4700.0,False
2025-01-28 14:31:00,217.0,627.0,627.0,0.0,410.0,410.0,False
2025-01-28 14:32:00,211.0,217.0,217.0,0.0,6.0,6.0,False
2025-01-28 14:33:00,247.0,211.0,211.0,36.0,0.0,360.0,False
2025-01-28 14:34:00,227.0,247.0,247.0,0.0,20.0,20.0,False
2025-01-28 14:35:00,230.0,227.0,227.0,3.0,0.0,30.0,False
2025-01-28 14:36:00,199.0,230.0,230.0,0.0,31.0,31.0,False
2025-01-28 14:37:00,262.0,199.0,199.0,63.0,0.0,630.0,False
2025-01-28 14:38:00,185.0,262.0,262.0,0.0,77.0,77.0,False
2025-01-28 14:39:00,214.0,185.0,185.0,29.0,0.0,290.0,False
2025-01-28 14:40:00,471.0,214.0,214.0,257.0,0.0,2570.0,False
2025-01-28 14:41:00,176.0,471.0,471.0,0.0,295.0,295.0,False
2025-01-28 14:42:00,271.0,176.0,176.0,95.0,0.0,950.0,False
2025-01-28 14:43:00,197.0,271.0,271.0,0.0,74.0,74.0,False
2025-01-28 14:44:00,184.0,197.0,197.0,0.0,13.0,13.0,False
2025-01-28 14:45:00,349.0,184.0,184.0,165.0,0.0,1650.0,False
2025-01-28 14:46:00,205.0,349.0,349.0,0.0,144.0,144.0,False
2025-01-28 14:47:00,153.0,205.0,205.0,0.0,52.0,52.0,False
2025-01-28 14:48:00,203.0,153.0,153.0,50.0,0.0,500.0,False
2025-01-28 14:49:00,192.0,203.0,203.0,0.0,11.0,11.0,False
2025-01-28 14:50:00,464.0,192.0,192.0,272.0,0.0,2720.0,False
2025-01-28 14:51:00,217.0,464.0,464.0,0.0,247.0,247.0,False
2025-01-28 14:52:00,171.0,217.0,217.0,0.0,46.0,46.0,False
2025-01-28 14:53:00,181.0,171.0,171.0,10.0,0.0,100.0,False
2025-01-28 14:54:00,196.0,181.0,181.0,15.0,0.0,150.0,False
2025-01-28 14:55:00,216.0,196.0,196.0,20.0,0.0,200.0,False
2025-01-28 14:56:00,173.0,216.0,216.0,0.0,43.0,43.0,False
2025-01-28 14:57:00,168.0,173.0,173.0,0.0,5.0,5.0,False
2025-01-28 14:58:00,142.0,168.0,168.0,0.0,26.0,26.0,False
2025-01-28 14:59:00,196.0,142.0,142.0,54.0,0.0,540.0,False
2025-01-28 15:00:00,734.0,196.0,196.0,538.0,0.0,5380.0,True
2025-01-28 15:01:00,279.0,734.0,734.0,0.0,455.0,455.0,False
2025-01-28 15:02:00,253.0,279.0,279.0,0.0,26.0,26.0,False
2025-01-28 15:03:00,333.0,253.0,253.0,80.0,0.0,800.0,False
2025-01-28 15:04:00,274.0,333.0,333.0,0.0,59.0,59.0,False
2025-01-28 15:05:00,208.0,274.0,274.0,0.0,66.0,66.0,False
2025-01-28 15:06:00,236.0,208.0,208.0,28.0,0.0,280.0,False
2025-01-28 15:07:00,190.0,236.0,236.0,0.0,46.0,46.0,False
2025-01-28 15:08:00,233.0,190.0,190.0,43.0,0.0,430.0,False
2025-01-28 15:09:00,210.0,233.0,233.0,0.0,23.0,23.0,False
2025-01-28 15:10:00,422.0,210.0,210.0,212.0,0.0,2120.0,False
2025-01-28 15:11:00,162.0,422.0,422.0,0.0,260.0,260.0,False
2025-01-28 15:12:00,217.0,162.0,162.0,55.0,0.0,550.0,False
2025-01-28 15:13:00,185.0,217.0,217.0,0.0,32.0,32.0,False
2025-01-28 15:14:00,196.0,185.0,185.0,11.0,0.0,110.0,False
2025-01-28 15:15:00,323.0,196.0,196.0,127.0,0.0,1270.0,False
2025-01-28 15:16:00,202.0,323.0,323.0,0.0,121.0,121.0,False
2025-01-28 15:17:00,165.0,202.0,202.0,0.0,37.0,37.0,False
2025-01-28 15:18:00,201.0,165.0,165.0,36.0,0.0,360.0,False
2025-01-28 15:19:00,183.0,201.0,201.0,0.0,18.0,18.0,False
2025-01-28 15:20:00,469.0,183.0,183.0,286.0,0.0,2860.0,False
2025-01-28 15:21:00,223.0,469.0,469.0,0.0,246.0,246.0,False
2025-01-28 15:22:00,182.0,223.0,223.0,0.0,41.0,41.0,False
2025-01-28 15:23:00,203.0,182.0,182.0,21.0,0.0,210.0,False
2025-01-28 15:24:00,194.0,203.0,203.0,0.0,9.0,9.0,False
2025-01-28 15:25:00,208.0,194.0,194.0,14.0,0.0,140.0,False
2025-01-28 15:26:00,165.0,208.0,208.0,0.0,43.0,43.0,False
2025-01-28 15:27:00,215.0,165.0,165.0,50.0,0.0,500.0,False
2025-01-28 15:28:00,145.0,215.0,215.0,0.0,70.0,70.0,False
2025-01-28 15:29:00,136.0,145.0,145.0,0.0,9.0,9.0,False
2025-01-28 15:30:00,659.0,136.0,136.0,523.0,0.0,5230.0,False
2025-01-28 15:31:00,214.0,659.0,659.0,0.0,445.0,445.0,False
2025-01-28 15:32:00,223.0,214.0,214.0,9.0,0.0,90.0,False
2025-01-28 15:33:00,274.0,223.0,223.0,51.0,0.0,510.0,False
2025-01-28 15:34:00,228.0,274.0,274.0,0.0,46.0,46.0,False
2025-01-28 15:35:00,199.0,228.0,228.0,0.0,29.0,29.0,False
2025-01-28 15:36:00,325.0,199.0,199.0,126.0,0.0,1260.0,False
2025-01-28 15:37:00,218.0,325.0,325.0,0.0,107.0,107.0,False
2025-01-28 15:38:00,141.0,218.0,218.0,0.0,77.0,77.0,False
2025-01-28 15:39:00,194.0,141.0,141.0,53.0,0.0,530.0,False
2025-01-28 15:40:00,490.0,194.0,194.0,296.0,0.0,2960.0,False
2025-01-28 15:41:00,213.0,490.0,490.0,0.0,277.0,277.0,False
2025-01-28 15:42:00,208.0,213.0,213.0,0.0,5.0,5.0,False
2025-01-28 15:43:00,215.0,208.0,208.0,7.0,0.0,70.0,False
2025-01-28 15:44:00,183.0,215.0,215.0,0.0,32.0,32.0,False
2025-01-28 15:45:00,385.0,183.0,183.0,202.0,0.0,2020.0,False
2025-01-28 15:46:00,203.0,385.0,385.0,0.0,182.0,182.0,False
2025-01-28 15:47:00,146.0,203.0,203.0,0.0,57.0,57.0,False
2025-01-28 15:48:00,234.0,146.0,146.0,88.0,0.0,880.0,False
2025-01-28 15:49:00,207.0,234.0,234.0,0.0,27.0,27.0,False
2025-01-28 15:50:00,378.0,207.0,207.0,171.0,0.0,1710.0,False
2025-01-28 15:51:00,181.0,378.0,378.0,0.0,197.0,197.0,False
2025-01-28 15:52:00,181.0,181.0,181.0,0.0,0.0,0.0,False
2025-01-28 15:53:00,152.0,181.0,181.0,0.0,29.0,29.0,False
2025-01-28 15:54:00,189.0,152.0,152.0,37.0,0.0,370.0,False
2025-01-28 15:55:00,187.0,189.0,189.0,0.0,2.0,2.0,False
2025-01-28 15:56:00,142.0,187.0,187.0,0.0,45.0,45.0,False
2025-01-28 15:57:00,219.0,142.0,142.0,77.0,0.0,770.0,False
2025-01-28 15:58:00,107.0,219.0,219.0,0.0,112.0,112.0,False
2025-01-28 15:59:00,162.0,107.0,107.0,55.0,0.0,550.0,False
2025-01-28 16:00:00,764.0,162.0,162.0,602.0,0.0,6020.0,True
2025-01-28 16:01:00,258.0,764.0,764.0,0.0,506.0,506.0,False
2025-01-28 16:02:00,263.0,258.0,258.0,5.0,0.0,50.0,False
2025-01-28 16:03:00,272.0,263.0,263.0,9.0,0.0,90.0,False
2025-01-28 16:04:00,259.0,272.0,272.0,0.0,13.0,13.0,False
2025-01-28 16:05:00,197.0,259.0,259.0,0.0,62.0,62.0,False
2025-01-28 16:06:00,237.0,197.0,197.0,40.0,0.0,400.0,False
2025-01-28 16:07:00,235.0,237.0,237.0,0.0,2.0,2.0,False
2025-01-28 16:08:00,194.0,235.0,235.0,0.0,41.0,41.0,False
2025-01-28 16:09:00,190.0,194.0,194.0,0.0,4.0,4.0,False
2025-01-28 16:10:00,467.0,190.0,190.0,277.0,0.0,2770.0,False
2025-01-28 16:11:00,151.0,467.0,467.0,0.0,316.0,316.0,False
2025-01-28 16:12:00,167.0,151.0,151.0,16.0,0.0,160.0,False
2025-01-28 16:13:00,179.0,167.0,167.0,12.0,0.0,120.0,False
2025-01-28 16:14:00,177.0,179.0,179.0,0.0,2.0,2.0,False
2025-01-28 16:15:00,291.0,177.0,177.0,114.0,0.0,1140.0,False
2025-01-28 16:16:00,226.0,291.0,291.0,0.0,65.0,65.0,False
2025-01-28 16:17:00,168.0,226.0,226.0,0.0,58.0,58.0,False
2025-01-28 16:18:00,155.0,168.0,168.0,0.0,13.0,13.0,False
2025-01-28 16:19:00,205.0,155.0,155.0,50.0,0.0,500.0,False
2025-01-28 16:20:00,466.0,205.0,205.0,261.0,0.0,2610.0,False
2025-01-28 16:21:00,231.0,466.0,466.0,0.0,235.0,235.0,False
2025-01-28 16:22:00,139.0,231.0,231.0,0.0,92.0,92.0,False
2025-01-28 16:23:00,210.0,139.0,139.0,71.0,0.0,710.0,False
2025-01-28 16:24:00,208.0,210.0,210.0,0.0,2.0,2.0,False
2025-01-28 16:25:00,211.0,208.0,208.0,3.0,0.0,30.0,False
2025-01-28 16:26:00,193.0,211.0,211.0,0.0,18.0,18.0,False
2025-01-28 16:27:00,164.0,193.0,193.0,0.0,29.0,29.0,False
2025-01-28 16:28:00,134.0,164.0,164.0,0.0,30.0,30.0,False
2025-01-28 16:29:00,183.0,134.0,134.0,49.0,0.0,490.0,False
2025-01-28 16:30:00,618.0,183.0,183.0,435.0,0.0,4350.0,False
2025-01-28 16:31:00,241.0,618.0,618.0,0.0,377.0,377.0,False
2025-01-28 16:32:00,187.0,241.0,241.0,0.0,54.0,54.0,False
2025-01-28 16:33:00,209.0,187.0,187.0,22.0,0.0,220.0,False
2025-01-28 16:34:00,241.0,209.0,209.0,32.0,0.0,320.0,False
2025-01-28 16:35:00,203.0,241.0,241.0,0.0,38.0,38.0,False
2025-01-28 16:36:00,185.0,203.0,203.0,0.0,18.0,18.0,False
2025-01-28 16:37:00,206.0,185.0,185.0,21.0,0.0,210.0,False
2025-01-28 16:38:00,130.0,206.0,206.0,0.0,76.0,76.0,False
2025-01-28 16:39:00,207.0,130.0,130.0,77.0,0.0,770.0,False
2025-01-28 16:40:00,468.0,207.0,207.0,261.0,0.0,2610.0,False
2025-01-28 16:41:00,167.0,468.0,468.0,0.0,301.0,301.0,False
2025-01-28 16:42:00,212.0,167.0,167.0,45.0,0.0,450.0,False
2025-01-28 16:43:00,151.0,212.0,212.0,0.0,61.0,61.0,False
2025-01-28 16:44:00,164.0,151.0,151.0,13.0,0.0,130.0,False
2025-01-28 16:45:00,367.0,164.0,164.0,203.0,0.0,2030.0,False
2025-01-28 16:46:00,229.0,367.0,367.0,0.0,138.0,138.0,False
2025-01-28 16:47:00,152.0,229.0,229.0,0.0,77.0,77.0,False
2025-01-28 16:48:00,169.0,152.0,152.0,17.0,0.0,170.0,False
2025-01-28 16:49:00,130.0,169.0,169.0,0.0,39.0,39.0,False
2025-01-28 16:50:00,386.0,130.0,130.0,256.0,0.0,2560.0,False
2025-01-28 16:51:00,185.0,386.0,386.0,0.0,201.0,201.0,False
2025-01-28 16:52:00,167.0,185.0,185.0,0.0,18.0,18.0,False
2025-01-28 16:53:00,161.0,167.0,167.0,0.0,6.0,6.0,False
2025-01-28 16:54:00,151.0,161.0,161.0,0.0,10.0,10.0,False
2025-01-28 16:55:00,171.0,151.0,151.0,20.0,0.0,200.0,False
2025-01-28 16:56:00,135.0,171.0,171.0,0.0,36.0,36.0,False
2025-01-28 16:57:00,155.0,135.0,135.0,20.0,0.0,200.0,False
2025-01-28 16:58:00,127.0,155.0,155.0,0.0,28.0,28.0,False
2025-01-28 16:59:00,122.0,127.0,127.0,0.0,5.0,5.0,False
2025-01-28 17:00:00,659.0,122.0,122.0,537.0,0.0,5370.0,False
2025-01-28 17:01:00,501.0,659.0,659.0,0.0,158.0,158.0,False
2025-01-28 17:02:00,191.0,501.0,501.0,0.0,310.0,310.0,False
2025-01-28 17:03:00,232.0,191.0,191.0,41.0,0.0,410.0,False
2025-01-28 17:04:00,228.0,232.0,232.0,0.0,4.0,4.0,False
2025-01-28 17:05:00,212.0,228.0,228.0,0.0,16.0,16.0,False
2025-01-28 17:06:00,209.0,212.0,212.0,0.0,3.0,3.0,False
2025-01-28 17:07:00,211.0,209.0,209.0,2.0,0.0,20.0,False
2025-01-28 17:08:00,180.0,211.0,211.0,0.0,31.0,31.0,False
2025-01-28 17:09:00,191.0,180.0,180.0,11.0,0.0,110.0,False
2025-01-28 17:10:00,427.0,191.0,191.0,236.0,0.0,2360.0,False
2025-01-28 17:11:00,172.0,427.0,427.0,0.0,255.0,255.0,False
2025-01-28 17:12:00,151.0,172.0,172.0,0.0,21.0,21.0,False
2025-01-28 17:13:00,157.0,151.0,151.0,6.0,0.0,60.0,False
2025-01-28 17:14:00,135.0,157.0,157.0,0.0,22.0,22.0,False
2025-01-28 17:15:00,303.0,135.0,135.0,168.0,0.0,1680.0,False
2025-01-28 17:16:00,166.0,303.0,303.0,0.0,137.0,137.0,False
2025-01-28 17:17:00,134.0,166.0,166.0,0.0,32.0,32.0,False
2025-01-28 17:18:00,134.0,134.0,134.0,0.0,0.0,0.0,False
2025-01-28 17:19:00,155.0,134.0,134.0,21.0,0.0,210.0,False
2025-01-28 17:20:00,388.0,155.0,155.0,233.0,0.0,2330.0,False
2025-01-28 17:21:00,217.0,388.0,388.0,0.0,171.0,171.0,False
2025-01-28 17:22:00,147.0,217.0,217.0,0.0,70.0,70.0,False
2025-01-28 17:23:00,194.0,147.0,147.0,47.0,0.0,470.0,False
2025-01-28 17:24:00,152.0,194.0,194.0,0.0,42.0,42.0,False
2025-01-28 17:25:00,163.0,152.0,152.0,11.0,0.0,110.0,False
2025-01-28 17:26:00,148.0,163.0,163.0,0.0,15.0,15.0,False
2025-01-28 17:27:00,158.0,148.0,148.0,10.0,0.0,100.0,False
2025-01-28 17:28:00,123.0,158.0,158.0,0.0,35.0,35.0,False
2025-01-28 17:29:00,159.0,123.0,123.0,36.0,0.0,360.0,False
2025-01-28 17:30:00,580.0,159.0,159.0,421.0,0.0,4210.0,False
2025-01-28 17:31:00,182.0,580.0,580.0,0.0,398.0,398.0,False
2025-01-28 17:32:00,221.0,182.0,182.0,39.0,0.0,390.0,False
2025-01-28 17:33:00,210.0,221.0,221.0,0.0,11.0,11.0,False
2025-01-28 17:34:00,197.0,210.0,210.0,0.0,13.0,13.0,False
2025-01-28 17:35:00,206.0,197.0,197.0,9.0,0.0,90.0,False
2025-01-28 17:36:00,199.0,206.0,206.0,0.0,7.0,7.0,False
2025-01-28 17:37:00,189.0,199.0,199.0,0.0,10.0,10.0,False
2025-01-28 17:38:00,126.0,189.0,189.0,0.0,63.0,63.0,False
2025-01-28 17:39:00,174.0,126.0,126.0,48.0,0.0,480.0,False
2025-01-28 17:40:00,439.0,174.0,174.0,265.0,0.0,2650.0,False
2025-01-28 17:41:00,158.0,439.0,439.0,0.0,281.0,281.0,False
2025-01-28 17:42:00,193.0,158.0,158.0,35.0,0.0,350.0,False
2025-01-28 17:43:00,152.0,193.0,193.0,0.0,41.0,41.0,False
2025-01-28 17:44:00,154.0,152.0,152.0,2.0,0.0,20.0,False
2025-01-28 17:45:00,362.0,154.0,154.0,208.0,0.0,2080.0,False
2025-01-28 17:46:00,209.0,362.0,362.0,0.0,153.0,153.0,False
2025-01-28 17:47:00,114.0,209.0,209.0,0.0,95.0,95.0,False
2025-01-28 17:48:00,168.0,114.0,114.0,54.0,0.0,540.0,False
2025-01-28 17:49:00,196.0,168.0,168.0,28.0,0.0,280.0,False
2025-01-28 17:50:00,330.0,196.0,196.0,134.0,0.0,1340.0,False
2025-01-28 17:51:00,170.0,330.0,330.0,0.0,160.0,160.0,False
2025-01-28 17:52:00,168.0,170.0,170.0,0.0,2.0,2.0,False
2025-01-28 17:53:00,135.0,168.0,168.0,0.0,33.0,33.0,False
2025-01-28 17:54:00,169.0,135.0,135.0,34.0,0.0,340.0,False
2025-01-28 17:55:00,135.0,169.0,169.0,0.0,34.0,34.0,False
2025-01-28 17:56:00,117.0,135.0,135.0,0.0,18.0,18.0,False
2025-01-28 17:57:00,175.0,117.0,117.0,58.0,0.0,580.0,False
2025-01-28 17:58:00,124.0,175.0,175.0,0.0,51.0,51.0,False
2025-01-28 17:59:00,133.0,124.0,124.0,9.0,0.0,90.0,False
2025-01-28 18:00:00,614.0,133.0,133.0,481.0,0.0,4810.0,False
2025-01-28 18:01:00,219.0,614.0,614.0,0.0,395.0,395.0,False
2025-01-28 18:02:00,179.0,219.0,219.0,0.0,40.0,40.0,False
2025-01-28 18:03:00,241.0,179.0,179.0,62.0,0.0,620.0,False
2025-01-28 18:04:00,300.0,241.0,241.0,59.0,0.0,590.0,False
2025-01-28 18:05:00,200.0,300.0,300.0,0.0,100.0,100.0,False
2025-01-28 18:06:00,212.0,200.0,200.0,12.0,0.0,120.0,False
2025-01-28 18:07:00,170.0,212.0,212.0,0.0,42.0,42.0,False
2025-01-28 18:08:00,147.0,170.0,170.0,0.0,23.0,23.0,False
2025-01-28 18:09:00,177.0,147.0,147.0,30.0,0.0,300.0,False
2025-01-28 18:10:00,395.0,177.0,177.0,218.0,0.0,2180.0,False
2025-01-28 18:11:00,172.0,395.0,395.0,0.0,223.0,223.0,False
2025-01-28 18:12:00,170.0,172.0,172.0,0.0,2.0,2.0,False
2025-01-28 18:13:00,164.0,170.0,170.0,0.0,6.0,6.0,False
2025-01-28 18:14:00,152.0,164.0,164.0,0.0,12.0,12.0,False
2025-01-28 18:15:00,326.0,152.0,152.0,174.0,0.0,1740.0,False
2025-01-28 18:16:00,167.0,326.0,326.0,0.0,159.0,159.0,False
2025-01-28 18:17:00,116.0,167.0,167.0,0.0,51.0,51.0,False
2025-01-28 18:18:00,137.0,116.0,116.0,21.0,0.0,210.0,False
2025-01-28 18:19:00,140.0,137.0,137.0,3.0,0.0,30.0,False
2025-01-28 18:20:00,336.0,140.0,140.0,196.0,0.0,1960.0,False
2025-01-28 18:21:00,178.0,336.0,336.0,0.0,158.0,158.0,False
2025-01-28 18:22:00,165.0,178.0,178.0,0.0,13.0,13.0,False
2025-01-28 18:23:00,172.0,165.0,165.0,7.0,0.0,70.0,False
2025-01-28 18:24:00,191.0,172.0,172.0,19.0,0.0,190.0,False
2025-01-28 18:25:00,167.0,191.0,191.0,0.0,24.0,24.0,False
2025-01-28 18:26:00,138.0,167.0,167.0,0.0,29.0,29.0,False
2025-01-28 18:27:00,165.0,138.0,138.0,27.0,0.0,270.0,False
2025-01-28 18:28:00,134.0,165.0,165.0,0.0,31.0,31.0,False
2025-01-28 18:29:00,135.0,134.0,134.0,1.0,0.0,10.0,False
2025-01-28 18:30:00,513.0,135.0,135.0,378.0,0.0,3780.0,False
2025-01-28 18:31:00,181.0,513.0,513.0,0.0,332.0,332.0,False
2025-01-28 18:32:00,172.0,181.0,181.0,0.0,9.0,9.0,False
2025-01-28 18:33:00,200.0,172.0,172.0,28.0,0.0,280.0,False
2025-01-28 18:34:00,210.0,200.0,200.0,10.0,0.0,100.0,False
2025-01-28 18:35:00,188.0,210.0,210.0,0.0,22.0,22.0,False
2025-01-28 18:36:00,183.0,188.0,188.0,0.0,5.0,5.0,False
2025-01-28 18:37:00,182.0,183.0,183.0,0.0,1.0,1.0,False
2025-01-28 18:38:00,120.0,182.0,182.0,0.0,62.0,62.0,False
2025-01-28 18:39:00,164.0,120.0,120.0,44.0,0.0,440.0,False
2025-01-28 18:40:00,417.0,164.0,164.0,253.0,0.0,2530.0,False
2025-01-28 18:41:00,173.0,417.0,417.0,0.0,244.0,244.0,False
2025-01-28 18:42:00,174.0,173.0,173.0,1.0,0.0,10.0,False
2025-01-28 18:43:00,190.0,174.0,174.0,16.0,0.0,160.0,False
2025-01-28 18:44:00,162.0,190.0,190.0,0.0,28.0,28.0,False
2025-01-28 18:45:00,348.0,162.0,162.0,186.0,0.0,1860.0,False
2025-01-28 18:46:00,266.0,348.0,348.0,0.0,82.0,82.0,False
2025-01-28 18:47:00,126.0,266.0,266.0,0.0,140.0,140.0,False
2025-01-28 18:48:00,169.0,126.0,126.0,43.0,0.0,430.0,False
2025-01-28 18:49:00,133.0,169.0,169.0,0.0,36.0,36.0,False
2025-01-28 18:50:00,362.0,133.0,133.0,229.0,0.0,2290.0,False
2025-01-28 18:51:00,165.0,362.0,362.0,0.0,197.0,197.0,False
2025-01-28 18:52:00,155.0,165.0,165.0,0.0,10.0,10.0,False
2025-01-28 18:53:00,143.0,155.0,155.0,0.0,12.0,12.0,False
2025-01-28 18:54:00,145.0,143.0,143.0,2.0,0.0,20.0,False
2025-01-28 18:55:00,169.0,145.0,145.0,24.0,0.0,240.0,False
2025-01-28 18:56:00,137.0,169.0,169.0,0.0,32.0,32.0,False
2025-01-28 18:57:00,155.0,137.0,137.0,18.0,0.0,180.0,False
2025-01-28 18:58:00,124.0,155.0,155.0,0.0,31.0,31.0,False
2025-01-28 18:59:00,137.0,124.0,124.0,13.0,0.0,130.0,False
2025-01-28 19:00:00,619.0,137.0,137.0,482.0,0.0,4820.0,False
2025-01-28 19:01:00,336.0,619.0,619.0,0.0,283.0,283.0,False
2025-01-28 19:02:00,234.0,336.0,336.0,0.0,102.0,102.0,False
2025-01-28 19:03:00,255.0,234.0,234.0,21.0,0.0,210.0,False
2025-01-28 19:04:00,212.0,255.0,255.0,0.0,43.0,43.0,False
2025-01-28 19:05:00,239.0,212.0,212.0,27.0,0.0,270.0,False
2025-01-28 19:06:00,193.0,239.0,239.0,0.0,46.0,46.0,False
2025-01-28 19:07:00,182.0,193.0,193.0,0.0,11.0,11.0,False
2025-01-28 19:08:00,124.0,182.0,182.0,0.0,58.0,58.0,False
2025-01-28 19:09:00,195.0,124.0,124.0,71.0,0.0,710.0,False
2025-01-28 19:10:00,401.0,195.0,195.0,206.0,0.0,2060.0,False
2025-01-28 19:11:00,172.0,401.0,401.0,0.0,229.0,229.0,False
2025-01-28 19:12:00,122.0,172.0,172.0,0.0,50.0,50.0,False
2025-01-28 19:13:00,174.0,122.0,122.0,52.0,0.0,520.0,False
2025-01-28 19:14:00,140.0,174.0,174.0,0.0,34.0,34.0,False
2025-01-28 19:15:00,274.0,140.0,140.0,134.0,0.0,1340.0,False
2025-01-28 19:16:00,183.0,274.0,274.0,0.0,91.0,91.0,False
2025-01-28 19:17:00,142.0,183.0,183.0,0.0,41.0,41.0,False
2025-01-28 19:18:00,109.0,142.0,142.0,0.0,33.0,33.0,False
2025-01-28 19:19:00,139.0,109.0,109.0,30.0,0.0,300.0,False
2025-01-28 19:20:00,399.0,139.0,139.0,260.0,0.0,2600.0,False
2025-01-28 19:21:00,193.0,399.0,399.0,0.0,206.0,206.0,False
2025-01-28 19:22:00,127.0,193.0,193.0,0.0,66.0,66.0,False
2025-01-28 19:23:00,181.0,127.0,127.0,54.0,0.0,540.0,False
2025-01-28 19:24:00,185.0,181.0,181.0,4.0,0.0,40.0,False
2025-01-28 19:25:00,162.0,185.0,185.0,0.0,23.0,23.0,False
2025-01-28 19:26:00,177.0,162.0,162.0,15.0,0.0,150.0,False
2025-01-28 19:27:00,128.0,177.0,177.0,0.0,49.0,49.0,False
2025-01-28 19:28:00,130.0,128.0,128.0,2.0,0.0,20.0,False
2025-01-28 19:29:00,127.0,130.0,130.0,0.0,3.0,3.0,False
2025-01-28 19:30:00,599.0,127.0,127.0,472.0,0.0,4720.0,False
2025-01-28 19:31:00,157.0,599.0,599.0,0.0,442.0,442.0,False
2025-01-28 19:32:00,174.0,157.0,157.0,17.0,0.0,170.0,False
2025-01-28 19:33:00,200.0,174.0,174.0,26.0,0.0,260.0,False
2025-01-28 19:34:00,182.0,200.0,200.0,0.0,18.0,18.0,False
2025-01-28 19:35:00,212.0,182.0,182.0,30.0,0.0,300.0,False
2025-01-28 19:36:00,173.0,212.0,212.0,0.0,39.0,39.0,False
2025-01-28 19:37:00,187.0,173.0,173.0,14.0,0.0,140.0,False
2025-01-28 19:38:00,135.0,187.0,187.0,0.0,52.0,52.0,False
2025-01-28 19:39:00,155.0,135.0,135.0,20.0,0.0,200.0,False
2025-01-28 19:40:00,420.0,155.0,155.0,265.0,0.0,2650.0,False
2025-01-28 19:41:00,200.0,420.0,420.0,0.0,220.0,220.0,False
2025-01-28 19:42:00,154.0,200.0,200.0,0.0,46.0,46.0,False
2025-01-28 19:43:00,159.0,154.0,154.0,5.0,0.0,50.0,False
2025-01-28 19:44:00,155.0,159.0,159.0,0.0,4.0,4.0,False
2025-01-28 19:45:00,366.0,155.0,155.0,211.0,0.0,2110.0,False
2025-01-28 19:46:00,145.0,366.0,366.0,0.0,221.0,221.0,False
2025-01-28 19:47:00,143.0,145.0,145.0,0.0,2.0,2.0,False
2025-01-28 19:48:00,128.0,143.0,143.0,0.0,15.0,15.0,False
2025-01-28 19:49:00,148.0,128.0,128.0,20.0,0.0,200.0,False
2025-01-28 19:50:00,400.0,148.0,148.0,252.0,0.0,2520.0,False
2025-01-28 19:51:00,166.0,400.0,400.0,0.0,234.0,234.0,False
2025-01-28 19:52:00,139.0,166.0,166.0,0.0,27.0,27.0,False
2025-01-28 19:53:00,147.0,139.0,139.0,8.0,0.0,80.0,False
2025-01-28 19:54:00,144.0,147.0,147.0,0.0,3.0,3.0,False
2025-01-28 19:55:00,155.0,144.0,144.0,11.0,0.0,110.0,False
2025-01-28 19:56:00,184.0,155.0,155.0,29.0,0.0,290.0,False
2025-01-28 19:57:00,135.0,184.0,184.0,0.0,49.0,49.0,False
2025-01-28 19:58:00,120.0,135.0,135.0,0.0,15.0,15.0,False
2025-01-28 19:59:00,101.0,120.0,120.0,0.0,19.0,19.0,False
2025-01-28 20:00:00,631.0,101.0,101.0,530.0,0.0,5300.0,False
2025-01-28 20:01:00,231.0,631.0,631.0,0.0,400.0,400.0,False
2025-01-28 20:02:00,187.0,231.0,231.0,0.0,44.0,44.0,False
2025-01-28 20:03:00,249.0,187.0,187.0,62.0,0.0,620.0,False
2025-01-28 20:04:00,215.0,249.0,249.0,0.0,34.0,34.0,False
2025-01-28 20:05:00,231.0,215.0,215.0,16.0,0.0,160.0,False
2025-01-28 20:06:00,198.0,231.0,231.0,0.0,33.0,33.0,False
2025-01-28 20:07:00,184.0,198.0,198.0,0.0,14.0,14.0,False
2025-01-28 20:08:00,143.0,184.0,184.0,0.0,41.0,41.0,False
2025-01-28 20:09:00,190.0,143.0,143.0,47.0,0.0,470.0,False
2025-01-28 20:10:00,364.0,190.0,190.0,174.0,0.0,1740.0,False
2025-01-28 20:11:00,178.0,364.0,364.0,0.0,186.0,186.0,False
2025-01-28 20:12:00,150.0,178.0,178.0,0.0,28.0,28.0,False
2025-01-28 20:13:00,157.0,150.0,150.0,7.0,0.0,70.0,False
2025-01-28 20:14:00,120.0,157.0,157.0,0.0,37.0,37.0,False
2025-01-28 20:15:00,285.0,120.0,120.0,165.0,0.0,1650.0,False
2025-01-28 20:16:00,174.0,285.0,285.0,0.0,111.0,111.0,False
2025-01-28 20:17:00,130.0,174.0,174.0,0.0,44.0,44.0,False
2025-01-28 20:18:00,118.0,130.0,130.0,0.0,12.0,12.0,False
2025-01-28 20:19:00,132.0,118.0,118.0,14.0,0.0,140.0,False
2025-01-28 20:20:00,362.0,132.0,132.0,230.0,0.0,2300.0,False
2025-01-28 20:21:00,195.0,362.0,362.0,0.0,167.0,167.0,False
2025-01-28 20:22:00,192.0,195.0,195.0,0.0,3.0,3.0,False
2025-01-28 20:23:00,153.0,192.0,192.0,0.0,39.0,39.0,False
2025-01-28 20:24:00,177.0,153.0,153.0,24.0,0.0,240.0,False
2025-01-28 20:25:00,191.0,177.0,177.0,14.0,0.0,140.0,False
2025-01-28 20:26:00,142.0,191.0,191.0,0.0,49.0,49.0,False
2025-01-28 20:27:00,170.0,142.0,142.0,28.0,0.0,280.0,False
2025-01-28 20:28:00,137.0,170.0,170.0,0.0,33.0,33.0,False
2025-01-28 20:29:00,118.0,137.0,137.0,0.0,19.0,19.0,False
2025-01-28 20:30:00,502.0,118.0,118.0,384.0,0.0,3840.0,False
2025-01-28 20:31:00,209.0,502.0,502.0,0.0,293.0,293.0,False
2025-01-28 20:32:00,187.0,209.0,209.0,0.0,22.0,22.0,False
2025-01-28 20:33:00,251.0,187.0,187.0,64.0,0.0,640.0,False
2025-01-28 20:34:00,180.0,251.0,251.0,0.0,71.0,71.0,False
2025-01-28 20:35:00,175.0,180.0,180.0,0.0,5.0,5.0,False
2025-01-28 20:36:00,194.0,175.0,175.0,19.0,0.0,190.0,False
2025-01-28 20:37:00,183.0,194.0,194.0,0.0,11.0,11.0,False
2025-01-28 20:38:00,128.0,183.0,183.0,0.0,55.0,55.0,False
2025-01-28 20:39:00,161.0,128.0,128.0,33.0,0.0,330.0,False
2025-01-28 20:40:00,396.0,161.0,161.0,235.0,0.0,2350.0,False
2025-01-28 20:41:00,171.0,396.0,396.0,0.0,225.0,225.0,False
2025-01-28 20:42:00,174.0,171.0,171.0,3.0,0.0,30.0,False
2025-01-28 20:43:00,243.0,174.0,174.0,69.0,0.0,690.0,False
2025-01-28 20:44:00,150.0,243.0,243.0,0.0,93.0,93.0,False
2025-01-28 20:45:00,357.0,150.0,150.0,207.0,0.0,2070.0,False
2025-01-28 20:46:00,189.0,357.0,357.0,0.0,168.0,168.0,False
2025-01-28 20:47:00,135.0,189.0,189.0,0.0,54.0,54.0,False
2025-01-28 20:48:00,138.0,135.0,135.0,3.0,0.0,30.0,False
2025-01-28 20:49:00,205.0,138.0,138.0,67.0,0.0,670.0,False
2025-01-28 20:50:00,334.0,205.0,205.0,129.0,0.0,1290.0,False
2025-01-28 20:51:00,162.0,334.0,334.0,0.0,172.0,172.0,False
2025-01-28 20:52:00,147.0,162.0,162.0,0.0,15.0,15.0,False
2025-01-28 20:53:00,166.0,147.0,147.0,19.0,0.0,190.0,False
2025-01-28 20:54:00,170.0,166.0,166.0,4.0,0.0,40.0,False
2025-01-28 20:55:00,142.0,170.0,170.0,0.0,28.0,28.0,False
2025-01-28 20:56:00,210.0,142.0,142.0,68.0,0.0,680.0,False
2025-01-28 20:57:00,125.0,210.0,210.0,0.0,85.0,85.0,False
2025-01-28 20:58:00,136.0,125.0,125.0,11.0,0.0,110.0,False
2025-01-28 20:59:00,130.0,136.0,136.0,0.0,6.0,6.0,False
2025-01-28 21:00:00,595.0,130.0,130.0,465.0,0.0,4650.0,False
2025-01-28 21:01:00,270.0,595.0,595.0,0.0,325.0,325.0,False
2025-01-28 21:02:00,195.0,270.0,270.0,0.0,75.0,75.0,False
2025-01-28 21:03:00,255.0,195.0,195.0,60.0,0.0,600.0,False
2025-01-28 21:04:00,243.0,255.0,255.0,0.0,12.0,12.0,False
2025-01-28 21:05:00,194.0,243.0,243.0,0.0,49.0,49.0,False
2025-01-28 21:06:00,187.0,194.0,194.0,0.0,7.0,7.0,False
2025-01-28 21:07:00,237.0,187.0,187.0,50.0,0.0,500.0,False
2025-01-28 21:08:00,163.0,237.0,237.0,0.0,74.0,74.0,False
2025-01-28 21:09:00,194.0,163.0,163.0,31.0,0.0,310.0,False
2025-01-28 21:10:00,395.0,194.0,194.0,201.0,0.0,2010.0,False
2025-01-28 21:11:00,181.0,395.0,395.0,0.0,214.0,214.0,False
2025-01-28 21:12:00,168.0,181.0,181.0,0.0,13.0,13.0,False
2025-01-28 21:13:00,155.0,168.0,168.0,0.0,13.0,13.0,False
2025-01-28 21:14:00,160.0,155.0,155.0,5.0,0.0,50.0,False
2025-01-28 21:15:00,322.0,160.0,160.0,162.0,0.0,1620.0,False
2025-01-28 21:16:00,133.0,322.0,322.0,0.0,189.0,189.0,False
2025-01-28 21:17:00,163.0,133.0,133.0,30.0,0.0,300.0,False
2025-01-28 21:18:00,177.0,163.0,163.0,14.0,0.0,140.0,False
2025-01-28 21:19:00,149.0,177.0,177.0,0.0,28.0,28.0,False
2025-01-28 21:20:00,382.0,149.0,149.0,233.0,0.0,2330.0,False
2025-01-28 21:21:00,286.0,382.0,382.0,0.0,96.0,96.0,False
2025-01-28 21:22:00,128.0,286.0,286.0,0.0,158.0,158.0,False
2025-01-28 21:23:00,151.0,128.0,128.0,23.0,0.0,230.0,False
2025-01-28 21:24:00,200.0,151.0,151.0,49.0,0.0,490.0,False
2025-01-28 21:25:00,163.0,200.0,200.0,0.0,37.0,37.0,False
2025-01-28 21:26:00,176.0,163.0,163.0,13.0,0.0,130.0,False
2025-01-28 21:27:00,192.0,176.0,176.0,16.0,0.0,160.0,False
2025-01-28 21:28:00,135.0,192.0,192.0,0.0,57.0,57.0,False
2025-01-28 21:29:00,135.0,135.0,135.0,0.0,0.0,0.0,False
2025-01-28 21:30:00,533.0,135.0,135.0,398.0,0.0,3980.0,False
2025-01-28 21:31:00,212.0,533.0,533.0,0.0,321.0,321.0,False
2025-01-28 21:32:00,183.0,212.0,212.0,0.0,29.0,29.0,False
2025-01-28 21:33:00,220.0,183.0,183.0,37.0,0.0,370.0,False
2025-01-28 21:34:00,193.0,220.0,220.0,0.0,27.0,27.0,False
2025-01-28 21:35:00,195.0,193.0,193.0,2.0,0.0,20.0,False
2025-01-28 21:36:00,174.0,195.0,195.0,0.0,21.0,21.0,False
2025-01-28 21:37:00,192.0,174.0,174.0,18.0,0.0,180.0,False
2025-01-28 21:38:00,333.0,192.0,192.0,141.0,0.0,1410.0,False
2025-01-28 21:39:00,578.0,333.0,333.0,245.0,0.0,2450.0,False
2025-01-28 21:40:00,410.0,578.0,578.0,0.0,168.0,168.0,False
2025-01-28 21:41:00,190.0,410.0,410.0,0.0,220.0,220.0,False
2025-01-28 21:42:00,156.0,190.0,190.0,0.0,34.0,34.0,False
2025-01-28 21:43:00,154.0,156.0,156.0,0.0,2.0,2.0,False
2025-01-28 21:44:00,195.0,154.0,154.0,41.0,0.0,410.0,False
2025-01-28 21:45:00,344.0,195.0,195.0,149.0,0.0,1490.0,False
2025-01-28 21:46:00,194.0,344.0,344.0,0.0,150.0,150.0,False
2025-01-28 21:47:00,132.0,194.0,194.0,0.0,62.0,62.0,False
2025-01-28 21:48:00,175.0,132.0,132.0,43.0,0.0,430.0,False
2025-01-28 21:49:00,141.0,175.0,175.0,0.0,34.0,34.0,False
2025-01-28 21:50:00,358.0,141.0,141.0,217.0,0.0,2170.0,False
2025-01-28 21:51:00,188.0,358.0,358.0,0.0,170.0,170.0,False
2025-01-28 21:52:00,179.0,188.0,188.0,0.0,9.0,9.0,False
2025-01-28 21:53:00,153.0,179.0,179.0,0.0,26.0,26.0,False
2025-01-28 21:54:00,189.0,153.0,153.0,36.0,0.0,360.0,False
2025-01-28 21:55:00,875.0,189.0,189.0,686.0,0.0,6860.0,True
2025-01-28 21:56:00,775.0,875.0,875.0,0.0,100.0,100.0,True
2025-01-28 21:57:00,216.0,775.0,775.0,0.0,559.0,559.0,False
2025-01-28 21:58:00,160.0,216.0,216.0,0.0,56.0,56.0,False
2025-01-28 21:59:00,129.0,160.0,160.0,0.0,31.0,31.0,False
2025-01-28 22:00:00,703.0,129.0,129.0,574.0,0.0,5740.0,False
2025-01-28 22:01:00,297.0,703.0,703.0,0.0,406.0,406.0,False
2025-01-28 22:02:00,222.0,297.0,297.0,0.0,75.0,75.0,False
2025-01-28 22:03:00,248.0,222.0,222.0,26.0,0.0,260.0,False
2025-01-28 22:04:00,237.0,248.0,248.0,0.0,11.0,11.0,False
2025-01-28 22:05:00,212.0,237.0,237.0,0.0,25.0,25.0,False
2025-01-28 22:06:00,248.0,212.0,212.0,36.0,0.0,360.0,False
2025-01-28 22:07:00,223.0,248.0,248.0,0.0,25.0,25.0,False
2025-01-28 22:08:00,188.0,223.0,223.0,0.0,35.0,35.0,False
2025-01-28 22:09:00,209.0,188.0,188.0,21.0,0.0,210.0,False
2025-01-28 22:10:00,408.0,209.0,209.0,199.0,0.0,1990.0,False
2025-01-28 22:11:00,162.0,408.0,408.0,0.0,246.0,246.0,False
2025-01-28 22:12:00,190.0,162.0,162.0,28.0,0.0,280.0,False
2025-01-28 22:13:00,216.0,190.0,190.0,26.0,0.0,260.0,False
2025-01-28 22:14:00,179.0,216.0,216.0,0.0,37.0,37.0,False
2025-01-28 22:15:00,628.0,179.0,179.0,449.0,0.0,4490.0,False
2025-01-28 22:16:00,600.0,628.0,628.0,0.0,28.0,28.0,False
2025-01-28 22:17:00,442.0,600.0,600.0,0.0,158.0,158.0,False
2025-01-28 22:18:00,321.0,442.0,442.0,0.0,121.0,121.0,False
2025-01-28 22:19:00,198.0,321.0,321.0,0.0,123.0,123.0,False
2025-01-28 22:20:00,458.0,198.0,198.0,260.0,0.0,2600.0,False
2025-01-28 22:21:00,239.0,458.0,458.0,0.0,219.0,219.0,False
2025-01-28 22:22:00,225.0,239.0,239.0,0.0,14.0,14.0,False
2025-01-28 22:23:00,180.0,225.0,225.0,0.0,45.0,45.0,False
2025-01-28 22:24:00,785.0,180.0,180.0,605.0,0.0,6050.0,True
2025-01-28 22:25:00,297.0,785.0,785.0,0.0,488.0,488.0,False
2025-01-28 22:26:00,250.0,297.0,297.0,0.0,47.0,47.0,False
2025-01-28 22:27:00,186.0,250.0,250.0,0.0,64.0,64.0,False
2025-01-28 22:28:00,133.0,186.0,186.0,0.0,53.0,53.0,False
2025-01-28 22:29:00,163.0,133.0,133.0,30.0,0.0,300.0,False
2025-01-28 22:30:00,657.0,163.0,163.0,494.0,0.0,4940.0,False
2025-01-28 22:31:00,600.0,657.0,657.0,0.0,57.0,57.0,False
2025-01-28 22:32:00,355.0,600.0,600.0,0.0,245.0,245.0,False
2025-01-28 22:33:00,716.0,355.0,355.0,361.0,0.0,3610.0,False
2025-01-28 22:34:00,231.0,716.0,716.0,0.0,485.0,485.0,False
2025-01-28 22:35:00,966.0,231.0,231.0,735.0,0.0,7350.0,True
2025-01-28 22:36:00,528.0,966.0,966.0,0.0,438.0,438.0,False
2025-01-28 22:37:00,222.0,528.0,528.0,0.0,306.0,306.0,False
2025-01-28 22:38:00,174.0,222.0,222.0,0.0,48.0,48.0,False
2025-01-28 22:39:00,242.0,174.0,174.0,68.0,0.0,680.0,False
2025-01-28 22:40:00,747.0,242.0,242.0,505.0,0.0,5050.0,True
2025-01-28 22:41:00,303.0,747.0,747.0,0.0,444.0,444.0,False
2025-01-28 22:42:00,223.0,303.0,303.0,0.0,80.0,80.0,False
2025-01-28 22:43:00,258.0,223.0,223.0,35.0,0.0,350.0,False
2025-01-28 22:44:00,249.0,258.0,258.0,0.0,9.0,9.0,False
2025-01-28 22:45:00,357.0,249.0,249.0,108.0,0.0,1080.0,False
2025-01-28 22:46:00,290.0,357.0,357.0,0.0,67.0,67.0,False
2025-01-28 22:47:00,202.0,290.0,290.0,0.0,88.0,88.0,False
2025-01-28 22:48:00,197.0,202.0,202.0,0.0,5.0,5.0,False
2025-01-28 22:49:00,195.0,197.0,197.0,0.0,2.0,2.0,False
2025-01-28 22:50:00,648.0,195.0,195.0,453.0,0.0,4530.0,False
2025-01-28 22:51:00,216.0,648.0,648.0,0.0,432.0,432.0,False
2025-01-28 22:52:00,233.0,216.0,216.0,17.0,0.0,170.0,False
2025-01-28 22:53:00,192.0,233.0,233.0,0.0,41.0,41.0,False
2025-01-28 22:54:00,236.0,192.0,192.0,44.0,0.0,440.0,False
2025-01-28 22:55:00,274.0,236.0,236.0,38.0,0.0,380.0,False
2025-01-28 22:56:00,265.0,274.0,274.0,0.0,9.0,9.0,False
2025-01-28 22:57:00,238.0,265.0,265.0,0.0,27.0,27.0,False
2025-01-28 22:58:00,231.0,238.0,238.0,0.0,7.0,7.0,False
2025-01-28 22:59:00,228.0,231.0,231.0,0.0,3.0,3.0,False
2025-01-28 23:00:00,1061.0,228.0,228.0,833.0,0.0,8330.0,True
2025-01-28 23:01:00,364.0,1061.0,1061.0,0.0,697.0,697.0,False
2025-01-28 23:02:00,250.0,364.0,364.0,0.0,114.0,114.0,False
2025-01-28 23:03:00,307.0,250.0,250.0,57.0,0.0,570.0,False
2025-01-28 23:04:00,547.0,307.0,307.0,240.0,0.0,2400.0,False
2025-01-28 23:05:00,609.0,547.0,547.0,62.0,0.0,620.0,False
2025-01-28 23:06:00,368.0,609.0,609.0,0.0,241.0,241.0,False
2025-01-28 23:07:00,719.0,368.0,368.0,351.0,0.0,3510.0,False
2025-01-28 23:08:00,324.0,719.0,719.0,0.0,395.0,395.0,False
2025-01-28 23:09:00,411.0,324.0,324.0,87.0,0.0,870.0,False
2025-01-28 23:10:00,512.0,411.0,411.0,101.0,0.0,1010.0,False
2025-01-28 23:11:00,221.0,512.0,512.0,0.0,291.0,291.0,False
2025-01-28 23:12:00,314.0,221.0,221.0,93.0,0.0,930.0,False
2025-01-28 23:13:00,277.0,314.0,314.0,0.0,37.0,37.0,False
2025-01-28 23:14:00,242.0,277.0,277.0,0.0,35.0,35.0,False
2025-01-28 23:15:00,472.0,242.0,242.0,230.0,0.0,2300.0,False
2025-01-28 23:16:00,295.0,472.0,472.0,0.0,177.0,177.0,False
2025-01-28 23:17:00,318.0,295.0,295.0,23.0,0.0,230.0,False
2025-01-28 23:18:00,325.0,318.0,318.0,7.0,0.0,70.0,False
2025-01-28 23:19:00,339.0,325.0,325.0,14.0,0.0,140.0,False
2025-01-28 23:20:00,561.0,339.0,339.0,222.0,0.0,2220.0,False
2025-01-28 23:21:00,338.0,561.0,561.0,0.0,223.0,223.0,False
2025-01-28 23:22:00,312.0,338.0,338.0,0.0,26.0,26.0,False
2025-01-28 23:23:00,492.0,312.0,312.0,180.0,0.0,1800.0,False
2025-01-28 23:24:00,399.0,492.0,492.0,0.0,93.0,93.0,False
2025-01-28 23:25:00,364.0,399.0,399.0,0.0,35.0,35.0,False
2025-01-28 23:26:00,343.0,364.0,364.0,0.0,21.0,21.0,False
2025-01-28 23:27:00,295.0,343.0,343.0,0.0,48.0,48.0,False
2025-01-28 23:28:00,212.0,295.0,295.0,0.0,83.0,83.0,False
2025-01-28 23:29:00,310.0,212.0,212.0,98.0,0.0,980.0,False
2025-01-28 23:30:00,808.0,310.0,310.0,498.0,0.0,4980.0,True
2025-01-28 23:31:00,333.0,808.0,808.0,0.0,475.0,475.0,False
2025-01-28 23:32:00,356.0,333.0,333.0,23.0,0.0,230.0,False
2025-01-28 23:33:00,424.0,356.0,356.0,68.0,0.0,680.0,False
2025-01-28 23:34:00,538.0,424.0,424.0,114.0,0.0,1140.0,False
2025-01-28 23:35:00,319.0,538.0,538.0,0.0,219.0,219.0,False
2025-01-28 23:36:00,405.0,319.0,319.0,86.0,0.0,860.0,False
2025-01-28 23:37:00,445.0,405.0,405.0,40.0,0.0,400.0,False
2025-01-28 23:38:00,356.0,445.0,445.0,0.0,89.0,89.0,False
2025-01-28 23:39:00,296.0,356.0,356.0,0.0,60.0,60.0,False
2025-01-28 23:40:00,563.0,296.0,296.0,267.0,0.0,2670.0,False
2025-01-28 23:41:00,314.0,563.0,563.0,0.0,249.0,249.0,False
2025-01-28 23:42:00,305.0,314.0,314.0,0.0,9.0,9.0,False
2025-01-28 23:43:00,266.0,305.0,305.0,0.0,39.0,39.0,False
2025-01-28 23:44:00,362.0,266.0,266.0,96.0,0.0,960.0,False
2025-01-28 23:45:00,457.0,362.0,362.0,95.0,0.0,950.0,False
2025-01-28 23:46:00,330.0,457.0,457.0,0.0,127.0,127.0,False
2025-01-28 23:47:00,367.0,330.0,330.0,37.0,0.0,370.0,False
2025-01-28 23:48:00,357.0,367.0,367.0,0.0,10.0,10.0,False
2025-01-28 23:49:00,229.0,357.0,357.0,0.0,128.0,128.0,False
2025-01-28 23:50:00,548.0,229.0,229.0,319.0,0.0,3190.0,False
2025-01-28 23:51:00,245.0,548.0,548.0,0.0,303.0,303.0,False
2025-01-28 23:52:00,234.0,245.0,245.0,0.0,11.0,11.0,False
2025-01-28 23:53:00,272.0,234.0,234.0,38.0,0.0,380.0,False
2025-01-28 23:54:00,293.0,272.0,272.0,21.0,0.0,210.0,False
2025-01-28 23:55:00,462.0,293.0,293.0,169.0,0.0,1690.0,False
2025-01-28 23:56:00,215.0,462.0,462.0,0.0,247.0,247.0,False
2025-01-28 23:57:00,207.0,215.0,215.0,0.0,8.0,8.0,False
2025-01-28 23:58:00,212.0,207.0,207.0,5.0,0.0,50.0,False
2025-01-28 23:59:00,211.0,212.0,212.0,0.0,1.0,1.0,False
2025-01-29 00:00:00,759.0,211.0,211.0,548.0,0.0,5480.0,True
2025-01-29 00:01:00,265.0,759.0,759.0,0.0,494.0,494.0,False
2025-01-29 00:02:00,266.0,265.0,265.0,1.0,0.0,10.0,False
2025-01-29 00:03:00,266.0,266.0,266.0,0.0,0.0,0.0,False
2025-01-29 00:04:00,220.0,266.0,266.0,0.0,46.0,46.0,False
2025-01-29 00:05:00,277.0,220.0,220.0,57.0,0.0,570.0,False
2025-01-29 00:06:00,282.0,277.0,277.0,5.0,0.0,50.0,False
2025-01-29 00:07:00,242.0,282.0,282.0,0.0,40.0,40.0,False
2025-01-29 00:08:00,148.0,242.0,242.0,0.0,94.0,94.0,False
2025-01-29 00:09:00,179.0,148.0,148.0,31.0,0.0,310.0,False
2025-01-29 00:10:00,326.0,179.0,179.0,147.0,0.0,1470.0,False
2025-01-29 00:11:00,195.0,326.0,326.0,0.0,131.0,131.0,False
2025-01-29 00:12:00,201.0,195.0,195.0,6.0,0.0,60.0,False
2025-01-29 00:13:00,206.0,201.0,201.0,5.0,0.0,50.0,False
2025-01-29 00:14:00,168.0,206.0,206.0,0.0,38.0,38.0,False
2025-01-29 00:15:00,353.0,168.0,168.0,185.0,0.0,1850.0,False
2025-01-29 00:16:00,245.0,353.0,353.0,0.0,108.0,108.0,False
2025-01-29 00:17:00,188.0,245.0,245.0,0.0,57.0,57.0,False
2025-01-29 00:18:00,154.0,188.0,188.0,0.0,34.0,34.0,False
2025-01-29 00:19:00,193.0,154.0,154.0,39.0,0.0,390.0,False
2025-01-29 00:20:00,430.0,193.0,193.0,237.0,0.0,2370.0,False
2025-01-29 00:21:00,220.0,430.0,430.0,0.0,210.0,210.0,False
2025-01-29 00:22:00,149.0,220.0,220.0,0.0,71.0,71.0,False
2025-01-29 00:23:00,160.0,149.0,149.0,11.0,0.0,110.0,False
2025-01-29 00:24:00,199.0,160.0,160.0,39.0,0.0,390.0,False
2025-01-29 00:25:00,262.0,199.0,199.0,63.0,0.0,630.0,False
2025-01-29 00:26:00,169.0,262.0,262.0,0.0,93.0,93.0,False
2025-01-29 00:27:00,239.0,169.0,169.0,70.0,0.0,700.0,False
2025-01-29 00:28:00,143.0,239.0,239.0,0.0,96.0,96.0,False
2025-01-29 00:29:00,162.0,143.0,143.0,19.0,0.0,190.0,False
2025-01-29 00:30:00,584.0,162.0,162.0,422.0,0.0,4220.0,False
2025-01-29 00:31:00,228.0,584.0,584.0,0.0,356.0,356.0,False
2025-01-29 00:32:00,190.0,228.0,228.0,0.0,38.0,38.0,False
2025-01-29 00:33:00,263.0,190.0,190.0,73.0,0.0,730.0,False
2025-01-29 00:34:00,227.0,263.0,263.0,0.0,36.0,36.0,False
2025-01-29 00:35:00,226.0,227.0,227.0,0.0,1.0,1.0,False
2025-01-29 00:36:00,241.0,226.0,226.0,15.0,0.0,150.0,False
2025-01-29 00:37:00,206.0,241.0,241.0,0.0,35.0,35.0,False
2025-01-29 00:38:00,127.0,206.0,206.0,0.0,79.0,79.0,False
2025-01-29 00:39:00,204.0,127.0,127.0,77.0,0.0,770.0,False
2025-01-29 00:40:00,391.0,204.0,204.0,187.0,0.0,1870.0,False
2025-01-29 00:41:00,177.0,391.0,391.0,0.0,214.0,214.0,False
2025-01-29 00:42:00,229.0,177.0,177.0,52.0,0.0,520.0,False
2025-01-29 00:43:00,221.0,229.0,229.0,0.0,8.0,8.0,False
2025-01-29 00:44:00,177.0,221.0,221.0,0.0,44.0,44.0,False
2025-01-29 00:45:00,299.0,177.0,177.0,122.0,0.0,1220.0,False
2025-01-29 00:46:00,268.0,299.0,299.0,0.0,31.0,31.0,False
2025-01-29 00:47:00,120.0,268.0,268.0,0.0,148.0,148.0,False
2025-01-29 00:48:00,196.0,120.0,120.0,76.0,0.0,760.0,False
2025-01-29 00:49:00,147.0,196.0,196.0,0.0,49.0,49.0,False
2025-01-29 00:50:00,276.0,147.0,147.0,129.0,0.0,1290.0,False
2025-01-29 00:51:00,210.0,276.0,276.0,0.0,66.0,66.0,False
2025-01-29 00:52:00,210.0,210.0,210.0,0.0,0.0,0.0,False
2025-01-29 00:53:00,216.0,210.0,210.0,6.0,0.0,60.0,False
2025-01-29 00:54:00,170.0,216.0,216.0,0.0,46.0,46.0,False
2025-01-29 00:55:00,200.0,170.0,170.0,30.0,0.0,300.0,False
2025-01-29 00:56:00,230.0,200.0,200.0,30.0,0.0,300.0,False
2025-01-29 00:57:00,188.0,230.0,230.0,0.0,42.0,42.0,False
2025-01-29 00:58:00,188.0,188.0,188.0,0.0,0.0,0.0,False
2025-01-29 00:59:00,377.0,188.0,188.0,189.0,0.0,1890.0,False
2025-01-29 01:00:00,973.0,377.0,377.0,596.0,0.0,5960.0,True
2025-01-29 01:01:00,348.0,973.0,973.0,0.0,625.0,625.0,False
2025-01-29 01:02:00,294.0,348.0,348.0,0.0,54.0,54.0,False
2025-01-29 01:03:00,416.0,294.0,294.0,122.0,0.0,1220.0,False
2025-01-29 01:04:00,256.0,416.0,416.0,0.0,160.0,160.0,False
2025-01-29 01:05:00,281.0,256.0,256.0,25.0,0.0,250.0,False
2025-01-29 01:06:00,352.0,281.0,281.0,71.0,0.0,710.0,False
2025-01-29 01:07:00,302.0,352.0,352.0,0.0,50.0,50.0,False
2025-01-29 01:08:00,323.0,302.0,302.0,21.0,0.0,210.0,False
2025-01-29 01:09:00,222.0,323.0,323.0,0.0,101.0,101.0,False
2025-01-29 01:10:00,501.0,222.0,222.0,279.0,0.0,2790.0,False
2025-01-29 01:11:00,459.0,501.0,501.0,0.0,42.0,42.0,False
2025-01-29 01:12:00,272.0,459.0,459.0,0.0,187.0,187.0,False
2025-01-29 01:13:00,212.0,272.0,272.0,0.0,60.0,60.0,False
2025-01-29 01:14:00,257.0,212.0,212.0,45.0,0.0,450.0,False
2025-01-29 01:15:00,497.0,257.0,257.0,240.0,0.0,2400.0,False
2025-01-29 01:16:00,290.0,497.0,497.0,0.0,207.0,207.0,False
2025-01-29 01:17:00,184.0,290.0,290.0,0.0,106.0,106.0,False
2025-01-29 01:18:00,197.0,184.0,184.0,13.0,0.0,130.0,False
2025-01-29 01:19:00,186.0,197.0,197.0,0.0,11.0,11.0,False
2025-01-29 01:20:00,501.0,186.0,186.0,315.0,0.0,3150.0,False
2025-01-29 01:21:00,266.0,501.0,501.0,0.0,235.0,235.0,False
2025-01-29 01:22:00,256.0,266.0,266.0,0.0,10.0,10.0,False
2025-01-29 01:23:00,189.0,256.0,256.0,0.0,67.0,67.0,False
2025-01-29 01:24:00,294.0,189.0,189.0,105.0,0.0,1050.0,False
2025-01-29 01:25:00,297.0,294.0,294.0,3.0,0.0,30.0,False
2025-01-29 01:26:00,203.0,297.0,297.0,0.0,94.0,94.0,False
2025-01-29 01:27:00,210.0,203.0,203.0,7.0,0.0,70.0,False
2025-01-29 01:28:00,282.0,210.0,210.0,72.0,0.0,720.0,False
2025-01-29 01:29:00,187.0,282.0,282.0,0.0,95.0,95.0,False
2025-01-29 01:30:00,660.0,187.0,187.0,473.0,0.0,4730.0,False
2025-01-29 01:31:00,344.0,660.0,660.0,0.0,316.0,316.0,False
2025-01-29 01:32:00,279.0,344.0,344.0,0.0,65.0,65.0,False
2025-01-29 01:33:00,358.0,279.0,279.0,79.0,0.0,790.0,False
2025-01-29 01:34:00,270.0,358.0,358.0,0.0,88.0,88.0,False
2025-01-29 01:35:00,311.0,270.0,270.0,41.0,0.0,410.0,False
2025-01-29 01:36:00,319.0,311.0,311.0,8.0,0.0,80.0,False
2025-01-29 01:37:00,265.0,319.0,319.0,0.0,54.0,54.0,False
2025-01-29 01:38:00,329.0,265.0,265.0,64.0,0.0,640.0,False
2025-01-29 01:39:00,255.0,329.0,329.0,0.0,74.0,74.0,False
2025-01-29 01:40:00,404.0,255.0,255.0,149.0,0.0,1490.0,False
2025-01-29 01:41:00,297.0,404.0,404.0,0.0,107.0,107.0,False
2025-01-29 01:42:00,240.0,297.0,297.0,0.0,57.0,57.0,False
2025-01-29 01:43:00,241.0,240.0,240.0,1.0,0.0,10.0,False
2025-01-29 01:44:00,281.0,241.0,241.0,40.0,0.0,400.0,False
2025-01-29 01:45:00,459.0,281.0,281.0,178.0,0.0,1780.0,False
2025-01-29 01:46:00,307.0,459.0,459.0,0.0,152.0,152.0,False
2025-01-29 01:47:00,238.0,307.0,307.0,0.0,69.0,69.0,False
2025-01-29 01:48:00,243.0,238.0,238.0,5.0,0.0,50.0,False
2025-01-29 01:49:00,226.0,243.0,243.0,0.0,17.0,17.0,False
2025-01-29 01:50:00,405.0,226.0,226.0,179.0,0.0,1790.0,False
2025-01-29 01:51:00,284.0,405.0,405.0,0.0,121.0,121.0,False
2025-01-29 01:52:00,208.0,284.0,284.0,0.0,76.0,76.0,False
2025-01-29 01:53:00,346.0,208.0,208.0,138.0,0.0,1380.0,False
2025-01-29 01:54:00,291.0,346.0,346.0,0.0,55.0,55.0,False
2025-01-29 01:55:00,250.0,291.0,291.0,0.0,41.0,41.0,False
2025-01-29 01:56:00,255.0,250.0,250.0,5.0,0.0,50.0,False
2025-01-29 01:57:00,257.0,255.0,255.0,2.0,0.0,20.0,False
2025-01-29 01:58:00,180.0,257.0,257.0,0.0,77.0,77.0,False
2025-01-29 01:59:00,217.0,180.0,180.0,37.0,0.0,370.0,False
2025-01-29 02:00:00,893.0,217.0,217.0,676.0,0.0,6760.0,True
2025-01-29 02:01:00,370.0,893.0,893.0,0.0,523.0,523.0,False
2025-01-29 02:02:00,306.0,370.0,370.0,0.0,64.0,64.0,False
2025-01-29 02:03:00,363.0,306.0,306.0,57.0,0.0,570.0,False
2025-01-29 02:04:00,323.0,363.0,363.0,0.0,40.0,40.0,False
2025-01-29 02:05:00,302.0,323.0,323.0,0.0,21.0,21.0,False
2025-01-29 02:06:00,380.0,302.0,302.0,78.0,0.0,780.0,False
2025-01-29 02:07:00,345.0,380.0,380.0,0.0,35.0,35.0,False
2025-01-29 02:08:00,287.0,345.0,345.0,0.0,58.0,58.0,False
2025-01-29 02:09:00,303.0,287.0,287.0,16.0,0.0,160.0,False
2025-01-29 02:10:00,585.0,303.0,303.0,282.0,0.0,2820.0,False
2025-01-29 02:11:00,372.0,585.0,585.0,0.0,213.0,213.0,False
2025-01-29 02:12:00,339.0,372.0,372.0,0.0,33.0,33.0,False
2025-01-29 02:13:00,249.0,339.0,339.0,0.0,90.0,90.0,False
2025-01-29 02:14:00,195.0,249.0,249.0,0.0,54.0,54.0,False
2025-01-29 02:15:00,428.0,195.0,195.0,233.0,0.0,2330.0,False
2025-01-29 02:16:00,422.0,428.0,428.0,0.0,6.0,6.0,False
2025-01-29 02:17:00,436.0,422.0,422.0,14.0,0.0,140.0,False
2025-01-29 02:18:00,259.0,436.0,436.0,0.0,177.0,177.0,False
2025-01-29 02:19:00,281.0,259.0,259.0,22.0,0.0,220.0,False
2025-01-29 02:20:00,569.0,281.0,281.0,288.0,0.0,2880.0,False
2025-01-29 02:21:00,339.0,569.0,569.0,0.0,230.0,230.0,False
2025-01-29 02:22:00,270.0,339.0,339.0,0.0,69.0,69.0,False
2025-01-29 02:23:00,307.0,270.0,270.0,37.0,0.0,370.0,False
2025-01-29 02:24:00,365.0,307.0,307.0,58.0,0.0,580.0,False
2025-01-29 02:25:00,253.0,365.0,365.0,0.0,112.0,112.0,False
2025-01-29 02:26:00,327.0,253.0,253.0,74.0,0.0,740.0,False
2025-01-29 02:27:00,297.0,327.0,327.0,0.0,30.0,30.0,False
2025-01-29 02:28:00,312.0,297.0,297.0,15.0,0.0,150.0,False
2025-01-29 02:29:00,252.0,312.0,312.0,0.0,60.0,60.0,False
2025-01-29 02:30:00,685.0,252.0,252.0,433.0,0.0,4330.0,False
2025-01-29 02:31:00,377.0,685.0,685.0,0.0,308.0,308.0,False
2025-01-29 02:32:00,266.0,377.0,377.0,0.0,111.0,111.0,False
2025-01-29 02:33:00,342.0,266.0,266.0,76.0,0.0,760.0,False
2025-01-29 02:34:00,309.0,342.0,342.0,0.0,33.0,33.0,False
2025-01-29 02:35:00,283.0,309.0,309.0,0.0,26.0,26.0,False
2025-01-29 02:36:00,400.0,283.0,283.0,117.0,0.0,1170.0,False
2025-01-29 02:37:00,288.0,400.0,400.0,0.0,112.0,112.0,False
2025-01-29 02:38:00,248.0,288.0,288.0,0.0,40.0,40.0,False
2025-01-29 02:39:00,249.0,248.0,248.0,1.0,0.0,10.0,False
2025-01-29 02:40:00,587.0,249.0,249.0,338.0,0.0,3380.0,False
2025-01-29 02:41:00,352.0,587.0,587.0,0.0,235.0,235.0,False
2025-01-29 02:42:00,296.0,352.0,352.0,0.0,56.0,56.0,False
2025-01-29 02:43:00,272.0,296.0,296.0,0.0,24.0,24.0,False
2025-01-29 02:44:00,416.0,272.0,272.0,144.0,0.0,1440.0,False
2025-01-29 02:45:00,504.0,416.0,416.0,88.0,0.0,880.0,False
2025-01-29 02:46:00,925.0,504.0,504.0,421.0,0.0,4210.0,True
2025-01-29 02:47:00,175.0,925.0,925.0,0.0,750.0,750.0,False
2025-01-29 02:48:00,651.0,175.0,175.0,476.0,0.0,4760.0,False
2025-01-29 02:49:00,264.0,651.0,651.0,0.0,387.0,387.0,False
2025-01-29 02:50:00,526.0,264.0,264.0,262.0,0.0,2620.0,False
2025-01-29 02:51:00,512.0,526.0,526.0,0.0,14.0,14.0,False
2025-01-29 02:52:00,516.0,512.0,512.0,4.0,0.0,40.0,False
2025-01-29 02:53:00,283.0,516.0,516.0,0.0,233.0,233.0,False
2025-01-29 02:54:00,446.0,283.0,283.0,163.0,0.0,1630.0,False
2025-01-29 02:55:00,316.0,446.0,446.0,0.0,130.0,130.0,False
2025-01-29 02:56:00,347.0,316.0,316.0,31.0,0.0,310.0,False
2025-01-29 02:57:00,255.0,347.0,347.0,0.0,92.0,92.0,False
2025-01-29 02:58:00,289.0,255.0,255.0,34.0,0.0,340.0,False
2025-01-29 02:59:00,548.0,289.0,289.0,259.0,0.0,2590.0,False
2025-01-29 03:00:00,898.0,548.0,548.0,350.0,0.0,3500.0,True
2025-01-29 03:01:00,407.0,898.0,898.0,0.0,491.0,491.0,False
2025-01-29 03:02:00,286.0,407.0,407.0,0.0,121.0,121.0,False
2025-01-29 03:03:00,392.0,286.0,286.0,106.0,0.0,1060.0,False
2025-01-29 03:04:00,296.0,392.0,392.0,0.0,96.0,96.0,False
2025-01-29 03:05:00,278.0,296.0,296.0,0.0,18.0,18.0,False
2025-01-29 03:06:00,370.0,278.0,278.0,92.0,0.0,920.0,False
2025-01-29 03:07:00,304.0,370.0,370.0,0.0,66.0,66.0,False
2025-01-29 03:08:00,225.0,304.0,304.0,0.0,79.0,79.0,False
2025-01-29 03:09:00,301.0,225.0,225.0,76.0,0.0,760.0,False
2025-01-29 03:10:00,511.0,301.0,301.0,210.0,0.0,2100.0,False
2025-01-29 03:11:00,206.0,511.0,511.0,0.0,305.0,305.0,False
2025-01-29 03:12:00,577.0,206.0,206.0,371.0,0.0,3710.0,False
2025-01-29 03:13:00,276.0,577.0,577.0,0.0,301.0,301.0,False
2025-01-29 03:14:00,270.0,276.0,276.0,0.0,6.0,6.0,False
2025-01-29 03:15:00,388.0,270.0,270.0,118.0,0.0,1180.0,False
2025-01-29 03:16:00,396.0,388.0,388.0,8.0,0.0,80.0,False
2025-01-29 03:17:00,240.0,396.0,396.0,0.0,156.0,156.0,False
2025-01-29 03:18:00,269.0,240.0,240.0,29.0,0.0,290.0,False
2025-01-29 03:19:00,242.0,269.0,269.0,0.0,27.0,27.0,False
2025-01-29 03:20:00,836.0,242.0,242.0,594.0,0.0,5940.0,True
2025-01-29 03:21:00,489.0,836.0,836.0,0.0,347.0,347.0,False
2025-01-29 03:22:00,242.0,489.0,489.0,0.0,247.0,247.0,False
2025-01-29 03:23:00,393.0,242.0,242.0,151.0,0.0,1510.0,False
2025-01-29 03:24:00,432.0,393.0,393.0,39.0,0.0,390.0,False
2025-01-29 03:25:00,322.0,432.0,432.0,0.0,110.0,110.0,False
2025-01-29 03:26:00,391.0,322.0,322.0,69.0,0.0,690.0,False
2025-01-29 03:27:00,384.0,391.0,391.0,0.0,7.0,7.0,False
2025-01-29 03:28:00,172.0,384.0,384.0,0.0,212.0,212.0,False
2025-01-29 03:29:00,218.0,172.0,172.0,46.0,0.0,460.0,False
2025-01-29 03:30:00,1002.0,218.0,218.0,784.0,0.0,7840.0,True
2025-01-29 03:31:00,431.0,1002.0,1002.0,0.0,571.0,571.0,False
2025-01-29 03:32:00,310.0,431.0,431.0,0.0,121.0,121.0,False
2025-01-29 03:33:00,348.0,310.0,310.0,38.0,0.0,380.0,False
2025-01-29 03:34:00,305.0,348.0,348.0,0.0,43.0,43.0,False
2025-01-29 03:35:00,327.0,305.0,305.0,22.0,0.0,220.0,False
2025-01-29 03:36:00,293.0,327.0,327.0,0.0,34.0,34.0,False
2025-01-29 03:37:00,282.0,293.0,293.0,0.0,11.0,11.0,False
2025-01-29 03:38:00,450.0,282.0,282.0,168.0,0.0,1680.0,False
2025-01-29 03:39:00,450.0,450.0,450.0,0.0,0.0,0.0,False
2025-01-29 03:40:00,724.0,450.0,450.0,274.0,0.0,2740.0,False
2025-01-29 03:41:00,263.0,724.0,724.0,0.0,461.0,461.0,False
2025-01-29 03:42:00,548.0,263.0,263.0,285.0,0.0,2850.0,False
2025-01-29 03:43:00,339.0,548.0,548.0,0.0,209.0,209.0,False
2025-01-29 03:44:00,234.0,339.0,339.0,0.0,105.0,105.0,False
2025-01-29 03:45:00,422.0,234.0,234.0,188.0,0.0,1880.0,False
2025-01-29 03:46:00,233.0,422.0,422.0,0.0,189.0,189.0,False
2025-01-29 03:47:00,181.0,233.0,233.0,0.0,52.0,52.0,False
2025-01-29 03:48:00,289.0,181.0,181.0,108.0,0.0,1080.0,False
2025-01-29 03:49:00,413.0,289.0,289.0,124.0,0.0,1240.0,False
2025-01-29 03:50:00,553.0,413.0,413.0,140.0,0.0,1400.0,False
2025-01-29 03:51:00,296.0,553.0,553.0,0.0,257.0,257.0,False
2025-01-29 03:52:00,295.0,296.0,296.0,0.0,1.0,1.0,False
2025-01-29 03:53:00,229.0,295.0,295.0,0.0,66.0,66.0,False
2025-01-29 03:54:00,274.0,229.0,229.0,45.0,0.0,450.0,False
2025-01-29 03:55:00,264.0,274.0,274.0,0.0,10.0,10.0,False
2025-01-29 03:56:00,273.0,264.0,264.0,9.0,0.0,90.0,False
2025-01-29 03:57:00,255.0,273.0,273.0,0.0,18.0,18.0,False
2025-01-29 03:58:00,262.0,255.0,255.0,7.0,0.0,70.0,False
2025-01-29 03:59:00,671.0,262.0,262.0,409.0,0.0,4090.0,False
2025-01-29 04:00:00,756.0,671.0,671.0,85.0,0.0,850.0,True
2025-01-29 04:01:00,379.0,756.0,756.0,0.0,377.0,377.0,False
2025-01-29 04:02:00,251.0,379.0,379.0,0.0,128.0,128.0,False
2025-01-29 04:03:00,397.0,251.0,251.0,146.0,0.0,1460.0,False
2025-01-29 04:04:00,372.0,397.0,397.0,0.0,25.0,25.0,False
2025-01-29 04:05:00,276.0,372.0,372.0,0.0,96.0,96.0,False
2025-01-29 04:06:00,404.0,276.0,276.0,128.0,0.0,1280.0,False
2025-01-29 04:07:00,251.0,404.0,404.0,0.0,153.0,153.0,False
2025-01-29 04:08:00,317.0,251.0,251.0,66.0,0.0,660.0,False
2025-01-29 04:09:00,294.0,317.0,317.0,0.0,23.0,23.0,False
2025-01-29 04:10:00,547.0,294.0,294.0,253.0,0.0,2530.0,False
2025-01-29 04:11:00,232.0,547.0,547.0,0.0,315.0,315.0,False
2025-01-29 04:12:00,278.0,232.0,232.0,46.0,0.0,460.0,False
2025-01-29 04:13:00,260.0,278.0,278.0,0.0,18.0,18.0,False
2025-01-29 04:14:00,242.0,260.0,260.0,0.0,18.0,18.0,False
2025-01-29 04:15:00,417.0,242.0,242.0,175.0,0.0,1750.0,False
2025-01-29 04:16:00,302.0,417.0,417.0,0.0,115.0,115.0,False
2025-01-29 04:17:00,189.0,302.0,302.0,0.0,113.0,113.0,False
2025-01-29 04:18:00,304.0,189.0,189.0,115.0,0.0,1150.0,False
2025-01-29 04:19:00,194.0,304.0,304.0,0.0,110.0,110.0,False
2025-01-29 04:20:00,503.0,194.0,194.0,309.0,0.0,3090.0,False
2025-01-29 04:21:00,374.0,503.0,503.0,0.0,129.0,129.0,False
2025-01-29 04:22:00,253.0,374.0,374.0,0.0,121.0,121.0,False
2025-01-29 04:23:00,271.0,253.0,253.0,18.0,0.0,180.0,False
2025-01-29 04:24:00,268.0,271.0,271.0,0.0,3.0,3.0,False
2025-01-29 04:25:00,285.0,268.0,268.0,17.0,0.0,170.0,False
2025-01-29 04:26:00,258.0,285.0,285.0,0.0,27.0,27.0,False
2025-01-29 04:27:00,259.0,258.0,258.0,1.0,0.0,10.0,False
2025-01-29 04:28:00,273.0,259.0,259.0,14.0,0.0,140.0,False
2025-01-29 04:29:00,188.0,273.0,273.0,0.0,85.0,85.0,False
2025-01-29 04:30:00,674.0,188.0,188.0,486.0,0.0,4860.0,False
2025-01-29 04:31:00,331.0,674.0,674.0,0.0,343.0,343.0,False
2025-01-29 04:32:00,331.0,331.0,331.0,0.0,0.0,0.0,False
2025-01-29 04:33:00,319.0,331.0,331.0,0.0,12.0,12.0,False
2025-01-29 04:34:00,296.0,319.0,319.0,0.0,23.0,23.0,False
2025-01-29 04:35:00,293.0,296.0,296.0,0.0,3.0,3.0,False
2025-01-29 04:36:00,311.0,293.0,293.0,18.0,0.0,180.0,False
2025-01-29 04:37:00,316.0,311.0,311.0,5.0,0.0,50.0,False
2025-01-29 04:38:00,228.0,316.0,316.0,0.0,88.0,88.0,False
2025-01-29 04:39:00,356.0,228.0,228.0,128.0,0.0,1280.0,False
2025-01-29 04:40:00,606.0,356.0,356.0,250.0,0.0,2500.0,False
2025-01-29 04:41:00,278.0,606.0,606.0,0.0,328.0,328.0,False
2025-01-29 04:42:00,290.0,278.0,278.0,12.0,0.0,120.0,False
2025-01-29 04:43:00,314.0,290.0,290.0,24.0,0.0,240.0,False
2025-01-29 04:44:00,306.0,314.0,314.0,0.0,8.0,8.0,False
2025-01-29 04:45:00,479.0,306.0,306.0,173.0,0.0,1730.0,False
2025-01-29 04:46:00,233.0,479.0,479.0,0.0,246.0,246.0,False
2025-01-29 04:47:00,230.0,233.0,233.0,0.0,3.0,3.0,False
2025-01-29 04:48:00,321.0,230.0,230.0,91.0,0.0,910.0,False
2025-01-29 04:49:00,280.0,321.0,321.0,0.0,41.0,41.0,False
2025-01-29 04:50:00,518.0,280.0,280.0,238.0,0.0,2380.0,False
2025-01-29 04:51:00,429.0,518.0,518.0,0.0,89.0,89.0,False
2025-01-29 04:52:00,251.0,429.0,429.0,0.0,178.0,178.0,False
2025-01-29 04:53:00,219.0,251.0,251.0,0.0,32.0,32.0,False
2025-01-29 04:54:00,274.0,219.0,219.0,55.0,0.0,550.0,False
2025-01-29 04:55:00,244.0,274.0,274.0,0.0,30.0,30.0,False
2025-01-29 04:56:00,357.0,244.0,244.0,113.0,0.0,1130.0,False
2025-01-29 04:57:00,272.0,357.0,357.0,0.0,85.0,85.0,False
2025-01-29 04:58:00,305.0,272.0,272.0,33.0,0.0,330.0,False
2025-01-29 04:59:00,327.0,305.0,305.0,22.0,0.0,220.0,False
2025-01-29 05:00:00,774.0,327.0,327.0,447.0,0.0,4470.0,True
2025-01-29 05:01:00,447.0,774.0,774.0,0.0,327.0,327.0,False
2025-01-29 05:02:00,372.0,447.0,447.0,0.0,75.0,75.0,False
2025-01-29 05:03:00,313.0,372.0,372.0,0.0,59.0,59.0,False
2025-01-29 05:04:00,334.0,313.0,313.0,21.0,0.0,210.0,False
2025-01-29 05:05:00,318.0,334.0,334.0,0.0,16.0,16.0,False
2025-01-29 05:06:00,290.0,318.0,318.0,0.0,28.0,28.0,False
2025-01-29 05:07:00,280.0,290.0,290.0,0.0,10.0,10.0,False
2025-01-29 05:08:00,307.0,280.0,280.0,27.0,0.0,270.0,False
2025-01-29 05:09:00,356.0,307.0,307.0,49.0,0.0,490.0,False
2025-01-29 05:10:00,526.0,356.0,356.0,170.0,0.0,1700.0,False
2025-01-29 05:11:00,254.0,526.0,526.0,0.0,272.0,272.0,False
2025-01-29 05:12:00,317.0,254.0,254.0,63.0,0.0,630.0,False
2025-01-29 05:13:00,294.0,317.0,317.0,0.0,23.0,23.0,False
2025-01-29 05:14:00,266.0,294.0,294.0,0.0,28.0,28.0,False
2025-01-29 05:15:00,451.0,266.0,266.0,185.0,0.0,1850.0,False
2025-01-29 05:16:00,302.0,451.0,451.0,0.0,149.0,149.0,False
2025-01-29 05:17:00,186.0,302.0,302.0,0.0,116.0,116.0,False
2025-01-29 05:18:00,222.0,186.0,186.0,36.0,0.0,360.0,False
2025-01-29 05:19:00,234.0,222.0,222.0,12.0,0.0,120.0,False
2025-01-29 05:20:00,532.0,234.0,234.0,298.0,0.0,2980.0,False
2025-01-29 05:21:00,311.0,532.0,532.0,0.0,221.0,221.0,False
2025-01-29 05:22:00,227.0,311.0,311.0,0.0,84.0,84.0,False
2025-01-29 05:23:00,380.0,227.0,227.0,153.0,0.0,1530.0,False
2025-01-29 05:24:00,458.0,380.0,380.0,78.0,0.0,780.0,False
2025-01-29 05:25:00,302.0,458.0,458.0,0.0,156.0,156.0,False
2025-01-29 05:26:00,260.0,302.0,302.0,0.0,42.0,42.0,False
2025-01-29 05:27:00,264.0,260.0,260.0,4.0,0.0,40.0,False
2025-01-29 05:28:00,329.0,264.0,264.0,65.0,0.0,650.0,False
2025-01-29 05:29:00,186.0,329.0,329.0,0.0,143.0,143.0,False
2025-01-29 05:30:00,892.0,186.0,186.0,706.0,0.0,7060.0,True
2025-01-29 05:31:00,289.0,892.0,892.0,0.0,603.0,603.0,False
2025-01-29 05:32:00,292.0,289.0,289.0,3.0,0.0,30.0,False
2025-01-29 05:33:00,326.0,292.0,292.0,34.0,0.0,340.0,False
2025-01-29 05:34:00,319.0,326.0,326.0,0.0,7.0,7.0,False
2025-01-29 05:35:00,344.0,319.0,319.0,25.0,0.0,250.0,False
2025-01-29 05:36:00,289.0,344.0,344.0,0.0,55.0,55.0,False
2025-01-29 05:37:00,242.0,289.0,289.0,0.0,47.0,47.0,False
2025-01-29 05:38:00,282.0,242.0,242.0,40.0,0.0,400.0,False
2025-01-29 05:39:00,287.0,282.0,282.0,5.0,0.0,50.0,False
2025-01-29 05:40:00,493.0,287.0,287.0,206.0,0.0,2060.0,False
2025-01-29 05:41:00,264.0,493.0,493.0,0.0,229.0,229.0,False
2025-01-29 05:42:00,286.0,264.0,264.0,22.0,0.0,220.0,False
2025-01-29 05:43:00,302.0,286.0,286.0,16.0,0.0,160.0,False
2025-01-29 05:44:00,264.0,302.0,302.0,0.0,38.0,38.0,False
2025-01-29 05:45:00,519.0,264.0,264.0,255.0,0.0,2550.0,False
2025-01-29 05:46:00,339.0,519.0,519.0,0.0,180.0,180.0,False
2025-01-29 05:47:00,271.0,339.0,339.0,0.0,68.0,68.0,False
2025-01-29 05:48:00,295.0,271.0,271.0,24.0,0.0,240.0,False
2025-01-29 05:49:00,272.0,295.0,295.0,0.0,23.0,23.0,False
2025-01-29 05:50:00,476.0,272.0,272.0,204.0,0.0,2040.0,False
2025-01-29 05:51:00,283.0,476.0,476.0,0.0,193.0,193.0,False
2025-01-29 05:52:00,250.0,283.0,283.0,0.0,33.0,33.0,False
2025-01-29 05:53:00,260.0,250.0,250.0,10.0,0.0,100.0,False
2025-01-29 05:54:00,313.0,260.0,260.0,53.0,0.0,530.0,False
2025-01-29 05:55:00,273.0,313.0,313.0,0.0,40.0,40.0,False
2025-01-29 05:56:00,407.0,273.0,273.0,134.0,0.0,1340.0,False
2025-01-29 05:57:00,385.0,407.0,407.0,0.0,22.0,22.0,False
2025-01-29 05:58:00,160.0,385.0,385.0,0.0,225.0,225.0,False
2025-01-29 05:59:00,264.0,160.0,160.0,104.0,0.0,1040.0,False
2025-01-29 06:00:00,724.0,264.0,264.0,460.0,0.0,4600.0,False
2025-01-29 06:01:00,386.0,724.0,724.0,0.0,338.0,338.0,False
2025-01-29 06:02:00,295.0,386.0,386.0,0.0,91.0,91.0,False
2025-01-29 06:03:00,376.0,295.0,295.0,81.0,0.0,810.0,False
2025-01-29 06:04:00,348.0,376.0,376.0,0.0,28.0,28.0,False
2025-01-29 06:05:00,320.0,348.0,348.0,0.0,28.0,28.0,False
2025-01-29 06:06:00,459.0,320.0,320.0,139.0,0.0,1390.0,False
2025-01-29 06:07:00,423.0,459.0,459.0,0.0,36.0,36.0,False
2025-01-29 06:08:00,288.0,423.0,423.0,0.0,135.0,135.0,False
2025-01-29 06:09:00,364.0,288.0,288.0,76.0,0.0,760.0,False
2025-01-29 06:10:00,598.0,364.0,364.0,234.0,0.0,2340.0,False
2025-01-29 06:11:00,261.0,598.0,598.0,0.0,337.0,337.0,False
2025-01-29 06:12:00,279.0,261.0,261.0,18.0,0.0,180.0,False
2025-01-29 06:13:00,287.0,279.0,279.0,8.0,0.0,80.0,False
2025-01-29 06:14:00,340.0,287.0,287.0,53.0,0.0,530.0,False
2025-01-29 06:15:00,503.0,340.0,340.0,163.0,0.0,1630.0,False
2025-01-29 06:16:00,494.0,503.0,503.0,0.0,9.0,9.0,False
2025-01-29 06:17:00,312.0,494.0,494.0,0.0,182.0,182.0,False
2025-01-29 06:18:00,361.0,312.0,312.0,49.0,0.0,490.0,False
2025-01-29 06:19:00,312.0,361.0,361.0,0.0,49.0,49.0,False
2025-01-29 06:20:00,643.0,312.0,312.0,331.0,0.0,3310.0,False
2025-01-29 06:21:00,316.0,643.0,643.0,0.0,327.0,327.0,False
2025-01-29 06:22:00,258.0,316.0,316.0,0.0,58.0,58.0,False
2025-01-29 06:23:00,248.0,258.0,258.0,0.0,10.0,10.0,False
2025-01-29 06:24:00,321.0,248.0,248.0,73.0,0.0,730.0,False
2025-01-29 06:25:00,362.0,321.0,321.0,41.0,0.0,410.0,False
2025-01-29 06:26:00,513.0,362.0,362.0,151.0,0.0,1510.0,False
2025-01-29 06:27:00,314.0,513.0,513.0,0.0,199.0,199.0,False
2025-01-29 06:28:00,430.0,314.0,314.0,116.0,0.0,1160.0,False
2025-01-29 06:29:00,321.0,430.0,430.0,0.0,109.0,109.0,False
2025-01-29 06:30:00,760.0,321.0,321.0,439.0,0.0,4390.0,True
2025-01-29 06:31:00,309.0,760.0,760.0,0.0,451.0,451.0,False
2025-01-29 06:32:00,279.0,309.0,309.0,0.0,30.0,30.0,False
2025-01-29 06:33:00,325.0,279.0,279.0,46.0,0.0,460.0,False
2025-01-29 06:34:00,280.0,325.0,325.0,0.0,45.0,45.0,False
2025-01-29 06:35:00,340.0,280.0,280.0,60.0,0.0,600.0,False
2025-01-29 06:36:00,394.0,340.0,340.0,54.0,0.0,540.0,False
2025-01-29 06:37:00,296.0,394.0,394.0,0.0,98.0,98.0,False
2025-01-29 06:38:00,257.0,296.0,296.0,0.0,39.0,39.0,False
2025-01-29 06:39:00,288.0,257.0,257.0,31.0,0.0,310.0,False
2025-01-29 06:40:00,562.0,288.0,288.0,274.0,0.0,2740.0,False
2025-01-29 06:41:00,307.0,562.0,562.0,0.0,255.0,255.0,False
2025-01-29 06:42:00,238.0,307.0,307.0,0.0,69.0,69.0,False
2025-01-29 06:43:00,334.0,238.0,238.0,96.0,0.0,960.0,False
2025-01-29 06:44:00,285.0,334.0,334.0,0.0,49.0,49.0,False
2025-01-29 06:45:00,392.0,285.0,285.0,107.0,0.0,1070.0,False
2025-01-29 06:46:00,331.0,392.0,392.0,0.0,61.0,61.0,False
2025-01-29 06:47:00,209.0,331.0,331.0,0.0,122.0,122.0,False
2025-01-29 06:48:00,392.0,209.0,209.0,183.0,0.0,1830.0,False
2025-01-29 06:49:00,266.0,392.0,392.0,0.0,126.0,126.0,False
2025-01-29 06:50:00,538.0,266.0,266.0,272.0,0.0,2720.0,False
2025-01-29 06:51:00,292.0,538.0,538.0,0.0,246.0,246.0,False
2025-01-29 06:52:00,250.0,292.0,292.0,0.0,42.0,42.0,False
2025-01-29 06:53:00,241.0,250.0,250.0,0.0,9.0,9.0,False
2025-01-29 06:54:00,237.0,241.0,241.0,0.0,4.0,4.0,False
2025-01-29 06:55:00,281.0,237.0,237.0,44.0,0.0,440.0,False
2025-01-29 06:56:00,282.0,281.0,281.0,1.0,0.0,10.0,False
2025-01-29 06:57:00,313.0,282.0,282.0,31.0,0.0,310.0,False
2025-01-29 06:58:00,281.0,313.0,313.0,0.0,32.0,32.0,False
2025-01-29 06:59:00,307.0,281.0,281.0,26.0,0.0,260.0,False
2025-01-29 07:00:00,857.0,307.0,307.0,550.0,0.0,5500.0,True
2025-01-29 07:01:00,345.0,857.0,857.0,0.0,512.0,512.0,False
2025-01-29 07:02:00,273.0,345.0,345.0,0.0,72.0,72.0,False
2025-01-29 07:03:00,320.0,273.0,273.0,47.0,0.0,470.0,False
2025-01-29 07:04:00,321.0,320.0,320.0,1.0,0.0,10.0,False
2025-01-29 07:05:00,375.0,321.0,321.0,54.0,0.0,540.0,False
2025-01-29 07:06:00,492.0,375.0,375.0,117.0,0.0,1170.0,False
2025-01-29 07:07:00,428.0,492.0,492.0,0.0,64.0,64.0,False
2025-01-29 07:08:00,358.0,428.0,428.0,0.0,70.0,70.0,False
2025-01-29 07:09:00,415.0,358.0,358.0,57.0,0.0,570.0,False
2025-01-29 07:10:00,511.0,415.0,415.0,96.0,0.0,960.0,False
2025-01-29 07:11:00,344.0,511.0,511.0,0.0,167.0,167.0,False
2025-01-29 07:12:00,305.0,344.0,344.0,0.0,39.0,39.0,False
2025-01-29 07:13:00,308.0,305.0,305.0,3.0,0.0,30.0,False
2025-01-29 07:14:00,389.0,308.0,308.0,81.0,0.0,810.0,False
2025-01-29 07:15:00,658.0,389.0,389.0,269.0,0.0,2690.0,False
2025-01-29 07:16:00,300.0,658.0,658.0,0.0,358.0,358.0,False
2025-01-29 07:17:00,259.0,300.0,300.0,0.0,41.0,41.0,False
2025-01-29 07:18:00,271.0,259.0,259.0,12.0,0.0,120.0,False
2025-01-29 07:19:00,303.0,271.0,271.0,32.0,0.0,320.0,False
2025-01-29 07:20:00,570.0,303.0,303.0,267.0,0.0,2670.0,False
2025-01-29 07:21:00,402.0,570.0,570.0,0.0,168.0,168.0,False
2025-01-29 07:22:00,262.0,402.0,402.0,0.0,140.0,140.0,False
2025-01-29 07:23:00,299.0,262.0,262.0,37.0,0.0,370.0,False
2025-01-29 07:24:00,345.0,299.0,299.0,46.0,0.0,460.0,False
2025-01-29 07:25:00,253.0,345.0,345.0,0.0,92.0,92.0,False
2025-01-29 07:26:00,355.0,253.0,253.0,102.0,0.0,1020.0,False
2025-01-29 07:27:00,465.0,355.0,355.0,110.0,0.0,1100.0,False
2025-01-29 07:28:00,457.0,465.0,465.0,0.0,8.0,8.0,False
2025-01-29 07:29:00,258.0,457.0,457.0,0.0,199.0,199.0,False
2025-01-29 07:30:00,1025.0,258.0,258.0,767.0,0.0,7670.0,True
2025-01-29 07:31:00,389.0,1025.0,1025.0,0.0,636.0,636.0,False
2025-01-29 07:32:00,391.0,389.0,389.0,2.0,0.0,20.0,False
2025-01-29 07:33:00,396.0,391.0,391.0,5.0,0.0,50.0,False
2025-01-29 07:34:00,436.0,396.0,396.0,40.0,0.0,400.0,False
2025-01-29 07:35:00,352.0,436.0,436.0,0.0,84.0,84.0,False
2025-01-29 07:36:00,375.0,352.0,352.0,23.0,0.0,230.0,False
2025-01-29 07:37:00,327.0,375.0,375.0,0.0,48.0,48.0,False
2025-01-29 07:38:00,265.0,327.0,327.0,0.0,62.0,62.0,False
2025-01-29 07:39:00,270.0,265.0,265.0,5.0,0.0,50.0,False
2025-01-29 07:40:00,677.0,270.0,270.0,407.0,0.0,4070.0,False
2025-01-29 07:41:00,338.0,677.0,677.0,0.0,339.0,339.0,False
2025-01-29 07:42:00,332.0,338.0,338.0,0.0,6.0,6.0,False
2025-01-29 07:43:00,334.0,332.0,332.0,2.0,0.0,20.0,False
2025-01-29 07:44:00,260.0,334.0,334.0,0.0,74.0,74.0,False
2025-01-29 07:45:00,399.0,260.0,260.0,139.0,0.0,1390.0,False
2025-01-29 07:46:00,331.0,399.0,399.0,0.0,68.0,68.0,False
2025-01-29 07:47:00,323.0,331.0,331.0,0.0,8.0,8.0,False
2025-01-29 07:48:00,355.0,323.0,323.0,32.0,0.0,320.0,False
2025-01-29 07:49:00,223.0,355.0,355.0,0.0,132.0,132.0,False
2025-01-29 07:50:00,475.0,223.0,223.0,252.0,0.0,2520.0,False
2025-01-29 07:51:00,329.0,475.0,475.0,0.0,146.0,146.0,False
2025-01-29 07:52:00,285.0,329.0,329.0,0.0,44.0,44.0,False
2025-01-29 07:53:00,399.0,285.0,285.0,114.0,0.0,1140.0,False
2025-01-29 07:54:00,455.0,399.0,399.0,56.0,0.0,560.0,False
2025-01-29 07:55:00,348.0,455.0,455.0,0.0,107.0,107.0,False
2025-01-29 07:56:00,361.0,348.0,348.0,13.0,0.0,130.0,False
2025-01-29 07:57:00,340.0,361.0,361.0,0.0,21.0,21.0,False
2025-01-29 07:58:00,237.0,340.0,340.0,0.0,103.0,103.0,False
2025-01-29 07:59:00,267.0,237.0,237.0,30.0,0.0,300.0,False
2025-01-29 08:00:00,797.0,267.0,267.0,530.0,0.0,5300.0,True
2025-01-29 08:01:00,393.0,797.0,797.0,0.0,404.0,404.0,False
2025-01-29 08:02:00,291.0,393.0,393.0,0.0,102.0,102.0,False
2025-01-29 08:03:00,408.0,291.0,291.0,117.0,0.0,1170.0,False
2025-01-29 08:04:00,390.0,408.0,408.0,0.0,18.0,18.0,False
2025-01-29 08:05:00,334.0,390.0,390.0,0.0,56.0,56.0,False
2025-01-29 08:06:00,400.0,334.0,334.0,66.0,0.0,660.0,False
2025-01-29 08:07:00,312.0,400.0,400.0,0.0,88.0,88.0,False
2025-01-29 08:08:00,341.0,312.0,312.0,29.0,0.0,290.0,False
2025-01-29 08:09:00,321.0,341.0,341.0,0.0,20.0,20.0,False
2025-01-29 08:10:00,607.0,321.0,321.0,286.0,0.0,2860.0,False
2025-01-29 08:11:00,388.0,607.0,607.0,0.0,219.0,219.0,False
2025-01-29 08:12:00,324.0,388.0,388.0,0.0,64.0,64.0,False
2025-01-29 08:13:00,282.0,324.0,324.0,0.0,42.0,42.0,False
2025-01-29 08:14:00,319.0,282.0,282.0,37.0,0.0,370.0,False
2025-01-29 08:15:00,510.0,319.0,319.0,191.0,0.0,1910.0,False
2025-01-29 08:16:00,295.0,510.0,510.0,0.0,215.0,215.0,False
2025-01-29 08:17:00,197.0,295.0,295.0,0.0,98.0,98.0,False
2025-01-29 08:18:00,337.0,197.0,197.0,140.0,0.0,1400.0,False
2025-01-29 08:19:00,238.0,337.0,337.0,0.0,99.0,99.0,False
2025-01-29 08:20:00,514.0,238.0,238.0,276.0,0.0,2760.0,False
2025-01-29 08:21:00,265.0,514.0,514.0,0.0,249.0,249.0,False
2025-01-29 08:22:00,320.0,265.0,265.0,55.0,0.0,550.0,False
2025-01-29 08:23:00,379.0,320.0,320.0,59.0,0.0,590.0,False
2025-01-29 08:24:00,320.0,379.0,379.0,0.0,59.0,59.0,False
2025-01-29 08:25:00,499.0,320.0,320.0,179.0,0.0,1790.0,False
2025-01-29 08:26:00,401.0,499.0,499.0,0.0,98.0,98.0,False
2025-01-29 08:27:00,270.0,401.0,401.0,0.0,131.0,131.0,False
2025-01-29 08:28:00,454.0,270.0,270.0,184.0,0.0,1840.0,False
2025-01-29 08:29:00,389.0,454.0,454.0,0.0,65.0,65.0,False
2025-01-29 08:30:00,699.0,389.0,389.0,310.0,0.0,3100.0,False
2025-01-29 08:31:00,414.0,699.0,699.0,0.0,285.0,285.0,False
2025-01-29 08:32:00,323.0,414.0,414.0,0.0,91.0,91.0,False
2025-01-29 08:33:00,409.0,323.0,323.0,86.0,0.0,860.0,False
2025-01-29 08:34:00,328.0,409.0,409.0,0.0,81.0,81.0,False
2025-01-29 08:35:00,278.0,328.0,328.0,0.0,50.0,50.0,False
2025-01-29 08:36:00,307.0,278.0,278.0,29.0,0.0,290.0,False
2025-01-29 08:37:00,370.0,307.0,307.0,63.0,0.0,630.0,False
2025-01-29 08:38:00,300.0,370.0,370.0,0.0,70.0,70.0,False
2025-01-29 08:39:00,421.0,300.0,300.0,121.0,0.0,1210.0,False
2025-01-29 08:40:00,558.0,421.0,421.0,137.0,0.0,1370.0,False
2025-01-29 08:41:00,349.0,558.0,558.0,0.0,209.0,209.0,False
2025-01-29 08:42:00,368.0,349.0,349.0,19.0,0.0,190.0,False
2025-01-29 08:43:00,391.0,368.0,368.0,23.0,0.0,230.0,False
2025-01-29 08:44:00,304.0,391.0,391.0,0.0,87.0,87.0,False
2025-01-29 08:45:00,525.0,304.0,304.0,221.0,0.0,2210.0,False
2025-01-29 08:46:00,361.0,525.0,525.0,0.0,164.0,164.0,False
2025-01-29 08:47:00,266.0,361.0,361.0,0.0,95.0,95.0,False
2025-01-29 08:48:00,290.0,266.0,266.0,24.0,0.0,240.0,False
2025-01-29 08:49:00,314.0,290.0,290.0,24.0,0.0,240.0,False
2025-01-29 08:50:00,509.0,314.0,314.0,195.0,0.0,1950.0,False
2025-01-29 08:51:00,269.0,509.0,509.0,0.0,240.0,240.0,False
2025-01-29 08:52:00,304.0,269.0,269.0,35.0,0.0,350.0,False
2025-01-29 08:53:00,276.0,304.0,304.0,0.0,28.0,28.0,False
2025-01-29 08:54:00,307.0,276.0,276.0,31.0,0.0,310.0,False
2025-01-29 08:55:00,361.0,307.0,307.0,54.0,0.0,540.0,False
2025-01-29 08:56:00,300.0,361.0,361.0,0.0,61.0,61.0,False
2025-01-29 08:57:00,288.0,300.0,300.0,0.0,12.0,12.0,False
2025-01-29 08:58:00,334.0,288.0,288.0,46.0,0.0,460.0,False
2025-01-29 08:59:00,321.0,334.0,334.0,0.0,13.0,13.0,False
2025-01-29 09:00:00,824.0,321.0,321.0,503.0,0.0,5030.0,True
2025-01-29 09:01:00,412.0,824.0,824.0,0.0,412.0,412.0,False
2025-01-29 09:02:00,372.0,412.0,412.0,0.0,40.0,40.0,False
2025-01-29 09:03:00,492.0,372.0,372.0,120.0,0.0,1200.0,False
2025-01-29 09:04:00,495.0,492.0,492.0,3.0,0.0,30.0,False
2025-01-29 09:05:00,559.0,495.0,495.0,64.0,0.0,640.0,False
2025-01-29 09:06:00,565.0,559.0,559.0,6.0,0.0,60.0,False
2025-01-29 09:07:00,536.0,565.0,565.0,0.0,29.0,29.0,False
2025-01-29 09:08:00,303.0,536.0,536.0,0.0,233.0,233.0,False
2025-01-29 09:09:00,332.0,303.0,303.0,29.0,0.0,290.0,False
2025-01-29 09:10:00,596.0,332.0,332.0,264.0,0.0,2640.0,False
2025-01-29 09:11:00,302.0,596.0,596.0,0.0,294.0,294.0,False
2025-01-29 09:12:00,273.0,302.0,302.0,0.0,29.0,29.0,False
2025-01-29 09:13:00,380.0,273.0,273.0,107.0,0.0,1070.0,False
2025-01-29 09:14:00,424.0,380.0,380.0,44.0,0.0,440.0,False
2025-01-29 09:15:00,524.0,424.0,424.0,100.0,0.0,1000.0,False
2025-01-29 09:16:00,365.0,524.0,524.0,0.0,159.0,159.0,False
2025-01-29 09:17:00,241.0,365.0,365.0,0.0,124.0,124.0,False
2025-01-29 09:18:00,313.0,241.0,241.0,72.0,0.0,720.0,False
2025-01-29 09:19:00,324.0,313.0,313.0,11.0,0.0,110.0,False
2025-01-29 09:20:00,521.0,324.0,324.0,197.0,0.0,1970.0,False
2025-01-29 09:21:00,505.0,521.0,521.0,0.0,16.0,16.0,False
2025-01-29 09:22:00,401.0,505.0,505.0,0.0,104.0,104.0,False
2025-01-29 09:23:00,310.0,401.0,401.0,0.0,91.0,91.0,False
2025-01-29 09:24:00,295.0,310.0,310.0,0.0,15.0,15.0,False
2025-01-29 09:25:00,332.0,295.0,295.0,37.0,0.0,370.0,False
2025-01-29 09:26:00,259.0,332.0,332.0,0.0,73.0,73.0,False
2025-01-29 09:27:00,314.0,259.0,259.0,55.0,0.0,550.0,False
2025-01-29 09:28:00,265.0,314.0,314.0,0.0,49.0,49.0,False
2025-01-29 09:29:00,364.0,265.0,265.0,99.0,0.0,990.0,False
2025-01-29 09:30:00,735.0,364.0,364.0,371.0,0.0,3710.0,True
2025-01-29 09:31:00,320.0,735.0,735.0,0.0,415.0,415.0,False
2025-01-29 09:32:00,347.0,320.0,320.0,27.0,0.0,270.0,False
2025-01-29 09:33:00,452.0,347.0,347.0,105.0,0.0,1050.0,False
2025-01-29 09:34:00,351.0,452.0,452.0,0.0,101.0,101.0,False
2025-01-29 09:35:00,409.0,351.0,351.0,58.0,0.0,580.0,False
2025-01-29 09:36:00,346.0,409.0,409.0,0.0,63.0,63.0,False
2025-01-29 09:37:00,444.0,346.0,346.0,98.0,0.0,980.0,False
2025-01-29 09:38:00,306.0,444.0,444.0,0.0,138.0,138.0,False
2025-01-29 09:39:00,348.0,306.0,306.0,42.0,0.0,420.0,False
2025-01-29 09:40:00,641.0,348.0,348.0,293.0,0.0,2930.0,False
2025-01-29 09:41:00,349.0,641.0,641.0,0.0,292.0,292.0,False
2025-01-29 09:42:00,391.0,349.0,349.0,42.0,0.0,420.0,False
2025-01-29 09:43:00,283.0,391.0,391.0,0.0,108.0,108.0,False
2025-01-29 09:44:00,353.0,283.0,283.0,70.0,0.0,700.0,False
2025-01-29 09:45:00,487.0,353.0,353.0,134.0,0.0,1340.0,False
2025-01-29 09:46:00,442.0,487.0,487.0,0.0,45.0,45.0,False
2025-01-29 09:47:00,317.0,442.0,442.0,0.0,125.0,125.0,False
2025-01-29 09:48:00,313.0,317.0,317.0,0.0,4.0,4.0,False
2025-01-29 09:49:00,249.0,313.0,313.0,0.0,64.0,64.0,False
2025-01-29 09:50:00,621.0,249.0,249.0,372.0,0.0,3720.0,False
2025-01-29 09:51:00,267.0,621.0,621.0,0.0,354.0,354.0,False
2025-01-29 09:52:00,359.0,267.0,267.0,92.0,0.0,920.0,False
2025-01-29 09:53:00,215.0,359.0,359.0,0.0,144.0,144.0,False
2025-01-29 09:54:00,242.0,215.0,215.0,27.0,0.0,270.0,False
2025-01-29 09:55:00,329.0,242.0,242.0,87.0,0.0,870.0,False
2025-01-29 09:56:00,277.0,329.0,329.0,0.0,52.0,52.0,False
2025-01-29 09:57:00,322.0,277.0,277.0,45.0,0.0,450.0,False
2025-01-29 09:58:00,301.0,322.0,322.0,0.0,21.0,21.0,False
2025-01-29 09:59:00,306.0,301.0,301.0,5.0,0.0,50.0,False
2025-01-29 10:00:00,945.0,306.0,306.0,639.0,0.0,6390.0,True
2025-01-29 10:01:00,336.0,945.0,945.0,0.0,609.0,609.0,False
2025-01-29 10:02:00,281.0,336.0,336.0,0.0,55.0,55.0,False
2025-01-29 10:03:00,327.0,281.0,281.0,46.0,0.0,460.0,False
2025-01-29 10:04:00,302.0,327.0,327.0,0.0,25.0,25.0,False
2025-01-29 10:05:00,289.0,302.0,302.0,0.0,13.0,13.0,False
2025-01-29 10:06:00,399.0,289.0,289.0,110.0,0.0,1100.0,False
2025-01-29 10:07:00,334.0,399.0,399.0,0.0,65.0,65.0,False
2025-01-29 10:08:00,313.0,334.0,334.0,0.0,21.0,21.0,False
2025-01-29 10:09:00,374.0,313.0,313.0,61.0,0.0,610.0,False
2025-01-29 10:10:00,559.0,374.0,374.0,185.0,0.0,1850.0,False
2025-01-29 10:11:00,330.0,559.0,559.0,0.0,229.0,229.0,False
2025-01-29 10:12:00,291.0,330.0,330.0,0.0,39.0,39.0,False
2025-01-29 10:13:00,373.0,291.0,291.0,82.0,0.0,820.0,False
2025-01-29 10:14:00,161.0,373.0,373.0,0.0,212.0,212.0,False
2025-01-29 10:15:00,397.0,161.0,161.0,236.0,0.0,2360.0,False
2025-01-29 10:16:00,288.0,397.0,397.0,0.0,109.0,109.0,False
2025-01-29 10:17:00,214.0,288.0,288.0,0.0,74.0,74.0,False
2025-01-29 10:18:00,280.0,214.0,214.0,66.0,0.0,660.0,False
2025-01-29 10:19:00,259.0,280.0,280.0,0.0,21.0,21.0,False
2025-01-29 10:20:00,569.0,259.0,259.0,310.0,0.0,3100.0,False
2025-01-29 10:21:00,231.0,569.0,569.0,0.0,338.0,338.0,False
2025-01-29 10:22:00,313.0,231.0,231.0,82.0,0.0,820.0,False
2025-01-29 10:23:00,266.0,313.0,313.0,0.0,47.0,47.0,False
2025-01-29 10:24:00,339.0,266.0,266.0,73.0,0.0,730.0,False
2025-01-29 10:25:00,292.0,339.0,339.0,0.0,47.0,47.0,False
2025-01-29 10:26:00,215.0,292.0,292.0,0.0,77.0,77.0,False
2025-01-29 10:27:00,283.0,215.0,215.0,68.0,0.0,680.0,False
2025-01-29 10:28:00,270.0,283.0,283.0,0.0,13.0,13.0,False
2025-01-29 10:29:00,323.0,270.0,270.0,53.0,0.0,530.0,False
2025-01-29 10:30:00,623.0,323.0,323.0,300.0,0.0,3000.0,False
2025-01-29 10:31:00,306.0,623.0,623.0,0.0,317.0,317.0,False
2025-01-29 10:32:00,316.0,306.0,306.0,10.0,0.0,100.0,False
2025-01-29 10:33:00,272.0,316.0,316.0,0.0,44.0,44.0,False
2025-01-29 10:34:00,324.0,272.0,272.0,52.0,0.0,520.0,False
2025-01-29 10:35:00,291.0,324.0,324.0,0.0,33.0,33.0,False
2025-01-29 10:36:00,279.0,291.0,291.0,0.0,12.0,12.0,False
2025-01-29 10:37:00,282.0,279.0,279.0,3.0,0.0,30.0,False
2025-01-29 10:38:00,258.0,282.0,282.0,0.0,24.0,24.0,False
2025-01-29 10:39:00,332.0,258.0,258.0,74.0,0.0,740.0,False
2025-01-29 10:40:00,590.0,332.0,332.0,258.0,0.0,2580.0,False
2025-01-29 10:41:00,261.0,590.0,590.0,0.0,329.0,329.0,False
2025-01-29 10:42:00,303.0,261.0,261.0,42.0,0.0,420.0,False
2025-01-29 10:43:00,270.0,303.0,303.0,0.0,33.0,33.0,False
2025-01-29 10:44:00,248.0,270.0,270.0,0.0,22.0,22.0,False
2025-01-29 10:45:00,459.0,248.0,248.0,211.0,0.0,2110.0,False
2025-01-29 10:46:00,252.0,459.0,459.0,0.0,207.0,207.0,False
2025-01-29 10:47:00,240.0,252.0,252.0,0.0,12.0,12.0,False
2025-01-29 10:48:00,213.0,240.0,240.0,0.0,27.0,27.0,False
2025-01-29 10:49:00,286.0,213.0,213.0,73.0,0.0,730.0,False
2025-01-29 10:50:00,501.0,286.0,286.0,215.0,0.0,2150.0,False
2025-01-29 10:51:00,307.0,501.0,501.0,0.0,194.0,194.0,False
2025-01-29 10:52:00,311.0,307.0,307.0,4.0,0.0,40.0,False
2025-01-29 10:53:00,360.0,311.0,311.0,49.0,0.0,490.0,False
2025-01-29 10:54:00,277.0,360.0,360.0,0.0,83.0,83.0,False
2025-01-29 10:55:00,295.0,277.0,277.0,18.0,0.0,180.0,False
2025-01-29 10:56:00,330.0,295.0,295.0,35.0,0.0,350.0,False
2025-01-29 10:57:00,274.0,330.0,330.0,0.0,56.0,56.0,False
2025-01-29 10:58:00,180.0,274.0,274.0,0.0,94.0,94.0,False
2025-01-29 10:59:00,302.0,180.0,180.0,122.0,0.0,1220.0,False
2025-01-29 11:00:00,740.0,302.0,302.0,438.0,0.0,4380.0,True
2025-01-29 11:01:00,323.0,740.0,740.0,0.0,417.0,417.0,False
2025-01-29 11:02:00,248.0,323.0,323.0,0.0,75.0,75.0,False
2025-01-29 11:03:00,335.0,248.0,248.0,87.0,0.0,870.0,False
2025-01-29 11:04:00,390.0,335.0,335.0,55.0,0.0,550.0,False
2025-01-29 11:05:00,322.0,390.0,390.0,0.0,68.0,68.0,False
2025-01-29 11:06:00,358.0,322.0,322.0,36.0,0.0,360.0,False
2025-01-29 11:07:00,324.0,358.0,358.0,0.0,34.0,34.0,False
2025-01-29 11:08:00,254.0,324.0,324.0,0.0,70.0,70.0,False
2025-01-29 11:09:00,276.0,254.0,254.0,22.0,0.0,220.0,False
2025-01-29 11:10:00,518.0,276.0,276.0,242.0,0.0,2420.0,False
2025-01-29 11:11:00,249.0,518.0,518.0,0.0,269.0,269.0,False
2025-01-29 11:12:00,254.0,249.0,249.0,5.0,0.0,50.0,False
2025-01-29 11:13:00,240.0,254.0,254.0,0.0,14.0,14.0,False
2025-01-29 11:14:00,195.0,240.0,240.0,0.0,45.0,45.0,False
2025-01-29 11:15:00,429.0,195.0,195.0,234.0,0.0,2340.0,False
2025-01-29 11:16:00,305.0,429.0,429.0,0.0,124.0,124.0,False
2025-01-29 11:17:00,176.0,305.0,305.0,0.0,129.0,129.0,False
2025-01-29 11:18:00,262.0,176.0,176.0,86.0,0.0,860.0,False
2025-01-29 11:19:00,215.0,262.0,262.0,0.0,47.0,47.0,False
2025-01-29 11:20:00,506.0,215.0,215.0,291.0,0.0,2910.0,False
2025-01-29 11:21:00,237.0,506.0,506.0,0.0,269.0,269.0,False
2025-01-29 11:22:00,239.0,237.0,237.0,2.0,0.0,20.0,False
2025-01-29 11:23:00,272.0,239.0,239.0,33.0,0.0,330.0,False
2025-01-29 11:24:00,312.0,272.0,272.0,40.0,0.0,400.0,False
2025-01-29 11:25:00,273.0,312.0,312.0,0.0,39.0,39.0,False
2025-01-29 11:26:00,245.0,273.0,273.0,0.0,28.0,28.0,False
2025-01-29 11:27:00,229.0,245.0,245.0,0.0,16.0,16.0,False
2025-01-29 11:28:00,203.0,229.0,229.0,0.0,26.0,26.0,False
2025-01-29 11:29:00,263.0,203.0,203.0,60.0,0.0,600.0,False
2025-01-29 11:30:00,694.0,263.0,263.0,431.0,0.0,4310.0,False
2025-01-29 11:31:00,304.0,694.0,694.0,0.0,390.0,390.0,False
2025-01-29 11:32:00,282.0,304.0,304.0,0.0,22.0,22.0,False
2025-01-29 11:33:00,306.0,282.0,282.0,24.0,0.0,240.0,False
2025-01-29 11:34:00,465.0,306.0,306.0,159.0,0.0,1590.0,False
2025-01-29 11:35:00,450.0,465.0,465.0,0.0,15.0,15.0,False
2025-01-29 11:36:00,291.0,450.0,450.0,0.0,159.0,159.0,False
2025-01-29 11:37:00,248.0,291.0,291.0,0.0,43.0,43.0,False
2025-01-29 11:38:00,203.0,248.0,248.0,0.0,45.0,45.0,False
2025-01-29 11:39:00,293.0,203.0,203.0,90.0,0.0,900.0,False
2025-01-29 11:40:00,526.0,293.0,293.0,233.0,0.0,2330.0,False
2025-01-29 11:41:00,239.0,526.0,526.0,0.0,287.0,287.0,False
2025-01-29 11:42:00,284.0,239.0,239.0,45.0,0.0,450.0,False
2025-01-29 11:43:00,264.0,284.0,284.0,0.0,20.0,20.0,False
2025-01-29 11:44:00,236.0,264.0,264.0,0.0,28.0,28.0,False
2025-01-29 11:45:00,380.0,236.0,236.0,144.0,0.0,1440.0,False
2025-01-29 11:46:00,271.0,380.0,380.0,0.0,109.0,109.0,False
2025-01-29 11:47:00,216.0,271.0,271.0,0.0,55.0,55.0,False
2025-01-29 11:48:00,262.0,216.0,216.0,46.0,0.0,460.0,False
2025-01-29 11:49:00,206.0,262.0,262.0,0.0,56.0,56.0,False
2025-01-29 11:50:00,473.0,206.0,206.0,267.0,0.0,2670.0,False
2025-01-29 11:51:00,238.0,473.0,473.0,0.0,235.0,235.0,False
2025-01-29 11:52:00,225.0,238.0,238.0,0.0,13.0,13.0,False
2025-01-29 11:53:00,258.0,225.0,225.0,33.0,0.0,330.0,False
2025-01-29 11:54:00,268.0,258.0,258.0,10.0,0.0,100.0,False
2025-01-29 11:55:00,350.0,268.0,268.0,82.0,0.0,820.0,False
2025-01-29 11:56:00,263.0,350.0,350.0,0.0,87.0,87.0,False
2025-01-29 11:57:00,209.0,263.0,263.0,0.0,54.0,54.0,False
2025-01-29 11:58:00,221.0,209.0,209.0,12.0,0.0,120.0,False
2025-01-29 11:59:00,204.0,221.0,221.0,0.0,17.0,17.0,False
2025-01-29 12:00:00,763.0,204.0,204.0,559.0,0.0,5590.0,True
2025-01-29 12:01:00,255.0,763.0,763.0,0.0,508.0,508.0,False
2025-01-29 12:02:00,279.0,255.0,255.0,24.0,0.0,240.0,False
2025-01-29 12:03:00,427.0,279.0,279.0,148.0,0.0,1480.0,False
2025-01-29 12:04:00,294.0,427.0,427.0,0.0,133.0,133.0,False
2025-01-29 12:05:00,242.0,294.0,294.0,0.0,52.0,52.0,False
2025-01-29 12:06:00,311.0,242.0,242.0,69.0,0.0,690.0,False
2025-01-29 12:07:00,275.0,311.0,311.0,0.0,36.0,36.0,False
2025-01-29 12:08:00,251.0,275.0,275.0,0.0,24.0,24.0,False
2025-01-29 12:09:00,214.0,251.0,251.0,0.0,37.0,37.0,False
2025-01-29 12:10:00,476.0,214.0,214.0,262.0,0.0,2620.0,False
2025-01-29 12:11:00,272.0,476.0,476.0,0.0,204.0,204.0,False
2025-01-29 12:12:00,344.0,272.0,272.0,72.0,0.0,720.0,False
2025-01-29 12:13:00,226.0,344.0,344.0,0.0,118.0,118.0,False
2025-01-29 12:14:00,205.0,226.0,226.0,0.0,21.0,21.0,False
2025-01-29 12:15:00,334.0,205.0,205.0,129.0,0.0,1290.0,False
2025-01-29 12:16:00,256.0,334.0,334.0,0.0,78.0,78.0,False
2025-01-29 12:17:00,173.0,256.0,256.0,0.0,83.0,83.0,False
2025-01-29 12:18:00,300.0,173.0,173.0,127.0,0.0,1270.0,False
2025-01-29 12:19:00,174.0,300.0,300.0,0.0,126.0,126.0,False
2025-01-29 12:20:00,511.0,174.0,174.0,337.0,0.0,3370.0,False
2025-01-29 12:21:00,264.0,511.0,511.0,0.0,247.0,247.0,False
2025-01-29 12:22:00,205.0,264.0,264.0,0.0,59.0,59.0,False
2025-01-29 12:23:00,234.0,205.0,205.0,29.0,0.0,290.0,False
2025-01-29 12:24:00,240.0,234.0,234.0,6.0,0.0,60.0,False
2025-01-29 12:25:00,282.0,240.0,240.0,42.0,0.0,420.0,False
2025-01-29 12:26:00,233.0,282.0,282.0,0.0,49.0,49.0,False
2025-01-29 12:27:00,215.0,233.0,233.0,0.0,18.0,18.0,False
2025-01-29 12:28:00,233.0,215.0,215.0,18.0,0.0,180.0,False
2025-01-29 12:29:00,192.0,233.0,233.0,0.0,41.0,41.0,False
2025-01-29 12:30:00,683.0,192.0,192.0,491.0,0.0,4910.0,False
2025-01-29 12:31:00,270.0,683.0,683.0,0.0,413.0,413.0,False
2025-01-29 12:32:00,261.0,270.0,270.0,0.0,9.0,9.0,False
2025-01-29 12:33:00,293.0,261.0,261.0,32.0,0.0,320.0,False
2025-01-29 12:34:00,247.0,293.0,293.0,0.0,46.0,46.0,False
2025-01-29 12:35:00,244.0,247.0,247.0,0.0,3.0,3.0,False
2025-01-29 12:36:00,279.0,244.0,244.0,35.0,0.0,350.0,False
2025-01-29 12:37:00,241.0,279.0,279.0,0.0,38.0,38.0,False
2025-01-29 12:38:00,200.0,241.0,241.0,0.0,41.0,41.0,False
2025-01-29 12:39:00,272.0,200.0,200.0,72.0,0.0,720.0,False
2025-01-29 12:40:00,517.0,272.0,272.0,245.0,0.0,2450.0,False
2025-01-29 12:41:00,264.0,517.0,517.0,0.0,253.0,253.0,False
2025-01-29 12:42:00,195.0,264.0,264.0,0.0,69.0,69.0,False
2025-01-29 12:43:00,281.0,195.0,195.0,86.0,0.0,860.0,False
2025-01-29 12:44:00,332.0,281.0,281.0,51.0,0.0,510.0,False
2025-01-29 12:45:00,335.0,332.0,332.0,3.0,0.0,30.0,False
2025-01-29 12:46:00,232.0,335.0,335.0,0.0,103.0,103.0,False
2025-01-29 12:47:00,213.0,232.0,232.0,0.0,19.0,19.0,False
2025-01-29 12:48:00,212.0,213.0,213.0,0.0,1.0,1.0,False
2025-01-29 12:49:00,225.0,212.0,212.0,13.0,0.0,130.0,False
2025-01-29 12:50:00,503.0,225.0,225.0,278.0,0.0,2780.0,False
2025-01-29 12:51:00,226.0,503.0,503.0,0.0,277.0,277.0,False
2025-01-29 12:52:00,215.0,226.0,226.0,0.0,11.0,11.0,False
2025-01-29 12:53:00,285.0,215.0,215.0,70.0,0.0,700.0,False
2025-01-29 12:54:00,248.0,285.0,285.0,0.0,37.0,37.0,False
2025-01-29 12:55:00,286.0,248.0,248.0,38.0,0.0,380.0,False
2025-01-29 12:56:00,198.0,286.0,286.0,0.0,88.0,88.0,False
2025-01-29 12:57:00,261.0,198.0,198.0,63.0,0.0,630.0,False
2025-01-29 12:58:00,269.0,261.0,261.0,8.0,0.0,80.0,False
2025-01-29 12:59:00,249.0,269.0,269.0,0.0,20.0,20.0,False
2025-01-29 13:00:00,764.0,249.0,249.0,515.0,0.0,5150.0,True
2025-01-29 13:01:00,214.0,764.0,764.0,0.0,550.0,550.0,False
2025-01-29 13:02:00,244.0,214.0,214.0,30.0,0.0,300.0,False
2025-01-29 13:03:00,321.0,244.0,244.0,77.0,0.0,770.0,False
2025-01-29 13:04:00,257.0,321.0,321.0,0.0,64.0,64.0,False
2025-01-29 13:05:00,261.0,257.0,257.0,4.0,0.0,40.0,False
2025-01-29 13:06:00,263.0,261.0,261.0,2.0,0.0,20.0,False
2025-01-29 13:07:00,290.0,263.0,263.0,27.0,0.0,270.0,False
2025-01-29 13:08:00,255.0,290.0,290.0,0.0,35.0,35.0,False
2025-01-29 13:09:00,275.0,255.0,255.0,20.0,0.0,200.0,False
2025-01-29 13:10:00,537.0,275.0,275.0,262.0,0.0,2620.0,False
2025-01-29 13:11:00,216.0,537.0,537.0,0.0,321.0,321.0,False
2025-01-29 13:12:00,214.0,216.0,216.0,0.0,2.0,2.0,False
2025-01-29 13:13:00,242.0,214.0,214.0,28.0,0.0,280.0,False
2025-01-29 13:14:00,301.0,242.0,242.0,59.0,0.0,590.0,False
2025-01-29 13:15:00,305.0,301.0,301.0,4.0,0.0,40.0,False
2025-01-29 13:16:00,306.0,305.0,305.0,1.0,0.0,10.0,False
2025-01-29 13:17:00,191.0,306.0,306.0,0.0,115.0,115.0,False
2025-01-29 13:18:00,155.0,191.0,191.0,0.0,36.0,36.0,False
2025-01-29 13:19:00,234.0,155.0,155.0,79.0,0.0,790.0,False
2025-01-29 13:20:00,501.0,234.0,234.0,267.0,0.0,2670.0,False
2025-01-29 13:21:00,239.0,501.0,501.0,0.0,262.0,262.0,False
2025-01-29 13:22:00,185.0,239.0,239.0,0.0,54.0,54.0,False
2025-01-29 13:23:00,260.0,185.0,185.0,75.0,0.0,750.0,False
2025-01-29 13:24:00,271.0,260.0,260.0,11.0,0.0,110.0,False
2025-01-29 13:25:00,264.0,271.0,271.0,0.0,7.0,7.0,False
2025-01-29 13:26:00,243.0,264.0,264.0,0.0,21.0,21.0,False
2025-01-29 13:27:00,240.0,243.0,243.0,0.0,3.0,3.0,False
2025-01-29 13:28:00,167.0,240.0,240.0,0.0,73.0,73.0,False
2025-01-29 13:29:00,158.0,167.0,167.0,0.0,9.0,9.0,False
2025-01-29 13:30:00,719.0,158.0,158.0,561.0,0.0,5610.0,False
2025-01-29 13:31:00,250.0,719.0,719.0,0.0,469.0,469.0,False
2025-01-29 13:32:00,234.0,250.0,250.0,0.0,16.0,16.0,False
2025-01-29 13:33:00,222.0,234.0,234.0,0.0,12.0,12.0,False
2025-01-29 13:34:00,341.0,222.0,222.0,119.0,0.0,1190.0,False
2025-01-29 13:35:00,214.0,341.0,341.0,0.0,127.0,127.0,False
2025-01-29 13:36:00,309.0,214.0,214.0,95.0,0.0,950.0,False
2025-01-29 13:37:00,236.0,309.0,309.0,0.0,73.0,73.0,False
2025-01-29 13:38:00,195.0,236.0,236.0,0.0,41.0,41.0,False
2025-01-29 13:39:00,272.0,195.0,195.0,77.0,0.0,770.0,False
2025-01-29 13:40:00,505.0,272.0,272.0,233.0,0.0,2330.0,False
2025-01-29 13:41:00,232.0,505.0,505.0,0.0,273.0,273.0,False
2025-01-29 13:42:00,270.0,232.0,232.0,38.0,0.0,380.0,False
2025-01-29 13:43:00,300.0,270.0,270.0,30.0,0.0,300.0,False
2025-01-29 13:44:00,260.0,300.0,300.0,0.0,40.0,40.0,False
2025-01-29 13:45:00,336.0,260.0,260.0,76.0,0.0,760.0,False
2025-01-29 13:46:00,231.0,336.0,336.0,0.0,105.0,105.0,False
2025-01-29 13:47:00,195.0,231.0,231.0,0.0,36.0,36.0,False
2025-01-29 13:48:00,246.0,195.0,195.0,51.0,0.0,510.0,False
2025-01-29 13:49:00,180.0,246.0,246.0,0.0,66.0,66.0,False
2025-01-29 13:50:00,432.0,180.0,180.0,252.0,0.0,2520.0,False
2025-01-29 13:51:00,268.0,432.0,432.0,0.0,164.0,164.0,False
2025-01-29 13:52:00,178.0,268.0,268.0,0.0,90.0,90.0,False
2025-01-29 13:53:00,562.0,178.0,178.0,384.0,0.0,3840.0,False
2025-01-29 13:54:00,212.0,562.0,562.0,0.0,350.0,350.0,False
2025-01-29 13:55:00,219.0,212.0,212.0,7.0,0.0,70.0,False
2025-01-29 13:56:00,261.0,219.0,219.0,42.0,0.0,420.0,False
2025-01-29 13:57:00,229.0,261.0,261.0,0.0,32.0,32.0,False
2025-01-29 13:58:00,159.0,229.0,229.0,0.0,70.0,70.0,False
2025-01-29 13:59:00,256.0,159.0,159.0,97.0,0.0,970.0,False
2025-01-29 14:00:00,772.0,256.0,256.0,516.0,0.0,5160.0,True
2025-01-29 14:01:00,287.0,772.0,772.0,0.0,485.0,485.0,False
2025-01-29 14:02:00,258.0,287.0,287.0,0.0,29.0,29.0,False
2025-01-29 14:03:00,342.0,258.0,258.0,84.0,0.0,840.0,False
2025-01-29 14:04:00,329.0,342.0,342.0,0.0,13.0,13.0,False
2025-01-29 14:05:00,256.0,329.0,329.0,0.0,73.0,73.0,False
2025-01-29 14:06:00,288.0,256.0,256.0,32.0,0.0,320.0,False
2025-01-29 14:07:00,295.0,288.0,288.0,7.0,0.0,70.0,False
2025-01-29 14:08:00,216.0,295.0,295.0,0.0,79.0,79.0,False
2025-01-29 14:09:00,259.0,216.0,216.0,43.0,0.0,430.0,False
2025-01-29 14:10:00,475.0,259.0,259.0,216.0,0.0,2160.0,False
2025-01-29 14:11:00,187.0,475.0,475.0,0.0,288.0,288.0,False
2025-01-29 14:12:00,222.0,187.0,187.0,35.0,0.0,350.0,False
2025-01-29 14:13:00,211.0,222.0,222.0,0.0,11.0,11.0,False
2025-01-29 14:14:00,231.0,211.0,211.0,20.0,0.0,200.0,False
2025-01-29 14:15:00,320.0,231.0,231.0,89.0,0.0,890.0,False
2025-01-29 14:16:00,217.0,320.0,320.0,0.0,103.0,103.0,False
2025-01-29 14:17:00,186.0,217.0,217.0,0.0,31.0,31.0,False
2025-01-29 14:18:00,228.0,186.0,186.0,42.0,0.0,420.0,False
2025-01-29 14:19:00,134.0,228.0,228.0,0.0,94.0,94.0,False
2025-01-29 14:20:00,484.0,134.0,134.0,350.0,0.0,3500.0,False
2025-01-29 14:21:00,231.0,484.0,484.0,0.0,253.0,253.0,False
2025-01-29 14:22:00,236.0,231.0,231.0,5.0,0.0,50.0,False
2025-01-29 14:23:00,216.0,236.0,236.0,0.0,20.0,20.0,False
2025-01-29 14:24:00,241.0,216.0,216.0,25.0,0.0,250.0,False
2025-01-29 14:25:00,283.0,241.0,241.0,42.0,0.0,420.0,False
2025-01-29 14:26:00,211.0,283.0,283.0,0.0,72.0,72.0,False
2025-01-29 14:27:00,204.0,211.0,211.0,0.0,7.0,7.0,False
2025-01-29 14:28:00,203.0,204.0,204.0,0.0,1.0,1.0,False
2025-01-29 14:29:00,193.0,203.0,203.0,0.0,10.0,10.0,False
2025-01-29 14:30:00,616.0,193.0,193.0,423.0,0.0,4230.0,False
2025-01-29 14:31:00,218.0,616.0,616.0,0.0,398.0,398.0,False
2025-01-29 14:32:00,215.0,218.0,218.0,0.0,3.0,3.0,False
2025-01-29 14:33:00,274.0,215.0,215.0,59.0,0.0,590.0,False
2025-01-29 14:34:00,242.0,274.0,274.0,0.0,32.0,32.0,False
2025-01-29 14:35:00,196.0,242.0,242.0,0.0,46.0,46.0,False
2025-01-29 14:36:00,281.0,196.0,196.0,85.0,0.0,850.0,False
2025-01-29 14:37:00,193.0,281.0,281.0,0.0,88.0,88.0,False
2025-01-29 14:38:00,159.0,193.0,193.0,0.0,34.0,34.0,False
2025-01-29 14:39:00,233.0,159.0,159.0,74.0,0.0,740.0,False
2025-01-29 14:40:00,474.0,233.0,233.0,241.0,0.0,2410.0,False
2025-01-29 14:41:00,246.0,474.0,474.0,0.0,228.0,228.0,False
2025-01-29 14:42:00,179.0,246.0,246.0,0.0,67.0,67.0,False
2025-01-29 14:43:00,210.0,179.0,179.0,31.0,0.0,310.0,False
2025-01-29 14:44:00,222.0,210.0,210.0,12.0,0.0,120.0,False
2025-01-29 14:45:00,326.0,222.0,222.0,104.0,0.0,1040.0,False
2025-01-29 14:46:00,176.0,326.0,326.0,0.0,150.0,150.0,False
2025-01-29 14:47:00,128.0,176.0,176.0,0.0,48.0,48.0,False
2025-01-29 14:48:00,173.0,128.0,128.0,45.0,0.0,450.0,False
2025-01-29 14:49:00,195.0,173.0,173.0,22.0,0.0,220.0,False
2025-01-29 14:50:00,466.0,195.0,195.0,271.0,0.0,2710.0,False
2025-01-29 14:51:00,217.0,466.0,466.0,0.0,249.0,249.0,False
2025-01-29 14:52:00,175.0,217.0,217.0,0.0,42.0,42.0,False
2025-01-29 14:53:00,221.0,175.0,175.0,46.0,0.0,460.0,False
2025-01-29 14:54:00,176.0,221.0,221.0,0.0,45.0,45.0,False
2025-01-29 14:55:00,192.0,176.0,176.0,16.0,0.0,160.0,False
2025-01-29 14:56:00,196.0,192.0,192.0,4.0,0.0,40.0,False
2025-01-29 14:57:00,191.0,196.0,196.0,0.0,5.0,5.0,False
2025-01-29 14:58:00,146.0,191.0,191.0,0.0,45.0,45.0,False
2025-01-29 14:59:00,181.0,146.0,146.0,35.0,0.0,350.0,False
2025-01-29 15:00:00,661.0,181.0,181.0,480.0,0.0,4800.0,False
2025-01-29 15:01:00,250.0,661.0,661.0,0.0,411.0,411.0,False
2025-01-29 15:02:00,256.0,250.0,250.0,6.0,0.0,60.0,False
2025-01-29 15:03:00,281.0,256.0,256.0,25.0,0.0,250.0,False
2025-01-29 15:04:00,272.0,281.0,281.0,0.0,9.0,9.0,False
2025-01-29 15:05:00,224.0,272.0,272.0,0.0,48.0,48.0,False
2025-01-29 15:06:00,250.0,224.0,224.0,26.0,0.0,260.0,False
2025-01-29 15:07:00,268.0,250.0,250.0,18.0,0.0,180.0,False
2025-01-29 15:08:00,175.0,268.0,268.0,0.0,93.0,93.0,False
2025-01-29 15:09:00,235.0,175.0,175.0,60.0,0.0,600.0,False
2025-01-29 15:10:00,440.0,235.0,235.0,205.0,0.0,2050.0,False
2025-01-29 15:11:00,261.0,440.0,440.0,0.0,179.0,179.0,False
2025-01-29 15:12:00,173.0,261.0,261.0,0.0,88.0,88.0,False
2025-01-29 15:13:00,177.0,173.0,173.0,4.0,0.0,40.0,False
2025-01-29 15:14:00,192.0,177.0,177.0,15.0,0.0,150.0,False
2025-01-29 15:15:00,336.0,192.0,192.0,144.0,0.0,1440.0,False
2025-01-29 15:16:00,162.0,336.0,336.0,0.0,174.0,174.0,False
2025-01-29 15:17:00,125.0,162.0,162.0,0.0,37.0,37.0,False
2025-01-29 15:18:00,144.0,125.0,125.0,19.0,0.0,190.0,False
2025-01-29 15:19:00,145.0,144.0,144.0,1.0,0.0,10.0,False
2025-01-29 15:20:00,424.0,145.0,145.0,279.0,0.0,2790.0,False
2025-01-29 15:21:00,270.0,424.0,424.0,0.0,154.0,154.0,False
2025-01-29 15:22:00,150.0,270.0,270.0,0.0,120.0,120.0,False
2025-01-29 15:23:00,228.0,150.0,150.0,78.0,0.0,780.0,False
2025-01-29 15:24:00,223.0,228.0,228.0,0.0,5.0,5.0,False
2025-01-29 15:25:00,210.0,223.0,223.0,0.0,13.0,13.0,False
2025-01-29 15:26:00,184.0,210.0,210.0,0.0,26.0,26.0,False
2025-01-29 15:27:00,193.0,184.0,184.0,9.0,0.0,90.0,False
2025-01-29 15:28:00,180.0,193.0,193.0,0.0,13.0,13.0,False
2025-01-29 15:29:00,148.0,180.0,180.0,0.0,32.0,32.0,False
2025-01-29 15:30:00,569.0,148.0,148.0,421.0,0.0,4210.0,False
2025-01-29 15:31:00,235.0,569.0,569.0,0.0,334.0,334.0,False
2025-01-29 15:32:00,186.0,235.0,235.0,0.0,49.0,49.0,False
2025-01-29 15:33:00,262.0,186.0,186.0,76.0,0.0,760.0,False
2025-01-29 15:34:00,202.0,262.0,262.0,0.0,60.0,60.0,False
2025-01-29 15:35:00,212.0,202.0,202.0,10.0,0.0,100.0,False
2025-01-29 15:36:00,255.0,212.0,212.0,43.0,0.0,430.0,False
2025-01-29 15:37:00,185.0,255.0,255.0,0.0,70.0,70.0,False
2025-01-29 15:38:00,187.0,185.0,185.0,2.0,0.0,20.0,False
2025-01-29 15:39:00,194.0,187.0,187.0,7.0,0.0,70.0,False
2025-01-29 15:40:00,460.0,194.0,194.0,266.0,0.0,2660.0,False
2025-01-29 15:41:00,203.0,460.0,460.0,0.0,257.0,257.0,False
2025-01-29 15:42:00,205.0,203.0,203.0,2.0,0.0,20.0,False
2025-01-29 15:43:00,176.0,205.0,205.0,0.0,29.0,29.0,False
2025-01-29 15:44:00,221.0,176.0,176.0,45.0,0.0,450.0,False
2025-01-29 15:45:00,374.0,221.0,221.0,153.0,0.0,1530.0,False
2025-01-29 15:46:00,279.0,374.0,374.0,0.0,95.0,95.0,False
2025-01-29 15:47:00,115.0,279.0,279.0,0.0,164.0,164.0,False
2025-01-29 15:48:00,207.0,115.0,115.0,92.0,0.0,920.0,False
2025-01-29 15:49:00,151.0,207.0,207.0,0.0,56.0,56.0,False
2025-01-29 15:50:00,505.0,151.0,151.0,354.0,0.0,3540.0,False
2025-01-29 15:51:00,215.0,505.0,505.0,0.0,290.0,290.0,False
2025-01-29 15:52:00,172.0,215.0,215.0,0.0,43.0,43.0,False
2025-01-29 15:53:00,153.0,172.0,172.0,0.0,19.0,19.0,False
2025-01-29 15:54:00,192.0,153.0,153.0,39.0,0.0,390.0,False
2025-01-29 15:55:00,171.0,192.0,192.0,0.0,21.0,21.0,False
2025-01-29 15:56:00,145.0,171.0,171.0,0.0,26.0,26.0,False
2025-01-29 15:57:00,209.0,145.0,145.0,64.0,0.0,640.0,False
2025-01-29 15:58:00,139.0,209.0,209.0,0.0,70.0,70.0,False
2025-01-29 15:59:00,170.0,139.0,139.0,31.0,0.0,310.0,False
2025-01-29 16:00:00,702.0,170.0,170.0,532.0,0.0,5320.0,False
2025-01-29 16:01:00,304.0,702.0,702.0,0.0,398.0,398.0,False
2025-01-29 16:02:00,214.0,304.0,304.0,0.0,90.0,90.0,False
2025-01-29 16:03:00,295.0,214.0,214.0,81.0,0.0,810.0,False
2025-01-29 16:04:00,236.0,295.0,295.0,0.0,59.0,59.0,False
2025-01-29 16:05:00,239.0,236.0,236.0,3.0,0.0,30.0,False
2025-01-29 16:06:00,258.0,239.0,239.0,19.0,0.0,190.0,False
2025-01-29 16:07:00,232.0,258.0,258.0,0.0,26.0,26.0,False
2025-01-29 16:08:00,167.0,232.0,232.0,0.0,65.0,65.0,False
2025-01-29 16:09:00,221.0,167.0,167.0,54.0,0.0,540.0,False
2025-01-29 16:10:00,461.0,221.0,221.0,240.0,0.0,2400.0,False
2025-01-29 16:11:00,186.0,461.0,461.0,0.0,275.0,275.0,False
2025-01-29 16:12:00,194.0,186.0,186.0,8.0,0.0,80.0,False
2025-01-29 16:13:00,175.0,194.0,194.0,0.0,19.0,19.0,False
2025-01-29 16:14:00,219.0,175.0,175.0,44.0,0.0,440.0,False
2025-01-29 16:15:00,295.0,219.0,219.0,76.0,0.0,760.0,False
2025-01-29 16:16:00,162.0,295.0,295.0,0.0,133.0,133.0,False
2025-01-29 16:17:00,152.0,162.0,162.0,0.0,10.0,10.0,False
2025-01-29 16:18:00,144.0,152.0,152.0,0.0,8.0,8.0,False
2025-01-29 16:19:00,160.0,144.0,144.0,16.0,0.0,160.0,False
2025-01-29 16:20:00,484.0,160.0,160.0,324.0,0.0,3240.0,False
2025-01-29 16:21:00,188.0,484.0,484.0,0.0,296.0,296.0,False
2025-01-29 16:22:00,173.0,188.0,188.0,0.0,15.0,15.0,False
2025-01-29 16:23:00,201.0,173.0,173.0,28.0,0.0,280.0,False
2025-01-29 16:24:00,237.0,201.0,201.0,36.0,0.0,360.0,False
2025-01-29 16:25:00,186.0,237.0,237.0,0.0,51.0,51.0,False
2025-01-29 16:26:00,131.0,186.0,186.0,0.0,55.0,55.0,False
2025-01-29 16:27:00,178.0,131.0,131.0,47.0,0.0,470.0,False
2025-01-29 16:28:00,151.0,178.0,178.0,0.0,27.0,27.0,False
2025-01-29 16:29:00,168.0,151.0,151.0,17.0,0.0,170.0,False
2025-01-29 16:30:00,608.0,168.0,168.0,440.0,0.0,4400.0,False
2025-01-29 16:31:00,273.0,608.0,608.0,0.0,335.0,335.0,False
2025-01-29 16:32:00,242.0,273.0,273.0,0.0,31.0,31.0,False
2025-01-29 16:33:00,235.0,242.0,242.0,0.0,7.0,7.0,False
2025-01-29 16:34:00,210.0,235.0,235.0,0.0,25.0,25.0,False
2025-01-29 16:35:00,156.0,210.0,210.0,0.0,54.0,54.0,False
2025-01-29 16:36:00,284.0,156.0,156.0,128.0,0.0,1280.0,False
2025-01-29 16:37:00,221.0,284.0,284.0,0.0,63.0,63.0,False
2025-01-29 16:38:00,152.0,221.0,221.0,0.0,69.0,69.0,False
2025-01-29 16:39:00,196.0,152.0,152.0,44.0,0.0,440.0,False
2025-01-29 16:40:00,460.0,196.0,196.0,264.0,0.0,2640.0,False
2025-01-29 16:41:00,198.0,460.0,460.0,0.0,262.0,262.0,False
2025-01-29 16:42:00,202.0,198.0,198.0,4.0,0.0,40.0,False
2025-01-29 16:43:00,174.0,202.0,202.0,0.0,28.0,28.0,False
2025-01-29 16:44:00,184.0,174.0,174.0,10.0,0.0,100.0,False
2025-01-29 16:45:00,318.0,184.0,184.0,134.0,0.0,1340.0,False
2025-01-29 16:46:00,199.0,318.0,318.0,0.0,119.0,119.0,False
2025-01-29 16:47:00,151.0,199.0,199.0,0.0,48.0,48.0,False
2025-01-29 16:48:00,190.0,151.0,151.0,39.0,0.0,390.0,False
2025-01-29 16:49:00,155.0,190.0,190.0,0.0,35.0,35.0,False
2025-01-29 16:50:00,445.0,155.0,155.0,290.0,0.0,2900.0,False
2025-01-29 16:51:00,156.0,445.0,445.0,0.0,289.0,289.0,False
2025-01-29 16:52:00,140.0,156.0,156.0,0.0,16.0,16.0,False
2025-01-29 16:53:00,164.0,140.0,140.0,24.0,0.0,240.0,False
2025-01-29 16:54:00,199.0,164.0,164.0,35.0,0.0,350.0,False
2025-01-29 16:55:00,152.0,199.0,199.0,0.0,47.0,47.0,False
2025-01-29 16:56:00,198.0,152.0,152.0,46.0,0.0,460.0,False
2025-01-29 16:57:00,182.0,198.0,198.0,0.0,16.0,16.0,False
2025-01-29 16:58:00,103.0,182.0,182.0,0.0,79.0,79.0,False
2025-01-29 16:59:00,162.0,103.0,103.0,59.0,0.0,590.0,False
2025-01-29 17:00:00,653.0,162.0,162.0,491.0,0.0,4910.0,False
2025-01-29 17:01:00,464.0,653.0,653.0,0.0,189.0,189.0,False
2025-01-29 17:02:00,176.0,464.0,464.0,0.0,288.0,288.0,False
2025-01-29 17:03:00,270.0,176.0,176.0,94.0,0.0,940.0,False
2025-01-29 17:04:00,244.0,270.0,270.0,0.0,26.0,26.0,False
2025-01-29 17:05:00,193.0,244.0,244.0,0.0,51.0,51.0,False
2025-01-29 17:06:00,230.0,193.0,193.0,37.0,0.0,370.0,False
2025-01-29 17:07:00,229.0,230.0,230.0,0.0,1.0,1.0,False
2025-01-29 17:08:00,200.0,229.0,229.0,0.0,29.0,29.0,False
2025-01-29 17:09:00,209.0,200.0,200.0,9.0,0.0,90.0,False
2025-01-29 17:10:00,379.0,209.0,209.0,170.0,0.0,1700.0,False
2025-01-29 17:11:00,238.0,379.0,379.0,0.0,141.0,141.0,False
2025-01-29 17:12:00,193.0,238.0,238.0,0.0,45.0,45.0,False
2025-01-29 17:13:00,182.0,193.0,193.0,0.0,11.0,11.0,False
2025-01-29 17:14:00,133.0,182.0,182.0,0.0,49.0,49.0,False
2025-01-29 17:15:00,277.0,133.0,133.0,144.0,0.0,1440.0,False
2025-01-29 17:16:00,178.0,277.0,277.0,0.0,99.0,99.0,False
2025-01-29 17:17:00,126.0,178.0,178.0,0.0,52.0,52.0,False
2025-01-29 17:18:00,148.0,126.0,126.0,22.0,0.0,220.0,False
2025-01-29 17:19:00,101.0,148.0,148.0,0.0,47.0,47.0,False
2025-01-29 17:20:00,443.0,101.0,101.0,342.0,0.0,3420.0,False
2025-01-29 17:21:00,391.0,443.0,443.0,0.0,52.0,52.0,False
2025-01-29 17:22:00,236.0,391.0,391.0,0.0,155.0,155.0,False
2025-01-29 17:23:00,204.0,236.0,236.0,0.0,32.0,32.0,False
2025-01-29 17:24:00,203.0,204.0,204.0,0.0,1.0,1.0,False
2025-01-29 17:25:00,197.0,203.0,203.0,0.0,6.0,6.0,False
2025-01-29 17:26:00,167.0,197.0,197.0,0.0,30.0,30.0,False
2025-01-29 17:27:00,176.0,167.0,167.0,9.0,0.0,90.0,False
2025-01-29 17:28:00,133.0,176.0,176.0,0.0,43.0,43.0,False
2025-01-29 17:29:00,137.0,133.0,133.0,4.0,0.0,40.0,False
2025-01-29 17:30:00,589.0,137.0,137.0,452.0,0.0,4520.0,False
2025-01-29 17:31:00,148.0,589.0,589.0,0.0,441.0,441.0,False
2025-01-29 17:32:00,169.0,148.0,148.0,21.0,0.0,210.0,False
2025-01-29 17:33:00,214.0,169.0,169.0,45.0,0.0,450.0,False
2025-01-29 17:34:00,177.0,214.0,214.0,0.0,37.0,37.0,False
2025-01-29 17:35:00,195.0,177.0,177.0,18.0,0.0,180.0,False
2025-01-29 17:36:00,203.0,195.0,195.0,8.0,0.0,80.0,False
2025-01-29 17:37:00,173.0,203.0,203.0,0.0,30.0,30.0,False
2025-01-29 17:38:00,149.0,173.0,173.0,0.0,24.0,24.0,False
2025-01-29 17:39:00,179.0,149.0,149.0,30.0,0.0,300.0,False
2025-01-29 17:40:00,382.0,179.0,179.0,203.0,0.0,2030.0,False
2025-01-29 17:41:00,205.0,382.0,382.0,0.0,177.0,177.0,False
2025-01-29 17:42:00,181.0,205.0,205.0,0.0,24.0,24.0,False
2025-01-29 17:43:00,163.0,181.0,181.0,0.0,18.0,18.0,False
2025-01-29 17:44:00,172.0,163.0,163.0,9.0,0.0,90.0,False
2025-01-29 17:45:00,286.0,172.0,172.0,114.0,0.0,1140.0,False
2025-01-29 17:46:00,231.0,286.0,286.0,0.0,55.0,55.0,False
2025-01-29 17:47:00,119.0,231.0,231.0,0.0,112.0,112.0,False
2025-01-29 17:48:00,154.0,119.0,119.0,35.0,0.0,350.0,False
2025-01-29 17:49:00,152.0,154.0,154.0,0.0,2.0,2.0,False
2025-01-29 17:50:00,396.0,152.0,152.0,244.0,0.0,2440.0,False
2025-01-29 17:51:00,147.0,396.0,396.0,0.0,249.0,249.0,False
2025-01-29 17:52:00,127.0,147.0,147.0,0.0,20.0,20.0,False
2025-01-29 17:53:00,163.0,127.0,127.0,36.0,0.0,360.0,False
2025-01-29 17:54:00,158.0,163.0,163.0,0.0,5.0,5.0,False
2025-01-29 17:55:00,161.0,158.0,158.0,3.0,0.0,30.0,False
2025-01-29 17:56:00,160.0,161.0,161.0,0.0,1.0,1.0,False
2025-01-29 17:57:00,144.0,160.0,160.0,0.0,16.0,16.0,False
2025-01-29 17:58:00,107.0,144.0,144.0,0.0,37.0,37.0,False
2025-01-29 17:59:00,131.0,107.0,107.0,24.0,0.0,240.0,False
2025-01-29 18:00:00,627.0,131.0,131.0,496.0,0.0,4960.0,False
2025-01-29 18:01:00,217.0,627.0,627.0,0.0,410.0,410.0,False
2025-01-29 18:02:00,196.0,217.0,217.0,0.0,21.0,21.0,False
2025-01-29 18:03:00,244.0,196.0,196.0,48.0,0.0,480.0,False
2025-01-29 18:04:00,216.0,244.0,244.0,0.0,28.0,28.0,False
2025-01-29 18:05:00,161.0,216.0,216.0,0.0,55.0,55.0,False
2025-01-29 18:06:00,228.0,161.0,161.0,67.0,0.0,670.0,False
2025-01-29 18:07:00,190.0,228.0,228.0,0.0,38.0,38.0,False
2025-01-29 18:08:00,178.0,190.0,190.0,0.0,12.0,12.0,False
2025-01-29 18:09:00,173.0,178.0,178.0,0.0,5.0,5.0,False
2025-01-29 18:10:00,335.0,173.0,173.0,162.0,0.0,1620.0,False
2025-01-29 18:11:00,180.0,335.0,335.0,0.0,155.0,155.0,False
2025-01-29 18:12:00,164.0,180.0,180.0,0.0,16.0,16.0,False
2025-01-29 18:13:00,148.0,164.0,164.0,0.0,16.0,16.0,False
2025-01-29 18:14:00,162.0,148.0,148.0,14.0,0.0,140.0,False
2025-01-29 18:15:00,292.0,162.0,162.0,130.0,0.0,1300.0,False
2025-01-29 18:16:00,153.0,292.0,292.0,0.0,139.0,139.0,False
2025-01-29 18:17:00,124.0,153.0,153.0,0.0,29.0,29.0,False
2025-01-29 18:18:00,143.0,124.0,124.0,19.0,0.0,190.0,False
2025-01-29 18:19:00,154.0,143.0,143.0,11.0,0.0,110.0,False
2025-01-29 18:20:00,370.0,154.0,154.0,216.0,0.0,2160.0,False
2025-01-29 18:21:00,221.0,370.0,370.0,0.0,149.0,149.0,False
2025-01-29 18:22:00,159.0,221.0,221.0,0.0,62.0,62.0,False
2025-01-29 18:23:00,175.0,159.0,159.0,16.0,0.0,160.0,False
2025-01-29 18:24:00,208.0,175.0,175.0,33.0,0.0,330.0,False
2025-01-29 18:25:00,176.0,208.0,208.0,0.0,32.0,32.0,False
2025-01-29 18:26:00,171.0,176.0,176.0,0.0,5.0,5.0,False
2025-01-29 18:27:00,180.0,171.0,171.0,9.0,0.0,90.0,False
2025-01-29 18:28:00,156.0,180.0,180.0,0.0,24.0,24.0,False
2025-01-29 18:29:00,112.0,156.0,156.0,0.0,44.0,44.0,False
2025-01-29 18:30:00,521.0,112.0,112.0,409.0,0.0,4090.0,False
2025-01-29 18:31:00,235.0,521.0,521.0,0.0,286.0,286.0,False
2025-01-29 18:32:00,185.0,235.0,235.0,0.0,50.0,50.0,False
2025-01-29 18:33:00,230.0,185.0,185.0,45.0,0.0,450.0,False
2025-01-29 18:34:00,179.0,230.0,230.0,0.0,51.0,51.0,False
2025-01-29 18:35:00,176.0,179.0,179.0,0.0,3.0,3.0,False
2025-01-29 18:36:00,183.0,176.0,176.0,7.0,0.0,70.0,False
2025-01-29 18:37:00,190.0,183.0,183.0,7.0,0.0,70.0,False
2025-01-29 18:38:00,142.0,190.0,190.0,0.0,48.0,48.0,False
2025-01-29 18:39:00,211.0,142.0,142.0,69.0,0.0,690.0,False
2025-01-29 18:40:00,364.0,211.0,211.0,153.0,0.0,1530.0,False
2025-01-29 18:41:00,175.0,364.0,364.0,0.0,189.0,189.0,False
2025-01-29 18:42:00,173.0,175.0,175.0,0.0,2.0,2.0,False
2025-01-29 18:43:00,164.0,173.0,173.0,0.0,9.0,9.0,False
2025-01-29 18:44:00,179.0,164.0,164.0,15.0,0.0,150.0,False
2025-01-29 18:45:00,298.0,179.0,179.0,119.0,0.0,1190.0,False
2025-01-29 18:46:00,182.0,298.0,298.0,0.0,116.0,116.0,False
2025-01-29 18:47:00,138.0,182.0,182.0,0.0,44.0,44.0,False
2025-01-29 18:48:00,178.0,138.0,138.0,40.0,0.0,400.0,False
2025-01-29 18:49:00,153.0,178.0,178.0,0.0,25.0,25.0,False
2025-01-29 18:50:00,350.0,153.0,153.0,197.0,0.0,1970.0,False
2025-01-29 18:51:00,163.0,350.0,350.0,0.0,187.0,187.0,False
2025-01-29 18:52:00,142.0,163.0,163.0,0.0,21.0,21.0,False
2025-01-29 18:53:00,145.0,142.0,142.0,3.0,0.0,30.0,False
2025-01-29 18:54:00,163.0,145.0,145.0,18.0,0.0,180.0,False
2025-01-29 18:55:00,152.0,163.0,163.0,0.0,11.0,11.0,False
2025-01-29 18:56:00,138.0,152.0,152.0,0.0,14.0,14.0,False
2025-01-29 18:57:00,166.0,138.0,138.0,28.0,0.0,280.0,False
2025-01-29 18:58:00,113.0,166.0,166.0,0.0,53.0,53.0,False
2025-01-29 18:59:00,107.0,113.0,113.0,0.0,6.0,6.0,False
2025-01-29 19:00:00,627.0,107.0,107.0,520.0,0.0,5200.0,False
2025-01-29 19:01:00,276.0,627.0,627.0,0.0,351.0,351.0,False
2025-01-29 19:02:00,223.0,276.0,276.0,0.0,53.0,53.0,False
2025-01-29 19:03:00,226.0,223.0,223.0,3.0,0.0,30.0,False
2025-01-29 19:04:00,218.0,226.0,226.0,0.0,8.0,8.0,False
2025-01-29 19:05:00,186.0,218.0,218.0,0.0,32.0,32.0,False
2025-01-29 19:06:00,215.0,186.0,186.0,29.0,0.0,290.0,False
2025-01-29 19:07:00,201.0,215.0,215.0,0.0,14.0,14.0,False
2025-01-29 19:08:00,175.0,201.0,201.0,0.0,26.0,26.0,False
2025-01-29 19:09:00,145.0,175.0,175.0,0.0,30.0,30.0,False
2025-01-29 19:10:00,371.0,145.0,145.0,226.0,0.0,2260.0,False
2025-01-29 19:11:00,167.0,371.0,371.0,0.0,204.0,204.0,False
2025-01-29 19:12:00,195.0,167.0,167.0,28.0,0.0,280.0,False
2025-01-29 19:13:00,152.0,195.0,195.0,0.0,43.0,43.0,False
2025-01-29 19:14:00,133.0,152.0,152.0,0.0,19.0,19.0,False
2025-01-29 19:15:00,280.0,133.0,133.0,147.0,0.0,1470.0,False
2025-01-29 19:16:00,191.0,280.0,280.0,0.0,89.0,89.0,False
2025-01-29 19:17:00,110.0,191.0,191.0,0.0,81.0,81.0,False
2025-01-29 19:18:00,154.0,110.0,110.0,44.0,0.0,440.0,False
2025-01-29 19:19:00,119.0,154.0,154.0,0.0,35.0,35.0,False
2025-01-29 19:20:00,439.0,119.0,119.0,320.0,0.0,3200.0,False
2025-01-29 19:21:00,172.0,439.0,439.0,0.0,267.0,267.0,False
2025-01-29 19:22:00,153.0,172.0,172.0,0.0,19.0,19.0,False
2025-01-29 19:23:00,133.0,153.0,153.0,0.0,20.0,20.0,False
2025-01-29 19:24:00,212.0,133.0,133.0,79.0,0.0,790.0,False
2025-01-29 19:25:00,167.0,212.0,212.0,0.0,45.0,45.0,False
2025-01-29 19:26:00,161.0,167.0,167.0,0.0,6.0,6.0,False
2025-01-29 19:27:00,173.0,161.0,161.0,12.0,0.0,120.0,False
2025-01-29 19:28:00,142.0,173.0,173.0,0.0,31.0,31.0,False
2025-01-29 19:29:00,113.0,142.0,142.0,0.0,29.0,29.0,False
2025-01-29 19:30:00,510.0,113.0,113.0,397.0,0.0,3970.0,False
2025-01-29 19:31:00,209.0,510.0,510.0,0.0,301.0,301.0,False
2025-01-29 19:32:00,181.0,209.0,209.0,0.0,28.0,28.0,False
2025-01-29 19:33:00,226.0,181.0,181.0,45.0,0.0,450.0,False
2025-01-29 19:34:00,168.0,226.0,226.0,0.0,58.0,58.0,False
2025-01-29 19:35:00,162.0,168.0,168.0,0.0,6.0,6.0,False
2025-01-29 19:36:00,217.0,162.0,162.0,55.0,0.0,550.0,False
2025-01-29 19:37:00,195.0,217.0,217.0,0.0,22.0,22.0,False
2025-01-29 19:38:00,127.0,195.0,195.0,0.0,68.0,68.0,False
2025-01-29 19:39:00,187.0,127.0,127.0,60.0,0.0,600.0,False
2025-01-29 19:40:00,435.0,187.0,187.0,248.0,0.0,2480.0,False
2025-01-29 19:41:00,138.0,435.0,435.0,0.0,297.0,297.0,False
2025-01-29 19:42:00,215.0,138.0,138.0,77.0,0.0,770.0,False
2025-01-29 19:43:00,141.0,215.0,215.0,0.0,74.0,74.0,False
2025-01-29 19:44:00,176.0,141.0,141.0,35.0,0.0,350.0,False
2025-01-29 19:45:00,312.0,176.0,176.0,136.0,0.0,1360.0,False
2025-01-29 19:46:00,174.0,312.0,312.0,0.0,138.0,138.0,False
2025-01-29 19:47:00,111.0,174.0,174.0,0.0,63.0,63.0,False
2025-01-29 19:48:00,133.0,111.0,111.0,22.0,0.0,220.0,False
2025-01-29 19:49:00,122.0,133.0,133.0,0.0,11.0,11.0,False
2025-01-29 19:50:00,385.0,122.0,122.0,263.0,0.0,2630.0,False
2025-01-29 19:51:00,173.0,385.0,385.0,0.0,212.0,212.0,False
2025-01-29 19:52:00,132.0,173.0,173.0,0.0,41.0,41.0,False
2025-01-29 19:53:00,148.0,132.0,132.0,16.0,0.0,160.0,False
2025-01-29 19:54:00,201.0,148.0,148.0,53.0,0.0,530.0,False
2025-01-29 19:55:00,158.0,201.0,201.0,0.0,43.0,43.0,False
2025-01-29 19:56:00,123.0,158.0,158.0,0.0,35.0,35.0,False
2025-01-29 19:57:00,146.0,123.0,123.0,23.0,0.0,230.0,False
2025-01-29 19:58:00,138.0,146.0,146.0,0.0,8.0,8.0,False
2025-01-29 19:59:00,117.0,138.0,138.0,0.0,21.0,21.0,False
2025-01-29 20:00:00,515.0,117.0,117.0,398.0,0.0,3980.0,False
2025-01-29 20:01:00,234.0,515.0,515.0,0.0,281.0,281.0,False
2025-01-29 20:02:00,170.0,234.0,234.0,0.0,64.0,64.0,False
2025-01-29 20:03:00,245.0,170.0,170.0,75.0,0.0,750.0,False
2025-01-29 20:04:00,191.0,245.0,245.0,0.0,54.0,54.0,False
2025-01-29 20:05:00,180.0,191.0,191.0,0.0,11.0,11.0,False
2025-01-29 20:06:00,222.0,180.0,180.0,42.0,0.0,420.0,False
2025-01-29 20:07:00,190.0,222.0,222.0,0.0,32.0,32.0,False
2025-01-29 20:08:00,152.0,190.0,190.0,0.0,38.0,38.0,False
2025-01-29 20:09:00,150.0,152.0,152.0,0.0,2.0,2.0,False
2025-01-29 20:10:00,377.0,150.0,150.0,227.0,0.0,2270.0,False
2025-01-29 20:11:00,138.0,377.0,377.0,0.0,239.0,239.0,False
2025-01-29 20:12:00,203.0,138.0,138.0,65.0,0.0,650.0,False
2025-01-29 20:13:00,166.0,203.0,203.0,0.0,37.0,37.0,False
2025-01-29 20:14:00,141.0,166.0,166.0,0.0,25.0,25.0,False
2025-01-29 20:15:00,264.0,141.0,141.0,123.0,0.0,1230.0,False
2025-01-29 20:16:00,169.0,264.0,264.0,0.0,95.0,95.0,False
2025-01-29 20:17:00,102.0,169.0,169.0,0.0,67.0,67.0,False
2025-01-29 20:18:00,161.0,102.0,102.0,59.0,0.0,590.0,False
2025-01-29 20:19:00,92.0,161.0,161.0,0.0,69.0,69.0,False
2025-01-29 20:20:00,401.0,92.0,92.0,309.0,0.0,3090.0,False
2025-01-29 20:21:00,177.0,401.0,401.0,0.0,224.0,224.0,False
2025-01-29 20:22:00,149.0,177.0,177.0,0.0,28.0,28.0,False
2025-01-29 20:23:00,152.0,149.0,149.0,3.0,0.0,30.0,False
2025-01-29 20:24:00,184.0,152.0,152.0,32.0,0.0,320.0,False
2025-01-29 20:25:00,169.0,184.0,184.0,0.0,15.0,15.0,False
2025-01-29 20:26:00,158.0,169.0,169.0,0.0,11.0,11.0,False
2025-01-29 20:27:00,178.0,158.0,158.0,20.0,0.0,200.0,False
2025-01-29 20:28:00,123.0,178.0,178.0,0.0,55.0,55.0,False
2025-01-29 20:29:00,152.0,123.0,123.0,29.0,0.0,290.0,False
2025-01-29 20:30:00,701.0,152.0,152.0,549.0,0.0,5490.0,False
2025-01-29 20:31:00,390.0,701.0,701.0,0.0,311.0,311.0,False
2025-01-29 20:32:00,228.0,390.0,390.0,0.0,162.0,162.0,False
2025-01-29 20:33:00,215.0,228.0,228.0,0.0,13.0,13.0,False
2025-01-29 20:34:00,206.0,215.0,215.0,0.0,9.0,9.0,False
2025-01-29 20:35:00,162.0,206.0,206.0,0.0,44.0,44.0,False
2025-01-29 20:36:00,187.0,162.0,162.0,25.0,0.0,250.0,False
2025-01-29 20:37:00,179.0,187.0,187.0,0.0,8.0,8.0,False
2025-01-29 20:38:00,139.0,179.0,179.0,0.0,40.0,40.0,False
2025-01-29 20:39:00,178.0,139.0,139.0,39.0,0.0,390.0,False
2025-01-29 20:40:00,341.0,178.0,178.0,163.0,0.0,1630.0,False
2025-01-29 20:41:00,198.0,341.0,341.0,0.0,143.0,143.0,False
2025-01-29 20:42:00,191.0,198.0,198.0,0.0,7.0,7.0,False
2025-01-29 20:43:00,203.0,191.0,191.0,12.0,0.0,120.0,False
2025-01-29 20:44:00,178.0,203.0,203.0,0.0,25.0,25.0,False
2025-01-29 20:45:00,320.0,178.0,178.0,142.0,0.0,1420.0,False
2025-01-29 20:46:00,203.0,320.0,320.0,0.0,117.0,117.0,False
2025-01-29 20:47:00,165.0,203.0,203.0,0.0,38.0,38.0,False
2025-01-29 20:48:00,171.0,165.0,165.0,6.0,0.0,60.0,False
2025-01-29 20:49:00,177.0,171.0,171.0,6.0,0.0,60.0,False
2025-01-29 20:50:00,387.0,177.0,177.0,210.0,0.0,2100.0,False
2025-01-29 20:51:00,164.0,387.0,387.0,0.0,223.0,223.0,False
2025-01-29 20:52:00,141.0,164.0,164.0,0.0,23.0,23.0,False
2025-01-29 20:53:00,177.0,141.0,141.0,36.0,0.0,360.0,False
2025-01-29 20:54:00,175.0,177.0,177.0,0.0,2.0,2.0,False
2025-01-29 20:55:00,177.0,175.0,175.0,2.0,0.0,20.0,False
2025-01-29 20:56:00,135.0,177.0,177.0,0.0,42.0,42.0,False
2025-01-29 20:57:00,172.0,135.0,135.0,37.0,0.0,370.0,False
2025-01-29 20:58:00,125.0,172.0,172.0,0.0,47.0,47.0,False
2025-01-29 20:59:00,137.0,125.0,125.0,12.0,0.0,120.0,False
2025-01-29 21:00:00,588.0,137.0,137.0,451.0,0.0,4510.0,False
2025-01-29 21:01:00,214.0,588.0,588.0,0.0,374.0,374.0,False
2025-01-29 21:02:00,200.0,214.0,214.0,0.0,14.0,14.0,False
2025-01-29 21:03:00,224.0,200.0,200.0,24.0,0.0,240.0,False
2025-01-29 21:04:00,194.0,224.0,224.0,0.0,30.0,30.0,False
2025-01-29 21:05:00,252.0,194.0,194.0,58.0,0.0,580.0,False
2025-01-29 21:06:00,184.0,252.0,252.0,0.0,68.0,68.0,False
2025-01-29 21:07:00,219.0,184.0,184.0,35.0,0.0,350.0,False
2025-01-29 21:08:00,229.0,219.0,219.0,10.0,0.0,100.0,False
2025-01-29 21:09:00,199.0,229.0,229.0,0.0,30.0,30.0,False
2025-01-29 21:10:00,393.0,199.0,199.0,194.0,0.0,1940.0,False
2025-01-29 21:11:00,156.0,393.0,393.0,0.0,237.0,237.0,False
2025-01-29 21:12:00,178.0,156.0,156.0,22.0,0.0,220.0,False
2025-01-29 21:13:00,183.0,178.0,178.0,5.0,0.0,50.0,False
2025-01-29 21:14:00,131.0,183.0,183.0,0.0,52.0,52.0,False
2025-01-29 21:15:00,236.0,131.0,131.0,105.0,0.0,1050.0,False
2025-01-29 21:16:00,176.0,236.0,236.0,0.0,60.0,60.0,False
2025-01-29 21:17:00,124.0,176.0,176.0,0.0,52.0,52.0,False
2025-01-29 21:18:00,130.0,124.0,124.0,6.0,0.0,60.0,False
2025-01-29 21:19:00,118.0,130.0,130.0,0.0,12.0,12.0,False
2025-01-29 21:20:00,428.0,118.0,118.0,310.0,0.0,3100.0,False
2025-01-29 21:21:00,197.0,428.0,428.0,0.0,231.0,231.0,False
2025-01-29 21:22:00,127.0,197.0,197.0,0.0,70.0,70.0,False
2025-01-29 21:23:00,621.0,127.0,127.0,494.0,0.0,4940.0,False
2025-01-29 21:24:00,345.0,621.0,621.0,0.0,276.0,276.0,False
2025-01-29 21:25:00,171.0,345.0,345.0,0.0,174.0,174.0,False
2025-01-29 21:26:00,206.0,171.0,171.0,35.0,0.0,350.0,False
2025-01-29 21:27:00,151.0,206.0,206.0,0.0,55.0,55.0,False
2025-01-29 21:28:00,156.0,151.0,151.0,5.0,0.0,50.0,False
2025-01-29 21:29:00,185.0,156.0,156.0,29.0,0.0,290.0,False
2025-01-29 21:30:00,501.0,185.0,185.0,316.0,0.0,3160.0,False
2025-01-29 21:31:00,182.0,501.0,501.0,0.0,319.0,319.0,False
2025-01-29 21:32:00,225.0,182.0,182.0,43.0,0.0,430.0,False
2025-01-29 21:33:00,260.0,225.0,225.0,35.0,0.0,350.0,False
2025-01-29 21:34:00,195.0,260.0,260.0,0.0,65.0,65.0,False
2025-01-29 21:35:00,217.0,195.0,195.0,22.0,0.0,220.0,False
2025-01-29 21:36:00,233.0,217.0,217.0,16.0,0.0,160.0,False
2025-01-29 21:37:00,151.0,233.0,233.0,0.0,82.0,82.0,False
2025-01-29 21:38:00,159.0,151.0,151.0,8.0,0.0,80.0,False
2025-01-29 21:39:00,185.0,159.0,159.0,26.0,0.0,260.0,False
2025-01-29 21:40:00,407.0,185.0,185.0,222.0,0.0,2220.0,False
2025-01-29 21:41:00,178.0,407.0,407.0,0.0,229.0,229.0,False
2025-01-29 21:42:00,693.0,178.0,178.0,515.0,0.0,5150.0,False
2025-01-29 21:43:00,265.0,693.0,693.0,0.0,428.0,428.0,False
2025-01-29 21:44:00,167.0,265.0,265.0,0.0,98.0,98.0,False
2025-01-29 21:45:00,952.0,167.0,167.0,785.0,0.0,7850.0,True
2025-01-29 21:46:00,138.0,952.0,952.0,0.0,814.0,814.0,False
2025-01-29 21:47:00,117.0,138.0,138.0,0.0,21.0,21.0,False
2025-01-29 21:48:00,214.0,117.0,117.0,97.0,0.0,970.0,False
2025-01-29 21:49:00,125.0,214.0,214.0,0.0,89.0,89.0,False
2025-01-29 21:50:00,395.0,125.0,125.0,270.0,0.0,2700.0,False
2025-01-29 21:51:00,154.0,395.0,395.0,0.0,241.0,241.0,False
2025-01-29 21:52:00,179.0,154.0,154.0,25.0,0.0,250.0,False
2025-01-29 21:53:00,149.0,179.0,179.0,0.0,30.0,30.0,False
2025-01-29 21:54:00,157.0,149.0,149.0,8.0,0.0,80.0,False
2025-01-29 21:55:00,183.0,157.0,157.0,26.0,0.0,260.0,False
2025-01-29 21:56:00,181.0,183.0,183.0,0.0,2.0,2.0,False
2025-01-29 21:57:00,155.0,181.0,181.0,0.0,26.0,26.0,False
2025-01-29 21:58:00,145.0,155.0,155.0,0.0,10.0,10.0,False
2025-01-29 21:59:00,135.0,145.0,145.0,0.0,10.0,10.0,False
2025-01-29 22:00:00,615.0,135.0,135.0,480.0,0.0,4800.0,False
2025-01-29 22:01:00,247.0,615.0,615.0,0.0,368.0,368.0,False
2025-01-29 22:02:00,193.0,247.0,247.0,0.0,54.0,54.0,False
2025-01-29 22:03:00,281.0,193.0,193.0,88.0,0.0,880.0,False
2025-01-29 22:04:00,241.0,281.0,281.0,0.0,40.0,40.0,False
2025-01-29 22:05:00,219.0,241.0,241.0,0.0,22.0,22.0,False
2025-01-29 22:06:00,255.0,219.0,219.0,36.0,0.0,360.0,False
2025-01-29 22:07:00,180.0,255.0,255.0,0.0,75.0,75.0,False
2025-01-29 22:08:00,156.0,180.0,180.0,0.0,24.0,24.0,False
2025-01-29 22:09:00,215.0,156.0,156.0,59.0,0.0,590.0,False
2025-01-29 22:10:00,397.0,215.0,215.0,182.0,0.0,1820.0,False
2025-01-29 22:11:00,206.0,397.0,397.0,0.0,191.0,191.0,False
2025-01-29 22:12:00,202.0,206.0,206.0,0.0,4.0,4.0,False
2025-01-29 22:13:00,146.0,202.0,202.0,0.0,56.0,56.0,False
2025-01-29 22:14:00,185.0,146.0,146.0,39.0,0.0,390.0,False
2025-01-29 22:15:00,330.0,185.0,185.0,145.0,0.0,1450.0,False
2025-01-29 22:16:00,181.0,330.0,330.0,0.0,149.0,149.0,False
2025-01-29 22:17:00,131.0,181.0,181.0,0.0,50.0,50.0,False
2025-01-29 22:18:00,187.0,131.0,131.0,56.0,0.0,560.0,False
2025-01-29 22:19:00,123.0,187.0,187.0,0.0,64.0,64.0,False
2025-01-29 22:20:00,411.0,123.0,123.0,288.0,0.0,2880.0,False
2025-01-29 22:21:00,216.0,411.0,411.0,0.0,195.0,195.0,False
2025-01-29 22:22:00,205.0,216.0,216.0,0.0,11.0,11.0,False
2025-01-29 22:23:00,226.0,205.0,205.0,21.0,0.0,210.0,False
2025-01-29 22:24:00,205.0,226.0,226.0,0.0,21.0,21.0,False
2025-01-29 22:25:00,173.0,205.0,205.0,0.0,32.0,32.0,False
2025-01-29 22:26:00,212.0,173.0,173.0,39.0,0.0,390.0,False
2025-01-29 22:27:00,222.0,212.0,212.0,10.0,0.0,100.0,False
2025-01-29 22:28:00,154.0,222.0,222.0,0.0,68.0,68.0,False
2025-01-29 22:29:00,170.0,154.0,154.0,16.0,0.0,160.0,False
2025-01-29 22:30:00,533.0,170.0,170.0,363.0,0.0,3630.0,False
2025-01-29 22:31:00,263.0,533.0,533.0,0.0,270.0,270.0,False
2025-01-29 22:32:00,2098.0,263.0,263.0,1835.0,0.0,18350.0,True
2025-01-29 22:33:00,1366.0,2098.0,2098.0,0.0,732.0,732.0,True
2025-01-29 22:34:00,212.0,1366.0,1366.0,0.0,1154.0,1154.0,False
2025-01-29 22:35:00,260.0,212.0,212.0,48.0,0.0,480.0,False
2025-01-29 22:36:00,373.0,260.0,260.0,113.0,0.0,1130.0,False
2025-01-29 22:37:00,260.0,373.0,373.0,0.0,113.0,113.0,False
2025-01-29 22:38:00,203.0,260.0,260.0,0.0,57.0,57.0,False
2025-01-29 22:39:00,224.0,203.0,203.0,21.0,0.0,210.0,False
2025-01-29 22:40:00,428.0,224.0,224.0,204.0,0.0,2040.0,False
2025-01-29 22:41:00,189.0,428.0,428.0,0.0,239.0,239.0,False
2025-01-29 22:42:00,227.0,189.0,189.0,38.0,0.0,380.0,False
2025-01-29 22:43:00,299.0,227.0,227.0,72.0,0.0,720.0,False
2025-01-29 22:44:00,261.0,299.0,299.0,0.0,38.0,38.0,False
2025-01-29 22:45:00,401.0,261.0,261.0,140.0,0.0,1400.0,False
2025-01-29 22:46:00,199.0,401.0,401.0,0.0,202.0,202.0,False
2025-01-29 22:47:00,169.0,199.0,199.0,0.0,30.0,30.0,False
2025-01-29 22:48:00,192.0,169.0,169.0,23.0,0.0,230.0,False
2025-01-29 22:49:00,176.0,192.0,192.0,0.0,16.0,16.0,False
2025-01-29 22:50:00,447.0,176.0,176.0,271.0,0.0,2710.0,False
2025-01-29 22:51:00,196.0,447.0,447.0,0.0,251.0,251.0,False
2025-01-29 22:52:00,189.0,196.0,196.0,0.0,7.0,7.0,False
2025-01-29 22:53:00,185.0,189.0,189.0,0.0,4.0,4.0,False
2025-01-29 22:54:00,178.0,185.0,185.0,0.0,7.0,7.0,False
2025-01-29 22:55:00,186.0,178.0,178.0,8.0,0.0,80.0,False
2025-01-29 22:56:00,211.0,186.0,186.0,25.0,0.0,250.0,False
2025-01-29 22:57:00,204.0,211.0,211.0,0.0,7.0,7.0,False
2025-01-29 22:58:00,162.0,204.0,204.0,0.0,42.0,42.0,False
2025-01-29 22:59:00,164.0,162.0,162.0,2.0,0.0,20.0,False
2025-01-29 23:00:00,731.0,164.0,164.0,567.0,0.0,5670.0,True
2025-01-29 23:01:00,301.0,731.0,731.0,0.0,430.0,430.0,False
2025-01-29 23:02:00,215.0,301.0,301.0,0.0,86.0,86.0,False
2025-01-29 23:03:00,246.0,215.0,215.0,31.0,0.0,310.0,False
2025-01-29 23:04:00,318.0,246.0,246.0,72.0,0.0,720.0,False
2025-01-29 23:05:00,204.0,318.0,318.0,0.0,114.0,114.0,False
2025-01-29 23:06:00,264.0,204.0,204.0,60.0,0.0,600.0,False
2025-01-29 23:07:00,231.0,264.0,264.0,0.0,33.0,33.0,False
2025-01-29 23:08:00,214.0,231.0,231.0,0.0,17.0,17.0,False
2025-01-29 23:09:00,228.0,214.0,214.0,14.0,0.0,140.0,False
2025-01-29 23:10:00,448.0,228.0,228.0,220.0,0.0,2200.0,False
2025-01-29 23:11:00,880.0,448.0,448.0,432.0,0.0,4320.0,True
2025-01-29 23:12:00,182.0,880.0,880.0,0.0,698.0,698.0,False
2025-01-29 23:13:00,283.0,182.0,182.0,101.0,0.0,1010.0,False
2025-01-29 23:14:00,235.0,283.0,283.0,0.0,48.0,48.0,False
2025-01-29 23:15:00,525.0,235.0,235.0,290.0,0.0,2900.0,False
2025-01-29 23:16:00,219.0,525.0,525.0,0.0,306.0,306.0,False
2025-01-29 23:17:00,164.0,219.0,219.0,0.0,55.0,55.0,False
2025-01-29 23:18:00,164.0,164.0,164.0,0.0,0.0,0.0,False
2025-01-29 23:19:00,166.0,164.0,164.0,2.0,0.0,20.0,False
2025-01-29 23:20:00,490.0,166.0,166.0,324.0,0.0,3240.0,False
2025-01-29 23:21:00,227.0,490.0,490.0,0.0,263.0,263.0,False
2025-01-29 23:22:00,303.0,227.0,227.0,76.0,0.0,760.0,False
2025-01-29 23:23:00,248.0,303.0,303.0,0.0,55.0,55.0,False
2025-01-29 23:24:00,243.0,248.0,248.0,0.0,5.0,5.0,False
2025-01-29 23:25:00,396.0,243.0,243.0,153.0,0.0,1530.0,False
2025-01-29 23:26:00,324.0,396.0,396.0,0.0,72.0,72.0,False
2025-01-29 23:27:00,595.0,324.0,324.0,271.0,0.0,2710.0,False
2025-01-29 23:28:00,340.0,595.0,595.0,0.0,255.0,255.0,False
2025-01-29 23:29:00,180.0,340.0,340.0,0.0,160.0,160.0,False
2025-01-29 23:30:00,912.0,180.0,180.0,732.0,0.0,7320.0,True
2025-01-29 23:31:00,278.0,912.0,912.0,0.0,634.0,634.0,False
2025-01-29 23:32:00,304.0,278.0,278.0,26.0,0.0,260.0,False
2025-01-29 23:33:00,479.0,304.0,304.0,175.0,0.0,1750.0,False
2025-01-29 23:34:00,218.0,479.0,479.0,0.0,261.0,261.0,False
2025-01-29 23:35:00,287.0,218.0,218.0,69.0,0.0,690.0,False
2025-01-29 23:36:00,298.0,287.0,287.0,11.0,0.0,110.0,False
2025-01-29 23:37:00,342.0,298.0,298.0,44.0,0.0,440.0,False
2025-01-29 23:38:00,526.0,342.0,342.0,184.0,0.0,1840.0,False
2025-01-29 23:39:00,267.0,526.0,526.0,0.0,259.0,259.0,False
2025-01-29 23:40:00,504.0,267.0,267.0,237.0,0.0,2370.0,False
2025-01-29 23:41:00,266.0,504.0,504.0,0.0,238.0,238.0,False
2025-01-29 23:42:00,235.0,266.0,266.0,0.0,31.0,31.0,False
2025-01-29 23:43:00,255.0,235.0,235.0,20.0,0.0,200.0,False
2025-01-29 23:44:00,309.0,255.0,255.0,54.0,0.0,540.0,False
2025-01-29 23:45:00,447.0,309.0,309.0,138.0,0.0,1380.0,False
2025-01-29 23:46:00,251.0,447.0,447.0,0.0,196.0,196.0,False
2025-01-29 23:47:00,334.0,251.0,251.0,83.0,0.0,830.0,False
2025-01-29 23:48:00,643.0,334.0,334.0,309.0,0.0,3090.0,False
2025-01-29 23:49:00,341.0,643.0,643.0,0.0,302.0,302.0,False
2025-01-29 23:50:00,583.0,341.0,341.0,242.0,0.0,2420.0,False
2025-01-29 23:51:00,178.0,583.0,583.0,0.0,405.0,405.0,False
2025-01-29 23:52:00,225.0,178.0,178.0,47.0,0.0,470.0,False
2025-01-29 23:53:00,224.0,225.0,225.0,0.0,1.0,1.0,False
2025-01-29 23:54:00,302.0,224.0,224.0,78.0,0.0,780.0,False
2025-01-29 23:55:00,234.0,302.0,302.0,0.0,68.0,68.0,False
2025-01-29 23:56:00,239.0,234.0,234.0,5.0,0.0,50.0,False
2025-01-29 23:57:00,215.0,239.0,239.0,0.0,24.0,24.0,False
2025-01-29 23:58:00,631.0,215.0,215.0,416.0,0.0,4160.0,False
2025-01-29 23:59:00,336.0,631.0,631.0,0.0,295.0,295.0,False
2025-01-30 00:00:00,780.0,336.0,336.0,444.0,0.0,4440.0,True
2025-01-30 00:01:00,310.0,780.0,780.0,0.0,470.0,470.0,False
2025-01-30 00:02:00,360.0,310.0,310.0,50.0,0.0,500.0,False
2025-01-30 00:03:00,422.0,360.0,360.0,62.0,0.0,620.0,False
2025-01-30 00:04:00,306.0,422.0,422.0,0.0,116.0,116.0,False
2025-01-30 00:05:00,253.0,306.0,306.0,0.0,53.0,53.0,False
2025-01-30 00:06:00,304.0,253.0,253.0,51.0,0.0,510.0,False
2025-01-30 00:07:00,251.0,304.0,304.0,0.0,53.0,53.0,False
2025-01-30 00:08:00,259.0,251.0,251.0,8.0,0.0,80.0,False
2025-01-30 00:09:00,276.0,259.0,259.0,17.0,0.0,170.0,False
2025-01-30 00:10:00,480.0,276.0,276.0,204.0,0.0,2040.0,False
2025-01-30 00:11:00,262.0,480.0,480.0,0.0,218.0,218.0,False
2025-01-30 00:12:00,214.0,262.0,262.0,0.0,48.0,48.0,False
2025-01-30 00:13:00,188.0,214.0,214.0,0.0,26.0,26.0,False
2025-01-30 00:14:00,190.0,188.0,188.0,2.0,0.0,20.0,False
2025-01-30 00:15:00,338.0,190.0,190.0,148.0,0.0,1480.0,False
2025-01-30 00:16:00,295.0,338.0,338.0,0.0,43.0,43.0,False
2025-01-30 00:17:00,198.0,295.0,295.0,0.0,97.0,97.0,False
2025-01-30 00:18:00,197.0,198.0,198.0,0.0,1.0,1.0,False
2025-01-30 00:19:00,256.0,197.0,197.0,59.0,0.0,590.0,False
2025-01-30 00:20:00,564.0,256.0,256.0,308.0,0.0,3080.0,False
2025-01-30 00:21:00,240.0,564.0,564.0,0.0,324.0,324.0,False
2025-01-30 00:22:00,210.0,240.0,240.0,0.0,30.0,30.0,False
2025-01-30 00:23:00,286.0,210.0,210.0,76.0,0.0,760.0,False
2025-01-30 00:24:00,336.0,286.0,286.0,50.0,0.0,500.0,False
2025-01-30 00:25:00,289.0,336.0,336.0,0.0,47.0,47.0,False
2025-01-30 00:26:00,291.0,289.0,289.0,2.0,0.0,20.0,False
2025-01-30 00:27:00,275.0,291.0,291.0,0.0,16.0,16.0,False
2025-01-30 00:28:00,249.0,275.0,275.0,0.0,26.0,26.0,False
2025-01-30 00:29:00,164.0,249.0,249.0,0.0,85.0,85.0,False
2025-01-30 00:30:00,701.0,164.0,164.0,537.0,0.0,5370.0,False
2025-01-30 00:31:00,247.0,701.0,701.0,0.0,454.0,454.0,False
2025-01-30 00:32:00,252.0,247.0,247.0,5.0,0.0,50.0,False
2025-01-30 00:33:00,309.0,252.0,252.0,57.0,0.0,570.0,False
2025-01-30 00:34:00,226.0,309.0,309.0,0.0,83.0,83.0,False
2025-01-30 00:35:00,291.0,226.0,226.0,65.0,0.0,650.0,False
2025-01-30 00:36:00,405.0,291.0,291.0,114.0,0.0,1140.0,False
2025-01-30 00:37:00,266.0,405.0,405.0,0.0,139.0,139.0,False
2025-01-30 00:38:00,216.0,266.0,266.0,0.0,50.0,50.0,False
2025-01-30 00:39:00,270.0,216.0,216.0,54.0,0.0,540.0,False
2025-01-30 00:40:00,467.0,270.0,270.0,197.0,0.0,1970.0,False
2025-01-30 00:41:00,284.0,467.0,467.0,0.0,183.0,183.0,False
2025-01-30 00:42:00,298.0,284.0,284.0,14.0,0.0,140.0,False
2025-01-30 00:43:00,398.0,298.0,298.0,100.0,0.0,1000.0,False
2025-01-30 00:44:00,248.0,398.0,398.0,0.0,150.0,150.0,False
2025-01-30 00:45:00,618.0,248.0,248.0,370.0,0.0,3700.0,False
2025-01-30 00:46:00,317.0,618.0,618.0,0.0,301.0,301.0,False
2025-01-30 00:47:00,210.0,317.0,317.0,0.0,107.0,107.0,False
2025-01-30 00:48:00,242.0,210.0,210.0,32.0,0.0,320.0,False
2025-01-30 00:49:00,201.0,242.0,242.0,0.0,41.0,41.0,False
2025-01-30 00:50:00,524.0,201.0,201.0,323.0,0.0,3230.0,False
2025-01-30 00:51:00,291.0,524.0,524.0,0.0,233.0,233.0,False
2025-01-30 00:52:00,266.0,291.0,291.0,0.0,25.0,25.0,False
2025-01-30 00:53:00,265.0,266.0,266.0,0.0,1.0,1.0,False
2025-01-30 00:54:00,310.0,265.0,265.0,45.0,0.0,450.0,False
2025-01-30 00:55:00,262.0,310.0,310.0,0.0,48.0,48.0,False
2025-01-30 00:56:00,232.0,262.0,262.0,0.0,30.0,30.0,False
2025-01-30 00:57:00,273.0,232.0,232.0,41.0,0.0,410.0,False
2025-01-30 00:58:00,247.0,273.0,273.0,0.0,26.0,26.0,False
2025-01-30 00:59:00,207.0,247.0,247.0,0.0,40.0,40.0,False
2025-01-30 01:00:00,705.0,207.0,207.0,498.0,0.0,4980.0,False
2025-01-30 01:01:00,398.0,705.0,705.0,0.0,307.0,307.0,False
2025-01-30 01:02:00,249.0,398.0,398.0,0.0,149.0,149.0,False
2025-01-30 01:03:00,318.0,249.0,249.0,69.0,0.0,690.0,False
2025-01-30 01:04:00,272.0,318.0,318.0,0.0,46.0,46.0,False
2025-01-30 01:05:00,280.0,272.0,272.0,8.0,0.0,80.0,False
2025-01-30 01:06:00,357.0,280.0,280.0,77.0,0.0,770.0,False
2025-01-30 01:07:00,299.0,357.0,357.0,0.0,58.0,58.0,False
2025-01-30 01:08:00,261.0,299.0,299.0,0.0,38.0,38.0,False
2025-01-30 01:09:00,237.0,261.0,261.0,0.0,24.0,24.0,False
2025-01-30 01:10:00,515.0,237.0,237.0,278.0,0.0,2780.0,False
2025-01-30 01:11:00,330.0,515.0,515.0,0.0,185.0,185.0,False
2025-01-30 01:12:00,318.0,330.0,330.0,0.0,12.0,12.0,False
2025-01-30 01:13:00,290.0,318.0,318.0,0.0,28.0,28.0,False
2025-01-30 01:14:00,197.0,290.0,290.0,0.0,93.0,93.0,False
2025-01-30 01:15:00,317.0,197.0,197.0,120.0,0.0,1200.0,False
2025-01-30 01:16:00,411.0,317.0,317.0,94.0,0.0,940.0,False
2025-01-30 01:17:00,219.0,411.0,411.0,0.0,192.0,192.0,False
2025-01-30 01:18:00,344.0,219.0,219.0,125.0,0.0,1250.0,False
2025-01-30 01:19:00,182.0,344.0,344.0,0.0,162.0,162.0,False
2025-01-30 01:20:00,551.0,182.0,182.0,369.0,0.0,3690.0,False
2025-01-30 01:21:00,290.0,551.0,551.0,0.0,261.0,261.0,False
2025-01-30 01:22:00,244.0,290.0,290.0,0.0,46.0,46.0,False
2025-01-30 01:23:00,420.0,244.0,244.0,176.0,0.0,1760.0,False
2025-01-30 01:24:00,341.0,420.0,420.0,0.0,79.0,79.0,False
2025-01-30 01:25:00,593.0,341.0,341.0,252.0,0.0,2520.0,False
2025-01-30 01:26:00,412.0,593.0,593.0,0.0,181.0,181.0,False
2025-01-30 01:27:00,449.0,412.0,412.0,37.0,0.0,370.0,False
2025-01-30 01:28:00,209.0,449.0,449.0,0.0,240.0,240.0,False
2025-01-30 01:29:00,320.0,209.0,209.0,111.0,0.0,1110.0,False
2025-01-30 01:30:00,735.0,320.0,320.0,415.0,0.0,4150.0,True
2025-01-30 01:31:00,534.0,735.0,735.0,0.0,201.0,201.0,False
2025-01-30 01:32:00,341.0,534.0,534.0,0.0,193.0,193.0,False
2025-01-30 01:33:00,354.0,341.0,341.0,13.0,0.0,130.0,False
2025-01-30 01:34:00,349.0,354.0,354.0,0.0,5.0,5.0,False
2025-01-30 01:35:00,368.0,349.0,349.0,19.0,0.0,190.0,False
2025-01-30 01:36:00,340.0,368.0,368.0,0.0,28.0,28.0,False
2025-01-30 01:37:00,282.0,340.0,340.0,0.0,58.0,58.0,False
2025-01-30 01:38:00,293.0,282.0,282.0,11.0,0.0,110.0,False
2025-01-30 01:39:00,426.0,293.0,293.0,133.0,0.0,1330.0,False
2025-01-30 01:40:00,568.0,426.0,426.0,142.0,0.0,1420.0,False
2025-01-30 01:41:00,399.0,568.0,568.0,0.0,169.0,169.0,False
2025-01-30 01:42:00,357.0,399.0,399.0,0.0,42.0,42.0,False
2025-01-30 01:43:00,408.0,357.0,357.0,51.0,0.0,510.0,False
2025-01-30 01:44:00,356.0,408.0,408.0,0.0,52.0,52.0,False
2025-01-30 01:45:00,425.0,356.0,356.0,69.0,0.0,690.0,False
2025-01-30 01:46:00,336.0,425.0,425.0,0.0,89.0,89.0,False
2025-01-30 01:47:00,314.0,336.0,336.0,0.0,22.0,22.0,False
2025-01-30 01:48:00,296.0,314.0,314.0,0.0,18.0,18.0,False
2025-01-30 01:49:00,210.0,296.0,296.0,0.0,86.0,86.0,False
2025-01-30 01:50:00,635.0,210.0,210.0,425.0,0.0,4250.0,False
2025-01-30 01:51:00,377.0,635.0,635.0,0.0,258.0,258.0,False
2025-01-30 01:52:00,238.0,377.0,377.0,0.0,139.0,139.0,False
2025-01-30 01:53:00,297.0,238.0,238.0,59.0,0.0,590.0,False
2025-01-30 01:54:00,333.0,297.0,297.0,36.0,0.0,360.0,False
2025-01-30 01:55:00,227.0,333.0,333.0,0.0,106.0,106.0,False
2025-01-30 01:56:00,307.0,227.0,227.0,80.0,0.0,800.0,False
2025-01-30 01:57:00,304.0,307.0,307.0,0.0,3.0,3.0,False
2025-01-30 01:58:00,343.0,304.0,304.0,39.0,0.0,390.0,False
2025-01-30 01:59:00,348.0,343.0,343.0,5.0,0.0,50.0,False
2025-01-30 02:00:00,812.0,348.0,348.0,464.0,0.0,4640.0,True
2025-01-30 02:01:00,400.0,812.0,812.0,0.0,412.0,412.0,False
2025-01-30 02:02:00,413.0,400.0,400.0,13.0,0.0,130.0,False
2025-01-30 02:03:00,482.0,413.0,413.0,69.0,0.0,690.0,False
2025-01-30 02:04:00,623.0,482.0,482.0,141.0,0.0,1410.0,False
2025-01-30 02:05:00,332.0,623.0,623.0,0.0,291.0,291.0,False
2025-01-30 02:06:00,530.0,332.0,332.0,198.0,0.0,1980.0,False
2025-01-30 02:07:00,275.0,530.0,530.0,0.0,255.0,255.0,False
2025-01-30 02:08:00,326.0,275.0,275.0,51.0,0.0,510.0,False
2025-01-30 02:09:00,374.0,326.0,326.0,48.0,0.0,480.0,False
2025-01-30 02:10:00,557.0,374.0,374.0,183.0,0.0,1830.0,False
2025-01-30 02:11:00,276.0,557.0,557.0,0.0,281.0,281.0,False
2025-01-30 02:12:00,398.0,276.0,276.0,122.0,0.0,1220.0,False
2025-01-30 02:13:00,268.0,398.0,398.0,0.0,130.0,130.0,False
2025-01-30 02:14:00,234.0,268.0,268.0,0.0,34.0,34.0,False
2025-01-30 02:15:00,407.0,234.0,234.0,173.0,0.0,1730.0,False
2025-01-30 02:16:00,329.0,407.0,407.0,0.0,78.0,78.0,False
2025-01-30 02:17:00,221.0,329.0,329.0,0.0,108.0,108.0,False
2025-01-30 02:18:00,305.0,221.0,221.0,84.0,0.0,840.0,False
2025-01-30 02:19:00,281.0,305.0,305.0,0.0,24.0,24.0,False
2025-01-30 02:20:00,588.0,281.0,281.0,307.0,0.0,3070.0,False
2025-01-30 02:21:00,391.0,588.0,588.0,0.0,197.0,197.0,False
2025-01-30 02:22:00,307.0,391.0,391.0,0.0,84.0,84.0,False
2025-01-30 02:23:00,402.0,307.0,307.0,95.0,0.0,950.0,False
2025-01-30 02:24:00,348.0,402.0,402.0,0.0,54.0,54.0,False
2025-01-30 02:25:00,280.0,348.0,348.0,0.0,68.0,68.0,False
2025-01-30 02:26:00,262.0,280.0,280.0,0.0,18.0,18.0,False
2025-01-30 02:27:00,261.0,262.0,262.0,0.0,1.0,1.0,False
2025-01-30 02:28:00,258.0,261.0,261.0,0.0,3.0,3.0,False
2025-01-30 02:29:00,290.0,258.0,258.0,32.0,0.0,320.0,False
2025-01-30 02:30:00,711.0,290.0,290.0,421.0,0.0,4210.0,False
2025-01-30 02:31:00,380.0,711.0,711.0,0.0,331.0,331.0,False
2025-01-30 02:32:00,329.0,380.0,380.0,0.0,51.0,51.0,False
2025-01-30 02:33:00,319.0,329.0,329.0,0.0,10.0,10.0,False
2025-01-30 02:34:00,316.0,319.0,319.0,0.0,3.0,3.0,False
2025-01-30 02:35:00,330.0,316.0,316.0,14.0,0.0,140.0,False
2025-01-30 02:36:00,285.0,330.0,330.0,0.0,45.0,45.0,False
2025-01-30 02:37:00,296.0,285.0,285.0,11.0,0.0,110.0,False
2025-01-30 02:38:00,197.0,296.0,296.0,0.0,99.0,99.0,False
2025-01-30 02:39:00,338.0,197.0,197.0,141.0,0.0,1410.0,False
2025-01-30 02:40:00,524.0,338.0,338.0,186.0,0.0,1860.0,False
2025-01-30 02:41:00,242.0,524.0,524.0,0.0,282.0,282.0,False
2025-01-30 02:42:00,299.0,242.0,242.0,57.0,0.0,570.0,False
2025-01-30 02:43:00,261.0,299.0,299.0,0.0,38.0,38.0,False
2025-01-30 02:44:00,257.0,261.0,261.0,0.0,4.0,4.0,False
2025-01-30 02:45:00,473.0,257.0,257.0,216.0,0.0,2160.0,False
2025-01-30 02:46:00,276.0,473.0,473.0,0.0,197.0,197.0,False
2025-01-30 02:47:00,231.0,276.0,276.0,0.0,45.0,45.0,False
2025-01-30 02:48:00,356.0,231.0,231.0,125.0,0.0,1250.0,False
2025-01-30 02:49:00,212.0,356.0,356.0,0.0,144.0,144.0,False
2025-01-30 02:50:00,556.0,212.0,212.0,344.0,0.0,3440.0,False
2025-01-30 02:51:00,342.0,556.0,556.0,0.0,214.0,214.0,False
2025-01-30 02:52:00,190.0,342.0,342.0,0.0,152.0,152.0,False
2025-01-30 02:53:00,308.0,190.0,190.0,118.0,0.0,1180.0,False
2025-01-30 02:54:00,304.0,308.0,308.0,0.0,4.0,4.0,False
2025-01-30 02:55:00,244.0,304.0,304.0,0.0,60.0,60.0,False
2025-01-30 02:56:00,331.0,244.0,244.0,87.0,0.0,870.0,False
2025-01-30 02:57:00,278.0,331.0,331.0,0.0,53.0,53.0,False
2025-01-30 02:58:00,279.0,278.0,278.0,1.0,0.0,10.0,False
2025-01-30 02:59:00,236.0,279.0,279.0,0.0,43.0,43.0,False
2025-01-30 03:00:00,711.0,236.0,236.0,475.0,0.0,4750.0,False
2025-01-30 03:01:00,307.0,711.0,711.0,0.0,404.0,404.0,False
2025-01-30 03:02:00,264.0,307.0,307.0,0.0,43.0,43.0,False
2025-01-30 03:03:00,361.0,264.0,264.0,97.0,0.0,970.0,False
2025-01-30 03:04:00,289.0,361.0,361.0,0.0,72.0,72.0,False
2025-01-30 03:05:00,302.0,289.0,289.0,13.0,0.0,130.0,False
2025-01-30 03:06:00,284.0,302.0,302.0,0.0,18.0,18.0,False
2025-01-30 03:07:00,284.0,284.0,284.0,0.0,0.0,0.0,False
2025-01-30 03:08:00,231.0,284.0,284.0,0.0,53.0,53.0,False
2025-01-30 03:09:00,295.0,231.0,231.0,64.0,0.0,640.0,False
2025-01-30 03:10:00,480.0,295.0,295.0,185.0,0.0,1850.0,False
2025-01-30 03:11:00,430.0,480.0,480.0,0.0,50.0,50.0,False
2025-01-30 03:12:00,263.0,430.0,430.0,0.0,167.0,167.0,False
2025-01-30 03:13:00,307.0,263.0,263.0,44.0,0.0,440.0,False
2025-01-30 03:14:00,256.0,307.0,307.0,0.0,51.0,51.0,False
2025-01-30 03:15:00,352.0,256.0,256.0,96.0,0.0,960.0,False
2025-01-30 03:16:00,301.0,352.0,352.0,0.0,51.0,51.0,False
2025-01-30 03:17:00,259.0,301.0,301.0,0.0,42.0,42.0,False
2025-01-30 03:18:00,246.0,259.0,259.0,0.0,13.0,13.0,False
2025-01-30 03:19:00,237.0,246.0,246.0,0.0,9.0,9.0,False
2025-01-30 03:20:00,530.0,237.0,237.0,293.0,0.0,2930.0,False
2025-01-30 03:21:00,276.0,530.0,530.0,0.0,254.0,254.0,False
2025-01-30 03:22:00,242.0,276.0,276.0,0.0,34.0,34.0,False
2025-01-30 03:23:00,300.0,242.0,242.0,58.0,0.0,580.0,False
2025-01-30 03:24:00,279.0,300.0,300.0,0.0,21.0,21.0,False
2025-01-30 03:25:00,251.0,279.0,279.0,0.0,28.0,28.0,False
2025-01-30 03:26:00,249.0,251.0,251.0,0.0,2.0,2.0,False
2025-01-30 03:27:00,235.0,249.0,249.0,0.0,14.0,14.0,False
2025-01-30 03:28:00,257.0,235.0,235.0,22.0,0.0,220.0,False
2025-01-30 03:29:00,218.0,257.0,257.0,0.0,39.0,39.0,False
2025-01-30 03:30:00,638.0,218.0,218.0,420.0,0.0,4200.0,False
2025-01-30 03:31:00,307.0,638.0,638.0,0.0,331.0,331.0,False
2025-01-30 03:32:00,321.0,307.0,307.0,14.0,0.0,140.0,False
2025-01-30 03:33:00,319.0,321.0,321.0,0.0,2.0,2.0,False
2025-01-30 03:34:00,234.0,319.0,319.0,0.0,85.0,85.0,False
2025-01-30 03:35:00,339.0,234.0,234.0,105.0,0.0,1050.0,False
2025-01-30 03:36:00,320.0,339.0,339.0,0.0,19.0,19.0,False
2025-01-30 03:37:00,264.0,320.0,320.0,0.0,56.0,56.0,False
2025-01-30 03:38:00,224.0,264.0,264.0,0.0,40.0,40.0,False
2025-01-30 03:39:00,264.0,224.0,224.0,40.0,0.0,400.0,False
2025-01-30 03:40:00,501.0,264.0,264.0,237.0,0.0,2370.0,False
2025-01-30 03:41:00,322.0,501.0,501.0,0.0,179.0,179.0,False
2025-01-30 03:42:00,289.0,322.0,322.0,0.0,33.0,33.0,False
2025-01-30 03:43:00,256.0,289.0,289.0,0.0,33.0,33.0,False
2025-01-30 03:44:00,265.0,256.0,256.0,9.0,0.0,90.0,False
2025-01-30 03:45:00,380.0,265.0,265.0,115.0,0.0,1150.0,False
2025-01-30 03:46:00,313.0,380.0,380.0,0.0,67.0,67.0,False
2025-01-30 03:47:00,211.0,313.0,313.0,0.0,102.0,102.0,False
2025-01-30 03:48:00,324.0,211.0,211.0,113.0,0.0,1130.0,False
2025-01-30 03:49:00,151.0,324.0,324.0,0.0,173.0,173.0,False
2025-01-30 03:50:00,496.0,151.0,151.0,345.0,0.0,3450.0,False
2025-01-30 03:51:00,331.0,496.0,496.0,0.0,165.0,165.0,False
2025-01-30 03:52:00,148.0,331.0,331.0,0.0,183.0,183.0,False
2025-01-30 03:53:00,275.0,148.0,148.0,127.0,0.0,1270.0,False
2025-01-30 03:54:00,230.0,275.0,275.0,0.0,45.0,45.0,False
2025-01-30 03:55:00,258.0,230.0,230.0,28.0,0.0,280.0,False
2025-01-30 03:56:00,162.0,258.0,258.0,0.0,96.0,96.0,False
2025-01-30 03:57:00,265.0,162.0,162.0,103.0,0.0,1030.0,False
2025-01-30 03:58:00,278.0,265.0,265.0,13.0,0.0,130.0,False
2025-01-30 03:59:00,264.0,278.0,278.0,0.0,14.0,14.0,False
2025-01-30 04:00:00,810.0,264.0,264.0,546.0,0.0,5460.0,True
2025-01-30 04:01:00,516.0,810.0,810.0,0.0,294.0,294.0,False
2025-01-30 04:02:00,415.0,516.0,516.0,0.0,101.0,101.0,False
2025-01-30 04:03:00,327.0,415.0,415.0,0.0,88.0,88.0,False
2025-01-30 04:04:00,380.0,327.0,327.0,53.0,0.0,530.0,False
2025-01-30 04:05:00,344.0,380.0,380.0,0.0,36.0,36.0,False
2025-01-30 04:06:00,309.0,344.0,344.0,0.0,35.0,35.0,False
2025-01-30 04:07:00,252.0,309.0,309.0,0.0,57.0,57.0,False
2025-01-30 04:08:00,215.0,252.0,252.0,0.0,37.0,37.0,False
2025-01-30 04:09:00,258.0,215.0,215.0,43.0,0.0,430.0,False
2025-01-30 04:10:00,579.0,258.0,258.0,321.0,0.0,3210.0,False
2025-01-30 04:11:00,328.0,579.0,579.0,0.0,251.0,251.0,False
2025-01-30 04:12:00,220.0,328.0,328.0,0.0,108.0,108.0,False
2025-01-30 04:13:00,254.0,220.0,220.0,34.0,0.0,340.0,False
2025-01-30 04:14:00,198.0,254.0,254.0,0.0,56.0,56.0,False
2025-01-30 04:15:00,583.0,198.0,198.0,385.0,0.0,3850.0,False
2025-01-30 04:16:00,256.0,583.0,583.0,0.0,327.0,327.0,False
2025-01-30 04:17:00,242.0,256.0,256.0,0.0,14.0,14.0,False
2025-01-30 04:18:00,267.0,242.0,242.0,25.0,0.0,250.0,False
2025-01-30 04:19:00,197.0,267.0,267.0,0.0,70.0,70.0,False
2025-01-30 04:20:00,542.0,197.0,197.0,345.0,0.0,3450.0,False
2025-01-30 04:21:00,254.0,542.0,542.0,0.0,288.0,288.0,False
2025-01-30 04:22:00,226.0,254.0,254.0,0.0,28.0,28.0,False
2025-01-30 04:23:00,280.0,226.0,226.0,54.0,0.0,540.0,False
2025-01-30 04:24:00,334.0,280.0,280.0,54.0,0.0,540.0,False
2025-01-30 04:25:00,262.0,334.0,334.0,0.0,72.0,72.0,False
2025-01-30 04:26:00,236.0,262.0,262.0,0.0,26.0,26.0,False
2025-01-30 04:27:00,225.0,236.0,236.0,0.0,11.0,11.0,False
2025-01-30 04:28:00,173.0,225.0,225.0,0.0,52.0,52.0,False
2025-01-30 04:29:00,226.0,173.0,173.0,53.0,0.0,530.0,False
2025-01-30 04:30:00,673.0,226.0,226.0,447.0,0.0,4470.0,False
2025-01-30 04:31:00,284.0,673.0,673.0,0.0,389.0,389.0,False
2025-01-30 04:32:00,267.0,284.0,284.0,0.0,17.0,17.0,False
2025-01-30 04:33:00,317.0,267.0,267.0,50.0,0.0,500.0,False
2025-01-30 04:34:00,220.0,317.0,317.0,0.0,97.0,97.0,False
2025-01-30 04:35:00,290.0,220.0,220.0,70.0,0.0,700.0,False
2025-01-30 04:36:00,322.0,290.0,290.0,32.0,0.0,320.0,False
2025-01-30 04:37:00,257.0,322.0,322.0,0.0,65.0,65.0,False
2025-01-30 04:38:00,194.0,257.0,257.0,0.0,63.0,63.0,False
2025-01-30 04:39:00,228.0,194.0,194.0,34.0,0.0,340.0,False
2025-01-30 04:40:00,586.0,228.0,228.0,358.0,0.0,3580.0,False
2025-01-30 04:41:00,291.0,586.0,586.0,0.0,295.0,295.0,False
2025-01-30 04:42:00,279.0,291.0,291.0,0.0,12.0,12.0,False
2025-01-30 04:43:00,272.0,279.0,279.0,0.0,7.0,7.0,False
2025-01-30 04:44:00,267.0,272.0,272.0,0.0,5.0,5.0,False
2025-01-30 04:45:00,502.0,267.0,267.0,235.0,0.0,2350.0,False
2025-01-30 04:46:00,256.0,502.0,502.0,0.0,246.0,246.0,False
2025-01-30 04:47:00,200.0,256.0,256.0,0.0,56.0,56.0,False
2025-01-30 04:48:00,241.0,200.0,200.0,41.0,0.0,410.0,False
2025-01-30 04:49:00,214.0,241.0,241.0,0.0,27.0,27.0,False
2025-01-30 04:50:00,483.0,214.0,214.0,269.0,0.0,2690.0,False
2025-01-30 04:51:00,275.0,483.0,483.0,0.0,208.0,208.0,False
2025-01-30 04:52:00,211.0,275.0,275.0,0.0,64.0,64.0,False
2025-01-30 04:53:00,259.0,211.0,211.0,48.0,0.0,480.0,False
2025-01-30 04:54:00,319.0,259.0,259.0,60.0,0.0,600.0,False
2025-01-30 04:55:00,213.0,319.0,319.0,0.0,106.0,106.0,False
2025-01-30 04:56:00,217.0,213.0,213.0,4.0,0.0,40.0,False
2025-01-30 04:57:00,300.0,217.0,217.0,83.0,0.0,830.0,False
2025-01-30 04:58:00,313.0,300.0,300.0,13.0,0.0,130.0,False
2025-01-30 04:59:00,234.0,313.0,313.0,0.0,79.0,79.0,False
2025-01-30 05:00:00,747.0,234.0,234.0,513.0,0.0,5130.0,True
2025-01-30 05:01:00,368.0,747.0,747.0,0.0,379.0,379.0,False
2025-01-30 05:02:00,254.0,368.0,368.0,0.0,114.0,114.0,False
2025-01-30 05:03:00,294.0,254.0,254.0,40.0,0.0,400.0,False
2025-01-30 05:04:00,306.0,294.0,294.0,12.0,0.0,120.0,False
2025-01-30 05:05:00,286.0,306.0,306.0,0.0,20.0,20.0,False
2025-01-30 05:06:00,303.0,286.0,286.0,17.0,0.0,170.0,False
2025-01-30 05:07:00,290.0,303.0,303.0,0.0,13.0,13.0,False
2025-01-30 05:08:00,280.0,290.0,290.0,0.0,10.0,10.0,False
2025-01-30 05:09:00,263.0,280.0,280.0,0.0,17.0,17.0,False
2025-01-30 05:10:00,530.0,263.0,263.0,267.0,0.0,2670.0,False
2025-01-30 05:11:00,208.0,530.0,530.0,0.0,322.0,322.0,False
2025-01-30 05:12:00,265.0,208.0,208.0,57.0,0.0,570.0,False
2025-01-30 05:13:00,258.0,265.0,265.0,0.0,7.0,7.0,False
2025-01-30 05:14:00,206.0,258.0,258.0,0.0,52.0,52.0,False
2025-01-30 05:15:00,326.0,206.0,206.0,120.0,0.0,1200.0,False
2025-01-30 05:16:00,300.0,326.0,326.0,0.0,26.0,26.0,False
2025-01-30 05:17:00,245.0,300.0,300.0,0.0,55.0,55.0,False
2025-01-30 05:18:00,256.0,245.0,245.0,11.0,0.0,110.0,False
2025-01-30 05:19:00,236.0,256.0,256.0,0.0,20.0,20.0,False
2025-01-30 05:20:00,489.0,236.0,236.0,253.0,0.0,2530.0,False
2025-01-30 05:21:00,288.0,489.0,489.0,0.0,201.0,201.0,False
2025-01-30 05:22:00,235.0,288.0,288.0,0.0,53.0,53.0,False
2025-01-30 05:23:00,259.0,235.0,235.0,24.0,0.0,240.0,False
2025-01-30 05:24:00,303.0,259.0,259.0,44.0,0.0,440.0,False
2025-01-30 05:25:00,229.0,303.0,303.0,0.0,74.0,74.0,False
2025-01-30 05:26:00,315.0,229.0,229.0,86.0,0.0,860.0,False
2025-01-30 05:27:00,342.0,315.0,315.0,27.0,0.0,270.0,False
2025-01-30 05:28:00,236.0,342.0,342.0,0.0,106.0,106.0,False
2025-01-30 05:29:00,205.0,236.0,236.0,0.0,31.0,31.0,False
2025-01-30 05:30:00,747.0,205.0,205.0,542.0,0.0,5420.0,True
2025-01-30 05:31:00,308.0,747.0,747.0,0.0,439.0,439.0,False
2025-01-30 05:32:00,302.0,308.0,308.0,0.0,6.0,6.0,False
2025-01-30 05:33:00,315.0,302.0,302.0,13.0,0.0,130.0,False
2025-01-30 05:34:00,228.0,315.0,315.0,0.0,87.0,87.0,False
2025-01-30 05:35:00,328.0,228.0,228.0,100.0,0.0,1000.0,False
2025-01-30 05:36:00,355.0,328.0,328.0,27.0,0.0,270.0,False
2025-01-30 05:37:00,421.0,355.0,355.0,66.0,0.0,660.0,False
2025-01-30 05:38:00,259.0,421.0,421.0,0.0,162.0,162.0,False
2025-01-30 05:39:00,245.0,259.0,259.0,0.0,14.0,14.0,False
2025-01-30 05:40:00,522.0,245.0,245.0,277.0,0.0,2770.0,False
2025-01-30 05:41:00,332.0,522.0,522.0,0.0,190.0,190.0,False
2025-01-30 05:42:00,257.0,332.0,332.0,0.0,75.0,75.0,False
2025-01-30 05:43:00,244.0,257.0,257.0,0.0,13.0,13.0,False
2025-01-30 05:44:00,274.0,244.0,244.0,30.0,0.0,300.0,False
2025-01-30 05:45:00,343.0,274.0,274.0,69.0,0.0,690.0,False
2025-01-30 05:46:00,301.0,343.0,343.0,0.0,42.0,42.0,False
2025-01-30 05:47:00,218.0,301.0,301.0,0.0,83.0,83.0,False
2025-01-30 05:48:00,256.0,218.0,218.0,38.0,0.0,380.0,False
2025-01-30 05:49:00,268.0,256.0,256.0,12.0,0.0,120.0,False
2025-01-30 05:50:00,524.0,268.0,268.0,256.0,0.0,2560.0,False
2025-01-30 05:51:00,261.0,524.0,524.0,0.0,263.0,263.0,False
2025-01-30 05:52:00,233.0,261.0,261.0,0.0,28.0,28.0,False
2025-01-30 05:53:00,275.0,233.0,233.0,42.0,0.0,420.0,False
2025-01-30 05:54:00,248.0,275.0,275.0,0.0,27.0,27.0,False
2025-01-30 05:55:00,246.0,248.0,248.0,0.0,2.0,2.0,False
2025-01-30 05:56:00,399.0,246.0,246.0,153.0,0.0,1530.0,False
2025-01-30 05:57:00,289.0,399.0,399.0,0.0,110.0,110.0,False
2025-01-30 05:58:00,183.0,289.0,289.0,0.0,106.0,106.0,False
2025-01-30 05:59:00,255.0,183.0,183.0,72.0,0.0,720.0,False
2025-01-30 06:00:00,758.0,255.0,255.0,503.0,0.0,5030.0,True
2025-01-30 06:01:00,344.0,758.0,758.0,0.0,414.0,414.0,False
2025-01-30 06:02:00,249.0,344.0,344.0,0.0,95.0,95.0,False
2025-01-30 06:03:00,314.0,249.0,249.0,65.0,0.0,650.0,False
2025-01-30 06:04:00,307.0,314.0,314.0,0.0,7.0,7.0,False
2025-01-30 06:05:00,288.0,307.0,307.0,0.0,19.0,19.0,False
2025-01-30 06:06:00,386.0,288.0,288.0,98.0,0.0,980.0,False
2025-01-30 06:07:00,314.0,386.0,386.0,0.0,72.0,72.0,False
2025-01-30 06:08:00,259.0,314.0,314.0,0.0,55.0,55.0,False
2025-01-30 06:09:00,320.0,259.0,259.0,61.0,0.0,610.0,False
2025-01-30 06:10:00,573.0,320.0,320.0,253.0,0.0,2530.0,False
2025-01-30 06:11:00,220.0,573.0,573.0,0.0,353.0,353.0,False
2025-01-30 06:12:00,278.0,220.0,220.0,58.0,0.0,580.0,False
2025-01-30 06:13:00,228.0,278.0,278.0,0.0,50.0,50.0,False
2025-01-30 06:14:00,313.0,228.0,228.0,85.0,0.0,850.0,False
2025-01-30 06:15:00,298.0,313.0,313.0,0.0,15.0,15.0,False
2025-01-30 06:16:00,327.0,298.0,298.0,29.0,0.0,290.0,False
2025-01-30 06:17:00,258.0,327.0,327.0,0.0,69.0,69.0,False
2025-01-30 06:18:00,195.0,258.0,258.0,0.0,63.0,63.0,False
2025-01-30 06:19:00,295.0,195.0,195.0,100.0,0.0,1000.0,False
2025-01-30 06:20:00,530.0,295.0,295.0,235.0,0.0,2350.0,False
2025-01-30 06:21:00,291.0,530.0,530.0,0.0,239.0,239.0,False
2025-01-30 06:22:00,240.0,291.0,291.0,0.0,51.0,51.0,False
2025-01-30 06:23:00,324.0,240.0,240.0,84.0,0.0,840.0,False
2025-01-30 06:24:00,331.0,324.0,324.0,7.0,0.0,70.0,False
2025-01-30 06:25:00,262.0,331.0,331.0,0.0,69.0,69.0,False
2025-01-30 06:26:00,245.0,262.0,262.0,0.0,17.0,17.0,False
2025-01-30 06:27:00,247.0,245.0,245.0,2.0,0.0,20.0,False
2025-01-30 06:28:00,210.0,247.0,247.0,0.0,37.0,37.0,False
2025-01-30 06:29:00,200.0,210.0,210.0,0.0,10.0,10.0,False
2025-01-30 06:30:00,703.0,200.0,200.0,503.0,0.0,5030.0,False
2025-01-30 06:31:00,380.0,703.0,703.0,0.0,323.0,323.0,False
2025-01-30 06:32:00,276.0,380.0,380.0,0.0,104.0,104.0,False
2025-01-30 06:33:00,316.0,276.0,276.0,40.0,0.0,400.0,False
2025-01-30 06:34:00,291.0,316.0,316.0,0.0,25.0,25.0,False
2025-01-30 06:35:00,263.0,291.0,291.0,0.0,28.0,28.0,False
2025-01-30 06:36:00,311.0,263.0,263.0,48.0,0.0,480.0,False
2025-01-30 06:37:00,417.0,311.0,311.0,106.0,0.0,1060.0,False
2025-01-30 06:38:00,247.0,417.0,417.0,0.0,170.0,170.0,False
2025-01-30 06:39:00,277.0,247.0,247.0,30.0,0.0,300.0,False
2025-01-30 06:40:00,509.0,277.0,277.0,232.0,0.0,2320.0,False
2025-01-30 06:41:00,301.0,509.0,509.0,0.0,208.0,208.0,False
2025-01-30 06:42:00,281.0,301.0,301.0,0.0,20.0,20.0,False
2025-01-30 06:43:00,315.0,281.0,281.0,34.0,0.0,340.0,False
2025-01-30 06:44:00,236.0,315.0,315.0,0.0,79.0,79.0,False
2025-01-30 06:45:00,342.0,236.0,236.0,106.0,0.0,1060.0,False
2025-01-30 06:46:00,343.0,342.0,342.0,1.0,0.0,10.0,False
2025-01-30 06:47:00,236.0,343.0,343.0,0.0,107.0,107.0,False
2025-01-30 06:48:00,283.0,236.0,236.0,47.0,0.0,470.0,False
2025-01-30 06:49:00,238.0,283.0,283.0,0.0,45.0,45.0,False
2025-01-30 06:50:00,465.0,238.0,238.0,227.0,0.0,2270.0,False
2025-01-30 06:51:00,283.0,465.0,465.0,0.0,182.0,182.0,False
2025-01-30 06:52:00,273.0,283.0,283.0,0.0,10.0,10.0,False
2025-01-30 06:53:00,225.0,273.0,273.0,0.0,48.0,48.0,False
2025-01-30 06:54:00,327.0,225.0,225.0,102.0,0.0,1020.0,False
2025-01-30 06:55:00,258.0,327.0,327.0,0.0,69.0,69.0,False
2025-01-30 06:56:00,285.0,258.0,258.0,27.0,0.0,270.0,False
2025-01-30 06:57:00,219.0,285.0,285.0,0.0,66.0,66.0,False
2025-01-30 06:58:00,231.0,219.0,219.0,12.0,0.0,120.0,False
2025-01-30 06:59:00,278.0,231.0,231.0,47.0,0.0,470.0,False
2025-01-30 07:00:00,740.0,278.0,278.0,462.0,0.0,4620.0,True
2025-01-30 07:01:00,465.0,740.0,740.0,0.0,275.0,275.0,False
2025-01-30 07:02:00,292.0,465.0,465.0,0.0,173.0,173.0,False
2025-01-30 07:03:00,335.0,292.0,292.0,43.0,0.0,430.0,False
2025-01-30 07:04:00,376.0,335.0,335.0,41.0,0.0,410.0,False
2025-01-30 07:05:00,307.0,376.0,376.0,0.0,69.0,69.0,False
2025-01-30 07:06:00,348.0,307.0,307.0,41.0,0.0,410.0,False
2025-01-30 07:07:00,293.0,348.0,348.0,0.0,55.0,55.0,False
2025-01-30 07:08:00,281.0,293.0,293.0,0.0,12.0,12.0,False
2025-01-30 07:09:00,255.0,281.0,281.0,0.0,26.0,26.0,False
2025-01-30 07:10:00,503.0,255.0,255.0,248.0,0.0,2480.0,False
2025-01-30 07:11:00,394.0,503.0,503.0,0.0,109.0,109.0,False
2025-01-30 07:12:00,410.0,394.0,394.0,16.0,0.0,160.0,False
2025-01-30 07:13:00,264.0,410.0,410.0,0.0,146.0,146.0,False
2025-01-30 07:14:00,160.0,264.0,264.0,0.0,104.0,104.0,False
2025-01-30 07:15:00,451.0,160.0,160.0,291.0,0.0,2910.0,False
2025-01-30 07:16:00,369.0,451.0,451.0,0.0,82.0,82.0,False
2025-01-30 07:17:00,215.0,369.0,369.0,0.0,154.0,154.0,False
2025-01-30 07:18:00,280.0,215.0,215.0,65.0,0.0,650.0,False
2025-01-30 07:19:00,260.0,280.0,280.0,0.0,20.0,20.0,False
2025-01-30 07:20:00,529.0,260.0,260.0,269.0,0.0,2690.0,False
2025-01-30 07:21:00,310.0,529.0,529.0,0.0,219.0,219.0,False
2025-01-30 07:22:00,244.0,310.0,310.0,0.0,66.0,66.0,False
2025-01-30 07:23:00,219.0,244.0,244.0,0.0,25.0,25.0,False
2025-01-30 07:24:00,296.0,219.0,219.0,77.0,0.0,770.0,False
2025-01-30 07:25:00,270.0,296.0,296.0,0.0,26.0,26.0,False
2025-01-30 07:26:00,385.0,270.0,270.0,115.0,0.0,1150.0,False
2025-01-30 07:27:00,270.0,385.0,385.0,0.0,115.0,115.0,False
2025-01-30 07:28:00,314.0,270.0,270.0,44.0,0.0,440.0,False
2025-01-30 07:29:00,223.0,314.0,314.0,0.0,91.0,91.0,False
2025-01-30 07:30:00,675.0,223.0,223.0,452.0,0.0,4520.0,False
2025-01-30 07:31:00,355.0,675.0,675.0,0.0,320.0,320.0,False
2025-01-30 07:32:00,295.0,355.0,355.0,0.0,60.0,60.0,False
2025-01-30 07:33:00,330.0,295.0,295.0,35.0,0.0,350.0,False
2025-01-30 07:34:00,309.0,330.0,330.0,0.0,21.0,21.0,False
2025-01-30 07:35:00,342.0,309.0,309.0,33.0,0.0,330.0,False
2025-01-30 07:36:00,271.0,342.0,342.0,0.0,71.0,71.0,False
2025-01-30 07:37:00,296.0,271.0,271.0,25.0,0.0,250.0,False
2025-01-30 07:38:00,221.0,296.0,296.0,0.0,75.0,75.0,False
2025-01-30 07:39:00,308.0,221.0,221.0,87.0,0.0,870.0,False
2025-01-30 07:40:00,572.0,308.0,308.0,264.0,0.0,2640.0,False
2025-01-30 07:41:00,279.0,572.0,572.0,0.0,293.0,293.0,False
2025-01-30 07:42:00,274.0,279.0,279.0,0.0,5.0,5.0,False
2025-01-30 07:43:00,253.0,274.0,274.0,0.0,21.0,21.0,False
2025-01-30 07:44:00,255.0,253.0,253.0,2.0,0.0,20.0,False
2025-01-30 07:45:00,400.0,255.0,255.0,145.0,0.0,1450.0,False
2025-01-30 07:46:00,362.0,400.0,400.0,0.0,38.0,38.0,False
2025-01-30 07:47:00,255.0,362.0,362.0,0.0,107.0,107.0,False
2025-01-30 07:48:00,250.0,255.0,255.0,0.0,5.0,5.0,False
2025-01-30 07:49:00,224.0,250.0,250.0,0.0,26.0,26.0,False
2025-01-30 07:50:00,673.0,224.0,224.0,449.0,0.0,4490.0,False
2025-01-30 07:51:00,371.0,673.0,673.0,0.0,302.0,302.0,False
2025-01-30 07:52:00,301.0,371.0,371.0,0.0,70.0,70.0,False
2025-01-30 07:53:00,197.0,301.0,301.0,0.0,104.0,104.0,False
2025-01-30 07:54:00,331.0,197.0,197.0,134.0,0.0,1340.0,False
2025-01-30 07:55:00,274.0,331.0,331.0,0.0,57.0,57.0,False
2025-01-30 07:56:00,254.0,274.0,274.0,0.0,20.0,20.0,False
2025-01-30 07:57:00,324.0,254.0,254.0,70.0,0.0,700.0,False
2025-01-30 07:58:00,191.0,324.0,324.0,0.0,133.0,133.0,False
2025-01-30 07:59:00,222.0,191.0,191.0,31.0,0.0,310.0,False
2025-01-30 08:00:00,739.0,222.0,222.0,517.0,0.0,5170.0,True
2025-01-30 08:01:00,491.0,739.0,739.0,0.0,248.0,248.0,False
2025-01-30 08:02:00,338.0,491.0,491.0,0.0,153.0,153.0,False
2025-01-30 08:03:00,380.0,338.0,338.0,42.0,0.0,420.0,False
2025-01-30 08:04:00,422.0,380.0,380.0,42.0,0.0,420.0,False
2025-01-30 08:05:00,298.0,422.0,422.0,0.0,124.0,124.0,False
2025-01-30 08:06:00,347.0,298.0,298.0,49.0,0.0,490.0,False
2025-01-30 08:07:00,248.0,347.0,347.0,0.0,99.0,99.0,False
2025-01-30 08:08:00,289.0,248.0,248.0,41.0,0.0,410.0,False
2025-01-30 08:09:00,340.0,289.0,289.0,51.0,0.0,510.0,False
2025-01-30 08:10:00,576.0,340.0,340.0,236.0,0.0,2360.0,False
2025-01-30 08:11:00,253.0,576.0,576.0,0.0,323.0,323.0,False
2025-01-30 08:12:00,382.0,253.0,253.0,129.0,0.0,1290.0,False
2025-01-30 08:13:00,313.0,382.0,382.0,0.0,69.0,69.0,False
2025-01-30 08:14:00,222.0,313.0,313.0,0.0,91.0,91.0,False
2025-01-30 08:15:00,311.0,222.0,222.0,89.0,0.0,890.0,False
2025-01-30 08:16:00,329.0,311.0,311.0,18.0,0.0,180.0,False
2025-01-30 08:17:00,218.0,329.0,329.0,0.0,111.0,111.0,False
2025-01-30 08:18:00,310.0,218.0,218.0,92.0,0.0,920.0,False
2025-01-30 08:19:00,309.0,310.0,310.0,0.0,1.0,1.0,False
2025-01-30 08:20:00,571.0,309.0,309.0,262.0,0.0,2620.0,False
2025-01-30 08:21:00,303.0,571.0,571.0,0.0,268.0,268.0,False
2025-01-30 08:22:00,331.0,303.0,303.0,28.0,0.0,280.0,False
2025-01-30 08:23:00,273.0,331.0,331.0,0.0,58.0,58.0,False
2025-01-30 08:24:00,417.0,273.0,273.0,144.0,0.0,1440.0,False
2025-01-30 08:25:00,355.0,417.0,417.0,0.0,62.0,62.0,False
2025-01-30 08:26:00,253.0,355.0,355.0,0.0,102.0,102.0,False
2025-01-30 08:27:00,235.0,253.0,253.0,0.0,18.0,18.0,False
2025-01-30 08:28:00,245.0,235.0,235.0,10.0,0.0,100.0,False
2025-01-30 08:29:00,243.0,245.0,245.0,0.0,2.0,2.0,False
2025-01-30 08:30:00,667.0,243.0,243.0,424.0,0.0,4240.0,False
2025-01-30 08:31:00,374.0,667.0,667.0,0.0,293.0,293.0,False
2025-01-30 08:32:00,337.0,374.0,374.0,0.0,37.0,37.0,False
2025-01-30 08:33:00,413.0,337.0,337.0,76.0,0.0,760.0,False
2025-01-30 08:34:00,327.0,413.0,413.0,0.0,86.0,86.0,False
2025-01-30 08:35:00,317.0,327.0,327.0,0.0,10.0,10.0,False
2025-01-30 08:36:00,384.0,317.0,317.0,67.0,0.0,670.0,False
2025-01-30 08:37:00,277.0,384.0,384.0,0.0,107.0,107.0,False
2025-01-30 08:38:00,209.0,277.0,277.0,0.0,68.0,68.0,False
2025-01-30 08:39:00,337.0,209.0,209.0,128.0,0.0,1280.0,False
2025-01-30 08:40:00,641.0,337.0,337.0,304.0,0.0,3040.0,False
2025-01-30 08:41:00,285.0,641.0,641.0,0.0,356.0,356.0,False
2025-01-30 08:42:00,342.0,285.0,285.0,57.0,0.0,570.0,False
2025-01-30 08:43:00,367.0,342.0,342.0,25.0,0.0,250.0,False
2025-01-30 08:44:00,284.0,367.0,367.0,0.0,83.0,83.0,False
2025-01-30 08:45:00,343.0,284.0,284.0,59.0,0.0,590.0,False
2025-01-30 08:46:00,377.0,343.0,343.0,34.0,0.0,340.0,False
2025-01-30 08:47:00,300.0,377.0,377.0,0.0,77.0,77.0,False
2025-01-30 08:48:00,226.0,300.0,300.0,0.0,74.0,74.0,False
2025-01-30 08:49:00,298.0,226.0,226.0,72.0,0.0,720.0,False
2025-01-30 08:50:00,522.0,298.0,298.0,224.0,0.0,2240.0,False
2025-01-30 08:51:00,327.0,522.0,522.0,0.0,195.0,195.0,False
2025-01-30 08:52:00,256.0,327.0,327.0,0.0,71.0,71.0,False
2025-01-30 08:53:00,241.0,256.0,256.0,0.0,15.0,15.0,False
2025-01-30 08:54:00,337.0,241.0,241.0,96.0,0.0,960.0,False
2025-01-30 08:55:00,375.0,337.0,337.0,38.0,0.0,380.0,False
2025-01-30 08:56:00,288.0,375.0,375.0,0.0,87.0,87.0,False
2025-01-30 08:57:00,399.0,288.0,288.0,111.0,0.0,1110.0,False
2025-01-30 08:58:00,248.0,399.0,399.0,0.0,151.0,151.0,False
2025-01-30 08:59:00,460.0,248.0,248.0,212.0,0.0,2120.0,False
2025-01-30 09:00:00,814.0,460.0,460.0,354.0,0.0,3540.0,True
2025-01-30 09:01:00,395.0,814.0,814.0,0.0,419.0,419.0,False
2025-01-30 09:02:00,340.0,395.0,395.0,0.0,55.0,55.0,False
2025-01-30 09:03:00,428.0,340.0,340.0,88.0,0.0,880.0,False
2025-01-30 09:04:00,411.0,428.0,428.0,0.0,17.0,17.0,False
2025-01-30 09:05:00,573.0,411.0,411.0,162.0,0.0,1620.0,False
2025-01-30 09:06:00,470.0,573.0,573.0,0.0,103.0,103.0,False
2025-01-30 09:07:00,367.0,470.0,470.0,0.0,103.0,103.0,False
2025-01-30 09:08:00,311.0,367.0,367.0,0.0,56.0,56.0,False
2025-01-30 09:09:00,444.0,311.0,311.0,133.0,0.0,1330.0,False
2025-01-30 09:10:00,485.0,444.0,444.0,41.0,0.0,410.0,False
2025-01-30 09:11:00,343.0,485.0,485.0,0.0,142.0,142.0,False
2025-01-30 09:12:00,299.0,343.0,343.0,0.0,44.0,44.0,False
2025-01-30 09:13:00,287.0,299.0,299.0,0.0,12.0,12.0,False
2025-01-30 09:14:00,226.0,287.0,287.0,0.0,61.0,61.0,False
2025-01-30 09:15:00,369.0,226.0,226.0,143.0,0.0,1430.0,False
2025-01-30 09:16:00,305.0,369.0,369.0,0.0,64.0,64.0,False
2025-01-30 09:17:00,238.0,305.0,305.0,0.0,67.0,67.0,False
2025-01-30 09:18:00,239.0,238.0,238.0,1.0,0.0,10.0,False
2025-01-30 09:19:00,259.0,239.0,239.0,20.0,0.0,200.0,False
2025-01-30 09:20:00,550.0,259.0,259.0,291.0,0.0,2910.0,False
2025-01-30 09:21:00,330.0,550.0,550.0,0.0,220.0,220.0,False
2025-01-30 09:22:00,290.0,330.0,330.0,0.0,40.0,40.0,False
2025-01-30 09:23:00,244.0,290.0,290.0,0.0,46.0,46.0,False
2025-01-30 09:24:00,360.0,244.0,244.0,116.0,0.0,1160.0,False
2025-01-30 09:25:00,325.0,360.0,360.0,0.0,35.0,35.0,False
2025-01-30 09:26:00,306.0,325.0,325.0,0.0,19.0,19.0,False
2025-01-30 09:27:00,227.0,306.0,306.0,0.0,79.0,79.0,False
2025-01-30 09:28:00,297.0,227.0,227.0,70.0,0.0,700.0,False
2025-01-30 09:29:00,177.0,297.0,297.0,0.0,120.0,120.0,False
2025-01-30 09:30:00,653.0,177.0,177.0,476.0,0.0,4760.0,False
2025-01-30 09:31:00,322.0,653.0,653.0,0.0,331.0,331.0,False
2025-01-30 09:32:00,320.0,322.0,322.0,0.0,2.0,2.0,False
2025-01-30 09:33:00,337.0,320.0,320.0,17.0,0.0,170.0,False
2025-01-30 09:34:00,317.0,337.0,337.0,0.0,20.0,20.0,False
2025-01-30 09:35:00,334.0,317.0,317.0,17.0,0.0,170.0,False
2025-01-30 09:36:00,348.0,334.0,334.0,14.0,0.0,140.0,False
2025-01-30 09:37:00,539.0,348.0,348.0,191.0,0.0,1910.0,False
2025-01-30 09:38:00,252.0,539.0,539.0,0.0,287.0,287.0,False
2025-01-30 09:39:00,253.0,252.0,252.0,1.0,0.0,10.0,False
2025-01-30 09:40:00,593.0,253.0,253.0,340.0,0.0,3400.0,False
2025-01-30 09:41:00,342.0,593.0,593.0,0.0,251.0,251.0,False
2025-01-30 09:42:00,351.0,342.0,342.0,9.0,0.0,90.0,False
2025-01-30 09:43:00,235.0,351.0,351.0,0.0,116.0,116.0,False
2025-01-30 09:44:00,286.0,235.0,235.0,51.0,0.0,510.0,False
2025-01-30 09:45:00,359.0,286.0,286.0,73.0,0.0,730.0,False
2025-01-30 09:46:00,238.0,359.0,359.0,0.0,121.0,121.0,False
2025-01-30 09:47:00,206.0,238.0,238.0,0.0,32.0,32.0,False
2025-01-30 09:48:00,350.0,206.0,206.0,144.0,0.0,1440.0,False
2025-01-30 09:49:00,203.0,350.0,350.0,0.0,147.0,147.0,False
2025-01-30 09:50:00,493.0,203.0,203.0,290.0,0.0,2900.0,False
2025-01-30 09:51:00,320.0,493.0,493.0,0.0,173.0,173.0,False
2025-01-30 09:52:00,248.0,320.0,320.0,0.0,72.0,72.0,False
2025-01-30 09:53:00,226.0,248.0,248.0,0.0,22.0,22.0,False
2025-01-30 09:54:00,276.0,226.0,226.0,50.0,0.0,500.0,False
2025-01-30 09:55:00,246.0,276.0,276.0,0.0,30.0,30.0,False
2025-01-30 09:56:00,247.0,246.0,246.0,1.0,0.0,10.0,False
2025-01-30 09:57:00,229.0,247.0,247.0,0.0,18.0,18.0,False
2025-01-30 09:58:00,356.0,229.0,229.0,127.0,0.0,1270.0,False
2025-01-30 09:59:00,206.0,356.0,356.0,0.0,150.0,150.0,False
2025-01-30 10:00:00,778.0,206.0,206.0,572.0,0.0,5720.0,True
2025-01-30 10:01:00,397.0,778.0,778.0,0.0,381.0,381.0,False
2025-01-30 10:02:00,241.0,397.0,397.0,0.0,156.0,156.0,False
2025-01-30 10:03:00,301.0,241.0,241.0,60.0,0.0,600.0,False
2025-01-30 10:04:00,334.0,301.0,301.0,33.0,0.0,330.0,False
2025-01-30 10:05:00,353.0,334.0,334.0,19.0,0.0,190.0,False
2025-01-30 10:06:00,382.0,353.0,353.0,29.0,0.0,290.0,False
2025-01-30 10:07:00,271.0,382.0,382.0,0.0,111.0,111.0,False
2025-01-30 10:08:00,326.0,271.0,271.0,55.0,0.0,550.0,False
2025-01-30 10:09:00,277.0,326.0,326.0,0.0,49.0,49.0,False
2025-01-30 10:10:00,530.0,277.0,277.0,253.0,0.0,2530.0,False
2025-01-30 10:11:00,275.0,530.0,530.0,0.0,255.0,255.0,False
2025-01-30 10:12:00,206.0,275.0,275.0,0.0,69.0,69.0,False
2025-01-30 10:13:00,328.0,206.0,206.0,122.0,0.0,1220.0,False
2025-01-30 10:14:00,238.0,328.0,328.0,0.0,90.0,90.0,False
2025-01-30 10:15:00,329.0,238.0,238.0,91.0,0.0,910.0,False
2025-01-30 10:16:00,236.0,329.0,329.0,0.0,93.0,93.0,False
2025-01-30 10:17:00,179.0,236.0,236.0,0.0,57.0,57.0,False
2025-01-30 10:18:00,186.0,179.0,179.0,7.0,0.0,70.0,False
2025-01-30 10:19:00,210.0,186.0,186.0,24.0,0.0,240.0,False
2025-01-30 10:20:00,528.0,210.0,210.0,318.0,0.0,3180.0,False
2025-01-30 10:21:00,353.0,528.0,528.0,0.0,175.0,175.0,False
2025-01-30 10:22:00,244.0,353.0,353.0,0.0,109.0,109.0,False
2025-01-30 10:23:00,274.0,244.0,244.0,30.0,0.0,300.0,False
2025-01-30 10:24:00,262.0,274.0,274.0,0.0,12.0,12.0,False
2025-01-30 10:25:00,212.0,262.0,262.0,0.0,50.0,50.0,False
2025-01-30 10:26:00,322.0,212.0,212.0,110.0,0.0,1100.0,False
2025-01-30 10:27:00,233.0,322.0,322.0,0.0,89.0,89.0,False
2025-01-30 10:28:00,218.0,233.0,233.0,0.0,15.0,15.0,False
2025-01-30 10:29:00,214.0,218.0,218.0,0.0,4.0,4.0,False
2025-01-30 10:30:00,602.0,214.0,214.0,388.0,0.0,3880.0,False
2025-01-30 10:31:00,321.0,602.0,602.0,0.0,281.0,281.0,False
2025-01-30 10:32:00,324.0,321.0,321.0,3.0,0.0,30.0,False
2025-01-30 10:33:00,345.0,324.0,324.0,21.0,0.0,210.0,False
2025-01-30 10:34:00,225.0,345.0,345.0,0.0,120.0,120.0,False
2025-01-30 10:35:00,277.0,225.0,225.0,52.0,0.0,520.0,False
2025-01-30 10:36:00,291.0,277.0,277.0,14.0,0.0,140.0,False
2025-01-30 10:37:00,249.0,291.0,291.0,0.0,42.0,42.0,False
2025-01-30 10:38:00,243.0,249.0,249.0,0.0,6.0,6.0,False
2025-01-30 10:39:00,263.0,243.0,243.0,20.0,0.0,200.0,False
2025-01-30 10:40:00,563.0,263.0,263.0,300.0,0.0,3000.0,False
2025-01-30 10:41:00,264.0,563.0,563.0,0.0,299.0,299.0,False
2025-01-30 10:42:00,306.0,264.0,264.0,42.0,0.0,420.0,False
2025-01-30 10:43:00,218.0,306.0,306.0,0.0,88.0,88.0,False
2025-01-30 10:44:00,247.0,218.0,218.0,29.0,0.0,290.0,False
2025-01-30 10:45:00,350.0,247.0,247.0,103.0,0.0,1030.0,False
2025-01-30 10:46:00,207.0,350.0,350.0,0.0,143.0,143.0,False
2025-01-30 10:47:00,306.0,207.0,207.0,99.0,0.0,990.0,False
2025-01-30 10:48:00,241.0,306.0,306.0,0.0,65.0,65.0,False
2025-01-30 10:49:00,195.0,241.0,241.0,0.0,46.0,46.0,False
2025-01-30 10:50:00,462.0,195.0,195.0,267.0,0.0,2670.0,False
2025-01-30 10:51:00,239.0,462.0,462.0,0.0,223.0,223.0,False
2025-01-30 10:52:00,276.0,239.0,239.0,37.0,0.0,370.0,False
2025-01-30 10:53:00,191.0,276.0,276.0,0.0,85.0,85.0,False
2025-01-30 10:54:00,230.0,191.0,191.0,39.0,0.0,390.0,False
2025-01-30 10:55:00,211.0,230.0,230.0,0.0,19.0,19.0,False
2025-01-30 10:56:00,234.0,211.0,211.0,23.0,0.0,230.0,False
2025-01-30 10:57:00,434.0,234.0,234.0,200.0,0.0,2000.0,False
2025-01-30 10:58:00,157.0,434.0,434.0,0.0,277.0,277.0,False
2025-01-30 10:59:00,215.0,157.0,157.0,58.0,0.0,580.0,False
2025-01-30 11:00:00,627.0,215.0,215.0,412.0,0.0,4120.0,False
2025-01-30 11:01:00,348.0,627.0,627.0,0.0,279.0,279.0,False
2025-01-30 11:02:00,246.0,348.0,348.0,0.0,102.0,102.0,False
2025-01-30 11:03:00,304.0,246.0,246.0,58.0,0.0,580.0,False
2025-01-30 11:04:00,327.0,304.0,304.0,23.0,0.0,230.0,False
2025-01-30 11:05:00,257.0,327.0,327.0,0.0,70.0,70.0,False
2025-01-30 11:06:00,265.0,257.0,257.0,8.0,0.0,80.0,False
2025-01-30 11:07:00,305.0,265.0,265.0,40.0,0.0,400.0,False
2025-01-30 11:08:00,201.0,305.0,305.0,0.0,104.0,104.0,False
2025-01-30 11:09:00,283.0,201.0,201.0,82.0,0.0,820.0,False
2025-01-30 11:10:00,487.0,283.0,283.0,204.0,0.0,2040.0,False
2025-01-30 11:11:00,210.0,487.0,487.0,0.0,277.0,277.0,False
2025-01-30 11:12:00,257.0,210.0,210.0,47.0,0.0,470.0,False
2025-01-30 11:13:00,254.0,257.0,257.0,0.0,3.0,3.0,False
2025-01-30 11:14:00,174.0,254.0,254.0,0.0,80.0,80.0,False
2025-01-30 11:15:00,319.0,174.0,174.0,145.0,0.0,1450.0,False
2025-01-30 11:16:00,254.0,319.0,319.0,0.0,65.0,65.0,False
2025-01-30 11:17:00,169.0,254.0,254.0,0.0,85.0,85.0,False
2025-01-30 11:18:00,244.0,169.0,169.0,75.0,0.0,750.0,False
2025-01-30 11:19:00,190.0,244.0,244.0,0.0,54.0,54.0,False
2025-01-30 11:20:00,466.0,190.0,190.0,276.0,0.0,2760.0,False
2025-01-30 11:21:00,302.0,466.0,466.0,0.0,164.0,164.0,False
2025-01-30 11:22:00,205.0,302.0,302.0,0.0,97.0,97.0,False
2025-01-30 11:23:00,217.0,205.0,205.0,12.0,0.0,120.0,False
2025-01-30 11:24:00,275.0,217.0,217.0,58.0,0.0,580.0,False
2025-01-30 11:25:00,223.0,275.0,275.0,0.0,52.0,52.0,False
2025-01-30 11:26:00,198.0,223.0,223.0,0.0,25.0,25.0,False
2025-01-30 11:27:00,263.0,198.0,198.0,65.0,0.0,650.0,False
2025-01-30 11:28:00,135.0,263.0,263.0,0.0,128.0,128.0,False
2025-01-30 11:29:00,197.0,135.0,135.0,62.0,0.0,620.0,False
2025-01-30 11:30:00,585.0,197.0,197.0,388.0,0.0,3880.0,False
2025-01-30 11:31:00,292.0,585.0,585.0,0.0,293.0,293.0,False
2025-01-30 11:32:00,332.0,292.0,292.0,40.0,0.0,400.0,False
2025-01-30 11:33:00,271.0,332.0,332.0,0.0,61.0,61.0,False
2025-01-30 11:34:00,248.0,271.0,271.0,0.0,23.0,23.0,False
2025-01-30 11:35:00,267.0,248.0,248.0,19.0,0.0,190.0,False
2025-01-30 11:36:00,251.0,267.0,267.0,0.0,16.0,16.0,False
2025-01-30 11:37:00,229.0,251.0,251.0,0.0,22.0,22.0,False
2025-01-30 11:38:00,192.0,229.0,229.0,0.0,37.0,37.0,False
2025-01-30 11:39:00,258.0,192.0,192.0,66.0,0.0,660.0,False
2025-01-30 11:40:00,584.0,258.0,258.0,326.0,0.0,3260.0,False
2025-01-30 11:41:00,238.0,584.0,584.0,0.0,346.0,346.0,False
2025-01-30 11:42:00,205.0,238.0,238.0,0.0,33.0,33.0,False
2025-01-30 11:43:00,239.0,205.0,205.0,34.0,0.0,340.0,False
2025-01-30 11:44:00,279.0,239.0,239.0,40.0,0.0,400.0,False
2025-01-30 11:45:00,303.0,279.0,279.0,24.0,0.0,240.0,False
2025-01-30 11:46:00,268.0,303.0,303.0,0.0,35.0,35.0,False
2025-01-30 11:47:00,203.0,268.0,268.0,0.0,65.0,65.0,False
2025-01-30 11:48:00,221.0,203.0,203.0,18.0,0.0,180.0,False
2025-01-30 11:49:00,213.0,221.0,221.0,0.0,8.0,8.0,False
2025-01-30 11:50:00,471.0,213.0,213.0,258.0,0.0,2580.0,False
2025-01-30 11:51:00,188.0,471.0,471.0,0.0,283.0,283.0,False
2025-01-30 11:52:00,178.0,188.0,188.0,0.0,10.0,10.0,False
2025-01-30 11:53:00,238.0,178.0,178.0,60.0,0.0,600.0,False
2025-01-30 11:54:00,213.0,238.0,238.0,0.0,25.0,25.0,False
2025-01-30 11:55:00,175.0,213.0,213.0,0.0,38.0,38.0,False
2025-01-30 11:56:00,249.0,175.0,175.0,74.0,0.0,740.0,False
2025-01-30 11:57:00,211.0,249.0,249.0,0.0,38.0,38.0,False
2025-01-30 11:58:00,145.0,211.0,211.0,0.0,66.0,66.0,False
2025-01-30 11:59:00,187.0,145.0,145.0,42.0,0.0,420.0,False
2025-01-30 12:00:00,730.0,187.0,187.0,543.0,0.0,5430.0,True
2025-01-30 12:01:00,282.0,730.0,730.0,0.0,448.0,448.0,False
2025-01-30 12:02:00,261.0,282.0,282.0,0.0,21.0,21.0,False
2025-01-30 12:03:00,264.0,261.0,261.0,3.0,0.0,30.0,False
2025-01-30 12:04:00,305.0,264.0,264.0,41.0,0.0,410.0,False
2025-01-30 12:05:00,277.0,305.0,305.0,0.0,28.0,28.0,False
2025-01-30 12:06:00,279.0,277.0,277.0,2.0,0.0,20.0,False
2025-01-30 12:07:00,224.0,279.0,279.0,0.0,55.0,55.0,False
2025-01-30 12:08:00,238.0,224.0,224.0,14.0,0.0,140.0,False
2025-01-30 12:09:00,228.0,238.0,238.0,0.0,10.0,10.0,False
2025-01-30 12:10:00,538.0,228.0,228.0,310.0,0.0,3100.0,False
2025-01-30 12:11:00,250.0,538.0,538.0,0.0,288.0,288.0,False
2025-01-30 12:12:00,306.0,250.0,250.0,56.0,0.0,560.0,False
2025-01-30 12:13:00,214.0,306.0,306.0,0.0,92.0,92.0,False
2025-01-30 12:14:00,239.0,214.0,214.0,25.0,0.0,250.0,False
2025-01-30 12:15:00,300.0,239.0,239.0,61.0,0.0,610.0,False
2025-01-30 12:16:00,240.0,300.0,300.0,0.0,60.0,60.0,False
2025-01-30 12:17:00,192.0,240.0,240.0,0.0,48.0,48.0,False
2025-01-30 12:18:00,183.0,192.0,192.0,0.0,9.0,9.0,False
2025-01-30 12:19:00,184.0,183.0,183.0,1.0,0.0,10.0,False
2025-01-30 12:20:00,480.0,184.0,184.0,296.0,0.0,2960.0,False
2025-01-30 12:21:00,241.0,480.0,480.0,0.0,239.0,239.0,False
2025-01-30 12:22:00,214.0,241.0,241.0,0.0,27.0,27.0,False
2025-01-30 12:23:00,262.0,214.0,214.0,48.0,0.0,480.0,False
2025-01-30 12:24:00,323.0,262.0,262.0,61.0,0.0,610.0,False
2025-01-30 12:25:00,229.0,323.0,323.0,0.0,94.0,94.0,False
2025-01-30 12:26:00,198.0,229.0,229.0,0.0,31.0,31.0,False
2025-01-30 12:27:00,226.0,198.0,198.0,28.0,0.0,280.0,False
2025-01-30 12:28:00,168.0,226.0,226.0,0.0,58.0,58.0,False
2025-01-30 12:29:00,150.0,168.0,168.0,0.0,18.0,18.0,False
2025-01-30 12:30:00,682.0,150.0,150.0,532.0,0.0,5320.0,False
2025-01-30 12:31:00,210.0,682.0,682.0,0.0,472.0,472.0,False
2025-01-30 12:32:00,317.0,210.0,210.0,107.0,0.0,1070.0,False
2025-01-30 12:33:00,316.0,317.0,317.0,0.0,1.0,1.0,False
2025-01-30 12:34:00,252.0,316.0,316.0,0.0,64.0,64.0,False
2025-01-30 12:35:00,246.0,252.0,252.0,0.0,6.0,6.0,False
2025-01-30 12:36:00,284.0,246.0,246.0,38.0,0.0,380.0,False
2025-01-30 12:37:00,223.0,284.0,284.0,0.0,61.0,61.0,False
2025-01-30 12:38:00,228.0,223.0,223.0,5.0,0.0,50.0,False
2025-01-30 12:39:00,200.0,228.0,228.0,0.0,28.0,28.0,False
2025-01-30 12:40:00,592.0,200.0,200.0,392.0,0.0,3920.0,False
2025-01-30 12:41:00,269.0,592.0,592.0,0.0,323.0,323.0,False
2025-01-30 12:42:00,254.0,269.0,269.0,0.0,15.0,15.0,False
2025-01-30 12:43:00,288.0,254.0,254.0,34.0,0.0,340.0,False
2025-01-30 12:44:00,239.0,288.0,288.0,0.0,49.0,49.0,False
2025-01-30 12:45:00,326.0,239.0,239.0,87.0,0.0,870.0,False
2025-01-30 12:46:00,261.0,326.0,326.0,0.0,65.0,65.0,False
2025-01-30 12:47:00,160.0,261.0,261.0,0.0,101.0,101.0,False
2025-01-30 12:48:00,247.0,160.0,160.0,87.0,0.0,870.0,False
2025-01-30 12:49:00,239.0,247.0,247.0,0.0,8.0,8.0,False
2025-01-30 12:50:00,514.0,239.0,239.0,275.0,0.0,2750.0,False
2025-01-30 12:51:00,248.0,514.0,514.0,0.0,266.0,266.0,False
2025-01-30 12:52:00,195.0,248.0,248.0,0.0,53.0,53.0,False
2025-01-30 12:53:00,220.0,195.0,195.0,25.0,0.0,250.0,False
2025-01-30 12:54:00,248.0,220.0,220.0,28.0,0.0,280.0,False
2025-01-30 12:55:00,206.0,248.0,248.0,0.0,42.0,42.0,False
2025-01-30 12:56:00,197.0,206.0,206.0,0.0,9.0,9.0,False
2025-01-30 12:57:00,208.0,197.0,197.0,11.0,0.0,110.0,False
2025-01-30 12:58:00,217.0,208.0,208.0,9.0,0.0,90.0,False
2025-01-30 12:59:00,219.0,217.0,217.0,2.0,0.0,20.0,False
2025-01-30 13:00:00,732.0,219.0,219.0,513.0,0.0,5130.0,True
2025-01-30 13:01:00,276.0,732.0,732.0,0.0,456.0,456.0,False
2025-01-30 13:02:00,262.0,276.0,276.0,0.0,14.0,14.0,False
2025-01-30 13:03:00,266.0,262.0,262.0,4.0,0.0,40.0,False
2025-01-30 13:04:00,264.0,266.0,266.0,0.0,2.0,2.0,False
2025-01-30 13:05:00,249.0,264.0,264.0,0.0,15.0,15.0,False
2025-01-30 13:06:00,362.0,249.0,249.0,113.0,0.0,1130.0,False
2025-01-30 13:07:00,265.0,362.0,362.0,0.0,97.0,97.0,False
2025-01-30 13:08:00,225.0,265.0,265.0,0.0,40.0,40.0,False
2025-01-30 13:09:00,226.0,225.0,225.0,1.0,0.0,10.0,False
2025-01-30 13:10:00,551.0,226.0,226.0,325.0,0.0,3250.0,False
2025-01-30 13:11:00,233.0,551.0,551.0,0.0,318.0,318.0,False
2025-01-30 13:12:00,208.0,233.0,233.0,0.0,25.0,25.0,False
2025-01-30 13:13:00,247.0,208.0,208.0,39.0,0.0,390.0,False
2025-01-30 13:14:00,173.0,247.0,247.0,0.0,74.0,74.0,False
2025-01-30 13:15:00,343.0,173.0,173.0,170.0,0.0,1700.0,False
2025-01-30 13:16:00,237.0,343.0,343.0,0.0,106.0,106.0,False
2025-01-30 13:17:00,163.0,237.0,237.0,0.0,74.0,74.0,False
2025-01-30 13:18:00,215.0,163.0,163.0,52.0,0.0,520.0,False
2025-01-30 13:19:00,192.0,215.0,215.0,0.0,23.0,23.0,False
2025-01-30 13:20:00,480.0,192.0,192.0,288.0,0.0,2880.0,False
2025-01-30 13:21:00,243.0,480.0,480.0,0.0,237.0,237.0,False
2025-01-30 13:22:00,153.0,243.0,243.0,0.0,90.0,90.0,False
2025-01-30 13:23:00,257.0,153.0,153.0,104.0,0.0,1040.0,False
2025-01-30 13:24:00,236.0,257.0,257.0,0.0,21.0,21.0,False
2025-01-30 13:25:00,222.0,236.0,236.0,0.0,14.0,14.0,False
2025-01-30 13:26:00,221.0,222.0,222.0,0.0,1.0,1.0,False
2025-01-30 13:27:00,237.0,221.0,221.0,16.0,0.0,160.0,False
2025-01-30 13:28:00,193.0,237.0,237.0,0.0,44.0,44.0,False
2025-01-30 13:29:00,205.0,193.0,193.0,12.0,0.0,120.0,False
2025-01-30 13:30:00,600.0,205.0,205.0,395.0,0.0,3950.0,False
2025-01-30 13:31:00,249.0,600.0,600.0,0.0,351.0,351.0,False
2025-01-30 13:32:00,244.0,249.0,249.0,0.0,5.0,5.0,False
2025-01-30 13:33:00,297.0,244.0,244.0,53.0,0.0,530.0,False
2025-01-30 13:34:00,233.0,297.0,297.0,0.0,64.0,64.0,False
2025-01-30 13:35:00,209.0,233.0,233.0,0.0,24.0,24.0,False
2025-01-30 13:36:00,253.0,209.0,209.0,44.0,0.0,440.0,False
2025-01-30 13:37:00,206.0,253.0,253.0,0.0,47.0,47.0,False
2025-01-30 13:38:00,208.0,206.0,206.0,2.0,0.0,20.0,False
2025-01-30 13:39:00,184.0,208.0,208.0,0.0,24.0,24.0,False
2025-01-30 13:40:00,477.0,184.0,184.0,293.0,0.0,2930.0,False
2025-01-30 13:41:00,248.0,477.0,477.0,0.0,229.0,229.0,False
2025-01-30 13:42:00,220.0,248.0,248.0,0.0,28.0,28.0,False
2025-01-30 13:43:00,418.0,220.0,220.0,198.0,0.0,1980.0,False
2025-01-30 13:44:00,194.0,418.0,418.0,0.0,224.0,224.0,False
2025-01-30 13:45:00,314.0,194.0,194.0,120.0,0.0,1200.0,False
2025-01-30 13:46:00,223.0,314.0,314.0,0.0,91.0,91.0,False
2025-01-30 13:47:00,151.0,223.0,223.0,0.0,72.0,72.0,False
2025-01-30 13:48:00,217.0,151.0,151.0,66.0,0.0,660.0,False
2025-01-30 13:49:00,165.0,217.0,217.0,0.0,52.0,52.0,False
2025-01-30 13:50:00,456.0,165.0,165.0,291.0,0.0,2910.0,False
2025-01-30 13:51:00,222.0,456.0,456.0,0.0,234.0,234.0,False
2025-01-30 13:52:00,159.0,222.0,222.0,0.0,63.0,63.0,False
2025-01-30 13:53:00,242.0,159.0,159.0,83.0,0.0,830.0,False
2025-01-30 13:54:00,242.0,242.0,242.0,0.0,0.0,0.0,False
2025-01-30 13:55:00,201.0,242.0,242.0,0.0,41.0,41.0,False
2025-01-30 13:56:00,219.0,201.0,201.0,18.0,0.0,180.0,False
2025-01-30 13:57:00,195.0,219.0,219.0,0.0,24.0,24.0,False
2025-01-30 13:58:00,180.0,195.0,195.0,0.0,15.0,15.0,False
2025-01-30 13:59:00,166.0,180.0,180.0,0.0,14.0,14.0,False
2025-01-30 14:00:00,688.0,166.0,166.0,522.0,0.0,5220.0,False
2025-01-30 14:01:00,251.0,688.0,688.0,0.0,437.0,437.0,False
2025-01-30 14:02:00,235.0,251.0,251.0,0.0,16.0,16.0,False
2025-01-30 14:03:00,325.0,235.0,235.0,90.0,0.0,900.0,False
2025-01-30 14:04:00,252.0,325.0,325.0,0.0,73.0,73.0,False
2025-01-30 14:05:00,229.0,252.0,252.0,0.0,23.0,23.0,False
2025-01-30 14:06:00,289.0,229.0,229.0,60.0,0.0,600.0,False
2025-01-30 14:07:00,253.0,289.0,289.0,0.0,36.0,36.0,False
2025-01-30 14:08:00,178.0,253.0,253.0,0.0,75.0,75.0,False
2025-01-30 14:09:00,220.0,178.0,178.0,42.0,0.0,420.0,False
2025-01-30 14:10:00,447.0,220.0,220.0,227.0,0.0,2270.0,False
2025-01-30 14:11:00,209.0,447.0,447.0,0.0,238.0,238.0,False
2025-01-30 14:12:00,236.0,209.0,209.0,27.0,0.0,270.0,False
2025-01-30 14:13:00,182.0,236.0,236.0,0.0,54.0,54.0,False
2025-01-30 14:14:00,178.0,182.0,182.0,0.0,4.0,4.0,False
2025-01-30 14:15:00,260.0,178.0,178.0,82.0,0.0,820.0,False
2025-01-30 14:16:00,221.0,260.0,260.0,0.0,39.0,39.0,False
2025-01-30 14:17:00,137.0,221.0,221.0,0.0,84.0,84.0,False
2025-01-30 14:18:00,215.0,137.0,137.0,78.0,0.0,780.0,False
2025-01-30 14:19:00,135.0,215.0,215.0,0.0,80.0,80.0,False
2025-01-30 14:20:00,493.0,135.0,135.0,358.0,0.0,3580.0,False
2025-01-30 14:21:00,210.0,493.0,493.0,0.0,283.0,283.0,False
2025-01-30 14:22:00,184.0,210.0,210.0,0.0,26.0,26.0,False
2025-01-30 14:23:00,222.0,184.0,184.0,38.0,0.0,380.0,False
2025-01-30 14:24:00,225.0,222.0,222.0,3.0,0.0,30.0,False
2025-01-30 14:25:00,241.0,225.0,225.0,16.0,0.0,160.0,False
2025-01-30 14:26:00,199.0,241.0,241.0,0.0,42.0,42.0,False
2025-01-30 14:27:00,195.0,199.0,199.0,0.0,4.0,4.0,False
2025-01-30 14:28:00,191.0,195.0,195.0,0.0,4.0,4.0,False
2025-01-30 14:29:00,165.0,191.0,191.0,0.0,26.0,26.0,False
2025-01-30 14:30:00,604.0,165.0,165.0,439.0,0.0,4390.0,False
2025-01-30 14:31:00,181.0,604.0,604.0,0.0,423.0,423.0,False
2025-01-30 14:32:00,258.0,181.0,181.0,77.0,0.0,770.0,False
2025-01-30 14:33:00,266.0,258.0,258.0,8.0,0.0,80.0,False
2025-01-30 14:34:00,213.0,266.0,266.0,0.0,53.0,53.0,False
2025-01-30 14:35:00,237.0,213.0,213.0,24.0,0.0,240.0,False
2025-01-30 14:36:00,271.0,237.0,237.0,34.0,0.0,340.0,False
2025-01-30 14:37:00,219.0,271.0,271.0,0.0,52.0,52.0,False
2025-01-30 14:38:00,156.0,219.0,219.0,0.0,63.0,63.0,False
2025-01-30 14:39:00,201.0,156.0,156.0,45.0,0.0,450.0,False
2025-01-30 14:40:00,491.0,201.0,201.0,290.0,0.0,2900.0,False
2025-01-30 14:41:00,181.0,491.0,491.0,0.0,310.0,310.0,False
2025-01-30 14:42:00,229.0,181.0,181.0,48.0,0.0,480.0,False
2025-01-30 14:43:00,214.0,229.0,229.0,0.0,15.0,15.0,False
2025-01-30 14:44:00,209.0,214.0,214.0,0.0,5.0,5.0,False
2025-01-30 14:45:00,309.0,209.0,209.0,100.0,0.0,1000.0,False
2025-01-30 14:46:00,213.0,309.0,309.0,0.0,96.0,96.0,False
2025-01-30 14:47:00,150.0,213.0,213.0,0.0,63.0,63.0,False
2025-01-30 14:48:00,220.0,150.0,150.0,70.0,0.0,700.0,False
2025-01-30 14:49:00,145.0,220.0,220.0,0.0,75.0,75.0,False
2025-01-30 14:50:00,428.0,145.0,145.0,283.0,0.0,2830.0,False
2025-01-30 14:51:00,242.0,428.0,428.0,0.0,186.0,186.0,False
2025-01-30 14:52:00,187.0,242.0,242.0,0.0,55.0,55.0,False
2025-01-30 14:53:00,199.0,187.0,187.0,12.0,0.0,120.0,False
2025-01-30 14:54:00,199.0,199.0,199.0,0.0,0.0,0.0,False
2025-01-30 14:55:00,205.0,199.0,199.0,6.0,0.0,60.0,False
2025-01-30 14:56:00,167.0,205.0,205.0,0.0,38.0,38.0,False
2025-01-30 14:57:00,195.0,167.0,167.0,28.0,0.0,280.0,False
2025-01-30 14:58:00,177.0,195.0,195.0,0.0,18.0,18.0,False
2025-01-30 14:59:00,204.0,177.0,177.0,27.0,0.0,270.0,False
2025-01-30 15:00:00,614.0,204.0,204.0,410.0,0.0,4100.0,False
2025-01-30 15:01:00,248.0,614.0,614.0,0.0,366.0,366.0,False
2025-01-30 15:02:00,207.0,248.0,248.0,0.0,41.0,41.0,False
2025-01-30 15:03:00,308.0,207.0,207.0,101.0,0.0,1010.0,False
2025-01-30 15:04:00,289.0,308.0,308.0,0.0,19.0,19.0,False
2025-01-30 15:05:00,266.0,289.0,289.0,0.0,23.0,23.0,False
2025-01-30 15:06:00,220.0,266.0,266.0,0.0,46.0,46.0,False
2025-01-30 15:07:00,207.0,220.0,220.0,0.0,13.0,13.0,False
2025-01-30 15:08:00,186.0,207.0,207.0,0.0,21.0,21.0,False
2025-01-30 15:09:00,217.0,186.0,186.0,31.0,0.0,310.0,False
2025-01-30 15:10:00,423.0,217.0,217.0,206.0,0.0,2060.0,False
2025-01-30 15:11:00,166.0,423.0,423.0,0.0,257.0,257.0,False
2025-01-30 15:12:00,181.0,166.0,166.0,15.0,0.0,150.0,False
2025-01-30 15:13:00,191.0,181.0,181.0,10.0,0.0,100.0,False
2025-01-30 15:14:00,177.0,191.0,191.0,0.0,14.0,14.0,False
2025-01-30 15:15:00,275.0,177.0,177.0,98.0,0.0,980.0,False
2025-01-30 15:16:00,189.0,275.0,275.0,0.0,86.0,86.0,False
2025-01-30 15:17:00,124.0,189.0,189.0,0.0,65.0,65.0,False
2025-01-30 15:18:00,179.0,124.0,124.0,55.0,0.0,550.0,False
2025-01-30 15:19:00,169.0,179.0,179.0,0.0,10.0,10.0,False
2025-01-30 15:20:00,457.0,169.0,169.0,288.0,0.0,2880.0,False
2025-01-30 15:21:00,203.0,457.0,457.0,0.0,254.0,254.0,False
2025-01-30 15:22:00,151.0,203.0,203.0,0.0,52.0,52.0,False
2025-01-30 15:23:00,216.0,151.0,151.0,65.0,0.0,650.0,False
2025-01-30 15:24:00,218.0,216.0,216.0,2.0,0.0,20.0,False
2025-01-30 15:25:00,193.0,218.0,218.0,0.0,25.0,25.0,False
2025-01-30 15:26:00,185.0,193.0,193.0,0.0,8.0,8.0,False
2025-01-30 15:27:00,194.0,185.0,185.0,9.0,0.0,90.0,False
2025-01-30 15:28:00,163.0,194.0,194.0,0.0,31.0,31.0,False
2025-01-30 15:29:00,162.0,163.0,163.0,0.0,1.0,1.0,False
2025-01-30 15:30:00,564.0,162.0,162.0,402.0,0.0,4020.0,False
2025-01-30 15:31:00,214.0,564.0,564.0,0.0,350.0,350.0,False
2025-01-30 15:32:00,212.0,214.0,214.0,0.0,2.0,2.0,False
2025-01-30 15:33:00,198.0,212.0,212.0,0.0,14.0,14.0,False
2025-01-30 15:34:00,279.0,198.0,198.0,81.0,0.0,810.0,False
2025-01-30 15:35:00,231.0,279.0,279.0,0.0,48.0,48.0,False
2025-01-30 15:36:00,231.0,231.0,231.0,0.0,0.0,0.0,False
2025-01-30 15:37:00,201.0,231.0,231.0,0.0,30.0,30.0,False
2025-01-30 15:38:00,175.0,201.0,201.0,0.0,26.0,26.0,False
2025-01-30 15:39:00,182.0,175.0,175.0,7.0,0.0,70.0,False
2025-01-30 15:40:00,496.0,182.0,182.0,314.0,0.0,3140.0,False
2025-01-30 15:41:00,225.0,496.0,496.0,0.0,271.0,271.0,False
2025-01-30 15:42:00,192.0,225.0,225.0,0.0,33.0,33.0,False
2025-01-30 15:43:00,185.0,192.0,192.0,0.0,7.0,7.0,False
2025-01-30 15:44:00,163.0,185.0,185.0,0.0,22.0,22.0,False
2025-01-30 15:45:00,359.0,163.0,163.0,196.0,0.0,1960.0,False
2025-01-30 15:46:00,215.0,359.0,359.0,0.0,144.0,144.0,False
2025-01-30 15:47:00,111.0,215.0,215.0,0.0,104.0,104.0,False
2025-01-30 15:48:00,222.0,111.0,111.0,111.0,0.0,1110.0,False
2025-01-30 15:49:00,168.0,222.0,222.0,0.0,54.0,54.0,False
2025-01-30 15:50:00,402.0,168.0,168.0,234.0,0.0,2340.0,False
2025-01-30 15:51:00,228.0,402.0,402.0,0.0,174.0,174.0,False
2025-01-30 15:52:00,167.0,228.0,228.0,0.0,61.0,61.0,False
2025-01-30 15:53:00,204.0,167.0,167.0,37.0,0.0,370.0,False
2025-01-30 15:54:00,206.0,204.0,204.0,2.0,0.0,20.0,False
2025-01-30 15:55:00,176.0,206.0,206.0,0.0,30.0,30.0,False
2025-01-30 15:56:00,161.0,176.0,176.0,0.0,15.0,15.0,False
2025-01-30 15:57:00,194.0,161.0,161.0,33.0,0.0,330.0,False
2025-01-30 15:58:00,154.0,194.0,194.0,0.0,40.0,40.0,False
2025-01-30 15:59:00,220.0,154.0,154.0,66.0,0.0,660.0,False
2025-01-30 16:00:00,725.0,220.0,220.0,505.0,0.0,5050.0,False
2025-01-30 16:01:00,258.0,725.0,725.0,0.0,467.0,467.0,False
2025-01-30 16:02:00,184.0,258.0,258.0,0.0,74.0,74.0,False
2025-01-30 16:03:00,256.0,184.0,184.0,72.0,0.0,720.0,False
2025-01-30 16:04:00,272.0,256.0,256.0,16.0,0.0,160.0,False
2025-01-30 16:05:00,251.0,272.0,272.0,0.0,21.0,21.0,False
2025-01-30 16:06:00,282.0,251.0,251.0,31.0,0.0,310.0,False
2025-01-30 16:07:00,241.0,282.0,282.0,0.0,41.0,41.0,False
2025-01-30 16:08:00,159.0,241.0,241.0,0.0,82.0,82.0,False
2025-01-30 16:09:00,254.0,159.0,159.0,95.0,0.0,950.0,False
2025-01-30 16:10:00,481.0,254.0,254.0,227.0,0.0,2270.0,False
2025-01-30 16:11:00,163.0,481.0,481.0,0.0,318.0,318.0,False
2025-01-30 16:12:00,177.0,163.0,163.0,14.0,0.0,140.0,False
2025-01-30 16:13:00,186.0,177.0,177.0,9.0,0.0,90.0,False
2025-01-30 16:14:00,146.0,186.0,186.0,0.0,40.0,40.0,False
2025-01-30 16:15:00,307.0,146.0,146.0,161.0,0.0,1610.0,False
2025-01-30 16:16:00,170.0,307.0,307.0,0.0,137.0,137.0,False
2025-01-30 16:17:00,152.0,170.0,170.0,0.0,18.0,18.0,False
2025-01-30 16:18:00,154.0,152.0,152.0,2.0,0.0,20.0,False
2025-01-30 16:19:00,186.0,154.0,154.0,32.0,0.0,320.0,False
2025-01-30 16:20:00,468.0,186.0,186.0,282.0,0.0,2820.0,False
2025-01-30 16:21:00,209.0,468.0,468.0,0.0,259.0,259.0,False
2025-01-30 16:22:00,208.0,209.0,209.0,0.0,1.0,1.0,False
2025-01-30 16:23:00,147.0,208.0,208.0,0.0,61.0,61.0,False
2025-01-30 16:24:00,253.0,147.0,147.0,106.0,0.0,1060.0,False
2025-01-30 16:25:00,200.0,253.0,253.0,0.0,53.0,53.0,False
2025-01-30 16:26:00,175.0,200.0,200.0,0.0,25.0,25.0,False
2025-01-30 16:27:00,218.0,175.0,175.0,43.0,0.0,430.0,False
2025-01-30 16:28:00,163.0,218.0,218.0,0.0,55.0,55.0,False
2025-01-30 16:29:00,104.0,163.0,163.0,0.0,59.0,59.0,False
2025-01-30 16:30:00,659.0,104.0,104.0,555.0,0.0,5550.0,False
2025-01-30 16:31:00,207.0,659.0,659.0,0.0,452.0,452.0,False
2025-01-30 16:32:00,220.0,207.0,207.0,13.0,0.0,130.0,False
2025-01-30 16:33:00,232.0,220.0,220.0,12.0,0.0,120.0,False
2025-01-30 16:34:00,194.0,232.0,232.0,0.0,38.0,38.0,False
2025-01-30 16:35:00,208.0,194.0,194.0,14.0,0.0,140.0,False
2025-01-30 16:36:00,214.0,208.0,208.0,6.0,0.0,60.0,False
2025-01-30 16:37:00,193.0,214.0,214.0,0.0,21.0,21.0,False
2025-01-30 16:38:00,145.0,193.0,193.0,0.0,48.0,48.0,False
2025-01-30 16:39:00,226.0,145.0,145.0,81.0,0.0,810.0,False
2025-01-30 16:40:00,426.0,226.0,226.0,200.0,0.0,2000.0,False
2025-01-30 16:41:00,180.0,426.0,426.0,0.0,246.0,246.0,False
2025-01-30 16:42:00,178.0,180.0,180.0,0.0,2.0,2.0,False
2025-01-30 16:43:00,193.0,178.0,178.0,15.0,0.0,150.0,False
2025-01-30 16:44:00,174.0,193.0,193.0,0.0,19.0,19.0,False
2025-01-30 16:45:00,314.0,174.0,174.0,140.0,0.0,1400.0,False
2025-01-30 16:46:00,188.0,314.0,314.0,0.0,126.0,126.0,False
2025-01-30 16:47:00,135.0,188.0,188.0,0.0,53.0,53.0,False
2025-01-30 16:48:00,163.0,135.0,135.0,28.0,0.0,280.0,False
2025-01-30 16:49:00,151.0,163.0,163.0,0.0,12.0,12.0,False
2025-01-30 16:50:00,419.0,151.0,151.0,268.0,0.0,2680.0,False
2025-01-30 16:51:00,177.0,419.0,419.0,0.0,242.0,242.0,False
2025-01-30 16:52:00,218.0,177.0,177.0,41.0,0.0,410.0,False
2025-01-30 16:53:00,175.0,218.0,218.0,0.0,43.0,43.0,False
2025-01-30 16:54:00,182.0,175.0,175.0,7.0,0.0,70.0,False
2025-01-30 16:55:00,161.0,182.0,182.0,0.0,21.0,21.0,False
2025-01-30 16:56:00,156.0,161.0,161.0,0.0,5.0,5.0,False
2025-01-30 16:57:00,152.0,156.0,156.0,0.0,4.0,4.0,False
2025-01-30 16:58:00,138.0,152.0,152.0,0.0,14.0,14.0,False
2025-01-30 16:59:00,111.0,138.0,138.0,0.0,27.0,27.0,False
2025-01-30 17:00:00,610.0,111.0,111.0,499.0,0.0,4990.0,False
2025-01-30 17:01:00,504.0,610.0,610.0,0.0,106.0,106.0,False
2025-01-30 17:02:00,254.0,504.0,504.0,0.0,250.0,250.0,False
2025-01-30 17:03:00,224.0,254.0,254.0,0.0,30.0,30.0,False
2025-01-30 17:04:00,235.0,224.0,224.0,11.0,0.0,110.0,False
2025-01-30 17:05:00,189.0,235.0,235.0,0.0,46.0,46.0,False
2025-01-30 17:06:00,236.0,189.0,189.0,47.0,0.0,470.0,False
2025-01-30 17:07:00,215.0,236.0,236.0,0.0,21.0,21.0,False
2025-01-30 17:08:00,175.0,215.0,215.0,0.0,40.0,40.0,False
2025-01-30 17:09:00,190.0,175.0,175.0,15.0,0.0,150.0,False
2025-01-30 17:10:00,413.0,190.0,190.0,223.0,0.0,2230.0,False
2025-01-30 17:11:00,151.0,413.0,413.0,0.0,262.0,262.0,False
2025-01-30 17:12:00,224.0,151.0,151.0,73.0,0.0,730.0,False
2025-01-30 17:13:00,159.0,224.0,224.0,0.0,65.0,65.0,False
2025-01-30 17:14:00,163.0,159.0,159.0,4.0,0.0,40.0,False
2025-01-30 17:15:00,291.0,163.0,163.0,128.0,0.0,1280.0,False
2025-01-30 17:16:00,162.0,291.0,291.0,0.0,129.0,129.0,False
2025-01-30 17:17:00,137.0,162.0,162.0,0.0,25.0,25.0,False
2025-01-30 17:18:00,139.0,137.0,137.0,2.0,0.0,20.0,False
2025-01-30 17:19:00,138.0,139.0,139.0,0.0,1.0,1.0,False
2025-01-30 17:20:00,431.0,138.0,138.0,293.0,0.0,2930.0,False
2025-01-30 17:21:00,346.0,431.0,431.0,0.0,85.0,85.0,False
2025-01-30 17:22:00,240.0,346.0,346.0,0.0,106.0,106.0,False
2025-01-30 17:23:00,165.0,240.0,240.0,0.0,75.0,75.0,False
2025-01-30 17:24:00,215.0,165.0,165.0,50.0,0.0,500.0,False
2025-01-30 17:25:00,153.0,215.0,215.0,0.0,62.0,62.0,False
2025-01-30 17:26:00,168.0,153.0,153.0,15.0,0.0,150.0,False
2025-01-30 17:27:00,159.0,168.0,168.0,0.0,9.0,9.0,False
2025-01-30 17:28:00,170.0,159.0,159.0,11.0,0.0,110.0,False
2025-01-30 17:29:00,149.0,170.0,170.0,0.0,21.0,21.0,False
2025-01-30 17:30:00,517.0,149.0,149.0,368.0,0.0,3680.0,False
2025-01-30 17:31:00,207.0,517.0,517.0,0.0,310.0,310.0,False
2025-01-30 17:32:00,181.0,207.0,207.0,0.0,26.0,26.0,False
2025-01-30 17:33:00,211.0,181.0,181.0,30.0,0.0,300.0,False
2025-01-30 17:34:00,218.0,211.0,211.0,7.0,0.0,70.0,False
2025-01-30 17:35:00,183.0,218.0,218.0,0.0,35.0,35.0,False
2025-01-30 17:36:00,234.0,183.0,183.0,51.0,0.0,510.0,False
2025-01-30 17:37:00,163.0,234.0,234.0,0.0,71.0,71.0,False
2025-01-30 17:38:00,134.0,163.0,163.0,0.0,29.0,29.0,False
2025-01-30 17:39:00,160.0,134.0,134.0,26.0,0.0,260.0,False
2025-01-30 17:40:00,446.0,160.0,160.0,286.0,0.0,2860.0,False
2025-01-30 17:41:00,182.0,446.0,446.0,0.0,264.0,264.0,False
2025-01-30 17:42:00,183.0,182.0,182.0,1.0,0.0,10.0,False
2025-01-30 17:43:00,199.0,183.0,183.0,16.0,0.0,160.0,False
2025-01-30 17:44:00,140.0,199.0,199.0,0.0,59.0,59.0,False
2025-01-30 17:45:00,332.0,140.0,140.0,192.0,0.0,1920.0,False
2025-01-30 17:46:00,211.0,332.0,332.0,0.0,121.0,121.0,False
2025-01-30 17:47:00,130.0,211.0,211.0,0.0,81.0,81.0,False
2025-01-30 17:48:00,157.0,130.0,130.0,27.0,0.0,270.0,False
2025-01-30 17:49:00,144.0,157.0,157.0,0.0,13.0,13.0,False
2025-01-30 17:50:00,371.0,144.0,144.0,227.0,0.0,2270.0,False
2025-01-30 17:51:00,168.0,371.0,371.0,0.0,203.0,203.0,False
2025-01-30 17:52:00,150.0,168.0,168.0,0.0,18.0,18.0,False
2025-01-30 17:53:00,151.0,150.0,150.0,1.0,0.0,10.0,False
2025-01-30 17:54:00,176.0,151.0,151.0,25.0,0.0,250.0,False
2025-01-30 17:55:00,131.0,176.0,176.0,0.0,45.0,45.0,False
2025-01-30 17:56:00,158.0,131.0,131.0,27.0,0.0,270.0,False
2025-01-30 17:57:00,137.0,158.0,158.0,0.0,21.0,21.0,False
2025-01-30 17:58:00,123.0,137.0,137.0,0.0,14.0,14.0,False
2025-01-30 17:59:00,136.0,123.0,123.0,13.0,0.0,130.0,False
2025-01-30 18:00:00,572.0,136.0,136.0,436.0,0.0,4360.0,False
2025-01-30 18:01:00,215.0,572.0,572.0,0.0,357.0,357.0,False
2025-01-30 18:02:00,208.0,215.0,215.0,0.0,7.0,7.0,False
2025-01-30 18:03:00,196.0,208.0,208.0,0.0,12.0,12.0,False
2025-01-30 18:04:00,248.0,196.0,196.0,52.0,0.0,520.0,False
2025-01-30 18:05:00,198.0,248.0,248.0,0.0,50.0,50.0,False
2025-01-30 18:06:00,211.0,198.0,198.0,13.0,0.0,130.0,False
2025-01-30 18:07:00,203.0,211.0,211.0,0.0,8.0,8.0,False
2025-01-30 18:08:00,171.0,203.0,203.0,0.0,32.0,32.0,False
2025-01-30 18:09:00,154.0,171.0,171.0,0.0,17.0,17.0,False
2025-01-30 18:10:00,444.0,154.0,154.0,290.0,0.0,2900.0,False
2025-01-30 18:11:00,139.0,444.0,444.0,0.0,305.0,305.0,False
2025-01-30 18:12:00,204.0,139.0,139.0,65.0,0.0,650.0,False
2025-01-30 18:13:00,138.0,204.0,204.0,0.0,66.0,66.0,False
2025-01-30 18:14:00,173.0,138.0,138.0,35.0,0.0,350.0,False
2025-01-30 18:15:00,293.0,173.0,173.0,120.0,0.0,1200.0,False
2025-01-30 18:16:00,183.0,293.0,293.0,0.0,110.0,110.0,False
2025-01-30 18:17:00,108.0,183.0,183.0,0.0,75.0,75.0,False
2025-01-30 18:18:00,148.0,108.0,108.0,40.0,0.0,400.0,False
2025-01-30 18:19:00,129.0,148.0,148.0,0.0,19.0,19.0,False
2025-01-30 18:20:00,374.0,129.0,129.0,245.0,0.0,2450.0,False
2025-01-30 18:21:00,210.0,374.0,374.0,0.0,164.0,164.0,False
2025-01-30 18:22:00,155.0,210.0,210.0,0.0,55.0,55.0,False
2025-01-30 18:23:00,190.0,155.0,155.0,35.0,0.0,350.0,False
2025-01-30 18:24:00,175.0,190.0,190.0,0.0,15.0,15.0,False
2025-01-30 18:25:00,195.0,175.0,175.0,20.0,0.0,200.0,False
2025-01-30 18:26:00,128.0,195.0,195.0,0.0,67.0,67.0,False
2025-01-30 18:27:00,152.0,128.0,128.0,24.0,0.0,240.0,False
2025-01-30 18:28:00,142.0,152.0,152.0,0.0,10.0,10.0,False
2025-01-30 18:29:00,139.0,142.0,142.0,0.0,3.0,3.0,False
2025-01-30 18:30:00,502.0,139.0,139.0,363.0,0.0,3630.0,False
2025-01-30 18:31:00,184.0,502.0,502.0,0.0,318.0,318.0,False
2025-01-30 18:32:00,176.0,184.0,184.0,0.0,8.0,8.0,False
2025-01-30 18:33:00,173.0,176.0,176.0,0.0,3.0,3.0,False
2025-01-30 18:34:00,196.0,173.0,173.0,23.0,0.0,230.0,False
2025-01-30 18:35:00,184.0,196.0,196.0,0.0,12.0,12.0,False
2025-01-30 18:36:00,221.0,184.0,184.0,37.0,0.0,370.0,False
2025-01-30 18:37:00,159.0,221.0,221.0,0.0,62.0,62.0,False
2025-01-30 18:38:00,156.0,159.0,159.0,0.0,3.0,3.0,False
2025-01-30 18:39:00,173.0,156.0,156.0,17.0,0.0,170.0,False
2025-01-30 18:40:00,398.0,173.0,173.0,225.0,0.0,2250.0,False
2025-01-30 18:41:00,135.0,398.0,398.0,0.0,263.0,263.0,False
2025-01-30 18:42:00,161.0,135.0,135.0,26.0,0.0,260.0,False
2025-01-30 18:43:00,179.0,161.0,161.0,18.0,0.0,180.0,False
2025-01-30 18:44:00,156.0,179.0,179.0,0.0,23.0,23.0,False
2025-01-30 18:45:00,269.0,156.0,156.0,113.0,0.0,1130.0,False
2025-01-30 18:46:00,188.0,269.0,269.0,0.0,81.0,81.0,False
2025-01-30 18:47:00,135.0,188.0,188.0,0.0,53.0,53.0,False
2025-01-30 18:48:00,170.0,135.0,135.0,35.0,0.0,350.0,False
2025-01-30 18:49:00,117.0,170.0,170.0,0.0,53.0,53.0,False
2025-01-30 18:50:00,391.0,117.0,117.0,274.0,0.0,2740.0,False
2025-01-30 18:51:00,151.0,391.0,391.0,0.0,240.0,240.0,False
2025-01-30 18:52:00,147.0,151.0,151.0,0.0,4.0,4.0,False
2025-01-30 18:53:00,159.0,147.0,147.0,12.0,0.0,120.0,False
2025-01-30 18:54:00,175.0,159.0,159.0,16.0,0.0,160.0,False
2025-01-30 18:55:00,151.0,175.0,175.0,0.0,24.0,24.0,False
2025-01-30 18:56:00,143.0,151.0,151.0,0.0,8.0,8.0,False
2025-01-30 18:57:00,181.0,143.0,143.0,38.0,0.0,380.0,False
2025-01-30 18:58:00,102.0,181.0,181.0,0.0,79.0,79.0,False
2025-01-30 18:59:00,101.0,102.0,102.0,0.0,1.0,1.0,False
2025-01-30 19:00:00,578.0,101.0,101.0,477.0,0.0,4770.0,False
2025-01-30 19:01:00,262.0,578.0,578.0,0.0,316.0,316.0,False
2025-01-30 19:02:00,163.0,262.0,262.0,0.0,99.0,99.0,False
2025-01-30 19:03:00,224.0,163.0,163.0,61.0,0.0,610.0,False
2025-01-30 19:04:00,234.0,224.0,224.0,10.0,0.0,100.0,False
2025-01-30 19:05:00,205.0,234.0,234.0,0.0,29.0,29.0,False
2025-01-30 19:06:00,182.0,205.0,205.0,0.0,23.0,23.0,False
2025-01-30 19:07:00,207.0,182.0,182.0,25.0,0.0,250.0,False
2025-01-30 19:08:00,183.0,207.0,207.0,0.0,24.0,24.0,False
2025-01-30 19:09:00,160.0,183.0,183.0,0.0,23.0,23.0,False
2025-01-30 19:10:00,365.0,160.0,160.0,205.0,0.0,2050.0,False
2025-01-30 19:11:00,161.0,365.0,365.0,0.0,204.0,204.0,False
2025-01-30 19:12:00,132.0,161.0,161.0,0.0,29.0,29.0,False
2025-01-30 19:13:00,166.0,132.0,132.0,34.0,0.0,340.0,False
2025-01-30 19:14:00,114.0,166.0,166.0,0.0,52.0,52.0,False
2025-01-30 19:15:00,266.0,114.0,114.0,152.0,0.0,1520.0,False
2025-01-30 19:16:00,184.0,266.0,266.0,0.0,82.0,82.0,False
2025-01-30 19:17:00,128.0,184.0,184.0,0.0,56.0,56.0,False
2025-01-30 19:18:00,143.0,128.0,128.0,15.0,0.0,150.0,False
2025-01-30 19:19:00,122.0,143.0,143.0,0.0,21.0,21.0,False
2025-01-30 19:20:00,402.0,122.0,122.0,280.0,0.0,2800.0,False
2025-01-30 19:21:00,160.0,402.0,402.0,0.0,242.0,242.0,False
2025-01-30 19:22:00,124.0,160.0,160.0,0.0,36.0,36.0,False
2025-01-30 19:23:00,186.0,124.0,124.0,62.0,0.0,620.0,False
2025-01-30 19:24:00,187.0,186.0,186.0,1.0,0.0,10.0,False
2025-01-30 19:25:00,186.0,187.0,187.0,0.0,1.0,1.0,False
2025-01-30 19:26:00,144.0,186.0,186.0,0.0,42.0,42.0,False
2025-01-30 19:27:00,151.0,144.0,144.0,7.0,0.0,70.0,False
2025-01-30 19:28:00,100.0,151.0,151.0,0.0,51.0,51.0,False
2025-01-30 19:29:00,140.0,100.0,100.0,40.0,0.0,400.0,False
2025-01-30 19:30:00,549.0,140.0,140.0,409.0,0.0,4090.0,False
2025-01-30 19:31:00,147.0,549.0,549.0,0.0,402.0,402.0,False
2025-01-30 19:32:00,173.0,147.0,147.0,26.0,0.0,260.0,False
2025-01-30 19:33:00,214.0,173.0,173.0,41.0,0.0,410.0,False
2025-01-30 19:34:00,182.0,214.0,214.0,0.0,32.0,32.0,False
2025-01-30 19:35:00,207.0,182.0,182.0,25.0,0.0,250.0,False
2025-01-30 19:36:00,202.0,207.0,207.0,0.0,5.0,5.0,False
2025-01-30 19:37:00,179.0,202.0,202.0,0.0,23.0,23.0,False
2025-01-30 19:38:00,129.0,179.0,179.0,0.0,50.0,50.0,False
2025-01-30 19:39:00,169.0,129.0,129.0,40.0,0.0,400.0,False
2025-01-30 19:40:00,368.0,169.0,169.0,199.0,0.0,1990.0,False
2025-01-30 19:41:00,180.0,368.0,368.0,0.0,188.0,188.0,False
2025-01-30 19:42:00,165.0,180.0,180.0,0.0,15.0,15.0,False
2025-01-30 19:43:00,177.0,165.0,165.0,12.0,0.0,120.0,False
2025-01-30 19:44:00,158.0,177.0,177.0,0.0,19.0,19.0,False
2025-01-30 19:45:00,289.0,158.0,158.0,131.0,0.0,1310.0,False
2025-01-30 19:46:00,174.0,289.0,289.0,0.0,115.0,115.0,False
2025-01-30 19:47:00,134.0,174.0,174.0,0.0,40.0,40.0,False
2025-01-30 19:48:00,155.0,134.0,134.0,21.0,0.0,210.0,False
2025-01-30 19:49:00,143.0,155.0,155.0,0.0,12.0,12.0,False
2025-01-30 19:50:00,331.0,143.0,143.0,188.0,0.0,1880.0,False
2025-01-30 19:51:00,152.0,331.0,331.0,0.0,179.0,179.0,False
2025-01-30 19:52:00,129.0,152.0,152.0,0.0,23.0,23.0,False
2025-01-30 19:53:00,166.0,129.0,129.0,37.0,0.0,370.0,False
2025-01-30 19:54:00,166.0,166.0,166.0,0.0,0.0,0.0,False
2025-01-30 19:55:00,159.0,166.0,166.0,0.0,7.0,7.0,False
2025-01-30 19:56:00,143.0,159.0,159.0,0.0,16.0,16.0,False
2025-01-30 19:57:00,131.0,143.0,143.0,0.0,12.0,12.0,False
2025-01-30 19:58:00,133.0,131.0,131.0,2.0,0.0,20.0,False
2025-01-30 19:59:00,135.0,133.0,133.0,2.0,0.0,20.0,False
2025-01-30 20:00:00,561.0,135.0,135.0,426.0,0.0,4260.0,False
2025-01-30 20:01:00,193.0,561.0,561.0,0.0,368.0,368.0,False
2025-01-30 20:02:00,172.0,193.0,193.0,0.0,21.0,21.0,False
2025-01-30 20:03:00,208.0,172.0,172.0,36.0,0.0,360.0,False
2025-01-30 20:04:00,199.0,208.0,208.0,0.0,9.0,9.0,False
2025-01-30 20:05:00,192.0,199.0,199.0,0.0,7.0,7.0,False
2025-01-30 20:06:00,190.0,192.0,192.0,0.0,2.0,2.0,False
2025-01-30 20:07:00,198.0,190.0,190.0,8.0,0.0,80.0,False
2025-01-30 20:08:00,134.0,198.0,198.0,0.0,64.0,64.0,False
2025-01-30 20:09:00,188.0,134.0,134.0,54.0,0.0,540.0,False
2025-01-30 20:10:00,380.0,188.0,188.0,192.0,0.0,1920.0,False
2025-01-30 20:11:00,155.0,380.0,380.0,0.0,225.0,225.0,False
2025-01-30 20:12:00,181.0,155.0,155.0,26.0,0.0,260.0,False
2025-01-30 20:13:00,176.0,181.0,181.0,0.0,5.0,5.0,False
2025-01-30 20:14:00,109.0,176.0,176.0,0.0,67.0,67.0,False
2025-01-30 20:15:00,236.0,109.0,109.0,127.0,0.0,1270.0,False
2025-01-30 20:16:00,156.0,236.0,236.0,0.0,80.0,80.0,False
2025-01-30 20:17:00,137.0,156.0,156.0,0.0,19.0,19.0,False
2025-01-30 20:18:00,128.0,137.0,137.0,0.0,9.0,9.0,False
2025-01-30 20:19:00,122.0,128.0,128.0,0.0,6.0,6.0,False
2025-01-30 20:20:00,365.0,122.0,122.0,243.0,0.0,2430.0,False
2025-01-30 20:21:00,188.0,365.0,365.0,0.0,177.0,177.0,False
2025-01-30 20:22:00,132.0,188.0,188.0,0.0,56.0,56.0,False
2025-01-30 20:23:00,200.0,132.0,132.0,68.0,0.0,680.0,False
2025-01-30 20:24:00,189.0,200.0,200.0,0.0,11.0,11.0,False
2025-01-30 20:25:00,155.0,189.0,189.0,0.0,34.0,34.0,False
2025-01-30 20:26:00,139.0,155.0,155.0,0.0,16.0,16.0,False
2025-01-30 20:27:00,179.0,139.0,139.0,40.0,0.0,400.0,False
2025-01-30 20:28:00,137.0,179.0,179.0,0.0,42.0,42.0,False
2025-01-30 20:29:00,129.0,137.0,137.0,0.0,8.0,8.0,False
2025-01-30 20:30:00,666.0,129.0,129.0,537.0,0.0,5370.0,False
2025-01-30 20:31:00,393.0,666.0,666.0,0.0,273.0,273.0,False
2025-01-30 20:32:00,181.0,393.0,393.0,0.0,212.0,212.0,False
2025-01-30 20:33:00,288.0,181.0,181.0,107.0,0.0,1070.0,False
2025-01-30 20:34:00,207.0,288.0,288.0,0.0,81.0,81.0,False
2025-01-30 20:35:00,211.0,207.0,207.0,4.0,0.0,40.0,False
2025-01-30 20:36:00,217.0,211.0,211.0,6.0,0.0,60.0,False
2025-01-30 20:37:00,158.0,217.0,217.0,0.0,59.0,59.0,False
2025-01-30 20:38:00,167.0,158.0,158.0,9.0,0.0,90.0,False
2025-01-30 20:39:00,162.0,167.0,167.0,0.0,5.0,5.0,False
2025-01-30 20:40:00,410.0,162.0,162.0,248.0,0.0,2480.0,False
2025-01-30 20:41:00,158.0,410.0,410.0,0.0,252.0,252.0,False
2025-01-30 20:42:00,171.0,158.0,158.0,13.0,0.0,130.0,False
2025-01-30 20:43:00,137.0,171.0,171.0,0.0,34.0,34.0,False
2025-01-30 20:44:00,174.0,137.0,137.0,37.0,0.0,370.0,False
2025-01-30 20:45:00,305.0,174.0,174.0,131.0,0.0,1310.0,False
2025-01-30 20:46:00,155.0,305.0,305.0,0.0,150.0,150.0,False
2025-01-30 20:47:00,131.0,155.0,155.0,0.0,24.0,24.0,False
2025-01-30 20:48:00,184.0,131.0,131.0,53.0,0.0,530.0,False
2025-01-30 20:49:00,112.0,184.0,184.0,0.0,72.0,72.0,False
2025-01-30 20:50:00,378.0,112.0,112.0,266.0,0.0,2660.0,False
2025-01-30 20:51:00,165.0,378.0,378.0,0.0,213.0,213.0,False
2025-01-30 20:52:00,159.0,165.0,165.0,0.0,6.0,6.0,False
2025-01-30 20:53:00,144.0,159.0,159.0,0.0,15.0,15.0,False
2025-01-30 20:54:00,144.0,144.0,144.0,0.0,0.0,0.0,False
2025-01-30 20:55:00,141.0,144.0,144.0,0.0,3.0,3.0,False
2025-01-30 20:56:00,163.0,141.0,141.0,22.0,0.0,220.0,False
2025-01-30 20:57:00,144.0,163.0,163.0,0.0,19.0,19.0,False
2025-01-30 20:58:00,133.0,144.0,144.0,0.0,11.0,11.0,False
2025-01-30 20:59:00,129.0,133.0,133.0,0.0,4.0,4.0,False
2025-01-30 21:00:00,546.0,129.0,129.0,417.0,0.0,4170.0,False
2025-01-30 21:01:00,235.0,546.0,546.0,0.0,311.0,311.0,False
2025-01-30 21:02:00,184.0,235.0,235.0,0.0,51.0,51.0,False
2025-01-30 21:03:00,236.0,184.0,184.0,52.0,0.0,520.0,False
2025-01-30 21:04:00,219.0,236.0,236.0,0.0,17.0,17.0,False
2025-01-30 21:05:00,191.0,219.0,219.0,0.0,28.0,28.0,False
2025-01-30 21:06:00,231.0,191.0,191.0,40.0,0.0,400.0,False
2025-01-30 21:07:00,214.0,231.0,231.0,0.0,17.0,17.0,False
2025-01-30 21:08:00,178.0,214.0,214.0,0.0,36.0,36.0,False
2025-01-30 21:09:00,189.0,178.0,178.0,11.0,0.0,110.0,False
2025-01-30 21:10:00,348.0,189.0,189.0,159.0,0.0,1590.0,False
2025-01-30 21:11:00,164.0,348.0,348.0,0.0,184.0,184.0,False
2025-01-30 21:12:00,174.0,164.0,164.0,10.0,0.0,100.0,False
2025-01-30 21:13:00,202.0,174.0,174.0,28.0,0.0,280.0,False
2025-01-30 21:14:00,124.0,202.0,202.0,0.0,78.0,78.0,False
2025-01-30 21:15:00,249.0,124.0,124.0,125.0,0.0,1250.0,False
2025-01-30 21:16:00,183.0,249.0,249.0,0.0,66.0,66.0,False
2025-01-30 21:17:00,126.0,183.0,183.0,0.0,57.0,57.0,False
2025-01-30 21:18:00,112.0,126.0,126.0,0.0,14.0,14.0,False
2025-01-30 21:19:00,147.0,112.0,112.0,35.0,0.0,350.0,False
2025-01-30 21:20:00,398.0,147.0,147.0,251.0,0.0,2510.0,False
2025-01-30 21:21:00,180.0,398.0,398.0,0.0,218.0,218.0,False
2025-01-30 21:22:00,159.0,180.0,180.0,0.0,21.0,21.0,False
2025-01-30 21:23:00,170.0,159.0,159.0,11.0,0.0,110.0,False
2025-01-30 21:24:00,150.0,170.0,170.0,0.0,20.0,20.0,False
2025-01-30 21:25:00,199.0,150.0,150.0,49.0,0.0,490.0,False
2025-01-30 21:26:00,151.0,199.0,199.0,0.0,48.0,48.0,False
2025-01-30 21:27:00,137.0,151.0,151.0,0.0,14.0,14.0,False
2025-01-30 21:28:00,153.0,137.0,137.0,16.0,0.0,160.0,False
2025-01-30 21:29:00,133.0,153.0,153.0,0.0,20.0,20.0,False
2025-01-30 21:30:00,496.0,133.0,133.0,363.0,0.0,3630.0,False
2025-01-30 21:31:00,198.0,496.0,496.0,0.0,298.0,298.0,False
2025-01-30 21:32:00,176.0,198.0,198.0,0.0,22.0,22.0,False
2025-01-30 21:33:00,232.0,176.0,176.0,56.0,0.0,560.0,False
2025-01-30 21:34:00,221.0,232.0,232.0,0.0,11.0,11.0,False
2025-01-30 21:35:00,225.0,221.0,221.0,4.0,0.0,40.0,False
2025-01-30 21:36:00,203.0,225.0,225.0,0.0,22.0,22.0,False
2025-01-30 21:37:00,211.0,203.0,203.0,8.0,0.0,80.0,False
2025-01-30 21:38:00,131.0,211.0,211.0,0.0,80.0,80.0,False
2025-01-30 21:39:00,210.0,131.0,131.0,79.0,0.0,790.0,False
2025-01-30 21:40:00,382.0,210.0,210.0,172.0,0.0,1720.0,False
2025-01-30 21:41:00,419.0,382.0,382.0,37.0,0.0,370.0,False
2025-01-30 21:42:00,283.0,419.0,419.0,0.0,136.0,136.0,False
2025-01-30 21:43:00,243.0,283.0,283.0,0.0,40.0,40.0,False
2025-01-30 21:44:00,171.0,243.0,243.0,0.0,72.0,72.0,False
2025-01-30 21:45:00,274.0,171.0,171.0,103.0,0.0,1030.0,False
2025-01-30 21:46:00,188.0,274.0,274.0,0.0,86.0,86.0,False
2025-01-30 21:47:00,141.0,188.0,188.0,0.0,47.0,47.0,False
2025-01-30 21:48:00,147.0,141.0,141.0,6.0,0.0,60.0,False
2025-01-30 21:49:00,136.0,147.0,147.0,0.0,11.0,11.0,False
2025-01-30 21:50:00,350.0,136.0,136.0,214.0,0.0,2140.0,False
2025-01-30 21:51:00,167.0,350.0,350.0,0.0,183.0,183.0,False
2025-01-30 21:52:00,170.0,167.0,167.0,3.0,0.0,30.0,False
2025-01-30 21:53:00,170.0,170.0,170.0,0.0,0.0,0.0,False
2025-01-30 21:54:00,183.0,170.0,170.0,13.0,0.0,130.0,False
2025-01-30 21:55:00,164.0,183.0,183.0,0.0,19.0,19.0,False
2025-01-30 21:56:00,169.0,164.0,164.0,5.0,0.0,50.0,False
2025-01-30 21:57:00,136.0,169.0,169.0,0.0,33.0,33.0,False
2025-01-30 21:58:00,142.0,136.0,136.0,6.0,0.0,60.0,False
2025-01-30 21:59:00,131.0,142.0,142.0,0.0,11.0,11.0,False
2025-01-30 22:00:00,623.0,131.0,131.0,492.0,0.0,4920.0,False
2025-01-30 22:01:00,303.0,623.0,623.0,0.0,320.0,320.0,False
2025-01-30 22:02:00,776.0,303.0,303.0,473.0,0.0,4730.0,True
2025-01-30 22:03:00,806.0,776.0,776.0,30.0,0.0,300.0,True
2025-01-30 22:04:00,405.0,806.0,806.0,0.0,401.0,401.0,False
2025-01-30 22:05:00,183.0,405.0,405.0,0.0,222.0,222.0,False
2025-01-30 22:06:00,223.0,183.0,183.0,40.0,0.0,400.0,False
2025-01-30 22:07:00,222.0,223.0,223.0,0.0,1.0,1.0,False
2025-01-30 22:08:00,183.0,222.0,222.0,0.0,39.0,39.0,False
2025-01-30 22:09:00,185.0,183.0,183.0,2.0,0.0,20.0,False
2025-01-30 22:10:00,407.0,185.0,185.0,222.0,0.0,2220.0,False
2025-01-30 22:11:00,182.0,407.0,407.0,0.0,225.0,225.0,False
2025-01-30 22:12:00,157.0,182.0,182.0,0.0,25.0,25.0,False
2025-01-30 22:13:00,172.0,157.0,157.0,15.0,0.0,150.0,False
2025-01-30 22:14:00,177.0,172.0,172.0,5.0,0.0,50.0,False
2025-01-30 22:15:00,331.0,177.0,177.0,154.0,0.0,1540.0,False
2025-01-30 22:16:00,167.0,331.0,331.0,0.0,164.0,164.0,False
2025-01-30 22:17:00,146.0,167.0,167.0,0.0,21.0,21.0,False
2025-01-30 22:18:00,150.0,146.0,146.0,4.0,0.0,40.0,False
2025-01-30 22:19:00,140.0,150.0,150.0,0.0,10.0,10.0,False
2025-01-30 22:20:00,428.0,140.0,140.0,288.0,0.0,2880.0,False
2025-01-30 22:21:00,211.0,428.0,428.0,0.0,217.0,217.0,False
2025-01-30 22:22:00,194.0,211.0,211.0,0.0,17.0,17.0,False
2025-01-30 22:23:00,196.0,194.0,194.0,2.0,0.0,20.0,False
2025-01-30 22:24:00,212.0,196.0,196.0,16.0,0.0,160.0,False
2025-01-30 22:25:00,186.0,212.0,212.0,0.0,26.0,26.0,False
2025-01-30 22:26:00,214.0,186.0,186.0,28.0,0.0,280.0,False
2025-01-30 22:27:00,199.0,214.0,214.0,0.0,15.0,15.0,False
2025-01-30 22:28:00,167.0,199.0,199.0,0.0,32.0,32.0,False
2025-01-30 22:29:00,413.0,167.0,167.0,246.0,0.0,2460.0,False
2025-01-30 22:30:00,588.0,413.0,413.0,175.0,0.0,1750.0,False
2025-01-30 22:31:00,235.0,588.0,588.0,0.0,353.0,353.0,False
2025-01-30 22:32:00,193.0,235.0,235.0,0.0,42.0,42.0,False
2025-01-30 22:33:00,262.0,193.0,193.0,69.0,0.0,690.0,False
2025-01-30 22:34:00,228.0,262.0,262.0,0.0,34.0,34.0,False
2025-01-30 22:35:00,208.0,228.0,228.0,0.0,20.0,20.0,False
2025-01-30 22:36:00,234.0,208.0,208.0,26.0,0.0,260.0,False
2025-01-30 22:37:00,189.0,234.0,234.0,0.0,45.0,45.0,False
2025-01-30 22:38:00,160.0,189.0,189.0,0.0,29.0,29.0,False
2025-01-30 22:39:00,231.0,160.0,160.0,71.0,0.0,710.0,False
2025-01-30 22:40:00,394.0,231.0,231.0,163.0,0.0,1630.0,False
2025-01-30 22:41:00,194.0,394.0,394.0,0.0,200.0,200.0,False
2025-01-30 22:42:00,211.0,194.0,194.0,17.0,0.0,170.0,False
2025-01-30 22:43:00,210.0,211.0,211.0,0.0,1.0,1.0,False
2025-01-30 22:44:00,198.0,210.0,210.0,0.0,12.0,12.0,False
2025-01-30 22:45:00,342.0,198.0,198.0,144.0,0.0,1440.0,False
2025-01-30 22:46:00,220.0,342.0,342.0,0.0,122.0,122.0,False
2025-01-30 22:47:00,167.0,220.0,220.0,0.0,53.0,53.0,False
2025-01-30 22:48:00,207.0,167.0,167.0,40.0,0.0,400.0,False
2025-01-30 22:49:00,161.0,207.0,207.0,0.0,46.0,46.0,False
2025-01-30 22:50:00,410.0,161.0,161.0,249.0,0.0,2490.0,False
2025-01-30 22:51:00,231.0,410.0,410.0,0.0,179.0,179.0,False
2025-01-30 22:52:00,173.0,231.0,231.0,0.0,58.0,58.0,False
2025-01-30 22:53:00,155.0,173.0,173.0,0.0,18.0,18.0,False
2025-01-30 22:54:00,215.0,155.0,155.0,60.0,0.0,600.0,False
2025-01-30 22:55:00,144.0,215.0,215.0,0.0,71.0,71.0,False
2025-01-30 22:56:00,188.0,144.0,144.0,44.0,0.0,440.0,False
2025-01-30 22:57:00,168.0,188.0,188.0,0.0,20.0,20.0,False
2025-01-30 22:58:00,117.0,168.0,168.0,0.0,51.0,51.0,False
2025-01-30 22:59:00,175.0,117.0,117.0,58.0,0.0,580.0,False
2025-01-30 23:00:00,930.0,175.0,175.0,755.0,0.0,7550.0,True
2025-01-30 23:01:00,324.0,930.0,930.0,0.0,606.0,606.0,False
2025-01-30 23:02:00,198.0,324.0,324.0,0.0,126.0,126.0,False
2025-01-30 23:03:00,245.0,198.0,198.0,47.0,0.0,470.0,False
2025-01-30 23:04:00,273.0,245.0,245.0,28.0,0.0,280.0,False
2025-01-30 23:05:00,189.0,273.0,273.0,0.0,84.0,84.0,False
2025-01-30 23:06:00,273.0,189.0,189.0,84.0,0.0,840.0,False
2025-01-30 23:07:00,242.0,273.0,273.0,0.0,31.0,31.0,False
2025-01-30 23:08:00,208.0,242.0,242.0,0.0,34.0,34.0,False
2025-01-30 23:09:00,391.0,208.0,208.0,183.0,0.0,1830.0,False
2025-01-30 23:10:00,734.0,391.0,391.0,343.0,0.0,3430.0,True
2025-01-30 23:11:00,189.0,734.0,734.0,0.0,545.0,545.0,False
2025-01-30 23:12:00,253.0,189.0,189.0,64.0,0.0,640.0,False
2025-01-30 23:13:00,230.0,253.0,253.0,0.0,23.0,23.0,False
2025-01-30 23:14:00,243.0,230.0,230.0,13.0,0.0,130.0,False
2025-01-30 23:15:00,345.0,243.0,243.0,102.0,0.0,1020.0,False
2025-01-30 23:16:00,219.0,345.0,345.0,0.0,126.0,126.0,False
2025-01-30 23:17:00,164.0,219.0,219.0,0.0,55.0,55.0,False
2025-01-30 23:18:00,215.0,164.0,164.0,51.0,0.0,510.0,False
2025-01-30 23:19:00,155.0,215.0,215.0,0.0,60.0,60.0,False
2025-01-30 23:20:00,474.0,155.0,155.0,319.0,0.0,3190.0,False
2025-01-30 23:21:00,245.0,474.0,474.0,0.0,229.0,229.0,False
2025-01-30 23:22:00,204.0,245.0,245.0,0.0,41.0,41.0,False
2025-01-30 23:23:00,197.0,204.0,204.0,0.0,7.0,7.0,False
2025-01-30 23:24:00,201.0,197.0,197.0,4.0,0.0,40.0,False
2025-01-30 23:25:00,228.0,201.0,201.0,27.0,0.0,270.0,False
2025-01-30 23:26:00,214.0,228.0,228.0,0.0,14.0,14.0,False
2025-01-30 23:27:00,233.0,214.0,214.0,19.0,0.0,190.0,False
2025-01-30 23:28:00,393.0,233.0,233.0,160.0,0.0,1600.0,False
2025-01-30 23:29:00,172.0,393.0,393.0,0.0,221.0,221.0,False
2025-01-30 23:30:00,602.0,172.0,172.0,430.0,0.0,4300.0,False
2025-01-30 23:31:00,253.0,602.0,602.0,0.0,349.0,349.0,False
2025-01-30 23:32:00,225.0,253.0,253.0,0.0,28.0,28.0,False
2025-01-30 23:33:00,238.0,225.0,225.0,13.0,0.0,130.0,False
2025-01-30 23:34:00,258.0,238.0,238.0,20.0,0.0,200.0,False
2025-01-30 23:35:00,213.0,258.0,258.0,0.0,45.0,45.0,False
2025-01-30 23:36:00,281.0,213.0,213.0,68.0,0.0,680.0,False
2025-01-30 23:37:00,482.0,281.0,281.0,201.0,0.0,2010.0,False
2025-01-30 23:38:00,207.0,482.0,482.0,0.0,275.0,275.0,False
2025-01-30 23:39:00,233.0,207.0,207.0,26.0,0.0,260.0,False
2025-01-30 23:40:00,484.0,233.0,233.0,251.0,0.0,2510.0,False
2025-01-30 23:41:00,338.0,484.0,484.0,0.0,146.0,146.0,False
2025-01-30 23:42:00,429.0,338.0,338.0,91.0,0.0,910.0,False
2025-01-30 23:43:00,462.0,429.0,429.0,33.0,0.0,330.0,False
2025-01-30 23:44:00,229.0,462.0,462.0,0.0,233.0,233.0,False
2025-01-30 23:45:00,589.0,229.0,229.0,360.0,0.0,3600.0,False
2025-01-30 23:46:00,324.0,589.0,589.0,0.0,265.0,265.0,False
2025-01-30 23:47:00,270.0,324.0,324.0,0.0,54.0,54.0,False
2025-01-30 23:48:00,290.0,270.0,270.0,20.0,0.0,200.0,False
2025-01-30 23:49:00,172.0,290.0,290.0,0.0,118.0,118.0,False
2025-01-30 23:50:00,483.0,172.0,172.0,311.0,0.0,3110.0,False
2025-01-30 23:51:00,251.0,483.0,483.0,0.0,232.0,232.0,False
2025-01-30 23:52:00,244.0,251.0,251.0,0.0,7.0,7.0,False
2025-01-30 23:53:00,200.0,244.0,244.0,0.0,44.0,44.0,False
2025-01-30 23:54:00,257.0,200.0,200.0,57.0,0.0,570.0,False
2025-01-30 23:55:00,236.0,257.0,257.0,0.0,21.0,21.0,False
2025-01-30 23:56:00,168.0,236.0,236.0,0.0,68.0,68.0,False
2025-01-30 23:57:00,234.0,168.0,168.0,66.0,0.0,660.0,False
2025-01-30 23:58:00,187.0,234.0,234.0,0.0,47.0,47.0,False
2025-01-30 23:59:00,204.0,187.0,187.0,17.0,0.0,170.0,False
2025-01-31 00:00:00,788.0,204.0,204.0,584.0,0.0,5840.0,True
2025-01-31 00:01:00,323.0,788.0,788.0,0.0,465.0,465.0,False
2025-01-31 00:02:00,230.0,323.0,323.0,0.0,93.0,93.0,False
2025-01-31 00:03:00,279.0,230.0,230.0,49.0,0.0,490.0,False
2025-01-31 00:04:00,310.0,279.0,279.0,31.0,0.0,310.0,False
2025-01-31 00:05:00,283.0,310.0,310.0,0.0,27.0,27.0,False
2025-01-31 00:06:00,405.0,283.0,283.0,122.0,0.0,1220.0,False
2025-01-31 00:07:00,442.0,405.0,405.0,37.0,0.0,370.0,False
2025-01-31 00:08:00,348.0,442.0,442.0,0.0,94.0,94.0,False
2025-01-31 00:09:00,229.0,348.0,348.0,0.0,119.0,119.0,False
2025-01-31 00:10:00,515.0,229.0,229.0,286.0,0.0,2860.0,False
2025-01-31 00:11:00,205.0,515.0,515.0,0.0,310.0,310.0,False
2025-01-31 00:12:00,265.0,205.0,205.0,60.0,0.0,600.0,False
2025-01-31 00:13:00,252.0,265.0,265.0,0.0,13.0,13.0,False
2025-01-31 00:14:00,195.0,252.0,252.0,0.0,57.0,57.0,False
2025-01-31 00:15:00,426.0,195.0,195.0,231.0,0.0,2310.0,False
2025-01-31 00:16:00,239.0,426.0,426.0,0.0,187.0,187.0,False
2025-01-31 00:17:00,160.0,239.0,239.0,0.0,79.0,79.0,False
2025-01-31 00:18:00,320.0,160.0,160.0,160.0,0.0,1600.0,False
2025-01-31 00:19:00,228.0,320.0,320.0,0.0,92.0,92.0,False
2025-01-31 00:20:00,525.0,228.0,228.0,297.0,0.0,2970.0,False
2025-01-31 00:21:00,222.0,525.0,525.0,0.0,303.0,303.0,False
2025-01-31 00:22:00,240.0,222.0,222.0,18.0,0.0,180.0,False
2025-01-31 00:23:00,650.0,240.0,240.0,410.0,0.0,4100.0,False
2025-01-31 00:24:00,261.0,650.0,650.0,0.0,389.0,389.0,False
2025-01-31 00:25:00,261.0,261.0,261.0,0.0,0.0,0.0,False
2025-01-31 00:26:00,265.0,261.0,261.0,4.0,0.0,40.0,False
2025-01-31 00:27:00,239.0,265.0,265.0,0.0,26.0,26.0,False
2025-01-31 00:28:00,189.0,239.0,239.0,0.0,50.0,50.0,False
2025-01-31 00:29:00,182.0,189.0,189.0,0.0,7.0,7.0,False
2025-01-31 00:30:00,732.0,182.0,182.0,550.0,0.0,5500.0,True
2025-01-31 00:31:00,312.0,732.0,732.0,0.0,420.0,420.0,False
2025-01-31 00:32:00,274.0,312.0,312.0,0.0,38.0,38.0,False
2025-01-31 00:33:00,343.0,274.0,274.0,69.0,0.0,690.0,False
2025-01-31 00:34:00,244.0,343.0,343.0,0.0,99.0,99.0,False
2025-01-31 00:35:00,331.0,244.0,244.0,87.0,0.0,870.0,False
2025-01-31 00:36:00,372.0,331.0,331.0,41.0,0.0,410.0,False
2025-01-31 00:37:00,301.0,372.0,372.0,0.0,71.0,71.0,False
2025-01-31 00:38:00,171.0,301.0,301.0,0.0,130.0,130.0,False
2025-01-31 00:39:00,313.0,171.0,171.0,142.0,0.0,1420.0,False
2025-01-31 00:40:00,529.0,313.0,313.0,216.0,0.0,2160.0,False
2025-01-31 00:41:00,292.0,529.0,529.0,0.0,237.0,237.0,False
2025-01-31 00:42:00,302.0,292.0,292.0,10.0,0.0,100.0,False
2025-01-31 00:43:00,302.0,302.0,302.0,0.0,0.0,0.0,False
2025-01-31 00:44:00,245.0,302.0,302.0,0.0,57.0,57.0,False
2025-01-31 00:45:00,421.0,245.0,245.0,176.0,0.0,1760.0,False
2025-01-31 00:46:00,273.0,421.0,421.0,0.0,148.0,148.0,False
2025-01-31 00:47:00,302.0,273.0,273.0,29.0,0.0,290.0,False
2025-01-31 00:48:00,372.0,302.0,302.0,70.0,0.0,700.0,False
2025-01-31 00:49:00,194.0,372.0,372.0,0.0,178.0,178.0,False
2025-01-31 00:50:00,463.0,194.0,194.0,269.0,0.0,2690.0,False
2025-01-31 00:51:00,256.0,463.0,463.0,0.0,207.0,207.0,False
2025-01-31 00:52:00,246.0,256.0,256.0,0.0,10.0,10.0,False
2025-01-31 00:53:00,269.0,246.0,246.0,23.0,0.0,230.0,False
2025-01-31 00:54:00,299.0,269.0,269.0,30.0,0.0,300.0,False
2025-01-31 00:55:00,224.0,299.0,299.0,0.0,75.0,75.0,False
2025-01-31 00:56:00,192.0,224.0,224.0,0.0,32.0,32.0,False
2025-01-31 00:57:00,220.0,192.0,192.0,28.0,0.0,280.0,False
2025-01-31 00:58:00,212.0,220.0,220.0,0.0,8.0,8.0,False
2025-01-31 00:59:00,204.0,212.0,212.0,0.0,8.0,8.0,False
2025-01-31 01:00:00,749.0,204.0,204.0,545.0,0.0,5450.0,True
2025-01-31 01:01:00,374.0,749.0,749.0,0.0,375.0,375.0,False
2025-01-31 01:02:00,291.0,374.0,374.0,0.0,83.0,83.0,False
2025-01-31 01:03:00,468.0,291.0,291.0,177.0,0.0,1770.0,False
2025-01-31 01:04:00,493.0,468.0,468.0,25.0,0.0,250.0,False
2025-01-31 01:05:00,525.0,493.0,493.0,32.0,0.0,320.0,False
2025-01-31 01:06:00,469.0,525.0,525.0,0.0,56.0,56.0,False
2025-01-31 01:07:00,380.0,469.0,469.0,0.0,89.0,89.0,False
2025-01-31 01:08:00,272.0,380.0,380.0,0.0,108.0,108.0,False
2025-01-31 01:09:00,446.0,272.0,272.0,174.0,0.0,1740.0,False
2025-01-31 01:10:00,573.0,446.0,446.0,127.0,0.0,1270.0,False
2025-01-31 01:11:00,293.0,573.0,573.0,0.0,280.0,280.0,False
2025-01-31 01:12:00,290.0,293.0,293.0,0.0,3.0,3.0,False
2025-01-31 01:13:00,269.0,290.0,290.0,0.0,21.0,21.0,False
2025-01-31 01:14:00,213.0,269.0,269.0,0.0,56.0,56.0,False
2025-01-31 01:15:00,380.0,213.0,213.0,167.0,0.0,1670.0,False
2025-01-31 01:16:00,268.0,380.0,380.0,0.0,112.0,112.0,False
2025-01-31 01:17:00,174.0,268.0,268.0,0.0,94.0,94.0,False
2025-01-31 01:18:00,255.0,174.0,174.0,81.0,0.0,810.0,False
2025-01-31 01:19:00,209.0,255.0,255.0,0.0,46.0,46.0,False
2025-01-31 01:20:00,545.0,209.0,209.0,336.0,0.0,3360.0,False
2025-01-31 01:21:00,317.0,545.0,545.0,0.0,228.0,228.0,False
2025-01-31 01:22:00,326.0,317.0,317.0,9.0,0.0,90.0,False
2025-01-31 01:23:00,398.0,326.0,326.0,72.0,0.0,720.0,False
2025-01-31 01:24:00,306.0,398.0,398.0,0.0,92.0,92.0,False
2025-01-31 01:25:00,268.0,306.0,306.0,0.0,38.0,38.0,False
2025-01-31 01:26:00,475.0,268.0,268.0,207.0,0.0,2070.0,False
2025-01-31 01:27:00,295.0,475.0,475.0,0.0,180.0,180.0,False
2025-01-31 01:28:00,316.0,295.0,295.0,21.0,0.0,210.0,False
2025-01-31 01:29:00,233.0,316.0,316.0,0.0,83.0,83.0,False
2025-01-31 01:30:00,638.0,233.0,233.0,405.0,0.0,4050.0,False
2025-01-31 01:31:00,417.0,638.0,638.0,0.0,221.0,221.0,False
2025-01-31 01:32:00,296.0,417.0,417.0,0.0,121.0,121.0,False
2025-01-31 01:33:00,496.0,296.0,296.0,200.0,0.0,2000.0,False
2025-01-31 01:34:00,295.0,496.0,496.0,0.0,201.0,201.0,False
2025-01-31 01:35:00,330.0,295.0,295.0,35.0,0.0,350.0,False
2025-01-31 01:36:00,407.0,330.0,330.0,77.0,0.0,770.0,False
2025-01-31 01:37:00,294.0,407.0,407.0,0.0,113.0,113.0,False
2025-01-31 01:38:00,176.0,294.0,294.0,0.0,118.0,118.0,False
2025-01-31 01:39:00,325.0,176.0,176.0,149.0,0.0,1490.0,False
2025-01-31 01:40:00,605.0,325.0,325.0,280.0,0.0,2800.0,False
2025-01-31 01:41:00,400.0,605.0,605.0,0.0,205.0,205.0,False
2025-01-31 01:42:00,339.0,400.0,400.0,0.0,61.0,61.0,False
2025-01-31 01:43:00,315.0,339.0,339.0,0.0,24.0,24.0,False
2025-01-31 01:44:00,279.0,315.0,315.0,0.0,36.0,36.0,False
2025-01-31 01:45:00,455.0,279.0,279.0,176.0,0.0,1760.0,False
2025-01-31 01:46:00,267.0,455.0,455.0,0.0,188.0,188.0,False
2025-01-31 01:47:00,253.0,267.0,267.0,0.0,14.0,14.0,False
2025-01-31 01:48:00,269.0,253.0,253.0,16.0,0.0,160.0,False
2025-01-31 01:49:00,209.0,269.0,269.0,0.0,60.0,60.0,False
2025-01-31 01:50:00,503.0,209.0,209.0,294.0,0.0,2940.0,False
2025-01-31 01:51:00,303.0,503.0,503.0,0.0,200.0,200.0,False
2025-01-31 01:52:00,213.0,303.0,303.0,0.0,90.0,90.0,False
2025-01-31 01:53:00,306.0,213.0,213.0,93.0,0.0,930.0,False
2025-01-31 01:54:00,260.0,306.0,306.0,0.0,46.0,46.0,False
2025-01-31 01:55:00,292.0,260.0,260.0,32.0,0.0,320.0,False
2025-01-31 01:56:00,220.0,292.0,292.0,0.0,72.0,72.0,False
2025-01-31 01:57:00,303.0,220.0,220.0,83.0,0.0,830.0,False
2025-01-31 01:58:00,223.0,303.0,303.0,0.0,80.0,80.0,False
2025-01-31 01:59:00,266.0,223.0,223.0,43.0,0.0,430.0,False
2025-01-31 02:00:00,739.0,266.0,266.0,473.0,0.0,4730.0,True
2025-01-31 02:01:00,340.0,739.0,739.0,0.0,399.0,399.0,False
2025-01-31 02:02:00,248.0,340.0,340.0,0.0,92.0,92.0,False
2025-01-31 02:03:00,461.0,248.0,248.0,213.0,0.0,2130.0,False
2025-01-31 02:04:00,326.0,461.0,461.0,0.0,135.0,135.0,False
2025-01-31 02:05:00,293.0,326.0,326.0,0.0,33.0,33.0,False
2025-01-31 02:06:00,366.0,293.0,293.0,73.0,0.0,730.0,False
2025-01-31 02:07:00,296.0,366.0,366.0,0.0,70.0,70.0,False
2025-01-31 02:08:00,350.0,296.0,296.0,54.0,0.0,540.0,False
2025-01-31 02:09:00,311.0,350.0,350.0,0.0,39.0,39.0,False
2025-01-31 02:10:00,535.0,311.0,311.0,224.0,0.0,2240.0,False
2025-01-31 02:11:00,205.0,535.0,535.0,0.0,330.0,330.0,False
2025-01-31 02:12:00,246.0,205.0,205.0,41.0,0.0,410.0,False
2025-01-31 02:13:00,273.0,246.0,246.0,27.0,0.0,270.0,False
2025-01-31 02:14:00,260.0,273.0,273.0,0.0,13.0,13.0,False
2025-01-31 02:15:00,427.0,260.0,260.0,167.0,0.0,1670.0,False
2025-01-31 02:16:00,432.0,427.0,427.0,5.0,0.0,50.0,False
2025-01-31 02:17:00,229.0,432.0,432.0,0.0,203.0,203.0,False
2025-01-31 02:18:00,307.0,229.0,229.0,78.0,0.0,780.0,False
2025-01-31 02:19:00,259.0,307.0,307.0,0.0,48.0,48.0,False
2025-01-31 02:20:00,533.0,259.0,259.0,274.0,0.0,2740.0,False
2025-01-31 02:21:00,298.0,533.0,533.0,0.0,235.0,235.0,False
2025-01-31 02:22:00,260.0,298.0,298.0,0.0,38.0,38.0,False
2025-01-31 02:23:00,241.0,260.0,260.0,0.0,19.0,19.0,False
2025-01-31 02:24:00,238.0,241.0,241.0,0.0,3.0,3.0,False
2025-01-31 02:25:00,348.0,238.0,238.0,110.0,0.0,1100.0,False
2025-01-31 02:26:00,297.0,348.0,348.0,0.0,51.0,51.0,False
2025-01-31 02:27:00,208.0,297.0,297.0,0.0,89.0,89.0,False
2025-01-31 02:28:00,246.0,208.0,208.0,38.0,0.0,380.0,False
2025-01-31 02:29:00,231.0,246.0,246.0,0.0,15.0,15.0,False
2025-01-31 02:30:00,610.0,231.0,231.0,379.0,0.0,3790.0,False
2025-01-31 02:31:00,303.0,610.0,610.0,0.0,307.0,307.0,False
2025-01-31 02:32:00,254.0,303.0,303.0,0.0,49.0,49.0,False
2025-01-31 02:33:00,305.0,254.0,254.0,51.0,0.0,510.0,False
2025-01-31 02:34:00,252.0,305.0,305.0,0.0,53.0,53.0,False
2025-01-31 02:35:00,312.0,252.0,252.0,60.0,0.0,600.0,False
2025-01-31 02:36:00,297.0,312.0,312.0,0.0,15.0,15.0,False
2025-01-31 02:37:00,231.0,297.0,297.0,0.0,66.0,66.0,False
2025-01-31 02:38:00,297.0,231.0,231.0,66.0,0.0,660.0,False
2025-01-31 02:39:00,307.0,297.0,297.0,10.0,0.0,100.0,False
2025-01-31 02:40:00,560.0,307.0,307.0,253.0,0.0,2530.0,False
2025-01-31 02:41:00,265.0,560.0,560.0,0.0,295.0,295.0,False
2025-01-31 02:42:00,323.0,265.0,265.0,58.0,0.0,580.0,False
2025-01-31 02:43:00,666.0,323.0,323.0,343.0,0.0,3430.0,False
2025-01-31 02:44:00,261.0,666.0,666.0,0.0,405.0,405.0,False
2025-01-31 02:45:00,484.0,261.0,261.0,223.0,0.0,2230.0,False
2025-01-31 02:46:00,259.0,484.0,484.0,0.0,225.0,225.0,False
2025-01-31 02:47:00,223.0,259.0,259.0,0.0,36.0,36.0,False
2025-01-31 02:48:00,309.0,223.0,223.0,86.0,0.0,860.0,False
2025-01-31 02:49:00,213.0,309.0,309.0,0.0,96.0,96.0,False
2025-01-31 02:50:00,548.0,213.0,213.0,335.0,0.0,3350.0,False
2025-01-31 02:51:00,202.0,548.0,548.0,0.0,346.0,346.0,False
2025-01-31 02:52:00,206.0,202.0,202.0,4.0,0.0,40.0,False
2025-01-31 02:53:00,273.0,206.0,206.0,67.0,0.0,670.0,False
2025-01-31 02:54:00,239.0,273.0,273.0,0.0,34.0,34.0,False
2025-01-31 02:55:00,192.0,239.0,239.0,0.0,47.0,47.0,False
2025-01-31 02:56:00,271.0,192.0,192.0,79.0,0.0,790.0,False
2025-01-31 02:57:00,219.0,271.0,271.0,0.0,52.0,52.0,False
2025-01-31 02:58:00,202.0,219.0,219.0,0.0,17.0,17.0,False
2025-01-31 02:59:00,268.0,202.0,202.0,66.0,0.0,660.0,False
2025-01-31 03:00:00,699.0,268.0,268.0,431.0,0.0,4310.0,False
2025-01-31 03:01:00,352.0,699.0,699.0,0.0,347.0,347.0,False
2025-01-31 03:02:00,260.0,352.0,352.0,0.0,92.0,92.0,False
2025-01-31 03:03:00,391.0,260.0,260.0,131.0,0.0,1310.0,False
2025-01-31 03:04:00,310.0,391.0,391.0,0.0,81.0,81.0,False
2025-01-31 03:05:00,303.0,310.0,310.0,0.0,7.0,7.0,False
2025-01-31 03:06:00,315.0,303.0,303.0,12.0,0.0,120.0,False
2025-01-31 03:07:00,309.0,315.0,315.0,0.0,6.0,6.0,False
2025-01-31 03:08:00,272.0,309.0,309.0,0.0,37.0,37.0,False
2025-01-31 03:09:00,266.0,272.0,272.0,0.0,6.0,6.0,False
2025-01-31 03:10:00,560.0,266.0,266.0,294.0,0.0,2940.0,False
2025-01-31 03:11:00,257.0,560.0,560.0,0.0,303.0,303.0,False
2025-01-31 03:12:00,325.0,257.0,257.0,68.0,0.0,680.0,False
2025-01-31 03:13:00,258.0,325.0,325.0,0.0,67.0,67.0,False
2025-01-31 03:14:00,206.0,258.0,258.0,0.0,52.0,52.0,False
2025-01-31 03:15:00,323.0,206.0,206.0,117.0,0.0,1170.0,False
2025-01-31 03:16:00,328.0,323.0,323.0,5.0,0.0,50.0,False
2025-01-31 03:17:00,167.0,328.0,328.0,0.0,161.0,161.0,False
2025-01-31 03:18:00,321.0,167.0,167.0,154.0,0.0,1540.0,False
2025-01-31 03:19:00,242.0,321.0,321.0,0.0,79.0,79.0,False
2025-01-31 03:20:00,526.0,242.0,242.0,284.0,0.0,2840.0,False
2025-01-31 03:21:00,238.0,526.0,526.0,0.0,288.0,288.0,False
2025-01-31 03:22:00,233.0,238.0,238.0,0.0,5.0,5.0,False
2025-01-31 03:23:00,269.0,233.0,233.0,36.0,0.0,360.0,False
2025-01-31 03:24:00,274.0,269.0,269.0,5.0,0.0,50.0,False
2025-01-31 03:25:00,269.0,274.0,274.0,0.0,5.0,5.0,False
2025-01-31 03:26:00,280.0,269.0,269.0,11.0,0.0,110.0,False
2025-01-31 03:27:00,264.0,280.0,280.0,0.0,16.0,16.0,False
2025-01-31 03:28:00,243.0,264.0,264.0,0.0,21.0,21.0,False
2025-01-31 03:29:00,261.0,243.0,243.0,18.0,0.0,180.0,False
2025-01-31 03:30:00,598.0,261.0,261.0,337.0,0.0,3370.0,False
2025-01-31 03:31:00,307.0,598.0,598.0,0.0,291.0,291.0,False
2025-01-31 03:32:00,247.0,307.0,307.0,0.0,60.0,60.0,False
2025-01-31 03:33:00,259.0,247.0,247.0,12.0,0.0,120.0,False
2025-01-31 03:34:00,288.0,259.0,259.0,29.0,0.0,290.0,False
2025-01-31 03:35:00,280.0,288.0,288.0,0.0,8.0,8.0,False
2025-01-31 03:36:00,340.0,280.0,280.0,60.0,0.0,600.0,False
2025-01-31 03:37:00,247.0,340.0,340.0,0.0,93.0,93.0,False
2025-01-31 03:38:00,220.0,247.0,247.0,0.0,27.0,27.0,False
2025-01-31 03:39:00,253.0,220.0,220.0,33.0,0.0,330.0,False
2025-01-31 03:40:00,503.0,253.0,253.0,250.0,0.0,2500.0,False
2025-01-31 03:41:00,262.0,503.0,503.0,0.0,241.0,241.0,False
2025-01-31 03:42:00,260.0,262.0,262.0,0.0,2.0,2.0,False
2025-01-31 03:43:00,278.0,260.0,260.0,18.0,0.0,180.0,False
2025-01-31 03:44:00,315.0,278.0,278.0,37.0,0.0,370.0,False
2025-01-31 03:45:00,319.0,315.0,315.0,4.0,0.0,40.0,False
2025-01-31 03:46:00,288.0,319.0,319.0,0.0,31.0,31.0,False
2025-01-31 03:47:00,186.0,288.0,288.0,0.0,102.0,102.0,False
2025-01-31 03:48:00,290.0,186.0,186.0,104.0,0.0,1040.0,False
2025-01-31 03:49:00,230.0,290.0,290.0,0.0,60.0,60.0,False
2025-01-31 03:50:00,448.0,230.0,230.0,218.0,0.0,2180.0,False
2025-01-31 03:51:00,285.0,448.0,448.0,0.0,163.0,163.0,False
2025-01-31 03:52:00,254.0,285.0,285.0,0.0,31.0,31.0,False
2025-01-31 03:53:00,221.0,254.0,254.0,0.0,33.0,33.0,False
2025-01-31 03:54:00,275.0,221.0,221.0,54.0,0.0,540.0,False
2025-01-31 03:55:00,259.0,275.0,275.0,0.0,16.0,16.0,False
2025-01-31 03:56:00,220.0,259.0,259.0,0.0,39.0,39.0,False
2025-01-31 03:57:00,187.0,220.0,220.0,0.0,33.0,33.0,False
2025-01-31 03:58:00,273.0,187.0,187.0,86.0,0.0,860.0,False
2025-01-31 03:59:00,185.0,273.0,273.0,0.0,88.0,88.0,False
2025-01-31 04:00:00,673.0,185.0,185.0,488.0,0.0,4880.0,False
2025-01-31 04:01:00,397.0,673.0,673.0,0.0,276.0,276.0,False
2025-01-31 04:02:00,286.0,397.0,397.0,0.0,111.0,111.0,False
2025-01-31 04:03:00,283.0,286.0,286.0,0.0,3.0,3.0,False
2025-01-31 04:04:00,321.0,283.0,283.0,38.0,0.0,380.0,False
2025-01-31 04:05:00,226.0,321.0,321.0,0.0,95.0,95.0,False
2025-01-31 04:06:00,362.0,226.0,226.0,136.0,0.0,1360.0,False
2025-01-31 04:07:00,345.0,362.0,362.0,0.0,17.0,17.0,False
2025-01-31 04:08:00,260.0,345.0,345.0,0.0,85.0,85.0,False
2025-01-31 04:09:00,304.0,260.0,260.0,44.0,0.0,440.0,False
2025-01-31 04:10:00,493.0,304.0,304.0,189.0,0.0,1890.0,False
2025-01-31 04:11:00,262.0,493.0,493.0,0.0,231.0,231.0,False
2025-01-31 04:12:00,183.0,262.0,262.0,0.0,79.0,79.0,False
2025-01-31 04:13:00,220.0,183.0,183.0,37.0,0.0,370.0,False
2025-01-31 04:14:00,218.0,220.0,220.0,0.0,2.0,2.0,False
2025-01-31 04:15:00,370.0,218.0,218.0,152.0,0.0,1520.0,False
2025-01-31 04:16:00,302.0,370.0,370.0,0.0,68.0,68.0,False
2025-01-31 04:17:00,169.0,302.0,302.0,0.0,133.0,133.0,False
2025-01-31 04:18:00,258.0,169.0,169.0,89.0,0.0,890.0,False
2025-01-31 04:19:00,194.0,258.0,258.0,0.0,64.0,64.0,False
2025-01-31 04:20:00,492.0,194.0,194.0,298.0,0.0,2980.0,False
2025-01-31 04:21:00,334.0,492.0,492.0,0.0,158.0,158.0,False
2025-01-31 04:22:00,242.0,334.0,334.0,0.0,92.0,92.0,False
2025-01-31 04:23:00,241.0,242.0,242.0,0.0,1.0,1.0,False
2025-01-31 04:24:00,247.0,241.0,241.0,6.0,0.0,60.0,False
2025-01-31 04:25:00,244.0,247.0,247.0,0.0,3.0,3.0,False
2025-01-31 04:26:00,188.0,244.0,244.0,0.0,56.0,56.0,False
2025-01-31 04:27:00,287.0,188.0,188.0,99.0,0.0,990.0,False
2025-01-31 04:28:00,261.0,287.0,287.0,0.0,26.0,26.0,False
2025-01-31 04:29:00,202.0,261.0,261.0,0.0,59.0,59.0,False
2025-01-31 04:30:00,674.0,202.0,202.0,472.0,0.0,4720.0,False
2025-01-31 04:31:00,365.0,674.0,674.0,0.0,309.0,309.0,False
2025-01-31 04:32:00,278.0,365.0,365.0,0.0,87.0,87.0,False
2025-01-31 04:33:00,250.0,278.0,278.0,0.0,28.0,28.0,False
2025-01-31 04:34:00,287.0,250.0,250.0,37.0,0.0,370.0,False
2025-01-31 04:35:00,278.0,287.0,287.0,0.0,9.0,9.0,False
2025-01-31 04:36:00,278.0,278.0,278.0,0.0,0.0,0.0,False
2025-01-31 04:37:00,279.0,278.0,278.0,1.0,0.0,10.0,False
2025-01-31 04:38:00,196.0,279.0,279.0,0.0,83.0,83.0,False
2025-01-31 04:39:00,216.0,196.0,196.0,20.0,0.0,200.0,False
2025-01-31 04:40:00,506.0,216.0,216.0,290.0,0.0,2900.0,False
2025-01-31 04:41:00,260.0,506.0,506.0,0.0,246.0,246.0,False
2025-01-31 04:42:00,283.0,260.0,260.0,23.0,0.0,230.0,False
2025-01-31 04:43:00,291.0,283.0,283.0,8.0,0.0,80.0,False
2025-01-31 04:44:00,242.0,291.0,291.0,0.0,49.0,49.0,False
2025-01-31 04:45:00,360.0,242.0,242.0,118.0,0.0,1180.0,False
2025-01-31 04:46:00,347.0,360.0,360.0,0.0,13.0,13.0,False
2025-01-31 04:47:00,163.0,347.0,347.0,0.0,184.0,184.0,False
2025-01-31 04:48:00,432.0,163.0,163.0,269.0,0.0,2690.0,False
2025-01-31 04:49:00,237.0,432.0,432.0,0.0,195.0,195.0,False
2025-01-31 04:50:00,580.0,237.0,237.0,343.0,0.0,3430.0,False
2025-01-31 04:51:00,320.0,580.0,580.0,0.0,260.0,260.0,False
2025-01-31 04:52:00,263.0,320.0,320.0,0.0,57.0,57.0,False
2025-01-31 04:53:00,215.0,263.0,263.0,0.0,48.0,48.0,False
2025-01-31 04:54:00,247.0,215.0,215.0,32.0,0.0,320.0,False
2025-01-31 04:55:00,252.0,247.0,247.0,5.0,0.0,50.0,False
2025-01-31 04:56:00,243.0,252.0,252.0,0.0,9.0,9.0,False
2025-01-31 04:57:00,202.0,243.0,243.0,0.0,41.0,41.0,False
2025-01-31 04:58:00,219.0,202.0,202.0,17.0,0.0,170.0,False
2025-01-31 04:59:00,281.0,219.0,219.0,62.0,0.0,620.0,False
2025-01-31 05:00:00,704.0,281.0,281.0,423.0,0.0,4230.0,False
2025-01-31 05:01:00,367.0,704.0,704.0,0.0,337.0,337.0,False
2025-01-31 05:02:00,261.0,367.0,367.0,0.0,106.0,106.0,False
2025-01-31 05:03:00,362.0,261.0,261.0,101.0,0.0,1010.0,False
2025-01-31 05:04:00,334.0,362.0,362.0,0.0,28.0,28.0,False
2025-01-31 05:05:00,290.0,334.0,334.0,0.0,44.0,44.0,False
2025-01-31 05:06:00,326.0,290.0,290.0,36.0,0.0,360.0,False
2025-01-31 05:07:00,206.0,326.0,326.0,0.0,120.0,120.0,False
2025-01-31 05:08:00,311.0,206.0,206.0,105.0,0.0,1050.0,False
2025-01-31 05:09:00,289.0,311.0,311.0,0.0,22.0,22.0,False
2025-01-31 05:10:00,682.0,289.0,289.0,393.0,0.0,3930.0,False
2025-01-31 05:11:00,264.0,682.0,682.0,0.0,418.0,418.0,False
2025-01-31 05:12:00,259.0,264.0,264.0,0.0,5.0,5.0,False
2025-01-31 05:13:00,203.0,259.0,259.0,0.0,56.0,56.0,False
2025-01-31 05:14:00,239.0,203.0,203.0,36.0,0.0,360.0,False
2025-01-31 05:15:00,386.0,239.0,239.0,147.0,0.0,1470.0,False
2025-01-31 05:16:00,286.0,386.0,386.0,0.0,100.0,100.0,False
2025-01-31 05:17:00,199.0,286.0,286.0,0.0,87.0,87.0,False
2025-01-31 05:18:00,281.0,199.0,199.0,82.0,0.0,820.0,False
2025-01-31 05:19:00,182.0,281.0,281.0,0.0,99.0,99.0,False
2025-01-31 05:20:00,575.0,182.0,182.0,393.0,0.0,3930.0,False
2025-01-31 05:21:00,358.0,575.0,575.0,0.0,217.0,217.0,False
2025-01-31 05:22:00,258.0,358.0,358.0,0.0,100.0,100.0,False
2025-01-31 05:23:00,284.0,258.0,258.0,26.0,0.0,260.0,False
2025-01-31 05:24:00,302.0,284.0,284.0,18.0,0.0,180.0,False
2025-01-31 05:25:00,247.0,302.0,302.0,0.0,55.0,55.0,False
2025-01-31 05:26:00,242.0,247.0,247.0,0.0,5.0,5.0,False
2025-01-31 05:27:00,453.0,242.0,242.0,211.0,0.0,2110.0,False
2025-01-31 05:28:00,275.0,453.0,453.0,0.0,178.0,178.0,False
2025-01-31 05:29:00,215.0,275.0,275.0,0.0,60.0,60.0,False
2025-01-31 05:30:00,675.0,215.0,215.0,460.0,0.0,4600.0,False
2025-01-31 05:31:00,311.0,675.0,675.0,0.0,364.0,364.0,False
2025-01-31 05:32:00,426.0,311.0,311.0,115.0,0.0,1150.0,False
2025-01-31 05:33:00,392.0,426.0,426.0,0.0,34.0,34.0,False
2025-01-31 05:34:00,260.0,392.0,392.0,0.0,132.0,132.0,False
2025-01-31 05:35:00,329.0,260.0,260.0,69.0,0.0,690.0,False
2025-01-31 05:36:00,361.0,329.0,329.0,32.0,0.0,320.0,False
2025-01-31 05:37:00,303.0,361.0,361.0,0.0,58.0,58.0,False
2025-01-31 05:38:00,233.0,303.0,303.0,0.0,70.0,70.0,False
2025-01-31 05:39:00,253.0,233.0,233.0,20.0,0.0,200.0,False
2025-01-31 05:40:00,588.0,253.0,253.0,335.0,0.0,3350.0,False
2025-01-31 05:41:00,299.0,588.0,588.0,0.0,289.0,289.0,False
2025-01-31 05:42:00,309.0,299.0,299.0,10.0,0.0,100.0,False
2025-01-31 05:43:00,257.0,309.0,309.0,0.0,52.0,52.0,False
2025-01-31 05:44:00,259.0,257.0,257.0,2.0,0.0,20.0,False
2025-01-31 05:45:00,407.0,259.0,259.0,148.0,0.0,1480.0,False
2025-01-31 05:46:00,273.0,407.0,407.0,0.0,134.0,134.0,False
2025-01-31 05:47:00,244.0,273.0,273.0,0.0,29.0,29.0,False
2025-01-31 05:48:00,293.0,244.0,244.0,49.0,0.0,490.0,False
2025-01-31 05:49:00,234.0,293.0,293.0,0.0,59.0,59.0,False
2025-01-31 05:50:00,525.0,234.0,234.0,291.0,0.0,2910.0,False
2025-01-31 05:51:00,328.0,525.0,525.0,0.0,197.0,197.0,False
2025-01-31 05:52:00,214.0,328.0,328.0,0.0,114.0,114.0,False
2025-01-31 05:53:00,242.0,214.0,214.0,28.0,0.0,280.0,False
2025-01-31 05:54:00,263.0,242.0,242.0,21.0,0.0,210.0,False
2025-01-31 05:55:00,263.0,263.0,263.0,0.0,0.0,0.0,False
2025-01-31 05:56:00,231.0,263.0,263.0,0.0,32.0,32.0,False
2025-01-31 05:57:00,219.0,231.0,231.0,0.0,12.0,12.0,False
2025-01-31 05:58:00,285.0,219.0,219.0,66.0,0.0,660.0,False
2025-01-31 05:59:00,258.0,285.0,285.0,0.0,27.0,27.0,False
2025-01-31 06:00:00,696.0,258.0,258.0,438.0,0.0,4380.0,False
2025-01-31 06:01:00,324.0,696.0,696.0,0.0,372.0,372.0,False
2025-01-31 06:02:00,248.0,324.0,324.0,0.0,76.0,76.0,False
2025-01-31 06:03:00,364.0,248.0,248.0,116.0,0.0,1160.0,False
2025-01-31 06:04:00,255.0,364.0,364.0,0.0,109.0,109.0,False
2025-01-31 06:05:00,283.0,255.0,255.0,28.0,0.0,280.0,False
2025-01-31 06:06:00,266.0,283.0,283.0,0.0,17.0,17.0,False
2025-01-31 06:07:00,271.0,266.0,266.0,5.0,0.0,50.0,False
2025-01-31 06:08:00,264.0,271.0,271.0,0.0,7.0,7.0,False
2025-01-31 06:09:00,270.0,264.0,264.0,6.0,0.0,60.0,False
2025-01-31 06:10:00,508.0,270.0,270.0,238.0,0.0,2380.0,False
2025-01-31 06:11:00,267.0,508.0,508.0,0.0,241.0,241.0,False
2025-01-31 06:12:00,269.0,267.0,267.0,2.0,0.0,20.0,False
2025-01-31 06:13:00,391.0,269.0,269.0,122.0,0.0,1220.0,False
2025-01-31 06:14:00,352.0,391.0,391.0,0.0,39.0,39.0,False
2025-01-31 06:15:00,416.0,352.0,352.0,64.0,0.0,640.0,False
2025-01-31 06:16:00,203.0,416.0,416.0,0.0,213.0,213.0,False
2025-01-31 06:17:00,224.0,203.0,203.0,21.0,0.0,210.0,False
2025-01-31 06:18:00,358.0,224.0,224.0,134.0,0.0,1340.0,False
2025-01-31 06:19:00,258.0,358.0,358.0,0.0,100.0,100.0,False
2025-01-31 06:20:00,678.0,258.0,258.0,420.0,0.0,4200.0,False
2025-01-31 06:21:00,307.0,678.0,678.0,0.0,371.0,371.0,False
2025-01-31 06:22:00,259.0,307.0,307.0,0.0,48.0,48.0,False
2025-01-31 06:23:00,356.0,259.0,259.0,97.0,0.0,970.0,False
2025-01-31 06:24:00,450.0,356.0,356.0,94.0,0.0,940.0,False
2025-01-31 06:25:00,304.0,450.0,450.0,0.0,146.0,146.0,False
2025-01-31 06:26:00,460.0,304.0,304.0,156.0,0.0,1560.0,False
2025-01-31 06:27:00,216.0,460.0,460.0,0.0,244.0,244.0,False
2025-01-31 06:28:00,329.0,216.0,216.0,113.0,0.0,1130.0,False
2025-01-31 06:29:00,170.0,329.0,329.0,0.0,159.0,159.0,False
2025-01-31 06:30:00,702.0,170.0,170.0,532.0,0.0,5320.0,False
2025-01-31 06:31:00,282.0,702.0,702.0,0.0,420.0,420.0,False
2025-01-31 06:32:00,301.0,282.0,282.0,19.0,0.0,190.0,False
2025-01-31 06:33:00,343.0,301.0,301.0,42.0,0.0,420.0,False
2025-01-31 06:34:00,313.0,343.0,343.0,0.0,30.0,30.0,False
2025-01-31 06:35:00,306.0,313.0,313.0,0.0,7.0,7.0,False
2025-01-31 06:36:00,420.0,306.0,306.0,114.0,0.0,1140.0,False
2025-01-31 06:37:00,372.0,420.0,420.0,0.0,48.0,48.0,False
2025-01-31 06:38:00,254.0,372.0,372.0,0.0,118.0,118.0,False
2025-01-31 06:39:00,333.0,254.0,254.0,79.0,0.0,790.0,False
2025-01-31 06:40:00,578.0,333.0,333.0,245.0,0.0,2450.0,False
2025-01-31 06:41:00,236.0,578.0,578.0,0.0,342.0,342.0,False
2025-01-31 06:42:00,268.0,236.0,236.0,32.0,0.0,320.0,False
2025-01-31 06:43:00,327.0,268.0,268.0,59.0,0.0,590.0,False
2025-01-31 06:44:00,264.0,327.0,327.0,0.0,63.0,63.0,False
2025-01-31 06:45:00,435.0,264.0,264.0,171.0,0.0,1710.0,False
2025-01-31 06:46:00,383.0,435.0,435.0,0.0,52.0,52.0,False
2025-01-31 06:47:00,239.0,383.0,383.0,0.0,144.0,144.0,False
2025-01-31 06:48:00,349.0,239.0,239.0,110.0,0.0,1100.0,False
2025-01-31 06:49:00,232.0,349.0,349.0,0.0,117.0,117.0,False
2025-01-31 06:50:00,434.0,232.0,232.0,202.0,0.0,2020.0,False
2025-01-31 06:51:00,320.0,434.0,434.0,0.0,114.0,114.0,False
2025-01-31 06:52:00,270.0,320.0,320.0,0.0,50.0,50.0,False
2025-01-31 06:53:00,331.0,270.0,270.0,61.0,0.0,610.0,False
2025-01-31 06:54:00,276.0,331.0,331.0,0.0,55.0,55.0,False
2025-01-31 06:55:00,248.0,276.0,276.0,0.0,28.0,28.0,False
2025-01-31 06:56:00,308.0,248.0,248.0,60.0,0.0,600.0,False
2025-01-31 06:57:00,281.0,308.0,308.0,0.0,27.0,27.0,False
2025-01-31 06:58:00,214.0,281.0,281.0,0.0,67.0,67.0,False
2025-01-31 06:59:00,316.0,214.0,214.0,102.0,0.0,1020.0,False
2025-01-31 07:00:00,747.0,316.0,316.0,431.0,0.0,4310.0,True
2025-01-31 07:01:00,317.0,747.0,747.0,0.0,430.0,430.0,False
2025-01-31 07:02:00,258.0,317.0,317.0,0.0,59.0,59.0,False
2025-01-31 07:03:00,374.0,258.0,258.0,116.0,0.0,1160.0,False
2025-01-31 07:04:00,357.0,374.0,374.0,0.0,17.0,17.0,False
2025-01-31 07:05:00,346.0,357.0,357.0,0.0,11.0,11.0,False
2025-01-31 07:06:00,363.0,346.0,346.0,17.0,0.0,170.0,False
2025-01-31 07:07:00,270.0,363.0,363.0,0.0,93.0,93.0,False
2025-01-31 07:08:00,293.0,270.0,270.0,23.0,0.0,230.0,False
2025-01-31 07:09:00,335.0,293.0,293.0,42.0,0.0,420.0,False
2025-01-31 07:10:00,543.0,335.0,335.0,208.0,0.0,2080.0,False
2025-01-31 07:11:00,251.0,543.0,543.0,0.0,292.0,292.0,False
2025-01-31 07:12:00,318.0,251.0,251.0,67.0,0.0,670.0,False
2025-01-31 07:13:00,321.0,318.0,318.0,3.0,0.0,30.0,False
2025-01-31 07:14:00,311.0,321.0,321.0,0.0,10.0,10.0,False
2025-01-31 07:15:00,409.0,311.0,311.0,98.0,0.0,980.0,False
2025-01-31 07:16:00,301.0,409.0,409.0,0.0,108.0,108.0,False
2025-01-31 07:17:00,181.0,301.0,301.0,0.0,120.0,120.0,False
2025-01-31 07:18:00,260.0,181.0,181.0,79.0,0.0,790.0,False
2025-01-31 07:19:00,250.0,260.0,260.0,0.0,10.0,10.0,False
2025-01-31 07:20:00,482.0,250.0,250.0,232.0,0.0,2320.0,False
2025-01-31 07:21:00,298.0,482.0,482.0,0.0,184.0,184.0,False
2025-01-31 07:22:00,276.0,298.0,298.0,0.0,22.0,22.0,False
2025-01-31 07:23:00,227.0,276.0,276.0,0.0,49.0,49.0,False
2025-01-31 07:24:00,402.0,227.0,227.0,175.0,0.0,1750.0,False
2025-01-31 07:25:00,317.0,402.0,402.0,0.0,85.0,85.0,False
2025-01-31 07:26:00,287.0,317.0,317.0,0.0,30.0,30.0,False
2025-01-31 07:27:00,247.0,287.0,287.0,0.0,40.0,40.0,False
2025-01-31 07:28:00,227.0,247.0,247.0,0.0,20.0,20.0,False
2025-01-31 07:29:00,161.0,227.0,227.0,0.0,66.0,66.0,False
2025-01-31 07:30:00,622.0,161.0,161.0,461.0,0.0,4610.0,False
2025-01-31 07:31:00,381.0,622.0,622.0,0.0,241.0,241.0,False
2025-01-31 07:32:00,321.0,381.0,381.0,0.0,60.0,60.0,False
2025-01-31 07:33:00,352.0,321.0,321.0,31.0,0.0,310.0,False
2025-01-31 07:34:00,346.0,352.0,352.0,0.0,6.0,6.0,False
2025-01-31 07:35:00,279.0,346.0,346.0,0.0,67.0,67.0,False
2025-01-31 07:36:00,370.0,279.0,279.0,91.0,0.0,910.0,False
2025-01-31 07:37:00,279.0,370.0,370.0,0.0,91.0,91.0,False
2025-01-31 07:38:00,226.0,279.0,279.0,0.0,53.0,53.0,False
2025-01-31 07:39:00,284.0,226.0,226.0,58.0,0.0,580.0,False
2025-01-31 07:40:00,601.0,284.0,284.0,317.0,0.0,3170.0,False
2025-01-31 07:41:00,243.0,601.0,601.0,0.0,358.0,358.0,False
2025-01-31 07:42:00,341.0,243.0,243.0,98.0,0.0,980.0,False
2025-01-31 07:43:00,336.0,341.0,341.0,0.0,5.0,5.0,False
2025-01-31 07:44:00,278.0,336.0,336.0,0.0,58.0,58.0,False
2025-01-31 07:45:00,377.0,278.0,278.0,99.0,0.0,990.0,False
2025-01-31 07:46:00,387.0,377.0,377.0,10.0,0.0,100.0,False
2025-01-31 07:47:00,196.0,387.0,387.0,0.0,191.0,191.0,False
2025-01-31 07:48:00,298.0,196.0,196.0,102.0,0.0,1020.0,False
2025-01-31 07:49:00,256.0,298.0,298.0,0.0,42.0,42.0,False
2025-01-31 07:50:00,567.0,256.0,256.0,311.0,0.0,3110.0,False
2025-01-31 07:51:00,288.0,567.0,567.0,0.0,279.0,279.0,False
2025-01-31 07:52:00,248.0,288.0,288.0,0.0,40.0,40.0,False
2025-01-31 07:53:00,251.0,248.0,248.0,3.0,0.0,30.0,False
2025-01-31 07:54:00,252.0,251.0,251.0,1.0,0.0,10.0,False
2025-01-31 07:55:00,293.0,252.0,252.0,41.0,0.0,410.0,False
2025-01-31 07:56:00,256.0,293.0,293.0,0.0,37.0,37.0,False
2025-01-31 07:57:00,256.0,256.0,256.0,0.0,0.0,0.0,False
2025-01-31 07:58:00,188.0,256.0,256.0,0.0,68.0,68.0,False
2025-01-31 07:59:00,220.0,188.0,188.0,32.0,0.0,320.0,False
2025-01-31 08:00:00,793.0,220.0,220.0,573.0,0.0,5730.0,True
2025-01-31 08:01:00,467.0,793.0,793.0,0.0,326.0,326.0,False
2025-01-31 08:02:00,269.0,467.0,467.0,0.0,198.0,198.0,False
2025-01-31 08:03:00,382.0,269.0,269.0,113.0,0.0,1130.0,False
2025-01-31 08:04:00,504.0,382.0,382.0,122.0,0.0,1220.0,False
2025-01-31 08:05:00,329.0,504.0,504.0,0.0,175.0,175.0,False
2025-01-31 08:06:00,351.0,329.0,329.0,22.0,0.0,220.0,False
2025-01-31 08:07:00,358.0,351.0,351.0,7.0,0.0,70.0,False
2025-01-31 08:08:00,244.0,358.0,358.0,0.0,114.0,114.0,False
2025-01-31 08:09:00,274.0,244.0,244.0,30.0,0.0,300.0,False
2025-01-31 08:10:00,535.0,274.0,274.0,261.0,0.0,2610.0,False
2025-01-31 08:11:00,302.0,535.0,535.0,0.0,233.0,233.0,False
2025-01-31 08:12:00,313.0,302.0,302.0,11.0,0.0,110.0,False
2025-01-31 08:13:00,297.0,313.0,313.0,0.0,16.0,16.0,False
2025-01-31 08:14:00,231.0,297.0,297.0,0.0,66.0,66.0,False
2025-01-31 08:15:00,363.0,231.0,231.0,132.0,0.0,1320.0,False
2025-01-31 08:16:00,331.0,363.0,363.0,0.0,32.0,32.0,False
2025-01-31 08:17:00,235.0,331.0,331.0,0.0,96.0,96.0,False
2025-01-31 08:18:00,231.0,235.0,235.0,0.0,4.0,4.0,False
2025-01-31 08:19:00,293.0,231.0,231.0,62.0,0.0,620.0,False
2025-01-31 08:20:00,585.0,293.0,293.0,292.0,0.0,2920.0,False
2025-01-31 08:21:00,325.0,585.0,585.0,0.0,260.0,260.0,False
2025-01-31 08:22:00,248.0,325.0,325.0,0.0,77.0,77.0,False
2025-01-31 08:23:00,325.0,248.0,248.0,77.0,0.0,770.0,False
2025-01-31 08:24:00,351.0,325.0,325.0,26.0,0.0,260.0,False
2025-01-31 08:25:00,372.0,351.0,351.0,21.0,0.0,210.0,False
2025-01-31 08:26:00,236.0,372.0,372.0,0.0,136.0,136.0,False
2025-01-31 08:27:00,218.0,236.0,236.0,0.0,18.0,18.0,False
2025-01-31 08:28:00,256.0,218.0,218.0,38.0,0.0,380.0,False
2025-01-31 08:29:00,248.0,256.0,256.0,0.0,8.0,8.0,False
2025-01-31 08:30:00,720.0,248.0,248.0,472.0,0.0,4720.0,False
2025-01-31 08:31:00,402.0,720.0,720.0,0.0,318.0,318.0,False
2025-01-31 08:32:00,454.0,402.0,402.0,52.0,0.0,520.0,False
2025-01-31 08:33:00,377.0,454.0,454.0,0.0,77.0,77.0,False
2025-01-31 08:34:00,259.0,377.0,377.0,0.0,118.0,118.0,False
2025-01-31 08:35:00,297.0,259.0,259.0,38.0,0.0,380.0,False
2025-01-31 08:36:00,352.0,297.0,297.0,55.0,0.0,550.0,False
2025-01-31 08:37:00,336.0,352.0,352.0,0.0,16.0,16.0,False
2025-01-31 08:38:00,274.0,336.0,336.0,0.0,62.0,62.0,False
2025-01-31 08:39:00,394.0,274.0,274.0,120.0,0.0,1200.0,False
2025-01-31 08:40:00,669.0,394.0,394.0,275.0,0.0,2750.0,False
2025-01-31 08:41:00,266.0,669.0,669.0,0.0,403.0,403.0,False
2025-01-31 08:42:00,307.0,266.0,266.0,41.0,0.0,410.0,False
2025-01-31 08:43:00,300.0,307.0,307.0,0.0,7.0,7.0,False
2025-01-31 08:44:00,276.0,300.0,300.0,0.0,24.0,24.0,False
2025-01-31 08:45:00,343.0,276.0,276.0,67.0,0.0,670.0,False
2025-01-31 08:46:00,319.0,343.0,343.0,0.0,24.0,24.0,False
2025-01-31 08:47:00,235.0,319.0,319.0,0.0,84.0,84.0,False
2025-01-31 08:48:00,336.0,235.0,235.0,101.0,0.0,1010.0,False
2025-01-31 08:49:00,279.0,336.0,336.0,0.0,57.0,57.0,False
2025-01-31 08:50:00,520.0,279.0,279.0,241.0,0.0,2410.0,False
2025-01-31 08:51:00,320.0,520.0,520.0,0.0,200.0,200.0,False
2025-01-31 08:52:00,303.0,320.0,320.0,0.0,17.0,17.0,False
2025-01-31 08:53:00,298.0,303.0,303.0,0.0,5.0,5.0,False
2025-01-31 08:54:00,391.0,298.0,298.0,93.0,0.0,930.0,False
2025-01-31 08:55:00,418.0,391.0,391.0,27.0,0.0,270.0,False
2025-01-31 08:56:00,343.0,418.0,418.0,0.0,75.0,75.0,False
2025-01-31 08:57:00,270.0,343.0,343.0,0.0,73.0,73.0,False
2025-01-31 08:58:00,282.0,270.0,270.0,12.0,0.0,120.0,False
2025-01-31 08:59:00,202.0,282.0,282.0,0.0,80.0,80.0,False
2025-01-31 09:00:00,685.0,202.0,202.0,483.0,0.0,4830.0,False
2025-01-31 09:01:00,374.0,685.0,685.0,0.0,311.0,311.0,False
2025-01-31 09:02:00,288.0,374.0,374.0,0.0,86.0,86.0,False
2025-01-31 09:03:00,399.0,288.0,288.0,111.0,0.0,1110.0,False
2025-01-31 09:04:00,532.0,399.0,399.0,133.0,0.0,1330.0,False
2025-01-31 09:05:00,288.0,532.0,532.0,0.0,244.0,244.0,False
2025-01-31 09:06:00,334.0,288.0,288.0,46.0,0.0,460.0,False
2025-01-31 09:07:00,361.0,334.0,334.0,27.0,0.0,270.0,False
2025-01-31 09:08:00,255.0,361.0,361.0,0.0,106.0,106.0,False
2025-01-31 09:09:00,312.0,255.0,255.0,57.0,0.0,570.0,False
2025-01-31 09:10:00,496.0,312.0,312.0,184.0,0.0,1840.0,False
2025-01-31 09:11:00,302.0,496.0,496.0,0.0,194.0,194.0,False
2025-01-31 09:12:00,407.0,302.0,302.0,105.0,0.0,1050.0,False
2025-01-31 09:13:00,241.0,407.0,407.0,0.0,166.0,166.0,False
2025-01-31 09:14:00,307.0,241.0,241.0,66.0,0.0,660.0,False
2025-01-31 09:15:00,456.0,307.0,307.0,149.0,0.0,1490.0,False
2025-01-31 09:16:00,341.0,456.0,456.0,0.0,115.0,115.0,False
2025-01-31 09:17:00,407.0,341.0,341.0,66.0,0.0,660.0,False
2025-01-31 09:18:00,216.0,407.0,407.0,0.0,191.0,191.0,False
2025-01-31 09:19:00,389.0,216.0,216.0,173.0,0.0,1730.0,False
2025-01-31 09:20:00,649.0,389.0,389.0,260.0,0.0,2600.0,False
2025-01-31 09:21:00,257.0,649.0,649.0,0.0,392.0,392.0,False
2025-01-31 09:22:00,294.0,257.0,257.0,37.0,0.0,370.0,False
2025-01-31 09:23:00,275.0,294.0,294.0,0.0,19.0,19.0,False
2025-01-31 09:24:00,333.0,275.0,275.0,58.0,0.0,580.0,False
2025-01-31 09:25:00,355.0,333.0,333.0,22.0,0.0,220.0,False
2025-01-31 09:26:00,351.0,355.0,355.0,0.0,4.0,4.0,False
2025-01-31 09:27:00,246.0,351.0,351.0,0.0,105.0,105.0,False
2025-01-31 09:28:00,317.0,246.0,246.0,71.0,0.0,710.0,False
2025-01-31 09:29:00,271.0,317.0,317.0,0.0,46.0,46.0,False
2025-01-31 09:30:00,699.0,271.0,271.0,428.0,0.0,4280.0,False
2025-01-31 09:31:00,286.0,699.0,699.0,0.0,413.0,413.0,False
2025-01-31 09:32:00,268.0,286.0,286.0,0.0,18.0,18.0,False
2025-01-31 09:33:00,299.0,268.0,268.0,31.0,0.0,310.0,False
2025-01-31 09:34:00,355.0,299.0,299.0,56.0,0.0,560.0,False
2025-01-31 09:35:00,304.0,355.0,355.0,0.0,51.0,51.0,False
2025-01-31 09:36:00,256.0,304.0,304.0,0.0,48.0,48.0,False
2025-01-31 09:37:00,403.0,256.0,256.0,147.0,0.0,1470.0,False
2025-01-31 09:38:00,269.0,403.0,403.0,0.0,134.0,134.0,False
2025-01-31 09:39:00,456.0,269.0,269.0,187.0,0.0,1870.0,False
2025-01-31 09:40:00,453.0,456.0,456.0,0.0,3.0,3.0,False
2025-01-31 09:41:00,303.0,453.0,453.0,0.0,150.0,150.0,False
2025-01-31 09:42:00,295.0,303.0,303.0,0.0,8.0,8.0,False
2025-01-31 09:43:00,288.0,295.0,295.0,0.0,7.0,7.0,False
2025-01-31 09:44:00,269.0,288.0,288.0,0.0,19.0,19.0,False
2025-01-31 09:45:00,413.0,269.0,269.0,144.0,0.0,1440.0,False
2025-01-31 09:46:00,298.0,413.0,413.0,0.0,115.0,115.0,False
2025-01-31 09:47:00,232.0,298.0,298.0,0.0,66.0,66.0,False
2025-01-31 09:48:00,234.0,232.0,232.0,2.0,0.0,20.0,False
2025-01-31 09:49:00,304.0,234.0,234.0,70.0,0.0,700.0,False
2025-01-31 09:50:00,513.0,304.0,304.0,209.0,0.0,2090.0,False
2025-01-31 09:51:00,285.0,513.0,513.0,0.0,228.0,228.0,False
2025-01-31 09:52:00,264.0,285.0,285.0,0.0,21.0,21.0,False
2025-01-31 09:53:00,329.0,264.0,264.0,65.0,0.0,650.0,False
2025-01-31 09:54:00,274.0,329.0,329.0,0.0,55.0,55.0,False
2025-01-31 09:55:00,270.0,274.0,274.0,0.0,4.0,4.0,False
2025-01-31 09:56:00,248.0,270.0,270.0,0.0,22.0,22.0,False
2025-01-31 09:57:00,251.0,248.0,248.0,3.0,0.0,30.0,False
2025-01-31 09:58:00,219.0,251.0,251.0,0.0,32.0,32.0,False
2025-01-31 09:59:00,215.0,219.0,219.0,0.0,4.0,4.0,False
2025-01-31 10:00:00,740.0,215.0,215.0,525.0,0.0,5250.0,True
2025-01-31 10:01:00,368.0,740.0,740.0,0.0,372.0,372.0,False
2025-01-31 10:02:00,321.0,368.0,368.0,0.0,47.0,47.0,False
2025-01-31 10:03:00,332.0,321.0,321.0,11.0,0.0,110.0,False
2025-01-31 10:04:00,305.0,332.0,332.0,0.0,27.0,27.0,False
2025-01-31 10:05:00,290.0,305.0,305.0,0.0,15.0,15.0,False
2025-01-31 10:06:00,329.0,290.0,290.0,39.0,0.0,390.0,False
2025-01-31 10:07:00,324.0,329.0,329.0,0.0,5.0,5.0,False
2025-01-31 10:08:00,361.0,324.0,324.0,37.0,0.0,370.0,False
2025-01-31 10:09:00,252.0,361.0,361.0,0.0,109.0,109.0,False
2025-01-31 10:10:00,626.0,252.0,252.0,374.0,0.0,3740.0,False
2025-01-31 10:11:00,225.0,626.0,626.0,0.0,401.0,401.0,False
2025-01-31 10:12:00,258.0,225.0,225.0,33.0,0.0,330.0,False
2025-01-31 10:13:00,248.0,258.0,258.0,0.0,10.0,10.0,False
2025-01-31 10:14:00,202.0,248.0,248.0,0.0,46.0,46.0,False
2025-01-31 10:15:00,356.0,202.0,202.0,154.0,0.0,1540.0,False
2025-01-31 10:16:00,284.0,356.0,356.0,0.0,72.0,72.0,False
2025-01-31 10:17:00,239.0,284.0,284.0,0.0,45.0,45.0,False
2025-01-31 10:18:00,287.0,239.0,239.0,48.0,0.0,480.0,False
2025-01-31 10:19:00,307.0,287.0,287.0,20.0,0.0,200.0,False
2025-01-31 10:20:00,560.0,307.0,307.0,253.0,0.0,2530.0,False
2025-01-31 10:21:00,271.0,560.0,560.0,0.0,289.0,289.0,False
2025-01-31 10:22:00,191.0,271.0,271.0,0.0,80.0,80.0,False
2025-01-31 10:23:00,328.0,191.0,191.0,137.0,0.0,1370.0,False
2025-01-31 10:24:00,237.0,328.0,328.0,0.0,91.0,91.0,False
2025-01-31 10:25:00,265.0,237.0,237.0,28.0,0.0,280.0,False
2025-01-31 10:26:00,255.0,265.0,265.0,0.0,10.0,10.0,False
2025-01-31 10:27:00,267.0,255.0,255.0,12.0,0.0,120.0,False
2025-01-31 10:28:00,199.0,267.0,267.0,0.0,68.0,68.0,False
2025-01-31 10:29:00,197.0,199.0,199.0,0.0,2.0,2.0,False
2025-01-31 10:30:00,651.0,197.0,197.0,454.0,0.0,4540.0,False
2025-01-31 10:31:00,284.0,651.0,651.0,0.0,367.0,367.0,False
2025-01-31 10:32:00,323.0,284.0,284.0,39.0,0.0,390.0,False
2025-01-31 10:33:00,297.0,323.0,323.0,0.0,26.0,26.0,False
2025-01-31 10:34:00,299.0,297.0,297.0,2.0,0.0,20.0,False
2025-01-31 10:35:00,293.0,299.0,299.0,0.0,6.0,6.0,False
2025-01-31 10:36:00,287.0,293.0,293.0,0.0,6.0,6.0,False
2025-01-31 10:37:00,241.0,287.0,287.0,0.0,46.0,46.0,False
2025-01-31 10:38:00,254.0,241.0,241.0,13.0,0.0,130.0,False
2025-01-31 10:39:00,256.0,254.0,254.0,2.0,0.0,20.0,False
2025-01-31 10:40:00,544.0,256.0,256.0,288.0,0.0,2880.0,False
2025-01-31 10:41:00,349.0,544.0,544.0,0.0,195.0,195.0,False
2025-01-31 10:42:00,253.0,349.0,349.0,0.0,96.0,96.0,False
2025-01-31 10:43:00,369.0,253.0,253.0,116.0,0.0,1160.0,False
2025-01-31 10:44:00,244.0,369.0,369.0,0.0,125.0,125.0,False
2025-01-31 10:45:00,312.0,244.0,244.0,68.0,0.0,680.0,False
2025-01-31 10:46:00,280.0,312.0,312.0,0.0,32.0,32.0,False
2025-01-31 10:47:00,188.0,280.0,280.0,0.0,92.0,92.0,False
2025-01-31 10:48:00,226.0,188.0,188.0,38.0,0.0,380.0,False
2025-01-31 10:49:00,216.0,226.0,226.0,0.0,10.0,10.0,False
2025-01-31 10:50:00,455.0,216.0,216.0,239.0,0.0,2390.0,False
2025-01-31 10:51:00,249.0,455.0,455.0,0.0,206.0,206.0,False
2025-01-31 10:52:00,253.0,249.0,249.0,4.0,0.0,40.0,False
2025-01-31 10:53:00,253.0,253.0,253.0,0.0,0.0,0.0,False
2025-01-31 10:54:00,248.0,253.0,253.0,0.0,5.0,5.0,False
2025-01-31 10:55:00,210.0,248.0,248.0,0.0,38.0,38.0,False
2025-01-31 10:56:00,210.0,210.0,210.0,0.0,0.0,0.0,False
2025-01-31 10:57:00,179.0,210.0,210.0,0.0,31.0,31.0,False
2025-01-31 10:58:00,225.0,179.0,179.0,46.0,0.0,460.0,False
2025-01-31 10:59:00,210.0,225.0,225.0,0.0,15.0,15.0,False
2025-01-31 11:00:00,680.0,210.0,210.0,470.0,0.0,4700.0,False
2025-01-31 11:01:00,325.0,680.0,680.0,0.0,355.0,355.0,False
2025-01-31 11:02:00,283.0,325.0,325.0,0.0,42.0,42.0,False
2025-01-31 11:03:00,264.0,283.0,283.0,0.0,19.0,19.0,False
2025-01-31 11:04:00,362.0,264.0,264.0,98.0,0.0,980.0,False
2025-01-31 11:05:00,286.0,362.0,362.0,0.0,76.0,76.0,False
2025-01-31 11:06:00,313.0,286.0,286.0,27.0,0.0,270.0,False
2025-01-31 11:07:00,305.0,313.0,313.0,0.0,8.0,8.0,False
2025-01-31 11:08:00,207.0,305.0,305.0,0.0,98.0,98.0,False
2025-01-31 11:09:00,288.0,207.0,207.0,81.0,0.0,810.0,False
2025-01-31 11:10:00,465.0,288.0,288.0,177.0,0.0,1770.0,False
2025-01-31 11:11:00,277.0,465.0,465.0,0.0,188.0,188.0,False
2025-01-31 11:12:00,229.0,277.0,277.0,0.0,48.0,48.0,False
2025-01-31 11:13:00,315.0,229.0,229.0,86.0,0.0,860.0,False
2025-01-31 11:14:00,211.0,315.0,315.0,0.0,104.0,104.0,False
2025-01-31 11:15:00,327.0,211.0,211.0,116.0,0.0,1160.0,False
2025-01-31 11:16:00,270.0,327.0,327.0,0.0,57.0,57.0,False
2025-01-31 11:17:00,164.0,270.0,270.0,0.0,106.0,106.0,False
2025-01-31 11:18:00,177.0,164.0,164.0,13.0,0.0,130.0,False
2025-01-31 11:19:00,183.0,177.0,177.0,6.0,0.0,60.0,False
2025-01-31 11:20:00,522.0,183.0,183.0,339.0,0.0,3390.0,False
2025-01-31 11:21:00,263.0,522.0,522.0,0.0,259.0,259.0,False
2025-01-31 11:22:00,241.0,263.0,263.0,0.0,22.0,22.0,False
2025-01-31 11:23:00,210.0,241.0,241.0,0.0,31.0,31.0,False
2025-01-31 11:24:00,289.0,210.0,210.0,79.0,0.0,790.0,False
2025-01-31 11:25:00,235.0,289.0,289.0,0.0,54.0,54.0,False
2025-01-31 11:26:00,239.0,235.0,235.0,4.0,0.0,40.0,False
2025-01-31 11:27:00,272.0,239.0,239.0,33.0,0.0,330.0,False
2025-01-31 11:28:00,246.0,272.0,272.0,0.0,26.0,26.0,False
2025-01-31 11:29:00,212.0,246.0,246.0,0.0,34.0,34.0,False
2025-01-31 11:30:00,608.0,212.0,212.0,396.0,0.0,3960.0,False
2025-01-31 11:31:00,286.0,608.0,608.0,0.0,322.0,322.0,False
2025-01-31 11:32:00,285.0,286.0,286.0,0.0,1.0,1.0,False
2025-01-31 11:33:00,254.0,285.0,285.0,0.0,31.0,31.0,False
2025-01-31 11:34:00,241.0,254.0,254.0,0.0,13.0,13.0,False
2025-01-31 11:35:00,333.0,241.0,241.0,92.0,0.0,920.0,False
2025-01-31 11:36:00,284.0,333.0,333.0,0.0,49.0,49.0,False
2025-01-31 11:37:00,277.0,284.0,284.0,0.0,7.0,7.0,False
2025-01-31 11:38:00,228.0,277.0,277.0,0.0,49.0,49.0,False
2025-01-31 11:39:00,239.0,228.0,228.0,11.0,0.0,110.0,False
2025-01-31 11:40:00,571.0,239.0,239.0,332.0,0.0,3320.0,False
2025-01-31 11:41:00,211.0,571.0,571.0,0.0,360.0,360.0,False
2025-01-31 11:42:00,214.0,211.0,211.0,3.0,0.0,30.0,False
2025-01-31 11:43:00,199.0,214.0,214.0,0.0,15.0,15.0,False
2025-01-31 11:44:00,263.0,199.0,199.0,64.0,0.0,640.0,False
2025-01-31 11:45:00,336.0,263.0,263.0,73.0,0.0,730.0,False
2025-01-31 11:46:00,227.0,336.0,336.0,0.0,109.0,109.0,False
2025-01-31 11:47:00,193.0,227.0,227.0,0.0,34.0,34.0,False
2025-01-31 11:48:00,225.0,193.0,193.0,32.0,0.0,320.0,False
2025-01-31 11:49:00,229.0,225.0,225.0,4.0,0.0,40.0,False
2025-01-31 11:50:00,432.0,229.0,229.0,203.0,0.0,2030.0,False
2025-01-31 11:51:00,249.0,432.0,432.0,0.0,183.0,183.0,False
2025-01-31 11:52:00,204.0,249.0,249.0,0.0,45.0,45.0,False
2025-01-31 11:53:00,232.0,204.0,204.0,28.0,0.0,280.0,False
2025-01-31 11:54:00,198.0,232.0,232.0,0.0,34.0,34.0,False
2025-01-31 11:55:00,280.0,198.0,198.0,82.0,0.0,820.0,False
2025-01-31 11:56:00,262.0,280.0,280.0,0.0,18.0,18.0,False
2025-01-31 11:57:00,226.0,262.0,262.0,0.0,36.0,36.0,False
2025-01-31 11:58:00,193.0,226.0,226.0,0.0,33.0,33.0,False
2025-01-31 11:59:00,183.0,193.0,193.0,0.0,10.0,10.0,False
2025-01-31 12:00:00,744.0,183.0,183.0,561.0,0.0,5610.0,True
2025-01-31 12:01:00,278.0,744.0,744.0,0.0,466.0,466.0,False
2025-01-31 12:02:00,215.0,278.0,278.0,0.0,63.0,63.0,False
2025-01-31 12:03:00,319.0,215.0,215.0,104.0,0.0,1040.0,False
2025-01-31 12:04:00,263.0,319.0,319.0,0.0,56.0,56.0,False
2025-01-31 12:05:00,267.0,263.0,263.0,4.0,0.0,40.0,False
2025-01-31 12:06:00,298.0,267.0,267.0,31.0,0.0,310.0,False
2025-01-31 12:07:00,257.0,298.0,298.0,0.0,41.0,41.0,False
2025-01-31 12:08:00,237.0,257.0,257.0,0.0,20.0,20.0,False
2025-01-31 12:09:00,336.0,237.0,237.0,99.0,0.0,990.0,False
2025-01-31 12:10:00,516.0,336.0,336.0,180.0,0.0,1800.0,False
2025-01-31 12:11:00,259.0,516.0,516.0,0.0,257.0,257.0,False
2025-01-31 12:12:00,252.0,259.0,259.0,0.0,7.0,7.0,False
2025-01-31 12:13:00,283.0,252.0,252.0,31.0,0.0,310.0,False
2025-01-31 12:14:00,219.0,283.0,283.0,0.0,64.0,64.0,False
2025-01-31 12:15:00,403.0,219.0,219.0,184.0,0.0,1840.0,False
2025-01-31 12:16:00,245.0,403.0,403.0,0.0,158.0,158.0,False
2025-01-31 12:17:00,182.0,245.0,245.0,0.0,63.0,63.0,False
2025-01-31 12:18:00,236.0,182.0,182.0,54.0,0.0,540.0,False
2025-01-31 12:19:00,201.0,236.0,236.0,0.0,35.0,35.0,False
2025-01-31 12:20:00,514.0,201.0,201.0,313.0,0.0,3130.0,False
2025-01-31 12:21:00,278.0,514.0,514.0,0.0,236.0,236.0,False
2025-01-31 12:22:00,204.0,278.0,278.0,0.0,74.0,74.0,False
2025-01-31 12:23:00,196.0,204.0,204.0,0.0,8.0,8.0,False
2025-01-31 12:24:00,290.0,196.0,196.0,94.0,0.0,940.0,False
2025-01-31 12:25:00,199.0,290.0,290.0,0.0,91.0,91.0,False
2025-01-31 12:26:00,230.0,199.0,199.0,31.0,0.0,310.0,False
2025-01-31 12:27:00,228.0,230.0,230.0,0.0,2.0,2.0,False
2025-01-31 12:28:00,277.0,228.0,228.0,49.0,0.0,490.0,False
2025-01-31 12:29:00,233.0,277.0,277.0,0.0,44.0,44.0,False
2025-01-31 12:30:00,664.0,233.0,233.0,431.0,0.0,4310.0,False
2025-01-31 12:31:00,244.0,664.0,664.0,0.0,420.0,420.0,False
2025-01-31 12:32:00,273.0,244.0,244.0,29.0,0.0,290.0,False
2025-01-31 12:33:00,262.0,273.0,273.0,0.0,11.0,11.0,False
2025-01-31 12:34:00,246.0,262.0,262.0,0.0,16.0,16.0,False
2025-01-31 12:35:00,262.0,246.0,246.0,16.0,0.0,160.0,False
2025-01-31 12:36:00,266.0,262.0,262.0,4.0,0.0,40.0,False
2025-01-31 12:37:00,295.0,266.0,266.0,29.0,0.0,290.0,False
2025-01-31 12:38:00,205.0,295.0,295.0,0.0,90.0,90.0,False
2025-01-31 12:39:00,292.0,205.0,205.0,87.0,0.0,870.0,False
2025-01-31 12:40:00,535.0,292.0,292.0,243.0,0.0,2430.0,False
2025-01-31 12:41:00,238.0,535.0,535.0,0.0,297.0,297.0,False
2025-01-31 12:42:00,264.0,238.0,238.0,26.0,0.0,260.0,False
2025-01-31 12:43:00,251.0,264.0,264.0,0.0,13.0,13.0,False
2025-01-31 12:44:00,196.0,251.0,251.0,0.0,55.0,55.0,False
2025-01-31 12:45:00,342.0,196.0,196.0,146.0,0.0,1460.0,False
2025-01-31 12:46:00,240.0,342.0,342.0,0.0,102.0,102.0,False
2025-01-31 12:47:00,138.0,240.0,240.0,0.0,102.0,102.0,False
2025-01-31 12:48:00,210.0,138.0,138.0,72.0,0.0,720.0,False
2025-01-31 12:49:00,245.0,210.0,210.0,35.0,0.0,350.0,False
2025-01-31 12:50:00,453.0,245.0,245.0,208.0,0.0,2080.0,False
2025-01-31 12:51:00,223.0,453.0,453.0,0.0,230.0,230.0,False
2025-01-31 12:52:00,229.0,223.0,223.0,6.0,0.0,60.0,False
2025-01-31 12:53:00,200.0,229.0,229.0,0.0,29.0,29.0,False
2025-01-31 12:54:00,278.0,200.0,200.0,78.0,0.0,780.0,False
2025-01-31 12:55:00,205.0,278.0,278.0,0.0,73.0,73.0,False
2025-01-31 12:56:00,234.0,205.0,205.0,29.0,0.0,290.0,False
2025-01-31 12:57:00,292.0,234.0,234.0,58.0,0.0,580.0,False
2025-01-31 12:58:00,169.0,292.0,292.0,0.0,123.0,123.0,False
2025-01-31 12:59:00,175.0,169.0,169.0,6.0,0.0,60.0,False
2025-01-31 13:00:00,662.0,175.0,175.0,487.0,0.0,4870.0,False
2025-01-31 13:01:00,299.0,662.0,662.0,0.0,363.0,363.0,False
2025-01-31 13:02:00,232.0,299.0,299.0,0.0,67.0,67.0,False
2025-01-31 13:03:00,279.0,232.0,232.0,47.0,0.0,470.0,False
2025-01-31 13:04:00,285.0,279.0,279.0,6.0,0.0,60.0,False
2025-01-31 13:05:00,205.0,285.0,285.0,0.0,80.0,80.0,False
2025-01-31 13:06:00,307.0,205.0,205.0,102.0,0.0,1020.0,False
2025-01-31 13:07:00,267.0,307.0,307.0,0.0,40.0,40.0,False
2025-01-31 13:08:00,236.0,267.0,267.0,0.0,31.0,31.0,False
2025-01-31 13:09:00,237.0,236.0,236.0,1.0,0.0,10.0,False
2025-01-31 13:10:00,496.0,237.0,237.0,259.0,0.0,2590.0,False
2025-01-31 13:11:00,188.0,496.0,496.0,0.0,308.0,308.0,False
2025-01-31 13:12:00,261.0,188.0,188.0,73.0,0.0,730.0,False
2025-01-31 13:13:00,235.0,261.0,261.0,0.0,26.0,26.0,False
2025-01-31 13:14:00,166.0,235.0,235.0,0.0,69.0,69.0,False
2025-01-31 13:15:00,317.0,166.0,166.0,151.0,0.0,1510.0,False
2025-01-31 13:16:00,267.0,317.0,317.0,0.0,50.0,50.0,False
2025-01-31 13:17:00,194.0,267.0,267.0,0.0,73.0,73.0,False
2025-01-31 13:18:00,202.0,194.0,194.0,8.0,0.0,80.0,False
2025-01-31 13:19:00,206.0,202.0,202.0,4.0,0.0,40.0,False
2025-01-31 13:20:00,504.0,206.0,206.0,298.0,0.0,2980.0,False
2025-01-31 13:21:00,235.0,504.0,504.0,0.0,269.0,269.0,False
2025-01-31 13:22:00,212.0,235.0,235.0,0.0,23.0,23.0,False
2025-01-31 13:23:00,280.0,212.0,212.0,68.0,0.0,680.0,False
2025-01-31 13:24:00,239.0,280.0,280.0,0.0,41.0,41.0,False
2025-01-31 13:25:00,253.0,239.0,239.0,14.0,0.0,140.0,False
2025-01-31 13:26:00,163.0,253.0,253.0,0.0,90.0,90.0,False
2025-01-31 13:27:00,218.0,163.0,163.0,55.0,0.0,550.0,False
2025-01-31 13:28:00,203.0,218.0,218.0,0.0,15.0,15.0,False
2025-01-31 13:29:00,201.0,203.0,203.0,0.0,2.0,2.0,False
2025-01-31 13:30:00,640.0,201.0,201.0,439.0,0.0,4390.0,False
2025-01-31 13:31:00,274.0,640.0,640.0,0.0,366.0,366.0,False
2025-01-31 13:32:00,225.0,274.0,274.0,0.0,49.0,49.0,False
2025-01-31 13:33:00,281.0,225.0,225.0,56.0,0.0,560.0,False
2025-01-31 13:34:00,224.0,281.0,281.0,0.0,57.0,57.0,False
2025-01-31 13:35:00,223.0,224.0,224.0,0.0,1.0,1.0,False
2025-01-31 13:36:00,297.0,223.0,223.0,74.0,0.0,740.0,False
2025-01-31 13:37:00,192.0,297.0,297.0,0.0,105.0,105.0,False
2025-01-31 13:38:00,208.0,192.0,192.0,16.0,0.0,160.0,False
2025-01-31 13:39:00,293.0,208.0,208.0,85.0,0.0,850.0,False
2025-01-31 13:40:00,544.0,293.0,293.0,251.0,0.0,2510.0,False
2025-01-31 13:41:00,181.0,544.0,544.0,0.0,363.0,363.0,False
2025-01-31 13:42:00,249.0,181.0,181.0,68.0,0.0,680.0,False
2025-01-31 13:43:00,302.0,249.0,249.0,53.0,0.0,530.0,False
2025-01-31 13:44:00,221.0,302.0,302.0,0.0,81.0,81.0,False
2025-01-31 13:45:00,283.0,221.0,221.0,62.0,0.0,620.0,False
2025-01-31 13:46:00,236.0,283.0,283.0,0.0,47.0,47.0,False
2025-01-31 13:47:00,171.0,236.0,236.0,0.0,65.0,65.0,False
2025-01-31 13:48:00,210.0,171.0,171.0,39.0,0.0,390.0,False
2025-01-31 13:49:00,162.0,210.0,210.0,0.0,48.0,48.0,False
2025-01-31 13:50:00,498.0,162.0,162.0,336.0,0.0,3360.0,False
2025-01-31 13:51:00,202.0,498.0,498.0,0.0,296.0,296.0,False
2025-01-31 13:52:00,186.0,202.0,202.0,0.0,16.0,16.0,False
2025-01-31 13:53:00,173.0,186.0,186.0,0.0,13.0,13.0,False
2025-01-31 13:54:00,182.0,173.0,173.0,9.0,0.0,90.0,False
2025-01-31 13:55:00,212.0,182.0,182.0,30.0,0.0,300.0,False
2025-01-31 13:56:00,199.0,212.0,212.0,0.0,13.0,13.0,False
2025-01-31 13:57:00,180.0,199.0,199.0,0.0,19.0,19.0,False
2025-01-31 13:58:00,178.0,180.0,180.0,0.0,2.0,2.0,False
2025-01-31 13:59:00,208.0,178.0,178.0,30.0,0.0,300.0,False
2025-01-31 14:00:00,726.0,208.0,208.0,518.0,0.0,5180.0,False
2025-01-31 14:01:00,285.0,726.0,726.0,0.0,441.0,441.0,False
2025-01-31 14:02:00,210.0,285.0,285.0,0.0,75.0,75.0,False
2025-01-31 14:03:00,320.0,210.0,210.0,110.0,0.0,1100.0,False
2025-01-31 14:04:00,254.0,320.0,320.0,0.0,66.0,66.0,False
2025-01-31 14:05:00,203.0,254.0,254.0,0.0,51.0,51.0,False
2025-01-31 14:06:00,295.0,203.0,203.0,92.0,0.0,920.0,False
2025-01-31 14:07:00,252.0,295.0,295.0,0.0,43.0,43.0,False
2025-01-31 14:08:00,155.0,252.0,252.0,0.0,97.0,97.0,False
2025-01-31 14:09:00,260.0,155.0,155.0,105.0,0.0,1050.0,False
2025-01-31 14:10:00,457.0,260.0,260.0,197.0,0.0,1970.0,False
2025-01-31 14:11:00,156.0,457.0,457.0,0.0,301.0,301.0,False
2025-01-31 14:12:00,232.0,156.0,156.0,76.0,0.0,760.0,False
2025-01-31 14:13:00,175.0,232.0,232.0,0.0,57.0,57.0,False
2025-01-31 14:14:00,183.0,175.0,175.0,8.0,0.0,80.0,False
2025-01-31 14:15:00,263.0,183.0,183.0,80.0,0.0,800.0,False
2025-01-31 14:16:00,196.0,263.0,263.0,0.0,67.0,67.0,False
2025-01-31 14:17:00,157.0,196.0,196.0,0.0,39.0,39.0,False
2025-01-31 14:18:00,214.0,157.0,157.0,57.0,0.0,570.0,False
2025-01-31 14:19:00,130.0,214.0,214.0,0.0,84.0,84.0,False
2025-01-31 14:20:00,506.0,130.0,130.0,376.0,0.0,3760.0,False
2025-01-31 14:21:00,229.0,506.0,506.0,0.0,277.0,277.0,False
2025-01-31 14:22:00,181.0,229.0,229.0,0.0,48.0,48.0,False
2025-01-31 14:23:00,213.0,181.0,181.0,32.0,0.0,320.0,False
2025-01-31 14:24:00,254.0,213.0,213.0,41.0,0.0,410.0,False
2025-01-31 14:25:00,206.0,254.0,254.0,0.0,48.0,48.0,False
2025-01-31 14:26:00,208.0,206.0,206.0,2.0,0.0,20.0,False
2025-01-31 14:27:00,190.0,208.0,208.0,0.0,18.0,18.0,False
2025-01-31 14:28:00,181.0,190.0,190.0,0.0,9.0,9.0,False
2025-01-31 14:29:00,140.0,181.0,181.0,0.0,41.0,41.0,False
2025-01-31 14:30:00,621.0,140.0,140.0,481.0,0.0,4810.0,False
2025-01-31 14:31:00,237.0,621.0,621.0,0.0,384.0,384.0,False
2025-01-31 14:32:00,198.0,237.0,237.0,0.0,39.0,39.0,False
2025-01-31 14:33:00,241.0,198.0,198.0,43.0,0.0,430.0,False
2025-01-31 14:34:00,229.0,241.0,241.0,0.0,12.0,12.0,False
2025-01-31 14:35:00,210.0,229.0,229.0,0.0,19.0,19.0,False
2025-01-31 14:36:00,236.0,210.0,210.0,26.0,0.0,260.0,False
2025-01-31 14:37:00,181.0,236.0,236.0,0.0,55.0,55.0,False
2025-01-31 14:38:00,153.0,181.0,181.0,0.0,28.0,28.0,False
2025-01-31 14:39:00,208.0,153.0,153.0,55.0,0.0,550.0,False
2025-01-31 14:40:00,511.0,208.0,208.0,303.0,0.0,3030.0,False
2025-01-31 14:41:00,201.0,511.0,511.0,0.0,310.0,310.0,False
2025-01-31 14:42:00,189.0,201.0,201.0,0.0,12.0,12.0,False
2025-01-31 14:43:00,210.0,189.0,189.0,21.0,0.0,210.0,False
2025-01-31 14:44:00,192.0,210.0,210.0,0.0,18.0,18.0,False
2025-01-31 14:45:00,294.0,192.0,192.0,102.0,0.0,1020.0,False
2025-01-31 14:46:00,215.0,294.0,294.0,0.0,79.0,79.0,False
2025-01-31 14:47:00,129.0,215.0,215.0,0.0,86.0,86.0,False
2025-01-31 14:48:00,157.0,129.0,129.0,28.0,0.0,280.0,False
2025-01-31 14:49:00,215.0,157.0,157.0,58.0,0.0,580.0,False
2025-01-31 14:50:00,431.0,215.0,215.0,216.0,0.0,2160.0,False
2025-01-31 14:51:00,202.0,431.0,431.0,0.0,229.0,229.0,False
2025-01-31 14:52:00,183.0,202.0,202.0,0.0,19.0,19.0,False
2025-01-31 14:53:00,155.0,183.0,183.0,0.0,28.0,28.0,False
2025-01-31 14:54:00,216.0,155.0,155.0,61.0,0.0,610.0,False
2025-01-31 14:55:00,193.0,216.0,216.0,0.0,23.0,23.0,False
2025-01-31 14:56:00,159.0,193.0,193.0,0.0,34.0,34.0,False
2025-01-31 14:57:00,178.0,159.0,159.0,19.0,0.0,190.0,False
2025-01-31 14:58:00,159.0,178.0,178.0,0.0,19.0,19.0,False
2025-01-31 14:59:00,163.0,159.0,159.0,4.0,0.0,40.0,False
2025-01-31 15:00:00,669.0,163.0,163.0,506.0,0.0,5060.0,False
2025-01-31 15:01:00,249.0,669.0,669.0,0.0,420.0,420.0,False
2025-01-31 15:02:00,202.0,249.0,249.0,0.0,47.0,47.0,False
2025-01-31 15:03:00,245.0,202.0,202.0,43.0,0.0,430.0,False
2025-01-31 15:04:00,250.0,245.0,245.0,5.0,0.0,50.0,False
2025-01-31 15:05:00,309.0,250.0,250.0,59.0,0.0,590.0,False
2025-01-31 15:06:00,254.0,309.0,309.0,0.0,55.0,55.0,False
2025-01-31 15:07:00,239.0,254.0,254.0,0.0,15.0,15.0,False
2025-01-31 15:08:00,193.0,239.0,239.0,0.0,46.0,46.0,False
2025-01-31 15:09:00,188.0,193.0,193.0,0.0,5.0,5.0,False
2025-01-31 15:10:00,484.0,188.0,188.0,296.0,0.0,2960.0,False
2025-01-31 15:11:00,168.0,484.0,484.0,0.0,316.0,316.0,False
2025-01-31 15:12:00,172.0,168.0,168.0,4.0,0.0,40.0,False
2025-01-31 15:13:00,221.0,172.0,172.0,49.0,0.0,490.0,False
2025-01-31 15:14:00,165.0,221.0,221.0,0.0,56.0,56.0,False
2025-01-31 15:15:00,266.0,165.0,165.0,101.0,0.0,1010.0,False
2025-01-31 15:16:00,228.0,266.0,266.0,0.0,38.0,38.0,False
2025-01-31 15:17:00,132.0,228.0,228.0,0.0,96.0,96.0,False
2025-01-31 15:18:00,178.0,132.0,132.0,46.0,0.0,460.0,False
2025-01-31 15:19:00,150.0,178.0,178.0,0.0,28.0,28.0,False
2025-01-31 15:20:00,460.0,150.0,150.0,310.0,0.0,3100.0,False
2025-01-31 15:21:00,182.0,460.0,460.0,0.0,278.0,278.0,False
2025-01-31 15:22:00,166.0,182.0,182.0,0.0,16.0,16.0,False
2025-01-31 15:23:00,177.0,166.0,166.0,11.0,0.0,110.0,False
2025-01-31 15:24:00,233.0,177.0,177.0,56.0,0.0,560.0,False
2025-01-31 15:25:00,239.0,233.0,233.0,6.0,0.0,60.0,False
2025-01-31 15:26:00,197.0,239.0,239.0,0.0,42.0,42.0,False
2025-01-31 15:27:00,190.0,197.0,197.0,0.0,7.0,7.0,False
2025-01-31 15:28:00,148.0,190.0,190.0,0.0,42.0,42.0,False
2025-01-31 15:29:00,119.0,148.0,148.0,0.0,29.0,29.0,False
2025-01-31 15:30:00,577.0,119.0,119.0,458.0,0.0,4580.0,False
2025-01-31 15:31:00,196.0,577.0,577.0,0.0,381.0,381.0,False
2025-01-31 15:32:00,229.0,196.0,196.0,33.0,0.0,330.0,False
2025-01-31 15:33:00,225.0,229.0,229.0,0.0,4.0,4.0,False
2025-01-31 15:34:00,226.0,225.0,225.0,1.0,0.0,10.0,False
2025-01-31 15:35:00,197.0,226.0,226.0,0.0,29.0,29.0,False
2025-01-31 15:36:00,259.0,197.0,197.0,62.0,0.0,620.0,False
2025-01-31 15:37:00,187.0,259.0,259.0,0.0,72.0,72.0,False
2025-01-31 15:38:00,167.0,187.0,187.0,0.0,20.0,20.0,False
2025-01-31 15:39:00,210.0,167.0,167.0,43.0,0.0,430.0,False
2025-01-31 15:40:00,473.0,210.0,210.0,263.0,0.0,2630.0,False
2025-01-31 15:41:00,169.0,473.0,473.0,0.0,304.0,304.0,False
2025-01-31 15:42:00,223.0,169.0,169.0,54.0,0.0,540.0,False
2025-01-31 15:43:00,197.0,223.0,223.0,0.0,26.0,26.0,False
2025-01-31 15:44:00,194.0,197.0,197.0,0.0,3.0,3.0,False
2025-01-31 15:45:00,273.0,194.0,194.0,79.0,0.0,790.0,False
2025-01-31 15:46:00,178.0,273.0,273.0,0.0,95.0,95.0,False
2025-01-31 15:47:00,153.0,178.0,178.0,0.0,25.0,25.0,False
2025-01-31 15:48:00,199.0,153.0,153.0,46.0,0.0,460.0,False
2025-01-31 15:49:00,202.0,199.0,199.0,3.0,0.0,30.0,False
2025-01-31 15:50:00,381.0,202.0,202.0,179.0,0.0,1790.0,False
2025-01-31 15:51:00,210.0,381.0,381.0,0.0,171.0,171.0,False
2025-01-31 15:52:00,136.0,210.0,210.0,0.0,74.0,74.0,False
2025-01-31 15:53:00,157.0,136.0,136.0,21.0,0.0,210.0,False
2025-01-31 15:54:00,206.0,157.0,157.0,49.0,0.0,490.0,False
2025-01-31 15:55:00,193.0,206.0,206.0,0.0,13.0,13.0,False
2025-01-31 15:56:00,166.0,193.0,193.0,0.0,27.0,27.0,False
2025-01-31 15:57:00,184.0,166.0,166.0,18.0,0.0,180.0,False
2025-01-31 15:58:00,109.0,184.0,184.0,0.0,75.0,75.0,False
2025-01-31 15:59:00,176.0,109.0,109.0,67.0,0.0,670.0,False
2025-01-31 16:00:00,717.0,176.0,176.0,541.0,0.0,5410.0,False
2025-01-31 16:01:00,284.0,717.0,717.0,0.0,433.0,433.0,False
2025-01-31 16:02:00,177.0,284.0,284.0,0.0,107.0,107.0,False
2025-01-31 16:03:00,241.0,177.0,177.0,64.0,0.0,640.0,False
2025-01-31 16:04:00,277.0,241.0,241.0,36.0,0.0,360.0,False
2025-01-31 16:05:00,205.0,277.0,277.0,0.0,72.0,72.0,False
2025-01-31 16:06:00,270.0,205.0,205.0,65.0,0.0,650.0,False
2025-01-31 16:07:00,231.0,270.0,270.0,0.0,39.0,39.0,False
2025-01-31 16:08:00,162.0,231.0,231.0,0.0,69.0,69.0,False
2025-01-31 16:09:00,277.0,162.0,162.0,115.0,0.0,1150.0,False
2025-01-31 16:10:00,472.0,277.0,277.0,195.0,0.0,1950.0,False
2025-01-31 16:11:00,200.0,472.0,472.0,0.0,272.0,272.0,False
2025-01-31 16:12:00,191.0,200.0,200.0,0.0,9.0,9.0,False
2025-01-31 16:13:00,194.0,191.0,191.0,3.0,0.0,30.0,False
2025-01-31 16:14:00,168.0,194.0,194.0,0.0,26.0,26.0,False
2025-01-31 16:15:00,262.0,168.0,168.0,94.0,0.0,940.0,False
2025-01-31 16:16:00,197.0,262.0,262.0,0.0,65.0,65.0,False
2025-01-31 16:17:00,119.0,197.0,197.0,0.0,78.0,78.0,False
2025-01-31 16:18:00,189.0,119.0,119.0,70.0,0.0,700.0,False
2025-01-31 16:19:00,117.0,189.0,189.0,0.0,72.0,72.0,False
2025-01-31 16:20:00,494.0,117.0,117.0,377.0,0.0,3770.0,False
2025-01-31 16:21:00,179.0,494.0,494.0,0.0,315.0,315.0,False
2025-01-31 16:22:00,159.0,179.0,179.0,0.0,20.0,20.0,False
2025-01-31 16:23:00,145.0,159.0,159.0,0.0,14.0,14.0,False
2025-01-31 16:24:00,242.0,145.0,145.0,97.0,0.0,970.0,False
2025-01-31 16:25:00,199.0,242.0,242.0,0.0,43.0,43.0,False
2025-01-31 16:26:00,155.0,199.0,199.0,0.0,44.0,44.0,False
2025-01-31 16:27:00,176.0,155.0,155.0,21.0,0.0,210.0,False
2025-01-31 16:28:00,138.0,176.0,176.0,0.0,38.0,38.0,False
2025-01-31 16:29:00,114.0,138.0,138.0,0.0,24.0,24.0,False
2025-01-31 16:30:00,627.0,114.0,114.0,513.0,0.0,5130.0,False
2025-01-31 16:31:00,249.0,627.0,627.0,0.0,378.0,378.0,False
2025-01-31 16:32:00,163.0,249.0,249.0,0.0,86.0,86.0,False
2025-01-31 16:33:00,234.0,163.0,163.0,71.0,0.0,710.0,False
2025-01-31 16:34:00,208.0,234.0,234.0,0.0,26.0,26.0,False
2025-01-31 16:35:00,179.0,208.0,208.0,0.0,29.0,29.0,False
2025-01-31 16:36:00,231.0,179.0,179.0,52.0,0.0,520.0,False
2025-01-31 16:37:00,200.0,231.0,231.0,0.0,31.0,31.0,False
2025-01-31 16:38:00,133.0,200.0,200.0,0.0,67.0,67.0,False
2025-01-31 16:39:00,201.0,133.0,133.0,68.0,0.0,680.0,False
2025-01-31 16:40:00,453.0,201.0,201.0,252.0,0.0,2520.0,False
2025-01-31 16:41:00,217.0,453.0,453.0,0.0,236.0,236.0,False
2025-01-31 16:42:00,172.0,217.0,217.0,0.0,45.0,45.0,False
2025-01-31 16:43:00,210.0,172.0,172.0,38.0,0.0,380.0,False
2025-01-31 16:44:00,146.0,210.0,210.0,0.0,64.0,64.0,False
2025-01-31 16:45:00,294.0,146.0,146.0,148.0,0.0,1480.0,False
2025-01-31 16:46:00,196.0,294.0,294.0,0.0,98.0,98.0,False
2025-01-31 16:47:00,164.0,196.0,196.0,0.0,32.0,32.0,False
2025-01-31 16:48:00,177.0,164.0,164.0,13.0,0.0,130.0,False
2025-01-31 16:49:00,190.0,177.0,177.0,13.0,0.0,130.0,False
2025-01-31 16:50:00,404.0,190.0,190.0,214.0,0.0,2140.0,False
2025-01-31 16:51:00,181.0,404.0,404.0,0.0,223.0,223.0,False
2025-01-31 16:52:00,128.0,181.0,181.0,0.0,53.0,53.0,False
2025-01-31 16:53:00,160.0,128.0,128.0,32.0,0.0,320.0,False
2025-01-31 16:54:00,195.0,160.0,160.0,35.0,0.0,350.0,False
2025-01-31 16:55:00,168.0,195.0,195.0,0.0,27.0,27.0,False
2025-01-31 16:56:00,167.0,168.0,168.0,0.0,1.0,1.0,False
2025-01-31 16:57:00,175.0,167.0,167.0,8.0,0.0,80.0,False
2025-01-31 16:58:00,114.0,175.0,175.0,0.0,61.0,61.0,False
2025-01-31 16:59:00,126.0,114.0,114.0,12.0,0.0,120.0,False
2025-01-31 17:00:00,669.0,126.0,126.0,543.0,0.0,5430.0,False
2025-01-31 17:01:00,510.0,669.0,669.0,0.0,159.0,159.0,False
2025-01-31 17:02:00,165.0,510.0,510.0,0.0,345.0,345.0,False
2025-01-31 17:03:00,221.0,165.0,165.0,56.0,0.0,560.0,False
2025-01-31 17:04:00,263.0,221.0,221.0,42.0,0.0,420.0,False
2025-01-31 17:05:00,187.0,263.0,263.0,0.0,76.0,76.0,False
2025-01-31 17:06:00,204.0,187.0,187.0,17.0,0.0,170.0,False
2025-01-31 17:07:00,225.0,204.0,204.0,21.0,0.0,210.0,False
2025-01-31 17:08:00,164.0,225.0,225.0,0.0,61.0,61.0,False
2025-01-31 17:09:00,201.0,164.0,164.0,37.0,0.0,370.0,False
2025-01-31 17:10:00,442.0,201.0,201.0,241.0,0.0,2410.0,False
2025-01-31 17:11:00,158.0,442.0,442.0,0.0,284.0,284.0,False
2025-01-31 17:12:00,177.0,158.0,158.0,19.0,0.0,190.0,False
2025-01-31 17:13:00,160.0,177.0,177.0,0.0,17.0,17.0,False
2025-01-31 17:14:00,141.0,160.0,160.0,0.0,19.0,19.0,False
2025-01-31 17:15:00,241.0,141.0,141.0,100.0,0.0,1000.0,False
2025-01-31 17:16:00,170.0,241.0,241.0,0.0,71.0,71.0,False
2025-01-31 17:17:00,106.0,170.0,170.0,0.0,64.0,64.0,False
2025-01-31 17:18:00,138.0,106.0,106.0,32.0,0.0,320.0,False
2025-01-31 17:19:00,146.0,138.0,138.0,8.0,0.0,80.0,False
2025-01-31 17:20:00,412.0,146.0,146.0,266.0,0.0,2660.0,False
2025-01-31 17:21:00,385.0,412.0,412.0,0.0,27.0,27.0,False
2025-01-31 17:22:00,232.0,385.0,385.0,0.0,153.0,153.0,False
2025-01-31 17:23:00,136.0,232.0,232.0,0.0,96.0,96.0,False
2025-01-31 17:24:00,219.0,136.0,136.0,83.0,0.0,830.0,False
2025-01-31 17:25:00,190.0,219.0,219.0,0.0,29.0,29.0,False
2025-01-31 17:26:00,158.0,190.0,190.0,0.0,32.0,32.0,False
2025-01-31 17:27:00,175.0,158.0,158.0,17.0,0.0,170.0,False
2025-01-31 17:28:00,143.0,175.0,175.0,0.0,32.0,32.0,False
2025-01-31 17:29:00,93.0,143.0,143.0,0.0,50.0,50.0,False
2025-01-31 17:30:00,568.0,93.0,93.0,475.0,0.0,4750.0,False
2025-01-31 17:31:00,204.0,568.0,568.0,0.0,364.0,364.0,False
2025-01-31 17:32:00,176.0,204.0,204.0,0.0,28.0,28.0,False
2025-01-31 17:33:00,212.0,176.0,176.0,36.0,0.0,360.0,False
2025-01-31 17:34:00,200.0,212.0,212.0,0.0,12.0,12.0,False
2025-01-31 17:35:00,159.0,200.0,200.0,0.0,41.0,41.0,False
2025-01-31 17:36:00,207.0,159.0,159.0,48.0,0.0,480.0,False
2025-01-31 17:37:00,197.0,207.0,207.0,0.0,10.0,10.0,False
2025-01-31 17:38:00,96.0,197.0,197.0,0.0,101.0,101.0,False
2025-01-31 17:39:00,173.0,96.0,96.0,77.0,0.0,770.0,False
2025-01-31 17:40:00,412.0,173.0,173.0,239.0,0.0,2390.0,False
2025-01-31 17:41:00,140.0,412.0,412.0,0.0,272.0,272.0,False
2025-01-31 17:42:00,200.0,140.0,140.0,60.0,0.0,600.0,False
2025-01-31 17:43:00,153.0,200.0,200.0,0.0,47.0,47.0,False
2025-01-31 17:44:00,184.0,153.0,153.0,31.0,0.0,310.0,False
2025-01-31 17:45:00,288.0,184.0,184.0,104.0,0.0,1040.0,False
2025-01-31 17:46:00,199.0,288.0,288.0,0.0,89.0,89.0,False
2025-01-31 17:47:00,129.0,199.0,199.0,0.0,70.0,70.0,False
2025-01-31 17:48:00,158.0,129.0,129.0,29.0,0.0,290.0,False
2025-01-31 17:49:00,162.0,158.0,158.0,4.0,0.0,40.0,False
2025-01-31 17:50:00,372.0,162.0,162.0,210.0,0.0,2100.0,False
2025-01-31 17:51:00,190.0,372.0,372.0,0.0,182.0,182.0,False
2025-01-31 17:52:00,142.0,190.0,190.0,0.0,48.0,48.0,False
2025-01-31 17:53:00,160.0,142.0,142.0,18.0,0.0,180.0,False
2025-01-31 17:54:00,183.0,160.0,160.0,23.0,0.0,230.0,False
2025-01-31 17:55:00,161.0,183.0,183.0,0.0,22.0,22.0,False
2025-01-31 17:56:00,154.0,161.0,161.0,0.0,7.0,7.0,False
2025-01-31 17:57:00,119.0,154.0,154.0,0.0,35.0,35.0,False
2025-01-31 17:58:00,104.0,119.0,119.0,0.0,15.0,15.0,False
2025-01-31 17:59:00,131.0,104.0,104.0,27.0,0.0,270.0,False
2025-01-31 18:00:00,547.0,131.0,131.0,416.0,0.0,4160.0,False
2025-01-31 18:01:00,275.0,547.0,547.0,0.0,272.0,272.0,False
2025-01-31 18:02:00,149.0,275.0,275.0,0.0,126.0,126.0,False
2025-01-31 18:03:00,241.0,149.0,149.0,92.0,0.0,920.0,False
2025-01-31 18:04:00,219.0,241.0,241.0,0.0,22.0,22.0,False
2025-01-31 18:05:00,209.0,219.0,219.0,0.0,10.0,10.0,False
2025-01-31 18:06:00,185.0,209.0,209.0,0.0,24.0,24.0,False
2025-01-31 18:07:00,180.0,185.0,185.0,0.0,5.0,5.0,False
2025-01-31 18:08:00,130.0,180.0,180.0,0.0,50.0,50.0,False
2025-01-31 18:09:00,194.0,130.0,130.0,64.0,0.0,640.0,False
2025-01-31 18:10:00,389.0,194.0,194.0,195.0,0.0,1950.0,False
2025-01-31 18:11:00,155.0,389.0,389.0,0.0,234.0,234.0,False
2025-01-31 18:12:00,187.0,155.0,155.0,32.0,0.0,320.0,False
2025-01-31 18:13:00,141.0,187.0,187.0,0.0,46.0,46.0,False
2025-01-31 18:14:00,152.0,141.0,141.0,11.0,0.0,110.0,False
2025-01-31 18:15:00,295.0,152.0,152.0,143.0,0.0,1430.0,False
2025-01-31 18:16:00,153.0,295.0,295.0,0.0,142.0,142.0,False
2025-01-31 18:17:00,154.0,153.0,153.0,1.0,0.0,10.0,False
2025-01-31 18:18:00,114.0,154.0,154.0,0.0,40.0,40.0,False
2025-01-31 18:19:00,131.0,114.0,114.0,17.0,0.0,170.0,False
2025-01-31 18:20:00,436.0,131.0,131.0,305.0,0.0,3050.0,False
2025-01-31 18:21:00,157.0,436.0,436.0,0.0,279.0,279.0,False
2025-01-31 18:22:00,158.0,157.0,157.0,1.0,0.0,10.0,False
2025-01-31 18:23:00,165.0,158.0,158.0,7.0,0.0,70.0,False
2025-01-31 18:24:00,178.0,165.0,165.0,13.0,0.0,130.0,False
2025-01-31 18:25:00,166.0,178.0,178.0,0.0,12.0,12.0,False
2025-01-31 18:26:00,145.0,166.0,166.0,0.0,21.0,21.0,False
2025-01-31 18:27:00,163.0,145.0,145.0,18.0,0.0,180.0,False
2025-01-31 18:28:00,122.0,163.0,163.0,0.0,41.0,41.0,False
2025-01-31 18:29:00,122.0,122.0,122.0,0.0,0.0,0.0,False
2025-01-31 18:30:00,501.0,122.0,122.0,379.0,0.0,3790.0,False
2025-01-31 18:31:00,226.0,501.0,501.0,0.0,275.0,275.0,False
2025-01-31 18:32:00,151.0,226.0,226.0,0.0,75.0,75.0,False
2025-01-31 18:33:00,235.0,151.0,151.0,84.0,0.0,840.0,False
2025-01-31 18:34:00,188.0,235.0,235.0,0.0,47.0,47.0,False
2025-01-31 18:35:00,170.0,188.0,188.0,0.0,18.0,18.0,False
2025-01-31 18:36:00,181.0,170.0,170.0,11.0,0.0,110.0,False
2025-01-31 18:37:00,177.0,181.0,181.0,0.0,4.0,4.0,False
2025-01-31 18:38:00,153.0,177.0,177.0,0.0,24.0,24.0,False
2025-01-31 18:39:00,169.0,153.0,153.0,16.0,0.0,160.0,False
2025-01-31 18:40:00,371.0,169.0,169.0,202.0,0.0,2020.0,False
2025-01-31 18:41:00,133.0,371.0,371.0,0.0,238.0,238.0,False
2025-01-31 18:42:00,202.0,133.0,133.0,69.0,0.0,690.0,False
2025-01-31 18:43:00,178.0,202.0,202.0,0.0,24.0,24.0,False
2025-01-31 18:44:00,151.0,178.0,178.0,0.0,27.0,27.0,False
2025-01-31 18:45:00,259.0,151.0,151.0,108.0,0.0,1080.0,False
2025-01-31 18:46:00,172.0,259.0,259.0,0.0,87.0,87.0,False
2025-01-31 18:47:00,117.0,172.0,172.0,0.0,55.0,55.0,False
2025-01-31 18:48:00,156.0,117.0,117.0,39.0,0.0,390.0,False
2025-01-31 18:49:00,128.0,156.0,156.0,0.0,28.0,28.0,False
2025-01-31 18:50:00,356.0,128.0,128.0,228.0,0.0,2280.0,False
2025-01-31 18:51:00,173.0,356.0,356.0,0.0,183.0,183.0,False
2025-01-31 18:52:00,165.0,173.0,173.0,0.0,8.0,8.0,False
2025-01-31 18:53:00,125.0,165.0,165.0,0.0,40.0,40.0,False
2025-01-31 18:54:00,160.0,125.0,125.0,35.0,0.0,350.0,False
2025-01-31 18:55:00,143.0,160.0,160.0,0.0,17.0,17.0,False
2025-01-31 18:56:00,146.0,143.0,143.0,3.0,0.0,30.0,False
2025-01-31 18:57:00,153.0,146.0,146.0,7.0,0.0,70.0,False
2025-01-31 18:58:00,136.0,153.0,153.0,0.0,17.0,17.0,False
2025-01-31 18:59:00,138.0,136.0,136.0,2.0,0.0,20.0,False
2025-01-31 19:00:00,552.0,138.0,138.0,414.0,0.0,4140.0,False
2025-01-31 19:01:00,245.0,552.0,552.0,0.0,307.0,307.0,False
2025-01-31 19:02:00,198.0,245.0,245.0,0.0,47.0,47.0,False
2025-01-31 19:03:00,218.0,198.0,198.0,20.0,0.0,200.0,False
2025-01-31 19:04:00,258.0,218.0,218.0,40.0,0.0,400.0,False
2025-01-31 19:05:00,178.0,258.0,258.0,0.0,80.0,80.0,False
2025-01-31 19:06:00,232.0,178.0,178.0,54.0,0.0,540.0,False
2025-01-31 19:07:00,176.0,232.0,232.0,0.0,56.0,56.0,False
2025-01-31 19:08:00,148.0,176.0,176.0,0.0,28.0,28.0,False
2025-01-31 19:09:00,175.0,148.0,148.0,27.0,0.0,270.0,False
2025-01-31 19:10:00,360.0,175.0,175.0,185.0,0.0,1850.0,False
2025-01-31 19:11:00,149.0,360.0,360.0,0.0,211.0,211.0,False
2025-01-31 19:12:00,176.0,149.0,149.0,27.0,0.0,270.0,False
2025-01-31 19:13:00,153.0,176.0,176.0,0.0,23.0,23.0,False
2025-01-31 19:14:00,117.0,153.0,153.0,0.0,36.0,36.0,False
2025-01-31 19:15:00,324.0,117.0,117.0,207.0,0.0,2070.0,False
2025-01-31 19:16:00,170.0,324.0,324.0,0.0,154.0,154.0,False
2025-01-31 19:17:00,113.0,170.0,170.0,0.0,57.0,57.0,False
2025-01-31 19:18:00,148.0,113.0,113.0,35.0,0.0,350.0,False
2025-01-31 19:19:00,143.0,148.0,148.0,0.0,5.0,5.0,False
2025-01-31 19:20:00,431.0,143.0,143.0,288.0,0.0,2880.0,False
2025-01-31 19:21:00,190.0,431.0,431.0,0.0,241.0,241.0,False
2025-01-31 19:22:00,132.0,190.0,190.0,0.0,58.0,58.0,False
2025-01-31 19:23:00,172.0,132.0,132.0,40.0,0.0,400.0,False
2025-01-31 19:24:00,195.0,172.0,172.0,23.0,0.0,230.0,False
2025-01-31 19:25:00,149.0,195.0,195.0,0.0,46.0,46.0,False
2025-01-31 19:26:00,180.0,149.0,149.0,31.0,0.0,310.0,False
2025-01-31 19:27:00,162.0,180.0,180.0,0.0,18.0,18.0,False
2025-01-31 19:28:00,148.0,162.0,162.0,0.0,14.0,14.0,False
2025-01-31 19:29:00,109.0,148.0,148.0,0.0,39.0,39.0,False
2025-01-31 19:30:00,509.0,109.0,109.0,400.0,0.0,4000.0,False
2025-01-31 19:31:00,191.0,509.0,509.0,0.0,318.0,318.0,False
2025-01-31 19:32:00,203.0,191.0,191.0,12.0,0.0,120.0,False
2025-01-31 19:33:00,219.0,203.0,203.0,16.0,0.0,160.0,False
2025-01-31 19:34:00,206.0,219.0,219.0,0.0,13.0,13.0,False
2025-01-31 19:35:00,195.0,206.0,206.0,0.0,11.0,11.0,False
2025-01-31 19:36:00,189.0,195.0,195.0,0.0,6.0,6.0,False
2025-01-31 19:37:00,159.0,189.0,189.0,0.0,30.0,30.0,False
2025-01-31 19:38:00,145.0,159.0,159.0,0.0,14.0,14.0,False
2025-01-31 19:39:00,199.0,145.0,145.0,54.0,0.0,540.0,False
2025-01-31 19:40:00,408.0,199.0,199.0,209.0,0.0,2090.0,False
2025-01-31 19:41:00,185.0,408.0,408.0,0.0,223.0,223.0,False
2025-01-31 19:42:00,182.0,185.0,185.0,0.0,3.0,3.0,False
2025-01-31 19:43:00,161.0,182.0,182.0,0.0,21.0,21.0,False
2025-01-31 19:44:00,178.0,161.0,161.0,17.0,0.0,170.0,False
2025-01-31 19:45:00,330.0,178.0,178.0,152.0,0.0,1520.0,False
2025-01-31 19:46:00,137.0,330.0,330.0,0.0,193.0,193.0,False
2025-01-31 19:47:00,115.0,137.0,137.0,0.0,22.0,22.0,False
2025-01-31 19:48:00,150.0,115.0,115.0,35.0,0.0,350.0,False
2025-01-31 19:49:00,121.0,150.0,150.0,0.0,29.0,29.0,False
2025-01-31 19:50:00,365.0,121.0,121.0,244.0,0.0,2440.0,False
2025-01-31 19:51:00,179.0,365.0,365.0,0.0,186.0,186.0,False
2025-01-31 19:52:00,162.0,179.0,179.0,0.0,17.0,17.0,False
2025-01-31 19:53:00,168.0,162.0,162.0,6.0,0.0,60.0,False
2025-01-31 19:54:00,165.0,168.0,168.0,0.0,3.0,3.0,False
2025-01-31 19:55:00,131.0,165.0,165.0,0.0,34.0,34.0,False
2025-01-31 19:56:00,146.0,131.0,131.0,15.0,0.0,150.0,False
2025-01-31 19:57:00,144.0,146.0,146.0,0.0,2.0,2.0,False
2025-01-31 19:58:00,123.0,144.0,144.0,0.0,21.0,21.0,False
2025-01-31 19:59:00,123.0,123.0,123.0,0.0,0.0,0.0,False
2025-01-31 20:00:00,542.0,123.0,123.0,419.0,0.0,4190.0,False
2025-01-31 20:01:00,222.0,542.0,542.0,0.0,320.0,320.0,False
2025-01-31 20:02:00,164.0,222.0,222.0,0.0,58.0,58.0,False
2025-01-31 20:03:00,238.0,164.0,164.0,74.0,0.0,740.0,False
2025-01-31 20:04:00,221.0,238.0,238.0,0.0,17.0,17.0,False
2025-01-31 20:05:00,190.0,221.0,221.0,0.0,31.0,31.0,False
2025-01-31 20:06:00,189.0,190.0,190.0,0.0,1.0,1.0,False
2025-01-31 20:07:00,179.0,189.0,189.0,0.0,10.0,10.0,False
2025-01-31 20:08:00,169.0,179.0,179.0,0.0,10.0,10.0,False
2025-01-31 20:09:00,177.0,169.0,169.0,8.0,0.0,80.0,False
2025-01-31 20:10:00,382.0,177.0,177.0,205.0,0.0,2050.0,False
2025-01-31 20:11:00,145.0,382.0,382.0,0.0,237.0,237.0,False
2025-01-31 20:12:00,184.0,145.0,145.0,39.0,0.0,390.0,False
2025-01-31 20:13:00,154.0,184.0,184.0,0.0,30.0,30.0,False
2025-01-31 20:14:00,132.0,154.0,154.0,0.0,22.0,22.0,False
2025-01-31 20:15:00,239.0,132.0,132.0,107.0,0.0,1070.0,False
2025-01-31 20:16:00,183.0,239.0,239.0,0.0,56.0,56.0,False
2025-01-31 20:17:00,123.0,183.0,183.0,0.0,60.0,60.0,False
2025-01-31 20:18:00,118.0,123.0,123.0,0.0,5.0,5.0,False
2025-01-31 20:19:00,144.0,118.0,118.0,26.0,0.0,260.0,False
2025-01-31 20:20:00,386.0,144.0,144.0,242.0,0.0,2420.0,False
2025-01-31 20:21:00,194.0,386.0,386.0,0.0,192.0,192.0,False
2025-01-31 20:22:00,127.0,194.0,194.0,0.0,67.0,67.0,False
2025-01-31 20:23:00,173.0,127.0,127.0,46.0,0.0,460.0,False
2025-01-31 20:24:00,189.0,173.0,173.0,16.0,0.0,160.0,False
2025-01-31 20:25:00,171.0,189.0,189.0,0.0,18.0,18.0,False
2025-01-31 20:26:00,139.0,171.0,171.0,0.0,32.0,32.0,False
2025-01-31 20:27:00,152.0,139.0,139.0,13.0,0.0,130.0,False
2025-01-31 20:28:00,116.0,152.0,152.0,0.0,36.0,36.0,False
2025-01-31 20:29:00,149.0,116.0,116.0,33.0,0.0,330.0,False
2025-01-31 20:30:00,712.0,149.0,149.0,563.0,0.0,5630.0,False
2025-01-31 20:31:00,329.0,712.0,712.0,0.0,383.0,383.0,False
2025-01-31 20:32:00,157.0,329.0,329.0,0.0,172.0,172.0,False
2025-01-31 20:33:00,233.0,157.0,157.0,76.0,0.0,760.0,False
2025-01-31 20:34:00,200.0,233.0,233.0,0.0,33.0,33.0,False
2025-01-31 20:35:00,206.0,200.0,200.0,6.0,0.0,60.0,False
2025-01-31 20:36:00,197.0,206.0,206.0,0.0,9.0,9.0,False
2025-01-31 20:37:00,216.0,197.0,197.0,19.0,0.0,190.0,False
2025-01-31 20:38:00,116.0,216.0,216.0,0.0,100.0,100.0,False
2025-01-31 20:39:00,150.0,116.0,116.0,34.0,0.0,340.0,False
2025-01-31 20:40:00,440.0,150.0,150.0,290.0,0.0,2900.0,False
2025-01-31 20:41:00,168.0,440.0,440.0,0.0,272.0,272.0,False
2025-01-31 20:42:00,175.0,168.0,168.0,7.0,0.0,70.0,False
2025-01-31 20:43:00,178.0,175.0,175.0,3.0,0.0,30.0,False
2025-01-31 20:44:00,176.0,178.0,178.0,0.0,2.0,2.0,False
2025-01-31 20:45:00,252.0,176.0,176.0,76.0,0.0,760.0,False
2025-01-31 20:46:00,187.0,252.0,252.0,0.0,65.0,65.0,False
2025-01-31 20:47:00,144.0,187.0,187.0,0.0,43.0,43.0,False
2025-01-31 20:48:00,159.0,144.0,144.0,15.0,0.0,150.0,False
2025-01-31 20:49:00,160.0,159.0,159.0,1.0,0.0,10.0,False
2025-01-31 20:50:00,320.0,160.0,160.0,160.0,0.0,1600.0,False
2025-01-31 20:51:00,150.0,320.0,320.0,0.0,170.0,170.0,False
2025-01-31 20:52:00,146.0,150.0,150.0,0.0,4.0,4.0,False
2025-01-31 20:53:00,138.0,146.0,146.0,0.0,8.0,8.0,False
2025-01-31 20:54:00,166.0,138.0,138.0,28.0,0.0,280.0,False
2025-01-31 20:55:00,143.0,166.0,166.0,0.0,23.0,23.0,False
2025-01-31 20:56:00,131.0,143.0,143.0,0.0,12.0,12.0,False
2025-01-31 20:57:00,121.0,131.0,131.0,0.0,10.0,10.0,False
2025-01-31 20:58:00,115.0,121.0,121.0,0.0,6.0,6.0,False
2025-01-31 20:59:00,127.0,115.0,115.0,12.0,0.0,120.0,False
2025-01-31 21:00:00,571.0,127.0,127.0,444.0,0.0,4440.0,False
2025-01-31 21:01:00,260.0,571.0,571.0,0.0,311.0,311.0,False
2025-01-31 21:02:00,189.0,260.0,260.0,0.0,71.0,71.0,False
2025-01-31 21:03:00,214.0,189.0,189.0,25.0,0.0,250.0,False
2025-01-31 21:04:00,243.0,214.0,214.0,29.0,0.0,290.0,False
2025-01-31 21:05:00,186.0,243.0,243.0,0.0,57.0,57.0,False
2025-01-31 21:06:00,204.0,186.0,186.0,18.0,0.0,180.0,False
2025-01-31 21:07:00,203.0,204.0,204.0,0.0,1.0,1.0,False
2025-01-31 21:08:00,118.0,203.0,203.0,0.0,85.0,85.0,False
2025-01-31 21:09:00,177.0,118.0,118.0,59.0,0.0,590.0,False
2025-01-31 21:10:00,382.0,177.0,177.0,205.0,0.0,2050.0,False
2025-01-31 21:11:00,148.0,382.0,382.0,0.0,234.0,234.0,False
2025-01-31 21:12:00,177.0,148.0,148.0,29.0,0.0,290.0,False
2025-01-31 21:13:00,147.0,177.0,177.0,0.0,30.0,30.0,False
2025-01-31 21:14:00,154.0,147.0,147.0,7.0,0.0,70.0,False
2025-01-31 21:15:00,221.0,154.0,154.0,67.0,0.0,670.0,False
2025-01-31 21:16:00,174.0,221.0,221.0,0.0,47.0,47.0,False
2025-01-31 21:17:00,128.0,174.0,174.0,0.0,46.0,46.0,False
2025-01-31 21:18:00,163.0,128.0,128.0,35.0,0.0,350.0,False
2025-01-31 21:19:00,137.0,163.0,163.0,0.0,26.0,26.0,False
2025-01-31 21:20:00,383.0,137.0,137.0,246.0,0.0,2460.0,False
2025-01-31 21:21:00,186.0,383.0,383.0,0.0,197.0,197.0,False
2025-01-31 21:22:00,171.0,186.0,186.0,0.0,15.0,15.0,False
2025-01-31 21:23:00,146.0,171.0,171.0,0.0,25.0,25.0,False
2025-01-31 21:24:00,214.0,146.0,146.0,68.0,0.0,680.0,False
2025-01-31 21:25:00,162.0,214.0,214.0,0.0,52.0,52.0,False
2025-01-31 21:26:00,125.0,162.0,162.0,0.0,37.0,37.0,False
2025-01-31 21:27:00,181.0,125.0,125.0,56.0,0.0,560.0,False
2025-01-31 21:28:00,148.0,181.0,181.0,0.0,33.0,33.0,False
2025-01-31 21:29:00,134.0,148.0,148.0,0.0,14.0,14.0,False
2025-01-31 21:30:00,501.0,134.0,134.0,367.0,0.0,3670.0,False
2025-01-31 21:31:00,179.0,501.0,501.0,0.0,322.0,322.0,False
2025-01-31 21:32:00,195.0,179.0,179.0,16.0,0.0,160.0,False
2025-01-31 21:33:00,816.0,195.0,195.0,621.0,0.0,6210.0,True
2025-01-31 21:34:00,331.0,816.0,816.0,0.0,485.0,485.0,False
2025-01-31 21:35:00,453.0,331.0,331.0,122.0,0.0,1220.0,False
2025-01-31 21:36:00,197.0,453.0,453.0,0.0,256.0,256.0,False
2025-01-31 21:37:00,144.0,197.0,197.0,0.0,53.0,53.0,False
2025-01-31 21:38:00,157.0,144.0,144.0,13.0,0.0,130.0,False
2025-01-31 21:39:00,177.0,157.0,157.0,20.0,0.0,200.0,False
2025-01-31 21:40:00,396.0,177.0,177.0,219.0,0.0,2190.0,False
2025-01-31 21:41:00,179.0,396.0,396.0,0.0,217.0,217.0,False
2025-01-31 21:42:00,196.0,179.0,179.0,17.0,0.0,170.0,False
2025-01-31 21:43:00,207.0,196.0,196.0,11.0,0.0,110.0,False
2025-01-31 21:44:00,208.0,207.0,207.0,1.0,0.0,10.0,False
2025-01-31 21:45:00,268.0,208.0,208.0,60.0,0.0,600.0,False
2025-01-31 21:46:00,268.0,268.0,268.0,0.0,0.0,0.0,False
2025-01-31 21:47:00,497.0,268.0,268.0,229.0,0.0,2290.0,False
2025-01-31 21:48:00,374.0,497.0,497.0,0.0,123.0,123.0,False
2025-01-31 21:49:00,159.0,374.0,374.0,0.0,215.0,215.0,False
2025-01-31 21:50:00,402.0,159.0,159.0,243.0,0.0,2430.0,False
2025-01-31 21:51:00,204.0,402.0,402.0,0.0,198.0,198.0,False
2025-01-31 21:52:00,179.0,204.0,204.0,0.0,25.0,25.0,False
2025-01-31 21:53:00,178.0,179.0,179.0,0.0,1.0,1.0,False
2025-01-31 21:54:00,193.0,178.0,178.0,15.0,0.0,150.0,False
2025-01-31 21:55:00,184.0,193.0,193.0,0.0,9.0,9.0,False
2025-01-31 21:56:00,173.0,184.0,184.0,0.0,11.0,11.0,False
2025-01-31 21:57:00,195.0,173.0,173.0,22.0,0.0,220.0,False
2025-01-31 21:58:00,139.0,195.0,195.0,0.0,56.0,56.0,False
2025-01-31 21:59:00,154.0,139.0,139.0,15.0,0.0,150.0,False
2025-01-31 22:00:00,652.0,154.0,154.0,498.0,0.0,4980.0,False
2025-01-31 22:01:00,448.0,652.0,652.0,0.0,204.0,204.0,False
2025-01-31 22:02:00,209.0,448.0,448.0,0.0,239.0,239.0,False
2025-01-31 22:03:00,298.0,209.0,209.0,89.0,0.0,890.0,False
2025-01-31 22:04:00,240.0,298.0,298.0,0.0,58.0,58.0,False
2025-01-31 22:05:00,182.0,240.0,240.0,0.0,58.0,58.0,False
2025-01-31 22:06:00,246.0,182.0,182.0,64.0,0.0,640.0,False
2025-01-31 22:07:00,264.0,246.0,246.0,18.0,0.0,180.0,False
2025-01-31 22:08:00,175.0,264.0,264.0,0.0,89.0,89.0,False
2025-01-31 22:09:00,212.0,175.0,175.0,37.0,0.0,370.0,False
2025-01-31 22:10:00,444.0,212.0,212.0,232.0,0.0,2320.0,False
2025-01-31 22:11:00,166.0,444.0,444.0,0.0,278.0,278.0,False
2025-01-31 22:12:00,201.0,166.0,166.0,35.0,0.0,350.0,False
2025-01-31 22:13:00,182.0,201.0,201.0,0.0,19.0,19.0,False
2025-01-31 22:14:00,172.0,182.0,182.0,0.0,10.0,10.0,False
2025-01-31 22:15:00,289.0,172.0,172.0,117.0,0.0,1170.0,False
2025-01-31 22:16:00,222.0,289.0,289.0,0.0,67.0,67.0,False
2025-01-31 22:17:00,155.0,222.0,222.0,0.0,67.0,67.0,False
2025-01-31 22:18:00,175.0,155.0,155.0,20.0,0.0,200.0,False
2025-01-31 22:19:00,185.0,175.0,175.0,10.0,0.0,100.0,False
2025-01-31 22:20:00,436.0,185.0,185.0,251.0,0.0,2510.0,False
2025-01-31 22:21:00,219.0,436.0,436.0,0.0,217.0,217.0,False
2025-01-31 22:22:00,203.0,219.0,219.0,0.0,16.0,16.0,False
2025-01-31 22:23:00,301.0,203.0,203.0,98.0,0.0,980.0,False
2025-01-31 22:24:00,232.0,301.0,301.0,0.0,69.0,69.0,False
2025-01-31 22:25:00,227.0,232.0,232.0,0.0,5.0,5.0,False
2025-01-31 22:26:00,262.0,227.0,227.0,35.0,0.0,350.0,False
2025-01-31 22:27:00,172.0,262.0,262.0,0.0,90.0,90.0,False
2025-01-31 22:28:00,378.0,172.0,172.0,206.0,0.0,2060.0,False
2025-01-31 22:29:00,350.0,378.0,378.0,0.0,28.0,28.0,False
2025-01-31 22:30:00,661.0,350.0,350.0,311.0,0.0,3110.0,False
2025-01-31 22:31:00,315.0,661.0,661.0,0.0,346.0,346.0,False
2025-01-31 22:32:00,414.0,315.0,315.0,99.0,0.0,990.0,False
2025-01-31 22:33:00,243.0,414.0,414.0,0.0,171.0,171.0,False
2025-01-31 22:34:00,352.0,243.0,243.0,109.0,0.0,1090.0,False
2025-01-31 22:35:00,332.0,352.0,352.0,0.0,20.0,20.0,False
2025-01-31 22:36:00,272.0,332.0,332.0,0.0,60.0,60.0,False
2025-01-31 22:37:00,280.0,272.0,272.0,8.0,0.0,80.0,False
2025-01-31 22:38:00,424.0,280.0,280.0,144.0,0.0,1440.0,False
2025-01-31 22:39:00,445.0,424.0,424.0,21.0,0.0,210.0,False
2025-01-31 22:40:00,659.0,445.0,445.0,214.0,0.0,2140.0,False
2025-01-31 22:41:00,187.0,659.0,659.0,0.0,472.0,472.0,False
2025-01-31 22:42:00,239.0,187.0,187.0,52.0,0.0,520.0,False
2025-01-31 22:43:00,261.0,239.0,239.0,22.0,0.0,220.0,False
2025-01-31 22:44:00,551.0,261.0,261.0,290.0,0.0,2900.0,False
2025-01-31 22:45:00,350.0,551.0,551.0,0.0,201.0,201.0,False
2025-01-31 22:46:00,235.0,350.0,350.0,0.0,115.0,115.0,False
2025-01-31 22:47:00,208.0,235.0,235.0,0.0,27.0,27.0,False
2025-01-31 22:48:00,210.0,208.0,208.0,2.0,0.0,20.0,False
2025-01-31 22:49:00,256.0,210.0,210.0,46.0,0.0,460.0,False
2025-01-31 22:50:00,576.0,256.0,256.0,320.0,0.0,3200.0,False
2025-01-31 22:51:00,246.0,576.0,576.0,0.0,330.0,330.0,False
2025-01-31 22:52:00,542.0,246.0,246.0,296.0,0.0,2960.0,False
2025-01-31 22:53:00,402.0,542.0,542.0,0.0,140.0,140.0,False
2025-01-31 22:54:00,319.0,402.0,402.0,0.0,83.0,83.0,False
2025-01-31 22:55:00,296.0,319.0,319.0,0.0,23.0,23.0,False
2025-01-31 22:56:00,576.0,296.0,296.0,280.0,0.0,2800.0,False
2025-01-31 22:57:00,452.0,576.0,576.0,0.0,124.0,124.0,False
2025-01-31 22:58:00,328.0,452.0,452.0,0.0,124.0,124.0,False
2025-01-31 22:59:00,357.0,328.0,328.0,29.0,0.0,290.0,False
2025-01-31 23:00:00,868.0,357.0,357.0,511.0,0.0,5110.0,True
2025-01-31 23:01:00,335.0,868.0,868.0,0.0,533.0,533.0,False
2025-01-31 23:02:00,275.0,335.0,335.0,0.0,60.0,60.0,False
2025-01-31 23:03:00,535.0,275.0,275.0,260.0,0.0,2600.0,False
2025-01-31 23:04:00,325.0,535.0,535.0,0.0,210.0,210.0,False
2025-01-31 23:05:00,288.0,325.0,325.0,0.0,37.0,37.0,False
2025-01-31 23:06:00,282.0,288.0,288.0,0.0,6.0,6.0,False
2025-01-31 23:07:00,321.0,282.0,282.0,39.0,0.0,390.0,False
2025-01-31 23:08:00,280.0,321.0,321.0,0.0,41.0,41.0,False
2025-01-31 23:09:00,354.0,280.0,280.0,74.0,0.0,740.0,False
2025-01-31 23:10:00,662.0,354.0,354.0,308.0,0.0,3080.0,False
2025-01-31 23:11:00,413.0,662.0,662.0,0.0,249.0,249.0,False
2025-01-31 23:12:00,396.0,413.0,413.0,0.0,17.0,17.0,False
2025-01-31 23:13:00,364.0,396.0,396.0,0.0,32.0,32.0,False
2025-01-31 23:14:00,247.0,364.0,364.0,0.0,117.0,117.0,False
2025-01-31 23:15:00,385.0,247.0,247.0,138.0,0.0,1380.0,False
2025-01-31 23:16:00,322.0,385.0,385.0,0.0,63.0,63.0,False
2025-01-31 23:17:00,196.0,322.0,322.0,0.0,126.0,126.0,False
2025-01-31 23:18:00,408.0,196.0,196.0,212.0,0.0,2120.0,False
2025-01-31 23:19:00,231.0,408.0,408.0,0.0,177.0,177.0,False
2025-01-31 23:20:00,568.0,231.0,231.0,337.0,0.0,3370.0,False
2025-01-31 23:21:00,444.0,568.0,568.0,0.0,124.0,124.0,False
2025-01-31 23:22:00,383.0,444.0,444.0,0.0,61.0,61.0,False
2025-01-31 23:23:00,435.0,383.0,383.0,52.0,0.0,520.0,False
2025-01-31 23:24:00,283.0,435.0,435.0,0.0,152.0,152.0,False
2025-01-31 23:25:00,316.0,283.0,283.0,33.0,0.0,330.0,False
2025-01-31 23:26:00,305.0,316.0,316.0,0.0,11.0,11.0,False
2025-01-31 23:27:00,276.0,305.0,305.0,0.0,29.0,29.0,False
2025-01-31 23:28:00,374.0,276.0,276.0,98.0,0.0,980.0,False
2025-01-31 23:29:00,296.0,374.0,374.0,0.0,78.0,78.0,False
2025-01-31 23:30:00,703.0,296.0,296.0,407.0,0.0,4070.0,False
2025-01-31 23:31:00,332.0,703.0,703.0,0.0,371.0,371.0,False
2025-01-31 23:32:00,344.0,332.0,332.0,12.0,0.0,120.0,False
2025-01-31 23:33:00,533.0,344.0,344.0,189.0,0.0,1890.0,False
2025-01-31 23:34:00,331.0,533.0,533.0,0.0,202.0,202.0,False
2025-01-31 23:35:00,309.0,331.0,331.0,0.0,22.0,22.0,False
2025-01-31 23:36:00,346.0,309.0,309.0,37.0,0.0,370.0,False
2025-01-31 23:37:00,335.0,346.0,346.0,0.0,11.0,11.0,False
2025-01-31 23:38:00,296.0,335.0,335.0,0.0,39.0,39.0,False
2025-01-31 23:39:00,329.0,296.0,296.0,33.0,0.0,330.0,False
2025-01-31 23:40:00,595.0,329.0,329.0,266.0,0.0,2660.0,False
2025-01-31 23:41:00,333.0,595.0,595.0,0.0,262.0,262.0,False
2025-01-31 23:42:00,359.0,333.0,333.0,26.0,0.0,260.0,False
2025-01-31 23:43:00,380.0,359.0,359.0,21.0,0.0,210.0,False
2025-01-31 23:44:00,444.0,380.0,380.0,64.0,0.0,640.0,False
2025-01-31 23:45:00,359.0,444.0,444.0,0.0,85.0,85.0,False
2025-01-31 23:46:00,364.0,359.0,359.0,5.0,0.0,50.0,False
2025-01-31 23:47:00,415.0,364.0,364.0,51.0,0.0,510.0,False
2025-01-31 23:48:00,353.0,415.0,415.0,0.0,62.0,62.0,False
2025-01-31 23:49:00,217.0,353.0,353.0,0.0,136.0,136.0,False
2025-01-31 23:50:00,422.0,217.0,217.0,205.0,0.0,2050.0,False
2025-01-31 23:51:00,313.0,422.0,422.0,0.0,109.0,109.0,False
2025-01-31 23:52:00,237.0,313.0,313.0,0.0,76.0,76.0,False
2025-01-31 23:53:00,289.0,237.0,237.0,52.0,0.0,520.0,False
2025-01-31 23:54:00,249.0,289.0,289.0,0.0,40.0,40.0,False
2025-01-31 23:55:00,288.0,249.0,249.0,39.0,0.0,390.0,False
2025-01-31 23:56:00,267.0,288.0,288.0,0.0,21.0,21.0,False
2025-01-31 23:57:00,365.0,267.0,267.0,98.0,0.0,980.0,False
2025-01-31 23:58:00,260.0,365.0,365.0,0.0,105.0,105.0,False
2025-01-31 23:59:00,154.0,260.0,260.0,0.0,106.0,106.0,False
