timestamp,actual_demand,predicted,provisioned,cold_starts,idle_capacity,cost,is_extreme,base_prediction,sigma_t,buffer_t
2019-01-12 09:36:00,553495.0,664584.4227713251,664585.0,0.0,111090.0,111090.0,False,565275.875,22536.492745438274,99308.54777132504
2019-01-12 09:37:00,559100.0,665255.0477713251,665256.0,0.0,106156.0,106156.0,False,565946.5,22536.492745438274,99308.54777132504
2019-01-12 09:38:00,555599.0,668564.8602713251,668565.0,0.0,112966.0,112966.0,False,569256.3125,22536.492745438274,99308.54777132504
2019-01-12 09:39:00,570612.0,661657.2977713251,661658.0,0.0,91046.0,91046.0,False,562348.75,22536.492745438274,99308.54777132504
2019-01-12 09:40:00,584966.0,705104.1102713251,705105.0,0.0,120139.0,120139.0,False,605795.5625,22536.492745438274,99308.54777132504
2019-01-12 09:41:00,571705.0,679612.1727713251,679613.0,0.0,107908.0,107908.0,False,580303.625,22536.492745438274,99308.54777132504
2019-01-12 09:42:00,575588.0,682938.4852713251,682939.0,0.0,107351.0,107351.0,False,583629.9375,22536.492745438274,99308.54777132504
2019-01-12 09:43:00,565964.0,683609.6102713251,683610.0,0.0,117646.0,117646.0,False,584301.0625,22536.492745438274,99308.54777132504
2019-01-12 09:44:00,572865.0,669271.9227713251,669272.0,0.0,96407.0,96407.0,False,569963.375,22536.492745438274,99308.54777132504
2019-01-12 09:45:00,617089.0,676610.7352713251,676611.0,0.0,59522.0,59522.0,False,577302.1875,22536.492745438274,99308.54777132504
2019-01-12 09:46:00,615697.0,692087.6727713251,692088.0,0.0,76391.0,76391.0,False,592779.125,22536.492745438274,99308.54777132504
2019-01-12 09:47:00,621582.0,698438.1102713251,698439.0,0.0,76857.0,76857.0,False,599129.5625,22536.492745438274,99308.54777132504
2019-01-12 09:48:00,602921.0,716088.8602713251,716089.0,0.0,113168.0,113168.0,False,616780.3125,22536.492745438274,99308.54777132504
2019-01-12 09:49:00,590658.0,701104.9852713251,701105.0,0.0,110447.0,110447.0,False,601796.4375,22536.492745438274,99308.54777132504
2019-01-12 09:50:00,613440.0,692647.4227713251,692648.0,0.0,79208.0,79208.0,False,593338.875,22536.492745438274,99308.54777132504
2019-01-12 09:51:00,599705.0,698007.4227713251,698008.0,0.0,98303.0,98303.0,False,598698.875,22536.492745438274,99308.54777132504
2019-01-12 09:52:00,587745.0,695306.9227713251,695307.0,0.0,107562.0,107562.0,False,595998.375,22536.492745438274,99308.54777132504
2019-01-12 09:53:00,562710.0,687845.3602713251,687846.0,0.0,125136.0,125136.0,False,588536.8125,22536.492745438274,99308.54777132504
2019-01-12 09:54:00,581482.0,674388.4227713251,674389.0,0.0,92907.0,92907.0,False,575079.875,22536.492745438274,99308.54777132504
2019-01-12 09:55:00,578549.0,697509.7977713251,697510.0,0.0,118961.0,118961.0,False,598201.25,22536.492745438274,99308.54777132504
2019-01-12 09:56:00,555120.0,687904.1102713251,687905.0,0.0,132785.0,132785.0,False,588595.5625,22536.492745438274,99308.54777132504
2019-01-12 09:57:00,550793.0,685915.4852713251,685916.0,0.0,135123.0,135123.0,False,586606.9375,22536.492745438274,99308.54777132504
2019-01-12 09:58:00,562589.0,663773.4227713251,663774.0,0.0,101185.0,101185.0,False,564464.875,22536.492745438274,99308.54777132504
2019-01-12 09:59:00,583837.0,677495.4227713251,677496.0,0.0,93659.0,93659.0,False,578186.875,22536.492745438274,99308.54777132504
2019-01-12 10:00:00,672798.0,704338.6102713251,704339.0,0.0,31541.0,31541.0,False,605030.0625,22536.492745438274,99308.54777132504
2019-01-12 10:01:00,613156.0,725845.2977713251,725846.0,0.0,112690.0,112690.0,False,626536.75,22536.492745438274,99308.54777132504
2019-01-12 10:02:00,615925.0,709591.9227713251,709592.0,0.0,93667.0,93667.0,False,610283.375,22536.492745438274,99308.54777132504
2019-01-12 10:03:00,605002.0,717108.9227713251,717109.0,0.0,112107.0,112107.0,False,617800.375,22536.492745438274,99308.54777132504
2019-01-12 10:04:00,614712.0,702723.1102713251,702724.0,0.0,88012.0,88012.0,False,603414.5625,22536.492745438274,99308.54777132504
2019-01-12 10:05:00,632308.0,729105.6727713251,729106.0,0.0,96798.0,96798.0,False,629797.125,22536.492745438274,99308.54777132504
2019-01-12 10:06:00,629592.0,759606.3602713251,759607.0,0.0,130015.0,130015.0,False,660297.8125,22536.492745438274,99308.54777132504
2019-01-12 10:07:00,621169.0,765885.6102713251,765886.0,0.0,144717.0,144717.0,False,666577.0625,22536.492745438274,99308.54777132504
2019-01-12 10:08:00,611268.0,736662.6102713251,736663.0,0.0,125395.0,125395.0,False,637354.0625,22536.492745438274,99308.54777132504
2019-01-12 10:09:00,588057.0,728327.3602713251,728328.0,0.0,140271.0,140271.0,False,629018.8125,22536.492745438274,99308.54777132504
2019-01-12 10:10:00,630571.0,743979.6102713251,743980.0,0.0,113409.0,113409.0,False,644671.0625,22536.492745438274,99308.54777132504
2019-01-12 10:11:00,626327.0,732553.9227713251,732554.0,0.0,106227.0,106227.0,False,633245.375,22536.492745438274,99308.54777132504
2019-01-12 10:12:00,609606.0,724403.8602713251,724404.0,0.0,114798.0,114798.0,False,625095.3125,22536.492745438274,99308.54777132504
2019-01-12 10:13:00,590924.0,712775.2352713251,712776.0,0.0,121852.0,121852.0,False,613466.6875,22536.492745438274,99308.54777132504
2019-01-12 10:14:00,569357.0,702553.2977713251,702554.0,0.0,133197.0,133197.0,False,603244.75,22536.492745438274,99308.54777132504
2019-01-12 10:15:00,601976.0,696242.6102713251,696243.0,0.0,94267.0,94267.0,False,596934.0625,22536.492745438274,99308.54777132504
2019-01-12 10:16:00,611700.0,713279.8602713251,713280.0,0.0,101580.0,101580.0,False,613971.3125,22536.492745438274,99308.54777132504
2019-01-12 10:17:00,613031.0,711006.0477713251,711007.0,0.0,97976.0,97976.0,False,611697.5,22536.492745438274,99308.54777132504
2019-01-12 10:18:00,620360.0,708126.6727713251,708127.0,0.0,87767.0,87767.0,False,608818.125,22536.492745438274,99308.54777132504
2019-01-12 10:19:00,616865.0,711259.8602713251,711260.0,0.0,94395.0,94395.0,False,611951.3125,22536.492745438274,99308.54777132504
2019-01-12 10:20:00,645195.0,726966.5477713251,726967.0,0.0,81772.0,81772.0,False,627658.0,22536.492745438274,99308.54777132504
2019-01-12 10:21:00,630220.0,730550.5477713251,730551.0,0.0,100331.0,100331.0,False,631242.0,22536.492745438274,99308.54777132504
2019-01-12 10:22:00,616579.0,725079.7352713251,725080.0,0.0,108501.0,108501.0,False,625771.1875,22536.492745438274,99308.54777132504
2019-01-12 10:23:00,617967.0,711278.7352713251,711279.0,0.0,93312.0,93312.0,False,611970.1875,22536.492745438274,99308.54777132504
2019-01-12 10:24:00,590719.0,712520.7977713251,712521.0,0.0,121802.0,121802.0,False,613212.25,22536.492745438274,99308.54777132504
2019-01-12 10:25:00,607461.0,702500.5477713251,702501.0,0.0,95040.0,95040.0,False,603192.0,22536.492745438274,99308.54777132504
2019-01-12 10:26:00,595604.0,703092.9852713251,703093.0,0.0,107489.0,107489.0,False,603784.4375,22536.492745438274,99308.54777132504
2019-01-12 10:27:00,579180.0,699763.4227713251,699764.0,0.0,120584.0,120584.0,False,600454.875,22536.492745438274,99308.54777132504
2019-01-12 10:28:00,577091.0,689842.7977713251,689843.0,0.0,112752.0,112752.0,False,590534.25,22536.492745438274,99308.54777132504
2019-01-12 10:29:00,589654.0,682401.6727713251,682402.0,0.0,92748.0,92748.0,False,583093.125,22536.492745438274,99308.54777132504
2019-01-12 10:30:00,635898.0,730796.2977713251,730797.0,0.0,94899.0,94899.0,False,631487.75,22536.492745438274,99308.54777132504
2019-01-12 10:31:00,570907.0,711650.1102713251,711651.0,0.0,140744.0,140744.0,False,612341.5625,22536.492745438274,99308.54777132504
2019-01-12 10:32:00,582776.0,682771.1727713251,682772.0,0.0,99996.0,99996.0,False,583462.625,22536.492745438274,99308.54777132504
2019-01-12 10:33:00,566317.0,686682.6727713251,686683.0,0.0,120366.0,120366.0,False,587374.125,22536.492745438274,99308.54777132504
2019-01-12 10:34:00,536499.0,674357.6727713251,674358.0,0.0,137859.0,137859.0,False,575049.125,22536.492745438274,99308.54777132504
2019-01-12 10:35:00,584796.0,671210.6727713251,671211.0,0.0,86415.0,86415.0,False,571902.125,22536.492745438274,99308.54777132504
2019-01-12 10:36:00,567809.0,665705.3970874734,665706.0,0.0,97897.0,97897.0,False,577389.75,20041.829072746033,88315.64708747338
2019-01-12 10:37:00,568353.0,665985.1075695228,665986.0,0.0,97633.0,97633.0,False,577703.5,20034.10434646046,88281.60756952279
2019-01-12 10:38:00,557289.0,652869.3774421054,652870.0,0.0,95581.0,95581.0,False,564572.75,20037.512867248362,88296.6274421054
2019-01-12 10:39:00,570739.0,646794.933495798,646795.0,0.0,76056.0,76056.0,False,558592.75,20016.080318302964,88202.18349579808
2019-01-12 10:40:00,592745.0,688123.6522504,688124.0,0.0,95379.0,95379.0,False,599686.0,20069.51620070137,88437.65225040007
2019-01-12 10:41:00,590520.0,668786.4364229821,668787.0,0.0,78267.0,78267.0,False,580740.4375,19980.636717815305,88045.99892298211
2019-01-12 10:42:00,613963.0,672111.8899790989,672112.0,0.0,58149.0,58149.0,False,583626.6875,20080.30696754034,88485.20247909897
2019-01-12 10:43:00,607943.0,692984.1747115485,692985.0,0.0,85042.0,85042.0,False,602198.5625,20602.348306481883,90785.61221154843
2019-01-12 10:44:00,624957.0,688712.8950748596,688713.0,0.0,63756.0,63756.0,False,598044.3125,20575.790294936778,90668.58257485964
2019-01-12 10:45:00,657422.0,702254.4850503257,702255.0,0.0,44833.0,44833.0,False,609934.8125,20950.478859911476,92319.67255032579
2019-01-12 10:46:00,638847.0,729429.0360602505,729430.0,0.0,90583.0,90583.0,False,635825.125,21241.91632941283,93603.91106025044
2019-01-12 10:47:00,643693.0,713582.4401708802,713583.0,0.0,69890.0,69890.0,False,621179.0625,20969.474403441858,92403.37767088015
2019-01-12 10:48:00,648756.0,724549.6972583556,724550.0,0.0,75794.0,75794.0,False,632140.5,20970.795066102473,92409.19725835558
2019-01-12 10:49:00,627792.0,725330.2519011965,725331.0,0.0,97539.0,97539.0,False,632319.0,21107.42177543655,93011.2519011965
2019-01-12 10:50:00,631550.0,717792.2153552946,717793.0,0.0,86243.0,86243.0,False,624869.8125,21087.25890000092,92922.40285529465
2019-01-12 10:51:00,625232.0,715297.876671707,715298.0,0.0,90066.0,90066.0,False,623193.3125,20901.663440463504,92104.56417170697
2019-01-12 10:52:00,628748.0,712474.39037726,712475.0,0.0,83727.0,83727.0,False,620349.3125,20906.31869911702,92125.0778772601
2019-01-12 10:53:00,621864.0,715784.6935240737,715785.0,0.0,93921.0,93921.0,False,623422.5625,20960.114134085517,92362.13102407372
2019-01-12 10:54:00,615623.0,716316.9000994269,716317.0,0.0,100694.0,100694.0,False,624813.25,20765.29556544677,91503.65009942681
2019-01-12 10:55:00,613658.0,733791.2362327902,733792.0,0.0,120134.0,120134.0,False,642407.75,20738.02629034915,91383.48623279014
2019-01-12 10:56:00,595818.0,708193.7760535724,708194.0,0.0,112376.0,112376.0,False,616154.625,20886.81897545642,92039.15105357241
2019-01-12 10:57:00,589360.0,701832.8902187537,701833.0,0.0,112473.0,112473.0,False,610870.125,20642.55035908774,90962.7652187537
2019-01-12 10:58:00,590099.0,711828.1980987112,711829.0,0.0,121730.0,121730.0,False,622154.3125,20350.059663586733,89673.88559871126
2019-01-12 10:59:00,579094.0,690598.9888627394,690599.0,0.0,111505.0,111505.0,False,599486.0625,20676.627038366874,91112.92636273938
2019-01-12 11:00:00,689136.0,705060.7255049201,705061.0,0.0,15925.0,15925.0,False,613647.1875,20744.846061253018,91413.53800492018
2019-01-12 11:01:00,638849.0,734782.0915946915,734783.0,0.0,95934.0,95934.0,False,641317.0,21210.41346335846,93465.09159469153
2019-01-12 11:02:00,617645.0,728318.9698852022,728319.0,0.0,110674.0,110674.0,False,634998.0,21177.70733751877,93320.96988520223
2019-01-12 11:03:00,613628.0,717489.3653096504,717490.0,0.0,103862.0,103862.0,False,624037.5625,21207.397785308625,93451.80280965041
2019-01-12 11:04:00,601598.0,706899.2561818848,706900.0,0.0,105302.0,105302.0,False,613507.1875,21193.84207668881,93392.06868188478
2019-01-12 11:05:00,608504.0,722964.4084125544,722965.0,0.0,114461.0,114461.0,False,629915.0,21116.0807877845,93049.40841255443
2019-01-12 11:06:00,672356.0,734363.1704161515,734364.0,0.0,62008.0,62008.0,False,640940.25,21200.843386254714,93422.92041615155
2019-01-12 11:07:00,662473.0,788646.6380022872,788647.0,0.0,126174.0,126174.0,False,694156.3125,21443.073964789943,94490.32550228728
2019-01-12 11:08:00,683414.0,767156.6654616428,767157.0,0.0,83743.0,83743.0,False,674304.375,21071.348009283454,92852.29046164281
2019-01-12 11:09:00,680693.0,769844.4213323147,769845.0,0.0,89152.0,89152.0,False,677594.5,20934.649932251476,92249.92133231473
2019-01-12 11:10:00,686199.0,774199.1434808351,774200.0,0.0,88001.0,88001.0,False,684456.1875,20365.734086389137,89742.95598083518
2019-01-12 11:11:00,652373.0,751250.828389633,751251.0,0.0,98878.0,98878.0,False,661722.0625,20317.127057640322,89528.76588963295
2019-01-12 11:12:00,647148.0,719760.6256670195,719761.0,0.0,72613.0,72613.0,False,630180.8125,20328.711423964414,89579.81316701951
2019-01-12 11:13:00,615680.0,724796.6377411566,724797.0,0.0,109117.0,109117.0,False,634887.8125,20403.375472410946,89908.82524115664
2019-01-12 11:14:00,604997.0,700740.0510367858,700741.0,0.0,95744.0,95744.0,False,611060.8125,20351.27442760041,89679.23853678576
2019-01-12 11:15:00,656380.0,702916.6986976378,702917.0,0.0,46537.0,46537.0,False,615110.75,19926.161143623332,87805.94869763775
2019-01-12 11:16:00,619308.0,732129.9491144083,732130.0,0.0,112822.0,112822.0,False,641158.3125,20644.563580993596,90971.6366144083
2019-01-12 11:17:00,609750.0,712943.6185257176,712944.0,0.0,103194.0,103194.0,False,621193.875,20821.142547814037,91749.74352571768
2019-01-12 11:18:00,608803.0,712966.6957920004,712967.0,0.0,104164.0,104164.0,False,621039.375,20861.440879258284,91927.32079200042
2019-01-12 11:19:00,619098.0,707889.1890522232,707890.0,0.0,88792.0,88792.0,False,616051.375,20841.12875067595,91837.81405222326
2019-01-12 11:20:00,634030.0,742659.334807171,742660.0,0.0,108630.0,108630.0,False,650858.4375,20832.751083539268,91800.89730717099
2019-01-12 11:21:00,623732.0,718163.7923011845,718164.0,0.0,94432.0,94432.0,False,626640.25,20769.809783715627,91523.54230118451
2019-01-12 11:22:00,600260.0,716467.188395115,716468.0,0.0,116208.0,116208.0,False,624945.4375,20769.403252648608,91521.750895115
2019-01-12 11:23:00,603439.0,699955.6877102838,699956.0,0.0,96517.0,96517.0,False,607639.6875,20949.645480846193,92316.00021028375
2019-01-12 11:24:00,600748.0,698560.3765742836,698561.0,0.0,97813.0,97813.0,False,606369.25,20921.30739862697,92191.12657428354
2019-01-12 11:25:00,597077.0,729667.8244743929,729668.0,0.0,132591.0,132591.0,False,638161.5625,20765.888288858256,91506.26197439288
2019-01-12 11:26:00,606076.0,699677.0726027992,699678.0,0.0,93602.0,93602.0,False,605696.625,21327.365298811543,93980.4476027992
2019-01-12 11:27:00,589363.0,693999.9115148216,694000.0,0.0,104637.0,104637.0,False,600043.625,21321.88232482643,93956.2865148216
2019-01-12 11:28:00,584865.0,685588.747376913,685589.0,0.0,100724.0,100724.0,False,592110.125,21213.484058812905,93478.622376913
2019-01-12 11:29:00,586629.0,686880.696151099,686881.0,0.0,100252.0,100252.0,False,593564.5,21176.62401461859,93316.19615109907
2019-01-12 11:30:00,667010.0,718329.4699976811,718330.0,0.0,51320.0,51320.0,False,625137.625,21148.404501497283,93191.84499768111
2019-01-12 11:31:00,630921.0,722429.490320315,722430.0,0.0,91509.0,91509.0,False,625941.5625,21896.397985318028,96487.927820315
2019-01-12 11:32:00,621874.0,707294.4814431063,707295.0,0.0,85421.0,85421.0,False,613375.8125,21313.34561624405,93918.66894310627
2019-01-12 11:33:00,624462.0,714383.6667193731,714384.0,0.0,89922.0,89922.0,False,620294.6875,21351.994820080956,94088.9792193731
2019-01-12 11:34:00,611739.0,707688.3345974971,707689.0,0.0,95950.0,95950.0,False,614230.625,21208.738236704234,93457.7095974971
2019-01-12 11:35:00,633526.0,713817.080289131,713818.0,0.0,80292.0,80292.0,False,622870.1875,20638.948364062428,90946.89278913104
2019-01-12 11:36:00,609703.0,733198.3099595302,733199.0,0.0,123496.0,123496.0,False,642348.4375,20616.93114597519,90849.87245953028
2019-01-12 11:37:00,604886.0,703324.9104144078,703325.0,0.0,98439.0,98439.0,False,610805.9375,20995.706902311616,92518.97291440783
2019-01-12 11:38:00,599055.0,694344.9307418311,694345.0,0.0,95290.0,95290.0,False,601908.3125,20977.017821434583,92436.61824183106
2019-01-12 11:39:00,606871.0,697781.6726497541,697782.0,0.0,90911.0,90911.0,False,605412.6875,20961.669568709603,92368.98514975407
2019-01-12 11:40:00,627560.0,739545.4124460281,739546.0,0.0,111986.0,111986.0,False,647460.125,20897.28889468504,92085.28744602806
2019-01-12 11:41:00,601990.0,712186.1602320127,712187.0,0.0,110197.0,110197.0,False,619535.0625,21025.690524671107,92651.09773201271
2019-01-12 11:42:00,597969.0,700118.0242447562,700119.0,0.0,102150.0,102150.0,False,607220.25,21081.66982921913,92897.77424475616
2019-01-12 11:43:00,600061.0,698417.1473443356,698418.0,0.0,98357.0,98357.0,False,607244.8125,20690.108846776697,91172.33484433561
2019-01-12 11:44:00,590787.0,700878.8659411414,700879.0,0.0,110092.0,110092.0,False,609778.625,20673.748284037745,91100.24094114138
2019-01-12 11:45:00,626420.0,723375.7729087361,723376.0,0.0,96956.0,96956.0,False,633381.5,20422.766459226637,89994.2729087361
2019-01-12 11:46:00,610391.0,699425.6119634648,699426.0,0.0,89035.0,89035.0,False,614235.25,19332.595405500895,85190.36196346478
2019-01-12 11:47:00,623041.0,694803.807289376,694804.0,0.0,71763.0,71763.0,False,609710.4375,19310.584576858557,85093.36978937608
2019-01-12 11:48:00,622582.0,704153.8270481598,704154.0,0.0,81572.0,81572.0,False,619838.8125,19133.949255522097,84315.01454815977
2019-01-12 11:49:00,603930.0,704564.6637836824,704565.0,0.0,100635.0,100635.0,False,621005.5625,18962.406783263792,83559.1012836824
2019-01-12 11:50:00,624126.0,721571.4490458666,721572.0,0.0,97446.0,97446.0,False,637715.0625,19029.87093720517,83856.38654586658
2019-01-12 11:51:00,607805.0,704968.6660827621,704969.0,0.0,97164.0,97164.0,False,621229.125,19003.35472092078,83739.54108276202
2019-01-12 11:52:00,621061.0,696062.3633964107,696063.0,0.0,75002.0,75002.0,False,612296.0625,19009.427434294365,83766.30089641067
2019-01-12 11:53:00,601186.0,701417.6663744908,701418.0,0.0,100232.0,100232.0,False,617631.625,19013.907221291847,83786.04137449083
2019-01-12 11:54:00,614788.0,691449.5945863461,691450.0,0.0,76662.0,76662.0,False,607461.9375,19059.6606949813,83987.65708634611
2019-01-12 11:55:00,648044.0,716411.2913814452,716412.0,0.0,68368.0,68368.0,False,632134.8125,19125.204199906617,84276.47888144525
2019-01-12 11:56:00,607104.0,716801.7893347783,716802.0,0.0,109698.0,109698.0,False,632774.6875,19068.612052209228,84027.10183477831
2019-01-12 11:57:00,599038.0,704462.6997565867,704463.0,0.0,105425.0,105425.0,False,620059.1875,19154.032400515254,84403.5122565867
2019-01-12 11:58:00,578714.0,693800.4769625714,693801.0,0.0,115087.0,115087.0,False,609428.0625,19146.97525160961,84372.41446257138
2019-01-12 11:59:00,584432.0,681194.6541554531,681195.0,0.0,96763.0,96763.0,False,596959.8125,19115.755294826733,84234.84165545308
2019-01-12 12:00:00,710456.0,717611.2757785985,717612.0,0.0,7156.0,7156.0,False,633735.875,19034.185914391324,83875.40077859852
2019-01-12 12:01:00,650176.0,755624.4805494384,755625.0,0.0,105449.0,105449.0,False,671366.9375,19120.90701451595,84257.54304943839
2019-01-12 12:02:00,653458.0,734877.0103822286,734878.0,0.0,81420.0,81420.0,False,650105.375,19237.572078988473,84771.63538222869
2019-01-12 12:03:00,633152.0,732351.8069033629,732352.0,0.0,99200.0,99200.0,False,647766.75,19195.23106575468,84585.05690336289
2019-01-12 12:04:00,618287.0,718578.1655733037,718579.0,0.0,100292.0,100292.0,False,633864.375,19224.445121179157,84713.79057330373
2019-01-12 12:05:00,682236.0,734319.4227597164,734320.0,0.0,52084.0,52084.0,False,649477.1875,19253.59359639597,84842.23525971646
2019-01-12 12:06:00,706413.0,802030.8759186454,802031.0,0.0,95618.0,95618.0,False,715182.5,19708.855257359806,86848.37591864535
2019-01-12 12:07:00,710186.0,804098.4352118627,804099.0,0.0,93913.0,93913.0,False,719580.875,19179.91376696749,84517.56021186268
2019-01-12 12:08:00,731428.0,802133.9795173742,802134.0,0.0,70706.0,70706.0,False,719024.125,18860.457386992988,83109.85451737417
2019-01-12 12:09:00,730227.0,808226.3538631867,808227.0,0.0,78000.0,78000.0,False,724927.8125,18903.276860515107,83298.54136318673
2019-01-12 12:10:00,675699.0,804993.5201877827,804994.0,0.0,129295.0,129295.0,False,721625.5625,18919.029789450036,83367.95768778273
2019-01-12 12:11:00,634651.0,744522.6356764439,744523.0,0.0,109872.0,109872.0,False,657925.25,19651.897020637083,86597.3856764439
2019-01-12 12:12:00,612267.0,724443.8535021505,724444.0,0.0,112177.0,112177.0,False,637250.25,19787.19915731396,87193.60350215051
2019-01-12 12:13:00,619758.0,705281.3344044597,705282.0,0.0,85524.0,85524.0,False,618286.1875,19742.162594253514,86995.14690445963
2019-01-12 12:14:00,621463.0,711806.7622104557,711807.0,0.0,90344.0,90344.0,False,625074.3125,19682.547651332916,86732.44971045577
2019-01-12 12:15:00,662960.0,722566.4295484121,722567.0,0.0,59607.0,59607.0,False,635830.0625,19683.436628771557,86736.36704841204
2019-01-12 12:16:00,647567.0,742276.6310498574,742277.0,0.0,94710.0,94710.0,False,657653.1875,19203.9423036054,84623.4435498574
2019-01-12 12:17:00,646980.0,735748.4175809266,735749.0,0.0,88769.0,88769.0,False,651602.5625,19095.561209460837,84145.85508092662
2019-01-12 12:18:00,652729.0,738280.600952775,738281.0,0.0,85552.0,85552.0,False,654208.375,19078.852251876815,84072.225952775
2019-01-12 12:19:00,654293.0,754462.7603397099,754463.0,0.0,100170.0,100170.0,False,670464.125,19062.152034678056,83998.63533970987
2019-01-12 12:20:00,658594.0,772695.1160805812,772696.0,0.0,114102.0,114102.0,False,688592.125,19085.83390748629,84102.99108058117
2019-01-12 12:21:00,621109.0,740700.9831580989,740701.0,0.0,119592.0,119592.0,False,655691.125,19291.63294263697,85009.85815809885
2019-01-12 12:22:00,611693.0,717212.7000163281,717213.0,0.0,105520.0,105520.0,False,630655.4375,19642.79170868595,86557.26251632816
2019-01-12 12:23:00,615396.0,708002.9411568022,708003.0,0.0,92607.0,92607.0,False,621784.6875,19565.859049062965,86218.25365680229
2019-01-12 12:24:00,627098.0,707265.5431967018,707266.0,0.0,80168.0,80168.0,False,621052.9375,19564.57733450074,86212.60569670178
2019-01-12 12:25:00,607715.0,734350.001990108,734351.0,0.0,126636.0,126636.0,False,647870.0,19625.258663165267,86480.0019901081
2019-01-12 12:26:00,598956.0,702469.4727345005,702470.0,0.0,103514.0,103514.0,False,616110.6875,19597.750451690197,86358.78523450052
2019-01-12 12:27:00,602450.0,699825.0553987775,699826.0,0.0,97376.0,97376.0,False,613305.375,19634.26304586138,86519.68039877748
2019-01-12 12:28:00,590159.0,703461.9293573041,703462.0,0.0,113303.0,113303.0,False,616939.1875,19634.95779509922,86522.74185730408
2019-01-12 12:29:00,602459.0,708478.2193698687,708479.0,0.0,106020.0,106020.0,False,621172.5,19812.642067276756,87305.71936986879
2019-01-12 12:30:00,667302.0,731310.9305223835,731311.0,0.0,64009.0,64009.0,False,643729.9375,19875.111037089853,87580.99302238357
2019-01-12 12:31:00,637873.0,723387.8773326562,723388.0,0.0,85515.0,85515.0,False,638518.8125,19259.68214052927,84869.06483265618
2019-01-12 12:32:00,636552.0,718331.5085332327,718332.0,0.0,81780.0,81780.0,False,633658.4375,19215.204470298628,84673.07103323276
2019-01-12 12:33:00,643793.0,723270.5878687148,723271.0,0.0,79478.0,79478.0,False,638871.0625,19153.127639831317,84399.52536871479
2019-01-12 12:34:00,635801.0,725722.3200975001,725723.0,0.0,89922.0,89922.0,False,641289.125,19160.768448357278,84433.19509750014
2019-01-12 12:35:00,638370.0,727940.1378506654,727941.0,0.0,89571.0,89571.0,False,643542.8125,19152.6283807854,84397.32535066533
2019-01-12 12:36:00,644264.0,730225.8867328728,730226.0,0.0,85962.0,85962.0,False,646438.375,19014.24089570107,83787.5117328728
2019-01-12 12:37:00,621809.0,727536.2362102449,727537.0,0.0,105728.0,105728.0,False,644965.4375,18738.127259734167,82570.79871024491
2019-01-12 12:38:00,605102.0,705724.0246658816,705725.0,0.0,100623.0,100623.0,False,622648.0,18852.7802411697,83076.0246658817
2019-01-12 12:39:00,612841.0,703987.0980174635,703988.0,0.0,91147.0,91147.0,False,620745.4375,18890.368658796673,83241.66051746346
2019-01-12 12:40:00,640759.0,737100.9577603281,737101.0,0.0,96342.0,96342.0,False,654015.25,18854.977665184455,83085.70776032803
2019-01-12 12:41:00,619318.0,721095.4296005485,721096.0,0.0,101778.0,101778.0,False,638244.3125,18801.741052416306,82851.1171005485
2019-01-12 12:42:00,622150.0,710299.6788186302,710300.0,0.0,88150.0,88150.0,False,627390.5625,18814.903050923713,82909.11631863017
2019-01-12 12:43:00,637722.0,712380.3469093292,712381.0,0.0,74659.0,74659.0,False,629467.875,18815.664548772016,82912.47190932922
2019-01-12 12:44:00,632725.0,722665.4113714654,722666.0,0.0,89941.0,89941.0,False,639282.25,18922.480023238662,83383.16137146547
2019-01-12 12:45:00,651955.0,734189.1438243132,734190.0,0.0,82235.0,82235.0,False,651081.9375,18859.856421768483,83107.20632431323
2019-01-12 12:46:00,653909.0,731513.3546761813,731514.0,0.0,77605.0,77605.0,False,648288.6875,18886.51229072847,83224.66717618135
2019-01-12 12:47:00,651527.0,740722.8476824184,740723.0,0.0,89196.0,89196.0,False,657217.4375,18950.22244323179,83505.41018241842
2019-01-12 12:48:00,640182.0,735483.158543287,735484.0,0.0,95302.0,95302.0,False,652766.75,18771.171091505545,82716.40854328692
2019-01-12 12:49:00,648749.0,726420.8657127855,726421.0,0.0,77672.0,77672.0,False,643836.375,18741.2344415715,82584.49071278553
2019-01-12 12:50:00,679400.0,749543.2917048602,749544.0,0.0,70144.0,70144.0,False,666874.25,18760.421942167086,82669.04170486014
2019-01-12 12:51:00,659264.0,743589.4470963096,743590.0,0.0,84326.0,84326.0,False,660296.0,18902.120797808573,83293.44709630965
2019-01-12 12:52:00,675013.0,740054.8103411238,740055.0,0.0,65042.0,65042.0,False,656804.0625,18892.43088212331,83250.74784112387
2019-01-12 12:53:00,662687.0,751587.9878335415,751588.0,0.0,88901.0,88901.0,False,667619.0625,19055.4098221142,83968.92533354143
2019-01-12 12:54:00,684138.0,743407.674698925,743408.0,0.0,59270.0,59270.0,False,659647.75,19007.98045785976,83759.92469892498
2019-01-12 12:55:00,670150.0,768127.8262751035,768128.0,0.0,97978.0,97978.0,False,682943.9375,19331.126418532334,85183.88877510355
2019-01-12 12:56:00,648510.0,749776.1687787343,749777.0,0.0,101267.0,101267.0,False,665403.0625,19147.132248265858,84373.10627873431
2019-01-12 12:57:00,636559.0,739441.9103544297,739442.0,0.0,102883.0,102883.0,False,655584.625,19030.074907488866,83857.2853544297
2019-01-12 12:58:00,631408.0,728075.897288997,728076.0,0.0,96668.0,96668.0,False,644327.3125,19005.4070459676,83748.58478899692
2019-01-12 12:59:00,635327.0,724165.4313721085,724166.0,0.0,88839.0,88839.0,False,641528.8125,18753.0640968306,82636.61887210856
2019-01-12 13:00:00,743162.0,749176.363359978,749177.0,0.0,6015.0,6015.0,False,666634.25,18731.617576502475,82542.113359978
2019-01-12 13:01:00,687123.0,772243.0836580507,772244.0,0.0,85121.0,85121.0,False,689762.9375,18717.555107278728,82480.14615805072
2019-01-12 13:02:00,691558.0,763383.4213792018,763384.0,0.0,71826.0,71826.0,False,681382.6875,18608.76012852996,82000.73387920183
2019-01-12 13:03:00,707900.0,770344.6247042835,770345.0,0.0,62445.0,62445.0,False,688024.0625,18681.3400714427,82320.56220428355
2019-01-12 13:04:00,665132.0,773177.3342744078,773178.0,0.0,108046.0,108046.0,False,689856.3125,18908.37843168665,83321.0217744078
2019-01-12 13:05:00,670364.0,773364.8503574592,773365.0,0.0,103001.0,103001.0,False,689492.5,19033.493669912685,83872.3503574592
2019-01-12 13:06:00,701916.0,781463.113085185,781464.0,0.0,79548.0,79548.0,False,700009.1875,18484.670697883637,81453.92558518494
2019-01-12 13:07:00,720580.0,804312.9934414985,804313.0,0.0,83733.0,83733.0,False,722774.1875,18503.93294244586,81538.80594149849
2019-01-12 13:08:00,717152.0,820722.2257170876,820723.0,0.0,103571.0,103571.0,False,739198.0,18500.624192806117,81524.22571708764
2019-01-12 13:09:00,740164.0,800384.3118609193,800385.0,0.0,60221.0,60221.0,False,718954.5625,18479.18428895911,81429.7493609193
2019-01-12 13:10:00,734851.0,844399.4735004596,844400.0,0.0,109549.0,109549.0,False,761782.0,18748.71935975652,82617.47350045962
2019-01-12 13:11:00,727068.0,802196.1537882684,802197.0,0.0,75129.0,75129.0,False,721922.625,18216.798450756392,80273.5287882684
2019-01-12 13:12:00,710610.0,795904.1744095633,795905.0,0.0,85295.0,85295.0,False,716100.0,18110.285952204064,79804.1744095633
2019-01-12 13:13:00,670371.0,789455.0066328235,789456.0,0.0,119085.0,119085.0,False,710497.6875,17918.10563913947,78957.31913282347
2019-01-12 13:14:00,658204.0,751470.8650671359,751471.0,0.0,93267.0,93267.0,False,670068.4375,18472.98404314734,81402.42756713589
2019-01-12 13:15:00,675841.0,750994.5514259371,750995.0,0.0,75154.0,75154.0,False,669508.25,18492.017879134517,81486.30142593705
2019-01-12 13:16:00,654723.0,754778.4863911204,754779.0,0.0,100056.0,100056.0,False,675143.0625,18071.99071055542,79635.42389112034
2019-01-12 13:17:00,649283.0,741610.4928073657,741611.0,0.0,92328.0,92328.0,False,661574.125,18162.978544559384,80036.36780736574
2019-01-12 13:18:00,640966.0,738789.9716918033,738790.0,0.0,97824.0,97824.0,False,658672.25,18181.44051251267,80117.72169180335
2019-01-12 13:19:00,641444.0,737109.0994765043,737110.0,0.0,95666.0,95666.0,False,656758.25,18234.345149088054,80350.84947650423
2019-01-12 13:20:00,653162.0,749316.7047933942,749317.0,0.0,96155.0,96155.0,False,668998.9375,18226.837674692408,80317.76729339421
2019-01-12 13:21:00,636508.0,747294.7791077375,747295.0,0.0,110787.0,110787.0,False,667946.25,18006.884510238197,79348.52910773746
2019-01-12 13:22:00,630465.0,761121.3217719375,761122.0,0.0,130657.0,130657.0,False,682121.3125,17927.7934860775,79000.00927193755
2019-01-12 13:23:00,632271.0,731123.799767039,731124.0,0.0,98853.0,98853.0,False,648308.625,18793.584512455065,82815.17476703905
2019-01-12 13:24:00,632057.0,732328.059582177,732329.0,0.0,100272.0,100272.0,False,649334.9375,18833.966820591424,82993.12208217697
2019-01-12 13:25:00,634516.0,755939.0989802525,755940.0,0.0,121424.0,121424.0,False,673050.375,18810.275334617072,82888.72398025253
2019-01-12 13:26:00,627849.0,731457.6428562333,731458.0,0.0,103609.0,103609.0,False,648774.1875,18763.69289070975,82683.4553562333
2019-01-12 13:27:00,618578.0,727627.067694994,727628.0,0.0,109050.0,109050.0,False,644765.5625,18804.09846494891,82861.50519499402
2019-01-12 13:28:00,628306.0,721773.0594723833,721774.0,0.0,93468.0,93468.0,False,638231.6875,18958.383398525628,83541.37197238336
2019-01-12 13:29:00,631695.0,733186.9642482396,733187.0,0.0,101492.0,101492.0,False,650383.0,18791.04046381812,82803.96424823967
2019-01-12 13:30:00,700249.0,761548.044928123,761549.0,0.0,61300.0,61300.0,False,678745.25,18790.775105247118,82802.79492812307
2019-01-12 13:31:00,662373.0,745834.1005879181,745835.0,0.0,83462.0,83462.0,False,663270.3125,18736.53631068945,82563.78808791812
2019-01-12 13:32:00,652967.0,739723.2057365479,739724.0,0.0,86757.0,86757.0,False,657165.5625,18735.141834569986,82557.64323654794
2019-01-12 13:33:00,652840.0,742703.5893202276,742704.0,0.0,89864.0,89864.0,False,660324.4375,18694.63605133884,82379.15182022765
2019-01-12 13:34:00,649576.0,738132.538945055,738133.0,0.0,88557.0,88557.0,False,656043.75,18628.742822843127,82088.78894505498
2019-01-12 13:35:00,672621.0,750486.3415969413,750487.0,0.0,77866.0,77866.0,False,668402.8125,18627.549184112966,82083.5290969413
2019-01-12 13:36:00,673337.0,763425.7017675873,763426.0,0.0,90089.0,90089.0,False,681091.0625,18684.5346366855,82334.63926758735
2019-01-12 13:37:00,669050.0,764176.3819464184,764177.0,0.0,95127.0,95127.0,False,681891.625,18673.214638615056,82284.75694641838
2019-01-12 13:38:00,659639.0,753339.9198351093,753340.0,0.0,93701.0,93701.0,False,671494.5,18573.514080666922,81845.41983510925
2019-01-12 13:39:00,639379.0,750607.5531557914,750608.0,0.0,111229.0,111229.0,False,668934.125,18534.48330919549,81673.4281557914
2019-01-12 13:40:00,660628.0,769019.1930733342,769020.0,0.0,108392.0,108392.0,False,686362.375,18757.647983737625,82656.81807333417
2019-01-12 13:41:00,622770.0,753450.5240464114,753451.0,0.0,130681.0,130681.0,False,670208.875,18890.366055624163,83241.64904641139
2019-01-12 13:42:00,627915.0,724546.7086417355,724547.0,0.0,96632.0,96632.0,False,638539.9375,19517.866461581325,86006.7711417355
2019-01-12 13:43:00,630397.0,721437.9366465874,721438.0,0.0,91041.0,91041.0,False,635434.6875,19517.067200894464,86003.24914658748
2019-01-12 13:44:00,637742.0,729907.6957214223,729908.0,0.0,92166.0,92166.0,False,644399.5625,19404.708529802734,85508.13322142231
2019-01-12 13:45:00,666238.0,741745.9000799144,741746.0,0.0,75508.0,75508.0,False,656238.4375,19404.556338397095,85507.46257991443
2019-01-12 13:46:00,648877.0,741849.087266098,741850.0,0.0,92973.0,92973.0,False,655868.5,19511.924448163612,85980.58726609805
2019-01-12 13:47:00,647690.0,748805.0445824512,748806.0,0.0,101116.0,101116.0,False,663188.0,19429.424228026186,85617.04458245129
2019-01-12 13:48:00,640007.0,745310.673536524,745311.0,0.0,105304.0,105304.0,False,659616.5625,19446.913231964932,85694.11103652389
2019-01-12 13:49:00,642038.0,738586.1419861371,738587.0,0.0,96549.0,96549.0,False,652694.8125,19491.668817045185,85891.32948613715
2019-01-12 13:50:00,671877.0,771198.5199740591,771199.0,0.0,99322.0,99322.0,False,685658.1875,19412.015637194214,85540.33247405908
2019-01-12 13:51:00,646491.0,746863.087999124,746864.0,0.0,100373.0,100373.0,False,662179.4375,19217.605311531926,84683.65049912399
2019-01-12 13:52:00,637107.0,736482.7280563737,736483.0,0.0,99376.0,99376.0,False,651864.8125,19202.687813555556,84617.91555637364
2019-01-12 13:53:00,624481.0,730810.6213657751,730811.0,0.0,106330.0,106330.0,False,647675.3125,18866.23384582712,83135.30886577515
2019-01-12 13:54:00,604614.0,722837.6749311859,722838.0,0.0,118224.0,118224.0,False,639439.3125,18925.92966156085,83398.36243118592
2019-01-12 13:55:00,649852.0,720378.164740503,720379.0,0.0,70527.0,70527.0,False,638334.125,18618.587703808727,82044.03974050295
2019-01-12 13:56:00,628350.0,728970.0370892925,728971.0,0.0,100621.0,100621.0,False,645910.25,18849.095381857805,83059.7870892925
2019-01-12 13:57:00,614857.0,719082.5294186891,719083.0,0.0,104226.0,104226.0,False,636006.8125,18852.71040284733,83075.7169186891
2019-01-12 13:58:00,619489.0,713049.2540566034,713050.0,0.0,93561.0,93561.0,False,629899.375,18869.54031850515,83149.87905660341
2019-01-12 13:59:00,634144.0,712017.9795388549,712018.0,0.0,77874.0,77874.0,False,628873.4375,18868.32916735583,83144.54203885495
2019-01-12 14:00:00,734824.0,766675.397983719,766676.0,0.0,31852.0,31852.0,False,683061.6875,18974.7994711852,83613.71048371897
2019-01-12 14:01:00,670937.0,761496.1890242083,761497.0,0.0,90560.0,90560.0,False,685437.6875,17260.265166460984,76058.50152420839
2019-01-12 14:02:00,667911.0,744282.2840232998,744283.0,0.0,76372.0,76372.0,False,668367.625,17227.62240256038,75914.65902329984
2019-01-12 14:03:00,659159.0,745557.5125644086,745558.0,0.0,86399.0,86399.0,False,670392.8125,17057.43116509161,75164.70006440862
2019-01-12 14:04:00,649275.0,730684.4578916974,730685.0,0.0,81410.0,81410.0,False,657732.1875,16555.355499020447,72952.27039169744
2019-01-12 14:05:00,656518.0,759470.7306879087,759471.0,0.0,102953.0,102953.0,False,686844.9375,16481.266699014253,72625.79318790873
2019-01-12 14:06:00,768448.0,774534.0917892441,774535.0,0.0,6087.0,6087.0,False,701277.625,16624.388025024993,73256.46678924405
2019-01-12 14:07:00,843623.0,862857.4344414694,862858.0,0.0,19235.0,19235.0,True,777330.5625,19408.960983774497,85526.8719414694
2019-01-12 14:08:00,841915.0,964286.6802390547,964287.0,0.0,122372.0,122372.0,True,868371.9375,21766.322763038475,95914.74273905477
2019-01-12 14:09:00,701544.0,871220.9490842158,871221.0,0.0,169677.0,169677.0,False,775093.375,21814.621446020617,96127.57408421583
2019-01-12 14:10:00,674780.0,781841.7166448972,781842.0,0.0,107062.0,107062.0,False,680918.25,22902.972855111562,100923.4666448972
2019-01-12 14:11:00,625975.0,767605.4477643506,767606.0,0.0,141631.0,141631.0,False,667026.375,22824.818150761384,100579.07276435052
2019-01-12 14:12:00,621827.0,742620.821337604,742621.0,0.0,120794.0,120794.0,False,641100.3125,23038.462068745423,101520.50883760401
2019-01-12 14:13:00,617365.0,725131.4576708968,725132.0,0.0,107767.0,107767.0,False,623598.125,23041.37223340353,101533.33267089681
2019-01-12 14:14:00,620878.0,733672.5641089536,733673.0,0.0,112795.0,112795.0,False,633362.8125,22763.700005334747,100309.7516089536
2019-01-12 14:15:00,651511.0,741061.1243202658,741062.0,0.0,89551.0,89551.0,False,640750.3125,22763.940603400908,100310.81182026584
2019-01-12 14:16:00,637854.0,753908.7740165625,753909.0,0.0,116055.0,116055.0,False,653310.375,22829.20393579747,100598.39901656247
2019-01-12 14:17:00,631059.0,740531.1588587762,740532.0,0.0,109473.0,109473.0,False,640035.0625,22805.98797748592,100496.09635877617
2019-01-12 14:18:00,621756.0,744359.7942209186,744360.0,0.0,122604.0,122604.0,False,643854.8125,22808.004368863654,100504.98172091851
2019-01-12 14:19:00,621798.0,747142.55085283,747143.0,0.0,125345.0,125345.0,False,646518.4375,22835.03939473583,100624.11335283003
2019-01-12 14:20:00,629815.0,761983.9920466581,761984.0,0.0,132169.0,132169.0,False,661105.25,22892.82332008785,100878.74204665805
2019-01-12 14:21:00,605733.0,733522.3396385376,733523.0,0.0,127790.0,127790.0,False,632061.9375,23024.821811004662,101460.40213853763
2019-01-12 14:22:00,627045.0,719146.6511809679,719147.0,0.0,92102.0,92102.0,False,617963.6875,22961.861573173737,101182.96368096788
2019-01-12 14:23:00,636337.0,728137.2810606873,728138.0,0.0,91801.0,91801.0,False,628906.6875,22518.802279290678,99230.59356068722
2019-01-12 14:24:00,605578.0,732604.0284817461,732605.0,0.0,127027.0,127027.0,False,632890.1875,22628.467582462992,99713.84098174608
2019-01-12 14:25:00,595000.0,733473.4946591624,733474.0,0.0,138474.0,138474.0,False,633376.9375,22715.318921541715,100096.55715916232
2019-01-12 14:26:00,588100.0,711999.5035767438,712000.0,0.0,123900.0,123900.0,False,611917.125,22712.101318153207,100082.37857674374
2019-01-12 14:27:00,575571.0,705180.5282498851,705181.0,0.0,129610.0,129610.0,False,604988.375,22737.01293130637,100192.15324988503
2019-01-12 14:28:00,567609.0,692160.5326464474,692161.0,0.0,124552.0,124552.0,False,591789.875,22777.521660196657,100370.6576464474
2019-01-12 14:29:00,562673.0,680411.9436487511,680412.0,0.0,117739.0,117739.0,False,579755.3125,22842.418790450683,100656.63114875107
2019-01-12 14:30:00,651870.0,694237.5208476795,694238.0,0.0,42368.0,42368.0,False,593616.8125,22834.26668306502,100620.70834767945
2019-01-12 14:31:00,619189.0,724212.3951962853,724213.0,0.0,105024.0,105024.0,False,617791.375,24150.555047268972,106421.02019628539
2019-01-12 14:32:00,611441.0,720957.131471665,720958.0,0.0,109517.0,109517.0,False,614462.625,24167.231586692305,106494.50647166504
2019-01-12 14:33:00,615412.0,723451.3923605137,723452.0,0.0,108040.0,108040.0,False,616933.125,24172.623741861025,106518.26736051371
2019-01-12 14:34:00,607293.0,717707.3439707395,717708.0,0.0,110415.0,110415.0,False,611086.0,24196.015336348217,106621.34397073953
2019-01-12 14:35:00,619425.0,732959.8676278724,732960.0,0.0,113535.0,113535.0,False,626298.0,24205.211534716716,106661.86762787236
2019-01-12 14:36:00,600096.0,741042.2297270854,741043.0,0.0,140947.0,140947.0,False,634679.125,24137.412054236003,106363.10472708548
2019-01-12 14:37:00,592262.0,721857.1954606455,721858.0,0.0,129596.0,129596.0,False,614627.4375,24334.085198182398,107229.75796064554
2019-01-12 14:38:00,604236.0,700580.176659624,700581.0,0.0,96345.0,96345.0,False,593155.375,24378.347258253918,107424.80165962393
2019-01-12 14:39:00,605806.0,712751.7183958419,712752.0,0.0,106946.0,106946.0,False,604616.6875,24539.52246813092,108135.03089584186
2019-01-12 14:40:00,656113.0,753056.2287083766,753057.0,0.0,96944.0,96944.0,False,645283.4375,24457.317942217724,107772.79120837664
2019-01-12 14:41:00,614753.0,735177.3256293763,735178.0,0.0,120425.0,120425.0,False,627158.9375,24513.05225061941,108018.3881293763
2019-01-12 14:42:00,591028.0,720730.9425872185,720731.0,0.0,129703.0,129703.0,False,614921.1875,24011.838169364884,105809.75508721844
2019-01-12 14:43:00,587933.0,709944.0120669458,709945.0,0.0,122012.0,122012.0,False,603796.125,24088.571835087932,106147.88706694578
2019-01-12 14:44:00,590113.0,704202.9061909196,704203.0,0.0,114090.0,114090.0,False,598010.9375,24098.575457345905,106191.96869091956
2019-01-12 14:45:00,611133.0,725366.5824959931,725367.0,0.0,114234.0,114234.0,False,619181.9375,24096.913461462544,106184.64499599316
2019-01-12 14:46:00,609086.0,719006.398432558,719007.0,0.0,109921.0,109921.0,False,613392.6875,23967.34907181547,105613.71093255807
2019-01-12 14:47:00,604148.0,715112.2319099654,715113.0,0.0,110965.0,110965.0,False,609466.8125,23974.544805587593,105645.41940996535
2019-01-12 14:48:00,594884.0,710339.865724431,710340.0,0.0,115456.0,115456.0,False,604726.0,23967.38419936492,105613.86572443103
2019-01-12 14:49:00,592428.0,710236.4461794068,710237.0,0.0,117809.0,117809.0,False,604787.1875,23930.029252995377,105449.25867940688
2019-01-12 14:50:00,621215.0,740729.0087161136,740730.0,0.0,119515.0,119515.0,False,635267.5,23932.80920365993,105461.50871611362
2019-01-12 14:51:00,598946.0,721223.7027109748,721224.0,0.0,122278.0,122278.0,False,615758.25,23933.70423045845,105465.45271097482
2019-01-12 14:52:00,583467.0,706277.2306818061,706278.0,0.0,122811.0,122811.0,False,600787.4375,23939.227912524297,105489.79318180609
2019-01-12 14:53:00,585538.0,696205.5620605227,696206.0,0.0,110668.0,110668.0,False,590662.1875,23951.38735277227,105543.37456052276
2019-01-12 14:54:00,582360.0,698395.5856041652,698396.0,0.0,116036.0,116036.0,False,593133.3125,23887.59585572488,105262.27310416516
2019-01-12 14:55:00,586413.0,710584.4958234313,710585.0,0.0,124172.0,124172.0,False,606366.9375,23650.51448050152,104217.55832343131
2019-01-12 14:56:00,577093.0,693747.8154278117,693748.0,0.0,116655.0,116655.0,False,589979.375,23548.59432938035,103768.44042781171
2019-01-12 14:57:00,593357.0,692539.6401918505,692540.0,0.0,99183.0,99183.0,False,588861.5625,23528.087946101656,103678.07769185044
2019-01-12 14:58:00,564427.0,701692.797697884,701693.0,0.0,137266.0,137266.0,False,597978.9375,23536.208215763618,103713.86019788409
2019-01-12 14:59:00,577309.0,693596.9456687173,693597.0,0.0,116288.0,116288.0,False,588932.25,23751.985177278348,104664.69566871725
2019-01-12 15:00:00,684547.0,741114.608804086,741115.0,0.0,56568.0,56568.0,False,636759.125,23681.81447092473,104355.483804086
2019-01-12 15:01:00,616441.0,750501.6468701988,750502.0,0.0,134061.0,134061.0,False,646876.375,23516.10450617351,103625.2718701988
2019-01-12 15:02:00,638624.0,724311.1896604665,724312.0,0.0,85688.0,85688.0,False,620038.9375,23662.92637544134,104272.2521604665
2019-01-12 15:03:00,652970.0,745875.0754555588,745876.0,0.0,92906.0,92906.0,False,640517.1875,23909.29412292491,105357.8879555588
2019-01-12 15:04:00,637666.0,749948.8148010602,749949.0,0.0,112283.0,112283.0,False,643890.8125,24068.173919502973,106058.00230106027
2019-01-12 15:05:00,709512.0,749827.2622270358,749828.0,0.0,40316.0,40316.0,False,643759.125,24070.47387948477,106068.13722703586
2019-01-12 15:06:00,682344.0,828831.422963212,828832.0,0.0,146488.0,146488.0,False,715473.125,25724.85971263811,113358.29796321197
2019-01-12 15:07:00,679076.0,809903.3724030419,809904.0,0.0,130828.0,130828.0,False,703965.375,24040.940719800627,105937.99740304197
2019-01-12 15:08:00,697420.0,780770.9939429215,780771.0,0.0,83351.0,83351.0,False,683651.875,22039.636754536186,97119.11894292154
2019-01-12 15:09:00,693682.0,786487.3239099879,786488.0,0.0,92806.0,92806.0,False,688870.75,22152.526233922068,97616.57390998788
2019-01-12 15:10:00,699265.0,795578.8654613582,795579.0,0.0,96314.0,96314.0,False,704770.375,20607.540160782817,90808.4904613582
2019-01-12 15:11:00,627796.0,785035.6598021372,785036.0,0.0,157240.0,157240.0,False,694221.3125,20608.86927748715,90814.34730213715
2019-01-12 15:12:00,613516.0,731566.5269968327,731567.0,0.0,118051.0,118051.0,False,636760.5625,21514.703205881346,94805.96449683265
2019-01-12 15:13:00,597195.0,715860.2732613259,715861.0,0.0,118666.0,118666.0,False,620886.5,21552.78473147501,94973.77326132591
2019-01-12 15:14:00,623213.0,718406.4142661813,718407.0,0.0,95194.0,95194.0,False,623081.4375,21632.48477157198,95324.97676618132
2019-01-12 15:15:00,662165.0,734323.2335637093,734324.0,0.0,72159.0,72159.0,False,638873.625,21660.767972402857,95449.60856370926
2019-01-12 15:16:00,668258.0,748928.3091854939,748929.0,0.0,80671.0,80671.0,False,652384.375,21909.10773760902,96543.93418549387
2019-01-12 15:17:00,677095.0,758551.8709528497,758552.0,0.0,81457.0,81457.0,False,661096.25,22116.000524581803,97455.6209528498
2019-01-12 15:18:00,649685.0,766416.1228775101,766417.0,0.0,116732.0,116732.0,False,668006.8125,22332.425145448786,98409.31037751016
2019-01-12 15:19:00,634778.0,756972.9066844638,756973.0,0.0,122195.0,122195.0,False,658717.8125,22297.428237389882,98255.0941844639
2019-01-12 15:20:00,658680.0,741042.558715123,741043.0,0.0,82363.0,82363.0,False,642830.0625,22287.761306913428,98212.49621512294
2019-01-12 15:21:00,640343.0,744798.507089369,744799.0,0.0,104456.0,104456.0,False,646640.875,22275.3107676619,98157.63208936897
2019-01-12 15:22:00,635097.0,735722.9210095203,735723.0,0.0,100626.0,100626.0,False,638195.125,22132.379503809276,97527.79600952033
2019-01-12 15:23:00,629153.0,734956.80395692,734957.0,0.0,105804.0,105804.0,False,637823.1875,22042.92673436557,97133.61645691999
2019-01-12 15:24:00,658421.0,735570.2827093077,735571.0,0.0,77150.0,77150.0,False,638778.3125,21965.395561534904,96791.97020930768
2019-01-12 15:25:00,648715.0,754752.080079011,754753.0,0.0,106038.0,106038.0,False,657508.125,22067.966326748105,97243.955079011
2019-01-12 15:26:00,637623.0,746985.5703810939,746986.0,0.0,109363.0,109363.0,False,651480.375,21673.38251500613,95505.19538109389
2019-01-12 15:27:00,606860.0,763498.6439873993,763499.0,0.0,156639.0,156639.0,False,668436.0625,21572.938343500915,95062.58148739935
2019-01-12 15:28:00,613573.0,720130.5954563777,720131.0,0.0,106558.0,106558.0,False,620831.5,22534.34769315408,99299.09545637776
2019-01-12 15:29:00,596745.0,716806.2435312944,716807.0,0.0,120062.0,120062.0,False,618041.0625,22413.184320638728,98765.18103129441
2019-01-12 15:30:00,688453.0,729336.686246949,729337.0,0.0,40884.0,40884.0,False,630389.0,22454.600971681437,98947.68624694896
2019-01-12 15:31:00,643553.0,748087.2308296559,748088.0,0.0,104535.0,104535.0,False,649179.25,22445.590459808474,98907.98082965588
2019-01-12 15:32:00,644997.0,741944.9143594648,741945.0,0.0,96948.0,96948.0,False,643127.5625,22425.02365891292,98817.35185946472
2019-01-12 15:33:00,634958.0,745623.3129303365,745624.0,0.0,110666.0,110666.0,False,646717.9375,22444.99920594181,98905.3754303364
2019-01-12 15:34:00,644087.0,737331.6214573424,737332.0,0.0,93245.0,93245.0,False,638408.75,22448.96965052634,98922.87145734245
2019-01-12 15:35:00,668458.0,757525.7384793498,757526.0,0.0,89068.0,89068.0,False,658384.125,22498.60966745058,99141.61347934976
2019-01-12 15:36:00,652477.0,771742.3593373799,771743.0,0.0,119266.0,119266.0,False,672186.4375,22592.63034859699,99555.92183737991
2019-01-12 15:37:00,638208.0,751807.4369169448,751808.0,0.0,113600.0,113600.0,False,653296.875,22355.4025691967,98510.56191694475
2019-01-12 15:38:00,634125.0,733342.7693632775,733343.0,0.0,99218.0,99218.0,False,635150.0,22283.284612172825,98192.7693632775
2019-01-12 15:39:00,641118.0,735014.9610259801,735015.0,0.0,93897.0,93897.0,False,637242.9375,22187.803047667796,97772.02352598001
2019-01-12 15:40:00,654547.0,775396.05619587,775397.0,0.0,120850.0,120850.0,False,677552.0,22204.149714483923,97844.05619587004
2019-01-12 15:41:00,639479.0,743716.3013502792,743717.0,0.0,104238.0,104238.0,False,645843.75,22210.616235795875,97872.5513502792
2019-01-12 15:42:00,635996.0,741825.4447635682,741826.0,0.0,105830.0,105830.0,False,644019.25,22195.557665626595,97806.19476356823
2019-01-12 15:43:00,634006.0,737468.2629023807,737469.0,0.0,103463.0,103463.0,False,640192.625,22075.15623874512,97275.63790238072
2019-01-12 15:44:00,642541.0,736006.6309773694,736007.0,0.0,93466.0,93466.0,False,638903.5625,22035.994357093125,97103.06847736941
2019-01-12 15:45:00,649700.0,767072.0563705148,767073.0,0.0,117373.0,117373.0,False,669839.8125,22065.308654561395,97232.24387051481
2019-01-12 15:46:00,657249.0,751397.5550388442,751398.0,0.0,94149.0,94149.0,False,653819.9375,22143.685706139026,97577.6175388443
2019-01-12 15:47:00,662157.0,748894.3018100159,748895.0,0.0,86738.0,86738.0,False,651186.0625,22173.328236056845,97708.23931001597
2019-01-12 15:48:00,657394.0,755928.3574339891,755929.0,0.0,98535.0,98535.0,False,657780.875,22273.00746507646,98147.48243398908
2019-01-12 15:49:00,635113.0,754055.3620467229,754056.0,0.0,118943.0,118943.0,False,655907.75,22273.036878621442,98147.61204672295
2019-01-12 15:50:00,652149.0,755559.9873391578,755560.0,0.0,103411.0,103411.0,False,657093.9375,22345.301262303787,98466.04983915789
2019-01-12 15:51:00,637202.0,746412.6127000952,746413.0,0.0,109211.0,109211.0,False,648078.1875,22315.431147495652,98334.42520009514
2019-01-12 15:52:00,661289.0,736129.8315100964,736130.0,0.0,74841.0,74841.0,False,637968.75,22276.093558740256,98161.08151009641
2019-01-12 15:53:00,654077.0,749085.6553334905,749086.0,0.0,95009.0,95009.0,False,649912.6875,22505.725038589204,99172.9678334905
2019-01-12 15:54:00,626137.0,746298.4660912295,746299.0,0.0,120162.0,120162.0,False,647013.5625,22531.127075461685,99284.9035912295
2019-01-12 15:55:00,647452.0,737238.6713810567,737239.0,0.0,89787.0,89787.0,False,637571.0625,22617.975943775527,99667.60888105666
2019-01-12 15:56:00,630124.0,743823.571026012,743824.0,0.0,113700.0,113700.0,False,644254.75,22595.557613948775,99568.82102601191
2019-01-12 15:57:00,633347.0,742342.1654970562,742343.0,0.0,108996.0,108996.0,False,642734.0,22604.48621482112,99608.16549705618
2019-01-12 15:58:00,628085.0,744772.4477219341,744773.0,0.0,116688.0,116688.0,False,645230.125,22589.544246005953,99542.32272193408
2019-01-12 15:59:00,637645.0,728529.7117520457,728530.0,0.0,90885.0,90885.0,False,630139.0,22328.20448371057,98390.71175204565
2019-01-12 16:00:00,749034.0,758794.3258767198,758795.0,0.0,9761.0,9761.0,False,660307.4375,22350.030236406517,98486.88837671984
2019-01-12 16:01:00,678327.0,806793.7124787148,806794.0,0.0,128467.0,128467.0,False,699136.125,24431.174291182273,107657.58747871482
2019-01-12 16:02:00,682825.0,782528.2265751583,782529.0,0.0,99704.0,99704.0,False,675537.0,24279.954300498044,106991.22657515836
2019-01-12 16:03:00,683983.0,785310.6241430494,785311.0,0.0,101328.0,101328.0,False,678854.375,24158.5496954739,106456.2491430493
2019-01-12 16:04:00,667920.0,776168.7015572718,776169.0,0.0,108249.0,108249.0,False,669971.625,24099.73460623666,106197.0765572718
2019-01-12 16:05:00,652288.0,796452.8988555766,796453.0,0.0,144165.0,144165.0,False,690272.0625,24096.04915119879,106180.83635557663
2019-01-12 16:06:00,660875.0,782391.182042437,782392.0,0.0,121517.0,121517.0,False,681920.9375,22800.121319635637,100470.24454243707
2019-01-12 16:07:00,707286.0,786204.9411469323,786205.0,0.0,78919.0,78919.0,False,686619.5,22599.329285601983,99585.44114693228
2019-01-12 16:08:00,729135.0,819904.1273436798,819905.0,0.0,90770.0,90770.0,False,720043.25,22661.83514223905,99860.87734367973
2019-01-12 16:09:00,731134.0,808929.8831759936,808930.0,0.0,77796.0,77796.0,False,709297.5625,22609.9678478437,99632.3206759936
2019-01-12 16:10:00,752858.0,848995.5405206345,848996.0,0.0,96138.0,96138.0,False,748435.4375,22820.5132696486,100560.1030206345
2019-01-12 16:11:00,720984.0,832811.8426265224,832812.0,0.0,111828.0,111828.0,False,732163.4375,22840.55202576184,100648.40512652241
2019-01-12 16:12:00,682955.0,781320.3145950561,781321.0,0.0,98366.0,98366.0,False,687291.625,21338.313050368906,94028.6895950561
2019-01-12 16:13:00,667455.0,755859.6311869279,755860.0,0.0,88405.0,88405.0,False,662591.875,21165.631336489354,93267.75618692795
2019-01-12 16:14:00,671982.0,745331.6040445986,745332.0,0.0,73350.0,73350.0,False,652826.375,20992.587950024033,92505.22904459869
2019-01-12 16:15:00,712220.0,757127.446912416,757128.0,0.0,44908.0,44908.0,False,663893.1875,21158.029777180258,93234.25941241601
2019-01-12 16:16:00,675238.0,792324.048503193,792325.0,0.0,117087.0,117087.0,False,695945.25,21871.632825431698,96378.79850319293
2019-01-12 16:17:00,659700.0,763739.774158627,763740.0,0.0,104040.0,104040.0,False,667197.1875,21908.801937855224,96542.58665862704
2019-01-12 16:18:00,675508.0,754502.5697469737,754503.0,0.0,78995.0,78995.0,False,658420.5625,21804.28077827363,96082.00724697374
2019-01-12 16:19:00,650280.0,761628.9170070215,761629.0,0.0,111349.0,111349.0,False,665443.625,21827.71960904669,96185.29200702148
2019-01-12 16:20:00,660006.0,771398.7776140255,771399.0,0.0,111393.0,111393.0,False,675759.4375,21703.824524967997,95639.34011402554
2019-01-12 16:21:00,653519.0,758048.5040928989,758049.0,0.0,104530.0,104530.0,False,662554.0625,21670.94211410328,95494.44159289892
2019-01-12 16:22:00,640498.0,749535.5878030201,749536.0,0.0,109038.0,109038.0,False,653984.8125,21683.726152113726,95550.77530302014
2019-01-12 16:23:00,638059.0,738949.7927154561,738950.0,0.0,100891.0,100891.0,False,643167.375,21736.293707118362,95782.41771545615
2019-01-12 16:24:00,638232.0,736190.7706692215,736191.0,0.0,97959.0,97959.0,False,640470.125,21722.27552536987,95720.64566922153
2019-01-12 16:25:00,633904.0,769696.3841830598,769697.0,0.0,135793.0,135793.0,False,674764.125,21543.36377280958,94932.25918305981
2019-01-12 16:26:00,605069.0,739597.9571565668,739598.0,0.0,134529.0,134529.0,False,642240.6875,22093.68126481082,97357.26965656676
2019-01-12 16:27:00,604187.0,717406.6070828775,717407.0,0.0,113220.0,113220.0,False,618306.25,22489.24718556291,99100.3570828775
2019-01-12 16:28:00,621131.0,730109.2539288927,730110.0,0.0,108979.0,108979.0,False,636627.625,21214.16634788468,93481.62892889265
2019-01-12 16:29:00,629017.0,717789.71528487,717790.0,0.0,88773.0,88773.0,False,624049.375,21272.876768367038,93740.34028487004
2019-01-12 16:30:00,696602.0,737462.5842231293,737463.0,0.0,40861.0,40861.0,False,644269.75,21148.628990452533,93192.83422312929
2019-01-12 16:31:00,655952.0,744024.9025683815,744025.0,0.0,88073.0,88073.0,False,651977.0625,20888.79080893506,92047.84006838153
2019-01-12 16:32:00,639297.0,743264.0205307367,743265.0,0.0,103968.0,103968.0,False,651178.5625,20897.327606166928,92085.45803073669
2019-01-12 16:33:00,644703.0,735881.3945795837,735882.0,0.0,91179.0,91179.0,False,643649.5625,20930.544864539854,92231.83207958365
2019-01-12 16:34:00,649457.0,729275.6637552583,729276.0,0.0,79819.0,79819.0,False,637195.5,20896.126154694826,92080.16375525825
2019-01-12 16:35:00,648090.0,755931.4422196377,755932.0,0.0,107842.0,107842.0,False,663601.9375,20952.710114091937,92329.50471963773
2019-01-12 16:36:00,648852.0,752761.4398566345,752762.0,0.0,103910.0,103910.0,False,660365.625,20967.75814323861,92395.81485663449
2019-01-12 16:37:00,625270.0,743100.1335104159,743101.0,0.0,117831.0,117831.0,False,651092.3125,20879.709121308348,92007.82101041591
2019-01-12 16:38:00,637216.0,719942.83814142,719943.0,0.0,82727.0,82727.0,False,627246.3125,21035.999664959374,92696.52564142004
2019-01-12 16:39:00,641665.0,727650.8106274836,727651.0,0.0,85986.0,85986.0,False,634700.6875,21093.549574138342,92950.12312748369
2019-01-12 16:40:00,676336.0,767180.4236881529,767181.0,0.0,90845.0,90845.0,False,674150.25,21111.715773526772,93030.17368815288
2019-01-12 16:41:00,643729.0,751132.4282113689,751133.0,0.0,107404.0,107404.0,False,658860.6875,20939.601492704216,92271.74071136887
2019-01-12 16:42:00,659423.0,734346.0367168422,734347.0,0.0,74924.0,74924.0,False,641795.0625,21002.969088058377,92550.97421684218
2019-01-12 16:43:00,673181.0,747428.248515644,747429.0,0.0,74248.0,74248.0,False,654312.5625,21131.121433879252,93115.68601564397
2019-01-12 16:44:00,661137.0,753228.4890178153,753229.0,0.0,92092.0,92092.0,False,659467.9375,21277.463385681152,93760.5515178153
2019-01-12 16:45:00,671467.0,758264.109957281,758265.0,0.0,86798.0,86798.0,False,664527.6875,21271.98767981405,93736.42245728103
2019-01-12 16:46:00,663000.0,750760.5149755493,750761.0,0.0,87761.0,87761.0,False,657578.4375,21146.18791796441,93182.07747554935
2019-01-12 16:47:00,664810.0,747224.7204890418,747225.0,0.0,82415.0,82415.0,False,654008.9375,21153.836847259532,93215.7829890418
2019-01-12 16:48:00,653675.0,749534.1082108998,749535.0,0.0,95860.0,95860.0,False,656325.0,21152.322112701917,93209.10821089975
2019-01-12 16:49:00,659747.0,743461.8057328684,743462.0,0.0,83715.0,83715.0,False,650244.3125,21154.224959848598,93217.49323286844
2019-01-12 16:50:00,657828.0,773524.6838771261,773525.0,0.0,115697.0,115697.0,False,680879.9375,21024.249185868564,92644.74637712605
2019-01-12 16:51:00,638141.0,745284.6497977291,745285.0,0.0,107144.0,107144.0,False,651765.9375,21222.58182763456,93518.71229772911
2019-01-12 16:52:00,632338.0,734925.2918932305,734926.0,0.0,102588.0,102588.0,False,641292.875,21248.385274056327,93632.41689323055
2019-01-12 16:53:00,639072.0,732607.8949738825,732608.0,0.0,93536.0,93536.0,False,639845.6875,21050.905110402062,92762.20747388253
2019-01-12 16:54:00,638970.0,735429.2505640535,735430.0,0.0,96460.0,96460.0,False,642711.625,21040.787956239736,92717.62556405352
2019-01-12 16:55:00,646913.0,739650.8594306384,739651.0,0.0,92738.0,92738.0,False,647624.75,20883.859386909033,92026.10943063837
2019-01-12 16:56:00,633421.0,730621.8314193537,730622.0,0.0,97201.0,97201.0,False,638794.125,20838.83498442975,91827.70641935375
2019-01-12 16:57:00,631879.0,730913.3484105133,730914.0,0.0,99035.0,99035.0,False,639363.875,20775.69443584663,91549.4734105133
2019-01-12 16:58:00,629570.0,724434.6245044692,724435.0,0.0,94865.0,94865.0,False,632937.4375,20763.828869015353,91497.1870044692
2019-01-12 16:59:00,618780.0,733187.2908718602,733188.0,0.0,114408.0,114408.0,False,642165.25,20656.00202418804,91022.04087186026
2019-01-12 17:00:00,756499.0,753369.7642793289,753370.0,3129.0,0.0,31290.0,False,661553.1875,20836.309289942128,91816.57677932888
2019-01-12 17:01:00,666583.0,788175.6439274008,788176.0,0.0,121593.0,121593.0,False,694348.625,21292.54710533619,93827.0189274008
2019-01-12 17:02:00,647910.0,758731.7322945963,758732.0,0.0,110822.0,110822.0,False,664344.875,21419.593503496897,94386.85729459621
2019-01-12 17:03:00,655945.0,748171.3491997116,748172.0,0.0,92227.0,92227.0,False,653505.75,21482.849537981947,94665.59919971162
2019-01-12 17:04:00,639904.0,748642.4662375904,748643.0,0.0,108739.0,108739.0,False,654024.1875,21472.11091300717,94618.2787375904
2019-01-12 17:05:00,649745.0,768501.445877511,768502.0,0.0,118757.0,118757.0,False,673611.0625,21533.86072590036,94890.38337751111
2019-01-12 17:06:00,696810.0,767567.6645561586,767568.0,0.0,70758.0,70758.0,False,674106.4375,21209.536467907757,93461.22705615862
2019-01-12 17:07:00,700756.0,811735.2717800373,811736.0,0.0,110980.0,110980.0,False,717999.625,21271.811652221593,93735.64678003738
2019-01-12 17:08:00,716194.0,795812.7787576395,795813.0,0.0,79619.0,79619.0,False,702424.375,21193.01038052044,93388.40375763945
2019-01-12 17:09:00,700647.0,801723.6529812235,801724.0,0.0,101077.0,101077.0,False,708130.5,21239.47495477403,93593.15298122352
2019-01-12 17:10:00,718574.0,809339.7509122001,809340.0,0.0,90766.0,90766.0,False,716622.125,21040.788035246056,92717.6259122001
2019-01-12 17:11:00,709709.0,794001.1713003593,794002.0,0.0,84293.0,84293.0,False,701325.5625,21031.252921125113,92675.60880035929
2019-01-12 17:12:00,680653.0,780134.3421651964,780135.0,0.0,99482.0,99482.0,False,687448.9375,21033.475936583414,92685.40466519642
2019-01-12 17:13:00,658894.0,761324.3091620356,761325.0,0.0,102431.0,102431.0,False,668603.125,21041.59552335662,92721.18416203554
2019-01-12 17:14:00,646066.0,741213.98163456,741214.0,0.0,95148.0,95148.0,False,648447.9375,21051.77577941764,92766.04413456008
2019-01-12 17:15:00,666224.0,744304.7852827602,744305.0,0.0,78081.0,78081.0,False,652310.5,20876.63740356638,91994.28528276015
2019-01-12 17:16:00,640365.0,745906.6197470644,745907.0,0.0,105542.0,105542.0,False,658052.4375,19937.106979214892,87854.18224706445
2019-01-12 17:17:00,645604.0,730251.7674101756,730252.0,0.0,84648.0,84648.0,False,642582.75,19895.086769505808,87669.01741017561
2019-01-12 17:18:00,615720.0,736099.5126481963,736100.0,0.0,120380.0,120380.0,False,648422.0,19897.01462842955,87677.51264819634
2019-01-12 17:19:00,617895.0,715313.8148640802,715314.0,0.0,97419.0,97419.0,False,626717.9375,20105.422869428512,88595.8773640802
2019-01-12 17:20:00,646781.0,731530.2231876687,731531.0,0.0,84750.0,84750.0,False,643139.5,20058.866397582417,88390.72318766877
2019-01-12 17:21:00,629533.0,738823.4541260795,738824.0,0.0,109291.0,109291.0,False,650654.875,20008.45434197591,88168.57912607948
2019-01-12 17:22:00,622610.0,740039.6554708048,740040.0,0.0,117430.0,117430.0,False,651331.125,20130.987697224555,88708.53047080475
2019-01-12 17:23:00,608298.0,716175.2332094236,716176.0,0.0,107878.0,107878.0,False,626471.5625,20356.81891993026,89703.67070942356
2019-01-12 17:24:00,611728.0,709422.242800714,709423.0,0.0,97695.0,97695.0,False,619327.875,20445.481400261808,90094.36780071394
2019-01-12 17:25:00,608834.0,726254.6787035457,726255.0,0.0,117421.0,117421.0,False,636132.75,20451.73590806265,90121.92870354571
2019-01-12 17:26:00,621285.0,702797.3568551694,702798.0,0.0,81513.0,81513.0,False,614181.125,20110.041996896012,88616.23185516936
2019-01-12 17:27:00,607451.0,717762.8350115988,717763.0,0.0,110312.0,110312.0,False,631124.625,19661.161453092314,86638.21001159874
2019-01-12 17:28:00,622789.0,693034.9902878766,693035.0,0.0,70246.0,70246.0,False,605818.8125,19792.32203180881,87216.17778787654
2019-01-12 17:29:00,614786.0,707180.1244716444,707181.0,0.0,92395.0,92395.0,False,619580.0,19879.452614699778,87600.12447164446
2019-01-12 17:30:00,702669.0,732664.2231698716,732665.0,0.0,29996.0,29996.0,False,645149.0625,19860.171433520012,87515.16066987164
2019-01-12 17:31:00,673537.0,741749.5529703792,741750.0,0.0,68213.0,68213.0,False,653143.25,20107.788794678636,88606.30297037924
2019-01-12 17:32:00,687321.0,736391.3045037892,736392.0,0.0,49071.0,49071.0,False,646930.9375,20301.6050202205,89460.36700378916
2019-01-12 17:33:00,688021.0,764306.503562828,764307.0,0.0,76286.0,76286.0,False,671905.25,20968.992370960434,92401.25356282796
2019-01-12 17:34:00,667514.0,749649.0576821382,749650.0,0.0,82136.0,82136.0,False,656743.9375,21083.33687267344,92905.12018213823
2019-01-12 17:35:00,671905.0,753976.9503636132,753977.0,0.0,82072.0,82072.0,False,661136.25,21068.717821187613,92840.7003636132
2019-01-12 17:36:00,669108.0,759430.5718964393,759431.0,0.0,90323.0,90323.0,False,666745.625,21033.37205325709,92684.94689643926
2019-01-12 17:37:00,664197.0,748163.1616820727,748164.0,0.0,83967.0,83967.0,False,655683.75,20986.729110917717,92479.41168207266
2019-01-12 17:38:00,676038.0,748799.436977441,748800.0,0.0,72762.0,72762.0,False,657373.5625,20747.645627148482,91425.87447744094
2019-01-12 17:39:00,670373.0,753866.5966635183,753867.0,0.0,83494.0,83494.0,False,662014.0625,20844.46924541541,91852.53416351833
2019-01-12 17:40:00,711355.0,782216.6875808088,782217.0,0.0,70862.0,70862.0,False,690329.0,20852.446753409662,91887.68758080876
2019-01-12 17:41:00,693984.0,772957.4349654804,772958.0,0.0,78974.0,78974.0,False,680347.25,21016.406024123622,92610.18496548032
2019-01-12 17:42:00,695309.0,774339.318843206,774340.0,0.0,79031.0,79031.0,False,681912.1875,20974.864920935703,92427.13134320603
2019-01-12 17:43:00,700454.0,785169.9769804815,785170.0,0.0,84716.0,84716.0,False,692954.0,20926.94680240007,92215.97698048154
2019-01-12 17:44:00,718516.0,775497.1787990974,775498.0,0.0,56982.0,56982.0,False,683762.75,20817.667114599855,91734.42879909738
2019-01-12 17:45:00,754549.0,796318.698006317,796319.0,0.0,41770.0,41770.0,False,702634.3125,21260.178722838897,93684.38550631696
2019-01-12 17:46:00,744787.0,806521.4117771256,806522.0,0.0,61735.0,61735.0,False,708665.1875,22206.911066664536,97856.2242771256
2019-01-12 17:47:00,739769.0,817263.0971827834,817264.0,0.0,77495.0,77495.0,False,717579.75,22621.547500611774,99683.3471827834
2019-01-12 17:48:00,736073.0,817022.8200096202,817023.0,0.0,80950.0,80950.0,False,716840.25,22734.838167607235,100182.57000962018
2019-01-12 17:49:00,714528.0,809030.0405661718,809031.0,0.0,94503.0,94503.0,False,708490.75,22815.790214689692,100539.29056617181
2019-01-12 17:50:00,729903.0,805751.9156128782,805752.0,0.0,75849.0,75849.0,False,705261.5,22804.698822709288,100490.41561287815
2019-01-12 17:51:00,718788.0,807262.4600127621,807263.0,0.0,88475.0,88475.0,False,707228.25,22701.170229973068,100034.21001276212
2019-01-12 17:52:00,715090.0,802277.103534259,802278.0,0.0,87188.0,87188.0,False,702683.6875,22601.139059225883,99593.416034259
2019-01-12 17:53:00,697832.0,801476.9705551913,801477.0,0.0,103645.0,103645.0,False,702093.9375,22553.395993921557,99383.03305519125
2019-01-12 17:54:00,703576.0,789338.9710568335,789339.0,0.0,85763.0,85763.0,False,689871.6875,22572.515303000906,99467.28355683356
2019-01-12 17:55:00,717529.0,806323.6666681634,806324.0,0.0,88795.0,88795.0,False,706858.5,22572.03490884321,99465.16666816335
2019-01-12 17:56:00,745009.0,809584.9401031493,809585.0,0.0,64576.0,64576.0,False,710130.125,22569.68578608308,99454.81510314922
2019-01-12 17:57:00,728822.0,830948.8699955876,830949.0,0.0,102127.0,102127.0,False,730313.875,22837.508810194697,100634.99499558758
2019-01-12 17:58:00,699675.0,818255.9619687006,818256.0,0.0,118581.0,118581.0,False,717824.75,22791.263498888213,100431.21196870069
2019-01-12 17:59:00,675422.0,796657.352497643,796658.0,0.0,121236.0,121236.0,False,695430.9375,22971.722157232245,101226.41499764295
2019-01-12 18:00:00,792925.0,792033.0765284754,792034.0,891.0,0.0,8910.0,True,691105.0625,22904.004811366285,100928.01402847536
2019-01-12 18:01:00,738043.0,848171.816015582,848172.0,0.0,110129.0,110129.0,False,745227.4375,23361.586607250316,102944.378515582
2019-01-12 18:02:00,743929.0,811490.3955415569,811491.0,0.0,67562.0,67562.0,False,710090.75,23011.03406928633,101399.64554155689
2019-01-12 18:03:00,750933.0,827770.0754013784,827771.0,0.0,76838.0,76838.0,False,726067.5,23079.77917473249,101702.57540137845
2019-01-12 18:04:00,729648.0,827040.7261919129,827041.0,0.0,97393.0,97393.0,False,724894.125,23180.543753731356,102146.60119191285
2019-01-12 18:05:00,720618.0,833218.3587865153,833219.0,0.0,112601.0,112601.0,False,731818.625,23011.054095073734,101399.73378651531
2019-01-12 18:06:00,760650.0,819336.0004876791,819337.0,0.0,58687.0,58687.0,False,718974.6875,22775.401038767137,100361.3129876792
2019-01-12 18:07:00,788516.0,863665.5143374256,863666.0,0.0,75150.0,75150.0,True,761852.4375,23104.855715148442,101813.0768374256
2019-01-12 18:08:00,799435.0,891544.1656177032,891545.0,0.0,92110.0,92110.0,True,790305.125,22974.587340555132,101239.0406177032
2019-01-12 18:09:00,795642.0,877436.2560587433,877437.0,0.0,81795.0,81795.0,True,776231.5,22966.80700611647,101204.75605874337
2019-01-12 18:10:00,811903.0,893325.2691009518,893326.0,0.0,81423.0,81423.0,True,792409.9375,22901.126736494665,100915.33160095187
2019-01-12 18:11:00,813572.0,888705.9635906762,888706.0,0.0,75134.0,75134.0,True,787732.8125,22914.247948514785,100973.15109067623
2019-01-12 18:12:00,794668.0,881537.2628856465,881538.0,0.0,86870.0,86870.0,True,780166.25,23004.536344199347,101371.01288564659
2019-01-12 18:13:00,774650.0,873983.7777699921,873984.0,0.0,99334.0,99334.0,False,773052.6875,22904.702915368216,100931.0902699921
2019-01-12 18:14:00,774968.0,849405.3746910916,849406.0,0.0,74438.0,74438.0,False,749006.3125,22783.967619066025,100399.06219109157
2019-01-12 18:15:00,788938.0,859175.698549999,859176.0,0.0,70238.0,70238.0,True,758696.375,22802.18165575622,100479.32354999903
2019-01-12 18:16:00,777432.0,873079.2187922003,873080.0,0.0,95648.0,95648.0,False,772033.8125,22930.645115339925,101045.40629220035
2019-01-12 18:17:00,755709.0,865146.2476837449,865147.0,0.0,109438.0,109438.0,False,765422.375,22630.74411740781,99723.87268374488
2019-01-12 18:18:00,742403.0,845572.0517715855,845573.0,0.0,103170.0,103170.0,False,745228.375,22771.398780502634,100343.67677158545
2019-01-12 18:19:00,738768.0,826269.2140759844,826270.0,0.0,87502.0,87502.0,False,728819.9375,22114.56076933002,97449.27657598442
2019-01-12 18:20:00,765903.0,828869.2493210998,828870.0,0.0,62967.0,62967.0,False,732151.0625,21948.65159708876,96718.18682109978
2019-01-12 18:21:00,730290.0,848097.6442892005,848098.0,0.0,117808.0,117808.0,False,750772.5,22086.390924504358,97325.14428920053
2019-01-12 18:22:00,712827.0,819614.6933186374,819615.0,0.0,106788.0,106788.0,False,722361.25,22070.119531565888,97253.44331863744
2019-01-12 18:23:00,709646.0,799262.4611606667,799263.0,0.0,89617.0,89617.0,False,704087.3125,21598.483670067915,95175.14866066666
2019-01-12 18:24:00,700748.0,787530.2773081034,787531.0,0.0,86783.0,86783.0,False,693961.6875,21233.900733971786,93568.58980810337
2019-01-12 18:25:00,721462.0,795295.3571806457,795296.0,0.0,73834.0,73834.0,False,702433.875,21073.43392346984,92861.48218064565
2019-01-12 18:26:00,695482.0,796742.847432087,796743.0,0.0,101261.0,101261.0,False,706899.8125,20388.445409930475,89843.03493208688
2019-01-12 18:27:00,684960.0,778406.0330185906,778407.0,0.0,93447.0,93447.0,False,687459.25,20638.92345338714,90946.78301859066
2019-01-12 18:28:00,696422.0,763453.2264031793,763454.0,0.0,67032.0,67032.0,False,674610.125,20161.52642635983,88843.1014031793
2019-01-12 18:29:00,740045.0,770334.0108822472,770335.0,0.0,30290.0,30290.0,False,681408.6875,20180.18539455909,88925.32338224722
2019-01-12 18:30:00,782824.0,834358.0207050703,834359.0,0.0,51535.0,51535.0,False,742788.375,20780.272216713893,91569.64570507032
2019-01-12 18:31:00,758608.0,829151.2073376076,829152.0,0.0,70544.0,70544.0,False,739650.25,20310.81634980051,89500.95733760757
2019-01-12 18:32:00,735260.0,819491.256704003,819492.0,0.0,84232.0,84232.0,False,730011.875,20305.92010349421,89479.38170400292
2019-01-12 18:33:00,715569.0,806582.7116668099,806583.0,0.0,91014.0,91014.0,False,718074.9375,20085.42925245704,88507.77416680986
2019-01-12 18:34:00,711777.0,785719.1017631316,785720.0,0.0,73943.0,73943.0,False,696670.75,20208.104725528145,89048.3517631316
2019-01-12 18:35:00,718313.0,789107.4456384083,789108.0,0.0,70795.0,70795.0,False,700086.0625,20201.98462580792,89021.3831384083
2019-01-12 18:36:00,708389.0,788953.301608582,788954.0,0.0,80565.0,80565.0,False,699938.6875,20200.44850233216,89014.61410858197
2019-01-12 18:37:00,706808.0,787267.1129118818,787268.0,0.0,80460.0,80460.0,False,698462.0,20152.905543487715,88805.1129118818
2019-01-12 18:38:00,702310.0,785104.4374712928,785105.0,0.0,82795.0,82795.0,False,696295.375,20153.801833072168,88809.06247129284
2019-01-12 18:39:00,711484.0,782458.6074085817,782459.0,0.0,70975.0,70975.0,False,693536.0625,20179.55486422697,88922.54490858162
2019-01-12 18:40:00,721286.0,805413.1026011611,805414.0,0.0,84128.0,84128.0,False,716547.25,20166.689448272573,88865.85260116107
2019-01-12 18:41:00,709949.0,804045.7524086629,804046.0,0.0,94097.0,94097.0,False,715070.875,20191.430891365635,88974.87740866296
2019-01-12 18:42:00,729117.0,799077.6826809149,799078.0,0.0,69961.0,69961.0,False,709411.4375,20348.325792494023,89666.24518091489
2019-01-12 18:43:00,696096.0,799168.5284950847,799169.0,0.0,103073.0,103073.0,False,709451.625,20359.821889812985,89716.9034950847
2019-01-12 18:44:00,704925.0,781082.4154098247,781083.0,0.0,76158.0,76158.0,False,690085.75,20650.243467357737,90996.66540982472
2019-01-12 18:45:00,729819.0,791511.3191784754,791512.0,0.0,61693.0,61693.0,False,701292.1875,20473.794574597403,90219.13167847542
2019-01-12 18:46:00,720476.0,796377.391234214,796378.0,0.0,75902.0,75902.0,False,708428.25,19958.656408473857,87949.14123421394
2019-01-12 18:47:00,715352.0,798807.4139109444,798808.0,0.0,83456.0,83456.0,False,711836.0625,19736.762586107037,86971.35141094441
2019-01-12 18:48:00,738572.0,785219.251265828,785220.0,0.0,46648.0,46648.0,False,698254.875,19735.179688050022,86964.37626582809
2019-01-12 18:49:00,723139.0,804289.1364219687,804290.0,0.0,81151.0,81151.0,False,716000.75,20035.64269902322,88288.38642196865
2019-01-12 18:50:00,734593.0,802329.8017066092,802330.0,0.0,67737.0,67737.0,False,714067.125,20029.808288726348,88262.67670660924
2019-01-12 18:51:00,716241.0,805786.9070185851,805787.0,0.0,89546.0,89546.0,False,717670.0,19996.728180413567,88116.90701858512
2019-01-12 18:52:00,720816.0,795656.0525196522,795657.0,0.0,74841.0,74841.0,False,707171.4375,20080.17365297823,88484.61501965222
2019-01-12 18:53:00,704397.0,792471.2518853092,792472.0,0.0,88075.0,88075.0,False,703985.125,20080.51674680223,88486.12688530922
2019-01-12 18:54:00,702887.0,780201.4457459941,780202.0,0.0,77315.0,77315.0,False,691966.375,20023.54355577942,88235.07074599406
2019-01-12 18:55:00,722525.0,787120.605489234,787121.0,0.0,64596.0,64596.0,False,698881.0,20024.572643510768,88239.60548923402
2019-01-12 18:56:00,731342.0,790511.4673543974,790512.0,0.0,59170.0,59170.0,False,702066.75,20071.11951349322,88444.7173543974
2019-01-12 18:57:00,706882.0,800151.5615592748,800152.0,0.0,93270.0,93270.0,False,712100.875,19981.700502189105,88050.68655927482
2019-01-12 18:58:00,707409.0,786951.3094065804,786952.0,0.0,79543.0,79543.0,False,698679.25,20031.937543000815,88272.05940658042
2019-01-12 18:59:00,701478.0,781233.7242719231,781234.0,0.0,79756.0,79756.0,False,694726.375,19631.464693079724,86507.34927192304
2019-01-12 19:00:00,794618.0,796326.6816852042,796327.0,0.0,1709.0,1709.0,True,711854.9375,19169.516549652486,84471.7441852041
2019-01-12 19:01:00,750292.0,815264.9064456895,815265.0,0.0,64973.0,64973.0,False,736754.0,17816.799391985078,78510.90644568953
2019-01-12 19:02:00,732565.0,797749.2910853584,797750.0,0.0,65185.0,65185.0,False,720128.9375,17614.70260850882,77620.35358535833
2019-01-12 19:03:00,721966.0,795108.5221609813,795109.0,0.0,73143.0,73143.0,False,718349.5625,17419.22298099086,76758.95966098129
2019-01-12 19:04:00,735159.0,785755.1014081853,785756.0,0.0,50597.0,50597.0,False,709091.0625,17397.682228409285,76664.03890818532
2019-01-12 19:05:00,758381.0,813181.576878386,813182.0,0.0,54801.0,54801.0,False,736317.3125,17443.120208904365,76864.26437838595
2019-01-12 19:06:00,781880.0,822768.743558971,822769.0,0.0,40889.0,40889.0,False,747062.5,17180.325833379844,75706.24355897095
2019-01-12 19:07:00,789930.0,845090.3534515671,845091.0,0.0,55161.0,55161.0,True,770102.5,17017.298643805163,74987.85345156708
2019-01-12 19:08:00,778645.0,869770.112889401,869771.0,0.0,91126.0,91126.0,False,795063.125,16953.560679186307,74706.98788940102
2019-01-12 19:09:00,800593.0,843460.6622673166,843461.0,0.0,42868.0,42868.0,True,766882.625,17378.165526181427,76578.0372673166
2019-01-12 19:10:00,817910.0,874845.2370565799,874846.0,0.0,56936.0,56936.0,True,797474.75,17557.99938064459,77370.48705657989
2019-01-12 19:11:00,782527.0,871331.1814483291,871332.0,0.0,88805.0,88805.0,False,793935.25,17563.773579975226,77395.93144832908
2019-01-12 19:12:00,725682.0,840027.5737867986,840028.0,0.0,114346.0,114346.0,False,761704.4375,17774.18794595528,78323.13628679859
2019-01-12 19:13:00,722513.0,792255.3212709753,792256.0,0.0,69743.0,69743.0,False,709223.4375,18842.763168317855,83031.88377097526
2019-01-12 19:14:00,687351.0,789599.7748983447,789600.0,0.0,102249.0,102249.0,False,706782.625,18794.03273703732,82817.1498983446
2019-01-12 19:15:00,739400.0,775525.1561932695,775526.0,0.0,36126.0,36126.0,False,691195.6875,19137.22939347314,84329.46869326953
2019-01-12 19:16:00,745234.0,814685.0770157642,814686.0,0.0,69452.0,69452.0,False,728475.125,19563.975123890075,86209.95201576423
2019-01-12 19:17:00,719114.0,810692.8353271092,810693.0,0.0,91579.0,91579.0,False,724517.25,19556.176151425574,86175.58532710923
2019-01-12 19:18:00,704197.0,794383.0543415886,794384.0,0.0,90187.0,90187.0,False,708524.875,19484.145919883824,85858.17934158863
2019-01-12 19:19:00,709966.0,776157.0052527109,776158.0,0.0,66192.0,66192.0,False,690210.4375,19504.20426159499,85946.56775271086
2019-01-12 19:20:00,731493.0,800969.421984601,800970.0,0.0,69477.0,69477.0,False,714921.5625,19527.190806380335,86047.85948460092
2019-01-12 19:21:00,719366.0,809406.773045414,809407.0,0.0,90041.0,90041.0,False,724210.625,19333.908464616143,85196.148045414
2019-01-12 19:22:00,706146.0,787506.1183430617,787507.0,0.0,81361.0,81361.0,False,703789.875,18998.06767007244,83716.24334306168
2019-01-12 19:23:00,710692.0,778391.0394054276,778392.0,0.0,67700.0,67700.0,False,695406.625,18831.990752082773,82984.41440542764
2019-01-12 19:24:00,700719.0,774272.5436547273,774273.0,0.0,73554.0,73554.0,False,691364.8125,18814.5887100442,82907.73115472725
2019-01-12 19:25:00,709452.0,780411.6145087653,780412.0,0.0,70960.0,70960.0,False,697548.75,18804.406939552886,82862.8645087653
2019-01-12 19:26:00,686168.0,785705.8704255864,785706.0,0.0,99538.0,99538.0,False,702925.375,18785.714588419283,82780.4954255864
2019-01-12 19:27:00,704416.0,761641.1575694234,761642.0,0.0,57226.0,57226.0,False,678309.5,18910.792055917296,83331.6575694234
2019-01-12 19:28:00,701580.0,767446.7064575884,767447.0,0.0,65867.0,65867.0,False,684203.25,18890.776218795316,83243.4564575883
2019-01-12 19:29:00,685727.0,767261.4467083139,767262.0,0.0,81535.0,81535.0,False,684135.25,18864.165986865028,83126.19670831387
2019-01-12 19:30:00,753765.0,777882.5909591562,777883.0,0.0,24118.0,24118.0,False,698814.8125,17943.17262342661,79067.77845915615
2019-01-12 19:31:00,706952.0,793022.1982168482,793023.0,0.0,86071.0,86071.0,False,711812.75,18429.19045412222,81209.44821684818
2019-01-12 19:32:00,709788.0,770708.3420785854,770709.0,0.0,60921.0,60921.0,False,689043.375,18532.563202524405,81664.96707858541
2019-01-12 19:33:00,724936.0,778517.7332151105,778518.0,0.0,53582.0,53582.0,False,696778.8125,18549.34580211376,81738.9207151105
2019-01-12 19:34:00,698499.0,782629.4070257479,782630.0,0.0,84131.0,84131.0,False,700811.6875,18567.227936775205,81817.71952574792
2019-01-12 19:35:00,708781.0,779533.594829332,779534.0,0.0,70753.0,70753.0,False,697311.0625,18659.093753122048,82222.53232933195
2019-01-12 19:36:00,692993.0,770758.5704158423,770759.0,0.0,77766.0,77766.0,False,688609.5625,18642.408558862262,82149.00791584232
2019-01-12 19:37:00,694505.0,764962.8295806192,764963.0,0.0,70458.0,70458.0,False,682724.5,18662.678687621894,82238.32958061929
2019-01-12 19:38:00,673462.0,762636.2882891906,762637.0,0.0,89175.0,89175.0,False,680424.0,18656.76903141872,82212.28828919059
2019-01-12 19:39:00,686094.0,748703.9746749405,748704.0,0.0,62610.0,62610.0,False,665861.5,18799.779791614594,82842.47467494043
2019-01-12 19:40:00,715967.0,784966.9501134057,784967.0,0.0,69000.0,69000.0,False,702059.625,18814.496565435275,82907.32511340569
2019-01-12 19:41:00,691778.0,770046.8912062008,770047.0,0.0,78269.0,78269.0,False,687232.4375,18793.420879185673,82814.45370620079
2019-01-12 19:42:00,670199.0,766848.8646914267,766849.0,0.0,96650.0,96650.0,False,684502.75,18687.138801300847,82346.11469142674
2019-01-12 19:43:00,700392.0,754319.1348149874,754320.0,0.0,53928.0,53928.0,False,670756.375,18963.237028656196,83562.75981498737
2019-01-12 19:44:00,704464.0,769203.5355750201,769204.0,0.0,64740.0,64740.0,False,686276.8125,18818.898623777797,82926.72307502016
2019-01-12 19:45:00,749977.0,782376.1527656458,782377.0,0.0,32400.0,32400.0,False,699394.8125,18831.293125036078,82981.34026564575
2019-01-12 19:46:00,700435.0,792144.8577297822,792145.0,0.0,91710.0,91710.0,False,706871.75,19351.373238871514,85273.10772978219
2019-01-12 19:47:00,708932.0,771305.5379408048,771306.0,0.0,62374.0,62374.0,False,685349.9375,19506.25408625027,85955.60044080483
2019-01-12 19:48:00,731619.0,777309.9294308092,777310.0,0.0,45691.0,45691.0,False,691281.625,19522.753098470956,86028.3044308092
2019-01-12 19:49:00,691581.0,787522.5924228408,787523.0,0.0,95942.0,95942.0,False,701492.1875,19523.229771672748,86030.40492284078
2019-01-12 19:50:00,696708.0,771310.0072579448,771311.0,0.0,74603.0,74603.0,False,684386.4375,19725.919301210048,86923.5697579448
2019-01-12 19:51:00,680464.0,764653.676640835,764654.0,0.0,84190.0,84190.0,False,677853.0625,19698.016482820374,86800.61414083502
2019-01-12 19:52:00,679730.0,756008.3104312499,756009.0,0.0,76279.0,76279.0,False,669385.25,19657.72349719335,86623.0604312499
2019-01-12 19:53:00,678689.0,754532.2217784359,754533.0,0.0,75844.0,75844.0,False,667904.5,19658.78131567322,86627.72177843591
2019-01-12 19:54:00,695001.0,751414.386206481,751415.0,0.0,56414.0,56414.0,False,665051.875,19598.596001669455,86362.51120648102
2019-01-12 19:55:00,686007.0,796062.1447330415,796063.0,0.0,110056.0,110056.0,False,709148.1875,19723.737891828787,86913.95723304154
2019-01-12 19:56:00,665229.0,759028.2187179532,759029.0,0.0,93800.0,93800.0,False,670015.3125,20200.06092376387,89012.90621795325
2019-01-12 19:57:00,658685.0,751525.8376557297,751526.0,0.0,92841.0,92841.0,False,662571.5,20186.76972167419,88954.33765572972
2019-01-12 19:58:00,667085.0,761689.4324477398,761690.0,0.0,94605.0,94605.0,False,672812.9375,20169.10455927607,88876.49494773972
2019-01-12 19:59:00,667576.0,755435.5725865912,755436.0,0.0,87860.0,87860.0,False,666040.0,20286.900959533912,89395.57258659121
2019-01-12 20:00:00,796571.0,772693.1264021418,772694.0,23877.0,0.0,238770.0,True,683163.9375,20317.223053589812,89529.18890214174
2019-01-12 20:01:00,738572.0,822009.9815575305,822010.0,0.0,83438.0,83438.0,False,723348.4375,22389.66556057421,98661.54405753051
2019-01-12 20:02:00,703626.0,803266.7016196086,803267.0,0.0,99641.0,99641.0,False,704590.375,22393.02022752391,98676.32661960858
2019-01-12 20:03:00,701737.0,790181.9392834338,790182.0,0.0,88445.0,88445.0,False,691247.8125,22451.523867464355,98934.1267834339
2019-01-12 20:04:00,685672.0,778203.2339217819,778204.0,0.0,92532.0,92532.0,False,679370.375,22428.542739649238,98832.85892178188
2019-01-12 20:05:00,693960.0,814465.3207243115,814466.0,0.0,120506.0,120506.0,False,715939.5625,22358.85112904793,98525.75822431149
2019-01-12 20:06:00,725485.0,826707.8657638715,826708.0,0.0,101223.0,101223.0,False,726621.375,22713.034513506987,100086.49076387142
2019-01-12 20:07:00,745277.0,847657.6028061253,847658.0,0.0,102381.0,102381.0,False,748340.375,22538.46254104698,99317.22780612535
2019-01-12 20:08:00,776750.0,853875.2353383515,853876.0,0.0,77126.0,77126.0,False,754455.375,22561.75335910713,99419.86033835144
2019-01-12 20:09:00,751047.0,854796.6670859361,854797.0,0.0,103750.0,103750.0,False,756256.8125,22362.05007373718,98539.8545859361
2019-01-12 20:10:00,761033.0,845879.0827907925,845880.0,0.0,84847.0,84847.0,False,747898.3125,22235.174800214834,97980.77029079244
2019-01-12 20:11:00,733690.0,837013.03289922,837014.0,0.0,103324.0,103324.0,False,739208.0,22195.293999023444,97805.03289922002
2019-01-12 20:12:00,742944.0,802729.4529899113,802730.0,0.0,59786.0,59786.0,False,705275.0,22115.735474000747,97454.45298991128
2019-01-12 20:13:00,689445.0,812515.209402121,812516.0,0.0,123071.0,123071.0,False,717371.8125,21591.27811433099,95143.39690212099
2019-01-12 20:14:00,683984.0,767755.9724762541,767756.0,0.0,83772.0,83772.0,False,670156.5625,22148.631152614813,97599.40997625409
2019-01-12 20:15:00,728124.0,775488.8896831134,775489.0,0.0,47365.0,47365.0,False,679351.9375,21816.749656154752,96136.95218311349
2019-01-12 20:16:00,691874.0,801704.0721511486,801705.0,0.0,109831.0,109831.0,False,705494.8125,21833.158684031845,96209.25965114856
2019-01-12 20:17:00,680300.0,783055.9825532313,783056.0,0.0,102756.0,102756.0,False,685949.1875,22036.840044113644,97106.7950532313
2019-01-12 20:18:00,684025.0,772446.8204712439,772447.0,0.0,88422.0,88422.0,False,675327.1875,22039.75340507453,97119.63297124398
2019-01-12 20:19:00,655646.0,769863.0022860172,769864.0,0.0,114218.0,114218.0,False,673093.8125,21960.225907403943,96769.18978601712
2019-01-12 20:20:00,678022.0,764840.0198802135,764841.0,0.0,86819.0,86819.0,False,666971.125,22209.786458168895,97868.89488021356
2019-01-12 20:21:00,678471.0,759651.9465367368,759652.0,0.0,81181.0,81181.0,False,661858.375,22192.693025408847,97793.57153673675
2019-01-12 20:22:00,664100.0,785502.5326931042,785503.0,0.0,121403.0,121403.0,False,687988.8125,22129.185221527787,97513.72019310428
2019-01-12 20:23:00,699443.0,757352.5597707428,757353.0,0.0,57910.0,57910.0,False,658065.375,22531.64475280876,99287.18477074277
2019-01-12 20:24:00,687032.0,774191.1452526008,774192.0,0.0,87160.0,87160.0,False,673338.375,22886.929435205897,100852.77025260076
2019-01-12 20:25:00,680038.0,802146.4198466558,802147.0,0.0,122109.0,122109.0,False,701272.875,22891.643898348462,100873.54484665574
2019-01-12 20:26:00,658441.0,771085.596990652,771086.0,0.0,112645.0,112645.0,False,668686.5,23237.84365252397,102399.096990652
2019-01-12 20:27:00,667155.0,756474.6033807775,756475.0,0.0,89320.0,89320.0,False,654551.4375,23129.838669612407,101923.16588077755
2019-01-12 20:28:00,672388.0,776476.1312474125,776477.0,0.0,104089.0,104089.0,False,674975.875,23033.866066063172,101500.25624741249
2019-01-12 20:29:00,664264.0,754125.1521730676,754126.0,0.0,89862.0,89862.0,False,652507.9375,23060.407917398687,101617.21467306752
2019-01-12 20:30:00,743428.0,764001.1160635663,764002.0,0.0,20574.0,20574.0,False,662464.125,23042.202447334814,101536.99106356627
2019-01-12 20:31:00,698609.0,795058.2931388505,795059.0,0.0,96450.0,96450.0,False,688781.125,24117.91011466695,106277.16813885042
2019-01-12 20:32:00,674792.0,784277.0838405617,784278.0,0.0,109486.0,109486.0,False,678327.3125,24043.612627339833,105949.77134056167
2019-01-12 20:33:00,663884.0,773790.170568675,773791.0,0.0,109907.0,109907.0,False,667758.3125,24062.240902489764,106031.85806867506
2019-01-12 20:34:00,663471.0,762039.8854572652,762040.0,0.0,98569.0,98569.0,False,656291.8125,23997.840392683913,105748.07295726518
2019-01-12 20:35:00,655776.0,779062.2365074494,779063.0,0.0,123287.0,123287.0,False,673506.6875,23954.150149540525,105555.54900744942
2019-01-12 20:36:00,660759.0,759548.520421583,759549.0,0.0,98790.0,98790.0,False,652922.1875,24197.1474992588,106626.33292158297
2019-01-12 20:37:00,648449.0,767642.9973800192,767643.0,0.0,119194.0,119194.0,False,661043.5625,24191.043417262106,106599.43488001918
2019-01-12 20:38:00,666700.0,752303.4775611035,752304.0,0.0,85604.0,85604.0,False,645046.8125,24340.191335950814,107256.66506110357
2019-01-12 20:39:00,658715.0,758255.4976160687,758256.0,0.0,99541.0,99541.0,False,651101.75,24316.8358614679,107153.74761606865
2019-01-12 20:40:00,699681.0,781962.9926434383,781963.0,0.0,82282.0,82282.0,False,675009.625,24271.362819107904,106953.3676434383
2019-01-12 20:41:00,664320.0,792851.1216216951,792852.0,0.0,128532.0,128532.0,False,685551.9375,24349.84035934374,107299.18412169506
2019-01-12 20:42:00,644786.0,767210.4850284435,767211.0,0.0,122425.0,122425.0,False,658607.375,24645.745569897128,108603.1100284435
2019-01-12 20:43:00,653023.0,752906.0580476485,752907.0,0.0,99884.0,99884.0,False,644335.125,24638.443516745298,108570.93304764846
2019-01-12 20:44:00,673301.0,756636.6130366675,756637.0,0.0,83336.0,83336.0,False,648755.5625,24481.885671999356,107881.05053666746
2019-01-12 20:45:00,693274.0,771667.6889228012,771668.0,0.0,78394.0,78394.0,False,663532.5,24539.558329831674,108135.18892280119
2019-01-12 20:46:00,673899.0,772496.9285709944,772497.0,0.0,98598.0,98598.0,False,666392.6875,24078.667071669264,106104.24107099437
2019-01-12 20:47:00,688985.0,767474.8651553922,767475.0,0.0,78490.0,78490.0,False,661682.125,24007.976901666683,105792.74015539225
2019-01-12 20:48:00,703279.0,774028.949966139,774029.0,0.0,70750.0,70750.0,False,668037.8125,24053.000010499713,105991.137466139
2019-01-12 20:49:00,680256.0,790396.962363254,790397.0,0.0,110141.0,110141.0,False,684870.625,23947.521032286626,105526.33736325409
2019-01-12 20:50:00,686286.0,806554.0978965495,806555.0,0.0,120269.0,120269.0,False,701275.75,23891.243773754933,105278.34789654947
2019-01-12 20:51:00,655157.0,784587.8425139432,784588.0,0.0,129431.0,129431.0,False,678545.1875,24064.691097202805,106042.65501394324
2019-01-12 20:52:00,661087.0,763147.0860006817,763148.0,0.0,102061.0,102061.0,False,655705.5,24382.156197050987,107441.58600068175
2019-01-12 20:53:00,651248.0,756574.1188764815,756575.0,0.0,105327.0,105327.0,False,649143.9375,24379.568099285785,107430.18137648155
2019-01-12 20:54:00,666638.0,750323.237377268,750324.0,0.0,83686.0,83686.0,False,642878.875,24382.786251484355,107444.36237726801
2019-01-12 20:55:00,659833.0,769745.4161445537,769746.0,0.0,109913.0,109913.0,False,662674.4375,24298.052762047406,107070.97864455372
2019-01-12 20:56:00,628047.0,748742.7261325722,748743.0,0.0,120696.0,120696.0,False,642904.25,24018.355953027854,105838.47613257222
2019-01-12 20:57:00,634554.0,738524.9313168997,738525.0,0.0,103971.0,103971.0,False,632167.6875,24136.082014044638,106357.24381689976
2019-01-12 20:58:00,660790.0,743985.1900101244,743986.0,0.0,83196.0,83196.0,False,637776.625,24102.34172757898,106208.56501012441
2019-01-12 20:59:00,690985.0,753690.7236473785,753691.0,0.0,62706.0,62706.0,False,647366.875,24128.503512369418,106323.84864737849
2019-01-12 21:00:00,791209.0,786781.8848776494,786782.0,4427.0,0.0,44270.0,True,678596.375,24550.977868827355,108185.50987764934
2019-01-12 21:01:00,721768.0,844545.3458527199,844546.0,0.0,122778.0,122778.0,False,736609.0625,24494.419879640187,107936.28335271987
2019-01-12 21:02:00,709311.0,793462.3505064528,793463.0,0.0,84152.0,84152.0,False,684824.1875,24653.70028479671,108638.16300645279
2019-01-12 21:03:00,701008.0,790493.3459010487,790494.0,0.0,89486.0,89486.0,False,681567.6875,24718.942784259878,108925.65840104874
2019-01-12 21:04:00,710666.0,774126.0632707655,774127.0,0.0,63461.0,63461.0,False,665022.0,24759.428927118202,109104.0632707655
2019-01-12 21:05:00,705111.0,835247.5930988351,835248.0,0.0,130137.0,130137.0,False,724140.75,25213.92790106285,111106.84309883507
2019-01-12 21:06:00,655047.0,832491.1810393827,832492.0,0.0,177445.0,177445.0,False,721638.1875,25156.320787844325,110852.99353938276
2019-01-12 21:07:00,651637.0,790450.9788311613,790451.0,0.0,138814.0,138814.0,False,671781.0625,26930.24687720998,118669.91633116132
2019-01-12 21:08:00,697318.0,772497.6640498823,772498.0,0.0,75180.0,75180.0,False,652927.4375,27134.557937719812,119570.22654988237
2019-01-12 21:09:00,738252.0,793320.4299213991,793321.0,0.0,55069.0,55069.0,False,672234.5625,27478.50848651123,121085.86742139907
2019-01-12 21:10:00,770881.0,846330.6879661354,846331.0,0.0,75450.0,75450.0,False,721165.875,28404.160192642932,125164.81296613543
2019-01-12 21:11:00,754017.0,858613.7460155257,858614.0,0.0,104597.0,104597.0,False,731393.5,28870.60797630182,127220.24601552568
2019-01-12 21:12:00,719812.0,854658.7600691132,854659.0,0.0,134847.0,134847.0,False,727546.0625,28846.201569836816,127112.69756911328
2019-01-12 21:13:00,688805.0,822149.601440697,822150.0,0.0,133345.0,133345.0,False,695622.8125,28713.238941240146,126526.78894069699
2019-01-12 21:14:00,671099.0,791159.7839509232,791160.0,0.0,120061.0,120061.0,False,666103.6875,28379.48871157335,125056.09645092329
2019-01-12 21:15:00,695334.0,794130.405075257,794131.0,0.0,98797.0,98797.0,False,669065.1875,28381.558605424256,125065.21757525689
2019-01-12 21:16:00,680740.0,804272.1704138746,804273.0,0.0,123533.0,123533.0,False,680846.5,28009.489498207236,123425.6704138746
2019-01-12 21:17:00,681532.0,787838.421998583,787839.0,0.0,106307.0,106307.0,False,664993.0625,27877.797181422156,122845.35949858301
2019-01-12 21:18:00,659178.0,789251.2289126042,789252.0,0.0,130074.0,130074.0,False,666659.0625,27820.33904439958,122592.16641260416
2019-01-12 21:19:00,648442.0,775427.8061247105,775428.0,0.0,126986.0,126986.0,False,652442.75,27909.499105092746,122985.05612471046
2019-01-12 21:20:00,695938.0,782578.0403690061,782579.0,0.0,86641.0,86641.0,False,660321.375,27744.202427715347,122256.66536900615
2019-01-12 21:21:00,671206.0,794819.9502114665,794820.0,0.0,123614.0,123614.0,False,671706.75,27938.5793640066,123113.20021146654
2019-01-12 21:22:00,681019.0,800999.3200208957,801000.0,0.0,119981.0,119981.0,False,677790.6875,27960.236206216035,123208.63252089574
2019-01-12 21:23:00,689819.0,787938.8974147611,787939.0,0.0,98120.0,98120.0,False,666205.8125,27625.384185242227,121733.0849147611
2019-01-12 21:24:00,697578.0,787728.9964375992,787729.0,0.0,90151.0,90151.0,False,667046.8125,27386.898951297208,120682.18393759914
2019-01-12 21:25:00,697732.0,814785.6994171765,814786.0,0.0,117054.0,117054.0,False,693572.75,27507.34772079859,121212.94941717654
2019-01-12 21:26:00,679266.0,789568.1415161052,789569.0,0.0,110303.0,110303.0,False,669665.5,27209.994218310745,119902.6415161052
2019-01-12 21:27:00,670279.0,784984.4530373908,784985.0,0.0,114706.0,114706.0,False,665693.125,27071.2663636858,119291.32803739085
2019-01-12 21:28:00,661216.0,771034.3464452091,771035.0,0.0,109819.0,109819.0,False,651687.25,27083.922115344903,119347.09644520907
2019-01-12 21:29:00,659644.0,767582.8291186384,767583.0,0.0,107939.0,107939.0,False,648489.75,27026.27693005173,119093.07911863846
2019-01-12 21:30:00,719603.0,793134.6204068059,793135.0,0.0,73532.0,73532.0,False,674041.8125,27026.215382847244,119092.8079068059
2019-01-12 21:31:00,698439.0,786252.6664581179,786253.0,0.0,87814.0,87814.0,False,672299.75,25859.798906670112,113952.9164581179
2019-01-12 21:32:00,691969.0,784854.3779440236,784855.0,0.0,92886.0,92886.0,False,670570.5625,25934.89115968048,114283.8154440236
2019-01-12 21:33:00,711198.0,788898.3795646835,788899.0,0.0,77701.0,77701.0,False,674773.0,25898.936661044703,114125.3795646835
2019-01-12 21:34:00,691277.0,804358.184639265,804359.0,0.0,113082.0,113082.0,False,689713.125,26016.869774493513,114645.0596392649
2019-01-12 21:35:00,672199.0,803050.2089595123,803051.0,0.0,130852.0,130852.0,False,688284.1875,26044.32013245018,114766.02145951225
2019-01-12 21:36:00,681224.0,767152.1160390023,767153.0,0.0,85929.0,85929.0,False,652520.1875,26013.889880491944,114631.92853900227
2019-01-12 21:37:00,674182.0,769893.1485675601,769894.0,0.0,95712.0,95712.0,False,654901.875,26095.437509683445,114991.27356756009
2019-01-12 21:38:00,675090.0,768273.3810376467,768274.0,0.0,93184.0,93184.0,False,654115.625,25906.28398576582,114157.75603764673
2019-01-12 21:39:00,672613.0,768040.862520666,768041.0,0.0,95428.0,95428.0,False,653899.375,25902.59210502499,114141.48752066593
2019-01-12 21:40:00,684705.0,785908.2871760695,785909.0,0.0,101204.0,101204.0,False,671760.0,25904.135178487573,114148.28717606948
2019-01-12 21:41:00,691307.0,782949.7217212026,782950.0,0.0,91643.0,91643.0,False,668996.625,25859.83981450526,113953.09672120263
2019-01-12 21:42:00,661570.0,781863.8731168156,781864.0,0.0,120294.0,120294.0,False,669488.25,25501.857312100226,112375.6231168156
2019-01-12 21:43:00,648163.0,784376.9609528511,784377.0,0.0,136214.0,136214.0,False,672418.4375,25407.20318854275,111958.52345285109
2019-01-12 21:44:00,645866.0,766728.3750174379,766729.0,0.0,120863.0,120863.0,False,652771.0,25860.810705674554,113957.3750174378
2019-01-12 21:45:00,683224.0,756161.2071676045,756162.0,0.0,72938.0,72938.0,False,641843.8125,25942.51142949219,114317.39466760443
2019-01-12 21:46:00,675724.0,777951.796227463,777952.0,0.0,102228.0,102228.0,False,662883.375,26112.94494199164,115068.42122746308
2019-01-12 21:47:00,672529.0,763407.6278144183,763408.0,0.0,90879.0,90879.0,False,648379.125,26103.88609412624,115028.50281441826
2019-01-12 21:48:00,648277.0,768834.9880112526,768835.0,0.0,120558.0,120558.0,False,653920.75,26077.95551750024,114914.23801125263
2019-01-12 21:49:00,642136.0,754949.7618866828,754950.0,0.0,112814.0,112814.0,False,640302.25,26017.426272976118,114647.51188668284
2019-01-12 21:50:00,663326.0,762733.086827567,762734.0,0.0,99408.0,99408.0,False,648333.1875,25961.23454761684,114399.89932756693
2019-01-12 21:51:00,632656.0,774995.4522310054,774996.0,0.0,142340.0,142340.0,False,661660.75,25719.505037138064,113334.70223100542
2019-01-12 21:52:00,661495.0,741622.6495902304,741623.0,0.0,80128.0,80128.0,False,627665.75,25860.702815044282,113956.89959023039
2019-01-12 21:53:00,650566.0,753917.5068661085,753918.0,0.0,103352.0,103352.0,False,639419.75,25983.441756934888,114497.75686610852
2019-01-12 21:54:00,663599.0,751959.7824918652,751960.0,0.0,88361.0,88361.0,False,637630.375,25945.23754857138,114329.40749186523
2019-01-12 21:55:00,668710.0,774534.7031449736,774535.0,0.0,105825.0,105825.0,False,660133.0,25961.643895239085,114401.70314497357
2019-01-12 21:56:00,643516.0,762264.0152169062,762265.0,0.0,118749.0,118749.0,False,648203.5,25884.216730727254,114060.5152169062
2019-01-12 21:57:00,605963.0,772968.3788494216,772969.0,0.0,167006.0,167006.0,False,659584.125,25730.749987487492,113384.25384942166
2019-01-12 21:58:00,644176.0,725287.5007451581,725288.0,0.0,81112.0,81112.0,False,605857.0625,27102.835209052275,119430.43824515805
2019-01-12 21:59:00,641230.0,749243.5617119244,749244.0,0.0,108014.0,108014.0,False,629077.4375,27269.787418353808,120166.12421192435
2019-01-12 22:00:00,757674.0,777521.4369317046,777522.0,0.0,19848.0,19848.0,False,658645.8125,26976.929053312757,118875.62443170464
2019-01-12 22:01:00,679196.0,798247.8810231143,798248.0,0.0,119052.0,119052.0,False,682880.3125,26180.831654762696,115367.56852311437
2019-01-12 22:02:00,679445.0,775497.004839129,775498.0,0.0,96053.0,96053.0,False,660807.625,26026.927537748856,114689.37983912909
2019-01-12 22:03:00,680919.0,779605.9030565666,779606.0,0.0,98687.0,98687.0,False,665068.0625,25992.53811187604,114537.84055656659
2019-01-12 22:04:00,679960.0,764028.2627876545,764029.0,0.0,84069.0,84069.0,False,649544.5625,25980.25184040238,114483.70028765449
2019-01-12 22:05:00,670362.0,806073.0789011791,806074.0,0.0,135712.0,135712.0,False,692708.875,25726.199971167098,113364.20390117912
2019-01-12 22:06:00,673968.0,801685.0542308171,801686.0,0.0,127718.0,127718.0,False,688011.75,25796.34536643095,113673.3042308171
2019-01-12 22:07:00,703069.0,796977.8406384373,796978.0,0.0,93909.0,93909.0,False,691486.875,23939.49398287733,105490.96563843737
2019-01-12 22:08:00,728319.0,809690.8141202882,809691.0,0.0,81372.0,81372.0,False,705906.3125,23552.239161127993,103784.5016202882
2019-01-12 22:09:00,731923.0,812446.7181355502,812447.0,0.0,80524.0,80524.0,False,710056.6875,23235.786187677637,102390.03063555018
2019-01-12 22:10:00,757255.0,832125.9909764832,832126.0,0.0,74871.0,74871.0,False,734201.5625,22222.388923088045,97924.42847648324
2019-01-12 22:11:00,729269.0,821608.2137439748,821609.0,0.0,92340.0,92340.0,False,725852.0,21730.34713326903,95756.21374397476
2019-01-12 22:12:00,738046.0,784539.3063930694,784540.0,0.0,46494.0,46494.0,False,688870.9375,21710.41214388915,95668.36889306939
2019-01-12 22:13:00,703338.0,789679.5961967027,789680.0,0.0,86342.0,86342.0,False,692343.4375,22088.890468806825,97336.1586967027
2019-01-12 22:14:00,682512.0,763487.1620415107,763488.0,0.0,80976.0,80976.0,False,666775.8125,21947.099985416706,96711.34954151075
2019-01-12 22:15:00,691524.0,760268.6655689954,760269.0,0.0,68745.0,68745.0,False,663646.375,21926.889470480673,96622.2905689954
2019-01-12 22:16:00,687145.0,763103.0779475805,763104.0,0.0,75959.0,75959.0,False,666404.6875,21944.159125511876,96698.39044758046
2019-01-12 22:17:00,678527.0,768958.5618661846,768959.0,0.0,90432.0,90432.0,False,672456.8125,21899.534564949994,96501.74936618454
2019-01-12 22:18:00,678968.0,757892.5612681367,757893.0,0.0,78925.0,78925.0,False,661323.625,21914.78156193478,96568.93626813668
2019-01-12 22:19:00,647809.0,757840.6991558279,757841.0,0.0,110032.0,110032.0,False,661969.75,21756.384507038987,95870.94915582791
2019-01-12 22:20:00,680656.0,751923.196412626,751924.0,0.0,71268.0,71268.0,False,655282.0625,21931.16566710784,96641.13391262591
2019-01-12 22:21:00,662294.0,766654.0565284173,766655.0,0.0,104361.0,104361.0,False,670604.6875,21796.874054560234,96049.3690284173
2019-01-12 22:22:00,651879.0,770185.6186341407,770186.0,0.0,118307.0,118307.0,False,673675.5,21901.43383697453,96510.11863414074
2019-01-12 22:23:00,646506.0,758303.283604408,758304.0,0.0,111798.0,111798.0,False,659951.5,22319.37036080256,98351.78360440806
2019-01-12 22:24:00,694286.0,737563.472498484,737564.0,0.0,43278.0,43278.0,False,638329.0625,22519.668359045634,99234.40999848393
2019-01-12 22:25:00,698717.0,773119.403208447,773120.0,0.0,74403.0,74403.0,False,671348.0,23095.398548990768,101771.40320844707
2019-01-12 22:26:00,735231.0,764067.1141950664,764068.0,0.0,28837.0,28837.0,False,662067.0625,23147.28668023016,102000.0516950664
2019-01-12 22:27:00,730650.0,801491.2920502807,801492.0,0.0,70842.0,70842.0,False,693993.1875,24394.982181436066,107498.10455028072
2019-01-12 22:28:00,678991.0,801405.599077127,801406.0,0.0,122415.0,122415.0,False,693287.625,24535.651694870667,108117.97407712699
2019-01-12 22:29:00,660918.0,761732.5428167927,761733.0,0.0,100815.0,100815.0,False,652434.625,24803.421127872898,109297.91781679276
2019-01-12 22:30:00,750446.0,762602.9094789843,762603.0,0.0,12157.0,12157.0,False,653271.6875,24810.97897688456,109331.22197898431
2019-01-12 22:31:00,716578.0,824451.6923638355,824452.0,0.0,107874.0,107874.0,False,706743.75,26711.942211373374,117707.94236383557
2019-01-12 22:32:00,705676.0,791539.9767820879,791540.0,0.0,85864.0,85864.0,False,673978.0,26678.81764810099,117561.9767820879
2019-01-12 22:33:00,685114.0,794281.2962574535,794282.0,0.0,109168.0,109168.0,False,676383.375,26755.05489456019,117897.92125745355
2019-01-12 22:34:00,679226.0,780485.7386811676,780486.0,0.0,101260.0,101260.0,False,663200.625,26615.98797829516,117285.11368116766
2019-01-12 22:35:00,693936.0,785160.3101800616,785161.0,0.0,91225.0,91225.0,False,668100.1875,26564.92985512242,117060.12268006164
2019-01-12 22:36:00,660433.0,788461.7804382867,788462.0,0.0,128029.0,128029.0,False,672569.0,26300.020131301044,115892.78043828675
2019-01-12 22:37:00,659229.0,772547.8421404115,772548.0,0.0,113319.0,113319.0,False,655902.25,26470.858753397108,116645.59214041145
2019-01-12 22:38:00,652232.0,763960.4094932948,763961.0,0.0,111729.0,111729.0,False,647176.375,26502.27603973785,116784.03449329472
2019-01-12 22:39:00,654857.0,758735.8006594428,758736.0,0.0,103879.0,103879.0,False,641900.9375,26513.810795724243,116834.86315944273
2019-01-12 22:40:00,714798.0,789020.1366961369,789021.0,0.0,74223.0,74223.0,False,672214.75,26507.121581992287,116805.38669613692
2019-01-12 22:41:00,678383.0,783514.6385268716,783515.0,0.0,105132.0,105132.0,False,665599.5,26758.962079551242,117915.13852687155
2019-01-12 22:42:00,663426.0,784722.2317191636,784723.0,0.0,121297.0,121297.0,False,666890.625,26740.005866610158,117831.60671916362
2019-01-12 22:43:00,658147.0,771401.5533606331,771402.0,0.0,113255.0,113255.0,False,653814.875,26684.42327780939,117586.67836063312
2019-01-12 22:44:00,662136.0,766813.08274106,766814.0,0.0,104678.0,104678.0,False,651174.0,26242.447480795145,115639.08274105992
2019-01-12 22:45:00,690097.0,785866.8406903092,785867.0,0.0,95770.0,95770.0,False,670876.875,26095.14070777828,114989.96569030914
2019-01-12 22:46:00,697557.0,775633.8269214033,775634.0,0.0,78077.0,78077.0,False,661606.0,25876.79864284867,114027.82692140328
2019-01-12 22:47:00,710281.0,793004.4288401931,793005.0,0.0,82724.0,82724.0,False,678358.4375,26017.081209175427,114645.9913401931
2019-01-12 22:48:00,684837.0,799384.1583144167,799385.0,0.0,114548.0,114548.0,False,684456.9375,26080.901757837917,114927.22081441659
2019-01-12 22:49:00,697536.0,776137.2724848716,776138.0,0.0,78602.0,78602.0,False,661514.9375,26011.712776225275,114622.33498487156
2019-01-12 22:50:00,670769.0,806269.6985014305,806270.0,0.0,135501.0,135501.0,False,691331.75,26083.336235493567,114937.9485014305
2019-01-12 22:51:00,625999.0,772536.5221200339,772537.0,0.0,146538.0,146538.0,False,655768.375,26498.670653491936,116768.14712003389
2019-01-12 22:52:00,625099.0,743095.7052261985,743096.0,0.0,117997.0,117997.0,False,626232.8125,26520.171659335963,116862.8927261986
2019-01-12 22:53:00,618947.0,734780.0898758643,734781.0,0.0,115834.0,115834.0,False,618043.75,26491.452506176673,116736.33987586439
2019-01-12 22:54:00,637997.0,730359.9916707831,730360.0,0.0,92363.0,92363.0,False,613378.5625,26547.071616926747,116981.4291707832
2019-01-12 22:55:00,670915.0,743785.8593488412,743786.0,0.0,72871.0,72871.0,False,626844.5,26537.97840922438,116941.35934884127
2019-01-12 22:56:00,640367.0,753160.6960777653,753161.0,0.0,112794.0,112794.0,False,635097.9375,26792.46209823755,118062.75857776536
2019-01-12 22:57:00,638117.0,753072.0345204996,753073.0,0.0,114956.0,114956.0,False,635417.75,26699.765418698273,117654.2845204996
2019-01-12 22:58:00,603324.0,740462.0595423268,740463.0,0.0,137139.0,137139.0,False,629381.0,25208.076733693684,111081.05954232688
2019-01-12 22:59:00,615495.0,734673.5758696225,734674.0,0.0,119179.0,119179.0,False,621809.0,25612.81734941613,112864.57586962248
2019-01-12 23:00:00,733233.0,758785.5295433553,758786.0,0.0,25553.0,25553.0,False,645281.6875,25757.888622836723,113503.84204335538
2019-01-12 23:01:00,685712.0,775990.6624878186,775991.0,0.0,90279.0,90279.0,False,665000.5625,25187.43491195418,110990.09998781857
2019-01-12 23:02:00,671046.0,760709.4550467893,760710.0,0.0,89664.0,89664.0,False,650173.9375,25084.274669312716,110535.51754678923
2019-01-12 23:03:00,679353.0,759938.0090803341,759939.0,0.0,80586.0,80586.0,False,649372.125,25091.165870304954,110565.88408033416
2019-01-12 23:04:00,640617.0,763801.3899413415,763802.0,0.0,123185.0,123185.0,False,652918.875,25163.020199687613,110882.51494134152
2019-01-12 23:05:00,665119.0,761955.5343726749,761956.0,0.0,96837.0,96837.0,False,650333.125,25330.92745297392,111622.40937267491
2019-01-12 23:06:00,700875.0,786557.365979693,786558.0,0.0,85683.0,85683.0,False,676971.625,24868.73800913077,109585.74097969304
2019-01-12 23:07:00,717459.0,809700.432863964,809701.0,0.0,92242.0,92242.0,False,701315.9375,24596.134454734776,108384.49536396397
2019-01-12 23:08:00,721501.0,828636.0153936618,828637.0,0.0,107136.0,107136.0,False,720279.875,24589.69974597251,108356.1403936618
2019-01-12 23:09:00,736328.0,816395.0047560112,816396.0,0.0,80068.0,80068.0,False,707786.6875,24646.927267232728,108608.31725601121
2019-01-12 23:10:00,747804.0,832029.4864784656,832030.0,0.0,84226.0,84226.0,False,723232.0,24689.856208448546,108797.4864784656
2019-01-12 23:11:00,662692.0,801618.3242851974,801619.0,0.0,138927.0,138927.0,False,692784.4375,24698.116678136226,108833.88678519738
2019-01-12 23:12:00,672222.0,748228.6880455642,748229.0,0.0,76007.0,76007.0,False,636559.5625,25341.528944134967,111669.12554556421
2019-01-12 23:13:00,637289.0,757328.4674496887,757329.0,0.0,120040.0,120040.0,False,646734.5625,25097.524760180015,110593.90494968873
2019-01-12 23:14:00,644037.0,735687.7367551832,735688.0,0.0,91651.0,91651.0,False,624257.375,25287.345305862593,111430.36175518314
2019-01-12 23:15:00,646305.0,747612.6214659187,747613.0,0.0,101308.0,101308.0,False,636146.0625,25295.559686149627,111466.5589659187
2019-01-12 23:16:00,622041.0,746964.7150673928,746965.0,0.0,124924.0,124924.0,False,635727.6875,25243.471192119472,111237.02756739275
2019-01-12 23:17:00,627165.0,733787.3800538308,733788.0,0.0,106623.0,106623.0,False,621493.6875,25483.26447613822,112293.69255383077
2019-01-12 23:18:00,625591.0,729080.161605186,729081.0,0.0,103490.0,103490.0,False,616777.3125,25485.34240958726,112302.84910518596
2019-01-12 23:19:00,634341.0,732591.8462006996,732592.0,0.0,98251.0,98251.0,False,620275.5,25488.40536038004,112316.34620069953
2019-01-12 23:20:00,638871.0,741952.4442208688,741953.0,0.0,103082.0,103082.0,False,630778.0,25229.268898695835,111174.44422086874
2019-01-12 23:21:00,607852.0,731873.5954670736,731874.0,0.0,124022.0,124022.0,False,620836.125,25198.184887520612,111037.47046707362
2019-01-12 23:22:00,616937.0,742699.7496146953,742700.0,0.0,125763.0,125763.0,False,631329.375,25273.732180036437,111370.3746146953
2019-01-12 23:23:00,616686.0,718546.8917995997,718547.0,0.0,101861.0,101861.0,False,607866.0,25117.265039903792,110680.89179959975
2019-01-12 23:24:00,613361.0,723980.1254340902,723981.0,0.0,110620.0,110620.0,False,614372.9375,24873.605053741016,109607.18793409012
2019-01-12 23:25:00,609458.0,737542.0138988835,737543.0,0.0,128085.0,128085.0,False,630257.5625,24346.49700262154,107284.45139888351
2019-01-12 23:26:00,617303.0,707454.0439602691,707455.0,0.0,90152.0,90152.0,False,598776.5625,24662.622981473658,108677.48146026903
2019-01-12 23:27:00,599956.0,709471.2107333343,709472.0,0.0,109516.0,109516.0,False,606434.3125,23382.582483181734,103036.89823333434
2019-01-12 23:28:00,609875.0,700090.8748384903,700091.0,0.0,90216.0,90216.0,False,597573.75,23264.628192186086,102517.12483849033
2019-01-12 23:29:00,615107.0,706340.4115861553,706341.0,0.0,91234.0,91234.0,False,604846.25,23032.48297979023,101494.16158615531
2019-01-12 23:30:00,697804.0,739407.1378912361,739408.0,0.0,41604.0,41604.0,False,637924.25,23029.924594339398,101482.88789123608
2019-01-12 23:31:00,628889.0,730935.7253899197,730936.0,0.0,102047.0,102047.0,False,637821.3125,21130.83251827941,93114.41288991971
2019-01-12 23:32:00,631100.0,707323.6722251301,707324.0,0.0,76224.0,76224.0,False,613549.75,21280.49765468582,93773.9222251301
2019-01-12 23:33:00,639881.0,710902.8782438302,710903.0,0.0,71022.0,71022.0,False,617829.8125,21121.449442211902,93073.06574383014
2019-01-12 23:34:00,623448.0,709328.0401511049,709329.0,0.0,85881.0,85881.0,False,616020.25,21174.716406843254,93307.79015110494
2019-01-12 23:35:00,623999.0,713927.3536814576,713928.0,0.0,89929.0,89929.0,False,620660.4375,21165.440710630708,93266.91618145755
2019-01-12 23:36:00,616474.0,717326.987128482,717327.0,0.0,100853.0,100853.0,False,624411.25,21085.746219498298,92915.73712848195
2019-01-12 23:37:00,592615.0,702433.0618400532,702434.0,0.0,109819.0,109819.0,False,609810.0,21019.32822565519,92623.06184005318
2019-01-12 23:38:00,607761.0,682182.6506157077,682183.0,0.0,74422.0,74422.0,False,588366.75,21290.02398163298,93815.9006157077
2019-01-12 23:39:00,593462.0,691239.0795049889,691240.0,0.0,97778.0,97778.0,False,597301.1875,21317.7079838789,93937.89200498884
2019-01-12 23:40:00,649492.0,707274.4074963641,707275.0,0.0,57783.0,57783.0,False,613037.375,21385.593152527927,94237.03249636415
2019-01-12 23:41:00,598444.0,704423.9926622667,704424.0,0.0,105980.0,105980.0,False,610819.9375,21241.9490310696,93604.05516226667
2019-01-12 23:42:00,587116.0,686892.8684635421,686893.0,0.0,99777.0,99777.0,False,592502.1875,21420.46122424596,94390.68096354212
2019-01-12 23:43:00,598316.0,687351.3544806847,687352.0,0.0,89036.0,89036.0,False,592871.875,21440.6126329847,94479.47948068475
2019-01-12 23:44:00,626882.0,681802.9288769388,681803.0,0.0,54921.0,54921.0,False,587339.3125,21437.012754318504,94463.6163769387
2019-01-12 23:45:00,631070.0,719891.7467007592,719892.0,0.0,88822.0,88822.0,False,623878.8125,21788.60575089829,96012.93420075912
2019-01-12 23:46:00,622787.0,700538.1009688484,700539.0,0.0,77752.0,77752.0,False,604678.0625,21753.908500456702,95860.0384688485
2019-01-12 23:47:00,616871.0,697553.3262505813,697554.0,0.0,80683.0,80683.0,False,602774.0625,21508.64389691252,94779.26375058127
2019-01-12 23:48:00,618972.0,695604.066024979,695605.0,0.0,76633.0,76633.0,False,601688.0625,21312.74074206518,93916.00352497904
2019-01-12 23:49:00,623293.0,697523.9807861119,697524.0,0.0,74231.0,74231.0,False,603611.0,21312.05477963718,93912.9807861119
2019-01-12 23:50:00,634622.0,719958.0612082643,719959.0,0.0,85337.0,85337.0,False,627118.9375,21068.36002437525,92839.12370826429
2019-01-12 23:51:00,625776.0,703563.7258157034,703564.0,0.0,77788.0,77788.0,False,612255.25,20721.00387124781,91308.47581570334
2019-01-12 23:52:00,600714.0,695787.1898283386,695788.0,0.0,95074.0,95074.0,False,607237.0,20095.05481108001,88550.18982833857
2019-01-12 23:53:00,602961.0,684825.1131843857,684826.0,0.0,81865.0,81865.0,False,596005.0,20156.309616350023,88820.1131843857
2019-01-12 23:54:00,606194.0,685395.729908743,685396.0,0.0,79202.0,79202.0,False,596707.4375,20126.39499146988,88688.29240874294
2019-01-12 23:55:00,622042.0,697412.8367045183,697413.0,0.0,75371.0,75371.0,False,609124.4375,20035.64559981922,88288.39920451833
2019-01-12 23:56:00,627210.0,687092.6544171129,687093.0,0.0,59883.0,59883.0,False,601007.5,19535.654297135778,86085.15441711295
2019-01-12 23:57:00,608978.0,688249.475856802,688250.0,0.0,79272.0,79272.0,False,601663.6875,19649.26519371138,86585.78835680196
2019-01-12 23:58:00,596954.0,684694.1860484448,684695.0,0.0,87741.0,87741.0,False,598187.125,19631.39928535327,86507.06104844477
2019-01-12 23:59:00,596724.0,677513.559541755,677514.0,0.0,80790.0,80790.0,False,593213.25,19130.612188596842,84300.309541755
2019-01-13 00:00:00,762610.0,714647.0839501607,714648.0,47962.0,0.0,479620.0,False,630781.8125,19031.887224681548,83865.2714501607
2019-01-13 00:01:00,704794.0,804067.2297291812,804068.0,0.0,99274.0,99274.0,False,704796.875,22527.82544301045,99270.35472918114
2019-01-13 00:02:00,714897.0,764093.7467996101,764094.0,0.0,49197.0,49197.0,False,664797.125,22533.786336160654,99296.62179961013
2019-01-13 00:03:00,706977.0,781726.6794769693,781727.0,0.0,74750.0,74750.0,False,680107.0,23060.96726537526,101619.67947696934
2019-01-13 00:04:00,688870.0,758735.5229657696,758736.0,0.0,69866.0,69866.0,False,657288.3125,23021.828171038036,101447.21046576965
2019-01-13 00:05:00,690015.0,783312.5468126978,783313.0,0.0,93298.0,93298.0,False,682108.0625,22966.74533768084,101204.48431269775
2019-01-13 00:06:00,732496.0,804028.2603882045,804029.0,0.0,71533.0,71533.0,False,702816.4375,22968.410710474825,101211.82288820445
2019-01-13 00:07:00,795773.0,834021.2118326689,834022.0,0.0,38249.0,38249.0,True,732530.5,23031.70011319752,101490.71183266887
2019-01-13 00:08:00,773262.0,888701.5611154177,888702.0,0.0,115440.0,115440.0,False,783149.6875,23953.316077874817,105551.87361541775
2019-01-13 00:09:00,775581.0,850200.3605186224,850201.0,0.0,74620.0,74620.0,False,744079.6875,24082.396040391744,106120.67301862247
2019-01-13 00:10:00,705599.0,864254.6300909922,864255.0,0.0,158656.0,158656.0,False,757974.5,24118.582282516087,106280.13009099224
2019-01-13 00:11:00,656762.0,795395.6933179777,795396.0,0.0,138634.0,138634.0,False,683271.1875,25444.87024189812,112124.50581797771
2019-01-13 00:12:00,640359.0,755365.2228763278,755366.0,0.0,115007.0,115007.0,False,643649.125,25352.18856624452,111716.09787632784
2019-01-13 00:13:00,638837.0,745123.3260625494,745124.0,0.0,106287.0,106287.0,False,634014.3125,25214.42045322324,111109.01356254931
2019-01-13 00:14:00,645006.0,741225.0496865885,741226.0,0.0,96220.0,96220.0,False,630654.5625,25092.210471933253,110570.48718658843
2019-01-13 00:15:00,658128.0,747444.1278112805,747445.0,0.0,89317.0,89317.0,False,636975.0,25069.208576551908,110469.1278112805
2019-01-13 00:16:00,652154.0,751960.2548406316,751961.0,0.0,99807.0,99807.0,False,641332.75,25105.14972012027,110627.50484063159
2019-01-13 00:17:00,657426.0,753877.5835767274,753878.0,0.0,96452.0,96452.0,False,644147.3125,24901.53681201744,109730.27107672743
2019-01-13 00:18:00,663215.0,754588.4097263784,754589.0,0.0,91374.0,91374.0,False,644899.0625,24892.249796174347,109689.34722637838
2019-01-13 00:19:00,655440.0,769034.1176247783,769035.0,0.0,113595.0,113595.0,False,659285.25,24905.75700231971,109748.86762477824
2019-01-13 00:20:00,673090.0,788803.9260561018,788804.0,0.0,115714.0,115714.0,False,678724.875,24980.686871617785,110079.05105610179
2019-01-13 00:21:00,647584.0,771017.6470284304,771018.0,0.0,123434.0,123434.0,False,660540.625,25071.000043364387,110477.02202843032
2019-01-13 00:22:00,626276.0,744207.1540380472,744208.0,0.0,117932.0,117932.0,False,633732.0625,25070.561949328272,110475.09153804723
2019-01-13 00:23:00,635502.0,730305.4647291511,730306.0,0.0,94804.0,94804.0,False,620277.8125,24969.02272672096,110027.65222915109
2019-01-13 00:24:00,647512.0,732276.4677959629,732277.0,0.0,84765.0,84765.0,False,622232.625,24972.696917912825,110043.84279596289
2019-01-13 00:25:00,630537.0,743053.981223162,743054.0,0.0,112517.0,112517.0,False,632956.125,24984.95440468056,110097.85622316205
2019-01-13 00:26:00,620960.0,727147.2038676937,727148.0,0.0,106188.0,106188.0,False,618321.875,24696.174595102435,108825.32886769372
2019-01-13 00:27:00,615458.0,724639.5482985626,724640.0,0.0,109182.0,109182.0,False,615755.375,24709.528401186086,108884.17329856266
2019-01-13 00:28:00,615722.0,721956.7689937674,721957.0,0.0,106235.0,106235.0,False,613351.0,24646.348979715083,108605.76899376739
2019-01-13 00:29:00,625878.0,719923.7296071857,719924.0,0.0,94046.0,94046.0,False,611188.4375,24675.74218675946,108735.29210718571
2019-01-13 00:30:00,716021.0,753787.7168690995,753788.0,0.0,37767.0,37767.0,False,645041.8125,24678.15047052758,108745.90436909953
2019-01-13 00:31:00,650813.0,759317.473043544,759318.0,0.0,108505.0,108505.0,False,648814.25,25076.945946313164,110503.223043544
2019-01-13 00:32:00,659764.0,745597.1297592223,745598.0,0.0,85834.0,85834.0,False,635589.625,24964.450579407574,110007.50475922231
2019-01-13 00:33:00,639213.0,752931.8073965479,752932.0,0.0,113719.0,113719.0,False,642754.25,25003.041316191422,110177.55739654785
2019-01-13 00:34:00,643058.0,734531.5619995806,734532.0,0.0,91474.0,91474.0,False,624150.0,25049.336910674087,110381.56199958059
2019-01-13 00:35:00,645674.0,754925.3516497066,754926.0,0.0,109252.0,109252.0,False,644499.5625,25059.37355777381,110425.78914970664
2019-01-13 00:36:00,632499.0,757738.9469901344,757739.0,0.0,125240.0,125240.0,False,647251.8125,25073.294905437655,110487.13449013437
2019-01-13 00:37:00,610466.0,735265.1657118924,735266.0,0.0,124800.0,124800.0,False,624315.8125,25178.18808033025,110949.35321189246
2019-01-13 00:38:00,626408.0,711779.5980164882,711780.0,0.0,85372.0,85372.0,False,601097.4375,25117.552954988605,110682.16051648826
2019-01-13 00:39:00,607638.0,725018.8737086765,725019.0,0.0,117381.0,117381.0,False,614156.125,25158.53456809741,110862.74870867649
2019-01-13 00:40:00,631218.0,731496.9144414628,731497.0,0.0,100279.0,100279.0,False,620500.4375,25188.88205998694,110996.4769414629
2019-01-13 00:41:00,605321.0,724772.0317033422,724773.0,0.0,119452.0,119452.0,False,614671.5,24985.56156228205,110100.53170334228
2019-01-13 00:42:00,604872.0,720338.8006544773,720339.0,0.0,115467.0,115467.0,False,610437.375,24940.377616624624,109901.42565447734
2019-01-13 00:43:00,602343.0,707746.3982015245,707747.0,0.0,105404.0,105404.0,False,597836.0,24942.4137932275,109910.39820152454
2019-01-13 00:44:00,598522.0,705956.2677695703,705957.0,0.0,107435.0,107435.0,False,596027.8125,24946.511557137565,109928.45526957036
2019-01-13 00:45:00,630849.0,725368.5388126597,725369.0,0.0,94520.0,94520.0,False,616515.875,24702.377825365555,108852.66381265965
2019-01-13 00:46:00,630230.0,715125.8969597786,715126.0,0.0,84896.0,84896.0,False,606277.3125,24701.45208122094,108848.58445977862
2019-01-13 00:47:00,611907.0,719231.456465156,719232.0,0.0,107325.0,107325.0,False,610209.8125,24740.725178804118,109021.64396515602
2019-01-13 00:48:00,603617.0,713630.3376975488,713631.0,0.0,110014.0,110014.0,False,604494.25,24766.69636056755,109136.08769754884
2019-01-13 00:49:00,602502.0,705808.8223455446,705809.0,0.0,103307.0,103307.0,False,596535.5,24797.839577525083,109273.32234554463
2019-01-13 00:50:00,623397.0,729803.6122659772,729804.0,0.0,106407.0,106407.0,False,620625.25,24776.28990035927,109178.36226597718
2019-01-13 00:51:00,596512.0,711953.216144026,711954.0,0.0,115442.0,115442.0,False,602702.0,24792.822927283665,109251.21614402608
2019-01-13 00:52:00,606395.0,694683.907654102,694684.0,0.0,88289.0,88289.0,False,585055.875,24878.335430852254,109628.03265410197
2019-01-13 00:53:00,594052.0,698405.0616941972,698406.0,0.0,104354.0,104354.0,False,589006.75,24826.203918887237,109398.3116941972
2019-01-13 00:54:00,596465.0,696595.3823706004,696596.0,0.0,100131.0,100131.0,False,587172.125,24831.864942715554,109423.25737060032
2019-01-13 00:55:00,613178.0,708981.7092656487,708982.0,0.0,95804.0,95804.0,False,599557.875,24831.995859855768,109423.83426564871
2019-01-13 00:56:00,593663.0,703040.9806184629,703041.0,0.0,109378.0,109378.0,False,593611.1875,24833.34812656626,109429.79311846291
2019-01-13 00:57:00,606809.0,698895.6324944248,698896.0,0.0,92087.0,92087.0,False,589693.3125,24781.726725138946,109202.3199944248
2019-01-13 00:58:00,593128.0,697510.7979319528,697511.0,0.0,104383.0,104383.0,False,588245.6875,24795.97601456658,109265.11043195275
2019-01-13 00:59:00,582378.0,697047.1277123044,697048.0,0.0,114670.0,114670.0,False,587933.5625,24761.5852413667,109113.56521230431
2019-01-13 01:00:00,685387.0,726617.6245471278,726618.0,0.0,41231.0,41231.0,False,617203.75,24829.73566041442,109413.87454712777
2019-01-13 01:01:00,624658.0,715096.7896084093,715097.0,0.0,90439.0,90439.0,False,624293.25,20606.416643582415,90803.53960840924
2019-01-13 01:02:00,618457.0,696093.5726995555,696094.0,0.0,77637.0,77637.0,False,605301.625,20603.786044548906,90791.94769955557
2019-01-13 01:03:00,632179.0,694230.5144674298,694231.0,0.0,62052.0,62052.0,False,606506.75,19907.510741926435,87723.7644674298
2019-01-13 01:04:00,618712.0,698114.5950751631,698115.0,0.0,79403.0,79403.0,False,610469.8125,19889.587059806032,87644.782575163
2019-01-13 01:05:00,628398.0,710266.519530156,710267.0,0.0,81869.0,81869.0,False,623636.9375,19659.203470163797,86629.582030156
2019-01-13 01:06:00,623492.0,730830.3579026432,730831.0,0.0,107339.0,107339.0,False,644181.4375,19663.592005703234,86648.92040264311
2019-01-13 01:07:00,639352.0,724053.8228394594,724054.0,0.0,84702.0,84702.0,False,636835.125,19792.8939173664,87218.69783945942
2019-01-13 01:08:00,629820.0,721640.1753909504,721641.0,0.0,91821.0,91821.0,False,640557.0,18400.534848047464,81083.17539095039
2019-01-13 01:09:00,630155.0,714322.5248192096,714323.0,0.0,84168.0,84168.0,False,633183.75,18413.15225248781,81138.7748192096
2019-01-13 01:10:00,657495.0,736129.3043950091,736130.0,0.0,78635.0,78635.0,False,656160.875,18147.561004261257,79968.42939500907
2019-01-13 01:11:00,652311.0,706173.115213532,706174.0,0.0,53863.0,53863.0,False,633368.1875,16521.918425655782,72804.92771353203
2019-01-13 01:12:00,638473.0,702528.0813387993,702529.0,0.0,64056.0,64056.0,False,631890.875,16029.988595523871,70637.20633879935
2019-01-13 01:13:00,634612.0,696801.9680257041,696802.0,0.0,62190.0,62190.0,False,626418.5625,15972.392544514476,70383.40552570415
2019-01-13 01:14:00,628107.0,691966.9880929883,691967.0,0.0,63860.0,63860.0,False,621596.75,15969.404405441483,70370.23809298826
2019-01-13 01:15:00,654785.0,694990.9778120148,694991.0,0.0,40206.0,40206.0,False,624733.0,15943.928723191177,70257.9778120147
2019-01-13 01:16:00,651149.0,699146.2074742545,699147.0,0.0,47998.0,47998.0,False,628143.125,16113.01835537296,71003.08247425454
2019-01-13 01:17:00,653240.0,699729.5227296498,699730.0,0.0,46490.0,46490.0,False,628205.8125,16231.166529884147,71523.7102296498
2019-01-13 01:18:00,658463.0,706211.791618742,706212.0,0.0,47749.0,47749.0,False,634081.5,16368.82051216042,72130.29161874209
2019-01-13 01:19:00,644218.0,707940.5225588689,707941.0,0.0,63723.0,63723.0,False,635443.875,16451.959156035526,72496.64755886882
2019-01-13 01:20:00,653903.0,718109.4023966657,718110.0,0.0,64207.0,64207.0,False,645925.75,16380.929890572988,72183.65239666567
2019-01-13 01:21:00,619759.0,716138.3687029469,716139.0,0.0,96380.0,96380.0,False,644386.625,16282.915093648373,71751.7437029469
2019-01-13 01:22:00,635396.0,685173.2019845606,685174.0,0.0,49778.0,49778.0,False,612012.125,16602.74082859042,73161.07698456057
2019-01-13 01:23:00,618691.0,690802.0208586841,690803.0,0.0,72112.0,72112.0,False,617700.875,16589.140414387894,73101.14585868409
2019-01-13 01:24:00,578910.0,681059.5063275323,681060.0,0.0,102150.0,102150.0,False,607931.0,16595.349436889457,73128.5063275323
2019-01-13 01:25:00,594066.0,664575.6512869856,664576.0,0.0,70510.0,70510.0,False,589119.3125,17123.61392682909,75456.3387869856
2019-01-13 01:26:00,600920.0,663183.8096860787,663184.0,0.0,62264.0,62264.0,False,587927.25,17078.27724273372,75256.55968607869
2019-01-13 01:27:00,578136.0,669811.1919485399,669812.0,0.0,91676.0,91676.0,False,594550.6875,17079.172443726846,75260.50444853996
2019-01-13 01:28:00,595878.0,660045.9277650916,660046.0,0.0,64168.0,64168.0,False,583682.1875,17329.5342356793,76363.74026509165
2019-01-13 01:29:00,576898.0,658233.5830540368,658234.0,0.0,81336.0,81336.0,False,581884.125,17326.293115422806,76349.45805403688
2019-01-13 01:30:00,661329.0,682861.0684077998,682862.0,0.0,21533.0,21533.0,False,606287.375,17377.179756469915,76573.69340779982
2019-01-13 01:31:00,606852.0,689611.6568079824,689612.0,0.0,82760.0,82760.0,False,616891.0,16502.794486234725,72720.65680798235
2019-01-13 01:32:00,606977.0,666121.6007177462,666122.0,0.0,59145.0,59145.0,False,592812.1875,16636.403373437726,73309.41321774619
2019-01-13 01:33:00,605835.0,671381.8248091667,671382.0,0.0,65547.0,65547.0,False,598619.6875,16512.207825116406,72762.13730916673
2019-01-13 01:34:00,594342.0,658316.2227104665,658317.0,0.0,63975.0,63975.0,False,585793.6875,16457.833946126808,72522.53521046645
2019-01-13 01:35:00,614620.0,673972.5907468782,673973.0,0.0,59353.0,59353.0,False,601769.1875,16385.412031360665,72203.4032468782
2019-01-13 01:36:00,607178.0,683468.415265575,683469.0,0.0,76291.0,76291.0,False,611256.5625,16387.32951501225,72211.85276557505
2019-01-13 01:37:00,604113.0,671873.6724339945,671874.0,0.0,67761.0,67761.0,False,600453.25,16207.727010228318,71420.4224339945
2019-01-13 01:38:00,584654.0,657971.9042428364,657972.0,0.0,73318.0,73318.0,False,587539.5625,15983.497839346986,70432.34174283636
2019-01-13 01:39:00,579568.0,652417.3035702496,652418.0,0.0,72850.0,72850.0,False,582508.9375,15864.58990836779,69908.36607024963
2019-01-13 01:40:00,601653.0,679206.842807448,679207.0,0.0,77554.0,77554.0,False,609492.625,15820.531053270608,69714.21780744799
2019-01-13 01:41:00,567176.0,657733.4662602973,657734.0,0.0,90558.0,90558.0,False,587554.375,15926.026677089516,70179.09126029733
2019-01-13 01:42:00,571170.0,639226.3280477334,639227.0,0.0,68057.0,68057.0,False,567963.6875,16171.920924902488,71262.64054773343
2019-01-13 01:43:00,572672.0,635705.3586972961,635706.0,0.0,63034.0,63034.0,False,564752.8125,16101.54995245484,70952.54619729612
2019-01-13 01:44:00,560298.0,635615.3822201339,635616.0,0.0,75318.0,75318.0,False,564670.25,16099.867468456434,70945.13222013395
2019-01-13 01:45:00,610744.0,651895.0260617766,651896.0,0.0,41152.0,41152.0,False,580712.25,16153.796952205494,71182.77606177653
2019-01-13 01:46:00,585700.0,650134.9555506371,650135.0,0.0,64435.0,64435.0,False,577858.0,16402.103554872712,72276.95555063708
2019-01-13 01:47:00,578744.0,647795.2732831116,647796.0,0.0,69052.0,69052.0,False,576182.625,16251.349604167448,71612.6482831116
2019-01-13 01:48:00,580815.0,639469.2339421514,639470.0,0.0,58655.0,58655.0,False,567874.0625,16247.38351355037,71595.17144215146
2019-01-13 01:49:00,558552.0,636551.7928374223,636552.0,0.0,78000.0,78000.0,False,565000.0,16237.539430309555,71551.79283742233
2019-01-13 01:50:00,596514.0,650891.9542819156,650892.0,0.0,54378.0,54378.0,False,578949.375,16326.22218792692,71942.57928191553
2019-01-13 01:51:00,570470.0,646604.8032891374,646605.0,0.0,76135.0,76135.0,False,574435.625,16377.64522246911,72169.17828913742
2019-01-13 01:52:00,581234.0,629586.6081576354,629587.0,0.0,48353.0,48353.0,False,557537.0,16350.510686100986,72049.60815763539
2019-01-13 01:53:00,569687.0,640487.4951253785,640488.0,0.0,70801.0,70801.0,False,568273.0625,16387.914973092633,72214.43262537847
2019-01-13 01:54:00,571309.0,630854.9536397841,630855.0,0.0,59546.0,59546.0,False,558580.375,16401.564152823288,72274.57863978416
2019-01-13 01:55:00,592011.0,668541.027941073,668542.0,0.0,76531.0,76531.0,False,596203.625,16415.821127091942,72337.402941073
2019-01-13 01:56:00,583745.0,639680.5390468262,639681.0,0.0,55936.0,55936.0,False,567176.625,16453.60816970867,72503.91404682615
2019-01-13 01:57:00,563935.0,643547.0432468796,643548.0,0.0,79613.0,79613.0,False,570931.5,16478.94063819846,72615.54324687959
2019-01-13 01:58:00,576528.0,628646.6735059454,628647.0,0.0,52119.0,52119.0,False,555851.6875,16519.662313509027,72794.9860059454
2019-01-13 01:59:00,584116.0,634486.2522094661,634487.0,0.0,50371.0,50371.0,False,561263.0,16616.85050531488,73223.25220946608
2019-01-13 02:00:00,674300.0,675962.7147050708,675963.0,0.0,1663.0,1663.0,False,602536.5625,16662.895426740237,73426.15220507087
2019-01-13 02:01:00,623178.0,687392.042350587,687393.0,0.0,64215.0,64215.0,False,612983.4375,16885.847402328418,74408.60485058698
2019-01-13 02:02:00,609006.0,669398.6442688818,669399.0,0.0,60393.0,60393.0,False,595081.125,16865.176980724413,74317.5192688817
2019-01-13 02:03:00,622443.0,670605.4536177762,670606.0,0.0,48163.0,48163.0,False,596267.6875,16869.771680510763,74337.76611777616
2019-01-13 02:04:00,606621.0,670105.5253923062,670106.0,0.0,63485.0,63485.0,False,595727.4375,16878.922064838924,74378.08789230618
2019-01-13 02:05:00,616410.0,688672.9849318953,688673.0,0.0,72263.0,72263.0,False,614271.4375,16884.24583359423,74401.54743189522
2019-01-13 02:06:00,605972.0,709245.313280588,709246.0,0.0,103274.0,103274.0,False,634797.1875,16894.816047749668,74448.12578058797
2019-01-13 02:07:00,711288.0,701643.0439201545,701644.0,9644.0,0.0,96440.0,False,626064.625,17151.31806808647,75578.41892015445
2019-01-13 02:08:00,709972.0,779481.9764946091,779482.0,0.0,69510.0,69510.0,False,692139.0625,19821.082794781516,87342.91399460919
2019-01-13 02:09:00,682465.0,756264.3001179411,756265.0,0.0,73800.0,73800.0,False,669499.75,19689.83232739207,86764.55011794111
2019-01-13 02:10:00,666323.0,757422.9946519468,757423.0,0.0,91100.0,91100.0,False,670921.125,19630.221180626733,86501.86965194682
2019-01-13 02:11:00,635048.0,731527.8229163202,731528.0,0.0,96480.0,96480.0,False,644780.375,19685.951255204323,86747.4479163202
2019-01-13 02:12:00,657567.0,705156.4985259802,705157.0,0.0,47590.0,47590.0,False,617923.125,19796.22433061109,87233.37352598013
2019-01-13 02:13:00,626909.0,739686.9819579836,739687.0,0.0,112778.0,112778.0,False,650763.0625,20179.866796314607,88923.91945798362
2019-01-13 02:14:00,613044.0,700242.7474360488,700243.0,0.0,87199.0,87199.0,False,609353.625,20625.838302820397,90889.12243604881
2019-01-13 02:15:00,607517.0,694880.4756237,694881.0,0.0,87364.0,87364.0,False,603953.0625,20634.527764340415,90927.41312369995
2019-01-13 02:16:00,594893.0,693568.1529630183,693569.0,0.0,98676.0,98676.0,False,603411.1875,20459.68694242372,90156.9654630183
2019-01-13 02:17:00,586111.0,697981.3135485048,697982.0,0.0,111871.0,111871.0,False,607717.6875,20483.891862996876,90263.6260485048
2019-01-13 02:18:00,584980.0,678434.7438857172,678435.0,0.0,93455.0,93455.0,False,587202.75,20703.647515737943,91231.99388571728
2019-01-13 02:19:00,574588.0,681263.7275911126,681264.0,0.0,106676.0,106676.0,False,590424.625,20614.487095921984,90839.10259111259
2019-01-13 02:20:00,597116.0,678267.2901767209,678268.0,0.0,81152.0,81152.0,False,586553.0,20813.09697509751,91714.29017672091
2019-01-13 02:21:00,598254.0,677346.0006833931,677347.0,0.0,79093.0,79093.0,False,585604.75,20819.21523255538,91741.25068339315
2019-01-13 02:22:00,576947.0,692943.6987296753,692944.0,0.0,115997.0,115997.0,False,602879.4375,20438.649193618687,90064.26122967532
2019-01-13 02:23:00,560558.0,682466.7820498815,682467.0,0.0,121909.0,121909.0,False,591027.0625,20750.787545760937,91439.71954988159
2019-01-13 02:24:00,563593.0,663567.2345778294,663568.0,0.0,99975.0,99975.0,False,569860.5,21265.25048855604,93706.73457782934
2019-01-13 02:25:00,578624.0,671850.4870464364,671851.0,0.0,93227.0,93227.0,False,580004.625,20842.955114742996,91845.86204643639
2019-01-13 02:26:00,579467.0,671330.2621610366,671331.0,0.0,91864.0,91864.0,False,579391.8125,20863.96639878232,91938.44966103665
2019-01-13 02:27:00,570708.0,655712.0495027524,655713.0,0.0,85005.0,85005.0,False,563808.0,20856.159830918685,91904.04950275236
2019-01-13 02:28:00,584006.0,649979.1524177518,649980.0,0.0,65974.0,65974.0,False,558951.3125,20657.318025263463,91027.83991775183
2019-01-13 02:29:00,584998.0,658076.809024761,658077.0,0.0,73079.0,73079.0,False,566481.125,20786.181198528455,91595.68402476095
2019-01-13 02:30:00,649685.0,680228.9436589746,680229.0,0.0,30544.0,30544.0,False,588608.625,20791.771636287354,91620.31865897459
2019-01-13 02:31:00,619863.0,692180.8387317489,692181.0,0.0,72318.0,72318.0,False,599472.5,21038.680457604834,92708.33873174885
2019-01-13 02:32:00,578550.0,681611.8649641816,681612.0,0.0,103062.0,103062.0,False,589099.5,20994.2073332848,92512.36496418159
2019-01-13 02:33:00,600927.0,660757.0873677506,660758.0,0.0,59831.0,59831.0,False,567791.1875,21097.129853988878,92965.89986775059
2019-01-13 02:34:00,580590.0,673154.6561195295,673155.0,0.0,92565.0,92565.0,False,579014.1875,21363.679519123827,94140.46861952954
2019-01-13 02:35:00,600271.0,674524.83393137,674525.0,0.0,74254.0,74254.0,False,580332.3125,21375.492075472186,94192.52143137001
2019-01-13 02:36:00,563113.0,688685.8802285986,688686.0,0.0,125573.0,125573.0,False,594270.5625,21426.05214556568,94415.31772859856
2019-01-13 02:37:00,566337.0,662281.9515725913,662282.0,0.0,95945.0,95945.0,False,565602.375,21939.88961632338,96679.57657259134
2019-01-13 02:38:00,559787.0,655873.7551825998,655874.0,0.0,96087.0,96087.0,False,559148.9375,21950.156365464125,96724.81768259974
2019-01-13 02:39:00,562299.0,653473.7007506477,653474.0,0.0,91175.0,91175.0,False,556842.625,21928.883127492256,96631.07575064771
2019-01-13 02:40:00,600955.0,692826.5545514169,692827.0,0.0,91872.0,91872.0,False,596354.9375,21892.696516177723,96471.61705141692
2019-01-13 02:41:00,571130.0,670060.623272103,670061.0,0.0,98931.0,98931.0,False,573953.4375,21809.994643410646,96107.18577210307
2019-01-13 02:42:00,541206.0,660006.641337997,660007.0,0.0,118801.0,118801.0,False,565026.125,21554.314965295667,94980.516337997
2019-01-13 02:43:00,559743.0,645844.4871781787,645845.0,0.0,86102.0,86102.0,False,549259.125,21918.509160523296,96585.36217817874
2019-01-13 02:44:00,574250.0,645991.8564716063,645992.0,0.0,71742.0,71742.0,False,549388.125,21922.677779009417,96603.73147160631
2019-01-13 02:45:00,589076.0,683375.3376640894,683376.0,0.0,94300.0,94300.0,False,586486.4375,21987.392270496784,96888.90016408935
2019-01-13 02:46:00,570772.0,665589.6942202095,665590.0,0.0,94818.0,94818.0,False,569526.25,21800.068195093292,96063.44422020951
2019-01-13 02:47:00,577843.0,652831.8425994393,652832.0,0.0,74989.0,74989.0,False,556712.5,21812.75344169356,96119.34259943929
2019-01-13 02:48:00,588343.0,659908.1319901774,659909.0,0.0,71566.0,71566.0,False,563496.25,21879.140595720877,96411.8819901774
2019-01-13 02:49:00,571065.0,670187.1574109474,670188.0,0.0,99123.0,99123.0,False,573317.5625,21983.011250865064,96869.59491094734
2019-01-13 02:50:00,576398.0,681536.6173911415,681537.0,0.0,105139.0,105139.0,False,584833.9375,21945.132546389188,96702.67989114152
2019-01-13 02:51:00,575444.0,653651.0540355905,653652.0,0.0,78208.0,78208.0,False,556704.875,22000.390797824213,96946.17903559051
2019-01-13 02:52:00,583331.0,657972.066057618,657973.0,0.0,74642.0,74642.0,False,561022.25,22001.216162028784,96949.81605761804
2019-01-13 02:53:00,571932.0,664957.5853391129,664958.0,0.0,93026.0,93026.0,False,568079.5625,21984.923834889545,96878.02283911289
2019-01-13 02:54:00,565000.0,656779.4769638206,656780.0,0.0,91780.0,91780.0,False,559941.3125,21975.878611635577,96838.16446382062
2019-01-13 02:55:00,566342.0,670252.2742782341,670253.0,0.0,103911.0,103911.0,False,573450.3125,21967.662988918346,96801.96177823414
2019-01-13 02:56:00,569797.0,650142.5892350927,650143.0,0.0,80346.0,80346.0,False,553213.5625,21996.49835649452,96929.02673509269
2019-01-13 02:57:00,565885.0,665488.5522522795,665489.0,0.0,99604.0,99604.0,False,568559.0625,21996.603430868334,96929.48975227949
2019-01-13 02:58:00,563263.0,665786.7364279246,665787.0,0.0,102524.0,102524.0,False,569034.0625,21956.47789653842,96752.67392792462
2019-01-13 02:59:00,579371.0,652621.1136943663,652622.0,0.0,73251.0,73251.0,False,555888.9375,21951.826262474675,96732.17619436634
2019-01-13 03:00:00,684484.0,671216.9969200073,671217.0,13267.0,0.0,132670.0,False,574450.8125,21959.54388746912,96766.18442000727
2019-01-13 03:01:00,602308.0,726396.6628683712,726397.0,0.0,124089.0,124089.0,False,619468.0625,24265.74228062055,106928.60036837129
2019-01-13 03:02:00,584196.0,693986.052756719,693987.0,0.0,109791.0,109791.0,False,586158.5,24469.74520315993,107827.55275671897
2019-01-13 03:03:00,570592.0,690020.696538086,690021.0,0.0,119429.0,119429.0,False,582141.6875,24481.42238642119,107879.00903808599
2019-01-13 03:04:00,577479.0,679941.8069677319,679942.0,0.0,102463.0,102463.0,False,572141.9375,24463.46292177099,107799.86946773193
2019-01-13 03:05:00,575308.0,705098.4258223529,705099.0,0.0,129791.0,129791.0,False,597329.625,24456.41238768396,107768.80082235287
2019-01-13 03:06:00,565183.0,695455.3493104817,695456.0,0.0,130273.0,130273.0,False,586535.6875,24717.581953567606,108919.66181048167
2019-01-13 03:07:00,641780.0,687681.68229714,687682.0,0.0,45902.0,45902.0,False,579451.5,24561.115562715397,108230.18229713997
2019-01-13 03:08:00,653098.0,719873.2925214266,719874.0,0.0,66776.0,66776.0,False,616405.8125,23480.296160014506,103467.48002142661
2019-01-13 03:09:00,661960.0,730428.9591752825,730429.0,0.0,68469.0,68469.0,False,625697.5,23767.136091425557,104731.45917528248
2019-01-13 03:10:00,613251.0,754791.0720836269,754792.0,0.0,141541.0,141541.0,False,648732.0,24068.416689612834,106059.07208362692
2019-01-13 03:11:00,550134.0,703468.4330761291,703469.0,0.0,153335.0,153335.0,False,594983.9375,24618.827909694868,108484.49557612906
2019-01-13 03:12:00,584885.0,660541.938650604,660542.0,0.0,75657.0,75657.0,False,548680.75,25385.114605898572,111861.188650604
2019-01-13 03:13:00,685565.0,665838.777258828,665839.0,19726.0,0.0,197260.0,False,554304.5,25310.927273846086,111534.27725882799
2019-01-13 03:14:00,684660.0,778277.8383693757,778278.0,0.0,93618.0,93618.0,False,647164.8125,29754.01234485518,131113.02586937568
2019-01-13 03:15:00,615173.0,772523.2893356786,772524.0,0.0,157351.0,157351.0,False,640360.3125,29992.28198897117,132162.9768356785
2019-01-13 03:16:00,578227.0,714582.7335616339,714583.0,0.0,136356.0,136356.0,False,581101.8125,30291.36843373046,133480.9210616338
2019-01-13 03:17:00,585410.0,711139.9417735605,711140.0,0.0,125730.0,125730.0,False,577843.9375,30249.404514748185,133296.0042735605
2019-01-13 03:18:00,579360.0,705878.4106623305,705879.0,0.0,126519.0,126519.0,False,573657.625,30005.40078117689,132220.78566233045
2019-01-13 03:19:00,551394.0,706568.370298871,706569.0,0.0,155175.0,155175.0,False,574477.0,29976.03202626901,132091.37029887093
2019-01-13 03:20:00,576327.0,679394.0019035287,679395.0,0.0,103068.0,103068.0,False,546808.6875,30088.124771365885,132585.3144035287
2019-01-13 03:21:00,559157.0,692090.4997462502,692091.0,0.0,132934.0,132934.0,False,558972.8125,30208.93830632452,133117.68724625022
2019-01-13 03:22:00,556611.0,684134.7881503025,684135.0,0.0,127524.0,127524.0,False,550952.0,30223.711919319776,133182.78815030245
2019-01-13 03:23:00,559494.0,687335.7725379594,687336.0,0.0,127842.0,127842.0,False,555608.875,29893.320739914223,131726.89753795942
2019-01-13 03:24:00,553837.0,682553.332892641,682554.0,0.0,128717.0,128717.0,False,552745.0625,29457.918876610016,129808.27039264099
2019-01-13 03:25:00,562405.0,712513.6124710845,712514.0,0.0,150109.0,150109.0,False,582929.5625,29407.03562418926,129584.04997108449
2019-01-13 03:26:00,569908.0,675894.5670436478,675895.0,0.0,105987.0,105987.0,False,545335.1875,29628.3711318547,130559.37954364777
2019-01-13 03:27:00,556760.0,697295.9165589621,697296.0,0.0,140536.0,140536.0,False,566569.3125,29666.320071405382,130726.60405896207
2019-01-13 03:28:00,565964.0,683404.9680964052,683405.0,0.0,117441.0,117441.0,False,552220.5,29770.22502007097,131184.46809640518
2019-01-13 03:29:00,539937.0,678826.5829269424,678827.0,0.0,138890.0,138890.0,False,547921.4375,29706.837190369948,130905.14542694238
2019-01-13 03:30:00,610193.0,698973.6492754708,698974.0,0.0,88781.0,88781.0,False,567818.5625,29763.557397384397,131155.08677547073
2019-01-13 03:31:00,572476.0,700941.299595492,700942.0,0.0,128466.0,128466.0,False,571786.625,29309.5957234529,129154.674595492
2019-01-13 03:32:00,562699.0,677834.1476035427,677835.0,0.0,115136.0,115136.0,False,548785.75,29285.477853321623,129048.39760354262
2019-01-13 03:33:00,566953.0,678986.0138991511,678987.0,0.0,112034.0,112034.0,False,550352.125,29191.41170676039,128633.88889915109
2019-01-13 03:34:00,534505.0,675753.9497345558,675754.0,0.0,141249.0,141249.0,False,547803.0625,29036.415360476913,127950.88723455582
2019-01-13 03:35:00,544447.0,672919.1156007817,672920.0,0.0,128473.0,128473.0,False,544439.125,29156.486939833747,128479.9906007817
2019-01-13 03:36:00,561279.0,667940.9071684375,667941.0,0.0,106662.0,106662.0,False,539562.9375,29133.33491462287,128377.96966843752
2019-01-13 03:37:00,557919.0,672582.3869045873,672583.0,0.0,114664.0,114664.0,False,545940.5625,28739.344407039527,126641.82440458724
2019-01-13 03:38:00,548684.0,670910.385466729,670911.0,0.0,122227.0,122227.0,False,544337.375,28723.728180177604,126573.01046672909
2019-01-13 03:39:00,544562.0,659710.4698977304,659711.0,0.0,115149.0,115149.0,False,533198.0,28709.989462568068,126512.46989773042
2019-01-13 03:40:00,583994.0,698715.8531831198,698716.0,0.0,114722.0,114722.0,False,572211.625,28708.11913674313,126504.22818311973
2019-01-13 03:41:00,562095.0,685486.8666229822,685487.0,0.0,123392.0,123392.0,False,558998.6875,28704.47705823653,126488.17912298224
2019-01-13 03:42:00,553564.0,668881.8485176958,668882.0,0.0,115318.0,115318.0,False,542530.625,28673.397165576207,126351.22351769578
2019-01-13 03:43:00,549794.0,667563.2285733917,667564.0,0.0,117770.0,117770.0,False,542640.125,28349.30809684331,124923.10357339168
2019-01-13 03:44:00,568205.0,659506.362628432,659507.0,0.0,91302.0,91302.0,False,534575.0,28351.18235780248,124931.36262843198
2019-01-13 03:45:00,576409.0,684851.719213648,684852.0,0.0,108443.0,108443.0,False,559479.9375,28451.128452490924,125371.78171364804
2019-01-13 03:46:00,564478.0,679370.1606525922,679371.0,0.0,114893.0,114893.0,False,554007.8125,28448.987656103596,125362.34815259217
2019-01-13 03:47:00,562115.0,674579.4684710285,674580.0,0.0,112465.0,112465.0,False,549320.8125,28425.45636750848,125258.65597102846
2019-01-13 03:48:00,578601.0,671500.1194198515,671501.0,0.0,92900.0,92900.0,False,546386.8125,28392.471716026623,125113.30691985147
2019-01-13 03:49:00,569954.0,685456.3383874183,685457.0,0.0,115503.0,115503.0,False,559994.375,28471.59374659003,125461.96338741833
2019-01-13 03:50:00,593605.0,709237.92176768,709238.0,0.0,115633.0,115633.0,False,583981.5,28424.949350653576,125256.42176767993
2019-01-13 03:51:00,561041.0,691174.8397423627,691175.0,0.0,130134.0,130134.0,False,566387.375,28318.52702512204,124787.46474236269
2019-01-13 03:52:00,559153.0,671415.0105841227,671416.0,0.0,112263.0,112263.0,False,546385.5,28373.45547266563,125029.51058412269
2019-01-13 03:53:00,568945.0,672470.4958249276,672471.0,0.0,103526.0,103526.0,False,547620.0,28332.830925106875,124850.49582492757
2019-01-13 03:54:00,577332.0,676426.2921630468,676427.0,0.0,99095.0,99095.0,False,551474.9375,28355.71923154773,124951.35466304675
2019-01-13 03:55:00,564350.0,693621.3515384039,693622.0,0.0,129272.0,129272.0,False,568412.875,28414.068944726732,125208.4765384039
2019-01-13 03:56:00,553468.0,671641.6845204808,671642.0,0.0,118174.0,118174.0,False,546562.875,28384.643080847658,125078.80952048076
2019-01-13 03:57:00,563696.0,672227.1188982049,672228.0,0.0,108532.0,108532.0,False,547171.375,28379.408705350725,125055.74389820485
2019-01-13 03:58:00,547748.0,674875.2897463996,674876.0,0.0,127128.0,127128.0,False,550017.3125,28334.5287145169,124857.97724639963
2019-01-13 03:59:00,552437.0,677870.8630497875,677871.0,0.0,125434.0,125434.0,False,553150.125,28303.384465323354,124720.7380497875
2019-01-13 04:00:00,669960.0,701268.0327501954,701269.0,0.0,31309.0,31309.0,False,576576.5,28296.756787876056,124691.53275019531
2019-01-13 04:01:00,578573.0,722358.7920230383,722359.0,0.0,143786.0,143786.0,False,601669.5,27388.512018042486,120689.29202303822
2019-01-13 04:02:00,585354.0,685108.6402231285,685109.0,0.0,99755.0,99755.0,False,563934.5,27498.540592512578,121174.14022312853
2019-01-13 04:03:00,592017.0,697737.9445378677,697738.0,0.0,105721.0,105721.0,False,576614.25,27487.092747936927,121123.69453786768
2019-01-13 04:04:00,568339.0,698768.032113568,698769.0,0.0,130430.0,130430.0,False,578296.3125,27339.13742604943,120471.71961356806
2019-01-13 04:05:00,585107.0,701704.690844636,701705.0,0.0,116598.0,116598.0,False,580685.1875,27463.44821659393,121019.5033446359
2019-01-13 04:06:00,583129.0,713573.861245347,713574.0,0.0,130445.0,130445.0,False,593973.125,27141.481627028883,119600.73624534698
2019-01-13 04:07:00,606753.0,723294.8900865339,723295.0,0.0,116542.0,116542.0,False,604480.1875,26963.103811150406,118814.70258653385
2019-01-13 04:08:00,574277.0,709693.2778598536,709694.0,0.0,135417.0,135417.0,False,594408.75,26161.986899229025,115284.52785985352
2019-01-13 04:09:00,574815.0,681122.5253216177,681123.0,0.0,106308.0,106308.0,False,565553.375,26226.577432357222,115569.1503216177
2019-01-13 04:10:00,588497.0,688962.6957313252,688963.0,0.0,100466.0,100466.0,False,574410.75,25995.739056565635,114551.94573132518
2019-01-13 04:11:00,574414.0,682326.3188504705,682327.0,0.0,107913.0,107913.0,False,570646.625,25343.92725256054,111679.69385047047
2019-01-13 04:12:00,577868.0,682831.1434334567,682832.0,0.0,104964.0,104964.0,False,575595.4375,24335.43499584952,107235.70593345661
2019-01-13 04:13:00,584549.0,669380.5142331518,669381.0,0.0,84832.0,84832.0,False,563043.75,24131.434498791194,106336.76423315183
2019-01-13 04:14:00,573266.0,650369.5660595366,650370.0,0.0,77104.0,77104.0,False,569487.6875,18354.853739193855,80881.87855953665
2019-01-13 04:15:00,598517.0,648187.5620760381,648188.0,0.0,49671.0,49671.0,False,569014.5625,17967.050879533403,79172.99957603811
2019-01-13 04:16:00,580848.0,654270.5417941822,654271.0,0.0,73423.0,73423.0,False,576477.9375,17653.792162599813,77792.6042941822
2019-01-13 04:17:00,585995.0,668310.4372611205,668311.0,0.0,82316.0,82316.0,False,590760.75,17598.666012070018,77549.68726112053
2019-01-13 04:18:00,576863.0,650209.2579307314,650210.0,0.0,73347.0,73347.0,False,572282.125,17684.321293371384,77927.13293073143
2019-01-13 04:19:00,583686.0,643096.8010426481,643097.0,0.0,59411.0,59411.0,False,565153.375,17688.018755541074,77943.42604264812
2019-01-13 04:20:00,587103.0,661885.2634173003,661886.0,0.0,74783.0,74783.0,False,585911.125,17241.120303410575,75974.13841730029
2019-01-13 04:21:00,596661.0,644628.4871405084,644629.0,0.0,47968.0,47968.0,False,569414.3125,17068.658631914725,75214.17464050831
2019-01-13 04:22:00,576193.0,654540.9573762271,654541.0,0.0,78348.0,78348.0,False,578788.6875,17190.77077279564,75752.26987622709
2019-01-13 04:23:00,565917.0,642117.2471734842,642118.0,0.0,76201.0,76201.0,False,566093.8125,17252.307303369762,76023.43467348414
2019-01-13 04:24:00,576604.0,636714.5502105595,636715.0,0.0,60111.0,60111.0,False,560565.375,17280.842114976633,76149.17521055952
2019-01-13 04:25:00,578691.0,658200.4685677313,658201.0,0.0,79510.0,79510.0,False,582093.0625,17271.363273472507,76107.40606773138
2019-01-13 04:26:00,563611.0,644817.5368002965,644818.0,0.0,81207.0,81207.0,False,570288.5,16913.177514608367,74529.03680029656
2019-01-13 04:27:00,564166.0,627924.5568415924,627925.0,0.0,63759.0,63759.0,False,553337.9375,16926.244954957674,74586.61934159242
2019-01-13 04:28:00,577151.0,626244.235534084,626245.0,0.0,49094.0,49094.0,False,552447.5,16746.993409172886,73796.73553408401
2019-01-13 04:29:00,588006.0,636664.4345497743,636665.0,0.0,48659.0,48659.0,False,562404.0625,16852.20832981027,74260.37204977428
2019-01-13 04:30:00,649967.0,655331.8579938118,655332.0,0.0,5365.0,5365.0,False,581234.0625,16815.314170583795,74097.79549381186
2019-01-13 04:31:00,606452.0,677133.7552508096,677134.0,0.0,70682.0,70682.0,False,598010.1875,17955.833114339406,79123.56775080963
2019-01-13 04:32:00,608338.0,663116.122446289,663117.0,0.0,54779.0,54779.0,False,584187.375,17911.621750080987,78928.74744628902
2019-01-13 04:33:00,617334.0,669391.1802857242,669392.0,0.0,52058.0,52058.0,False,590119.8125,17989.37397753176,79271.36778572427
2019-01-13 04:34:00,608066.0,666808.1026350455,666809.0,0.0,58743.0,58743.0,False,587066.625,18096.057918104372,79741.47763504556
2019-01-13 04:35:00,608997.0,680607.3135179158,680608.0,0.0,71611.0,71611.0,False,601923.6875,17855.995347155385,78683.62601791583
2019-01-13 04:36:00,591414.0,679888.0987706182,679889.0,0.0,88475.0,88475.0,False,601443.25,17801.808655050198,78444.84877061822
2019-01-13 04:37:00,583633.0,662759.3998063914,662760.0,0.0,79127.0,79127.0,False,583572.125,17970.290415630912,79187.2748063914
2019-01-13 04:38:00,570710.0,654750.5429203415,654751.0,0.0,84041.0,84041.0,False,575312.5625,18027.184060506646,79437.9804203415
2019-01-13 04:39:00,591377.0,649787.959684316,649788.0,0.0,58411.0,58411.0,False,569945.25,18119.03091887003,79842.70968431592
2019-01-13 04:40:00,618459.0,698212.003431176,698213.0,0.0,79754.0,79754.0,False,618149.75,18168.852874476615,80062.25343117595
2019-01-13 04:41:00,596596.0,669867.6952696667,669868.0,0.0,73272.0,73272.0,False,589576.0625,18220.9068609044,80291.63276966676
2019-01-13 04:42:00,615202.0,665349.0591596544,665350.0,0.0,50148.0,50148.0,False,585150.4375,18199.79947132839,80198.62165965447
2019-01-13 04:43:00,612304.0,680610.1029633541,680611.0,0.0,68307.0,68307.0,False,599692.125,18363.045923759062,80917.97796335405
2019-01-13 04:44:00,592835.0,683459.1081891934,683460.0,0.0,90625.0,90625.0,False,602572.75,18355.870319775564,80886.35818919342
2019-01-13 04:45:00,617545.0,684359.0381258436,684360.0,0.0,66815.0,66815.0,False,603634.375,18319.1762012537,80724.66312584365
2019-01-13 04:46:00,603454.0,677506.1008197026,677507.0,0.0,74053.0,74053.0,False,596839.4375,18306.014069295583,80666.66331970257
2019-01-13 04:47:00,602063.0,674220.6675495954,674221.0,0.0,72158.0,72158.0,False,593522.625,18313.135085589813,80698.04254959534
2019-01-13 04:48:00,601198.0,674100.0031146129,674101.0,0.0,72903.0,72903.0,False,593404.75,18312.50206776147,80695.25311461289
2019-01-13 04:49:00,602549.0,672661.8995777541,672662.0,0.0,70113.0,70113.0,False,592926.1875,18094.7495167332,79735.71207775408
2019-01-13 04:50:00,612405.0,701106.7024646949,701107.0,0.0,88702.0,88702.0,False,621370.625,18094.83243547812,79736.0774646949
2019-01-13 04:51:00,580951.0,682330.2099436217,682331.0,0.0,101380.0,101380.0,False,601875.1875,18257.985544304778,80455.02244362167
2019-01-13 04:52:00,595397.0,672439.5622944396,672440.0,0.0,77043.0,77043.0,False,590571.3125,18578.69497621293,81868.24979443967
2019-01-13 04:53:00,581151.0,671881.6959568829,671882.0,0.0,90731.0,90731.0,False,589993.875,18583.136339724126,81887.8209568829
2019-01-13 04:54:00,595774.0,664119.2718484453,664120.0,0.0,68346.0,68346.0,False,581891.0,18660.39624554351,82228.27184844523
2019-01-13 04:55:00,607339.0,691440.8492059464,691441.0,0.0,84102.0,84102.0,False,609738.25,18541.10321427869,81702.59920594648
2019-01-13 04:56:00,592368.0,668608.4794869253,668609.0,0.0,76241.0,76241.0,False,586984.3125,18523.304271744055,81624.16698692528
2019-01-13 04:57:00,599395.0,671992.1300439785,671993.0,0.0,72598.0,72598.0,False,590352.75,18526.756632669774,81639.38004397848
2019-01-13 04:58:00,609048.0,667942.3231612133,667943.0,0.0,58895.0,58895.0,False,586427.375,18498.518799309295,81514.94816121334
2019-01-13 04:59:00,610804.0,680530.9669087884,680531.0,0.0,69727.0,69727.0,False,598873.9375,18530.761874825937,81657.02940878844
2019-01-13 05:00:00,732195.0,703836.6781460654,703837.0,28358.0,0.0,283580.0,False,622352.25,18491.592768112514,81484.42814606545
2019-01-13 05:01:00,717513.0,761702.2230821864,761703.0,0.0,44190.0,44190.0,False,674391.0,19813.89104710278,87311.22308218638
2019-01-13 05:02:00,722563.0,745761.609382173,745762.0,0.0,23199.0,23199.0,False,658442.5625,19815.666533861953,87319.04688217302
2019-01-13 05:03:00,741830.0,754550.699354439,754551.0,0.0,12721.0,12721.0,False,662323.9375,20929.394257721462,92226.761854439
2019-01-13 05:04:00,751019.0,768537.83496827,768538.0,0.0,17519.0,17519.0,False,668607.75,22677.540710032663,99930.08496826999
2019-01-13 05:05:00,661808.0,824679.2788412906,824680.0,0.0,162872.0,162872.0,False,718050.25,24197.75929528539,106629.02884129058
2019-01-13 05:06:00,614473.0,730127.7993261325,730128.0,0.0,115655.0,115655.0,False,616500.375,25785.93365301565,113627.42432613256
2019-01-13 05:07:00,588127.0,720739.0860868061,720740.0,0.0,132613.0,132613.0,False,607598.625,25675.425104087462,113140.46108680614
2019-01-13 05:08:00,608823.0,714799.2203146857,714800.0,0.0,105977.0,105977.0,False,600335.0625,25975.816987510334,114464.15781468572
2019-01-13 05:09:00,627550.0,726155.3702258616,726156.0,0.0,98606.0,98606.0,False,613213.375,25630.38643887916,112941.99522586152
2019-01-13 05:10:00,645055.0,734145.5465842625,734146.0,0.0,89091.0,89091.0,False,621223.125,25625.94451276306,112922.42158426254
2019-01-13 05:11:00,608991.0,738336.3126114288,738337.0,0.0,129346.0,129346.0,False,625255.0625,25661.98811656737,113081.2501114288
2019-01-13 05:12:00,610630.0,726208.587607266,726209.0,0.0,115579.0,115579.0,False,612018.8125,25913.55020349213,114189.77510726599
2019-01-13 05:13:00,588124.0,734232.6754865891,734233.0,0.0,146109.0,146109.0,False,619912.8125,25943.0715751608,114319.86298658903
2019-01-13 05:14:00,612467.0,728712.9853248883,728713.0,0.0,116246.0,116246.0,False,611760.1875,26540.57418912687,116952.7978248882
2019-01-13 05:15:00,650283.0,753076.424276349,753077.0,0.0,102794.0,102794.0,False,636040.375,26559.466779684262,117036.04927634897
2019-01-13 05:16:00,650095.0,732319.4839175985,732320.0,0.0,82225.0,82225.0,False,615705.5,26463.685770807933,116613.98391759851
2019-01-13 05:17:00,767211.0,739482.317913834,739483.0,27728.0,0.0,277280.0,False,622256.0625,26602.631032246274,117226.25541383396
2019-01-13 05:18:00,710773.0,860190.6727823348,860191.0,0.0,149418.0,149418.0,False,721534.25,31465.86609380259,138656.42278233485
2019-01-13 05:19:00,758610.0,806852.4217548292,806853.0,0.0,48243.0,48243.0,False,667562.9375,31609.529309129615,139289.48425482924
2019-01-13 05:20:00,709911.0,822129.1863864978,822130.0,0.0,112219.0,112219.0,False,676306.75,33092.07871324201,145822.43638649784
2019-01-13 05:21:00,637193.0,790567.7403704391,790568.0,0.0,153375.0,153375.0,False,644643.3125,33115.22405560702,145924.4278704391
2019-01-13 05:22:00,621590.0,767890.5737470698,767891.0,0.0,146301.0,146301.0,False,621500.375,33220.92333545545,146390.19874706975
2019-01-13 05:23:00,629886.0,752296.0581717436,752297.0,0.0,122411.0,122411.0,False,606006.5,33198.084560278156,146289.55817174367
2019-01-13 05:24:00,634318.0,770082.4784286129,770083.0,0.0,135765.0,135765.0,False,624009.4375,33148.94942147506,146073.04092861293
2019-01-13 05:25:00,621597.0,775313.2376704075,775314.0,0.0,153717.0,153717.0,False,629203.4375,33157.29134575673,146109.80017040748
2019-01-13 05:26:00,595409.0,762510.9251391374,762511.0,0.0,167102.0,167102.0,False,616201.125,33202.67815228569,146309.8001391374
2019-01-13 05:27:00,602657.0,752283.4468820803,752284.0,0.0,149627.0,149627.0,False,605053.375,33411.51916269318,147230.07188208026
2019-01-13 05:28:00,621571.0,745526.9945961635,745527.0,0.0,123956.0,123956.0,False,597966.1875,33486.57425029762,147560.80709616345
2019-01-13 05:29:00,601322.0,759105.4830296091,759106.0,0.0,157784.0,157784.0,False,611565.5625,33481.834376780265,147539.92052960914
2019-01-13 05:30:00,649869.0,761191.9373553537,761192.0,0.0,111323.0,111323.0,False,613063.5,33615.38889420711,148128.4373553537
2019-01-13 05:31:00,618667.0,762300.1499824978,762301.0,0.0,143634.0,143634.0,False,616857.5625,33005.878056184054,145442.5874824978
2019-01-13 05:32:00,604085.0,751906.7522914706,751907.0,0.0,147822.0,147822.0,False,606328.9375,33036.565739531,145577.81479147062
2019-01-13 05:33:00,623407.0,746201.9464441168,746202.0,0.0,122795.0,122795.0,False,600444.4375,33077.344464609465,145757.50894411682
2019-01-13 05:34:00,586706.0,755052.5509591722,755053.0,0.0,168347.0,168347.0,False,609402.0,33053.07205396741,145650.55095917216
2019-01-13 05:35:00,589676.0,745368.3198840966,745369.0,0.0,155693.0,155693.0,False,598344.5,33364.71355773163,147023.81988409665
2019-01-13 05:36:00,600012.0,728248.1288690413,728249.0,0.0,128237.0,128237.0,False,580751.5625,33471.99584075242,147496.5663690413
2019-01-13 05:37:00,586264.0,736229.9530968481,736230.0,0.0,149966.0,149966.0,False,589271.9375,33349.78032312618,146958.0155968481
2019-01-13 05:38:00,586200.0,734024.8897368658,734025.0,0.0,147825.0,147825.0,False,586967.75,33372.274967469886,147057.13973686576
2019-01-13 05:39:00,589201.0,726388.9748079173,726389.0,0.0,137188.0,137188.0,False,579466.0,33341.82837434375,146922.97480791723
2019-01-13 05:40:00,600267.0,766632.3752300849,766633.0,0.0,166366.0,166366.0,False,619772.375,33327.537297207724,146860.00023008484
2019-01-13 05:41:00,554479.0,740044.9912319855,740045.0,0.0,185566.0,185566.0,False,592206.875,33549.50514061825,147838.11623198554
2019-01-13 05:42:00,590310.0,715004.9586945649,715005.0,0.0,124695.0,124695.0,False,564478.5625,34159.56744878817,150526.39619456494
2019-01-13 05:43:00,604907.0,756527.1840260525,756528.0,0.0,151621.0,151621.0,False,606146.125,34126.58549388773,150381.05902605254
2019-01-13 05:44:00,583642.0,737065.164650561,737066.0,0.0,153424.0,153424.0,False,586502.5625,34167.78381367277,150562.60215056108
2019-01-13 05:45:00,608570.0,736578.5919730461,736579.0,0.0,128009.0,128009.0,False,586282.625,34107.27520813376,150295.96697304602
2019-01-13 05:46:00,617243.0,735969.6521167438,735970.0,0.0,118727.0,118727.0,False,585561.0,34132.847306210475,150408.65211674382
2019-01-13 05:47:00,646777.0,752711.0110775703,752712.0,0.0,105935.0,105935.0,False,601924.1875,34218.66729426501,150786.82357757032
2019-01-13 05:48:00,614726.0,775269.050934711,775270.0,0.0,160544.0,160544.0,False,623390.625,34466.38905794695,151878.42593471103
2019-01-13 05:49:00,604789.0,749578.4369519611,749579.0,0.0,144790.0,144790.0,False,597236.375,34571.60386547127,152342.06195196108
2019-01-13 05:50:00,639716.0,746675.9290602426,746676.0,0.0,106960.0,106960.0,False,594316.0,34575.65852103923,152359.92906024255
2019-01-13 05:51:00,622342.0,766368.9607699497,766369.0,0.0,144027.0,144027.0,False,613417.6875,34709.85466821087,152951.2732699497
2019-01-13 05:52:00,613172.0,759709.2462370638,759710.0,0.0,146538.0,146538.0,False,608012.875,34425.07464478839,151696.37123706372
2019-01-13 05:53:00,604293.0,747283.1226904471,747284.0,0.0,142991.0,142991.0,False,595593.1875,34423.61408654704,151689.93519044714
2019-01-13 05:54:00,605755.0,744689.8948210917,744690.0,0.0,138935.0,138935.0,False,593534.625,34302.28029919308,151155.2698210917
2019-01-13 05:55:00,616946.0,751673.975901694,751674.0,0.0,134728.0,134728.0,False,600514.1875,34303.30571907133,151159.78840169407
2019-01-13 05:56:00,595702.0,754190.4649548802,754191.0,0.0,158489.0,158489.0,False,603331.25,34235.095364015186,150859.21495488018
2019-01-13 05:57:00,605071.0,766016.2501496483,766017.0,0.0,160946.0,160946.0,False,614721.1875,34334.00405447227,151295.06264964826
2019-01-13 05:58:00,605050.0,744847.50321382,744848.0,0.0,139798.0,139798.0,False,592971.6875,34465.79670990144,151875.81571382002
2019-01-13 05:59:00,597568.0,751091.9103289455,751092.0,0.0,153524.0,153524.0,False,599291.25,34448.74139267028,151800.66032894547
2019-01-13 06:00:00,724660.0,788461.7448158639,788462.0,0.0,63802.0,63802.0,False,636408.0625,34506.160701487024,152053.6823158639
2019-01-13 06:01:00,680876.0,806836.8505849338,806837.0,0.0,125961.0,125961.0,False,658766.125,33602.29212736695,148070.7255849337
2019-01-13 06:02:00,670435.0,791887.9271448506,791888.0,0.0,121453.0,121453.0,False,644713.6875,33398.848925966064,147174.23964485058
2019-01-13 06:03:00,688069.0,790686.2572380571,790687.0,0.0,102618.0,102618.0,False,646261.8125,32774.826781255084,144424.44473805706
2019-01-13 06:04:00,642294.0,785130.5032958621,785131.0,0.0,142837.0,142837.0,False,644874.4375,31828.879590411783,140256.06579586217
2019-01-13 06:05:00,753618.0,779113.3916943321,779114.0,0.0,25496.0,25496.0,False,644646.9375,30515.019476806712,134466.4541943321
2019-01-13 06:06:00,717103.0,861215.5234830986,861216.0,0.0,144113.0,144113.0,False,721028.3125,31813.254087641282,140187.21098309857
2019-01-13 06:07:00,635550.0,840384.0850258218,840385.0,0.0,204835.0,204835.0,False,700126.75,31829.167621929908,140257.3350258218
2019-01-13 06:08:00,748748.0,777463.864982748,777464.0,0.0,28716.0,28716.0,False,631628.1875,33095.083569080525,145835.67748274808
2019-01-13 06:09:00,757991.0,865902.1379079586,865903.0,0.0,107912.0,107912.0,False,708555.5,35707.312646411665,157346.6379079586
2019-01-13 06:10:00,663939.0,901769.3334863803,901770.0,0.0,237831.0,237831.0,False,743163.0625,35993.16630524405,158606.27098638026
2019-01-13 06:11:00,630818.0,805317.4437797774,805318.0,0.0,174500.0,174500.0,False,638212.6875,37921.76214578419,167104.75627977742
2019-01-13 06:12:00,647969.0,795933.6138504612,795934.0,0.0,147965.0,147965.0,False,629256.1875,37824.78642649244,166677.42635046123
2019-01-13 06:13:00,628734.0,808726.8240744779,808727.0,0.0,179993.0,179993.0,False,642228.875,37784.056918117356,166497.9490744779
2019-01-13 06:14:00,629535.0,794193.4348722461,794194.0,0.0,164659.0,164659.0,False,628988.4375,37490.642128439395,165204.99737224617
2019-01-13 06:15:00,665587.0,794900.9854455229,794901.0,0.0,129314.0,129314.0,False,629691.875,37491.57552489058,165209.11044552288
2019-01-13 06:16:00,666661.0,814921.3855304029,814922.0,0.0,148261.0,148261.0,False,649239.5625,37598.850114831796,165681.8230304029
2019-01-13 06:17:00,655939.0,813087.4989608389,813088.0,0.0,157149.0,157149.0,False,647802.5,37508.797214395294,165284.99896083892
2019-01-13 06:18:00,665961.0,791302.5061252755,791303.0,0.0,125342.0,125342.0,False,644122.0625,33400.256820482486,147180.44362527557
2019-01-13 06:19:00,616448.0,805475.894687986,805476.0,0.0,189028.0,189028.0,False,658744.75,33298.295584838634,146731.14468798594
2019-01-13 06:20:00,627423.0,773155.069591333,773156.0,0.0,145733.0,145733.0,False,630424.625,32390.400436552853,142730.44459133304
2019-01-13 06:21:00,645704.0,756048.4302244502,756049.0,0.0,110345.0,110345.0,False,613796.875,32281.72412434381,142251.5552244502
2019-01-13 06:22:00,623887.0,769694.9059174897,769695.0,0.0,145808.0,145808.0,False,627205.0,32335.814016755914,142489.9059174896
2019-01-13 06:23:00,632912.0,754752.9006601318,754753.0,0.0,121841.0,121841.0,False,612174.1875,32355.96740560777,142578.71316013183
2019-01-13 06:24:00,628671.0,760145.363009248,760146.0,0.0,131475.0,131475.0,False,617655.8125,32335.733362517818,142489.55050924807
2019-01-13 06:25:00,587226.0,766837.8889767402,766838.0,0.0,179612.0,179612.0,False,624346.9375,32336.05128977011,142490.95147674016
2019-01-13 06:26:00,575169.0,741205.2440166844,741206.0,0.0,166037.0,166037.0,False,596590.875,32817.927070439895,144614.36901668442
2019-01-13 06:27:00,607609.0,727008.6497544335,727009.0,0.0,119400.0,119400.0,False,582351.4375,32827.649660674,144657.21225443354
2019-01-13 06:28:00,618213.0,766033.4401267767,766034.0,0.0,147821.0,147821.0,False,621258.25,32854.42285919369,144775.19012677672
2019-01-13 06:29:00,610797.0,741973.9033146348,741974.0,0.0,131177.0,131177.0,False,597243.3125,32844.3017558537,144730.5908146348
2019-01-13 06:30:00,652365.0,743208.2620612205,743209.0,0.0,90844.0,90844.0,False,598896.125,32749.340343268777,144312.1370612205
2019-01-13 06:31:00,650507.0,769581.0058395241,769582.0,0.0,119075.0,119075.0,False,623956.0,33047.2749960449,145625.00583952406
2019-01-13 06:32:00,638787.0,773838.3829587632,773839.0,0.0,135052.0,135052.0,False,627994.125,33097.03077140909,145844.25795876316
2019-01-13 06:33:00,624222.0,764008.9808347637,764009.0,0.0,139787.0,139787.0,False,618345.0625,33056.105566890576,145663.91833476376
2019-01-13 06:34:00,616822.0,754911.0622506792,754912.0,0.0,138090.0,138090.0,False,609397.125,33022.06974933732,145513.93725067924
2019-01-13 06:35:00,639793.0,744165.9257156679,744166.0,0.0,104373.0,104373.0,False,599877.375,32743.987797920312,144288.55071566795
2019-01-13 06:36:00,624149.0,765020.8330189015,765021.0,0.0,140872.0,140872.0,False,620254.875,32852.327779396204,144765.95801890155
2019-01-13 06:37:00,627433.0,749423.0935525653,749424.0,0.0,121991.0,121991.0,False,604659.375,32851.81956819009,144763.71855256532
2019-01-13 06:38:00,625242.0,754930.8404098569,754931.0,0.0,129689.0,129689.0,False,610266.0625,32829.36656563725,144664.77790985684
2019-01-13 06:39:00,599064.0,759581.119217933,759582.0,0.0,160518.0,160518.0,False,615086.9375,32790.65247779717,144494.18171793307
2019-01-13 06:40:00,656222.0,759540.0995231657,759541.0,0.0,103319.0,103319.0,False,614182.8125,32986.52047593479,145357.28702316567
2019-01-13 06:41:00,646090.0,770667.2126109528,770668.0,0.0,124578.0,124578.0,False,625432.3125,32958.74671606095,145234.90011095285
2019-01-13 06:42:00,653355.0,765612.9692990598,765613.0,0.0,112258.0,112258.0,False,623228.5,32311.886856006193,142384.46929905983
2019-01-13 06:43:00,655620.0,776504.103892403,776505.0,0.0,120885.0,120885.0,False,633980.125,32343.546335566174,142523.978892403
2019-01-13 06:44:00,636247.0,776823.9867033828,776824.0,0.0,140577.0,140577.0,False,634492.75,32299.806566512278,142331.23670338275
2019-01-13 06:45:00,664884.0,785254.1953828753,785255.0,0.0,120371.0,120371.0,False,643077.1875,32264.806792852243,142177.0078828753
2019-01-13 06:46:00,643296.0,776287.1426324863,776288.0,0.0,132992.0,132992.0,False,634118.75,32262.851699033534,142168.39263248627
2019-01-13 06:47:00,619513.0,770495.2176922894,770496.0,0.0,150983.0,150983.0,False,628657.625,32187.7819228688,141837.59269228939
2019-01-13 06:48:00,627254.0,750800.0084306949,750801.0,0.0,123547.0,123547.0,False,609519.375,32061.388891854665,141280.63343069487
2019-01-13 06:49:00,625217.0,755803.5415118595,755804.0,0.0,130587.0,130587.0,False,615042.5625,31943.46160056867,140760.9790118595
2019-01-13 06:50:00,654182.0,770566.0315414867,770567.0,0.0,116385.0,116385.0,False,629832.125,31937.31793473275,140733.9065414867
2019-01-13 06:51:00,632116.0,769958.538266562,769959.0,0.0,137843.0,137843.0,False,630277.75,31698.329520386185,139680.788266562
2019-01-13 06:52:00,627322.0,760825.0742271974,760826.0,0.0,133504.0,133504.0,False,621019.8125,31726.576789181912,139805.26172719744
2019-01-13 06:53:00,654934.0,764693.4333910411,764694.0,0.0,109760.0,109760.0,False,624907.1875,31722.261448124143,139786.24589104112
2019-01-13 06:54:00,663369.0,779162.9661896551,779163.0,0.0,115794.0,115794.0,False,639068.0,31792.32060140171,140094.96618965513
2019-01-13 06:55:00,681755.0,801470.2283036126,801471.0,0.0,119716.0,119716.0,False,661239.1875,31823.20056711576,140231.0408036126
2019-01-13 06:56:00,642385.0,788791.0639810752,788792.0,0.0,146407.0,146407.0,False,648513.3125,31833.80081117727,140277.75148107516
2019-01-13 06:57:00,645706.0,768011.571434659,768012.0,0.0,122306.0,122306.0,False,627804.625,31817.732733950197,140206.946434659
2019-01-13 06:58:00,650840.0,768020.2281503577,768021.0,0.0,117181.0,117181.0,False,628430.25,31677.721611288933,139589.97815035767
2019-01-13 06:59:00,640297.0,773198.0039735918,773199.0,0.0,132902.0,132902.0,False,633533.25,31694.690793052938,139664.75397359184
2019-01-13 07:00:00,742022.0,802297.204755593,802298.0,0.0,60276.0,60276.0,False,662863.875,31642.172753799572,139433.329755593
2019-01-13 07:01:00,681416.0,821356.4150393109,821357.0,0.0,139941.0,139941.0,False,683396.375,31307.833124955378,137960.0400393109
2019-01-13 07:02:00,724260.0,799663.2451925909,799664.0,0.0,75404.0,75404.0,False,661481.1875,31358.216494210017,138182.05769259093
2019-01-13 07:03:00,715798.0,838396.0267249724,838397.0,0.0,122599.0,122599.0,False,697621.9375,31946.43675456438,140774.0892249724
2019-01-13 07:04:00,683308.0,822375.2749505367,822376.0,0.0,139068.0,139068.0,False,682460.8125,31751.358153571593,139914.46245053667
2019-01-13 07:05:00,711024.0,817378.1006819176,817379.0,0.0,106355.0,106355.0,False,677581.9375,31724.512019287537,139796.16318191763
2019-01-13 07:06:00,739637.0,843127.4886847809,843128.0,0.0,103491.0,103491.0,False,713824.375,29343.28160985415,129303.11368478088
2019-01-13 07:07:00,766157.0,853045.1294832386,853046.0,0.0,86889.0,86889.0,False,723900.0625,29307.415428919256,129145.06698323859
2019-01-13 07:08:00,746872.0,885366.2497659602,885367.0,0.0,138495.0,138495.0,False,763200.125,27723.655680335523,122166.12476596012
2019-01-13 07:09:00,759099.0,843986.9234639556,843987.0,0.0,84888.0,84888.0,False,735454.4375,24629.7185636353,108532.48596395562
2019-01-13 07:10:00,711834.0,862451.4174186328,862452.0,0.0,150618.0,150618.0,False,755771.625,24209.279280404295,106679.79241863282
2019-01-13 07:11:00,677521.0,790445.4164781926,790446.0,0.0,112925.0,112925.0,False,692041.875,22331.11598565803,98403.54147819255
2019-01-13 07:12:00,676539.0,774749.2141738684,774750.0,0.0,98211.0,98211.0,False,675786.5,22458.011320272763,98962.71417386839
2019-01-13 07:13:00,670000.0,761821.2913965773,761822.0,0.0,91822.0,91822.0,False,662680.9375,22498.323825207885,99140.3538965773
2019-01-13 07:14:00,664100.0,755783.6071205909,755784.0,0.0,91684.0,91684.0,False,657727.5625,22252.25711010145,98056.04462059085
2019-01-13 07:15:00,699742.0,749363.4439696973,749364.0,0.0,49622.0,49622.0,False,651491.125,22210.56350072508,97872.31896969734
2019-01-13 07:16:00,679937.0,767333.6054503334,767334.0,0.0,87397.0,87397.0,False,668286.9375,22477.063292300514,99046.6679503334
2019-01-13 07:17:00,674485.0,763098.3268613992,763099.0,0.0,88614.0,88614.0,False,664076.625,22471.397636173486,99021.70186139923
2019-01-13 07:18:00,660232.0,759124.2249424722,759125.0,0.0,98893.0,98893.0,False,660131.5625,22464.807602700348,98992.66244247215
2019-01-13 07:19:00,678163.0,766604.1860467945,766605.0,0.0,88442.0,88442.0,False,667465.875,22497.860232996103,99138.31104679451
2019-01-13 07:20:00,701024.0,782272.5839374552,782273.0,0.0,81249.0,81249.0,False,688299.6875,21325.65168214093,93972.89643745519
2019-01-13 07:21:00,697213.0,759877.4295039399,759878.0,0.0,62665.0,62665.0,False,666392.8125,21214.844443911024,93484.61700393993
2019-01-13 07:22:00,719911.0,765551.6039089174,765552.0,0.0,45641.0,45641.0,False,672132.4375,21199.991474121296,93419.16640891742
2019-01-13 07:23:00,732760.0,786399.1571331902,786400.0,0.0,53640.0,53640.0,False,691602.75,21512.5343144694,94796.4071331902
2019-01-13 07:24:00,676096.0,795125.1656433516,795126.0,0.0,119030.0,119030.0,False,699222.6875,21763.539508441645,95902.47814335165
2019-01-13 07:25:00,660739.0,760924.5700735583,760925.0,0.0,100186.0,100186.0,False,662640.25,22304.060587296663,98284.32007355825
2019-01-13 07:26:00,656548.0,739756.807835098,739757.0,0.0,83209.0,83209.0,False,645545.625,21379.726983737128,94211.18283509804
2019-01-13 07:27:00,648827.0,737080.9815367259,737081.0,0.0,88254.0,88254.0,False,645199.375,20851.066757337492,91881.60653672593
2019-01-13 07:28:00,653967.0,727863.0513684527,727864.0,0.0,73897.0,73897.0,False,635898.125,20869.974865706838,91964.92636845275
2019-01-13 07:29:00,665825.0,726492.9106088226,726493.0,0.0,60668.0,60668.0,False,635125.875,20734.29308332899,91367.03560882263
2019-01-13 07:30:00,734432.0,745145.4010028862,745146.0,0.0,10714.0,10714.0,False,653398.0625,20820.59676619895,91747.33850288618
2019-01-13 07:31:00,702256.0,783177.0561562815,783178.0,0.0,80922.0,80922.0,False,686595.5,21917.64544449079,96581.55615628154
2019-01-13 07:32:00,711253.0,774636.0688669083,774637.0,0.0,63384.0,63384.0,False,678227.75,21878.332001662187,96408.3188669083
2019-01-13 07:33:00,718298.0,799853.6472417836,799854.0,0.0,81556.0,81556.0,False,703039.3125,21970.470835871387,96814.33474178353
2019-01-13 07:34:00,671347.0,778332.8652074789,778333.0,0.0,106986.0,106986.0,False,681711.6875,21926.636924289458,96621.17770747884
2019-01-13 07:35:00,683693.0,750497.3783680777,750498.0,0.0,66805.0,66805.0,False,652802.4375,22170.31036652805,97694.94086807768
2019-01-13 07:36:00,667702.0,759079.213176756,759080.0,0.0,91378.0,91378.0,False,661953.25,22041.18994436347,97125.9631767561
2019-01-13 07:37:00,670895.0,743696.7728557774,743697.0,0.0,72802.0,72802.0,False,646642.1875,22024.991885074796,97054.58535577738
2019-01-13 07:38:00,670731.0,746242.4374237884,746243.0,0.0,75512.0,75512.0,False,649152.75,22032.957740168156,97089.68742378833
2019-01-13 07:39:00,651978.0,747445.9239338291,747446.0,0.0,95468.0,95468.0,False,650316.3125,22042.017858182604,97129.61143382905
2019-01-13 07:40:00,719251.0,766391.7766903474,766392.0,0.0,47141.0,47141.0,False,670677.5625,21720.816003704873,95714.2141903473
2019-01-13 07:41:00,737523.0,771726.5613354342,771727.0,0.0,34204.0,34204.0,False,675386.0625,21862.94132601934,96340.49883543423
2019-01-13 07:42:00,734237.0,788244.2675553415,788245.0,0.0,54008.0,54008.0,False,688598.1875,22613.09031977401,99646.0800553415
2019-01-13 07:43:00,672000.0,813308.363130916,813309.0,0.0,141309.0,141309.0,False,712652.6875,22842.201950901217,100655.67563091606
2019-01-13 07:44:00,693397.0,755787.8413686295,755788.0,0.0,62391.0,62391.0,False,649889.375,24031.969781344178,105898.46636862951
2019-01-13 07:45:00,701556.0,772340.2510866259,772341.0,0.0,70785.0,70785.0,False,665748.625,24189.2713360102,106591.62608662584
2019-01-13 07:46:00,692926.0,778799.7206708714,778800.0,0.0,85874.0,85874.0,False,671734.6875,24296.70353151774,107065.03317087141
2019-01-13 07:47:00,704645.0,772419.611018794,772420.0,0.0,67775.0,67775.0,False,665451.875,24274.623492979743,106967.73601879402
2019-01-13 07:48:00,702494.0,786794.8881195264,786795.0,0.0,84301.0,84301.0,False,680316.875,24163.488683194446,106478.01311952638
2019-01-13 07:49:00,673073.0,781946.9260675928,781947.0,0.0,108874.0,108874.0,False,675453.375,24167.014772959497,106493.55106759284
2019-01-13 07:50:00,718088.0,768828.3951199271,768829.0,0.0,50741.0,50741.0,False,661770.125,24295.168764854,107058.27011992707
2019-01-13 07:51:00,671484.0,801963.6205990636,801964.0,0.0,130480.0,130480.0,False,692853.625,24760.775174512342,109109.99559906356
2019-01-13 07:52:00,698860.0,780309.3542914669,780310.0,0.0,81450.0,81450.0,False,669238.75,25205.70408108275,111070.6042914669
2019-01-13 07:53:00,681303.0,777833.5479725044,777834.0,0.0,96531.0,96531.0,False,666831.6875,25190.103766587064,111001.86047250437
2019-01-13 07:54:00,663596.0,769353.7526760529,769354.0,0.0,105758.0,105758.0,False,658497.625,25157.032030228944,110856.1276760529
2019-01-13 07:55:00,686195.0,770382.4788884688,770383.0,0.0,84188.0,84188.0,False,659299.625,25208.4839319633,111082.8538884688
2019-01-13 07:56:00,684849.0,769663.1273412288,769664.0,0.0,84815.0,84815.0,False,658486.1875,25229.83523997664,111176.9398412288
2019-01-13 07:57:00,687237.0,773323.1087119798,773324.0,0.0,86087.0,86087.0,False,662986.1875,25039.2063951395,110336.92121197986
2019-01-13 07:58:00,690380.0,775137.1995528415,775138.0,0.0,84758.0,84758.0,False,664767.0,25046.758384411707,110370.19955284146
2019-01-13 07:59:00,675470.0,775736.5494912966,775737.0,0.0,100267.0,100267.0,False,665322.75,25056.6526958154,110413.79949129668
2019-01-13 08:00:00,761153.0,801689.9739359802,801690.0,0.0,40537.0,40537.0,False,691385.0,25031.956469831355,110304.97393598022
2019-01-13 08:01:00,760333.0,813370.2761610429,813371.0,0.0,53038.0,53038.0,False,704593.625,24685.12796510511,108776.65116104289
2019-01-13 08:02:00,764895.0,815040.9777140247,815041.0,0.0,50146.0,50146.0,False,705051.25,24960.416362221607,109989.72771402466
2019-01-13 08:03:00,771924.0,834516.7721890719,834517.0,0.0,62593.0,62593.0,False,724882.375,24879.779760664715,109634.39718907193
2019-01-13 08:04:00,704353.0,833816.8143617609,833817.0,0.0,129464.0,129464.0,False,723151.125,25113.81508883958,110665.68936176086
2019-01-13 08:05:00,704053.0,794850.8869274075,794851.0,0.0,90798.0,90798.0,False,682503.125,25495.534659045006,112347.76192740745
2019-01-13 08:06:00,713287.0,788431.576907909,788432.0,0.0,75145.0,75145.0,False,676331.875,25439.241389680803,112099.70190790905
2019-01-13 08:07:00,731357.0,804163.4547691084,804164.0,0.0,72807.0,72807.0,False,691706.375,25520.342601580975,112457.07976910844
2019-01-13 08:08:00,744953.0,833750.9548897198,833751.0,0.0,88798.0,88798.0,False,721448.6875,25485.210398530056,112302.2673897199
2019-01-13 08:09:00,754108.0,842596.1066605707,842597.0,0.0,88489.0,88489.0,False,732268.3125,25037.13515623324,110327.79416057076
2019-01-13 08:10:00,772037.0,841012.9559057069,841013.0,0.0,68976.0,68976.0,False,730694.625,25034.98762130925,110318.33090570683
2019-01-13 08:11:00,747431.0,841794.4126272217,841795.0,0.0,94364.0,94364.0,False,737374.875,23696.350465587937,104419.53762722167
2019-01-13 08:12:00,717670.0,821921.3241504845,821922.0,0.0,104252.0,104252.0,False,719408.125,23263.73731983672,102513.19915048446
2019-01-13 08:13:00,679838.0,802994.977331051,802995.0,0.0,123157.0,123157.0,False,700299.1875,23305.173365779592,102695.789831051
2019-01-13 08:14:00,681592.0,769291.6604215538,769292.0,0.0,87700.0,87700.0,False,664081.8125,23875.698795762626,105209.84792155377
2019-01-13 08:15:00,686841.0,775363.766117247,775364.0,0.0,88523.0,88523.0,False,670511.4375,23794.56548560271,104852.32861724708
2019-01-13 08:16:00,684786.0,770276.5048061665,770277.0,0.0,85491.0,85491.0,False,666424.5,23567.55793371084,103852.00480616656
2019-01-13 08:17:00,682564.0,769571.3165841331,769572.0,0.0,87008.0,87008.0,False,665865.1875,23534.45376266895,103706.12908413305
2019-01-13 08:18:00,690881.0,770307.2261700466,770308.0,0.0,79427.0,79427.0,False,666768.6875,23496.42178822138,103538.5386700466
2019-01-13 08:19:00,674680.0,773364.9790647882,773365.0,0.0,98685.0,98685.0,False,670597.125,23321.527195507948,102767.85406478815
2019-01-13 08:20:00,706845.0,773651.7822657136,773652.0,0.0,66807.0,66807.0,False,670570.0625,23392.754015864182,103081.71976571353
2019-01-13 08:21:00,683761.0,802923.2167568344,802924.0,0.0,119163.0,119163.0,False,699702.8125,23424.226251620243,103220.40425683443
2019-01-13 08:22:00,680013.0,790930.2539046184,790931.0,0.0,110918.0,110918.0,False,685535.0,23917.773729754404,105395.25390461844
2019-01-13 08:23:00,675072.0,769504.6787058807,769505.0,0.0,94433.0,94433.0,False,664033.0,23935.117120810577,105471.67870588071
2019-01-13 08:24:00,646895.0,763710.7796564968,763711.0,0.0,116816.0,116816.0,False,658720.5625,23825.857092762628,104990.21715649689
2019-01-13 08:25:00,654577.0,754782.0809770168,754783.0,0.0,100206.0,100206.0,False,651131.8125,23521.777087848062,103650.26847701678
2019-01-13 08:26:00,636931.0,742583.0790255563,742584.0,0.0,105653.0,105653.0,False,639269.0625,23445.4700645878,103314.01652555628
2019-01-13 08:27:00,634606.0,740559.8071834461,740560.0,0.0,105954.0,105954.0,False,636559.25,23601.269529016703,104000.55718344619
2019-01-13 08:28:00,666021.0,732861.7082858598,732862.0,0.0,66841.0,66841.0,False,628517.5,23679.25567170343,104344.2082858598
2019-01-13 08:29:00,662739.0,742008.6378683602,742009.0,0.0,79270.0,79270.0,False,637242.5625,23774.99168494372,104766.07536836021
2019-01-13 08:30:00,717914.0,780790.7023108103,780791.0,0.0,62877.0,62877.0,False,676140.5,23748.696140607713,104650.20231081029
2019-01-13 08:31:00,681754.0,774376.663170488,774377.0,0.0,92623.0,92623.0,False,674813.75,22594.21692026083,99562.91317048798
2019-01-13 08:32:00,688419.0,758997.5138059481,758998.0,0.0,70579.0,70579.0,False,659184.875,22650.88817463116,99812.6388059481
2019-01-13 08:33:00,711021.0,769062.6987322309,769063.0,0.0,58042.0,58042.0,False,669386.75,22619.86854013006,99675.94873223089
2019-01-13 08:34:00,664188.0,770700.6986628374,770701.0,0.0,106513.0,106513.0,False,670321.5,22779.459907791974,100379.19866283741
2019-01-13 08:35:00,675517.0,754589.8462499833,754590.0,0.0,79073.0,79073.0,False,654603.0625,22690.407595224653,99986.7837499833
2019-01-13 08:36:00,653866.0,754817.8588628011,754818.0,0.0,100952.0,100952.0,False,655008.5,22650.14384378959,99809.35886280109
2019-01-13 08:37:00,656281.0,737548.8800264815,737549.0,0.0,81268.0,81268.0,False,637338.8125,22741.078290971927,100210.06752648143
2019-01-13 08:38:00,667644.0,738302.2141547194,738303.0,0.0,70659.0,70659.0,False,638116.625,22735.523314486854,100185.58915471935
2019-01-13 08:39:00,659059.0,745869.3272062315,745870.0,0.0,86811.0,86811.0,False,645546.1875,22766.738220714495,100323.13970623152
2019-01-13 08:40:00,663593.0,772860.55102984,772861.0,0.0,109268.0,109268.0,False,673026.8125,22655.676420810287,99833.73852984
2019-01-13 08:41:00,652064.0,745687.7351368534,745688.0,0.0,93624.0,93624.0,False,645778.25,22672.865906486593,99909.48513685344
2019-01-13 08:42:00,642851.0,743299.9370184141,743300.0,0.0,100449.0,100449.0,False,646176.9375,22040.517389319386,97122.99951841412
2019-01-13 08:43:00,635537.0,757121.1839032585,757122.0,0.0,121585.0,121585.0,False,660489.875,21928.93603776273,96631.30890325856
2019-01-13 08:44:00,653078.0,722217.8787762498,722218.0,0.0,69140.0,69140.0,False,628288.9375,21315.67675859346,93928.94127624983
2019-01-13 08:45:00,696703.0,756385.4056328614,756386.0,0.0,59683.0,59683.0,False,663513.6875,21075.756809747323,92871.71813286148
2019-01-13 08:46:00,653622.0,748266.0036350772,748267.0,0.0,94645.0,94645.0,False,655547.9375,21040.887936814433,92718.06613507718
2019-01-13 08:47:00,652582.0,739346.3111733156,739347.0,0.0,86765.0,86765.0,False,645999.125,21183.6567064315,93347.18617331558
2019-01-13 08:48:00,666861.0,742990.6997761792,742991.0,0.0,76130.0,76130.0,False,650312.5625,21031.82671842908,92678.13727617919
2019-01-13 08:49:00,639711.0,745030.8126123194,745031.0,0.0,105320.0,105320.0,False,652405.5625,21019.824819182733,92625.25011231942
2019-01-13 08:50:00,685406.0,740788.1019208768,740789.0,0.0,55383.0,55383.0,False,647299.1875,21215.819674218925,93488.91442087672
2019-01-13 08:51:00,639091.0,746868.6872143624,746869.0,0.0,107778.0,107778.0,False,655349.125,20768.9065664216,91519.56221436244
2019-01-13 08:52:00,628407.0,726021.6633039553,726022.0,0.0,97615.0,97615.0,False,635137.0625,20624.812190454864,90884.60080395539
2019-01-13 08:53:00,643458.0,717026.1508636478,717027.0,0.0,73569.0,73569.0,False,625562.5625,20756.204192770252,91463.58836364782
2019-01-13 08:54:00,662695.0,731038.0741319755,731039.0,0.0,68344.0,68344.0,False,639568.125,20757.647667803263,91469.94913197552
2019-01-13 08:55:00,666477.0,769146.8198849307,769147.0,0.0,102670.0,102670.0,False,677786.9375,20732.66977313099,91359.88238493075
2019-01-13 08:56:00,654261.0,739531.1886527082,739532.0,0.0,85271.0,85271.0,False,647111.5,20973.175920903235,92419.68865270824
2019-01-13 08:57:00,661425.0,738630.9159657296,738631.0,0.0,77206.0,77206.0,False,646316.625,20949.25759502609,92314.29096572957
2019-01-13 08:58:00,660900.0,743005.3377204159,743006.0,0.0,82106.0,82106.0,False,650842.625,20914.85932717765,92162.71272041592
2019-01-13 08:59:00,639730.0,739362.2579709225,739363.0,0.0,99633.0,99633.0,False,647368.3125,20876.56028868367,91993.94547092252
2019-01-13 09:00:00,725493.0,770348.613172342,770349.0,0.0,44856.0,44856.0,False,677531.4375,21063.379267296023,92817.17567234197
2019-01-13 09:01:00,683483.0,760540.7618095868,760541.0,0.0,77058.0,77058.0,False,671188.8125,20277.001351818308,89351.94930958678
2019-01-13 09:02:00,678966.0,747898.3328229851,747899.0,0.0,68933.0,68933.0,False,661819.5625,19534.20552868406,86078.77032298516
2019-01-13 09:03:00,663831.0,746538.9254144446,746539.0,0.0,82708.0,82708.0,False,664675.5,18577.600160034468,81863.42541444463
2019-01-13 09:04:00,655216.0,735380.2607987229,735381.0,0.0,80165.0,80165.0,False,655621.4375,18099.99424012701,79758.82329872287
2019-01-13 09:05:00,720038.0,748555.1851239145,748556.0,0.0,28518.0,28518.0,False,670415.875,17732.471526983998,78139.31012391453
2019-01-13 09:06:00,786788.0,792225.8588370812,792226.0,0.0,5438.0,5438.0,True,711420.625,18337.460440526647,80805.23383708119
2019-01-13 09:07:00,748748.0,845440.879092227,845441.0,0.0,96693.0,96693.0,False,758222.3125,19792.86413289801,87218.56659222695
2019-01-13 09:08:00,764754.0,812007.1507720317,812008.0,0.0,47254.0,47254.0,False,725219.4375,19695.08883618049,86787.71327203176
2019-01-13 09:09:00,647056.0,829705.7755882305,829706.0,0.0,182650.0,182650.0,False,741785.8125,19952.03489310545,87919.96308823046
2019-01-13 09:10:00,704455.0,743867.8284204501,743868.0,0.0,39413.0,39413.0,False,637302.25,24183.360233159736,106565.57842045005
2019-01-13 09:11:00,669764.0,774087.9582181219,774088.0,0.0,104324.0,104324.0,False,664174.125,24943.193315518012,109913.83321812187
2019-01-13 09:12:00,632930.0,760410.4195022387,760411.0,0.0,127481.0,127481.0,False,650454.3125,24952.78667732273,109956.10700223871
2019-01-13 09:13:00,674175.0,739263.9780318897,739264.0,0.0,65089.0,65089.0,False,628359.4375,25168.018556553572,110904.54053188962
2019-01-13 09:14:00,663569.0,764413.6442997945,764414.0,0.0,100845.0,100845.0,False,653241.1875,25228.817885146353,111172.4567997944
2019-01-13 09:15:00,684839.0,767148.1559840929,767149.0,0.0,82310.0,82310.0,False,656020.375,25218.679420542347,111127.78098409282
2019-01-13 09:16:00,672323.0,781450.7329661138,781451.0,0.0,109128.0,109128.0,False,669932.75,25307.22954371323,111517.98296611385
2019-01-13 09:17:00,657420.0,769803.3104560614,769804.0,0.0,112384.0,112384.0,False,658219.4375,25322.182227180805,111583.87295606136
2019-01-13 09:18:00,656588.0,767293.1203672737,767294.0,0.0,110706.0,110706.0,False,655528.25,25363.2567060275,111764.87036727367
2019-01-13 09:19:00,649600.0,758402.1712148108,758403.0,0.0,108803.0,108803.0,False,646731.125,25341.96480942062,111671.0462148108
2019-01-13 09:20:00,679858.0,785585.940424811,785586.0,0.0,105728.0,105728.0,False,673888.5,25347.954554870936,111697.44042481098
2019-01-13 09:21:00,645161.0,764930.1411413234,764931.0,0.0,119770.0,119770.0,False,654150.1875,25139.74554664219,110779.95364132334
2019-01-13 09:22:00,661858.0,746722.7567076444,746723.0,0.0,84865.0,84865.0,False,636410.6875,25033.566628694567,110312.0692076444
2019-01-13 09:23:00,645617.0,758867.4226243414,758868.0,0.0,113251.0,113251.0,False,648634.875,25015.520472291788,110232.54762434139
2019-01-13 09:24:00,631846.0,748087.9869372107,748088.0,0.0,116242.0,116242.0,False,637568.25,25080.693511383528,110519.7369372106
2019-01-13 09:25:00,636462.0,757452.3427703182,757453.0,0.0,120991.0,120991.0,False,647285.0,25000.72326950672,110167.34277031811
2019-01-13 09:26:00,656958.0,741879.7546014991,741880.0,0.0,84922.0,84922.0,False,631104.9375,25138.579890763787,110774.81710149912
2019-01-13 09:27:00,650967.0,748814.4621395497,748815.0,0.0,97848.0,97848.0,False,637974.0,25153.47698630089,110840.46213954968
2019-01-13 09:28:00,650560.0,747201.4439942887,747202.0,0.0,96642.0,96642.0,False,636614.375,25095.973449011544,110587.06899428864
2019-01-13 09:29:00,624244.0,748314.0455465748,748315.0,0.0,124071.0,124071.0,False,638729.5625,24868.452541250805,109584.48304657474
2019-01-13 09:30:00,680369.0,761471.7986471399,761472.0,0.0,81103.0,81103.0,False,651273.5,25007.7482125663,110198.2986471399
2019-01-13 09:31:00,662725.0,763276.2607323932,763277.0,0.0,100552.0,100552.0,False,654018.5625,24794.293933966786,109257.69823239328
2019-01-13 09:32:00,631987.0,758370.4480901408,758371.0,0.0,126384.0,126384.0,False,649125.125,24791.485592591795,109245.32309014081
2019-01-13 09:33:00,619847.0,740128.796044711,740129.0,0.0,120282.0,120282.0,False,630366.9375,24908.705084628753,109761.858544711
2019-01-13 09:34:00,621276.0,723735.0930341916,723736.0,0.0,102460.0,102460.0,False,614986.875,24678.675519959223,108748.21803419167
2019-01-13 09:35:00,627818.0,725624.673689177,725625.0,0.0,97807.0,97807.0,False,617194.375,24606.528789659078,108430.29868917704
2019-01-13 09:36:00,618962.0,727417.6886396201,727418.0,0.0,108456.0,108456.0,False,619205.25,24557.088922330968,108212.43863962006
2019-01-13 09:37:00,613680.0,719440.6820461813,719441.0,0.0,105761.0,105761.0,False,611253.25,24551.41407435193,108187.43204618129
2019-01-13 09:38:00,630366.0,721347.7421847305,721348.0,0.0,90982.0,90982.0,False,613269.5625,24526.620991515523,108078.1796847305
2019-01-13 09:39:00,620035.0,729496.1760337935,729497.0,0.0,109462.0,109462.0,False,621980.75,24398.9130161556,107515.4260337935
2019-01-13 09:40:00,661631.0,754510.2878733802,754511.0,0.0,92880.0,92880.0,False,646891.75,24422.312605384974,107618.53787338022
2019-01-13 09:41:00,638480.0,752350.5338450578,752351.0,0.0,113871.0,113871.0,False,645126.75,24332.72946782862,107223.78384505781
2019-01-13 09:42:00,639565.0,734145.493618078,734146.0,0.0,94581.0,94581.0,False,626596.375,24406.559011372952,107549.11861807796
2019-01-13 09:43:00,618730.0,738260.5789469946,738261.0,0.0,119531.0,119531.0,False,630877.0,24368.992420377752,107383.57894699459
2019-01-13 09:44:00,638657.0,721638.17809654,721639.0,0.0,82982.0,82982.0,False,615301.25,24131.471684976485,106336.92809654
2019-01-13 09:45:00,666555.0,749489.554106919,749490.0,0.0,82935.0,82935.0,False,643220.4375,24116.08294777109,106269.11660691893
2019-01-13 09:46:00,650571.0,746574.872436008,746575.0,0.0,96004.0,96004.0,False,640902.375,23980.68973219427,105672.497436008
2019-01-13 09:47:00,643882.0,746364.5712385605,746365.0,0.0,102483.0,102483.0,False,640854.875,23943.74459416172,105509.6962385605
2019-01-13 09:48:00,633464.0,743236.0140092836,743237.0,0.0,109773.0,109773.0,False,637685.8125,23952.93662002747,105550.20150928365
2019-01-13 09:49:00,644343.0,736775.9456408146,736776.0,0.0,92433.0,92433.0,False,631088.6875,23984.039438984455,105687.25814081465
2019-01-13 09:50:00,667301.0,764603.6297627813,764604.0,0.0,97303.0,97303.0,False,659560.375,23837.89313252043,105043.25476278135
2019-01-13 09:51:00,624309.0,747233.6637085816,747234.0,0.0,122925.0,122925.0,False,643565.375,23525.86649230565,103668.28870858165
2019-01-13 09:52:00,649056.0,726170.0159175008,726171.0,0.0,77115.0,77115.0,False,622260.5,23580.609164168367,103909.51591750079
2019-01-13 09:53:00,639491.0,737798.2065585722,737799.0,0.0,98308.0,98308.0,False,633707.875,23621.642393177546,104090.33155857229
2019-01-13 09:54:00,635086.0,739617.2971629697,739618.0,0.0,104532.0,104532.0,False,635653.625,23592.899061267068,103963.67216296973
2019-01-13 09:55:00,653897.0,754587.8897345803,754588.0,0.0,100691.0,100691.0,False,650853.125,23540.952167318384,103734.76473458033
2019-01-13 09:56:00,638593.0,734833.1136744485,734834.0,0.0,96241.0,96241.0,False,631647.6875,23416.28853308915,103185.42617444848
2019-01-13 09:57:00,628351.0,733321.4269028662,733322.0,0.0,104971.0,104971.0,False,630135.25,23416.458898943034,103186.17690286617
2019-01-13 09:58:00,623419.0,726370.6880845656,726371.0,0.0,102952.0,102952.0,False,623109.5625,23433.467308181753,103261.12558456551
2019-01-13 09:59:00,618989.0,727043.2189482256,727044.0,0.0,108055.0,108055.0,False,623700.5,23451.98362212923,103342.71894822562
2019-01-13 10:00:00,737398.0,760512.0027201341,760513.0,0.0,23115.0,23115.0,False,657297.4375,23422.901175267893,103214.56522013407
2019-01-13 10:01:00,711902.0,777039.9927323277,777040.0,0.0,65138.0,65138.0,False,668334.25,24669.036426912346,108705.7427323277
2019-01-13 10:02:00,708427.0,782472.6593818113,782473.0,0.0,74046.0,74046.0,False,671983.5,25073.75442234341,110489.15938181127
2019-01-13 10:03:00,716722.0,795670.9232767783,795671.0,0.0,78949.0,78949.0,False,684182.75,25300.464709642736,111488.17327677828
2019-01-13 10:04:00,688071.0,790266.0116796046,790267.0,0.0,102196.0,102196.0,False,678162.4375,25440.12014004958,112103.57417960468
2019-01-13 10:05:00,717242.0,791249.8549763855,791250.0,0.0,74008.0,74008.0,False,679298.0,25405.689884050196,111951.85497638544
2019-01-13 10:06:00,730550.0,823918.2759234859,823919.0,0.0,93369.0,93369.0,False,713118.5,25144.243897772874,110799.77592348587
2019-01-13 10:07:00,715374.0,821245.3922864845,821246.0,0.0,105872.0,105872.0,False,716921.0,23674.758746351214,104324.39228648451
2019-01-13 10:08:00,690267.0,803728.1252249433,803729.0,0.0,113462.0,113462.0,False,699757.125,23594.562048182197,103971.00022494324
2019-01-13 10:09:00,721792.0,772973.1828337611,772974.0,0.0,51182.0,51182.0,False,670003.375,23367.357385874366,102969.80783376106
2019-01-13 10:10:00,683737.0,803162.0910657723,803163.0,0.0,119426.0,119426.0,False,715502.9375,19892.848327168012,87659.15356577234
2019-01-13 10:11:00,655956.0,759237.4191833998,759238.0,0.0,103282.0,103282.0,False,674547.0,19219.141356590473,84690.4191833997
2019-01-13 10:12:00,637158.0,743263.3119585288,743264.0,0.0,106106.0,106106.0,False,657181.9375,19534.796495756927,86081.37445852881
2019-01-13 10:13:00,645805.0,729577.1214926618,729578.0,0.0,83773.0,83773.0,False,643240.25,19592.777477106873,86336.8714926618
2019-01-13 10:14:00,634407.0,727499.9739738767,727500.0,0.0,93093.0,93093.0,False,643816.9375,18990.531900158556,83683.03647387667
2019-01-13 10:15:00,658724.0,719095.148499873,719096.0,0.0,60372.0,60372.0,False,634872.75,19112.931518910627,84222.39849987304
2019-01-13 10:16:00,651573.0,732347.8333992979,732348.0,0.0,80775.0,80775.0,False,648488.75,19030.482945125492,83859.08339929795
2019-01-13 10:17:00,623285.0,733830.7205688737,733831.0,0.0,110546.0,110546.0,False,649983.875,19027.705764482278,83846.84556887369
2019-01-13 10:18:00,650483.0,719950.8358792372,719951.0,0.0,69468.0,69468.0,False,634045.4375,19494.861528190413,85905.39837923722
2019-01-13 10:19:00,641362.0,746598.2165970071,746599.0,0.0,105237.0,105237.0,False,660592.0625,19517.7264331109,86006.15409700712
2019-01-13 10:20:00,658398.0,757795.9759866314,757796.0,0.0,99398.0,99398.0,False,670540.5,19801.24013192226,87255.47598663133
2019-01-13 10:21:00,637255.0,747046.6881016362,747047.0,0.0,109792.0,109792.0,False,659141.75,19948.6252117741,87904.9381016363
2019-01-13 10:22:00,636686.0,723580.286467257,723581.0,0.0,86895.0,86895.0,False,634646.375,20182.134323627746,88933.9114672569
2019-01-13 10:23:00,630693.0,727686.1311069197,727687.0,0.0,96994.0,96994.0,False,639409.4375,20032.989200936314,88276.69360691968
2019-01-13 10:24:00,615430.0,716941.9526985529,716942.0,0.0,101512.0,101512.0,False,628421.5625,20088.292259864083,88520.39019855284
2019-01-13 10:25:00,645330.0,720498.8663958038,720499.0,0.0,75169.0,75169.0,False,631579.0625,20178.93283504651,88919.80389580378
2019-01-13 10:26:00,626160.0,722904.7805347434,722905.0,0.0,96745.0,96745.0,False,634378.125,20089.714078094006,88526.65553474349
2019-01-13 10:27:00,623951.0,708416.989136904,708417.0,0.0,84466.0,84466.0,False,620270.625,20003.41300410896,88146.36413690407
2019-01-13 10:28:00,613952.0,710400.0283685931,710401.0,0.0,96449.0,96449.0,False,622353.8125,19980.685950165363,88046.21586859308
2019-01-13 10:29:00,628236.0,705628.2827745669,705629.0,0.0,77393.0,77393.0,False,617387.3125,20024.882359798485,88240.97027456693
2019-01-13 10:30:00,683336.0,743896.5720827711,743897.0,0.0,60561.0,60561.0,False,656307.375,19876.972817888756,87589.19708277113
2019-01-13 10:31:00,632697.0,726910.7484687532,726911.0,0.0,94214.0,94214.0,False,639495.0625,19837.59723491958,87415.6859687532
2019-01-13 10:32:00,622805.0,713501.1430444567,713502.0,0.0,90697.0,90697.0,False,625841.0625,19893.058690211932,87660.08054445675
2019-01-13 10:33:00,617582.0,706084.4679903657,706085.0,0.0,88503.0,88503.0,False,619224.25,19711.542626870352,86860.21799036572
2019-01-13 10:34:00,612783.0,696453.6380899855,696454.0,0.0,83671.0,83671.0,False,609973.9375,19625.190265209305,86479.70058998547
2019-01-13 10:35:00,627331.0,714763.0864759827,714764.0,0.0,87433.0,87433.0,False,628271.75,19627.830844154905,86491.33647598268
2019-01-13 10:36:00,610515.0,708981.2979123673,708982.0,0.0,98467.0,98467.0,False,622469.375,19632.50260791188,86511.92291236728
2019-01-13 10:37:00,611329.0,695395.1725235195,695396.0,0.0,84067.0,84067.0,False,608393.0,19743.756946567857,87002.17252351943
2019-01-13 10:38:00,647618.0,691487.9110140868,691488.0,0.0,43870.0,43870.0,False,604490.1875,19742.747314758177,86997.72351408679
2019-01-13 10:39:00,622119.0,719884.5054139965,719885.0,0.0,97766.0,97766.0,False,630511.75,20281.722965733876,89372.75541399657
2019-01-13 10:40:00,679992.0,740959.2426139358,740960.0,0.0,60968.0,60968.0,False,651339.75,20337.716042274118,89619.49261393578
2019-01-13 10:41:00,652364.0,745908.1461682508,745909.0,0.0,93545.0,93545.0,False,655477.4375,20521.808601609006,90430.70866825084
2019-01-13 10:42:00,655902.0,729088.4391595088,729089.0,0.0,73187.0,73187.0,False,638790.625,20491.65031010857,90297.81415950884
2019-01-13 10:43:00,633635.0,732081.907690323,732082.0,0.0,98447.0,98447.0,False,641645.3125,20523.144454009936,90436.59519032291
2019-01-13 10:44:00,637382.0,721220.6524932638,721221.0,0.0,83839.0,83839.0,False,631018.75,20469.884685506837,90201.90249326381
2019-01-13 10:45:00,669323.0,734981.9726552671,734982.0,0.0,65659.0,65659.0,False,645343.4375,20342.03744364589,89638.5351552671
2019-01-13 10:46:00,631715.0,751931.3433105412,751932.0,0.0,120217.0,120217.0,False,662250.5625,20351.624422057914,89680.78081054128
2019-01-13 10:47:00,636388.0,724221.7830826222,724222.0,0.0,87834.0,87834.0,False,632303.375,20859.41828186106,91918.4080826222
2019-01-13 10:48:00,620846.0,730543.5060738904,730544.0,0.0,109698.0,109698.0,False,638629.9375,20858.320032456817,91913.56857389038
2019-01-13 10:49:00,629942.0,721149.0119087495,721150.0,0.0,91208.0,91208.0,False,628486.1875,21028.351707128582,92662.82440874948
2019-01-13 10:50:00,650769.0,749442.2552278145,749443.0,0.0,98674.0,98674.0,False,656895.5,21002.011655714967,92546.75522781459
2019-01-13 10:51:00,626510.0,731854.3129140427,731855.0,0.0,105345.0,105345.0,False,639137.0625,21040.70282192163,92717.25041404273
2019-01-13 10:52:00,632854.0,728104.2801736038,728105.0,0.0,95251.0,95251.0,False,635855.8125,20934.32004756654,92248.46767360381
2019-01-13 10:53:00,625060.0,723849.4153512723,723850.0,0.0,98790.0,98790.0,False,632422.5,20747.881836881435,91426.9153512723
2019-01-13 10:54:00,621117.0,721969.3511445338,721970.0,0.0,100853.0,100853.0,False,630333.0625,20795.39577007823,91636.28864453384
2019-01-13 10:55:00,639438.0,743894.9512335362,743895.0,0.0,104457.0,104457.0,False,652001.6875,20853.712172432595,91893.26373353621
2019-01-13 10:56:00,611415.0,720151.6862693697,720152.0,0.0,108737.0,108737.0,False,627814.75,20954.39658590508,92336.93626936963
2019-01-13 10:57:00,627507.0,707555.7036710674,707556.0,0.0,80049.0,80049.0,False,614588.125,21097.510831655127,92967.57867106733
2019-01-13 10:58:00,609230.0,713504.2944276143,713505.0,0.0,104275.0,104275.0,False,620402.0625,21128.06824294975,93102.23192761428
2019-01-13 10:59:00,614930.0,704868.028729493,704869.0,0.0,89939.0,89939.0,False,611431.4375,21203.945759540897,93436.59122949307
2019-01-13 11:00:00,725337.0,745616.4775625037,745617.0,0.0,20280.0,20280.0,False,652280.625,21181.084724023392,93335.85256250367
2019-01-13 11:01:00,682411.0,761051.9821574354,761052.0,0.0,78641.0,78641.0,False,669532.3125,20768.930948915237,91519.66965743538
2019-01-13 11:02:00,663537.0,744656.4522405667,744657.0,0.0,81120.0,81120.0,False,655957.75,20128.75733695416,88698.70224056674
2019-01-13 11:03:00,642260.0,738300.9132789888,738301.0,0.0,96041.0,96041.0,False,651721.0,19647.931938402697,86579.91327898885
2019-01-13 11:04:00,629967.0,720407.0962134766,720408.0,0.0,90441.0,90441.0,False,635411.0625,19288.49570517927,84996.03371347665
2019-01-13 11:05:00,648462.0,733832.4427589406,733833.0,0.0,85371.0,85371.0,False,648904.6875,19273.000997726063,84927.75525894068
2019-01-13 11:06:00,714068.0,756134.7146183272,756135.0,0.0,42067.0,42067.0,False,673902.3125,18661.333544490288,82232.40211832721
2019-01-13 11:07:00,720571.0,798128.181253117,798129.0,0.0,77558.0,77558.0,False,713400.5,19227.59738965822,84727.68125311703
2019-01-13 11:08:00,684048.0,803130.0416389712,803131.0,0.0,119083.0,119083.0,False,718333.6875,19243.181607015063,84796.35413897119
2019-01-13 11:09:00,727708.0,760014.6957912436,760015.0,0.0,32307.0,32307.0,False,673114.9375,19720.515668203494,86899.75829124359
2019-01-13 11:10:00,690386.0,808706.4303166806,808707.0,0.0,118321.0,118321.0,False,721257.375,19845.16987679544,87449.05531668052
2019-01-13 11:11:00,630915.0,756070.7789670941,756071.0,0.0,125156.0,125156.0,False,668727.0,19821.27908650635,87343.77896709417
2019-01-13 11:12:00,627798.0,720127.5908309681,720128.0,0.0,92330.0,92330.0,False,630776.375,20276.8349005315,89351.21583096815
2019-01-13 11:13:00,635876.0,715729.4844458364,715730.0,0.0,79854.0,79854.0,False,627109.3125,20110.936137699875,88620.17194583642
2019-01-13 11:14:00,636610.0,719212.9313021551,719213.0,0.0,82603.0,82603.0,False,630475.5,20137.546280455124,88737.43130215515
2019-01-13 11:15:00,659786.0,730374.4718187925,730375.0,0.0,70589.0,70589.0,False,641767.75,20107.883845652977,88606.72181879247
2019-01-13 11:16:00,635159.0,734357.207725806,734358.0,0.0,99199.0,99199.0,False,646181.625,20010.043697353394,88175.58272580607
2019-01-13 11:17:00,617394.0,730996.9849105343,730997.0,0.0,113603.0,113603.0,False,642586.125,20063.43610602103,88410.85991053436
2019-01-13 11:18:00,621548.0,713315.5119488611,713316.0,0.0,91768.0,91768.0,False,625050.5,20030.33823475062,88265.01194886108
2019-01-13 11:19:00,606165.0,727659.4535899608,727660.0,0.0,121495.0,121495.0,False,639844.875,19928.119560195686,87814.57858996077
2019-01-13 11:20:00,655294.0,730825.7654398562,730826.0,0.0,75532.0,75532.0,False,641611.625,20245.727824386497,89214.14043985622
2019-01-13 11:21:00,635518.0,724580.2668890974,724581.0,0.0,89063.0,89063.0,False,635306.25,20259.31583059773,89274.01688909734
2019-01-13 11:22:00,621572.0,714694.0533802503,714695.0,0.0,93123.0,93123.0,False,626335.375,20051.594339072642,88358.67838025038
2019-01-13 11:23:00,619903.0,712762.2913491316,712763.0,0.0,92860.0,92860.0,False,624353.3125,20063.00922910452,88408.97884913166
2019-01-13 11:24:00,601904.0,708690.3482386158,708691.0,0.0,106787.0,106787.0,False,620394.1875,20037.406956326868,88296.16073861583
2019-01-13 11:25:00,620051.0,720672.1549004198,720673.0,0.0,100622.0,100622.0,False,632046.75,20112.123673371792,88625.40490041977
2019-01-13 11:26:00,601785.0,706303.6933617861,706304.0,0.0,104519.0,104519.0,False,617726.4375,20101.19701615828,88577.25586178603
2019-01-13 11:27:00,604609.0,690671.2227078202,690672.0,0.0,86063.0,86063.0,False,601751.3125,20178.956960864885,88919.9102078202
2019-01-13 11:28:00,602073.0,690167.4802781828,690168.0,0.0,88095.0,88095.0,False,601257.3125,20176.746071673846,88910.16777818282
2019-01-13 11:29:00,606733.0,691384.5058533261,691385.0,0.0,84652.0,84652.0,False,602604.5625,20147.193713171717,88779.94335332603
2019-01-13 11:30:00,685358.0,734412.9736713481,734413.0,0.0,49055.0,49055.0,False,645814.0625,20106.111343653705,88598.91117134801
2019-01-13 11:31:00,635989.0,729086.9378146629,729087.0,0.0,93098.0,93098.0,False,638986.125,20446.943993496392,90100.81281466298
2019-01-13 11:32:00,614652.0,718662.9545849683,718663.0,0.0,104011.0,104011.0,False,628633.0,20430.86384717156,90029.95458496826
2019-01-13 11:33:00,626400.0,709359.6451209928,709360.0,0.0,82960.0,82960.0,False,618986.5,20508.745471653972,90373.1451209928
2019-01-13 11:34:00,619131.0,709692.3271682276,709693.0,0.0,90562.0,90562.0,False,619232.625,20528.388214507966,90459.7021682277
2019-01-13 11:35:00,623925.0,728475.5667209785,728476.0,0.0,104551.0,104551.0,False,638027.1875,20525.81865202553,90448.3792209785
2019-01-13 11:36:00,604437.0,728495.5460824925,728496.0,0.0,124059.0,124059.0,False,637687.4375,20607.453499458272,90808.10858249241
2019-01-13 11:37:00,603052.0,707043.3848126949,707044.0,0.0,103992.0,103992.0,False,614547.25,20990.524158981625,92496.1348126949
2019-01-13 11:38:00,598172.0,697195.9947031635,697196.0,0.0,99024.0,99024.0,False,604506.8125,21034.333188641784,92689.1822031635
2019-01-13 11:39:00,598896.0,697294.0778463919,697295.0,0.0,98399.0,98399.0,False,608014.8125,20260.506884362985,89279.26534639197
2019-01-13 11:40:00,638908.0,728469.1150269139,728470.0,0.0,89562.0,89562.0,False,639170.5,20264.89798608077,89298.61502691392
2019-01-13 11:41:00,598256.0,705553.1643283801,705554.0,0.0,107298.0,107298.0,False,617930.6875,19884.525125946,87622.4768283801
2019-01-13 11:42:00,648457.0,691387.5225626162,691388.0,0.0,42931.0,42931.0,False,603194.0625,20014.100674122954,88193.46006261611
2019-01-13 11:43:00,638380.0,725693.9262519716,725694.0,0.0,87314.0,87314.0,False,634143.0,20776.024135069114,91550.92625197163
2019-01-13 11:44:00,627501.0,717050.0201356752,717051.0,0.0,89550.0,89550.0,False,625511.6875,20773.166214490542,91538.33263567518
2019-01-13 11:45:00,657588.0,722018.6709564783,722019.0,0.0,64431.0,64431.0,False,630568.625,20753.13095921906,91450.04595647832
2019-01-13 11:46:00,648007.0,732806.2263874264,732807.0,0.0,84800.0,84800.0,False,641065.75,20819.03951842171,91740.47638742639
2019-01-13 11:47:00,629666.0,730758.5961619962,730759.0,0.0,101093.0,101093.0,False,640429.5,20498.74926219217,90329.09616199626
2019-01-13 11:48:00,636926.0,712995.0369580501,712996.0,0.0,76070.0,76070.0,False,622542.375,20526.790550971902,90452.6619580501
2019-01-13 11:49:00,638593.0,719570.3415669394,719571.0,0.0,80978.0,80978.0,False,629213.1875,20505.11655670401,90357.1540669394
2019-01-13 11:50:00,652785.0,737821.2416152679,737822.0,0.0,85037.0,85037.0,False,647295.25,20543.431548398625,90525.99161526789
2019-01-13 11:51:00,620515.0,729546.1068188621,729547.0,0.0,109032.0,109032.0,False,639017.8125,20543.954110292965,90528.29431886217
2019-01-13 11:52:00,623563.0,718448.7661948537,718449.0,0.0,94886.0,94886.0,False,627600.9375,20616.467346142857,90847.82869485376
2019-01-13 11:53:00,624070.0,713927.7790759347,713928.0,0.0,89858.0,89858.0,False,623068.375,20619.09419446166,90859.40407593468
2019-01-13 11:54:00,629549.0,716829.5959974097,716830.0,0.0,87281.0,87281.0,False,626055.375,20599.763251916473,90774.22099740965
2019-01-13 11:55:00,630790.0,741809.5816647094,741810.0,0.0,111020.0,111020.0,False,651158.4375,20571.832925579743,90651.14416470943
2019-01-13 11:56:00,616685.0,720714.163378989,720715.0,0.0,104030.0,104030.0,False,629608.3125,20675.021370055423,91105.85087898893
2019-01-13 11:57:00,611822.0,709968.9962663184,709969.0,0.0,98147.0,98147.0,False,619042.625,20634.29133140641,90926.3712663184
2019-01-13 11:58:00,633042.0,703426.9116213104,703427.0,0.0,70385.0,70385.0,False,612725.1875,20583.311240896845,90701.72412131043
2019-01-13 11:59:00,618982.0,718822.7006203766,718823.0,0.0,99841.0,99841.0,False,627587.875,20704.29013280403,91234.82562037659
2019-01-13 12:00:00,738557.0,752784.7161357708,752785.0,0.0,14228.0,14228.0,False,661441.375,20728.91600016723,91343.34113577078
2019-01-13 12:01:00,671612.0,772630.8476189696,772631.0,0.0,101019.0,101019.0,False,680212.625,20972.843227902926,92418.22261896964
2019-01-13 12:02:00,678134.0,752669.3916007836,752670.0,0.0,74536.0,74536.0,False,660430.0625,20932.246194059575,92239.32910078355
2019-01-13 12:03:00,687847.0,758653.0385049175,758654.0,0.0,70807.0,70807.0,False,665954.0,21036.569919295503,92699.03850491752
2019-01-13 12:04:00,650508.0,752033.2118510429,752034.0,0.0,101526.0,101526.0,False,658657.75,21190.07342100719,93375.46185104294
2019-01-13 12:05:00,705419.0,769642.4223880525,769643.0,0.0,64224.0,64224.0,False,676200.875,21205.070480765047,93441.54738805242
2019-01-13 12:06:00,733421.0,819968.5313913579,819969.0,0.0,86548.0,86548.0,False,725108.75,21526.916092689866,94859.78139135787
2019-01-13 12:07:00,714910.0,834006.1558574453,834007.0,0.0,119097.0,119097.0,False,741766.8125,20932.249429381834,92239.34335744535
2019-01-13 12:08:00,724544.0,811573.3777646518,811574.0,0.0,87030.0,87030.0,False,718176.875,21194.84832112954,93396.50276465181
2019-01-13 12:09:00,688445.0,807166.6996675686,807167.0,0.0,118722.0,118722.0,False,715752.75,20744.939481532507,91413.94966756854
2019-01-13 12:10:00,671089.0,781454.7247660842,781455.0,0.0,110366.0,110366.0,False,694200.875,19800.871087077827,87253.84976608418
2019-01-13 12:11:00,636488.0,741318.2682261975,741319.0,0.0,104831.0,104831.0,False,654815.8125,19630.354180840655,86502.45572619746
2019-01-13 12:12:00,632173.0,723172.4159383199,723173.0,0.0,91000.0,91000.0,False,638683.5,19173.41340544391,84488.91593831989
2019-01-13 12:13:00,623120.0,726804.228724631,726805.0,0.0,103685.0,103685.0,False,642259.75,19186.022494577912,84544.47872463102
2019-01-13 12:14:00,646911.0,714316.4524454593,714317.0,0.0,67406.0,67406.0,False,629315.125,19289.69703331366,85001.32744545929
2019-01-13 12:15:00,664692.0,729558.79912315,729559.0,0.0,64867.0,64867.0,False,643996.375,19417.028984994027,85562.42412314998
2019-01-13 12:16:00,682082.0,740005.6830210253,740006.0,0.0,57924.0,57924.0,False,654238.1875,19463.56667157015,85767.49552102521
2019-01-13 12:17:00,686672.0,754370.8547704247,754371.0,0.0,67699.0,67699.0,False,667296.0625,19760.23684115935,87074.79227042467
2019-01-13 12:18:00,685927.0,766206.2161055838,766207.0,0.0,80280.0,80280.0,False,679635.125,19645.929886702164,86571.09110558376
2019-01-13 12:19:00,648205.0,780124.0890275186,780125.0,0.0,131920.0,131920.0,False,693523.0625,19652.723253782922,86601.02652751867
2019-01-13 12:20:00,668319.0,744546.4169523879,744547.0,0.0,76228.0,76228.0,False,656220.25,20044.216388487228,88326.16695238792
2019-01-13 12:21:00,634727.0,742163.084758308,742164.0,0.0,107437.0,107437.0,False,653909.125,20027.830116186713,88253.95975830805
2019-01-13 12:22:00,629726.0,718706.6148136887,718707.0,0.0,88981.0,88981.0,False,629761.125,20184.76184488568,88945.48981368868
2019-01-13 12:23:00,639412.0,717492.5465055271,717493.0,0.0,78081.0,78081.0,False,628591.0,20174.789611197666,88901.54650552713
2019-01-13 12:24:00,631580.0,727298.3873350951,727299.0,0.0,95719.0,95719.0,False,638237.75,20210.89274035308,89060.63733509512
2019-01-13 12:25:00,670933.0,722423.3683477008,722424.0,0.0,51491.0,51491.0,False,633928.6875,20082.457932286354,88494.68084770082
2019-01-13 12:26:00,644529.0,736358.9271805265,736359.0,0.0,91830.0,91830.0,False,645835.625,20542.82122403182,90523.30218052659
2019-01-13 12:27:00,604407.0,731480.4900524954,731481.0,0.0,127074.0,127074.0,False,641492.875,20421.255564824944,89987.61505249543
2019-01-13 12:28:00,627967.0,713507.7946887822,713508.0,0.0,85541.0,85541.0,False,620902.5,21015.29625373826,92605.29468878222
2019-01-13 12:29:00,627388.0,719467.9604159427,719468.0,0.0,92080.0,92080.0,False,626800.5,21029.403775100793,92667.46041594267
2019-01-13 12:30:00,673660.0,749269.6508829545,749270.0,0.0,75610.0,75610.0,False,656617.5625,21025.915337119422,92652.0883829545
2019-01-13 12:31:00,664857.0,738908.2295375369,738909.0,0.0,74052.0,74052.0,False,648434.9375,20531.47221883561,90473.29203753691
2019-01-13 12:32:00,664154.0,739697.9426371879,739698.0,0.0,75544.0,75544.0,False,648819.875,20623.32959234256,90878.06763718785
2019-01-13 12:33:00,633467.0,749837.5888038381,749838.0,0.0,116371.0,116371.0,False,659022.375,20609.06591624318,90815.21380383808
2019-01-13 12:34:00,638712.0,728563.8931100938,728564.0,0.0,89852.0,89852.0,False,636544.3125,20882.37777510277,92019.58061009373
2019-01-13 12:35:00,640183.0,756625.5318831956,756626.0,0.0,116443.0,116443.0,False,664605.625,20882.451817585094,92019.90688319558
2019-01-13 12:36:00,611914.0,733109.3109164375,733110.0,0.0,121196.0,121196.0,False,640359.5625,21048.07772581106,92749.74841643756
2019-01-13 12:37:00,600588.0,705780.478507993,705781.0,0.0,105193.0,105193.0,False,613564.1875,20927.018065940763,92216.29100799307
2019-01-13 12:38:00,623615.0,698016.8214138595,698017.0,0.0,74402.0,74402.0,False,605732.25,20942.513216217336,92284.57141385952
2019-01-13 12:39:00,617005.0,714669.1127240073,714670.0,0.0,97665.0,97665.0,False,621988.125,21032.473582150695,92680.9877240073
2019-01-13 12:40:00,647124.0,725203.0271984704,725204.0,0.0,78080.0,78080.0,False,632643.1875,21004.980967870175,92559.83969847045
2019-01-13 12:41:00,603782.0,724341.9325801735,724342.0,0.0,120560.0,120560.0,False,631492.875,21070.614358339863,92849.05758017354
2019-01-13 12:42:00,616708.0,723138.6449606384,723139.0,0.0,106431.0,106431.0,False,629585.3125,21230.438322042755,93553.33246063843
2019-01-13 12:43:00,633942.0,711787.6942311557,711788.0,0.0,77846.0,77846.0,False,621342.8125,20525.02495243181,90444.88173115569
2019-01-13 12:44:00,631285.0,724054.1227058995,724055.0,0.0,92770.0,92770.0,False,633375.0,20578.18220975225,90679.12270589956
2019-01-13 12:45:00,660765.0,748559.2487601767,748560.0,0.0,87795.0,87795.0,False,657870.4375,20580.380872788613,90688.81126017666
2019-01-13 12:46:00,660288.0,735099.5661795224,735100.0,0.0,74812.0,74812.0,False,645674.5,20293.594060561445,89425.06617952242
2019-01-13 12:47:00,650397.0,741547.7108123497,741548.0,0.0,91151.0,91151.0,False,651830.625,20359.86326381162,89717.0858123497
2019-01-13 12:48:00,634949.0,736642.187608766,736643.0,0.0,101694.0,101694.0,False,647143.5625,20310.287087621702,89498.62510876605
2019-01-13 12:49:00,640612.0,728065.3039692709,728066.0,0.0,87454.0,87454.0,False,638648.75,20291.662350060316,89416.55396927087
2019-01-13 12:50:00,659994.0,755139.4193202249,755140.0,0.0,95146.0,95146.0,False,665876.375,20256.825780905703,89263.04432022486
2019-01-13 12:51:00,651323.0,741212.0631085092,741213.0,0.0,89890.0,89890.0,False,651949.125,20256.801677848965,89262.93810850912
2019-01-13 12:52:00,640861.0,737352.7444220472,737353.0,0.0,96492.0,96492.0,False,648702.4375,20117.774790444248,88650.30692204711
2019-01-13 12:53:00,633585.0,734500.1747134463,734501.0,0.0,100916.0,100916.0,False,645767.8125,20136.395931532723,88732.36221344625
2019-01-13 12:54:00,638021.0,733882.9405251896,733883.0,0.0,95862.0,95862.0,False,644890.25,20195.473294365045,88992.69052518967
2019-01-13 12:55:00,661599.0,743826.1449628717,743827.0,0.0,82228.0,82228.0,False,654783.625,20206.781291370673,89042.51996287174
2019-01-13 12:56:00,646292.0,746883.7908241531,746884.0,0.0,100592.0,100592.0,False,658490.9375,20059.34979812047,88392.85332415311
2019-01-13 12:57:00,630524.0,735938.5757337885,735939.0,0.0,105415.0,105415.0,False,647579.0625,20051.78379578236,88359.5132337886
2019-01-13 12:58:00,633859.0,724456.7555571506,724457.0,0.0,90598.0,90598.0,False,635663.5625,20150.200522362087,88793.19305715058
2019-01-13 12:59:00,623645.0,725198.82909703,725199.0,0.0,101554.0,101554.0,False,637182.3125,19973.946173649172,88016.51659702999
2019-01-13 13:00:00,748700.0,750033.4730250617,750034.0,0.0,1334.0,1334.0,False,661826.5625,20017.153042283913,88206.91052506171
2019-01-13 13:01:00,687942.0,770205.0343710445,770206.0,0.0,82264.0,82264.0,False,679091.875,20676.67991588945,91113.15937104444
2019-01-13 13:02:00,680631.0,765753.8093545313,765754.0,0.0,85123.0,85123.0,False,674614.75,20682.557504506527,91139.05935453133
2019-01-13 13:03:00,670618.0,770844.8333731515,770845.0,0.0,100227.0,100227.0,False,680209.5625,20568.230734951947,90635.27087315149
2019-01-13 13:04:00,668331.0,751979.8344707246,751980.0,0.0,83649.0,83649.0,False,662107.25,20395.151206944767,89872.58447072454
2019-01-13 13:05:00,663013.0,782220.1793139895,782221.0,0.0,119208.0,119208.0,False,692358.75,20392.619721846302,89861.4293139895
2019-01-13 13:06:00,689142.0,784582.4122751594,784583.0,0.0,95441.0,95441.0,False,694943.125,20342.208125272755,89639.28727515934
2019-01-13 13:07:00,740876.0,801498.4074071695,801499.0,0.0,60623.0,60623.0,False,712010.9375,20307.75559234262,89487.46990716945
2019-01-13 13:08:00,762149.0,838211.3078986051,838212.0,0.0,76063.0,76063.0,False,748245.75,20416.250045161327,89965.5578986051
2019-01-13 13:09:00,769978.0,838618.5518178712,838619.0,0.0,68641.0,68641.0,False,748355.75,20483.704816986115,90262.80181787118
2019-01-13 13:10:00,695218.0,853286.0480849253,853287.0,0.0,158069.0,158069.0,False,763456.875,20385.299684562357,89829.1730849253
2019-01-13 13:11:00,672596.0,788359.4175540388,788360.0,0.0,115764.0,115764.0,False,691440.25,21994.260972429587,96919.16755403887
2019-01-13 13:12:00,658621.0,764606.212532432,764607.0,0.0,105986.0,105986.0,False,667656.25,22001.2494021542,96949.96253243204
2019-01-13 13:13:00,669088.0,755494.1245459982,755495.0,0.0,86407.0,86407.0,False,658485.0,22014.6752785713,97009.1245459982
2019-01-13 13:14:00,650851.0,761063.0796205833,761064.0,0.0,110213.0,110213.0,False,664426.1875,21930.203059983472,96636.89212058333
2019-01-13 13:15:00,683204.0,754059.1455794971,754060.0,0.0,70856.0,70856.0,False,657688.4375,21869.796832669548,96370.70807949714
2019-01-13 13:16:00,681256.0,769314.1606895204,769315.0,0.0,88059.0,88059.0,False,672558.0,21957.26916153194,96756.16068952043
2019-01-13 13:17:00,678090.0,767911.7685122999,767912.0,0.0,89822.0,89822.0,False,672389.5625,21677.242806747097,95522.20601229987
2019-01-13 13:18:00,679483.0,769741.818251753,769742.0,0.0,90259.0,90259.0,False,674855.875,21532.853110099077,94885.943251753
2019-01-13 13:19:00,653077.0,781929.7516682984,781930.0,0.0,128853.0,128853.0,False,687082.0625,21524.17195531829,94847.68916829838
2019-01-13 13:20:00,682058.0,773947.189730881,773948.0,0.0,91890.0,91890.0,False,680596.125,21184.53688327829,93351.06473088106
2019-01-13 13:21:00,660120.0,766719.7997449494,766720.0,0.0,106600.0,106600.0,False,673663.125,21117.72976615526,93056.67474494944
2019-01-13 13:22:00,657867.0,747914.720270816,747915.0,0.0,90048.0,90048.0,False,655155.25,21050.283945774874,92759.47027081595
2019-01-13 13:23:00,658700.0,753038.6177118988,753039.0,0.0,94339.0,94339.0,False,660255.1875,21055.72127267685,92783.43021189871
2019-01-13 13:24:00,645084.0,746429.332491149,746430.0,0.0,101346.0,101346.0,False,653899.875,20998.086209964065,92529.45749114898
2019-01-13 13:25:00,672601.0,751248.3025770613,751249.0,0.0,78648.0,78648.0,False,658670.75,21009.000623467036,92577.55257706136
2019-01-13 13:26:00,650250.0,747693.2455011306,747694.0,0.0,97444.0,97444.0,False,657323.1875,20508.044898984845,90370.05800113057
2019-01-13 13:27:00,652579.0,741018.983136106,741019.0,0.0,88440.0,88440.0,False,650599.875,20519.17604565695,90419.108136106
2019-01-13 13:28:00,650122.0,746246.0328543085,746247.0,0.0,96125.0,96125.0,False,658094.875,20004.50086190099,88151.15785430849
2019-01-13 13:29:00,652723.0,738224.6927065287,738225.0,0.0,85502.0,85502.0,False,650122.25,19993.44573523596,88102.4427065287
2019-01-13 13:30:00,705334.0,774793.4144290183,774794.0,0.0,69460.0,69460.0,False,686668.5,19998.54533463831,88124.91442901824
2019-01-13 13:31:00,675274.0,759374.0657503956,759375.0,0.0,84101.0,84101.0,False,671134.375,20024.591992173035,88239.69075039566
2019-01-13 13:32:00,657533.0,752577.2963419862,752578.0,0.0,95045.0,95045.0,False,664870.0625,19903.759379845826,87707.2338419861
2019-01-13 13:33:00,666870.0,746615.1343248177,746616.0,0.0,79746.0,79746.0,False,659393.875,19793.475205659193,87221.25932481767
2019-01-13 13:34:00,655518.0,748426.0491980496,748427.0,0.0,92909.0,92909.0,False,662108.0,19588.50605721906,86318.0491980496
2019-01-13 13:35:00,672598.0,763449.9473942234,763450.0,0.0,90852.0,90852.0,False,677108.75,19593.759171546568,86341.19739422343
2019-01-13 13:36:00,655622.0,750755.758179017,750756.0,0.0,95134.0,95134.0,False,665394.375,19371.405945682018,85361.38317901696
2019-01-13 13:37:00,649490.0,741859.7808476589,741860.0,0.0,92370.0,92370.0,False,657783.625,19079.744078910113,84076.15584765884
2019-01-13 13:38:00,667836.0,736420.5767563977,736421.0,0.0,68585.0,68585.0,False,652520.125,19039.87083469384,83900.45175639774
2019-01-13 13:39:00,649817.0,742864.4626853949,742865.0,0.0,93048.0,93048.0,False,659137.25,19000.556987552784,83727.21268539489
2019-01-13 13:40:00,678446.0,768215.2725892372,768216.0,0.0,89770.0,89770.0,False,684383.9375,19024.185908239786,83831.33508923721
2019-01-13 13:41:00,661511.0,751045.9298906213,751046.0,0.0,89535.0,89535.0,False,667642.5,18927.079640745604,83403.42989062138
2019-01-13 13:42:00,674716.0,737393.2457633185,737394.0,0.0,62678.0,62678.0,False,655322.4375,18624.662393588977,82070.80826331845
2019-01-13 13:43:00,662242.0,752635.0902463067,752636.0,0.0,90394.0,90394.0,False,670064.0625,18738.17923581942,82571.02774630673
2019-01-13 13:44:00,641646.0,740580.9151501793,740581.0,0.0,98935.0,98935.0,False,658248.3125,18684.07245881187,82332.60265017927
2019-01-13 13:45:00,681359.0,750722.3072303359,750723.0,0.0,69364.0,69364.0,False,667908.0,18793.387638821776,82814.30723033592
2019-01-13 13:46:00,667668.0,744296.1628791329,744297.0,0.0,76629.0,76629.0,False,661108.0,18878.228222095182,83188.1628791329
2019-01-13 13:47:00,658720.0,741240.3308665042,741241.0,0.0,82521.0,82521.0,False,658412.5,18796.45661259332,82827.83086650429
2019-01-13 13:48:00,660008.0,740974.0324352587,740975.0,0.0,80967.0,80967.0,False,658143.625,18797.04132382258,82830.40743525876
2019-01-13 13:49:00,656296.0,739012.4044809614,739013.0,0.0,82717.0,82717.0,False,656421.5625,18742.6757606964,82590.84198096134
2019-01-13 13:50:00,679899.0,763752.6931964445,763753.0,0.0,83854.0,83854.0,False,681175.1875,18739.649303397306,82577.50569644451
2019-01-13 13:51:00,649639.0,745504.1332836061,745505.0,0.0,95866.0,95866.0,False,662978.8125,18727.80676883209,82525.32078360615
2019-01-13 13:52:00,648444.0,738138.9665402229,738139.0,0.0,89695.0,89695.0,False,655303.8125,18798.118490196877,82835.1540402229
2019-01-13 13:53:00,654582.0,731632.5502170097,731633.0,0.0,77051.0,77051.0,False,648822.3125,18792.46412760738,82810.23771700978
2019-01-13 13:54:00,653210.0,730567.1660978139,730568.0,0.0,77358.0,77358.0,False,647933.4375,18752.408195126915,82633.72859781391
2019-01-13 13:55:00,673656.0,758356.7010214216,758357.0,0.0,84701.0,84701.0,False,675739.625,18748.62915822142,82617.07602142157
2019-01-13 13:56:00,652266.0,739642.993580714,739643.0,0.0,87377.0,87377.0,False,657123.0625,18726.583661628785,82519.931080714
2019-01-13 13:57:00,645691.0,731494.5559891036,731495.0,0.0,85804.0,85804.0,False,649208.0625,18673.6087193111,82286.49348910365
2019-01-13 13:58:00,655673.0,728003.6344373783,728004.0,0.0,72331.0,72331.0,False,646252.8125,18552.046594898642,81750.8219373782
2019-01-13 13:59:00,650901.0,734684.9631930937,734685.0,0.0,83784.0,83784.0,False,652762.8125,18590.926926420114,81922.1506930936
2019-01-13 14:00:00,751842.0,772960.8078410071,772961.0,0.0,21119.0,21119.0,False,691401.0,18508.698988939723,81559.80784100709
2019-01-13 14:01:00,705909.0,761682.530892104,761683.0,0.0,55774.0,55774.0,False,688251.625,16663.974200277276,73430.90589210407
2019-01-13 14:02:00,691113.0,758799.8062670246,758800.0,0.0,67687.0,67687.0,False,684851.1875,16781.460889104234,73948.6187670246
2019-01-13 14:03:00,707401.0,755932.2755773106,755933.0,0.0,48532.0,48532.0,False,681977.0,16782.971546143184,73955.27557731063
2019-01-13 14:04:00,688777.0,759499.0918656407,759500.0,0.0,70723.0,70723.0,False,684376.5625,17047.861196864484,75122.52936564069
2019-01-13 14:05:00,706575.0,775757.0267743298,775758.0,0.0,69183.0,69183.0,False,700672.1875,17039.30803111528,75084.83927432989
2019-01-13 14:06:00,670946.0,805320.4383887544,805321.0,0.0,134375.0,134375.0,False,732161.6875,16602.21295820627,73158.75088875438
2019-01-13 14:07:00,766913.0,787679.2260349797,787680.0,0.0,20767.0,20767.0,False,706583.5625,18403.368833375367,81095.66353497966
2019-01-13 14:08:00,773540.0,869418.2320584982,869419.0,0.0,95879.0,95879.0,False,782953.875,19621.708295189484,86464.35705849822
2019-01-13 14:09:00,780902.0,827449.1019621792,827450.0,0.0,46548.0,46548.0,False,741137.6875,19587.000409617038,86311.41446217916
2019-01-13 14:10:00,772538.0,854080.8388319773,854081.0,0.0,81543.0,81543.0,False,765736.125,20048.425307323505,88344.71383197737
2019-01-13 14:11:00,735948.0,803954.0843300027,803955.0,0.0,68007.0,68007.0,False,724877.1875,17945.2418924175,79076.8968300027
2019-01-13 14:12:00,699928.0,785789.9718447478,785790.0,0.0,85862.0,85862.0,False,707449.6875,17778.079424506155,78340.2843447478
2019-01-13 14:13:00,665835.0,743209.4639843968,743210.0,0.0,77375.0,77375.0,False,664935.75,17762.972341815086,78273.7139843968
2019-01-13 14:14:00,656164.0,736666.571985272,736667.0,0.0,80503.0,80503.0,False,658531.625,17731.481382182046,78134.94698527199
2019-01-13 14:15:00,706922.0,735586.4238674882,735587.0,0.0,28665.0,28665.0,False,657930.125,17622.85981761248,77656.29886748816
2019-01-13 14:16:00,697580.0,768239.0404923664,768240.0,0.0,70660.0,70660.0,False,687263.0,18376.222289673526,80976.0404923664
2019-01-13 14:17:00,670848.0,761325.0149607604,761326.0,0.0,90478.0,90478.0,False,680305.625,18386.059760887267,81019.38996076035
2019-01-13 14:18:00,670531.0,746763.5562040581,746764.0,0.0,76233.0,76233.0,False,665467.8125,18448.773840095695,81295.74370405813
2019-01-13 14:19:00,656887.0,745129.1294372542,745130.0,0.0,88243.0,88243.0,False,663829.4375,18449.66982871678,81299.69193725415
2019-01-13 14:20:00,683398.0,756472.3149124712,756473.0,0.0,73075.0,73075.0,False,677719.75,17871.639930948953,78752.56491247122
2019-01-13 14:21:00,690678.0,760922.1438698389,760923.0,0.0,70245.0,70245.0,False,682160.75,17873.643522161725,78761.39386983895
2019-01-13 14:22:00,646593.0,755423.9492117718,755424.0,0.0,108831.0,108831.0,False,677189.375,17754.090193987762,78234.57421177179
2019-01-13 14:23:00,659387.0,731363.8699785958,731364.0,0.0,71977.0,71977.0,False,650803.875,18281.807388707955,80559.99497859576
2019-01-13 14:24:00,659235.0,732243.0997650328,732244.0,0.0,73009.0,73009.0,False,651661.875,18286.625150509557,80581.22476503279
2019-01-13 14:25:00,694911.0,749888.9597372119,749889.0,0.0,54978.0,54978.0,False,669560.5625,18229.24997108692,80328.39723721195
2019-01-13 14:26:00,664467.0,763234.4147373397,763235.0,0.0,98768.0,98768.0,False,682164.3125,18397.568104115344,81070.10223733967
2019-01-13 14:27:00,643551.0,730427.2122769253,730428.0,0.0,86877.0,86877.0,False,648688.1875,18549.369417284743,81739.02477692536
2019-01-13 14:28:00,649846.0,721993.6239974694,721994.0,0.0,72148.0,72148.0,False,640117.125,18580.567001415282,81876.49899746949
2019-01-13 14:29:00,627330.0,720906.8751802441,720907.0,0.0,93577.0,93577.0,False,639206.5,18540.598507078434,81700.3751802441
2019-01-13 14:30:00,725334.0,726518.63313594,726519.0,0.0,1185.0,1185.0,False,644357.5,18645.160184385928,82161.13313593989
2019-01-13 14:31:00,674235.0,763938.8238460401,763939.0,0.0,89704.0,89704.0,False,671171.25,21052.12292306685,92767.57384604006
2019-01-13 14:32:00,632654.0,752274.363272784,752275.0,0.0,119621.0,119621.0,False,659504.0625,21052.74175564634,92770.30077278403
2019-01-13 14:33:00,621861.0,732792.4773909927,732793.0,0.0,110932.0,110932.0,False,638586.75,21378.48895761286,94205.72739099264
2019-01-13 14:34:00,659051.0,723776.8446473584,723777.0,0.0,64726.0,64726.0,False,628873.875,21536.716979319328,94902.96964735838
2019-01-13 14:35:00,671745.0,767391.7963488562,767392.0,0.0,95647.0,95647.0,False,671503.875,21760.236075847915,95887.9213488562
2019-01-13 14:36:00,659434.0,766479.9531311045,766480.0,0.0,107046.0,107046.0,False,670694.375,21737.010913098416,95785.57813110451
2019-01-13 14:37:00,663618.0,761661.0766916308,761662.0,0.0,98044.0,98044.0,False,665801.1875,21753.874624370408,95859.88919163079
2019-01-13 14:38:00,664081.0,750263.1092944089,750264.0,0.0,86183.0,86183.0,False,654600.375,21709.13346149288,95662.73429440895
2019-01-13 14:39:00,663055.0,751010.2033080419,751011.0,0.0,87956.0,87956.0,False,655507.25,21672.87371224742,95502.95330804195
2019-01-13 14:40:00,689790.0,778803.2604758047,778804.0,0.0,89014.0,89014.0,False,683603.125,21604.154029676705,95200.1354758047
2019-01-13 14:41:00,689541.0,771529.0157259676,771530.0,0.0,81989.0,81989.0,False,676515.375,21561.83201741201,95013.64072596755
2019-01-13 14:42:00,657393.0,760572.064120365,760573.0,0.0,103180.0,103180.0,False,665653.625,21540.227529760472,94918.43912036493
2019-01-13 14:43:00,645293.0,742846.5232646277,742847.0,0.0,97554.0,97554.0,False,647997.125,21524.55980750112,94849.3982646277
2019-01-13 14:44:00,649219.0,736508.2514287825,736509.0,0.0,87290.0,87290.0,False,641832.0625,21485.25270828034,94676.18892878243
2019-01-13 14:45:00,675194.0,752398.6263547242,752399.0,0.0,77205.0,77205.0,False,658504.4375,21307.79025019943,93894.18885472423
2019-01-13 14:46:00,670386.0,748288.7989028463,748289.0,0.0,77903.0,77903.0,False,654283.5625,21332.990722050185,94005.23640284626
2019-01-13 14:47:00,668760.0,745477.7607688704,745478.0,0.0,76718.0,76718.0,False,651272.0625,21378.482348811176,94205.69826887036
2019-01-13 14:48:00,649360.0,749966.2398536017,749967.0,0.0,100607.0,100607.0,False,655557.0,21424.672868667072,94409.23985360164
2019-01-13 14:49:00,659213.0,741777.3799603957,741778.0,0.0,82565.0,82565.0,False,647155.9375,21472.828869493802,94621.4424603957
2019-01-13 14:50:00,685972.0,765631.9643899206,765632.0,0.0,79660.0,79660.0,False,670993.4375,21476.705908587497,94638.52688992058
2019-01-13 14:51:00,663919.0,774890.9715213338,774891.0,0.0,110972.0,110972.0,False,680193.625,21490.05408682977,94697.34652133378
2019-01-13 14:52:00,650105.0,747440.470138484,747441.0,0.0,97336.0,97336.0,False,652535.625,21537.142592150205,94904.84513848402
2019-01-13 14:53:00,648060.0,737528.3198148091,737529.0,0.0,89469.0,89469.0,False,642783.125,21500.912494721015,94745.1948148091
2019-01-13 14:54:00,670213.0,736414.0926740654,736415.0,0.0,66202.0,66202.0,False,641668.1875,21501.073699436867,94745.90517406535
2019-01-13 14:55:00,677177.0,760601.8910464931,760602.0,0.0,83425.0,83425.0,False,665003.6875,21694.489236349116,95598.2035464931
2019-01-13 14:56:00,673261.0,748612.5331595308,748613.0,0.0,75352.0,75352.0,False,653082.25,21679.07578662708,95530.28315953087
2019-01-13 14:57:00,668804.0,757052.8558547398,757053.0,0.0,88249.0,88249.0,False,661447.8125,21696.041421859743,95605.0433547398
2019-01-13 14:58:00,684670.0,747756.1659057912,747757.0,0.0,63087.0,63087.0,False,652341.1875,21652.909209786678,95414.97840579126
2019-01-13 14:59:00,662318.0,761485.380671589,761486.0,0.0,99168.0,99168.0,False,665026.0,21889.919664724242,96459.38067158902
2019-01-13 15:00:00,770040.0,784346.5928129769,784347.0,0.0,14307.0,14307.0,False,687859.3125,21896.25104384366,96487.28031297693
2019-01-13 15:01:00,715240.0,793105.6525892117,793106.0,0.0,77866.0,77866.0,False,692087.6875,22924.417771511435,101017.96508921169
2019-01-13 15:02:00,712088.0,787949.6390131834,787950.0,0.0,75862.0,75862.0,False,686712.5625,22974.141618326223,101237.07651318338
2019-01-13 15:03:00,673879.0,797021.8877049631,797022.0,0.0,123143.0,123143.0,False,695317.3125,23080.232998295396,101704.57520496304
2019-01-13 15:04:00,703961.0,766359.7173400368,766360.0,0.0,62399.0,62399.0,False,663775.3125,23279.89631664055,102584.40484003678
2019-01-13 15:05:00,714973.0,820359.8905658706,820360.0,0.0,105387.0,105387.0,False,716155.0625,23647.625551364967,104204.82806587056
2019-01-13 15:06:00,724390.0,829347.4089663839,829348.0,0.0,104958.0,104958.0,False,725017.125,23676.095769238884,104330.28396638393
2019-01-13 15:07:00,746656.0,827524.5437282877,827525.0,0.0,80869.0,80869.0,False,730889.1875,21929.854513696624,96635.35622828771
2019-01-13 15:08:00,732936.0,840448.3533278981,840449.0,0.0,107513.0,107513.0,False,748305.5625,20910.338371063808,92142.79082789808
2019-01-13 15:09:00,706986.0,815992.772473531,815993.0,0.0,109007.0,109007.0,False,723419.75,21007.97258864386,92573.022473531
2019-01-13 15:10:00,653634.0,804890.5938247624,804891.0,0.0,151257.0,151257.0,False,713098.75,20830.696539945566,91791.84382476234
2019-01-13 15:11:00,662154.0,757168.4356494481,757169.0,0.0,95015.0,95015.0,False,657962.125,22513.29165945724,99206.3106494481
2019-01-13 15:12:00,663618.0,762081.3351380444,762082.0,0.0,98464.0,98464.0,False,662909.9375,22505.368707748865,99171.3976380444
2019-01-13 15:13:00,682962.0,751608.4090695452,751609.0,0.0,68647.0,68647.0,False,652692.3125,22447.43219767742,98916.09656954523
2019-01-13 15:14:00,668688.0,767607.0960627322,767608.0,0.0,98920.0,98920.0,False,667812.375,22646.822028271527,99794.72106273215
2019-01-13 15:15:00,713436.0,765537.8555656553,765538.0,0.0,52102.0,52102.0,False,665821.1875,22629.109144115442,99716.66806565528
2019-01-13 15:16:00,708157.0,794796.065966836,794797.0,0.0,86640.0,86640.0,False,695265.5625,22586.86205436431,99530.50346683593
2019-01-13 15:17:00,685602.0,791925.1921903198,791926.0,0.0,106324.0,106324.0,False,692353.625,22596.180812186907,99571.5671903198
2019-01-13 15:18:00,685269.0,794050.9061042311,794051.0,0.0,108782.0,108782.0,False,694610.0,22566.52936037503,99440.9061042311
2019-01-13 15:19:00,651020.0,785561.5468618874,785562.0,0.0,134542.0,134542.0,False,685709.75,22659.774471565393,99851.79686188749
2019-01-13 15:20:00,694450.0,758195.0873842165,758196.0,0.0,63746.0,63746.0,False,655934.375,23206.43947081954,102260.71238421652
2019-01-13 15:21:00,671025.0,778369.4026861486,778370.0,0.0,107345.0,107345.0,False,674483.625,23575.222150757498,103885.7776861486
2019-01-13 15:22:00,662671.0,763609.5290365783,763610.0,0.0,100939.0,100939.0,False,659575.375,23608.89379957419,104034.15403657823
2019-01-13 15:23:00,664774.0,761289.0148626398,761290.0,0.0,96516.0,96516.0,False,659419.75,23117.606692290272,101869.2648626398
2019-01-13 15:24:00,665985.0,764867.3872194075,764868.0,0.0,98883.0,98883.0,False,662998.375,23117.549358933786,101869.01221940752
2019-01-13 15:25:00,659305.0,787360.3093511476,787361.0,0.0,128056.0,128056.0,False,685468.0,23122.83627181523,101892.3093511476
2019-01-13 15:26:00,665688.0,764246.3254300704,764247.0,0.0,98559.0,98559.0,False,661244.5625,23374.609085877193,103001.76293007036
2019-01-13 15:27:00,658409.0,760142.4475016987,760143.0,0.0,101734.0,101734.0,False,658034.5625,23171.757731183723,102107.88500169874
2019-01-13 15:28:00,648620.0,762642.4179871035,762643.0,0.0,114023.0,114023.0,False,660688.0,23136.930837238448,101954.41798710343
2019-01-13 15:29:00,654583.0,750246.5809730855,750247.0,0.0,95664.0,95664.0,False,647779.3125,23253.314084362788,102467.2684730855
2019-01-13 15:30:00,745496.0,789405.4254665335,789406.0,0.0,43910.0,43910.0,False,687457.0,23135.5709301672,101948.42546653356
2019-01-13 15:31:00,704012.0,780301.6424058916,780302.0,0.0,76290.0,76290.0,False,683072.125,22064.68992685285,97229.51740589162
2019-01-13 15:32:00,668458.0,777583.6877845022,777584.0,0.0,109126.0,109126.0,False,680007.0625,22143.460529824544,97576.62528450214
2019-01-13 15:33:00,682099.0,761367.4590374541,761368.0,0.0,79269.0,79269.0,False,665100.5,21846.25264049455,96266.95903745414
2019-01-13 15:34:00,682055.0,766310.6618241621,766311.0,0.0,84256.0,84256.0,False,670807.0625,21673.020315313635,95503.59932416207
2019-01-13 15:35:00,701764.0,783097.5388441306,783098.0,0.0,81334.0,81334.0,False,688479.8125,21471.98555611213,94617.72634413058
2019-01-13 15:36:00,672246.0,802679.9646684201,802680.0,0.0,130434.0,130434.0,False,708069.125,21470.422734777305,94610.83966842019
2019-01-13 15:37:00,661032.0,781136.1266095217,781137.0,0.0,120105.0,120105.0,False,684007.6875,22041.751817858356,97128.43910952163
2019-01-13 15:38:00,659673.0,755355.3765385736,755356.0,0.0,95683.0,95683.0,False,656917.875,22338.822680314108,98437.5015385736
2019-01-13 15:39:00,654239.0,757178.1212708718,757179.0,0.0,102940.0,102940.0,False,658738.5,22339.303719787895,98439.62127087188
2019-01-13 15:40:00,687165.0,784449.8765155445,784450.0,0.0,97285.0,97285.0,False,685830.875,22380.01120845289,98619.00151554444
2019-01-13 15:41:00,674724.0,773038.9541409446,773039.0,0.0,98315.0,98315.0,False,674385.625,22387.801316134064,98653.32914094465
2019-01-13 15:42:00,695768.0,760295.6892521491,760296.0,0.0,64528.0,64528.0,False,661680.3125,22379.188626149575,98615.37675214904
2019-01-13 15:43:00,665641.0,781000.5274965125,781001.0,0.0,115360.0,115360.0,False,681431.375,22595.632835897955,99569.15249651257
2019-01-13 15:44:00,669401.0,766170.129031922,766171.0,0.0,96770.0,96770.0,False,665943.5,22744.83666077584,100226.62903192197
2019-01-13 15:45:00,675442.0,788832.9762192173,788833.0,0.0,113391.0,113391.0,False,688597.5,22746.844388980255,100235.47621921735
2019-01-13 15:46:00,684662.0,771974.0008368671,771975.0,0.0,87313.0,87313.0,False,671347.0,22835.694663235034,100627.0008368672
2019-01-13 15:47:00,659798.0,775027.3186630113,775028.0,0.0,115230.0,115230.0,False,674482.3125,22817.087278332237,100545.00616301126
2019-01-13 15:48:00,666001.0,758523.9643831572,758524.0,0.0,92523.0,92523.0,False,657578.6875,22907.92234120669,100945.27688315714
2019-01-13 15:49:00,660719.0,759988.9413613091,759989.0,0.0,99270.0,99270.0,False,659232.0625,22865.168411681814,100756.87886130912
2019-01-13 15:50:00,691263.0,764208.6495871521,764209.0,0.0,72946.0,72946.0,False,663506.4375,22852.762658231037,100702.2120871521
2019-01-13 15:51:00,675282.0,778519.4992046045,778520.0,0.0,103238.0,103238.0,False,677154.75,23003.114901579036,101364.74920460455
2019-01-13 15:52:00,669730.0,782358.8235621422,782359.0,0.0,112629.0,112629.0,False,681662.125,22851.511451570834,100696.69856214225
2019-01-13 15:53:00,673436.0,766661.626379432,766662.0,0.0,93226.0,93226.0,False,665580.0,22938.86468708328,101081.626379432
2019-01-13 15:54:00,660719.0,764326.087674326,764327.0,0.0,103608.0,103608.0,False,663234.75,22941.068510740348,101091.33767432599
2019-01-13 15:55:00,665361.0,768268.3185226693,768269.0,0.0,102908.0,102908.0,False,667961.75,22762.97765461504,100306.56852266923
2019-01-13 15:56:00,659396.0,769606.7788216895,769607.0,0.0,110211.0,110211.0,False,669300.9375,22762.812627938372,100305.84132168953
2019-01-13 15:57:00,654640.0,755530.26848127,755531.0,0.0,100891.0,100891.0,False,655296.25,22746.51357857759,100234.01848126996
2019-01-13 15:58:00,656073.0,754510.3335753123,754511.0,0.0,98438.0,98438.0,False,654257.4375,22750.797547790033,100252.89607531222
2019-01-13 15:59:00,662221.0,754224.2494376424,754225.0,0.0,92004.0,92004.0,False,655291.4375,22451.225484159928,98932.81193764237
2019-01-13 16:00:00,774156.0,796929.7074704058,796930.0,0.0,22774.0,22774.0,False,698043.375,22440.677709575622,98886.33247040589
2019-01-13 16:01:00,723548.0,800729.891245502,800730.0,0.0,77182.0,77182.0,False,703355.125,22097.651836916244,97374.76624550208
2019-01-13 16:02:00,722018.0,796055.308154843,796056.0,0.0,74038.0,74038.0,False,698859.0625,22057.13943303373,97196.2456548431
2019-01-13 16:03:00,707953.0,807886.705101999,807887.0,0.0,99934.0,99934.0,False,710843.875,22022.324217513007,97042.83010199897
2019-01-13 16:04:00,689574.0,783833.6359984435,783834.0,0.0,94260.0,94260.0,False,687772.875,21799.459280662242,96060.76099844348
2019-01-13 16:05:00,697368.0,791551.4370196647,791552.0,0.0,94184.0,94184.0,False,697784.5625,21278.8982902136,93766.87451966469
2019-01-13 16:06:00,748907.0,807365.555562215,807366.0,0.0,58459.0,58459.0,False,713609.125,21276.528200462224,93756.43056221507
2019-01-13 16:07:00,744555.0,849858.7915677427,849859.0,0.0,105304.0,105304.0,False,754397.125,21663.504344311645,95461.6665677427
2019-01-13 16:08:00,732881.0,846452.4369520458,846453.0,0.0,113572.0,113572.0,False,750940.1875,21674.983324024095,95512.24945204578
2019-01-13 16:09:00,727114.0,821643.4349289375,821644.0,0.0,94530.0,94530.0,False,725948.875,21716.355782207138,95694.55992893751
2019-01-13 16:10:00,766940.0,835449.5419342174,835450.0,0.0,68510.0,68510.0,False,740416.0,21566.348279560778,95033.54193421743
2019-01-13 16:11:00,713251.0,836858.0772043836,836859.0,0.0,123608.0,123608.0,False,748113.875,20139.082828842704,88744.20220438356
2019-01-13 16:12:00,691785.0,791677.6087411109,791678.0,0.0,99893.0,99893.0,False,700126.0,20776.17901510595,91551.60874111095
2019-01-13 16:13:00,672490.0,777517.9574781427,777518.0,0.0,105028.0,105028.0,False,685707.5,20834.920612029862,91810.4574781427
2019-01-13 16:14:00,672328.0,761773.9618581603,761774.0,0.0,89446.0,89446.0,False,670683.25,20671.585810471337,91090.7118581603
2019-01-13 16:15:00,711958.0,778887.4221559186,778888.0,0.0,66930.0,66930.0,False,687802.8125,20670.20101289208,91084.60965591851
2019-01-13 16:16:00,688169.0,787099.4453843405,787100.0,0.0,98931.0,98931.0,False,698772.3125,20044.435591354762,88327.1328843405
2019-01-13 16:17:00,703030.0,771700.3317247942,771701.0,0.0,68671.0,68671.0,False,683221.0625,20078.96051000374,88479.26922479425
2019-01-13 16:18:00,680745.0,781463.9402947427,781464.0,0.0,100719.0,100719.0,False,692636.5625,20157.958203931685,88827.37779474269
2019-01-13 16:19:00,674399.0,763751.9790336267,763752.0,0.0,89353.0,89353.0,False,674796.875,20186.943638928078,88955.1040336267
2019-01-13 16:20:00,700500.0,777951.8799567686,777952.0,0.0,77452.0,77452.0,False,691649.625,19584.921805792186,86302.25495676855
2019-01-13 16:21:00,665555.0,772238.9192309257,772239.0,0.0,106684.0,106684.0,False,688218.5625,19067.081358352018,84020.35673092569
2019-01-13 16:22:00,658873.0,753611.2386999151,753612.0,0.0,94739.0,94739.0,False,668408.5625,19335.389925274427,85202.67619991508
2019-01-13 16:23:00,676192.0,741506.5316146293,741507.0,0.0,65315.0,65315.0,False,656017.0,19400.487191499506,85489.53161462926
2019-01-13 16:24:00,665171.0,751882.4971803718,751883.0,0.0,86712.0,86712.0,False,665835.0,19527.10858720772,86047.49718037179
2019-01-13 16:25:00,673802.0,765278.9092098104,765279.0,0.0,91477.0,91477.0,False,679207.8125,19532.46412442909,86071.09670981043
2019-01-13 16:26:00,678406.0,743253.1809503215,743254.0,0.0,64848.0,64848.0,False,658662.6875,19196.464803472543,84590.49345032143
2019-01-13 16:27:00,652283.0,760569.2970423019,760570.0,0.0,108287.0,108287.0,False,675467.0,19312.6104746822,85102.29704230189
2019-01-13 16:28:00,658141.0,741090.444238819,741091.0,0.0,82950.0,82950.0,False,654684.8125,19608.38151949267,86405.63173881896
2019-01-13 16:29:00,649292.0,742415.8761333063,742416.0,0.0,93124.0,93124.0,False,656447.0625,19509.25260977755,85968.81363330627
2019-01-13 16:30:00,717142.0,771488.8626549453,771489.0,0.0,54347.0,54347.0,False,685342.8125,19549.473614653627,86146.05015494538
2019-01-13 16:31:00,700782.0,759779.8912894451,759780.0,0.0,58998.0,58998.0,False,677884.1875,18584.92522298581,81895.70378944505
2019-01-13 16:32:00,682832.0,757688.178528279,757689.0,0.0,74857.0,74857.0,False,675643.625,18618.704299758887,82044.55352827894
2019-01-13 16:33:00,685378.0,759239.7776989115,759240.0,0.0,73862.0,73862.0,False,677566.8125,18534.37824850737,81672.96519891152
2019-01-13 16:34:00,668681.0,755871.0179358231,755872.0,0.0,87191.0,87191.0,False,674544.25,18455.814295220607,81326.7679358231
2019-01-13 16:35:00,681835.0,753807.0932633645,753808.0,0.0,71973.0,71973.0,False,672480.0625,18455.873939743786,81327.03076336447
2019-01-13 16:36:00,650918.0,752207.775789163,752208.0,0.0,101290.0,101290.0,False,671018.4375,18424.6268264229,81189.33828916299
2019-01-13 16:37:00,638477.0,729735.2075818527,729736.0,0.0,91259.0,91259.0,False,650485.625,17984.430172592227,79249.5825818527
2019-01-13 16:38:00,656095.0,721139.8101131846,721140.0,0.0,65045.0,65045.0,False,642806.1875,17776.567650661767,78333.62261318465
2019-01-13 16:39:00,667420.0,731294.8462015423,731295.0,0.0,63875.0,63875.0,False,652743.875,17825.891450019222,78550.97120154228
2019-01-13 16:40:00,686251.0,768182.0017038619,768183.0,0.0,81932.0,81932.0,False,689487.375,17858.491777569285,78694.62670386181
2019-01-13 16:41:00,667463.0,751341.8685814064,751342.0,0.0,83879.0,83879.0,False,672565.6875,17876.999244238963,78776.18108140638
2019-01-13 16:42:00,660373.0,744230.1148425555,744231.0,0.0,83858.0,83858.0,False,665326.875,17905.833205797586,78903.23984255549
2019-01-13 16:43:00,663879.0,746595.6489285922,746596.0,0.0,82717.0,82717.0,False,669577.4375,17478.05603928368,77018.21142859221
2019-01-13 16:44:00,668478.0,741272.1236984244,741273.0,0.0,72795.0,72795.0,False,664825.9375,17348.24402673097,76446.18619842448
2019-01-13 16:45:00,693219.0,768559.0740496761,768560.0,0.0,75341.0,75341.0,False,692112.25,17348.388776910364,76446.82404967613
2019-01-13 16:46:00,688619.0,746414.9624803949,746415.0,0.0,57796.0,57796.0,False,670508.9375,17225.66304407958,75906.02498039487
2019-01-13 16:47:00,665934.0,750959.3869089247,750960.0,0.0,85026.0,85026.0,False,674795.125,17284.26580081124,76164.26190892473
2019-01-13 16:48:00,653382.0,740534.8577544352,740535.0,0.0,87153.0,87153.0,False,664740.6875,17200.27939607842,75794.17025443516
2019-01-13 16:49:00,655001.0,734523.302891515,734524.0,0.0,79523.0,79523.0,False,658350.0,17286.317507770305,76173.30289151499
2019-01-13 16:50:00,675438.0,752125.6574192588,752126.0,0.0,76688.0,76688.0,False,675875.1875,17303.82933530141,76250.46991925882
2019-01-13 16:51:00,654609.0,737772.3069519992,737773.0,0.0,83164.0,83164.0,False,662862.875,16999.50213387969,74909.43195199926
2019-01-13 16:52:00,650161.0,723560.8931675237,723561.0,0.0,73400.0,73400.0,False,648449.75,17045.277280605304,75111.1431675237
2019-01-13 16:53:00,664103.0,725586.6527623446,725587.0,0.0,61484.0,61484.0,False,650913.8125,16945.811419261543,74672.84026234462
2019-01-13 16:54:00,675269.0,732949.8972587398,732950.0,0.0,57681.0,57681.0,False,658091.4375,16987.93480670202,74858.45975873982
2019-01-13 16:55:00,672146.0,762757.9986106752,762758.0,0.0,90612.0,90612.0,False,687505.5,17077.355646371452,75252.49861067526
2019-01-13 16:56:00,656207.0,753538.4996418443,753539.0,0.0,97332.0,97332.0,False,677645.1875,17222.778067909872,75893.3121418443
2019-01-13 16:57:00,654471.0,735031.9127290595,735032.0,0.0,80561.0,80561.0,False,658247.875,17424.914049000578,76784.03772905943
2019-01-13 16:58:00,659944.0,729852.5470757486,729853.0,0.0,69909.0,69909.0,False,653007.5,17438.759148238463,76845.0470757486
2019-01-13 16:59:00,661193.0,730245.0925524265,730246.0,0.0,69053.0,69053.0,False,653358.3125,17448.229782410996,76886.78005242653
2019-01-13 17:00:00,758438.0,770454.0384944123,770455.0,0.0,12017.0,12017.0,False,693548.625,17452.45834520402,76905.41349441232
2019-01-13 17:01:00,680898.0,767711.307678777,767712.0,0.0,86814.0,86814.0,False,694092.25,16706.672250652155,73619.05767877701
2019-01-13 17:02:00,678445.0,745914.3313295073,745915.0,0.0,67470.0,67470.0,False,672510.8125,16657.759142748175,73403.51882950733
2019-01-13 17:03:00,688860.0,746096.3824066862,746097.0,0.0,57237.0,57237.0,False,673681.875,16433.31875714423,72414.50740668619
2019-01-13 17:04:00,675094.0,748421.8445091776,748422.0,0.0,73328.0,73328.0,False,675642.8125,16516.04180811964,72779.0320091776
2019-01-13 17:05:00,696015.0,767951.5161905625,767952.0,0.0,71937.0,71937.0,False,695160.75,16518.70469363744,72790.76619056247
2019-01-13 17:06:00,769105.0,786738.482479047,786739.0,0.0,17634.0,17634.0,False,713956.3125,16516.753920387757,72782.16997904699
2019-01-13 17:07:00,783213.0,844951.421259816,844952.0,0.0,61739.0,61739.0,False,768442.0625,17362.580033081507,76509.35875981607
2019-01-13 17:08:00,751192.0,854790.542054881,854791.0,0.0,103599.0,103599.0,False,778262.6875,17366.777359098807,76527.85455488096
2019-01-13 17:09:00,672210.0,802175.8433822525,802176.0,0.0,129966.0,129966.0,False,724701.8125,17581.49700223381,77474.0308822525
2019-01-13 17:10:00,693032.0,764864.2952573514,764865.0,0.0,71833.0,71833.0,False,681441.8125,18931.403385302103,83422.48275735136
2019-01-13 17:11:00,666831.0,756396.4695188794,756397.0,0.0,89566.0,89566.0,False,674007.8125,18696.793104737226,82388.65701887938
2019-01-13 17:12:00,666009.0,745348.2107305339,745349.0,0.0,79340.0,79340.0,False,665438.25,18134.292472374007,79909.96073053389
2019-01-13 17:13:00,654956.0,741125.8284319276,741126.0,0.0,86170.0,86170.0,False,661418.9375,18088.20901686273,79706.89093192754
2019-01-13 17:14:00,646712.0,739014.2309047712,739015.0,0.0,92303.0,92303.0,False,659629.0,18015.213398346626,79385.2309047713
2019-01-13 17:15:00,680846.0,738230.4285214623,738231.0,0.0,57385.0,57385.0,False,658405.0,18115.109234281685,79825.42852146219
2019-01-13 17:16:00,668214.0,745199.6237755191,745200.0,0.0,76986.0,76986.0,False,665524.6875,18080.957416688383,79674.93627551907
2019-01-13 17:17:00,670412.0,746806.129417442,746807.0,0.0,76395.0,76395.0,False,667440.5,18010.765153085667,79365.62941744202
2019-01-13 17:18:00,680533.0,753777.8357192293,753778.0,0.0,73245.0,73245.0,False,675078.1875,17859.6313304798,78699.64821922935
2019-01-13 17:19:00,653421.0,745145.8135649757,745146.0,0.0,91725.0,91725.0,False,666800.3125,17779.263276049754,78345.50106497573
2019-01-13 17:20:00,688779.0,760267.3378680326,760268.0,0.0,71489.0,71489.0,False,681458.8125,17884.339264783695,78808.52536803264
2019-01-13 17:21:00,663071.0,749764.5812676339,749765.0,0.0,86694.0,86694.0,False,670996.5,17875.161120548513,78768.08126763391
2019-01-13 17:22:00,637462.0,734519.5895019866,734520.0,0.0,97058.0,97058.0,False,656791.125,17639.236658628113,77728.46450198661
2019-01-13 17:23:00,667585.0,717512.5213025118,717513.0,0.0,49928.0,49928.0,False,639124.875,17788.827466255945,78387.64630251176
2019-01-13 17:24:00,656106.0,731071.0548961277,731072.0,0.0,74966.0,74966.0,False,651916.5625,17962.85096990679,79154.4923961277
2019-01-13 17:25:00,657542.0,742909.041029788,742910.0,0.0,85368.0,85368.0,False,663757.25,17962.237937853828,79151.79102978802
2019-01-13 17:26:00,668531.0,728682.9131679541,728683.0,0.0,60152.0,60152.0,False,649505.5,17968.05247390195,79177.41316795412
2019-01-13 17:27:00,643634.0,731043.8431081582,731044.0,0.0,87410.0,87410.0,False,651917.6875,17956.42038733525,79126.15560815821
2019-01-13 17:28:00,655382.0,732493.5052829812,732494.0,0.0,77112.0,77112.0,False,654457.9375,17708.928855519087,78035.56778298125
2019-01-13 17:29:00,654596.0,726254.1152157777,726255.0,0.0,71659.0,71659.0,False,648219.0625,17708.81196922322,78035.05271577768
2019-01-13 17:30:00,723692.0,765646.7766913971,765647.0,0.0,41955.0,41955.0,False,687759.0,17675.39002187309,77887.77669139704
2019-01-13 17:31:00,678852.0,761789.541339569,761790.0,0.0,82938.0,82938.0,False,683362.8125,17797.696625383047,78426.72883956906
2019-01-13 17:32:00,670316.0,750013.6168942993,750014.0,0.0,79698.0,79698.0,False,672383.5,17616.91823592516,77630.1168942993
2019-01-13 17:33:00,667607.0,751881.6870707971,751882.0,0.0,84275.0,84275.0,False,674277.8125,17610.962958695724,77603.87457079708
2019-01-13 17:34:00,653744.0,743376.9690546454,743377.0,0.0,89633.0,89633.0,False,665705.9375,17626.203166243486,77671.03155464533
2019-01-13 17:35:00,665028.0,744411.8369736738,744412.0,0.0,79384.0,79384.0,False,666476.375,17686.211436969883,77935.46197367375
2019-01-13 17:36:00,656180.0,745577.7496353667,745578.0,0.0,89398.0,89398.0,False,667758.25,17659.89563178847,77819.49963536677
2019-01-13 17:37:00,649793.0,740425.1468108656,740426.0,0.0,90633.0,90633.0,False,663217.3125,17521.087931367783,77207.83431086566
2019-01-13 17:38:00,662089.0,733898.2448160902,733899.0,0.0,71810.0,71810.0,False,656606.625,17540.101716918376,77291.61981609015
2019-01-13 17:39:00,663837.0,738711.4795508905,738712.0,0.0,74875.0,74875.0,False,661683.5,17480.27275901478,77027.97955089048
2019-01-13 17:40:00,700014.0,782588.1157760925,782589.0,0.0,82575.0,82575.0,False,705942.5625,17393.487208716568,76645.55327609245
2019-01-13 17:41:00,683230.0,760889.2865432505,760890.0,0.0,77660.0,77660.0,False,684179.875,17407.97882506625,76709.41154325061
2019-01-13 17:42:00,678326.0,756514.4044189081,756515.0,0.0,78189.0,78189.0,False,679876.4375,17391.76560581845,76637.96691890805
2019-01-13 17:43:00,683992.0,760833.5226702964,760834.0,0.0,76842.0,76842.0,False,684258.3125,17377.52396155364,76575.21017029637
2019-01-13 17:44:00,682608.0,758784.4482896952,758785.0,0.0,76177.0,76177.0,False,682305.0,17355.792328417414,76479.4482896952
2019-01-13 17:45:00,732398.0,774685.5416887826,774686.0,0.0,42288.0,42288.0,False,698217.0625,17353.303065723652,76468.47918878269
2019-01-13 17:46:00,725063.0,780939.429542993,780940.0,0.0,55877.0,55877.0,False,702237.0,17860.26250759626,78702.429542993
2019-01-13 17:47:00,698976.0,787246.1440270822,787247.0,0.0,88271.0,88271.0,False,708181.875,17942.376213729258,79064.2690270822
2019-01-13 17:48:00,666572.0,777161.0589692019,777162.0,0.0,110590.0,110590.0,False,698081.5,17945.846022495884,79079.55896920185
2019-01-13 17:49:00,665814.0,755201.7583582567,755202.0,0.0,89388.0,89388.0,False,674242.375,18372.442218466684,80959.38335825667
2019-01-13 17:50:00,705222.0,765613.3040866277,765614.0,0.0,60392.0,60392.0,False,684505.625,18406.095571391623,81107.67908662763
2019-01-13 17:51:00,662497.0,780790.2630714127,780791.0,0.0,118294.0,118294.0,False,698961.25,18569.79082703649,81829.01307141273
2019-01-13 17:52:00,649505.0,751992.8796661915,751993.0,0.0,102488.0,102488.0,False,667544.1875,19164.285261199442,84448.69216619153
2019-01-13 17:53:00,659406.0,747427.8905502233,747428.0,0.0,88022.0,88022.0,False,662281.125,19322.70189408831,85146.76555022334
2019-01-13 17:54:00,652645.0,751929.9810419533,751930.0,0.0,99285.0,99285.0,False,667049.75,19262.216133830607,84880.23104195329
2019-01-13 17:55:00,704683.0,769543.8672486041,769544.0,0.0,64861.0,64861.0,False,684782.3125,19235.284439790736,84761.55474860402
2019-01-13 17:56:00,722074.0,773842.8813885008,773843.0,0.0,51769.0,51769.0,False,688834.1875,19291.368730200677,85008.69388850074
2019-01-13 17:57:00,687441.0,795702.5449330049,795703.0,0.0,108262.0,108262.0,False,709717.125,19513.02114492467,85985.41993300484
2019-01-13 17:58:00,684259.0,770403.3208882053,770404.0,0.0,86145.0,86145.0,False,683413.5,19740.953939718016,86989.82088820531
2019-01-13 17:59:00,674139.0,766357.7195720726,766358.0,0.0,92219.0,92219.0,False,679427.125,19727.513470857913,86930.59457207266
2019-01-13 18:00:00,765020.0,788094.1398132553,788095.0,0.0,23075.0,23075.0,False,701171.125,19725.793365354082,86923.01481325533
2019-01-13 18:01:00,711871.0,811624.9272825744,811625.0,0.0,99754.0,99754.0,False,724947.75,19670.004454418595,86677.17728257441
2019-01-13 18:02:00,704634.0,788694.85393142,788695.0,0.0,84061.0,84061.0,False,702023.875,19668.59783737544,86670.97893141996
2019-01-13 18:03:00,703953.0,790604.7416533645,790605.0,0.0,86652.0,86652.0,False,703974.8125,19659.28224424564,86629.92915336449
2019-01-13 18:04:00,698045.0,786280.2657430257,786281.0,0.0,88236.0,88236.0,False,700035.4375,19571.8897280234,86244.82824302567
2019-01-13 18:05:00,783279.0,796446.5221228395,796447.0,0.0,13168.0,13168.0,False,710191.1875,19574.27398353581,86255.33462283941
2019-01-13 18:06:00,866343.0,853806.5442583939,853807.0,12536.0,0.0,125360.0,True,758362.875,21659.42014168581,95443.66925839393
2019-01-13 18:07:00,802998.0,958757.246167622,958758.0,0.0,155760.0,155760.0,True,850038.1875,24672.058266279586,108719.058667622
2019-01-13 18:08:00,683463.0,887854.1448209615,887855.0,0.0,204392.0,204392.0,False,775807.0,25427.31439613095,112047.14482096155
2019-01-13 18:09:00,685750.0,817911.1190458566,817912.0,0.0,132162.0,132162.0,False,694920.875,27910.67642114355,122990.24404585658
2019-01-13 18:10:00,708719.0,815171.9533859241,815172.0,0.0,106453.0,106453.0,False,695864.0,27075.03922166246,119307.95338592408
2019-01-13 18:11:00,687585.0,847279.4674638209,847280.0,0.0,159695.0,159695.0,False,727934.25,27083.49571045455,119345.21746382088
2019-01-13 18:12:00,681543.0,816708.3685469071,816709.0,0.0,135166.0,135166.0,False,695147.75,27586.245690770193,121560.6185469071
2019-01-13 18:13:00,679819.0,817062.89434594,817063.0,0.0,137244.0,137244.0,False,695230.25,27647.97761197996,121832.64434593996
2019-01-13 18:14:00,676368.0,814996.4136339182,814997.0,0.0,138629.0,138629.0,False,692892.0625,27709.63713871331,122104.35113391813
2019-01-13 18:15:00,682968.0,814728.5892764678,814729.0,0.0,131761.0,131761.0,False,692479.75,27742.426420698077,122248.83927646776
2019-01-13 18:16:00,669888.0,809936.6701095317,809937.0,0.0,140049.0,140049.0,False,688226.9375,27620.0847516164,121709.73260953171
2019-01-13 18:17:00,673814.0,814426.3078727275,814427.0,0.0,140613.0,140613.0,False,692298.5625,27714.94608849704,122127.74537272751
2019-01-13 18:18:00,669415.0,802946.9870674317,802947.0,0.0,133532.0,133532.0,False,680418.125,27805.973131819526,122528.86206743163
2019-01-13 18:19:00,654622.0,805207.1331854245,805208.0,0.0,150586.0,150586.0,False,682601.4375,27823.409297319482,122605.69568542446
2019-01-13 18:20:00,687399.0,821690.6322170584,821691.0,0.0,134292.0,134292.0,False,698339.0,27992.687709007027,123351.63221705845
2019-01-13 18:21:00,650990.0,810364.4979592138,810365.0,0.0,159375.0,159375.0,False,686999.875,27995.63575097231,123364.62295921375
2019-01-13 18:22:00,650098.0,791615.2379023954,791616.0,0.0,141518.0,141518.0,False,666782.6875,28328.758497367424,124832.55040239546
2019-01-13 18:23:00,649261.0,788208.5149446186,788209.0,0.0,138948.0,138948.0,False,663484.8125,28304.057187501912,124723.70244461863
2019-01-13 18:24:00,641848.0,784852.0108180644,784853.0,0.0,143005.0,143005.0,False,661194.875,28062.01688401049,123657.13581806449
2019-01-13 18:25:00,649331.0,799587.6022910317,799588.0,0.0,150257.0,150257.0,False,675650.125,28125.63591493539,123937.47729103168
2019-01-13 18:26:00,658093.0,778344.9109045938,778345.0,0.0,120252.0,120252.0,False,653733.0625,28278.673695162728,124611.84840459374
2019-01-13 18:27:00,678305.0,784337.4833027814,784338.0,0.0,106033.0,106033.0,False,660312.375,28145.52237692575,124025.10830278137
2019-01-13 18:28:00,682351.0,798441.8908852601,798442.0,0.0,116091.0,116091.0,False,673839.875,28276.442361550402,124602.01588526003
2019-01-13 18:29:00,664525.0,808757.0992901612,808758.0,0.0,144233.0,144233.0,False,683997.25,28312.260138210804,124759.84929016116
2019-01-13 18:30:00,716808.0,830322.571814233,830323.0,0.0,113515.0,113515.0,False,705355.125,28359.371088881326,124967.446814233
2019-01-13 18:31:00,695392.0,823900.9435944778,823901.0,0.0,128509.0,128509.0,False,700693.1875,27960.037315203597,123207.7560944778
2019-01-13 18:32:00,673946.0,808826.7228357971,808827.0,0.0,134881.0,134881.0,False,685617.25,27960.426902295123,123209.47283579718
2019-01-13 18:33:00,667668.0,798655.40656761,798656.0,0.0,130988.0,130988.0,False,675377.75,27975.90011393541,123277.65656760994
2019-01-13 18:34:00,658330.0,792596.6012682692,792597.0,0.0,134267.0,134267.0,False,669310.9375,27977.717220555325,123285.66376826924
2019-01-13 18:35:00,644924.0,795825.0159839684,795826.0,0.0,150902.0,150902.0,False,672557.9375,27973.499586381666,123267.07848396843
2019-01-13 18:36:00,659501.0,778304.2463201941,778305.0,0.0,118804.0,118804.0,False,654346.375,28130.26401493869,123957.87132019407
2019-01-13 18:37:00,613804.0,785848.417116419,785849.0,0.0,172045.0,172045.0,False,661832.375,28143.464950372127,124016.04211641892
2019-01-13 18:38:00,647160.0,764414.8898783985,764415.0,0.0,117255.0,117255.0,False,638069.8125,28672.00239718222,126345.07737839856
2019-01-13 18:39:00,641339.0,781062.677356647,781063.0,0.0,139724.0,139724.0,False,654604.5625,28697.65445197185,126458.11485664701
2019-01-13 18:40:00,678553.0,796542.982636107,796543.0,0.0,117990.0,117990.0,False,670064.875,28702.191494747858,126478.10763610702
2019-01-13 18:41:00,670394.0,825133.613808689,825134.0,0.0,154740.0,154740.0,False,698421.9375,28755.1961838037,126711.67630868903
2019-01-13 18:42:00,653869.0,794592.1270542868,794593.0,0.0,140724.0,140724.0,False,667237.125,28901.18871238242,127355.00205428674
2019-01-13 18:43:00,633408.0,797096.7073690719,797097.0,0.0,163689.0,163689.0,False,669682.5,28914.62441532129,127414.20736907185
2019-01-13 18:44:00,669010.0,776755.8471759012,776756.0,0.0,107746.0,107746.0,False,648213.9375,29170.53848744521,128541.90967590116
2019-01-13 18:45:00,673665.0,798596.0631415669,798597.0,0.0,124932.0,124932.0,False,669202.3125,29363.850223180187,129393.75064156698
2019-01-13 18:46:00,671413.0,798016.8908055954,798017.0,0.0,126604.0,126604.0,False,670526.125,28931.99813277097,127490.76580559548
2019-01-13 18:47:00,655035.0,797383.5691559404,797384.0,0.0,142349.0,142349.0,False,670920.5,28698.77875126523,126463.06915594047
2019-01-13 18:48:00,669761.0,794281.0998113083,794282.0,0.0,124521.0,124521.0,False,667719.1875,28721.209630619287,126561.91231130838
2019-01-13 18:49:00,659695.0,799083.2793532417,799084.0,0.0,139389.0,139389.0,False,673226.5625,28561.176756496177,125856.71685324164
2019-01-13 18:50:00,667841.0,809217.9892171416,809218.0,0.0,141377.0,141377.0,False,683299.875,28575.109910058236,125918.1142171417
2019-01-13 18:51:00,669240.0,809101.1199126815,809102.0,0.0,139862.0,139862.0,False,684048.125,28378.784866882703,125052.99491268155
2019-01-13 18:52:00,657337.0,796801.9755762832,796802.0,0.0,139465.0,139465.0,False,672811.125,28137.748131686774,123990.85057628322
2019-01-13 18:53:00,654750.0,788843.1476848237,788844.0,0.0,134094.0,134094.0,False,664920.5625,28122.25638869064,123922.58518482368
2019-01-13 18:54:00,670849.0,787956.3785920402,787957.0,0.0,117108.0,117108.0,False,664035.3125,28121.911654785414,123921.06609204016
2019-01-13 18:55:00,680219.0,800974.0959721692,800975.0,0.0,120756.0,120756.0,False,676904.0,28155.73161175545,124070.09597216925
2019-01-13 18:56:00,657712.0,815419.1004135807,815420.0,0.0,157708.0,157708.0,False,692132.625,27977.90141052772,123286.47541358064
2019-01-13 18:57:00,654332.0,788786.9283142814,788787.0,0.0,134455.0,134455.0,False,666671.0625,27712.250211971324,122115.86581428141
2019-01-13 18:58:00,649596.0,789206.8282340382,789207.0,0.0,139611.0,139611.0,False,667346.0625,27654.359312982437,121860.76573403816
2019-01-13 18:59:00,653071.0,782731.4420793364,782732.0,0.0,129661.0,129661.0,False,660833.6875,27662.75334212126,121897.75457933644
2019-01-13 19:00:00,737547.0,801657.8004801089,801658.0,0.0,64111.0,64111.0,False,679768.9375,27660.735535336407,121888.86298010888
2019-01-13 19:01:00,692288.0,813088.206907381,813089.0,0.0,120801.0,120801.0,False,692312.8125,27408.05158239674,120775.39440738097
2019-01-13 19:02:00,672907.0,806783.8485644278,806784.0,0.0,133877.0,133877.0,False,685961.5625,27418.692896891545,120822.28606442778
2019-01-13 19:03:00,662109.0,799785.3696052452,799786.0,0.0,137677.0,137677.0,False,679076.0625,27393.0541220716,120709.30710524523
2019-01-13 19:04:00,646339.0,794579.1624533976,794580.0,0.0,148241.0,148241.0,False,673855.8125,27396.240922730896,120723.34995339761
2019-01-13 19:05:00,657290.0,806164.4789502611,806165.0,0.0,148875.0,148875.0,False,685016.625,27492.57534167491,121147.85395026114
2019-01-13 19:06:00,715375.0,798550.4862720174,798551.0,0.0,83176.0,83176.0,False,686430.4375,25443.85878632652,112120.0487720174
2019-01-13 19:07:00,748863.0,826789.0677903777,826790.0,0.0,77927.0,77927.0,False,734586.9375,20923.80451668471,92202.13029037765
2019-01-13 19:08:00,725887.0,845888.9030737436,845889.0,0.0,120002.0,120002.0,False,754800.5,20671.061868631215,91088.40307374354
2019-01-13 19:09:00,742040.0,804858.2312422566,804859.0,0.0,62819.0,62819.0,False,725949.125,17907.164491747004,78909.10624225656
2019-01-13 19:10:00,754996.0,835251.3919245927,835252.0,0.0,80256.0,80256.0,False,755014.875,18208.399197963525,80236.51692459264
2019-01-13 19:11:00,686329.0,804105.423696354,804106.0,0.0,117777.0,117777.0,False,724692.25,18021.554569715303,79413.17369635408
2019-01-13 19:12:00,662331.0,751602.736072943,751603.0,0.0,89272.0,89272.0,False,672432.0,17966.537213567815,79170.73607294301
2019-01-13 19:13:00,651222.0,744547.4324091891,744548.0,0.0,93326.0,93326.0,False,665411.8125,17958.568159670154,79135.61990918907
2019-01-13 19:14:00,634685.0,735069.1375520696,735070.0,0.0,100385.0,100385.0,False,655960.6875,17952.40239346364,79108.45005206966
2019-01-13 19:15:00,693681.0,737438.6880393263,737439.0,0.0,43758.0,43758.0,False,658145.625,17994.297369690714,79293.06303932639
2019-01-13 19:16:00,682975.0,767422.1194043345,767423.0,0.0,84448.0,84448.0,False,684170.5625,18892.614486129056,83251.55690433444
2019-01-13 19:17:00,666129.0,766374.8807957578,766375.0,0.0,100246.0,100246.0,False,683205.3125,18874.008477644744,83169.56829575772
2019-01-13 19:18:00,664930.0,754585.743713429,754586.0,0.0,89656.0,89656.0,False,671467.6875,18862.31863124425,83118.05621342902
2019-01-13 19:19:00,649035.0,754372.5939216095,754373.0,0.0,105338.0,105338.0,False,671262.125,18860.59681624557,83110.46892160943
2019-01-13 19:20:00,650848.0,768466.0171471775,768467.0,0.0,117619.0,117619.0,False,685733.9375,18774.727398863455,82732.07964717747
2019-01-13 19:21:00,671670.0,751274.9943298437,751275.0,0.0,79605.0,79605.0,False,667194.5,19080.728628321798,84080.49432984361
2019-01-13 19:22:00,650611.0,748181.565976803,748182.0,0.0,97571.0,97571.0,False,665278.75,18813.473288722267,82902.8159768029
2019-01-13 19:23:00,659469.0,741989.3835546589,741990.0,0.0,82521.0,82521.0,False,659147.75,18799.588912767307,82841.63355465884
2019-01-13 19:24:00,663033.0,746526.9187762311,746527.0,0.0,83494.0,83494.0,False,663638.75,18810.149339909854,82888.16877623112
2019-01-13 19:25:00,658632.0,771864.0762843047,771865.0,0.0,113233.0,113233.0,False,689157.8125,18768.868900079553,82706.2637843047
2019-01-13 19:26:00,655844.0,769064.4866771876,769065.0,0.0,113221.0,113221.0,False,686012.4375,18847.33938598504,83052.04917718761
2019-01-13 19:27:00,598715.0,748716.1637243521,748717.0,0.0,150002.0,150002.0,False,664966.125,19005.736993432565,83750.03872435218
2019-01-13 19:28:00,630036.0,719320.7100810718,719321.0,0.0,89285.0,89285.0,False,630685.3125,20114.391353043648,88635.39758107183
2019-01-13 19:29:00,613309.0,725187.2133563282,725188.0,0.0,111879.0,111879.0,False,637000.9375,20012.47033296379,88186.27585632823
2019-01-13 19:30:00,697594.0,726274.8393203797,726275.0,0.0,28681.0,28681.0,False,637902.8125,20054.62355489431,88372.02682037963
2019-01-13 19:31:00,651854.0,767483.1292803646,767484.0,0.0,115630.0,115630.0,False,671526.0625,21775.927529912464,95957.06678036465
2019-01-13 19:32:00,644379.0,753972.7073907116,753973.0,0.0,109594.0,109594.0,False,657843.1875,21815.0630158045,96129.51989071164
2019-01-13 19:33:00,656199.0,757273.9402718979,757274.0,0.0,101075.0,101075.0,False,661123.25,21819.867296530894,96150.69027189798
2019-01-13 19:34:00,623660.0,751975.1395914387,751976.0,0.0,128316.0,128316.0,False,655798.8125,21825.68516428307,96176.32709143864
2019-01-13 19:35:00,643664.0,745570.6498737993,745571.0,0.0,101907.0,101907.0,False,648518.6875,22024.39664110388,97051.96237379925
2019-01-13 19:36:00,644634.0,753984.7969845219,753985.0,0.0,109351.0,109351.0,False,657470.0625,21902.48133067939,96514.7344845219
2019-01-13 19:37:00,648377.0,753008.5757219882,753009.0,0.0,104632.0,104632.0,False,656814.75,21829.656199700334,96193.82572198828
2019-01-13 19:38:00,618717.0,743139.3932235467,743140.0,0.0,124423.0,124423.0,False,649546.3125,21239.458557045476,93593.08072354671
2019-01-13 19:39:00,588714.0,731733.4676089375,731734.0,0.0,143020.0,143020.0,False,637879.125,21298.747779543515,93854.34260893759
2019-01-13 19:40:00,664109.0,742854.9663345526,742855.0,0.0,78746.0,78746.0,False,646362.6875,21897.38537867944,96492.27883455259
2019-01-13 19:41:00,627675.0,746236.6526967767,746237.0,0.0,118562.0,118562.0,False,649034.5,22058.479942090315,97202.1526967767
2019-01-13 19:42:00,618946.0,729259.4567093696,729260.0,0.0,110314.0,110314.0,False,632390.875,21982.781320909184,96868.58170936955
2019-01-13 19:43:00,629964.0,736315.9848948008,736316.0,0.0,106352.0,106352.0,False,639446.4375,21983.00046783263,96869.5473948008
2019-01-13 19:44:00,635024.0,733651.9136053834,733652.0,0.0,98628.0,98628.0,False,637994.8125,21707.855098990767,95657.1011053833
2019-01-13 19:45:00,658801.0,752842.0747040611,752843.0,0.0,94042.0,94042.0,False,658668.375,21371.220784324836,94173.69970406119
2019-01-13 19:46:00,655552.0,750749.2809307865,750750.0,0.0,95198.0,95198.0,False,656753.1875,21330.915870205914,93996.09343078655
2019-01-13 19:47:00,642831.0,753946.8551840293,753947.0,0.0,111116.0,111116.0,False,660019.25,21315.373553750458,93927.60518402926
2019-01-13 19:48:00,656379.0,747141.2507664681,747142.0,0.0,90763.0,90763.0,False,653183.0,21322.3280804434,93958.25076646812
2019-01-13 19:49:00,643279.0,750551.5626457214,750552.0,0.0,107273.0,107273.0,False,656544.3125,21333.44770891299,94007.25014572135
2019-01-13 19:50:00,664587.0,772616.9206300966,772617.0,0.0,108030.0,108030.0,False,678613.0625,21332.677945008105,94003.85813009655
2019-01-13 19:51:00,634941.0,754641.2133341074,754642.0,0.0,119701.0,119701.0,False,660662.3125,21327.014284299858,93978.90083410738
2019-01-13 19:52:00,635903.0,735924.5672360864,735925.0,0.0,100022.0,100022.0,False,641551.8125,21416.393152523255,94372.7547360863
2019-01-13 19:53:00,652301.0,737378.1422554712,737379.0,0.0,85078.0,85078.0,False,643032.0,21410.35387403435,94346.14225547122
2019-01-13 19:54:00,645761.0,749816.3083086243,749817.0,0.0,104056.0,104056.0,False,654866.8125,21547.275350369702,94949.49580862433
2019-01-13 19:55:00,650785.0,751577.8220894525,751578.0,0.0,100793.0,100793.0,False,657082.625,21444.179493883596,94495.19708945257
2019-01-13 19:56:00,647856.0,745625.6302425407,745626.0,0.0,97770.0,97770.0,False,651401.4375,21382.679374959032,94224.19274254069
2019-01-13 19:57:00,636830.0,743983.0326081272,743984.0,0.0,107154.0,107154.0,False,650766.25,21154.06369488515,93216.78260812716
2019-01-13 19:58:00,640287.0,742471.6776502301,742472.0,0.0,102185.0,102185.0,False,649233.5625,21158.90477544804,93238.11515023012
2019-01-13 19:59:00,631436.0,740151.5641699923,740152.0,0.0,108716.0,108716.0,False,647039.375,21130.32788046993,93112.18916999237
2019-01-13 20:00:00,741208.0,777732.2312631338,777733.0,0.0,36525.0,36525.0,False,684553.0,21145.542015402203,93179.23126313381
2019-01-13 20:01:00,700018.0,781466.5507002987,781467.0,0.0,81449.0,81449.0,False,688547.125,21086.583282106272,92919.4257002988
2019-01-13 20:02:00,662709.0,777655.7981496066,777656.0,0.0,114947.0,114947.0,False,684140.375,21221.835407870447,93515.4231496066
2019-01-13 20:03:00,648015.0,763223.6878218618,763224.0,0.0,115209.0,115209.0,False,669474.9375,21274.78529227469,93748.75032186188
2019-01-13 20:04:00,634257.0,749297.9495244368,749298.0,0.0,115041.0,115041.0,False,655395.4375,21309.67906096202,93902.51202443686
2019-01-13 20:05:00,668320.0,754858.9227258143,754859.0,0.0,86539.0,86539.0,False,661287.875,21234.45851923705,93571.04772581431
2019-01-13 20:06:00,670615.0,792995.7549644692,792996.0,0.0,122381.0,122381.0,False,699594.875,21195.841656891105,93400.87996446922
2019-01-13 20:07:00,686541.0,788013.7616735182,788014.0,0.0,101473.0,101473.0,False,696459.25,20776.837789366633,91554.51167351824
2019-01-13 20:08:00,661189.0,787892.8414229266,787893.0,0.0,126704.0,126704.0,False,697369.5,20542.83012946931,90523.34142292663
2019-01-13 20:09:00,676073.0,767768.2367229712,767769.0,0.0,91696.0,91696.0,False,676662.875,20674.91036389037,91105.36172297118
2019-01-13 20:10:00,769906.0,796950.6676257155,796951.0,0.0,27045.0,27045.0,False,706919.5625,20431.124944063864,90031.10512571545
2019-01-13 20:11:00,689199.0,810994.8261993388,810995.0,0.0,121796.0,121796.0,False,712036.75,22456.958805844886,98958.07619933874
2019-01-13 20:12:00,620724.0,783069.4520391265,783070.0,0.0,162346.0,162346.0,False,685202.375,22209.373928095818,97867.07703912657
2019-01-13 20:13:00,603863.0,742956.500644749,742957.0,0.0,139094.0,139094.0,False,640223.3125,23313.660317248134,102733.188144749
2019-01-13 20:14:00,613797.0,730438.3598248163,730439.0,0.0,116642.0,116642.0,False,626657.1875,23551.48363056257,103781.17232481633
2019-01-13 20:15:00,608362.0,743265.8078468755,743266.0,0.0,134904.0,134904.0,False,639662.1875,23511.191037904624,103603.62034687548
2019-01-13 20:16:00,630135.0,727622.4162978028,727623.0,0.0,97488.0,97488.0,False,626750.625,22891.245958373598,100871.79129780277
2019-01-13 20:17:00,614967.0,745132.7000478295,745133.0,0.0,130166.0,130166.0,False,644078.75,22932.583984561927,101053.95004782952
2019-01-13 20:18:00,620477.0,731156.8031775855,731157.0,0.0,110680.0,110680.0,False,629652.1875,23034.85536928704,101504.61567758548
2019-01-13 20:19:00,621247.0,730700.7381066976,730701.0,0.0,109454.0,109454.0,False,629226.75,23027.904930028635,101473.9881066976
2019-01-13 20:20:00,625652.0,735399.2507397688,735400.0,0.0,109748.0,109748.0,False,634093.625,22989.697773182157,101305.62573976883
2019-01-13 20:21:00,601415.0,761935.1452623224,761936.0,0.0,160521.0,160521.0,False,661529.125,22785.546642476744,100406.02026232237
2019-01-13 20:22:00,580410.0,723470.2159825999,723471.0,0.0,143061.0,143061.0,False,619698.1875,23549.408581250078,103772.02848259984
2019-01-13 20:23:00,612614.0,711615.9002166736,711616.0,0.0,99002.0,99002.0,False,606709.5,23806.83617363065,104906.40021667359
2019-01-13 20:24:00,602401.0,724081.9795765798,724082.0,0.0,121681.0,121681.0,False,618910.75,23866.934977633384,105171.22957657978
2019-01-13 20:25:00,627879.0,719765.5239414987,719766.0,0.0,91887.0,91887.0,False,614780.9375,23824.579291701648,104984.58644149877
2019-01-13 20:26:00,611009.0,727137.055119797,727138.0,0.0,116129.0,116129.0,False,621693.125,23928.820021285854,105443.93011979699
2019-01-13 20:27:00,603485.0,719351.0137065465,719352.0,0.0,115867.0,115867.0,False,614435.5625,23808.890151583077,104915.4512065465
2019-01-13 20:28:00,609089.0,718357.9251292096,718358.0,0.0,109269.0,109269.0,False,618263.5625,22714.820907931928,100094.36262920963
2019-01-13 20:29:00,620591.0,715079.2512805709,715080.0,0.0,94489.0,94489.0,False,615141.75,22679.22372395359,99937.50128057085
2019-01-13 20:30:00,692500.0,757545.3341990196,757546.0,0.0,65046.0,65046.0,False,657484.75,22707.155431353993,100060.5841990196
2019-01-13 20:31:00,661328.0,745930.6314134478,745931.0,0.0,84603.0,84603.0,False,650589.8125,21636.079894499017,95340.81891344782
2019-01-13 20:32:00,658194.0,747235.8670844076,747236.0,0.0,89042.0,89042.0,False,651290.5625,21773.25828693383,95945.30458440758
2019-01-13 20:33:00,631354.0,751083.0096167335,751084.0,0.0,119730.0,119730.0,False,654682.75,21876.50308323398,96400.25961673353
2019-01-13 20:34:00,615976.0,728475.492721931,728476.0,0.0,112500.0,112500.0,False,631814.5625,21935.65812411231,96660.93022193093
2019-01-13 20:35:00,618509.0,731373.0296678775,731374.0,0.0,112865.0,112865.0,False,635483.0,21760.71452526032,95890.02966787745
2019-01-13 20:36:00,616422.0,721554.3893737335,721555.0,0.0,105133.0,105133.0,False,625622.25,21770.270652117833,95932.13937373355
2019-01-13 20:37:00,595515.0,713435.7270897534,713436.0,0.0,117921.0,117921.0,False,617516.625,21767.312048226908,95919.10208975342
2019-01-13 20:38:00,604345.0,707374.0071884182,707375.0,0.0,103030.0,103030.0,False,611218.0625,21821.059702647446,96155.94468841815
2019-01-13 20:39:00,599022.0,711200.9804366261,711201.0,0.0,112179.0,112179.0,False,615765.3125,21657.604369186654,95435.66793662612
2019-01-13 20:40:00,643067.0,725854.9139122515,725855.0,0.0,82788.0,82788.0,False,633035.8125,21063.816283287833,92819.10141225145
2019-01-13 20:41:00,628528.0,726919.4921607017,726920.0,0.0,98392.0,98392.0,False,634725.625,20921.929331051888,92193.86716070166
2019-01-13 20:42:00,602778.0,720837.7762932907,720838.0,0.0,118060.0,118060.0,False,628887.1875,20866.721181448243,91950.58879329066
2019-01-13 20:43:00,602556.0,713654.3452659022,713655.0,0.0,111099.0,111099.0,False,621233.1875,20973.50931273689,92421.15776590224
2019-01-13 20:44:00,620724.0,705085.3272983569,705086.0,0.0,84362.0,84362.0,False,612512.8125,21007.85737985132,92572.51479835693
2019-01-13 20:45:00,633448.0,732857.917096632,732858.0,0.0,99410.0,99410.0,False,639818.3125,21113.855967954056,93039.60459663197
2019-01-13 20:46:00,629715.0,722377.9910367593,722378.0,0.0,92663.0,92663.0,False,629478.75,21082.002694295497,92899.24103675931
2019-01-13 20:47:00,621728.0,722881.5060981254,722882.0,0.0,101154.0,101154.0,False,629937.8125,21092.090494884924,92943.69359812538
2019-01-13 20:48:00,614479.0,725072.1453733129,725073.0,0.0,110594.0,110594.0,False,632235.5625,21067.78342236328,92836.58287331283
2019-01-13 20:49:00,629063.0,719061.5427829415,719062.0,0.0,89999.0,89999.0,False,626378.0625,21033.039228689675,92683.48028294148
2019-01-13 20:50:00,632722.0,749435.4395444153,749436.0,0.0,116714.0,116714.0,False,656522.4375,21085.12553574438,92913.00204441528
2019-01-13 20:51:00,627144.0,735701.3281784169,735702.0,0.0,108558.0,108558.0,False,642463.8125,21158.76873487076,93237.51567841698
2019-01-13 20:52:00,620880.0,722462.0011623752,722463.0,0.0,101583.0,101583.0,False,629628.3125,21067.126627301186,92833.68866237518
2019-01-13 20:53:00,610313.0,719140.3046319688,719141.0,0.0,108828.0,108828.0,False,626329.3125,21061.976011323717,92810.9921319688
2019-01-13 20:54:00,590847.0,717031.1191747197,717032.0,0.0,126185.0,126185.0,False,624765.0,20938.325774523288,92266.11917471964
2019-01-13 20:55:00,616722.0,712698.6874992364,712699.0,0.0,95977.0,95977.0,False,619432.0,21165.388814843973,93266.68749923648
2019-01-13 20:56:00,597337.0,713345.9471897134,713346.0,0.0,116009.0,116009.0,False,620009.25,21181.276398712136,93336.69718971335
2019-01-13 20:57:00,614245.0,700416.9926903282,700417.0,0.0,86172.0,86172.0,False,606891.5,21224.12052971056,93525.49269032819
2019-01-13 20:58:00,610850.0,709728.7770430811,709729.0,0.0,98879.0,98879.0,False,615692.6875,21339.992350678134,94036.08954308108
2019-01-13 20:59:00,603803.0,714163.7310260136,714164.0,0.0,110361.0,110361.0,False,620083.375,21350.03792373164,94080.35602601357
2019-01-13 21:00:00,709711.0,738076.8778351988,738077.0,0.0,28366.0,28366.0,False,643982.6875,21353.177399794757,94094.1903351988
2019-01-13 21:01:00,658287.0,764831.6404060656,764832.0,0.0,106545.0,106545.0,False,668543.5,21851.05941464204,96288.14040606566
2019-01-13 21:02:00,640497.0,746909.0141772748,746910.0,0.0,106413.0,106413.0,False,651401.3125,21673.951278994387,95507.70167727476
2019-01-13 21:03:00,642007.0,741197.4494327708,741198.0,0.0,99191.0,99191.0,False,645905.375,21625.01811120031,95292.07443277088
2019-01-13 21:04:00,642490.0,739473.7950957534,739474.0,0.0,96984.0,96984.0,False,644347.875,21587.312031564143,95125.9200957534
2019-01-13 21:05:00,700347.0,767037.2137880091,767038.0,0.0,66691.0,66691.0,False,672036.625,21558.87008803418,95000.58878800915
2019-01-13 21:06:00,710159.0,801161.7480913878,801162.0,0.0,91003.0,91003.0,False,704229.3125,21997.27194212124,96932.43559138785
2019-01-13 21:07:00,655037.0,807591.9366664035,807592.0,0.0,152555.0,152555.0,False,710979.6875,21924.610734140813,96612.24916640356
2019-01-13 21:08:00,699616.0,757349.2731839702,757350.0,0.0,57734.0,57734.0,False,657096.9375,22750.67037590306,100252.33568397028
2019-01-13 21:09:00,700580.0,795847.5199675894,795848.0,0.0,95268.0,95268.0,False,692647.75,23419.543628418975,103199.76996758938
2019-01-13 21:10:00,659991.0,812804.408850079,812805.0,0.0,152814.0,152814.0,False,709296.5,23489.470838570167,103507.90885007902
2019-01-13 21:11:00,631925.0,766028.2451609885,766029.0,0.0,134104.0,134104.0,False,668143.5625,22213.36924348685,97884.68266098856
2019-01-13 21:12:00,631648.0,744569.1917622084,744570.0,0.0,112922.0,112922.0,False,645815.0625,22410.67629772003,98754.12926220833
2019-01-13 21:13:00,629153.0,736172.7060030986,736173.0,0.0,107020.0,107020.0,False,642468.0,21264.7901358399,93704.70600309862
2019-01-13 21:14:00,621324.0,730842.6705512198,730843.0,0.0,109519.0,109519.0,False,638417.6875,20974.377400295758,92424.98305121985
2019-01-13 21:15:00,634827.0,726979.116340998,726980.0,0.0,92153.0,92153.0,False,634461.3125,20995.441599726786,92517.80384099799
2019-01-13 21:16:00,631032.0,741250.7236547242,741251.0,0.0,110219.0,110219.0,False,649509.75,20819.15236531256,91740.97365472425
2019-01-13 21:17:00,615337.0,735062.1202607141,735063.0,0.0,119726.0,119726.0,False,643387.125,20804.179619951396,91674.99526071404
2019-01-13 21:18:00,618683.0,726571.73833909,726572.0,0.0,107889.0,107889.0,False,634971.75,20787.157994089637,91599.98833908999
2019-01-13 21:19:00,610498.0,743196.6334341433,743197.0,0.0,132699.0,132699.0,False,651493.5,20810.565130117327,91703.13343414327
2019-01-13 21:20:00,632714.0,748795.717208893,748796.0,0.0,116082.0,116082.0,False,655300.875,21217.16489126846,93494.84220889305
2019-01-13 21:21:00,628896.0,728866.8421338431,728867.0,0.0,99971.0,99971.0,False,635070.8125,21285.51457888079,93796.0296338431
2019-01-13 21:22:00,618943.0,722237.7590792272,722238.0,0.0,103295.0,103295.0,False,633044.1875,20241.06004916724,89193.57157922722
2019-01-13 21:23:00,605840.0,721059.2034653404,721060.0,0.0,115220.0,115220.0,False,633557.0625,19857.21681900494,87502.14096534041
2019-01-13 21:24:00,592789.0,711393.9860365776,711394.0,0.0,118605.0,118605.0,False,623584.75,19926.907152822252,87809.23603657757
2019-01-13 21:25:00,611354.0,715617.5464142304,715618.0,0.0,104264.0,104264.0,False,627031.375,20103.22025874405,88586.17141423032
2019-01-13 21:26:00,620573.0,723619.6101295963,723620.0,0.0,103047.0,103047.0,False,635867.9375,19913.844054700803,87751.67262959632
2019-01-13 21:27:00,595761.0,709206.7740042594,709207.0,0.0,113446.0,113446.0,False,621395.25,19927.42637063604,87811.52400425944
2019-01-13 21:28:00,602407.0,697938.467005003,697939.0,0.0,95532.0,95532.0,False,609659.375,20033.533479170335,88279.09200500295
2019-01-13 21:29:00,612879.0,697615.9437165997,697616.0,0.0,84737.0,84737.0,False,609326.125,20035.9677354706,88289.8187165997
2019-01-13 21:30:00,686466.0,724327.5507705674,724328.0,0.0,37862.0,37862.0,False,636136.75,20013.497190160004,88190.8007705674
2019-01-13 21:31:00,638875.0,741087.9140548767,741088.0,0.0,102213.0,102213.0,False,650005.625,20669.674389457145,91082.28905487662
2019-01-13 21:32:00,619480.0,725281.7996958065,725282.0,0.0,105802.0,105802.0,False,634939.3125,20501.78814397114,90342.48719580649
2019-01-13 21:33:00,620979.0,723791.2080760882,723792.0,0.0,102813.0,102813.0,False,633912.0625,20396.64014527634,89879.14557608817
2019-01-13 21:34:00,614180.0,715201.3444792484,715202.0,0.0,101022.0,101022.0,False,625621.5625,20328.704346396626,89579.78197924834
2019-01-13 21:35:00,624940.0,719848.4997362206,719849.0,0.0,94909.0,94909.0,False,630326.1875,20315.662503817177,89522.31223622058
2019-01-13 21:36:00,607025.0,737117.8246997381,737118.0,0.0,130093.0,130093.0,False,647649.5625,20303.396709155837,89468.26219973806
2019-01-13 21:37:00,602548.0,716387.5873348919,716388.0,0.0,113840.0,113840.0,False,625246.1875,20683.088639236124,91141.39983489193
2019-01-13 21:38:00,600057.0,706310.829286631,706311.0,0.0,106254.0,106254.0,False,615139.6875,20689.83810133828,91171.14178663098
2019-01-13 21:39:00,600735.0,709772.4931239639,709773.0,0.0,109038.0,109038.0,False,618584.4375,20693.67642725188,91188.055623964
2019-01-13 21:40:00,629003.0,740220.392563857,740221.0,0.0,111218.0,111218.0,False,649005.5625,20699.75245981861,91214.83006385705
2019-01-13 21:41:00,597366.0,719509.3485800135,719510.0,0.0,122144.0,122144.0,False,628909.1875,20560.263126764065,90600.16108001344
2019-01-13 21:42:00,586638.0,702974.3245680811,702975.0,0.0,116337.0,116337.0,False,611682.0,20717.33860291958,91292.32456808108
2019-01-13 21:43:00,597548.0,695151.0208062553,695152.0,0.0,97604.0,97604.0,False,603912.25,20705.185429884998,91238.77080625528
2019-01-13 21:44:00,591392.0,699043.9304442736,699044.0,0.0,107652.0,107652.0,False,607859.0625,20692.95303413186,91184.86794427362
2019-01-13 21:45:00,616686.0,723690.1997860618,723691.0,0.0,107005.0,107005.0,False,633143.625,20548.10257108181,90546.57478606176
2019-01-13 21:46:00,617126.0,704640.2452153728,704641.0,0.0,87515.0,87515.0,False,614103.25,20545.928640134465,90536.99521537281
2019-01-13 21:47:00,614583.0,706049.0696230151,706050.0,0.0,91467.0,91467.0,False,615379.0,20576.127756824197,90670.0696230151
2019-01-13 21:48:00,615803.0,706967.7086266225,706968.0,0.0,91165.0,91165.0,False,616108.5625,20619.035656974876,90859.1461266225
2019-01-13 21:49:00,598294.0,707012.7107850126,707013.0,0.0,108719.0,108719.0,False,616003.4375,20653.10462376455,91009.2732850126
2019-01-13 21:50:00,610746.0,728169.650158339,728170.0,0.0,117424.0,117424.0,False,637448.0625,20587.818954162092,90721.58765833892
2019-01-13 21:51:00,580855.0,700200.9017219392,700201.0,0.0,119346.0,119346.0,False,609338.8125,20619.703545567972,90862.08922193917
2019-01-13 21:52:00,600161.0,688131.3434083138,688132.0,0.0,87971.0,87971.0,False,596796.875,20726.90247603005,91334.46840831381
2019-01-13 21:53:00,599731.0,697709.5695289145,697710.0,0.0,97979.0,97979.0,False,605984.625,20815.514810584045,91724.9445289145
2019-01-13 21:54:00,586242.0,698390.7764565044,698391.0,0.0,112149.0,112149.0,False,606648.875,20819.362915144924,91741.90145650432
2019-01-13 21:55:00,600113.0,701402.6318456262,701403.0,0.0,101290.0,101290.0,False,610413.5,20648.53384498668,90989.13184562621
2019-01-13 21:56:00,583827.0,690248.2574865214,690249.0,0.0,106422.0,106422.0,False,599390.9375,20618.621243572772,90857.31998652143
2019-01-13 21:57:00,591070.0,691986.8244972999,691987.0,0.0,100917.0,100917.0,False,601325.4375,20574.15737324862,90661.38699729985
2019-01-13 21:58:00,581574.0,692757.3082916293,692758.0,0.0,111184.0,111184.0,False,602728.25,20430.660447677925,90029.05829162935
2019-01-13 21:59:00,584553.0,684413.2526493245,684414.0,0.0,99861.0,99861.0,False,594311.5,20447.157273999488,90101.75264932447
2019-01-13 22:00:00,687700.0,722437.6770130737,722438.0,0.0,34738.0,34738.0,False,632363.5625,20440.88523930469,90074.11451307374
2019-01-13 22:01:00,656653.0,729244.4560249868,729245.0,0.0,72592.0,72592.0,False,641915.5625,19817.901072573073,87328.89352498682
2019-01-13 22:02:00,638012.0,729250.6245050301,729251.0,0.0,91239.0,91239.0,False,640635.3125,20109.833251561846,88615.31200503012
2019-01-13 22:03:00,646609.0,726870.5565630664,726871.0,0.0,80262.0,80262.0,False,638112.9375,20142.127571165078,88757.61906306642
2019-01-13 22:04:00,631890.0,727461.3619998278,727462.0,0.0,95572.0,95572.0,False,638091.25,20281.123085002815,89370.1119998278
2019-01-13 22:05:00,640097.0,732171.2309755257,732172.0,0.0,92075.0,92075.0,False,642914.5,20255.39306790965,89256.73097552573
2019-01-13 22:06:00,643927.0,748869.2802801564,748870.0,0.0,104943.0,104943.0,False,662395.8125,19623.77582831894,86473.4677801564
2019-01-13 22:07:00,685545.0,754692.2887668024,754693.0,0.0,69148.0,69148.0,False,668742.9375,19504.835935771473,85949.35126680242
2019-01-13 22:08:00,692018.0,778850.1199800312,778851.0,0.0,86833.0,86833.0,False,695115.4375,19002.252138437656,83734.68248003116
2019-01-13 22:09:00,705156.0,767400.9393845603,767401.0,0.0,62245.0,62245.0,False,689336.75,17715.424072001715,78064.18938456035
2019-01-13 22:10:00,686223.0,798079.7365734754,798080.0,0.0,111857.0,111857.0,False,719249.1875,17889.33719385502,78830.54907347535
2019-01-13 22:11:00,646201.0,766361.8575507329,766362.0,0.0,120161.0,120161.0,False,689541.1875,17433.22717078284,76820.67005073291
2019-01-13 22:12:00,609603.0,736110.0115531327,736111.0,0.0,126508.0,126508.0,False,658442.5625,17625.390174601154,77667.4490531327
2019-01-13 22:13:00,604766.0,708635.4490258835,708636.0,0.0,103870.0,103870.0,False,628164.4375,18261.614011788042,80471.01152588343
2019-01-13 22:14:00,594416.0,699423.7400878547,699424.0,0.0,105008.0,105008.0,False,618700.25,18318.9099989708,80723.49008785469
2019-01-13 22:15:00,621235.0,692067.3473691252,692068.0,0.0,70833.0,70833.0,False,611101.375,18373.93748950802,80965.97236912526
2019-01-13 22:16:00,620688.0,708409.6099862732,708410.0,0.0,87722.0,87722.0,False,626763.5,18528.283885852965,81646.1099862732
2019-01-13 22:17:00,603620.0,709308.2718490191,709309.0,0.0,105689.0,105689.0,False,627672.875,18525.8527100335,81635.3968490191
2019-01-13 22:18:00,595076.0,703561.5623111882,703562.0,0.0,108486.0,108486.0,False,622150.375,18474.97192750087,81411.18731118819
2019-01-13 22:19:00,599093.0,697232.5244224872,697233.0,0.0,98140.0,98140.0,False,615406.375,18569.14096753614,81826.14942248723
2019-01-13 22:20:00,628357.0,724193.6292641921,724194.0,0.0,95837.0,95837.0,False,644023.4375,18193.34775949472,80170.19176419212
2019-01-13 22:21:00,615706.0,717442.1953581304,717443.0,0.0,101737.0,101737.0,False,637482.5625,18145.564770361958,79959.63285813038
2019-01-13 22:22:00,595043.0,695384.1709571674,695385.0,0.0,100342.0,100342.0,False,615279.1875,18178.549773106,80104.98345716744
2019-01-13 22:23:00,584889.0,686636.8180509101,686637.0,0.0,101748.0,101748.0,False,606400.1875,18208.424983645997,80236.63055091012
2019-01-13 22:24:00,602746.0,684934.7387422384,684935.0,0.0,82189.0,82189.0,False,605018.1875,18135.788084006133,79916.55124223835
2019-01-13 22:25:00,604465.0,708463.8374171043,708464.0,0.0,103999.0,103999.0,False,629123.5625,18005.011353178717,79340.27491710427
2019-01-13 22:26:00,604272.0,711275.3334450673,711276.0,0.0,107004.0,107004.0,False,631614.5,18077.757004001855,79660.83344506723
2019-01-13 22:27:00,600918.0,696578.8619365148,696579.0,0.0,95661.0,95661.0,False,616442.5625,18185.65643569666,80136.29943651486
2019-01-13 22:28:00,598259.0,688129.7466593179,688130.0,0.0,89871.0,89871.0,False,608361.25,18102.189455199274,79768.49665931783
2019-01-13 22:29:00,590528.0,690721.5573705211,690722.0,0.0,100194.0,100194.0,False,610986.0625,18094.70022501219,79735.49487052108
2019-01-13 22:30:00,671020.0,722020.7720270581,722021.0,0.0,51001.0,51001.0,False,642607.75,18021.520150784945,79413.02202705805
2019-01-13 22:31:00,621894.0,713989.563530551,713990.0,0.0,92096.0,92096.0,False,639318.75,16945.35148477062,74670.81353055101
2019-01-13 22:32:00,609808.0,695732.0136501689,695733.0,0.0,85925.0,85925.0,False,621009.25,16957.140736755133,74722.76365016885
2019-01-13 22:33:00,616165.0,695035.5388725128,695036.0,0.0,78871.0,78871.0,False,620330.125,16953.203481130542,74705.41387251271
2019-01-13 22:34:00,595543.0,694234.0329279592,694235.0,0.0,98692.0,98692.0,False,619387.0,16985.341669507183,74847.0329279592
2019-01-13 22:35:00,600690.0,699680.6462913556,699681.0,0.0,98991.0,98991.0,False,624548.25,17050.100338456858,75132.39629135556
2019-01-13 22:36:00,618716.0,692190.3677050421,692191.0,0.0,73475.0,73475.0,False,616894.75,17087.140837870047,75295.61770504217
2019-01-13 22:37:00,604539.0,701935.8862818864,701936.0,0.0,97397.0,97397.0,False,627934.4375,16793.449819295987,74001.44878188643
2019-01-13 22:38:00,591946.0,683772.4371009286,683773.0,0.0,91827.0,91827.0,False,609737.375,16801.077826529454,74035.06210092863
2019-01-13 22:39:00,589484.0,681631.3089590474,681632.0,0.0,92148.0,92148.0,False,607544.3125,16812.86350169286,74086.9964590474
2019-01-13 22:40:00,626425.0,717440.2887613201,717441.0,0.0,91016.0,91016.0,False,643347.875,16814.092872135872,74092.41376132009
2019-01-13 22:41:00,594423.0,703710.8472877403,703711.0,0.0,109288.0,109288.0,False,629704.75,16794.504723640126,74006.09728774035
2019-01-13 22:42:00,593449.0,681994.75532575,681995.0,0.0,88546.0,88546.0,False,607640.3125,16873.556193694225,74354.44282575003
2019-01-13 22:43:00,595221.0,681674.7933776911,681675.0,0.0,86454.0,86454.0,False,607681.25,16791.65581376176,73993.54337769111
2019-01-13 22:44:00,581324.0,677168.9308346991,677169.0,0.0,95845.0,95845.0,False,603243.25,16776.255490807205,73925.68083469909
2019-01-13 22:45:00,612038.0,684000.419939976,684001.0,0.0,71963.0,71963.0,False,609904.5,16814.888543521814,74095.91993997591
2019-01-13 22:46:00,634439.0,688000.1928603803,688001.0,0.0,53562.0,53562.0,False,613517.0625,16902.759779444976,74483.13036038025
2019-01-13 22:47:00,612552.0,706935.5922577834,706936.0,0.0,94384.0,94384.0,False,630638.25,17314.46626576537,76297.34225778338
2019-01-13 22:48:00,608745.0,694151.2908393478,694152.0,0.0,85407.0,85407.0,False,618014.9375,17277.932395581545,76136.3533393477
2019-01-13 22:49:00,599187.0,694269.8561854432,694270.0,0.0,95083.0,95083.0,False,618403.1875,17216.73175995985,75866.66868544329
2019-01-13 22:50:00,629791.0,705509.9575000048,705510.0,0.0,75719.0,75719.0,False,629601.375,17226.243432408977,75908.5825000048
2019-01-13 22:51:00,608112.0,698640.0916077034,698641.0,0.0,90529.0,90529.0,False,622906.875,17186.446937058467,75733.21660770342
2019-01-13 22:52:00,588502.0,680750.8468074726,680751.0,0.0,92249.0,92249.0,False,605619.5625,17049.84799143063,75131.2843074727
2019-01-13 22:53:00,591968.0,670038.8690600864,670039.0,0.0,78071.0,78071.0,False,595311.875,16958.10076088757,74726.99406008642
2019-01-13 22:54:00,593665.0,672832.6924406255,672833.0,0.0,79168.0,79168.0,False,598020.125,16977.520276256604,74812.56744062551
2019-01-13 22:55:00,597600.0,685955.55669976,685956.0,0.0,88356.0,88356.0,False,611208.6875,16962.611107188284,74746.86919976007
2019-01-13 22:56:00,589237.0,693258.3907027887,693259.0,0.0,104022.0,104022.0,False,618502.5625,16964.644210191916,74755.82820278867
2019-01-13 22:57:00,585298.0,672311.5029827536,672312.0,0.0,87014.0,87014.0,False,596909.3125,17111.325831867573,75402.1904827535
2019-01-13 22:58:00,606630.0,667403.9574733608,667404.0,0.0,60774.0,60774.0,False,592005.625,17110.450318101215,75398.33247336079
2019-01-13 22:59:00,589822.0,680184.9081632565,680185.0,0.0,90363.0,90363.0,False,603561.125,17388.54682844715,76623.78316325654
2019-01-13 23:00:00,703777.0,719910.8742266669,719911.0,0.0,16134.0,16134.0,False,643275.25,17391.23396913779,76635.62422666684
2019-01-13 23:01:00,647071.0,729744.295798343,729745.0,0.0,82674.0,82674.0,False,651619.0625,17729.27701569075,78125.23329834301
2019-01-13 23:02:00,635905.0,712916.4976099022,712917.0,0.0,77012.0,77012.0,False,636100.1875,17432.23775167334,76816.3101099022
2019-01-13 23:03:00,620118.0,717236.1622255419,717237.0,0.0,97119.0,97119.0,False,640318.8125,17455.167082692355,76917.34972554192
2019-01-13 23:04:00,608038.0,692094.4111998505,692095.0,0.0,84057.0,84057.0,False,615863.4375,17299.40497891799,76230.97369985045
2019-01-13 23:05:00,614425.0,712147.6446825007,712148.0,0.0,97723.0,97723.0,False,635949.4375,17291.96913983749,76198.2071825007
2019-01-13 23:06:00,613815.0,724471.6152526094,724472.0,0.0,110657.0,110657.0,False,648254.5625,17296.245841728414,76217.05275260942
2019-01-13 23:07:00,669309.0,719765.3053899187,719766.0,0.0,50457.0,50457.0,False,642589.1875,17513.890394935894,77176.1178899187
2019-01-13 23:08:00,659348.0,755740.818658483,755741.0,0.0,96393.0,96393.0,False,677162.0,17832.210986709753,78578.81865848304
2019-01-13 23:09:00,662596.0,748088.6569068532,748089.0,0.0,85493.0,85493.0,False,669622.5,17806.64419709019,78466.15690685323
2019-01-13 23:10:00,686017.0,762750.3209634073,762751.0,0.0,76734.0,76734.0,False,685904.875,17438.849669437564,76845.44596340724
2019-01-13 23:11:00,644829.0,748049.633074618,748050.0,0.0,103221.0,103221.0,False,671752.75,17314.36206146161,76296.88307461789
2019-01-13 23:12:00,624998.0,722117.3694762274,722118.0,0.0,97120.0,97120.0,False,647439.5625,16946.93853584818,74677.8069762274
2019-01-13 23:13:00,618167.0,690964.3570932794,690965.0,0.0,72798.0,72798.0,False,619069.125,16315.47749779538,71895.23209327937
2019-01-13 23:14:00,599244.0,691471.6099637739,691472.0,0.0,92228.0,92228.0,False,619656.125,16297.380157275318,71815.48496377385
2019-01-13 23:15:00,626728.0,680928.3275090384,680929.0,0.0,54201.0,54201.0,False,609308.625,16252.950448354484,71619.70250903835
2019-01-13 23:16:00,606231.0,693316.2668210436,693317.0,0.0,87086.0,87086.0,False,620883.8125,16437.39152342966,72432.45432104357
2019-01-13 23:17:00,608134.0,688127.5465040097,688128.0,0.0,79994.0,79994.0,False,615721.8125,16431.32777318357,72405.7340040098
2019-01-13 23:18:00,612232.0,687361.9708940717,687362.0,0.0,75130.0,75130.0,False,615312.1875,16350.550453218368,72049.78339407172
2019-01-13 23:19:00,589391.0,690226.1323117409,690227.0,0.0,100836.0,100836.0,False,618654.1875,16242.112599822438,71571.94481174089
2019-01-13 23:20:00,644545.0,710252.8185729788,710253.0,0.0,65708.0,65708.0,False,637968.75,16403.71774196939,72284.0685729788
2019-01-13 23:21:00,636841.0,694279.9523948376,694280.0,0.0,57439.0,57439.0,False,621406.375,16537.497377110023,72873.57739483764
2019-01-13 23:22:00,611602.0,699119.805597531,699120.0,0.0,87518.0,87518.0,False,625127.375,16791.403286033095,73992.43059753098
2019-01-13 23:23:00,593237.0,686532.5355332387,686533.0,0.0,93296.0,93296.0,False,612753.3125,16743.01922611299,73779.22303323865
2019-01-13 23:24:00,608121.0,674958.01539875,674959.0,0.0,66838.0,66838.0,False,601274.75,16721.243169750716,73683.26539874997
2019-01-13 23:25:00,604425.0,702627.329830302,702628.0,0.0,98203.0,98203.0,False,628475.0,16827.689869416063,74152.32983030201
2019-01-13 23:26:00,593230.0,680363.4255135366,680364.0,0.0,87134.0,87134.0,False,606250.875,16818.662587235198,74112.55051353654
2019-01-13 23:27:00,602130.0,668202.2660355292,668203.0,0.0,66073.0,66073.0,False,594776.125,16662.892891990712,73426.14103552923
2019-01-13 23:28:00,605886.0,674474.9218223323,674475.0,0.0,68589.0,68589.0,False,600560.1875,16773.771354224013,73914.73432233228
2019-01-13 23:29:00,621249.0,682007.3864953468,682008.0,0.0,60759.0,60759.0,False,607672.375,16869.146562836715,74335.01149534679
2019-01-13 23:30:00,680201.0,707592.1029987871,707593.0,0.0,27392.0,27392.0,False,632552.9375,17028.943095424664,75039.16549878703
2019-01-13 23:31:00,630802.0,718066.2752608896,718067.0,0.0,87265.0,87265.0,False,639319.0,17870.43952879656,78747.27526088957
2019-01-13 23:32:00,615899.0,703816.0946086064,703817.0,0.0,87918.0,87918.0,False,625268.0,17825.23865308195,78548.09460860645
2019-01-13 23:33:00,620871.0,698131.9819373455,698132.0,0.0,77261.0,77261.0,False,619605.3125,17820.376551807396,78526.66943734547
2019-01-13 23:34:00,598207.0,694096.6925626934,694097.0,0.0,95890.0,95890.0,False,615437.25,17850.50729728042,78659.44256269341
2019-01-13 23:35:00,610651.0,696495.048886068,696496.0,0.0,85845.0,85845.0,False,618197.0,17768.494760048794,78298.04888606806
2019-01-13 23:36:00,600688.0,694679.4657913179,694680.0,0.0,93992.0,93992.0,False,616963.875,17636.31517509418,77715.59079131788
2019-01-13 23:37:00,604343.0,685009.6547078603,685010.0,0.0,80667.0,80667.0,False,607285.25,17638.315353031274,77724.4047078603
2019-01-13 23:38:00,600874.0,682268.5980752038,682269.0,0.0,81395.0,81395.0,False,605063.5625,17520.45280289843,77205.03557520382
2019-01-13 23:39:00,573240.0,681281.9474847596,681282.0,0.0,108042.0,108042.0,False,604315.8125,17466.238120031212,76966.13498475961
2019-01-13 23:40:00,621477.0,701042.1834390613,701043.0,0.0,79566.0,79566.0,False,623109.8125,17685.50997591055,77932.37093906125
2019-01-13 23:41:00,602338.0,685181.054474146,685182.0,0.0,82844.0,82844.0,False,607407.25,17649.525842958967,77773.80447414602
2019-01-13 23:42:00,590068.0,679768.0451781907,679769.0,0.0,89701.0,89701.0,False,603745.3125,17252.147996722022,76022.73267819073
2019-01-13 23:43:00,596692.0,681215.75562229,681216.0,0.0,84524.0,84524.0,False,605210.0625,17248.2811409824,76005.69312228996
2019-01-13 23:44:00,600927.0,672651.5995544619,672652.0,0.0,71725.0,71725.0,False,596719.4375,17231.594436626536,75932.16205446195
2019-01-13 23:45:00,653071.0,697349.7134371691,697350.0,0.0,44279.0,44279.0,False,621751.875,17155.72501808366,75597.83843716915
2019-01-13 23:46:00,621614.0,705272.0338864141,705273.0,0.0,83659.0,83659.0,False,626958.5625,17771.99465079301,78313.47138641417
2019-01-13 23:47:00,606799.0,689298.024880311,689299.0,0.0,82500.0,82500.0,False,612426.6875,17444.72531400509,76871.33738031103
2019-01-13 23:48:00,598873.0,684224.4647691838,684225.0,0.0,85352.0,85352.0,False,607687.8125,17368.77386019575,76536.65226918375
2019-01-13 23:49:00,591034.0,679102.7332917367,679103.0,0.0,88069.0,88069.0,False,602573.125,17367.17534173789,76529.60829173664
2019-01-13 23:50:00,618909.0,697166.5222023064,697167.0,0.0,78258.0,78258.0,False,620964.3125,17292.877447939765,76202.20970230646
2019-01-13 23:51:00,592778.0,692740.4163031849,692741.0,0.0,99963.0,99963.0,False,616579.5625,17283.4923855111,76160.85380318492
2019-01-13 23:52:00,583822.0,673265.578028539,673266.0,0.0,89444.0,89444.0,False,596573.25,17404.101993574848,76692.32802853898
2019-01-13 23:53:00,572881.0,666093.2972596284,666094.0,0.0,93213.0,93213.0,False,589576.8125,17364.197165208385,76516.48475962841
2019-01-13 23:54:00,579033.0,661890.000360192,661891.0,0.0,82858.0,82858.0,False,585117.375,17422.32419370654,76772.62536019202
2019-01-13 23:55:00,601101.0,699538.3993666808,699539.0,0.0,98438.0,98438.0,False,622768.5625,17421.691389530097,76769.83686668081
2019-01-13 23:56:00,605542.0,677002.4528940015,677003.0,0.0,71461.0,71461.0,False,599827.5625,17513.611834293784,77174.89039400146
2019-01-13 23:57:00,578247.0,674655.0865273663,674656.0,0.0,96409.0,96409.0,False,598412.3125,17302.08287524639,76242.77402736634
2019-01-13 23:58:00,593032.0,661045.2715723973,661046.0,0.0,68014.0,68014.0,False,584416.8125,17389.607951530645,76628.45907239728
2019-01-13 23:59:00,582241.0,668446.6061950803,668447.0,0.0,86206.0,86206.0,False,592250.3125,17291.534904352866,76196.29369508028
2019-01-14 00:00:00,724008.0,709958.4637859676,709959.0,14049.0,0.0,140490.0,False,633865.125,17268.17092799438,76093.33878596761
2019-01-14 00:01:00,686866.0,756140.2509308158,756141.0,0.0,69275.0,69275.0,False,670506.3125,19433.258017761866,85633.93843081586
2019-01-14 00:02:00,676676.0,744245.3571434831,744246.0,0.0,67570.0,67570.0,False,657779.0,19622.162182611704,86466.35714348311
2019-01-14 00:03:00,702263.0,754134.7800285274,754135.0,0.0,51872.0,51872.0,False,666695.0625,19843.050814542545,87439.71752852736
2019-01-14 00:04:00,750027.0,752803.7423309274,752804.0,0.0,2777.0,2777.0,False,663040.4375,20370.35193372225,89763.30483092739
2019-01-14 00:05:00,768514.0,850258.2403625435,850259.0,0.0,81745.0,81745.0,False,747118.0,23406.03433297197,103140.24036254347
2019-01-14 00:06:00,760477.0,848744.6690160009,848745.0,0.0,88268.0,88268.0,False,745435.375,23444.398366282647,103309.29401600095
2019-01-14 00:07:00,690234.0,869237.4169180711,869238.0,0.0,179004.0,179004.0,False,767356.0625,23120.35022428614,101881.35441807113
2019-01-14 00:08:00,653675.0,787707.8023446229,787708.0,0.0,134033.0,134033.0,False,678135.0,24865.801792038314,109572.80234462293
2019-01-14 00:09:00,646362.0,781079.3527506765,781080.0,0.0,134718.0,134718.0,False,671130.0625,24951.239724159306,109949.29025067648
2019-01-14 00:10:00,661470.0,776010.9704652544,776011.0,0.0,114541.0,114541.0,False,665344.9375,25113.8930641782,110666.03296525443
2019-01-14 00:11:00,614286.0,768206.0524835021,768207.0,0.0,153921.0,153921.0,False,657545.0,25112.76282319291,110661.05248350208
2019-01-14 00:12:00,640283.0,738604.0218231091,738605.0,0.0,98322.0,98322.0,False,626395.75,25463.87960221327,112208.27182310917
2019-01-14 00:13:00,661933.0,753248.5376359285,753249.0,0.0,91316.0,91316.0,False,641246.4375,25417.092222508956,112002.10013592854
2019-01-14 00:14:00,647814.0,769536.0082855382,769537.0,0.0,121723.0,121723.0,False,656805.125,25582.477947431606,112730.88328553822
2019-01-14 00:15:00,660230.0,765193.6489909366,765194.0,0.0,104964.0,104964.0,False,652894.6875,25484.46017747035,112298.9614909366
2019-01-14 00:16:00,633263.0,769430.7092987897,769431.0,0.0,136168.0,136168.0,False,657537.0,25392.49464888945,111893.7092987897
2019-01-14 00:17:00,612830.0,782891.0601169427,782892.0,0.0,170062.0,170062.0,False,670504.3125,25504.38184016995,112386.74761694274
2019-01-14 00:18:00,620193.0,744341.9061271719,744342.0,0.0,124149.0,124149.0,False,627649.1875,26481.553358754158,116692.71862717195
2019-01-14 00:19:00,602740.0,745646.953992913,745647.0,0.0,142907.0,142907.0,False,628922.5625,26488.74101102599,116724.39149291303
2019-01-14 00:20:00,633806.0,753724.0122035433,753725.0,0.0,119919.0,119919.0,False,637213.8125,26440.133596905125,116510.19970354333
2019-01-14 00:21:00,614246.0,744600.3438021434,744601.0,0.0,130355.0,130355.0,False,628209.75,26412.99094312854,116390.59380214334
2019-01-14 00:22:00,592625.0,734538.6840647998,734539.0,0.0,141914.0,141914.0,False,618458.3125,26342.590948784997,116080.37156479977
2019-01-14 00:23:00,606052.0,732760.5144053525,732761.0,0.0,126709.0,126709.0,False,616122.9375,26469.039823498206,116637.57690535256
2019-01-14 00:24:00,596656.0,730948.5245011649,730949.0,0.0,134293.0,134293.0,False,614609.25,26401.344845384112,116339.27450116488
2019-01-14 00:25:00,630457.0,752412.7625049525,752413.0,0.0,121956.0,121956.0,False,635935.625,26432.630657677702,116477.13750495244
2019-01-14 00:26:00,612414.0,734320.2375627133,734321.0,0.0,121907.0,121907.0,False,618420.3125,26301.641489987396,115899.92506271332
2019-01-14 00:27:00,615933.0,724283.4714688613,724284.0,0.0,108351.0,108351.0,False,608503.5,26274.41993294823,115779.97146886135
2019-01-14 00:28:00,612140.0,731880.8636316377,731881.0,0.0,119741.0,119741.0,False,616098.625,26274.934429420162,115782.23863163767
2019-01-14 00:29:00,619235.0,727590.5105947137,727591.0,0.0,108356.0,108356.0,False,611914.5625,26250.813485472703,115675.9480947137
2019-01-14 00:30:00,661329.0,774031.6617990056,774032.0,0.0,112703.0,112703.0,False,658600.8125,26195.192218669858,115430.84929900557
2019-01-14 00:31:00,651960.0,745685.1737662102,745686.0,0.0,93726.0,93726.0,False,633986.375,25348.262808810578,111698.79876621025
2019-01-14 00:32:00,604361.0,753111.112962271,753112.0,0.0,148751.0,148751.0,False,640735.25,25501.91174120514,112375.86296227097
2019-01-14 00:33:00,608555.0,724692.9369201192,724693.0,0.0,116138.0,116138.0,False,610868.375,25830.670889199624,113824.5619201192
2019-01-14 00:34:00,607374.0,726776.8874305874,726777.0,0.0,119403.0,119403.0,False,612991.5625,25821.766679544155,113785.3249305874
2019-01-14 00:35:00,593715.0,740543.3707277117,740544.0,0.0,146829.0,146829.0,False,626993.1875,25768.405016324476,113550.18322771168
2019-01-14 00:36:00,589115.0,716148.2754000186,716149.0,0.0,127034.0,127034.0,False,601431.9375,26033.0452401753,114716.3379000186
2019-01-14 00:37:00,574144.0,708685.9898320802,708686.0,0.0,134542.0,134542.0,False,594077.875,26008.485739102965,114608.11483208025
2019-01-14 00:38:00,599723.0,705695.0772290059,705696.0,0.0,105973.0,105973.0,False,590765.0625,26081.53579224167,114930.01472900591
2019-01-14 00:39:00,588388.0,715894.3360509671,715895.0,0.0,127507.0,127507.0,False,600700.4375,26141.42002147197,115193.89855096709
2019-01-14 00:40:00,616983.0,723409.7958222276,723410.0,0.0,106427.0,106427.0,False,609126.625,25934.74487303391,114283.17082222759
2019-01-14 00:41:00,600285.0,736091.4597423736,736092.0,0.0,135807.0,135807.0,False,621610.625,25979.601550554376,114480.83474237355
2019-01-14 00:42:00,580191.0,712208.43468742,712209.0,0.0,132018.0,132018.0,False,597319.75,26072.15659776876,114888.68468742001
2019-01-14 00:43:00,589322.0,711495.8580353409,711496.0,0.0,122174.0,122174.0,False,596500.9375,26096.265130918284,114994.92053534096
2019-01-14 00:44:00,589025.0,706143.4449936154,706144.0,0.0,117119.0,117119.0,False,591161.1875,26093.391455344652,114982.2574936154
2019-01-14 00:45:00,615643.0,718149.6445675568,718150.0,0.0,102507.0,102507.0,False,603266.8125,26070.828438934004,114882.83206755678
2019-01-14 00:46:00,607328.0,715859.2274894887,715860.0,0.0,108532.0,108532.0,False,602404.125,25746.82795759909,113455.10248948862
2019-01-14 00:47:00,593823.0,711376.66012204,711377.0,0.0,117554.0,117554.0,False,597786.8125,25777.40621868915,113589.84762203996
2019-01-14 00:48:00,593657.0,711694.8346551323,711695.0,0.0,118038.0,118038.0,False,598105.375,25777.318175780492,113589.45965513229
2019-01-14 00:49:00,598774.0,708647.5373679571,708648.0,0.0,109874.0,109874.0,False,595082.5625,25771.761743419615,113564.97486795705
2019-01-14 00:50:00,635094.0,741264.0567556685,741265.0,0.0,106171.0,106171.0,False,627674.0625,25777.439494854985,113589.99425566845
2019-01-14 00:51:00,606319.0,720520.8712543957,720521.0,0.0,114202.0,114202.0,False,606742.6875,25820.146103379764,113778.1837543957
2019-01-14 00:52:00,583038.0,713012.8243187713,713013.0,0.0,129975.0,129975.0,False,599774.0,25697.74707247132,113238.8243187712
2019-01-14 00:53:00,582240.0,701561.4618975868,701562.0,0.0,119322.0,119322.0,False,588198.75,25725.861384722244,113362.71189758685
2019-01-14 00:54:00,590908.0,699578.4587154984,699579.0,0.0,108671.0,108671.0,False,586446.625,25673.467259619374,113131.83371549845
2019-01-14 00:55:00,595042.0,728499.5049380644,728500.0,0.0,133458.0,133458.0,False,615282.8125,25692.724594747233,113216.69243806435
2019-01-14 00:56:00,612850.0,708796.340207169,708797.0,0.0,95947.0,95947.0,False,595650.75,25676.589076237313,113145.59020716899
2019-01-14 00:57:00,609483.0,712995.618921519,712996.0,0.0,103513.0,103513.0,False,599362.4375,25787.240134092295,113633.18142151904
2019-01-14 00:58:00,587247.0,714398.4668336865,714399.0,0.0,127152.0,127152.0,False,600933.8125,25748.995596461013,113464.65433368647
2019-01-14 00:59:00,577520.0,707679.7773938125,707680.0,0.0,130160.0,130160.0,False,594244.875,25742.243867710786,113434.90239381258
2019-01-14 01:00:00,676954.0,734488.0411722988,734489.0,0.0,57535.0,57535.0,False,620859.375,25786.21547021816,113628.66617229888
2019-01-14 01:01:00,639336.0,731387.1739758032,731388.0,0.0,92052.0,92052.0,False,625457.625,24039.023483838067,105929.5489758032
2019-01-14 01:02:00,635492.0,719737.8522221029,719738.0,0.0,84246.0,84246.0,False,613952.5,24006.300327910285,105785.3522221029
2019-01-14 01:03:00,625915.0,737735.491477356,737736.0,0.0,111821.0,111821.0,False,631755.4375,24050.484789301154,105980.05397735599
2019-01-14 01:04:00,602986.0,721595.4170981579,721596.0,0.0,118610.0,118610.0,False,618055.4375,23496.74878389955,103539.9795981579
2019-01-14 01:05:00,615172.0,701559.0804076765,701560.0,0.0,86388.0,86388.0,False,612183.0625,20282.463336696903,89376.01790767652
2019-01-14 01:06:00,650273.0,715176.1220466348,715177.0,0.0,64904.0,64904.0,False,627048.75,19999.10305180194,88127.37204663482
2019-01-14 01:07:00,658641.0,744291.2781186125,744292.0,0.0,85651.0,85651.0,False,655397.125,20173.111799827882,88894.15311861243
2019-01-14 01:08:00,672226.0,740048.3376543737,740049.0,0.0,67823.0,67823.0,False,660800.6875,17983.991638963067,79247.65015437372
2019-01-14 01:09:00,664053.0,739650.2760603525,739651.0,0.0,75598.0,75598.0,False,660656.3125,17926.421508152784,78993.9635603525
2019-01-14 01:10:00,688272.0,752259.7027405597,752260.0,0.0,63988.0,63988.0,False,674011.25,17757.239704985208,78248.4527405597
2019-01-14 01:11:00,662530.0,743659.1494430068,743660.0,0.0,81130.0,81130.0,False,664733.875,17910.833607317556,78925.27444300689
2019-01-14 01:12:00,619185.0,724348.2860854019,724349.0,0.0,105164.0,105164.0,False,648751.5625,17155.472020236746,75596.72358540184
2019-01-14 01:13:00,603714.0,696755.7945583601,696756.0,0.0,93042.0,93042.0,False,620336.9375,17342.04211379778,76418.85705836012
2019-01-14 01:14:00,582492.0,682404.5886381429,682405.0,0.0,99913.0,99913.0,False,606955.875,17121.88352078215,75448.7136381429
2019-01-14 01:15:00,601546.0,678522.702351209,678523.0,0.0,76977.0,76977.0,False,602267.375,17304.931652094503,76255.32735120897
2019-01-14 01:16:00,599824.0,684506.3765647992,684507.0,0.0,84683.0,84683.0,False,608525.5,17242.649418634148,75980.87656479925
2019-01-14 01:17:00,595465.0,685411.7760376686,685412.0,0.0,89947.0,89947.0,False,610220.6875,17063.419608680135,75191.0885376686
2019-01-14 01:18:00,583158.0,681538.2659723413,681539.0,0.0,98381.0,98381.0,False,612523.125,15661.886703147153,69015.1409723413
2019-01-14 01:19:00,580202.0,671737.423376013,671738.0,0.0,91536.0,91536.0,False,601255.3125,15994.792151205858,70482.11087601294
2019-01-14 01:20:00,605787.0,680451.0142508206,680452.0,0.0,74665.0,74665.0,False,610429.625,15890.238718527322,70021.38925082066
2019-01-14 01:21:00,574633.0,691575.5345235039,691576.0,0.0,116943.0,116943.0,False,621554.5,15890.158218814233,70021.03452350381
2019-01-14 01:22:00,578424.0,683623.1769812164,683624.0,0.0,105200.0,105200.0,False,609737.5625,16767.163070216415,73885.61448121646
2019-01-14 01:23:00,564686.0,665528.6509613969,665529.0,0.0,100843.0,100843.0,False,591072.0,16896.750701712146,74456.65096139688
2019-01-14 01:24:00,563107.0,646547.0227869772,646548.0,0.0,83441.0,83441.0,False,571149.3125,17110.309122814077,75397.7102869773
2019-01-14 01:25:00,586602.0,661234.6139111342,661235.0,0.0,74633.0,74633.0,False,586181.0,17032.22193241657,75053.6139111342
2019-01-14 01:26:00,572238.0,656083.3886952001,656084.0,0.0,83846.0,83846.0,False,580972.125,17045.304632441235,75111.2636952001
2019-01-14 01:27:00,583263.0,654868.3251741392,654869.0,0.0,71606.0,71606.0,False,579726.5,17052.24007318485,75141.82517413927
2019-01-14 01:28:00,586359.0,655020.4245935973,655021.0,0.0,68662.0,68662.0,False,580051.625,17012.97467430258,74968.79959359727
2019-01-14 01:29:00,592079.0,656768.9663822583,656769.0,0.0,64690.0,64690.0,False,581537.125,17072.667817490586,75231.84138225832
2019-01-14 01:30:00,631658.0,687829.8137215612,687830.0,0.0,56172.0,56172.0,False,612409.875,17115.353511902274,75419.9387215612
2019-01-14 01:31:00,610743.0,681458.4178699362,681459.0,0.0,70716.0,70716.0,False,604948.8125,17362.635997319303,76509.60536993618
2019-01-14 01:32:00,593795.0,674395.5564633514,674396.0,0.0,80601.0,80601.0,False,598732.5625,17170.51102670109,75662.99396335139
2019-01-14 01:33:00,612835.0,663403.0820600102,663404.0,0.0,50569.0,50569.0,False,589972.5625,16663.886528363575,73430.51956001023
2019-01-14 01:34:00,587121.0,674427.7751470923,674428.0,0.0,87307.0,87307.0,False,599449.0,17015.238467239014,74978.7751470923
2019-01-14 01:35:00,593417.0,672559.2051456439,672560.0,0.0,79143.0,79143.0,False,597427.0625,17050.042777603652,75132.14264564392
2019-01-14 01:36:00,599434.0,664415.780787176,664416.0,0.0,64982.0,64982.0,False,591219.8125,16610.658853835146,73195.96828717596
2019-01-14 01:37:00,594103.0,668140.1286955802,668141.0,0.0,74038.0,74038.0,False,594851.8125,16631.615740372243,73288.31619558015
2019-01-14 01:38:00,598315.0,665407.034964334,665408.0,0.0,67093.0,67093.0,False,592765.6875,16484.796494240185,72641.34746433394
2019-01-14 01:39:00,598095.0,665042.2006507777,665043.0,0.0,66948.0,66948.0,False,592550.75,16450.77980054074,72491.45065077773
2019-01-14 01:40:00,612515.0,698940.0460520019,698941.0,0.0,86426.0,86426.0,False,626520.1875,16434.533114319856,72419.8585520019
2019-01-14 01:41:00,594206.0,674866.577378098,674867.0,0.0,80661.0,80661.0,False,602392.5625,16446.823029715604,72474.014878098
2019-01-14 01:42:00,584676.0,668170.3055914155,668171.0,0.0,83495.0,83495.0,False,596413.5,16284.063808590947,71756.80559141547
2019-01-14 01:43:00,593841.0,676571.238587435,676572.0,0.0,82731.0,82731.0,False,605106.6875,16217.741305074489,71464.55108743497
2019-01-14 01:44:00,572140.0,661219.4469519504,661220.0,0.0,89080.0,89080.0,False,589629.25,16246.254632252198,71590.19695195043
2019-01-14 01:45:00,592478.0,661333.2982724583,661334.0,0.0,68856.0,68856.0,False,589243.5,16359.631192356195,72089.79827245827
2019-01-14 01:46:00,581277.0,661002.0119964463,661003.0,0.0,79726.0,79726.0,False,589348.5,16260.622972873238,71653.51199644634
2019-01-14 01:47:00,576015.0,653868.4919663367,653869.0,0.0,77854.0,77854.0,False,582297.4375,16241.91055011783,71571.0544663367
2019-01-14 01:48:00,593748.0,653343.892690284,653344.0,0.0,59596.0,59596.0,False,581751.6875,16246.710369946988,71592.20519028394
2019-01-14 01:49:00,588534.0,653170.3538579337,653171.0,0.0,64637.0,64637.0,False,581077.25,16360.381342315655,72093.10385793363
2019-01-14 01:50:00,604205.0,689216.961348023,689217.0,0.0,85012.0,85012.0,False,616982.125,16392.545272877283,72234.83634802305
2019-01-14 01:51:00,585638.0,664543.0808695504,664544.0,0.0,78906.0,78906.0,False,592333.375,16386.84231116351,72209.7058695503
2019-01-14 01:52:00,586197.0,659834.0244553307,659835.0,0.0,73638.0,73638.0,False,587613.5625,16389.283233466766,72220.46195533068
2019-01-14 01:53:00,589045.0,659526.5010119799,659527.0,0.0,70482.0,70482.0,False,587717.375,16295.937094475687,71809.12601197984
2019-01-14 01:54:00,586329.0,656357.6816734802,656358.0,0.0,70029.0,70029.0,False,584528.9375,16300.38912367413,71828.74417348026
2019-01-14 01:55:00,594730.0,669543.3256484617,669544.0,0.0,74814.0,74814.0,False,597786.625,16284.039993459535,71756.70064846173
2019-01-14 01:56:00,604010.0,657626.641803754,657627.0,0.0,53617.0,53617.0,False,586562.6875,16126.832247275557,71063.95430375404
2019-01-14 01:57:00,553544.0,662896.217255678,662897.0,0.0,109353.0,109353.0,False,591809.75,16131.941203041197,71086.46725567804
2019-01-14 01:58:00,583737.0,642997.3766098556,642998.0,0.0,59261.0,59261.0,False,569514.25,16675.82486019708,73483.12660985554
2019-01-14 01:59:00,574871.0,656909.5427293028,656910.0,0.0,82039.0,82039.0,False,583003.8125,16771.72801876305,73905.73022930282
2019-01-14 02:00:00,662813.0,670896.4890664958,670897.0,0.0,8084.0,8084.0,False,597351.0625,16689.96284280153,73545.4265664958
2019-01-14 02:01:00,626663.0,695770.1504221135,695771.0,0.0,69108.0,69108.0,False,619652.0625,17273.787350142564,76118.08792211347
2019-01-14 02:02:00,630428.0,686209.3457061732,686210.0,0.0,55782.0,55782.0,False,610476.1875,17186.433683761636,75733.15820617323
2019-01-14 02:03:00,610738.0,703357.5920293612,703358.0,0.0,92620.0,92620.0,False,627784.1875,17150.180131984576,75573.40452936117
2019-01-14 02:04:00,603111.0,674664.6661247725,674665.0,0.0,71554.0,71554.0,False,598681.5625,17243.15481441384,75983.1036247725
2019-01-14 02:05:00,630392.0,684558.0105700168,684559.0,0.0,54167.0,54167.0,False,608783.375,17195.846310673795,75774.63557001678
2019-01-14 02:06:00,702394.0,714439.4026518159,714440.0,0.0,12046.0,12046.0,False,637497.25,17460.795711653154,76942.15265181597
2019-01-14 02:07:00,698618.0,782020.5645999045,782021.0,0.0,83403.0,83403.0,False,697390.1875,19205.515762324125,84630.37709990442
2019-01-14 02:08:00,699105.0,771544.940529251,771545.0,0.0,72440.0,72440.0,False,686944.625,19198.69376780149,84600.31552925103
2019-01-14 02:09:00,646306.0,766011.2980007316,766012.0,0.0,119706.0,119706.0,False,681373.125,19207.28491781355,84638.17300073164
2019-01-14 02:10:00,618290.0,729007.2694244432,729008.0,0.0,110718.0,110718.0,False,642356.4375,19664.02579512164,86650.8319244432
2019-01-14 02:11:00,621798.0,700419.833306965,700420.0,0.0,78622.0,78622.0,False,613443.9375,19737.79386438314,86975.8958069649
2019-01-14 02:12:00,599828.0,709388.6504284288,709389.0,0.0,109561.0,109561.0,False,622179.9375,19790.628000886354,87208.71292842884
2019-01-14 02:13:00,606306.0,686055.9179454909,686056.0,0.0,79750.0,79750.0,False,599471.875,19648.86910042201,86584.0429454909
2019-01-14 02:14:00,612062.0,693086.0640072848,693087.0,0.0,81025.0,81025.0,False,606716.125,19600.281622723098,86369.93900728485
2019-01-14 02:15:00,630775.0,697700.0643226447,697701.0,0.0,66926.0,66926.0,False,612177.3125,19408.02598844846,85522.75182264477
2019-01-14 02:16:00,619182.0,709784.6857054277,709785.0,0.0,90603.0,90603.0,False,623494.8125,19582.11196458987,86289.87320542765
2019-01-14 02:17:00,597184.0,699815.5327841509,699816.0,0.0,102632.0,102632.0,False,613609.6875,19563.04316657836,86205.84528415091
2019-01-14 02:18:00,578319.0,708602.3177521725,708603.0,0.0,130284.0,130284.0,False,622307.4375,19583.248234076957,86294.88025217241
2019-01-14 02:19:00,577190.0,691775.8608655934,691776.0,0.0,114586.0,114586.0,False,603573.875,20016.035469276638,88201.98586559342
2019-01-14 02:20:00,606664.0,679667.3475432792,679668.0,0.0,73004.0,73004.0,False,591035.4375,20113.59991190462,88631.91004327919
2019-01-14 02:21:00,608332.0,700137.2675487099,700138.0,0.0,91806.0,91806.0,False,610984.875,20231.715124250462,89152.39254870992
2019-01-14 02:22:00,577247.0,681549.4244915172,681550.0,0.0,104303.0,104303.0,False,596301.625,19345.629937404934,85247.79949151719
2019-01-14 02:23:00,588671.0,664635.6247112892,664636.0,0.0,75965.0,75965.0,False,580542.0625,19083.694175820023,84093.56221128916
2019-01-14 02:24:00,591482.0,667544.267392737,667545.0,0.0,76063.0,76063.0,False,584650.4375,18811.434040108663,82893.82989273698
2019-01-14 02:25:00,600822.0,698601.5371784379,698602.0,0.0,97780.0,97780.0,False,615757.4375,18800.14856026899,82844.0996784379
2019-01-14 02:26:00,601005.0,699030.8570815352,699031.0,0.0,98026.0,98026.0,False,615737.8125,18902.02945349331,83293.04458153513
2019-01-14 02:27:00,585256.0,670799.6733077004,670800.0,0.0,85544.0,85544.0,False,587232.0,18964.352067546268,83567.67330770039
2019-01-14 02:28:00,619376.0,670865.4974683463,670866.0,0.0,51490.0,51490.0,False,587315.0625,18960.44010106889,83550.43496834622
2019-01-14 02:29:00,597214.0,690564.5549064467,690565.0,0.0,93351.0,93351.0,False,605135.625,19386.73459932626,85428.92990644675
2019-01-14 02:30:00,657216.0,699409.9056332274,699410.0,0.0,42194.0,42194.0,False,614058.5,19369.141700626085,85351.40563322743
2019-01-14 02:31:00,590080.0,720800.8147268402,720801.0,0.0,130721.0,130721.0,False,632687.75,19995.856233516974,88113.06472684024
2019-01-14 02:32:00,613328.0,678489.0782325583,678490.0,0.0,65162.0,65162.0,False,587154.875,20726.842298617095,91334.20323255836
2019-01-14 02:33:00,607946.0,698588.9588898313,698589.0,0.0,90643.0,90643.0,False,606080.75,20993.264178425074,92508.20888983137
2019-01-14 02:34:00,593981.0,693542.4200744134,693543.0,0.0,99562.0,99562.0,False,601948.125,20785.86599837567,91594.29507441344
2019-01-14 02:35:00,605660.0,693205.5080758412,693206.0,0.0,87546.0,87546.0,False,601765.3125,20750.895572268484,91440.1955758412
2019-01-14 02:36:00,606875.0,687239.868190991,687240.0,0.0,80365.0,80365.0,False,595799.8125,20750.86382763037,91440.05569099105
2019-01-14 02:37:00,584617.0,690157.0395513094,690158.0,0.0,105541.0,105541.0,False,598619.75,20772.92950311202,91537.28955130941
2019-01-14 02:38:00,575358.0,681345.824161703,681346.0,0.0,105988.0,105988.0,False,589465.875,20850.69064248112,91879.94916170297
2019-01-14 02:39:00,579152.0,672225.0374904695,672226.0,0.0,93074.0,93074.0,False,580071.625,20912.748788161407,92153.4124904695
2019-01-14 02:40:00,615563.0,700068.4820561225,700069.0,0.0,84506.0,84506.0,False,607979.875,20898.042227308357,92088.60705612248
2019-01-14 02:41:00,594108.0,690712.3300493415,690713.0,0.0,96605.0,96605.0,False,598836.0625,20849.855159210685,91876.26754934157
2019-01-14 02:42:00,593272.0,677466.4640150644,677467.0,0.0,84195.0,84195.0,False,585666.375,20832.56765452328,91800.08901506438
2019-01-14 02:43:00,592151.0,683331.6814087783,683332.0,0.0,91181.0,91181.0,False,591671.4375,20800.832035646254,91660.24390877827
2019-01-14 02:44:00,596551.0,680456.1849221843,680457.0,0.0,83906.0,83906.0,False,589029.9375,20747.730261016277,91426.2474221843
2019-01-14 02:45:00,626458.0,702658.9836657414,702659.0,0.0,76201.0,76201.0,False,611723.875,20636.274145002324,90935.10866574144
2019-01-14 02:46:00,620164.0,690293.4783361116,690294.0,0.0,70130.0,70130.0,False,599026.1875,20711.65759628339,91267.29083611169
2019-01-14 02:47:00,604021.0,695411.0109507462,695412.0,0.0,91391.0,91391.0,False,603592.1875,20836.819136226608,91818.82345074622
2019-01-14 02:48:00,579581.0,689917.312786582,689918.0,0.0,110337.0,110337.0,False,598203.0625,20813.087922666018,91714.25028658206
2019-01-14 02:49:00,592229.0,677159.2672648836,677160.0,0.0,84931.0,84931.0,False,584948.8125,20925.693623549363,92210.45476488362
2019-01-14 02:50:00,628801.0,705494.9678292667,705495.0,0.0,76694.0,76694.0,False,613288.4375,20924.80303540972,92206.53032926671
2019-01-14 02:51:00,589419.0,696992.4945921564,696993.0,0.0,107574.0,107574.0,False,604776.25,20927.007532606123,92216.2445921564
2019-01-14 02:52:00,586251.0,681879.4167965322,681880.0,0.0,95629.0,95629.0,False,589285.1875,21012.785139259562,92594.22929653226
2019-01-14 02:53:00,571031.0,678305.6166361035,678306.0,0.0,107275.0,107275.0,False,585691.1875,21017.369171028942,92614.42913610343
2019-01-14 02:54:00,578521.0,670073.5458145359,670074.0,0.0,91553.0,91553.0,False,577020.625,21116.87787145506,93052.92081453594
2019-01-14 02:55:00,597500.0,692717.2487002166,692718.0,0.0,95218.0,95218.0,False,599664.9375,21116.739529197588,93052.31120021662
2019-01-14 02:56:00,588547.0,682059.3321792483,682060.0,0.0,93513.0,93513.0,False,589018.4375,21114.148731650395,93040.89467924827
2019-01-14 02:57:00,591917.0,679687.2110438154,679688.0,0.0,87771.0,87771.0,False,587118.6875,21006.951628221283,92568.52354381539
2019-01-14 02:58:00,584230.0,675165.5367929135,675166.0,0.0,90936.0,90936.0,False,585328.0,20387.197694840717,89837.53679291341
2019-01-14 02:59:00,593274.0,677726.0174857841,677727.0,0.0,84453.0,84453.0,False,588175.5625,20322.049052463884,89550.45498578412
2019-01-14 03:00:00,679837.0,717796.6677746009,717797.0,0.0,37960.0,37960.0,False,628383.5,20290.893907128382,89413.16777460085
2019-01-14 03:01:00,622688.0,712526.1413362466,712527.0,0.0,89839.0,89839.0,False,626057.25,19622.737277284945,86468.89133624663
2019-01-14 03:02:00,604889.0,689509.5137088858,689510.0,0.0,84621.0,84621.0,False,603067.0,19616.751295000424,86442.51370888574
2019-01-14 03:03:00,617184.0,685100.954165094,685101.0,0.0,67917.0,67917.0,False,599338.6875,19462.38006602202,85762.26666509392
2019-01-14 03:04:00,597274.0,689179.1750106593,689180.0,0.0,91906.0,91906.0,False,603501.8125,19443.11242085536,85677.36251065927
2019-01-14 03:05:00,622600.0,697105.176940015,697106.0,0.0,74506.0,74506.0,False,611341.5,19462.70010544706,85763.67694001511
2019-01-14 03:06:00,592123.0,716025.9320381299,716026.0,0.0,123903.0,123903.0,False,630864.375,19326.058586612577,85161.55703812987
2019-01-14 03:07:00,626849.0,696865.7431664886,696866.0,0.0,70017.0,70017.0,False,616969.875,18131.09438948489,79895.86816648862
2019-01-14 03:08:00,682292.0,708085.8674456849,708086.0,0.0,25794.0,25794.0,False,627972.1875,18180.523302623656,80113.67994568481
2019-01-14 03:09:00,700401.0,747279.3730599051,747280.0,0.0,46879.0,46879.0,False,661652.25,19431.711377915304,85627.12305990513
2019-01-14 03:10:00,666389.0,756708.7893771707,756709.0,0.0,90320.0,90320.0,False,670769.375,19502.580916982835,85939.41437717075
2019-01-14 03:11:00,612572.0,713878.8717439026,713879.0,0.0,101307.0,101307.0,False,629113.0,19236.264113095924,84765.8717439026
2019-01-14 03:12:00,621920.0,694422.1274437296,694423.0,0.0,72503.0,72503.0,False,609130.5,19355.575992898124,85291.62744372958
2019-01-14 03:13:00,613161.0,695357.8445264116,695358.0,0.0,82197.0,82197.0,False,610913.375,19163.32700037595,84444.46952641159
2019-01-14 03:14:00,609025.0,705855.13068943,705856.0,0.0,96831.0,96831.0,False,621458.9375,19152.37145483051,84396.19318943007
2019-01-14 03:15:00,623121.0,691211.2201633916,691212.0,0.0,68091.0,68091.0,False,606464.4375,19231.932150398767,84746.78266339155
2019-01-14 03:16:00,637494.0,698108.0520416239,698109.0,0.0,60615.0,60615.0,False,613481.3125,19204.690276425474,84626.73954162387
2019-01-14 03:17:00,635466.0,712561.5788459145,712562.0,0.0,77096.0,77096.0,False,627052.75,19404.866390698637,85508.82884591451
2019-01-14 03:18:00,617721.0,714822.0867460486,714823.0,0.0,97102.0,97102.0,False,629889.9375,19273.998143095763,84932.14924604863
2019-01-14 03:19:00,583251.0,707987.8859871437,707988.0,0.0,124737.0,124737.0,False,626858.0625,18411.120890286948,81129.8234871437
2019-01-14 03:20:00,622233.0,697530.4774429802,697531.0,0.0,75298.0,75298.0,False,613850.8125,18989.766784936404,83679.66494298019
2019-01-14 03:21:00,615859.0,696753.8962029289,696754.0,0.0,80895.0,80895.0,False,613341.125,18929.19950274917,83412.77120292882
2019-01-14 03:22:00,616556.0,693478.5240520427,693479.0,0.0,76923.0,76923.0,False,610116.875,18917.598145077223,83361.64905204269
2019-01-14 03:23:00,597281.0,686496.8804165223,686497.0,0.0,89216.0,89216.0,False,604035.125,18713.38162148781,82461.75541652221
2019-01-14 03:24:00,570549.0,676565.204847753,676566.0,0.0,106017.0,106017.0,False,593978.75,18741.680170710024,82586.45484775303
2019-01-14 03:25:00,604727.0,666875.2384679739,666876.0,0.0,62149.0,62149.0,False,583024.0625,19028.688479566703,83851.17596797392
2019-01-14 03:26:00,598281.0,686090.8081243148,686091.0,0.0,87810.0,87810.0,False,602114.875,19057.000128582957,83975.9331243147
2019-01-14 03:27:00,603782.0,698715.2563439294,698716.0,0.0,94934.0,94934.0,False,615252.5,18940.542834142303,83462.75634392949
2019-01-14 03:28:00,588089.0,680281.2970639438,680282.0,0.0,92193.0,92193.0,False,596464.6875,19020.84418487966,83816.60956394381
2019-01-14 03:29:00,607015.0,664661.7625543601,664662.0,0.0,57647.0,57647.0,False,582317.9375,18686.61920464679,82343.82505436015
2019-01-14 03:30:00,666081.0,696533.787558384,696534.0,0.0,30453.0,30453.0,False,613429.375,18859.22242110077,83104.41255838399
2019-01-14 03:31:00,617054.0,710718.3001774417,710719.0,0.0,93665.0,93665.0,False,625961.875,19234.12036533913,84756.4251774417
2019-01-14 03:32:00,589402.0,683027.5201440502,683028.0,0.0,93626.0,93626.0,False,602074.75,18370.94145486342,80952.7701440502
2019-01-14 03:33:00,592313.0,669018.636627205,669019.0,0.0,76706.0,76706.0,False,588635.4375,18241.68638692402,80383.1991272049
2019-01-14 03:34:00,597191.0,664929.0864525393,664930.0,0.0,67739.0,67739.0,False,584546.0,18241.66081720379,80383.08645253936
2019-01-14 03:35:00,608885.0,684569.140906652,684570.0,0.0,75685.0,75685.0,False,604238.75,18229.70240260345,80330.390906652
2019-01-14 03:36:00,614924.0,682592.2781510837,682593.0,0.0,67669.0,67669.0,False,602258.5,18230.471083762088,80333.77815108377
2019-01-14 03:37:00,591135.0,686834.1161222657,686835.0,0.0,95700.0,95700.0,False,606444.625,18243.114254959797,80389.49112226572
2019-01-14 03:38:00,575684.0,670527.5550269448,670528.0,0.0,94844.0,94844.0,False,590044.3125,18264.389642616155,80483.2425269448
2019-01-14 03:39:00,583480.0,662304.8350273904,662305.0,0.0,78825.0,78825.0,False,581803.9375,18268.396163690046,80500.89752739042
2019-01-14 03:40:00,606771.0,694576.8408818697,694577.0,0.0,87806.0,87806.0,False,614105.1875,18261.75967077815,80471.65338186966
2019-01-14 03:41:00,591184.0,698465.5548338857,698466.0,0.0,107282.0,107282.0,False,617816.9375,18301.91882032082,80648.61733388573
2019-01-14 03:42:00,579308.0,666157.9994380438,666158.0,0.0,86850.0,86850.0,False,583903.5,18666.348179148248,82254.49943804377
2019-01-14 03:43:00,587563.0,659084.1584470588,659085.0,0.0,71522.0,71522.0,False,576782.5625,18677.035981533565,82301.5959470588
2019-01-14 03:44:00,578360.0,666790.9710101587,666791.0,0.0,88431.0,88431.0,False,584361.5,18706.05518981469,82429.47101015865
2019-01-14 03:45:00,612950.0,679274.0760453006,679275.0,0.0,66325.0,66325.0,False,596755.25,18726.332891446986,82518.82604530054
2019-01-14 03:46:00,596192.0,675005.6432645953,675006.0,0.0,78814.0,78814.0,False,592411.6875,18743.382384283716,82593.9557645953
2019-01-14 03:47:00,591518.0,667438.0387554736,667439.0,0.0,75921.0,75921.0,False,585544.0625,18584.533186673845,81893.97625547361
2019-01-14 03:48:00,592613.0,670538.2755129023,670539.0,0.0,77926.0,77926.0,False,588620.4375,18589.94823235977,81917.83801290227
2019-01-14 03:49:00,579253.0,668263.7852304999,668264.0,0.0,89011.0,89011.0,False,587213.75,18393.01421661808,81050.0352304999
2019-01-14 03:50:00,600333.0,692634.201773696,692635.0,0.0,92302.0,92302.0,False,611417.0625,18430.93581694088,81217.13927369597
2019-01-14 03:51:00,604746.0,668981.51542858,668982.0,0.0,64236.0,64236.0,False,587780.75,18427.22003365784,81200.76542857997
2019-01-14 03:52:00,599344.0,672845.2975156559,672846.0,0.0,73502.0,73502.0,False,591812.625,18389.074025104812,81032.67251565585
2019-01-14 03:53:00,592668.0,673917.8577030995,673918.0,0.0,81250.0,81250.0,False,592894.3125,18387.00272693534,81023.54520309951
2019-01-14 03:54:00,594867.0,671693.8124764126,671694.0,0.0,76827.0,76827.0,False,591255.625,18254.165116709264,80438.18747641263
2019-01-14 03:55:00,601547.0,695256.332365491,695257.0,0.0,93710.0,93710.0,False,614820.3125,18253.673211944697,80436.01986549098
2019-01-14 03:56:00,604289.0,678370.8941565243,678371.0,0.0,74082.0,74082.0,False,597468.9375,18359.410143423498,80901.95665652431
2019-01-14 03:57:00,585113.0,676058.6648069248,676059.0,0.0,90946.0,90946.0,False,595143.0,18362.520989760353,80915.66480692476
2019-01-14 03:58:00,577410.0,665480.6776262645,665481.0,0.0,88071.0,88071.0,False,584253.8125,18433.142944230265,81226.86512626456
2019-01-14 03:59:00,589425.0,659544.2461466062,659545.0,0.0,70120.0,70120.0,False,578170.0625,18466.574535361688,81374.18364660612
2019-01-14 04:00:00,697029.0,690196.7687919799,690197.0,6832.0,0.0,68320.0,False,608683.0625,18498.236976872075,81513.70629197992
2019-01-14 04:01:00,660790.0,721303.3169166178,721304.0,0.0,60514.0,60514.0,False,630495.875,20607.302210259266,90807.4419166178
2019-01-14 04:02:00,632167.0,720603.7976366614,720604.0,0.0,88437.0,88437.0,False,628599.4375,20878.92373114799,92004.36013666149
2019-01-14 04:03:00,631597.0,715527.8441524843,715528.0,0.0,83931.0,83931.0,False,623529.75,20877.501765867844,91998.09415248431
2019-01-14 04:04:00,600180.0,704756.804221611,704757.0,0.0,104577.0,104577.0,False,613079.4375,20804.717785220157,91677.36672161105
2019-01-14 04:05:00,623522.0,698982.721397856,698983.0,0.0,75461.0,75461.0,False,606997.9375,20874.48121563726,91984.78389785605
2019-01-14 04:06:00,596248.0,733179.1617312226,733180.0,0.0,136932.0,136932.0,False,641002.0625,20918.12411660116,92177.09923122263
2019-01-14 04:07:00,581607.0,705254.0670165541,705255.0,0.0,123648.0,123648.0,False,612126.8125,21133.746720852898,93127.25451655405
2019-01-14 04:08:00,580618.0,679845.7034440571,679846.0,0.0,99228.0,99228.0,False,584852.125,21557.279202162186,94993.57844405714
2019-01-14 04:09:00,591141.0,677755.1358456189,677756.0,0.0,86615.0,86615.0,False,587416.0625,20501.013425060097,90339.0733456189
2019-01-14 04:10:00,617690.0,710359.1987397706,710360.0,0.0,92670.0,92670.0,False,622531.125,19931.182069441984,87828.07373977054
2019-01-14 04:11:00,599715.0,690410.6994149294,690411.0,0.0,90696.0,90696.0,False,602572.75,19933.423196581272,87837.94941492938
2019-01-14 04:12:00,589409.0,683714.0673384697,683715.0,0.0,94306.0,94306.0,False,596433.25,19806.99094798674,87280.81733846961
2019-01-14 04:13:00,598879.0,685840.4293166514,685841.0,0.0,86962.0,86962.0,False,598678.5,19780.011205544077,87161.92931665143
2019-01-14 04:14:00,585839.0,682714.7970421684,682715.0,0.0,96876.0,96876.0,False,595553.9375,19779.768437268674,87160.85954216844
2019-01-14 04:15:00,604982.0,707011.6001362051,707012.0,0.0,102030.0,102030.0,False,619973.625,19751.88177911415,87037.97513620506
2019-01-14 04:16:00,609346.0,680770.7218309394,680771.0,0.0,71425.0,71425.0,False,593730.9375,19752.292347035254,87039.78433093944
2019-01-14 04:17:00,603995.0,683706.1940974882,683707.0,0.0,79712.0,79712.0,False,597271.125,19615.061859050365,86435.06909748822
2019-01-14 04:18:00,614134.0,683941.0287418653,683942.0,0.0,69808.0,69808.0,False,597551.125,19604.812301160506,86389.90374186533
2019-01-14 04:19:00,598634.0,690077.4022392186,690078.0,0.0,91444.0,91444.0,False,603520.5625,19642.695766156565,86556.8397392186
2019-01-14 04:20:00,612941.0,704311.1885892093,704312.0,0.0,91371.0,91371.0,False,621523.0,18787.460429336992,82788.18858920933
2019-01-14 04:21:00,607902.0,689557.7902021986,689558.0,0.0,81656.0,81656.0,False,606670.25,18810.006695047534,82887.5402021986
2019-01-14 04:22:00,594345.0,684266.9503923968,684267.0,0.0,89922.0,89922.0,False,601382.5625,18809.291328560215,82884.38789239679
2019-01-14 04:23:00,591751.0,682488.6856649041,682489.0,0.0,90738.0,90738.0,False,599529.4375,18826.27967474131,82959.24816490403
2019-01-14 04:24:00,579338.0,673560.4108333724,673561.0,0.0,94223.0,94223.0,False,590568.125,18833.777047248244,82992.28583337243
2019-01-14 04:25:00,599287.0,674154.7685712063,674155.0,0.0,74868.0,74868.0,False,592043.75,18633.787482338554,82111.01857120624
2019-01-14 04:26:00,597834.0,676646.7572168253,676647.0,0.0,78813.0,78813.0,False,595302.75,18459.726475389998,81344.00721682527
2019-01-14 04:27:00,566671.0,673024.111640023,673025.0,0.0,106354.0,106354.0,False,591722.1875,18450.176391571993,81301.92414002298
2019-01-14 04:28:00,584909.0,669667.6448425263,669668.0,0.0,84759.0,84759.0,False,587333.75,18684.36570127799,82333.89484252634
2019-01-14 04:29:00,589918.0,665424.2119450157,665425.0,0.0,75507.0,75507.0,False,583237.5,18650.964887587324,82186.71194501572
2019-01-14 04:30:00,648537.0,697143.7223978363,697144.0,0.0,48607.0,48607.0,False,616021.1875,18409.466861064502,81122.53489783623
2019-01-14 04:31:00,615342.0,692995.5348565314,692996.0,0.0,77654.0,77654.0,False,615329.8125,17624.998328316997,77665.72235653138
2019-01-14 04:32:00,611144.0,679549.0870155711,679550.0,0.0,68406.0,68406.0,False,602062.8125,17584.275499751446,77486.27451557112
2019-01-14 04:33:00,595225.0,688826.4956901872,688827.0,0.0,93602.0,93602.0,False,611560.9375,17534.187446130232,77265.55819018718
2019-01-14 04:34:00,581029.0,673269.2009488648,673270.0,0.0,92241.0,92241.0,False,595421.25,17666.352204104103,77847.95094886479
2019-01-14 04:35:00,607635.0,680921.3529220383,680922.0,0.0,73287.0,73287.0,False,602946.9375,17695.051301474778,77974.41542203825
2019-01-14 04:36:00,592691.0,679151.4080977703,679152.0,0.0,86461.0,86461.0,False,601176.1875,17695.234023279198,77975.22059777025
2019-01-14 04:37:00,591771.0,670385.1454169272,670386.0,0.0,78615.0,78615.0,False,592606.6875,17650.581867660083,77778.45791692716
2019-01-14 04:38:00,587780.0,663874.9334400453,663875.0,0.0,76095.0,76095.0,False,586571.8125,17542.71171376554,77303.12094004531
2019-01-14 04:39:00,606984.0,668651.718400812,668652.0,0.0,61668.0,61668.0,False,591781.4375,17444.485562814487,76870.28090081202
2019-01-14 04:40:00,678532.0,714928.5453175349,714929.0,0.0,36397.0,36397.0,False,637595.5,17549.502574485414,77333.04531753498
2019-01-14 04:41:00,668562.0,710528.9386820693,710529.0,0.0,41967.0,41967.0,False,630029.125,18268.150202262095,80499.81368206926
2019-01-14 04:42:00,623387.0,719085.1626792998,719086.0,0.0,95699.0,95699.0,False,637492.1875,18516.225787947413,81592.97517929986
2019-01-14 04:43:00,615886.0,697030.156291029,697031.0,0.0,81145.0,81145.0,False,615002.1875,18614.94065786594,82027.96879102892
2019-01-14 04:44:00,647792.0,688472.0144994723,688473.0,0.0,40681.0,40681.0,False,606591.8125,18581.407338724064,81880.20199947232
2019-01-14 04:45:00,665412.0,719005.8066049267,719006.0,0.0,53594.0,53594.0,False,634330.5625,19215.697614298475,84675.24410492675
2019-01-14 04:46:00,661926.0,750126.5456873054,750127.0,0.0,88201.0,88201.0,False,664278.3125,19481.888798630123,85848.23318730542
2019-01-14 04:47:00,645203.0,747104.402190359,747105.0,0.0,101902.0,101902.0,False,661204.4375,19493.62843906834,85899.96469035896
2019-01-14 04:48:00,618127.0,724528.3623535392,724529.0,0.0,106402.0,106402.0,False,637990.625,19638.36078406342,86537.73735353918
2019-01-14 04:49:00,609602.0,709338.9639675771,709339.0,0.0,99737.0,99737.0,False,621889.625,19845.234246847318,87449.33896757704
2019-01-14 04:50:00,614106.0,717318.8844915992,717319.0,0.0,103213.0,103213.0,False,629674.0,19889.610188117502,87644.88449159916
2019-01-14 04:51:00,597144.0,721799.4193445694,721800.0,0.0,124656.0,124656.0,False,633900.6875,19947.216800610084,87898.73184456947
2019-01-14 04:52:00,600938.0,688414.342204718,688415.0,0.0,87477.0,87477.0,False,598281.5,20454.21255328119,90132.84220471808
2019-01-14 04:53:00,593225.0,688028.9221368035,688029.0,0.0,94804.0,94804.0,False,597966.8125,20438.160923895342,90062.10963680354
2019-01-14 04:54:00,586083.0,694004.7395875156,694005.0,0.0,107922.0,107922.0,False,603886.5,20450.898721954156,90118.23958751564
2019-01-14 04:55:00,595807.0,698438.6584597935,698439.0,0.0,102632.0,102632.0,False,607718.25,20587.551353839077,90720.4084597936
2019-01-14 04:56:00,600295.0,703131.0065160538,703132.0,0.0,102837.0,102837.0,False,612474.6875,20573.00727564726,90656.31901605376
2019-01-14 04:57:00,604990.0,723517.2779743335,723518.0,0.0,118528.0,118528.0,False,632649.1875,20621.065434187665,90868.09047433348
2019-01-14 04:58:00,593882.0,695016.850392166,695017.0,0.0,101135.0,101135.0,False,602964.4375,20889.82853843927,92052.4128921659
2019-01-14 04:59:00,594173.0,695191.3074603712,695192.0,0.0,101019.0,101019.0,False,603076.4375,20904.002175010308,92114.86996037111
2019-01-14 05:00:00,696965.0,722319.0780883385,722320.0,0.0,25355.0,25355.0,False,630302.5,20881.696400626228,92016.57808833855
2019-01-14 05:01:00,661256.0,739912.664365497,739913.0,0.0,78657.0,78657.0,False,654055.625,19483.88722047177,85857.03936549695
2019-01-14 05:02:00,637970.0,730730.3564315899,730731.0,0.0,92761.0,92761.0,False,646603.9375,19091.15048502316,84126.41893158994
2019-01-14 05:03:00,628963.0,731926.067616302,731927.0,0.0,102964.0,102964.0,False,647738.375,19105.055571563953,84187.69261630205
2019-01-14 05:04:00,592836.0,721433.9120525513,721434.0,0.0,128598.0,128598.0,False,636854.875,19193.864956520505,84579.03705255134
2019-01-14 05:05:00,607714.0,702016.5775905059,702017.0,0.0,94303.0,94303.0,False,614347.625,19895.07205971447,87668.95259050591
2019-01-14 05:06:00,592538.0,709194.8782588366,709195.0,0.0,116657.0,116657.0,False,622163.6875,19750.342172758224,87031.1907588366
2019-01-14 05:07:00,645079.0,688009.1511570413,688010.0,0.0,42931.0,42931.0,False,602948.6875,19303.117054381528,85060.4636570413
2019-01-14 05:08:00,652923.0,732720.1813293434,732721.0,0.0,79798.0,79798.0,False,645576.5625,19775.855932169885,87143.61882934335
2019-01-14 05:09:00,657840.0,729625.8272238451,729626.0,0.0,71786.0,71786.0,False,642367.125,19801.97227505792,87258.70222384509
2019-01-14 05:10:00,677156.0,752683.2619211354,752684.0,0.0,75528.0,75528.0,False,664967.125,19905.779791816025,87716.1369211354
2019-01-14 05:11:00,668398.0,743272.9830139142,743273.0,0.0,74875.0,74875.0,False,655283.25,19967.868066173705,87989.73301391417
2019-01-14 05:12:00,656794.0,739708.7649183504,739709.0,0.0,82915.0,82915.0,False,651394.125,20041.600511759654,88314.63991835035
2019-01-14 05:13:00,639662.0,713584.4035792418,713585.0,0.0,73923.0,73923.0,False,625298.75,20035.022523905667,88285.65357924179
2019-01-14 05:14:00,600651.0,718600.3988474039,718601.0,0.0,117950.0,117950.0,False,629939.875,20120.093358879203,88660.5238474039
2019-01-14 05:15:00,627013.0,695921.1973884172,695922.0,0.0,68909.0,68909.0,False,605878.0,20433.869090431617,90043.19738841719
2019-01-14 05:16:00,618807.0,716514.3448746694,716515.0,0.0,97708.0,97708.0,False,626091.125,20520.109139216227,90423.21987466946
2019-01-14 05:17:00,614652.0,729267.6639670221,729268.0,0.0,114616.0,114616.0,False,639166.0,20447.137148963844,90101.6639670221
2019-01-14 05:18:00,608849.0,721387.8614780513,721388.0,0.0,112539.0,112539.0,False,630316.0625,20667.29383364823,91071.79897805133
2019-01-14 05:19:00,597392.0,724039.0096288907,724040.0,0.0,126648.0,126648.0,False,632742.6875,20718.245785656676,91296.32212889065
2019-01-14 05:20:00,638884.0,731756.7129702836,731757.0,0.0,92873.0,92873.0,False,638455.625,21173.19545368415,93301.08797028361
2019-01-14 05:21:00,653698.0,722011.6205208488,722012.0,0.0,68314.0,68314.0,False,628790.1875,21155.119031962542,93221.43302084884
2019-01-14 05:22:00,646745.0,734960.8490812315,734961.0,0.0,88216.0,88216.0,False,640569.1875,21420.68375980748,94391.66158123147
2019-01-14 05:23:00,623909.0,738429.0901471089,738430.0,0.0,114521.0,114521.0,False,644013.9375,21426.014682951663,94415.1526471089
2019-01-14 05:24:00,600845.0,720118.3239165171,720119.0,0.0,119274.0,119274.0,False,625155.5,21550.29995211422,94962.82391651705
2019-01-14 05:25:00,618773.0,709362.4927283082,709363.0,0.0,90590.0,90590.0,False,613661.8125,21717.74468664148,95700.6802283082
2019-01-14 05:26:00,619560.0,712366.0820643187,712367.0,0.0,92807.0,92807.0,False,616719.1875,21705.53888710549,95646.89456431875
2019-01-14 05:27:00,628203.0,705389.2526383236,705390.0,0.0,77187.0,77187.0,False,609738.1875,21706.485332430828,95651.06513832358
2019-01-14 05:28:00,594132.0,718011.7564313654,718012.0,0.0,123880.0,123880.0,False,622709.1875,21627.3996704593,95302.56893136539
2019-01-14 05:29:00,606977.0,698735.5645029943,698736.0,0.0,91759.0,91759.0,False,602135.0,21921.959085938663,96600.56450299428
2019-01-14 05:30:00,691350.0,713832.7930216899,713833.0,0.0,22483.0,22483.0,False,617274.0,21912.479713754612,96558.79302168993
2019-01-14 05:31:00,672963.0,749707.8554945076,749708.0,0.0,76745.0,76745.0,False,645901.375,23557.226916467436,103806.48049450762
2019-01-14 05:32:00,652094.0,747904.3591040568,747905.0,0.0,95811.0,95811.0,False,642952.8125,23817.081426980727,104951.54660405684
2019-01-14 05:33:00,674332.0,747676.2745445903,747677.0,0.0,73345.0,73345.0,False,642723.0625,23817.459372176196,104953.21204459025
2019-01-14 05:34:00,648153.0,758919.3750473371,758920.0,0.0,110767.0,110767.0,False,652917.75,24055.37999996582,106001.62504733719
2019-01-14 05:35:00,652818.0,739011.9799233885,739012.0,0.0,86194.0,86194.0,False,633321.4375,23984.784754589815,105690.54242338851
2019-01-14 05:36:00,643219.0,751419.677899929,751420.0,0.0,108201.0,108201.0,False,645236.0625,24096.67981103916,106183.61539992894
2019-01-14 05:37:00,634244.0,739518.7513815649,739519.0,0.0,105275.0,105275.0,False,633465.75,24067.039040497504,106053.00138156484
2019-01-14 05:38:00,640978.0,731984.0290861091,731985.0,0.0,91007.0,91007.0,False,625938.25,24065.400055608527,106045.7790861091
2019-01-14 05:39:00,648013.0,741996.7222892378,741997.0,0.0,93984.0,93984.0,False,635674.5,24128.134436300323,106322.2222892378
2019-01-14 05:40:00,651590.0,772091.8854717481,772092.0,0.0,120502.0,120502.0,False,665875.3125,24104.159006887632,106216.57297174806
2019-01-14 05:41:00,637965.0,747430.7067187394,747431.0,0.0,109466.0,109466.0,False,643278.8125,23635.613058093917,104151.89421873934
2019-01-14 05:42:00,632759.0,739096.4165184008,739097.0,0.0,106338.0,106338.0,False,637184.125,23127.370906319968,101912.29151840077
2019-01-14 05:43:00,632653.0,760371.6281027651,760372.0,0.0,127719.0,127719.0,False,658746.5,23062.203744192793,101625.12810276511
2019-01-14 05:44:00,617595.0,736616.0103029384,736617.0,0.0,119022.0,119022.0,False,633920.5625,23305.095747948577,102695.44780293836
2019-01-14 05:45:00,640348.0,735573.1946985569,735574.0,0.0,95226.0,95226.0,False,635303.375,22754.63809446039,100269.81969855695
2019-01-14 05:46:00,659886.0,732803.9007001822,732804.0,0.0,72918.0,72918.0,False,634190.1875,22378.811109534206,98613.71320018223
2019-01-14 05:47:00,663086.0,745825.1841746019,745826.0,0.0,82740.0,82740.0,False,646009.625,22651.550905770197,99815.5591746019
2019-01-14 05:48:00,642775.0,751775.2572823695,751776.0,0.0,109001.0,109001.0,False,651799.75,22687.84858055496,99975.5072823695
2019-01-14 05:49:00,651533.0,741915.1947480221,741916.0,0.0,90383.0,90383.0,False,642427.0,22577.260764686696,99488.19474802214
2019-01-14 05:50:00,655981.0,761685.504022414,761686.0,0.0,105705.0,105705.0,False,662285.75,22557.190551036423,99399.75402241402
2019-01-14 05:51:00,644054.0,750401.0232335455,750402.0,0.0,106348.0,106348.0,False,651329.6875,22482.661252696485,99071.33573354548
2019-01-14 05:52:00,637252.0,737540.9010649258,737541.0,0.0,100289.0,100289.0,False,640638.375,21990.484451605484,96902.52606492581
2019-01-14 05:53:00,634154.0,729175.7219711089,729176.0,0.0,95022.0,95022.0,False,632256.6875,21994.2307713789,96919.03447110896
2019-01-14 05:54:00,634984.0,729289.2772729023,729290.0,0.0,94306.0,94306.0,False,632411.9375,21984.76882389557,96877.33977290227
2019-01-14 05:55:00,597586.0,732570.1121992008,732571.0,0.0,134985.0,134985.0,False,636259.3125,21856.20158021405,96310.79969920077
2019-01-14 05:56:00,612409.0,710650.4461667838,710651.0,0.0,98242.0,98242.0,False,612036.0625,22378.96326124765,98614.38366678382
2019-01-14 05:57:00,608468.0,730235.2026217392,730236.0,0.0,121768.0,121768.0,False,631885.4375,22318.91229831909,98349.76512173927
2019-01-14 05:58:00,623296.0,711502.0896314705,711503.0,0.0,88207.0,88207.0,False,613518.5625,22235.800421285094,97983.52713147055
2019-01-14 05:59:00,645371.0,719646.5912140335,719647.0,0.0,74276.0,74276.0,False,621694.0,22228.7800076899,97952.59121403353
2019-01-14 06:00:00,725785.0,741076.1632198055,741077.0,0.0,15292.0,15292.0,False,642467.625,22377.636730184822,98608.53821980541
2019-01-14 06:01:00,679964.0,784253.1661201561,784254.0,0.0,104290.0,104290.0,False,681715.875,23269.204608523472,102537.2911201561
2019-01-14 06:02:00,679141.0,768037.6805162656,768038.0,0.0,88897.0,88897.0,False,665528.0,23262.93882185917,102509.68051626554
2019-01-14 06:03:00,678464.0,777468.27755001,777469.0,0.0,99005.0,99005.0,False,674914.25,23273.002674636115,102554.02755000995
2019-01-14 06:04:00,647312.0,743779.3918544956,743780.0,0.0,96468.0,96468.0,False,641921.125,23115.11086956082,101858.26685449558
2019-01-14 06:05:00,670040.0,771832.3838930541,771833.0,0.0,101793.0,101793.0,False,673511.4375,22312.372346980348,98320.94639305412
2019-01-14 06:06:00,641744.0,790949.8939284458,790950.0,0.0,149206.0,149206.0,False,692715.5625,22292.716460701165,98234.33142844572
2019-01-14 06:07:00,634744.0,748799.283518592,748800.0,0.0,114056.0,114056.0,False,647558.0625,22975.08214779898,101241.22101859204
2019-01-14 06:08:00,722325.0,751052.9817916398,751053.0,0.0,28728.0,28728.0,False,651974.125,22484.36803700645,99078.85679163985
2019-01-14 06:09:00,733797.0,807724.1265572589,807725.0,0.0,73928.0,73928.0,False,701436.375,24120.311852861076,106287.75155725895
2019-01-14 06:10:00,749241.0,821931.67751405,821932.0,0.0,72691.0,72691.0,False,714584.5,24360.731695114016,107347.17751405
2019-01-14 06:11:00,698603.0,822473.6055221453,822474.0,0.0,123871.0,123871.0,False,713787.9375,24664.4807912642,108685.66802214527
2019-01-14 06:12:00,659782.0,787954.7833037141,787955.0,0.0,128173.0,128173.0,False,678888.4375,24750.86954888083,109066.34580371415
2019-01-14 06:13:00,640003.0,758771.0166599923,758772.0,0.0,118769.0,118769.0,False,648986.875,24913.761882630057,109784.14165999228
2019-01-14 06:14:00,656923.0,740811.6381056459,740812.0,0.0,83889.0,83889.0,False,631030.125,24913.16537409895,109781.51310564594
2019-01-14 06:15:00,651325.0,764890.5401549242,764891.0,0.0,113566.0,113566.0,False,655862.3125,24742.21924230648,109028.22765492415
2019-01-14 06:16:00,643850.0,760456.1297712568,760457.0,0.0,116607.0,116607.0,False,651820.0,24653.238874462237,108636.12977125683
2019-01-14 06:17:00,648529.0,758204.9124236335,758205.0,0.0,109676.0,109676.0,False,649547.1875,24658.13955024287,108657.72492363349
2019-01-14 06:18:00,660405.0,761157.7656596515,761158.0,0.0,100753.0,100753.0,False,653618.4375,24404.337222813425,107539.32815965154
2019-01-14 06:19:00,632829.0,760585.4853076735,760586.0,0.0,127757.0,127757.0,False,653977.375,24193.012167352426,106608.11030767347
2019-01-14 06:20:00,647027.0,757623.6545668129,757624.0,0.0,110597.0,110597.0,False,652411.5625,23876.208068775755,105212.09206681294
2019-01-14 06:21:00,628865.0,784727.522015835,784728.0,0.0,155863.0,155863.0,False,679399.875,23902.431423449445,105327.64701583506
2019-01-14 06:22:00,630520.0,756285.3281791701,756286.0,0.0,125766.0,125766.0,False,647284.0,24736.11483484316,109001.32817917013
2019-01-14 06:23:00,624091.0,744181.9149997449,744182.0,0.0,120091.0,120091.0,False,634651.625,24856.154292669555,109530.28999974487
2019-01-14 06:24:00,628580.0,739061.2105795732,739062.0,0.0,110482.0,110482.0,False,630031.5625,24742.541585050552,109029.64807957319
2019-01-14 06:25:00,647373.0,736168.54550524,736169.0,0.0,88796.0,88796.0,False,628197.8125,24502.237679432103,107970.73300523998
2019-01-14 06:26:00,642270.0,738159.6545871173,738160.0,0.0,95890.0,95890.0,False,629802.375,24589.958267777736,108357.27958711724
2019-01-14 06:27:00,633911.0,746902.2018408682,746903.0,0.0,112992.0,112992.0,False,638415.625,24619.300219568984,108486.57684086826
2019-01-14 06:28:00,621964.0,755076.8085582866,755077.0,0.0,133113.0,133113.0,False,646860.3125,24558.009688855058,108216.4960582866
2019-01-14 06:29:00,611218.0,735013.6412452161,735014.0,0.0,123796.0,123796.0,False,627123.6875,24483.90611333467,107889.95374521609
2019-01-14 06:30:00,666612.0,752203.2496508796,752204.0,0.0,85592.0,85592.0,False,643799.6875,24600.461358255645,108403.56215087966
2019-01-14 06:31:00,618273.0,744148.5482739804,744149.0,0.0,125876.0,125876.0,False,643079.625,22935.981919685328,101068.92327398044
2019-01-14 06:32:00,673224.0,722987.4033803563,722988.0,0.0,49764.0,49764.0,False,621893.0,22941.76422388149,101094.40338035632
2019-01-14 06:33:00,663554.0,764453.2605389345,764454.0,0.0,100900.0,100900.0,False,659510.5,23815.087569479707,104942.76053893456
2019-01-14 06:34:00,658450.0,754169.3330862292,754170.0,0.0,95720.0,95720.0,False,650639.0625,23494.545478325093,103530.27058622922
2019-01-14 06:35:00,666154.0,760372.954579953,760373.0,0.0,94219.0,94219.0,False,656829.875,23497.45227537943,103543.07957995299
2019-01-14 06:36:00,631392.0,755161.3827887423,755162.0,0.0,123770.0,123770.0,False,652038.625,23402.06694137796,103122.75778874232
2019-01-14 06:37:00,619589.0,737818.6050684399,737819.0,0.0,118230.0,118230.0,False,633978.6875,23564.8149276811,103839.91756843979
2019-01-14 06:38:00,596116.0,722343.5476880114,722344.0,0.0,126228.0,126228.0,False,618149.625,23645.150749602937,104193.9226880114
2019-01-14 06:39:00,619545.0,711722.7991437584,711723.0,0.0,92178.0,92178.0,False,607097.125,23743.129863874954,104625.67414375841
2019-01-14 06:40:00,674905.0,745693.5706005507,745694.0,0.0,70789.0,70789.0,False,641063.6875,23744.085019562397,104629.88310055071
2019-01-14 06:41:00,657413.0,754923.6220015651,754924.0,0.0,97511.0,97511.0,False,648900.1875,24060.32930813737,106023.4345015651
2019-01-14 06:42:00,642517.0,753952.0738732633,753953.0,0.0,111436.0,111436.0,False,647897.875,24067.310792160202,106054.19887326338
2019-01-14 06:43:00,641231.0,753708.5362685373,753709.0,0.0,112478.0,112478.0,False,647637.1875,24071.202687662633,106071.34876853724
2019-01-14 06:44:00,654724.0,750067.5316674318,750068.0,0.0,95344.0,95344.0,False,645045.5625,23833.062705775283,105021.96916743185
2019-01-14 06:45:00,669955.0,765910.4327767979,765911.0,0.0,95956.0,95956.0,False,661276.875,23744.91892879222,104633.5577767979
2019-01-14 06:46:00,652813.0,757017.7307178329,757018.0,0.0,104205.0,104205.0,False,652326.875,23757.921783646536,104690.85571783289
2019-01-14 06:47:00,638826.0,749461.5606210642,749462.0,0.0,110636.0,110636.0,False,645671.5,23553.50068778879,103790.06062106413
2019-01-14 06:48:00,655473.0,739071.5206904849,739072.0,0.0,83599.0,83599.0,False,635576.0,23486.659543116893,103495.52069048496
2019-01-14 06:49:00,657186.0,751577.2236396519,751578.0,0.0,94392.0,94392.0,False,647700.5625,23573.15329577373,103876.66113965184
2019-01-14 06:50:00,668879.0,782794.5508625448,782795.0,0.0,113916.0,113916.0,False,678908.625,23575.25577702989,103885.92586254481
2019-01-14 06:51:00,645687.0,765315.1720254677,765316.0,0.0,119629.0,119629.0,False,661317.9375,23600.515504724655,103997.2345254677
2019-01-14 06:52:00,629315.0,749928.196938244,749929.0,0.0,120614.0,120614.0,False,645599.125,23675.820718762418,104329.07193824404
2019-01-14 06:53:00,617971.0,744105.7594580988,744106.0,0.0,126135.0,126135.0,False,639338.0,23775.373862279186,104767.75945809878
2019-01-14 06:54:00,637702.0,737318.2712366988,737319.0,0.0,99617.0,99617.0,False,631792.5,23947.392558884367,105525.77123669883
2019-01-14 06:55:00,649616.0,769922.6586202793,769923.0,0.0,120307.0,120307.0,False,664360.5,23955.65009586874,105562.15862027927
2019-01-14 06:56:00,610571.0,746068.833409083,746069.0,0.0,135498.0,135498.0,False,642552.8125,23491.3117411208,103516.02090908292
2019-01-14 06:57:00,678967.0,727819.896478591,727820.0,0.0,48853.0,48853.0,False,622633.5,23870.376864407663,105186.39647859102
2019-01-14 06:58:00,625666.0,769793.2090667544,769794.0,0.0,144128.0,144128.0,False,660936.0625,24703.3951149887,108857.14656675447
2019-01-14 06:59:00,593984.0,746162.990540097,746163.0,0.0,152179.0,152179.0,False,635410.875,25133.428133081998,110752.11554009703
2019-01-14 07:00:00,732733.0,743476.5156779082,743477.0,0.0,10744.0,10744.0,False,630934.75,25539.560719377845,112541.76567790816
2019-01-14 07:01:00,687551.0,797017.0204002094,797018.0,0.0,109467.0,109467.0,False,679670.5625,26629.909071478312,117346.45790020937
2019-01-14 07:02:00,684670.0,786417.0894502554,786418.0,0.0,101748.0,101748.0,False,669001.3125,26645.6399255039,117415.77695025543
2019-01-14 07:03:00,673223.0,793296.2681896413,793297.0,0.0,120074.0,120074.0,False,675800.6875,26663.750112734404,117495.58068964128
2019-01-14 07:04:00,682269.0,785306.1754344978,785307.0,0.0,103038.0,103038.0,False,667810.0625,26663.87089722493,117496.11293449778
2019-01-14 07:05:00,667838.0,818338.8597663967,818339.0,0.0,150501.0,150501.0,False,700608.625,26717.00111697487,117730.23476639666
2019-01-14 07:06:00,731007.0,801617.0574414588,801618.0,0.0,70611.0,70611.0,False,682406.5625,27052.922580386705,119210.49494145875
2019-01-14 07:07:00,732876.0,852688.345010512,852689.0,0.0,119813.0,119813.0,False,734059.0,26921.039862365804,118629.3450105121
2019-01-14 07:08:00,723653.0,850854.4808669852,850855.0,0.0,127202.0,127202.0,False,732507.375,26856.99018534083,118347.1058669852
2019-01-14 07:09:00,705345.0,831278.3683539912,831279.0,0.0,125934.0,125934.0,False,719486.1875,25369.454385880803,111792.18085399116
2019-01-14 07:10:00,694661.0,822841.7250573062,822842.0,0.0,128181.0,128181.0,False,712245.25,25098.108005157177,110596.47505730623
2019-01-14 07:11:00,650565.0,798570.5089451453,798571.0,0.0,148006.0,148006.0,False,689371.5,24780.975335256186,109199.00894514531
2019-01-14 07:12:00,626170.0,766615.1346527383,766616.0,0.0,140446.0,140446.0,False,655623.5625,25187.768996328366,110991.5721527383
2019-01-14 07:13:00,662314.0,750480.4699679363,750481.0,0.0,88167.0,88167.0,False,638802.625,25343.507678125574,111677.8449679363
2019-01-14 07:14:00,638352.0,771030.1178595602,771031.0,0.0,132679.0,132679.0,False,658550.75,25525.400528617956,112479.36785956023
2019-01-14 07:15:00,671440.0,760312.0063158155,760313.0,0.0,88873.0,88873.0,False,648396.1875,25397.51205153242,111915.81881581552
2019-01-14 07:16:00,662209.0,775618.7226096231,775619.0,0.0,113410.0,113410.0,False,662844.875,25592.22801628048,112773.84760962313
2019-01-14 07:17:00,656046.0,773708.8679075206,773709.0,0.0,117663.0,117663.0,False,660999.1875,25577.6662920671,112709.68040752067
2019-01-14 07:18:00,659270.0,781561.6779639338,781562.0,0.0,122292.0,122292.0,False,668832.125,25582.176052137984,112729.55296393375
2019-01-14 07:19:00,650664.0,775845.9291720735,775846.0,0.0,125182.0,125182.0,False,663116.75,25582.09122603051,112729.1791720735
2019-01-14 07:20:00,700867.0,805417.1779736633,805418.0,0.0,104551.0,104551.0,False,693071.625,25495.033372185557,112345.55297366336
2019-01-14 07:21:00,677473.0,785499.3341223717,785500.0,0.0,108027.0,108027.0,False,673059.5625,25516.4147934303,112439.77162237179
2019-01-14 07:22:00,692621.0,782693.1073923006,782694.0,0.0,90073.0,90073.0,False,673845.6875,24701.187801185555,108847.41989230065
2019-01-14 07:23:00,660290.0,804359.5523891874,804360.0,0.0,144070.0,144070.0,False,695410.625,24724.22331039936,108948.9273891874
2019-01-14 07:24:00,650556.0,772248.802765004,772249.0,0.0,121693.0,121693.0,False,661636.3125,25101.742401391904,110612.49026500396
2019-01-14 07:25:00,653108.0,776603.7486470809,776604.0,0.0,123496.0,123496.0,False,665819.0625,25140.81951342618,110784.6861470809
2019-01-14 07:26:00,649248.0,762880.9290052988,762881.0,0.0,113633.0,113633.0,False,652443.9375,25061.915753900925,110436.99150529875
2019-01-14 07:27:00,641227.0,758365.3829028166,758366.0,0.0,117139.0,117139.0,False,648182.375,25004.27822175235,110183.00790281665
2019-01-14 07:28:00,646478.0,754715.4986846258,754716.0,0.0,108238.0,108238.0,False,644498.75,25011.935154630053,110216.74868462581
2019-01-14 07:29:00,650106.0,760526.8926409355,760527.0,0.0,110421.0,110421.0,False,651151.4375,24821.01698827222,109375.45514093549
2019-01-14 07:30:00,683820.0,783105.9817835356,783106.0,0.0,99286.0,99286.0,False,674082.1875,24741.21315930175,109023.79428353555
2019-01-14 07:31:00,691831.0,784237.7299911627,784238.0,0.0,92407.0,92407.0,False,675866.0,24593.237556753822,108371.72999116263
2019-01-14 07:32:00,681811.0,807921.033854732,807922.0,0.0,126111.0,126111.0,False,700058.9375,24477.584322384766,107862.09635473212
2019-01-14 07:33:00,669725.0,792820.0836717499,792821.0,0.0,123096.0,123096.0,False,688573.125,23657.18642114978,104246.9586717499
2019-01-14 07:34:00,654064.0,774582.3690887899,774583.0,0.0,120519.0,120519.0,False,669899.5,23756.109345427194,104682.86908878988
2019-01-14 07:35:00,664397.0,771557.2101390515,771558.0,0.0,107161.0,107161.0,False,666701.3125,23795.375418240015,104855.89763905149
2019-01-14 07:36:00,657164.0,768799.7095550237,768800.0,0.0,111636.0,111636.0,False,664139.5,23750.967125247793,104660.2095550237
2019-01-14 07:37:00,648269.0,758521.4559716646,758522.0,0.0,110253.0,110253.0,False,654365.125,23636.619908484525,104156.33097166465
2019-01-14 07:38:00,634011.0,756046.3535084241,756047.0,0.0,122036.0,122036.0,False,652109.4375,23586.82717826863,103936.91600842416
2019-01-14 07:39:00,642360.0,747456.7760840425,747457.0,0.0,105097.0,105097.0,False,643745.9375,23535.52250864224,103710.8385840425
2019-01-14 07:40:00,674563.0,765905.6916634492,765906.0,0.0,91343.0,91343.0,False,662508.25,23464.4020705138,103397.4416634491
2019-01-14 07:41:00,679018.0,783031.0773795067,783032.0,0.0,104014.0,104014.0,False,681350.125,23074.872174413944,101680.95237950665
2019-01-14 07:42:00,719074.0,785316.9324275616,785317.0,0.0,66243.0,66243.0,False,683821.75,23032.714643483487,101495.18242756167
2019-01-14 07:43:00,685398.0,800075.5309210452,800076.0,0.0,114678.0,114678.0,False,696404.4375,23526.502977114935,103671.09342104523
2019-01-14 07:44:00,657208.0,785498.1745190353,785499.0,0.0,128291.0,128291.0,False,681727.0625,23549.200604445075,103771.11201903525
2019-01-14 07:45:00,683871.0,768592.5117885853,768593.0,0.0,84722.0,84722.0,False,664251.4375,23678.544460952446,104341.07428858535
2019-01-14 07:46:00,670640.0,777739.6725012265,777740.0,0.0,107100.0,107100.0,False,672843.375,23804.54352331514,104896.29750122658
2019-01-14 07:47:00,666924.0,778452.2783906972,778453.0,0.0,111529.0,111529.0,False,673567.0,23802.042911735592,104885.27839069726
2019-01-14 07:48:00,666366.0,777331.0685073604,777332.0,0.0,110966.0,110966.0,False,672448.625,23801.399580127298,104882.44350736041
2019-01-14 07:49:00,653233.0,771222.701209439,771223.0,0.0,117990.0,117990.0,False,667090.8125,23631.073126483454,104131.888709439
2019-01-14 07:50:00,671816.0,770810.1349989487,770811.0,0.0,98995.0,98995.0,False,666725.1875,23620.420566624118,104084.94749894865
2019-01-14 07:51:00,685568.0,769375.3270820411,769376.0,0.0,83808.0,83808.0,False,665270.0625,23625.03120494273,104105.26458204104
2019-01-14 07:52:00,680803.0,813728.8371813197,813729.0,0.0,132926.0,132926.0,False,709087.75,23746.627607190934,104641.08718131977
2019-01-14 07:53:00,613708.0,796601.7448783268,796602.0,0.0,182894.0,182894.0,False,691220.6875,23914.55205428979,105381.05737832683
2019-01-14 07:54:00,670584.0,742734.5459540718,742735.0,0.0,72151.0,72151.0,False,629604.1875,25673.132472542267,113130.35845407177
2019-01-14 07:55:00,673500.0,797178.7629150966,797179.0,0.0,123679.0,123679.0,False,681423.75,26268.755986807853,115755.01291509661
2019-01-14 07:56:00,645388.0,786621.1964750846,786622.0,0.0,141234.0,141234.0,False,671031.5,26231.240054547812,115589.69647508461
2019-01-14 07:57:00,637624.0,767346.3356266883,767347.0,0.0,129723.0,129723.0,False,652223.4375,26125.307606351704,115122.89812668828
2019-01-14 07:58:00,640301.0,757325.6218711525,757326.0,0.0,117025.0,117025.0,False,647085.375,25017.267693692145,110240.24687115251
2019-01-14 07:59:00,666048.0,759501.5976511266,759502.0,0.0,93454.0,93454.0,False,650740.875,24681.513243550624,108760.7226511266
2019-01-14 08:00:00,777449.0,777341.43611206,777342.0,107.0,0.0,1070.0,False,670336.5,24283.065461479266,107004.93611206002
2019-01-14 08:01:00,728456.0,827331.196889163,827332.0,0.0,98876.0,98876.0,False,718625.125,24669.111123812025,108706.07188916295
2019-01-14 08:02:00,728894.0,818538.3635469353,818539.0,0.0,89645.0,89645.0,False,709768.3125,24683.630174360576,108770.05104693527
2019-01-14 08:03:00,706179.0,827738.311638298,827739.0,0.0,121560.0,121560.0,False,718767.6875,24729.147041940138,108970.624138298
2019-01-14 08:04:00,665804.0,795583.2890850978,795584.0,0.0,129780.0,129780.0,False,686452.0,24765.607391922687,109131.28908509784
2019-01-14 08:05:00,685641.0,794226.7646197097,794227.0,0.0,108586.0,108586.0,False,685038.9375,24778.437798120995,109187.82711970965
2019-01-14 08:06:00,714086.0,819302.3420711516,819303.0,0.0,105217.0,105217.0,False,711460.0,24473.10140244893,107842.34207115164
2019-01-14 08:07:00,745982.0,828164.0417623356,828165.0,0.0,82183.0,82183.0,False,724297.25,23570.913597829483,103866.7917623356
2019-01-14 08:08:00,692925.0,859548.9763990641,859549.0,0.0,166624.0,166624.0,False,754751.9375,23782.01836492989,104797.03889906403
2019-01-14 08:09:00,732017.0,808686.0718313406,808687.0,0.0,76670.0,76670.0,False,698743.5,24949.71508592802,109942.57183134051
2019-01-14 08:10:00,752072.0,853945.1701483265,853946.0,0.0,101874.0,101874.0,False,742240.4375,25349.609408819015,111704.73264832658
2019-01-14 08:11:00,688850.0,846184.483153321,846185.0,0.0,157335.0,157335.0,False,734586.1875,25325.45522854328,111598.29565332098
2019-01-14 08:12:00,680890.0,800936.9852323416,800937.0,0.0,120047.0,120047.0,False,688539.625,25506.79020415585,112397.36023234151
2019-01-14 08:13:00,677754.0,790180.2388619274,790181.0,0.0,112427.0,112427.0,False,678811.5,25273.36097200636,111368.73886192737
2019-01-14 08:14:00,702301.0,783888.1234654264,783889.0,0.0,81588.0,81588.0,False,673486.875,25053.804440455504,110401.24846542643
2019-01-14 08:15:00,677834.0,813048.544616145,813049.0,0.0,135215.0,135215.0,False,701735.9375,25260.622766584936,111312.60711614494
2019-01-14 08:16:00,661203.0,786023.5981901645,786024.0,0.0,124821.0,124821.0,False,674931.6875,25210.539228816335,111091.91069016459
2019-01-14 08:17:00,641663.0,789934.4044377113,789935.0,0.0,148272.0,148272.0,False,678665.75,25250.648406462962,111268.65443771133
2019-01-14 08:18:00,673638.0,768998.2878244868,768999.0,0.0,95361.0,95361.0,False,656058.9375,25629.786220650414,112939.35032448686
2019-01-14 08:19:00,654752.0,791806.8476224601,791807.0,0.0,137055.0,137055.0,False,678326.6875,25752.514388186904,113480.16012246006
2019-01-14 08:20:00,668647.0,788062.3598482673,788063.0,0.0,119416.0,119416.0,False,674101.5625,25861.587349132173,113960.79734826733
2019-01-14 08:21:00,670467.0,782997.8325978791,782998.0,0.0,112531.0,112531.0,False,669195.25,25825.683032189027,113802.58259787911
2019-01-14 08:22:00,665844.0,781682.7443965325,781683.0,0.0,115839.0,115839.0,False,667933.875,25813.493676895385,113748.86939653258
2019-01-14 08:23:00,651876.0,786393.3428515488,786394.0,0.0,134518.0,134518.0,False,673341.8125,25655.243690554067,113051.53035154878
2019-01-14 08:24:00,641749.0,781492.6062757715,781493.0,0.0,139744.0,139744.0,False,669417.25,25433.716536338725,112075.35627577148
2019-01-14 08:25:00,666666.0,776487.8582116456,776488.0,0.0,109822.0,109822.0,False,663652.4375,25606.201050809595,112835.42071164567
2019-01-14 08:26:00,653309.0,773688.5102820956,773689.0,0.0,120380.0,120380.0,False,660915.75,25591.98126462129,112772.76028209568
2019-01-14 08:27:00,618999.0,762079.9643167896,762080.0,0.0,143081.0,143081.0,False,649281.4375,25597.828569160905,112798.52681678966
2019-01-14 08:28:00,639577.0,758191.9275972655,758192.0,0.0,118615.0,118615.0,False,644392.4375,25824.981238444077,113799.49009726541
2019-01-14 08:29:00,625300.0,757101.7206716639,757102.0,0.0,131802.0,131802.0,False,643349.1875,25814.32511229062,113752.53317166383
2019-01-14 08:30:00,652429.0,761348.8561295975,761349.0,0.0,108920.0,108920.0,False,647330.5,25874.649397535813,114018.35612959752
2019-01-14 08:31:00,681190.0,771353.6025011995,771354.0,0.0,90164.0,90164.0,False,657488.6875,25839.82837805059,113864.91500119948
2019-01-14 08:32:00,671928.0,776389.0317523108,776390.0,0.0,104462.0,104462.0,False,661996.875,25959.477493516206,114392.15675231085
2019-01-14 08:33:00,668624.0,788956.7164600522,788957.0,0.0,120333.0,120333.0,False,674585.0625,25954.824711460995,114371.65396005215
2019-01-14 08:34:00,647810.0,777426.8255394233,777427.0,0.0,129617.0,129617.0,False,663378.1875,25881.521394523195,114048.63803942325
2019-01-14 08:35:00,688472.0,783132.4687020597,783133.0,0.0,94661.0,94661.0,False,669093.125,25879.412192734733,114039.34370205965
2019-01-14 08:36:00,689046.0,785577.258070518,785578.0,0.0,96532.0,96532.0,False,670813.875,26043.72139210242,114763.38307051803
2019-01-14 08:37:00,670848.0,780336.3095697351,780337.0,0.0,109489.0,109489.0,False,664970.0,26180.545955350754,115366.3095697351
2019-01-14 08:38:00,652432.0,779664.6806467513,779665.0,0.0,127233.0,127233.0,False,664215.875,26199.267125712486,115448.80564675131
2019-01-14 08:39:00,646200.0,768199.4621715194,768200.0,0.0,122000.0,122000.0,False,652972.625,26148.894916632365,115226.83717151938
2019-01-14 08:40:00,680669.0,768898.6536606,768899.0,0.0,88230.0,88230.0,False,653646.5,26154.64009049008,115252.15366059991
2019-01-14 08:41:00,659747.0,785897.8548314556,785898.0,0.0,126151.0,126151.0,False,669730.375,26362.358782104617,116167.47983145562
2019-01-14 08:42:00,667818.0,768623.1152781188,768624.0,0.0,100806.0,100806.0,False,652372.6875,26381.18249708359,116250.42777811878
2019-01-14 08:43:00,675868.0,776879.2100489432,776880.0,0.0,101012.0,101012.0,False,662174.3125,26030.44903476496,114704.89754894315
2019-01-14 08:44:00,656799.0,781180.0510567308,781181.0,0.0,124382.0,124382.0,False,666210.875,26090.42283165549,114969.17605673078
2019-01-14 08:45:00,681395.0,794769.5475987133,794770.0,0.0,113375.0,113375.0,False,680433.375,25946.772781789732,114336.17259871335
2019-01-14 08:46:00,668001.0,789928.3466405788,789929.0,0.0,121928.0,121928.0,False,676251.125,25797.2343601647,113677.22164057885
2019-01-14 08:47:00,667945.0,782462.6800496617,782463.0,0.0,114518.0,114518.0,False,668736.0625,25808.443974761638,113726.61754966162
2019-01-14 08:48:00,678172.0,778027.42675313,778028.0,0.0,99856.0,99856.0,False,664323.4375,25803.30884337496,113703.98925313003
2019-01-14 08:49:00,667031.0,779543.1024424926,779544.0,0.0,112513.0,112513.0,False,665497.75,25880.77578064551,114045.35244249264
2019-01-14 08:50:00,678839.0,804226.4412940127,804227.0,0.0,125388.0,125388.0,False,690369.625,25837.990505482136,113856.81629401271
2019-01-14 08:51:00,647672.0,780581.5142370493,780582.0,0.0,132910.0,132910.0,False,666660.4375,25852.57338924002,113921.07673704933
2019-01-14 08:52:00,659282.0,763613.5011616724,763614.0,0.0,104332.0,104332.0,False,650025.5,25776.987193926292,113588.00116167235
2019-01-14 08:53:00,652899.0,781217.8952610126,781218.0,0.0,128319.0,128319.0,False,668399.875,25602.252295760198,112818.02026101256
2019-01-14 08:54:00,656942.0,760497.1144957158,760498.0,0.0,103556.0,103556.0,False,655989.5,23716.338107663112,104507.6144957158
2019-01-14 08:55:00,689883.0,776488.8981490163,776489.0,0.0,86606.0,86606.0,False,674782.125,23080.731786680914,101706.7731490163
2019-01-14 08:56:00,675873.0,768274.3043869627,768275.0,0.0,92402.0,92402.0,False,666197.6875,23164.66193070403,102076.61688696266
2019-01-14 08:57:00,673108.0,770678.5021037147,770679.0,0.0,97571.0,97571.0,False,669388.9375,22986.05295423868,101289.56460371475
2019-01-14 08:58:00,655842.0,772641.2767583153,772642.0,0.0,116800.0,116800.0,False,671639.1875,22920.815004621243,101002.08925831533
2019-01-14 08:59:00,649430.0,759012.2573339891,759013.0,0.0,109583.0,109583.0,False,657697.8125,22991.699126110754,101314.44483398912
2019-01-14 09:00:00,740629.0,787090.3236987499,787091.0,0.0,46462.0,46462.0,False,686096.375,22918.967634322238,100993.94869874991
2019-01-14 09:01:00,714909.0,772550.4674673314,772551.0,0.0,57642.0,57642.0,False,686511.375,19525.201271486036,86039.09246733141
2019-01-14 09:02:00,718401.0,773849.9726355022,773850.0,0.0,55449.0,55449.0,False,686372.9375,19851.519450906086,87477.03513550224
2019-01-14 09:03:00,701506.0,791532.1488499164,791533.0,0.0,90027.0,90027.0,False,702777.4375,20141.46771199101,88754.71134991644
2019-01-14 09:04:00,669117.0,775315.8788922257,775316.0,0.0,106199.0,106199.0,False,686798.625,20087.580525110367,88517.25389222566
2019-01-14 09:05:00,687572.0,769479.3547795374,769480.0,0.0,81908.0,81908.0,False,681158.625,20042.982508733166,88320.72977953745
2019-01-14 09:06:00,719695.0,784932.8569796564,784933.0,0.0,65238.0,65238.0,False,696516.375,20064.711945038176,88416.48197965638
2019-01-14 09:07:00,775031.0,804858.8661559701,804859.0,0.0,29828.0,29828.0,False,715419.625,20296.810845632324,89439.24115597016
2019-01-14 09:08:00,765094.0,866678.4185948436,866679.0,0.0,101585.0,101585.0,False,771787.9375,21533.88290129215,94890.48109484362
2019-01-14 09:09:00,770168.0,822779.8768213982,822780.0,0.0,52612.0,52612.0,False,734665.875,19996.06889219721,88114.00182139811
2019-01-14 09:10:00,786559.0,845643.6868494039,845644.0,0.0,59085.0,59085.0,True,757256.5625,20058.04969857445,88387.12434940395
2019-01-14 09:11:00,691588.0,829965.263414935,829966.0,0.0,138378.0,138378.0,False,740274.75,20353.83308156643,89690.51341493496
2019-01-14 09:12:00,670145.0,757157.507746466,757158.0,0.0,87013.0,87013.0,False,666952.125,20470.674473524097,90205.38274646591
2019-01-14 09:13:00,688286.0,751679.8181927743,751680.0,0.0,63394.0,63394.0,False,661613.875,20439.030888347177,90065.9431927743
2019-01-14 09:14:00,680151.0,767630.0535760161,767631.0,0.0,87480.0,87480.0,False,676461.625,20689.222381415766,91168.42857601613
2019-01-14 09:15:00,696329.0,770989.9059867312,770990.0,0.0,74661.0,74661.0,False,681129.0,20392.500961062622,89860.90598673123
2019-01-14 09:16:00,687818.0,774223.5033192136,774224.0,0.0,86406.0,86406.0,False,685234.875,20194.551441437332,88988.6283192136
2019-01-14 09:17:00,676535.0,771261.1784192942,771262.0,0.0,94727.0,94727.0,False,682739.3125,20088.62715117534,88521.86591929421
2019-01-14 09:18:00,662186.0,759279.6728796811,759280.0,0.0,97094.0,97094.0,False,673534.1875,19458.571820654906,85745.48537968112
2019-01-14 09:19:00,663260.0,751562.5737313593,751563.0,0.0,88303.0,88303.0,False,665864.3125,19447.855052562456,85698.26123135934
2019-01-14 09:20:00,676233.0,765995.4759408981,765996.0,0.0,89763.0,89763.0,False,681550.1875,19163.512839971827,84445.28844089812
2019-01-14 09:21:00,674960.0,759898.3575223341,759899.0,0.0,84939.0,84939.0,False,675457.375,19162.535680355075,84440.9825223341
2019-01-14 09:22:00,682510.0,751148.3859968414,751149.0,0.0,68639.0,68639.0,False,666691.1875,19166.21563741864,84457.19849684139
2019-01-14 09:23:00,692175.0,760825.0203288617,760826.0,0.0,68651.0,68651.0,False,676097.125,19227.645970737845,84727.89532886169
2019-01-14 09:24:00,674646.0,762512.4156072518,762513.0,0.0,87867.0,87867.0,False,678659.4375,19029.097446364372,83852.97810725185
2019-01-14 09:25:00,692021.0,767524.7715086443,767525.0,0.0,75504.0,75504.0,False,685492.5,18615.91709107839,82032.27150864428
2019-01-14 09:26:00,678080.0,776128.0345270624,776129.0,0.0,98049.0,98049.0,False,694086.625,18617.990818772625,82041.4095270624
2019-01-14 09:27:00,672678.0,763121.2907827217,763122.0,0.0,90444.0,90444.0,False,680555.4375,18737.004973747702,82565.8532827217
2019-01-14 09:28:00,652276.0,748784.4654508382,748785.0,0.0,96509.0,96509.0,False,668287.9375,18267.40455790706,80496.52795083818
2019-01-14 09:29:00,626011.0,732683.9533005232,732684.0,0.0,106673.0,106673.0,False,651528.625,18416.90880134397,81155.32830052327
2019-01-14 09:30:00,703216.0,726728.0268015349,726729.0,0.0,23513.0,23513.0,False,644804.6875,18591.19666216912,81923.33930153496
2019-01-14 09:31:00,688930.0,757157.4797452709,757158.0,0.0,68228.0,68228.0,False,669683.75,19850.769345254146,87473.72974527092
2019-01-14 09:32:00,675681.0,752194.6220921502,752195.0,0.0,76514.0,76514.0,False,664994.25,19788.735180978052,87200.37209215012
2019-01-14 09:33:00,680449.0,757169.583699138,757170.0,0.0,76721.0,76721.0,False,669954.0,19792.18721283455,87215.58369913802
2019-01-14 09:34:00,647808.0,754277.9051220631,754278.0,0.0,106470.0,106470.0,False,667231.0625,19753.894113753966,87046.84262206311
2019-01-14 09:35:00,675448.0,754425.736955482,754426.0,0.0,78978.0,78978.0,False,667055.1875,19827.354222341946,87370.5494554821
2019-01-14 09:36:00,673288.0,742841.2563665984,742842.0,0.0,69554.0,69554.0,False,655832.6875,19745.20849472391,87008.56886659845
2019-01-14 09:37:00,651606.0,746496.8808416867,746497.0,0.0,94891.0,94891.0,False,659525.6875,19736.726714807348,86971.19334168674
2019-01-14 09:38:00,662221.0,735113.8795982616,735114.0,0.0,72893.0,72893.0,False,647844.875,19804.3102347956,87269.00459826153
2019-01-14 09:39:00,666745.0,739828.5320860544,739829.0,0.0,73084.0,73084.0,False,652909.125,19724.974649143696,86919.40708605445
2019-01-14 09:40:00,686699.0,775050.7208446454,775051.0,0.0,88352.0,88352.0,False,688265.75,19694.466485977162,86784.97084464539
2019-01-14 09:41:00,654241.0,759953.6083755326,759954.0,0.0,105713.0,105713.0,False,673973.25,19511.872505096442,85980.35837553261
2019-01-14 09:42:00,667669.0,741950.3263514024,741951.0,0.0,74282.0,74282.0,False,655248.125,19675.683268158813,86702.20135140247
2019-01-14 09:43:00,685617.0,761697.7947502272,761698.0,0.0,76081.0,76081.0,False,675098.875,19652.245154241544,86598.91975022724
2019-01-14 09:44:00,650930.0,756537.6269364378,756538.0,0.0,105608.0,105608.0,False,670026.1875,19632.392890752366,86511.43943643782
2019-01-14 09:45:00,687839.0,754520.9231737048,754521.0,0.0,66682.0,66682.0,False,667328.0,19787.04476761211,87192.92317370478
2019-01-14 09:46:00,700489.0,758901.2473101029,758902.0,0.0,58413.0,58413.0,False,671272.375,19885.97647863099,87628.87231010295
2019-01-14 09:47:00,675243.0,764771.6242467822,764772.0,0.0,89529.0,89529.0,False,676413.125,20051.55368758596,88358.49924678216
2019-01-14 09:48:00,680024.0,753490.9928109653,753491.0,0.0,73467.0,73467.0,False,665123.5,20053.594633692985,88367.49281096525
2019-01-14 09:49:00,661041.0,756866.6639832101,756867.0,0.0,95826.0,95826.0,False,668465.0,20061.34923682315,88401.66398321012
2019-01-14 09:50:00,636701.0,769076.7400964312,769077.0,0.0,132376.0,132376.0,False,680400.625,20123.63154444813,88676.11509643118
2019-01-14 09:51:00,644088.0,732189.4649221217,732190.0,0.0,88102.0,88102.0,False,639752.875,20977.01139472774,92436.58992212174
2019-01-14 09:52:00,656196.0,735720.3892817204,735721.0,0.0,79525.0,79525.0,False,644297.625,20746.939817780938,91422.76428172035
2019-01-14 09:53:00,627141.0,758367.8187927086,758368.0,0.0,131227.0,131227.0,False,666895.125,20758.270524829048,91472.6937927086
2019-01-14 09:54:00,622829.0,728492.4359987446,728493.0,0.0,105664.0,105664.0,False,634256.875,21385.259219586886,94235.5609987446
2019-01-14 09:55:00,650976.0,728881.083644629,728882.0,0.0,77906.0,77906.0,False,634221.75,21481.427670077974,94659.33364462898
2019-01-14 09:56:00,653012.0,761973.4913912741,761974.0,0.0,108962.0,108962.0,False,667250.5,21495.873781491904,94722.99139127416
2019-01-14 09:57:00,649299.0,748591.1433182659,748592.0,0.0,99293.0,99293.0,False,653317.5625,21620.82128002635,95273.58081826595
2019-01-14 09:58:00,649663.0,749803.0573948004,749804.0,0.0,100141.0,100141.0,False,654414.875,21646.828282002956,95388.18239480033
2019-01-14 09:59:00,649473.0,749884.4904007241,749885.0,0.0,100412.0,100412.0,False,655041.8125,21523.034727981194,94842.67790072413
2019-01-14 10:00:00,744728.0,757093.919923763,757094.0,0.0,12366.0,12366.0,False,662355.125,21499.46014141035,94738.79492376297
2019-01-14 10:01:00,710968.0,790598.4594101746,790599.0,0.0,79631.0,79631.0,False,689971.0,22835.798729141232,100627.45941017466
2019-01-14 10:02:00,647593.0,787326.6537467714,787327.0,0.0,139734.0,139734.0,False,687174.375,22727.96404810029,100152.27874677141
2019-01-14 10:03:00,669281.0,758837.5945731503,758838.0,0.0,89557.0,89557.0,False,656874.0625,23138.999133862315,101963.5320731503
2019-01-14 10:04:00,667491.0,766379.1796938438,766380.0,0.0,98889.0,98889.0,False,664331.9375,23157.99581209463,102047.24219384386
2019-01-14 10:05:00,672615.0,784587.4157535986,784588.0,0.0,111973.0,111973.0,False,683282.3125,22989.579203269994,101305.10325359854
2019-01-14 10:06:00,745045.0,799183.3338704597,799184.0,0.0,54139.0,54139.0,False,697546.75,23064.803448159233,101636.5838704597
2019-01-14 10:07:00,831890.0,847842.1460742378,847843.0,0.0,15953.0,15953.0,True,743808.4375,23608.792708993074,104033.70857423777
2019-01-14 10:08:00,813099.0,938806.7484644747,938807.0,0.0,125708.0,125708.0,True,828799.125,24964.47751767341,110007.62346447473
2019-01-14 10:09:00,646409.0,866940.9105567883,866941.0,0.0,220532.0,220532.0,False,756515.0,25059.401109176746,110425.91055678828
2019-01-14 10:10:00,666122.0,767361.8317516975,767362.0,0.0,101240.0,101240.0,False,640778.0,28726.183898397834,126583.8317516975
2019-01-14 10:11:00,673414.0,783100.5334358355,783101.0,0.0,109687.0,109687.0,False,656772.375,28668.16291271799,126328.15843583549
2019-01-14 10:12:00,667635.0,788104.3612398243,788105.0,0.0,120470.0,120470.0,False,664931.75,27952.061750363384,123172.61123982431
2019-01-14 10:13:00,684217.0,778605.1669904703,778606.0,0.0,94389.0,94389.0,False,655432.3125,27952.11695222203,123172.85449047021
2019-01-14 10:14:00,652581.0,797010.951451356,797011.0,0.0,144430.0,144430.0,False,673701.75,27983.058722732487,123309.20145135609
2019-01-14 10:15:00,690042.0,785242.6112670177,785243.0,0.0,95201.0,95201.0,False,661175.375,28155.082647231746,124067.23626701761
2019-01-14 10:16:00,683727.0,802134.7007277393,802135.0,0.0,118408.0,118408.0,False,677386.125,28309.701782828117,124748.57572773921
2019-01-14 10:17:00,689709.0,788110.7546919428,788111.0,0.0,98402.0,98402.0,False,663348.0625,28312.905289477392,124762.69219194278
2019-01-14 10:18:00,683678.0,806235.2028542652,806236.0,0.0,122558.0,122558.0,False,680902.625,28442.231761194926,125332.57785426517
2019-01-14 10:19:00,659764.0,794275.0851804614,794276.0,0.0,134512.0,134512.0,False,669234.3125,28376.011226003408,125040.77268046142
2019-01-14 10:20:00,686419.0,788435.3639600896,788436.0,0.0,102017.0,102017.0,False,663220.5,28415.518468314694,125214.86396008957
2019-01-14 10:21:00,671644.0,794356.0878937759,794357.0,0.0,122713.0,122713.0,False,668773.6875,28498.92500639569,125582.40039377594
2019-01-14 10:22:00,682660.0,788442.388206917,788443.0,0.0,105783.0,105783.0,False,662886.25,28492.965221493898,125556.13820691698
2019-01-14 10:23:00,669696.0,805888.1685114676,805889.0,0.0,136193.0,136193.0,False,680194.25,28524.23226651322,125693.91851146761
2019-01-14 10:24:00,639658.0,784933.8695530827,784934.0,0.0,145276.0,145276.0,False,659151.375,28544.333187975437,125782.4945530827
2019-01-14 10:25:00,634712.0,784717.1587731338,784718.0,0.0,150006.0,150006.0,False,658319.3125,28683.977457134995,126397.84627313376
2019-01-14 10:26:00,654334.0,767161.4325047494,767162.0,0.0,112828.0,112828.0,False,639849.1875,28891.485681189835,127312.24500474936
2019-01-14 10:27:00,649003.0,782373.5329855899,782374.0,0.0,133371.0,133371.0,False,655380.875,28818.960498811706,126992.65798558995
2019-01-14 10:28:00,594801.0,776575.5024380223,776576.0,0.0,181775.0,181775.0,False,649623.9375,28809.635086355487,126951.56493802232
2019-01-14 10:29:00,612645.0,743755.2681235687,743756.0,0.0,131111.0,131111.0,False,613027.9375,29666.48495366732,130727.3306235687
2019-01-14 10:30:00,692248.0,761154.7072556447,761155.0,0.0,68907.0,68907.0,False,631436.125,29437.565582818814,129718.58225564475
2019-01-14 10:31:00,667742.0,789460.2585509185,789461.0,0.0,121719.0,121719.0,False,659405.625,29513.827070354317,130054.6335509185
2019-01-14 10:32:00,640824.0,784492.6218389976,784493.0,0.0,143669.0,143669.0,False,654721.5625,29449.474420827457,129771.05933899757
2019-01-14 10:33:00,607017.0,773114.7498154327,773115.0,0.0,166098.0,166098.0,False,643057.875,29514.33568962827,130056.8748154327
2019-01-14 10:34:00,631999.0,748692.0428248432,748693.0,0.0,116694.0,116694.0,False,616882.0,29912.18923811228,131810.04282484326
2019-01-14 10:35:00,635537.0,760058.0594320729,760059.0,0.0,124522.0,124522.0,False,628632.0625,29825.036141318804,131425.9969320729
2019-01-14 10:36:00,605726.0,767280.5974805073,767281.0,0.0,161555.0,161555.0,False,635872.9375,29820.87486230299,131407.6599805073
2019-01-14 10:37:00,623147.0,743028.7142202763,743029.0,0.0,119882.0,119882.0,False,610618.875,30048.30347417527,132409.8392202764
2019-01-14 10:38:00,657828.0,756532.718496461,756533.0,0.0,98705.0,98705.0,False,624108.125,30051.651722092116,132424.59349646108
2019-01-14 10:39:00,645716.0,781198.7795917066,781199.0,0.0,135483.0,135483.0,False,647751.9375,30283.634754447336,133446.84209170658
2019-01-14 10:40:00,670169.0,793418.6294748088,793419.0,0.0,123250.0,123250.0,False,660107.75,30252.780204681658,133310.8794748088
2019-01-14 10:41:00,646106.0,798136.1851354435,798137.0,0.0,152031.0,152031.0,False,664771.3125,30265.033092275462,133364.87263544346
2019-01-14 10:42:00,647548.0,784336.5863006825,784337.0,0.0,136789.0,136789.0,False,651027.75,30252.316538865274,133308.83630068245
2019-01-14 10:43:00,639604.0,772475.4035073866,772476.0,0.0,132872.0,132872.0,False,639249.75,30233.43952918454,133225.65350738654
2019-01-14 10:44:00,619499.0,772603.1109174385,772604.0,0.0,153105.0,153105.0,False,639459.875,30214.736170212505,133143.23591743858
2019-01-14 10:45:00,635215.0,770675.3043576507,770676.0,0.0,135461.0,135461.0,False,637486.8125,30225.00628483171,133188.4918576507
2019-01-14 10:46:00,638273.0,764554.1054315278,764555.0,0.0,126282.0,126282.0,False,631770.875,30133.038660747072,132783.2304315278
2019-01-14 10:47:00,641732.0,767264.5296312172,767265.0,0.0,125533.0,125533.0,False,635393.9375,29925.92993852994,131870.59213121724
2019-01-14 10:48:00,639966.0,772116.7946583071,772117.0,0.0,132151.0,132151.0,False,640222.625,29931.280482668804,131894.16965830713
2019-01-14 10:49:00,615677.0,770554.9260967255,770555.0,0.0,154878.0,154878.0,False,638887.125,29879.90974409324,131667.8010967255
2019-01-14 10:50:00,640985.0,784466.3645597462,784467.0,0.0,143482.0,143482.0,False,652167.625,30023.09117624374,132298.73955974623
2019-01-14 10:51:00,615854.0,768758.4961113486,768759.0,0.0,152905.0,152905.0,False,638751.625,29502.98814563911,130006.87111134866
2019-01-14 10:52:00,604547.0,762498.5710940551,762499.0,0.0,157952.0,157952.0,False,631785.375,29663.27734738375,130713.19609405509
2019-01-14 10:53:00,600439.0,755967.6096297449,755968.0,0.0,155529.0,155529.0,False,624454.25,29844.861713703987,131513.35962974495
2019-01-14 10:54:00,608249.0,737306.9360800912,737307.0,0.0,129058.0,129058.0,False,607050.6875,29559.580389119834,130256.24858009121
2019-01-14 10:55:00,643444.0,746541.2629345566,746542.0,0.0,103098.0,103098.0,False,616466.125,29518.480213547726,130075.13793455658
2019-01-14 10:56:00,633786.0,755458.2519746738,755459.0,0.0,121673.0,121673.0,False,624849.5,29639.575418480716,130608.75197467383
2019-01-14 10:57:00,641155.0,756194.840509422,756195.0,0.0,115040.0,115040.0,False,625803.0,29590.35081724793,130391.84050942199
2019-01-14 10:58:00,629122.0,767237.8927105853,767238.0,0.0,138116.0,138116.0,False,636644.8125,29636.018961301383,130593.08021058525
2019-01-14 10:59:00,631012.0,759004.9357348338,759005.0,0.0,127993.0,127993.0,False,628358.625,29648.098780717588,130646.3107348338
2019-01-14 11:00:00,721881.0,788667.9517470269,788668.0,0.0,66787.0,66787.0,False,658085.1875,29633.677917724443,130582.76424702689
2019-01-14 11:01:00,680542.0,790726.9848427981,790727.0,0.0,110185.0,110185.0,False,663479.125,28876.874494461266,127247.85984279805
2019-01-14 11:02:00,666735.0,783424.213679617,783425.0,0.0,116690.0,116690.0,False,656353.0,28836.78746203173,127071.213679617
2019-01-14 11:03:00,654408.0,781161.8632417882,781162.0,0.0,126754.0,126754.0,False,656191.1875,28360.103842547105,124970.67574178817
2019-01-14 11:04:00,656911.0,774465.5877187398,774466.0,0.0,117555.0,117555.0,False,649614.125,28333.05034625312,124851.46271873974
2019-01-14 11:05:00,665745.0,797531.9852861573,797532.0,0.0,131787.0,131787.0,False,672645.75,28340.941426436395,124886.2352861574
2019-01-14 11:06:00,704589.0,813031.8042410867,813032.0,0.0,108443.0,108443.0,False,688251.375,28316.93043019617,124780.42924108669
2019-01-14 11:07:00,727628.0,838478.3560527144,838479.0,0.0,110851.0,110851.0,False,716154.3125,27759.492833047196,122324.04355271436
2019-01-14 11:08:00,716151.0,840832.6652055929,840833.0,0.0,124682.0,124682.0,False,728846.9375,25413.376760287774,111985.72770559289
2019-01-14 11:09:00,707636.0,823208.0601428056,823209.0,0.0,115573.0,115573.0,False,711348.375,25384.773408757406,111859.68514280554
2019-01-14 11:10:00,729727.0,807102.5079723452,807103.0,0.0,77376.0,77376.0,False,714856.5,20933.761857553553,92246.0079723452
2019-01-14 11:11:00,709399.0,786977.1488934779,786978.0,0.0,77579.0,77579.0,False,695398.0625,20782.41463054012,91579.08639347782
2019-01-14 11:12:00,629363.0,781242.7546797472,781243.0,0.0,151880.0,151880.0,False,689788.875,20754.00096163654,91453.87967974722
2019-01-14 11:13:00,636344.0,730893.8003527417,730894.0,0.0,94550.0,94550.0,False,632919.8125,22233.635633956186,97973.98785274177
2019-01-14 11:14:00,631246.0,732823.6129280269,732824.0,0.0,101578.0,101578.0,False,636154.8125,21937.444141998676,96668.80042802698
2019-01-14 11:15:00,669564.0,740541.4095973618,740542.0,0.0,70978.0,70978.0,False,644611.75,21769.707906377764,95929.65959736185
2019-01-14 11:16:00,659571.0,755305.6881180247,755306.0,0.0,95735.0,95735.0,False,659723.375,21690.88315677253,95582.31311802474
2019-01-14 11:17:00,641418.0,747477.9932802469,747478.0,0.0,106060.0,106060.0,False,651951.25,21678.272467420495,95526.7432802469
2019-01-14 11:18:00,654700.0,740812.7088385219,740813.0,0.0,86113.0,86113.0,False,646254.3125,21458.521556577394,94558.39633852184
2019-01-14 11:19:00,627644.0,740844.082959167,740845.0,0.0,113201.0,113201.0,False,646175.8125,21483.455737757155,94668.2704591669
2019-01-14 11:20:00,646752.0,755538.5753460863,755539.0,0.0,108787.0,108787.0,False,660440.125,21581.078209521776,95098.45034608628
2019-01-14 11:21:00,633629.0,747307.3878536939,747308.0,0.0,113679.0,113679.0,False,652866.5625,21431.840694696817,94440.82535369396
2019-01-14 11:22:00,623825.0,727462.2218955613,727463.0,0.0,103638.0,103638.0,False,632475.5,21555.72321771872,94986.72189556129
2019-01-14 11:23:00,622366.0,721633.11360562,721634.0,0.0,99268.0,99268.0,False,627320.875,21402.659980849297,94312.23860562002
2019-01-14 11:24:00,599977.0,717150.2851686466,717151.0,0.0,117174.0,117174.0,False,622955.25,21376.06252809855,94195.03516864656
2019-01-14 11:25:00,630374.0,720781.9212369679,720782.0,0.0,90408.0,90408.0,False,626351.5,21429.47964616291,94430.42123696787
2019-01-14 11:26:00,619149.0,722802.8789791188,722803.0,0.0,103654.0,103654.0,False,629175.25,21247.298733229112,93627.6289791188
2019-01-14 11:27:00,617099.0,712283.9216641749,712284.0,0.0,95185.0,95185.0,False,618957.875,21178.85943162401,93326.04666417486
2019-01-14 11:28:00,612139.0,729858.1172959721,729859.0,0.0,117720.0,117720.0,False,636573.25,21169.514430074887,93284.86729597207
2019-01-14 11:29:00,618739.0,701911.733092658,701912.0,0.0,83173.0,83173.0,False,612770.25,20229.239397007543,89141.48309265793
2019-01-14 11:30:00,691799.0,741405.2772310401,741406.0,0.0,49607.0,49607.0,False,652178.8125,20248.524625921615,89226.46473104006
2019-01-14 11:31:00,660837.0,732013.3580048406,732014.0,0.0,71177.0,71177.0,False,646815.875,19334.211412389595,85197.48300484056
2019-01-14 11:32:00,641571.0,727978.9185474953,727979.0,0.0,86408.0,86408.0,False,642515.6875,19394.518696805757,85463.23104749522
2019-01-14 11:33:00,641490.0,724946.1594949361,724947.0,0.0,83457.0,83457.0,False,639798.875,19322.819660323104,85147.28449493607
2019-01-14 11:34:00,631144.0,718247.5615909665,718248.0,0.0,87104.0,87104.0,False,635516.0,18774.609834259976,82731.56159096648
2019-01-14 11:35:00,643329.0,726443.293279984,726444.0,0.0,83115.0,83115.0,False,644154.3125,18674.17317034919,82288.98077998399
2019-01-14 11:36:00,640689.0,735321.1563322231,735322.0,0.0,94633.0,94633.0,False,653144.25,18648.739659985833,82176.90633222312
2019-01-14 11:37:00,623986.0,724846.4402356886,724847.0,0.0,100861.0,100861.0,False,644127.5,18317.877482509368,80718.94023568855
2019-01-14 11:38:00,614496.0,703817.6201285311,703818.0,0.0,89322.0,89322.0,False,622690.9375,18410.408122464585,81126.68262853113
2019-01-14 11:39:00,608629.0,698907.9642230978,698908.0,0.0,90279.0,90279.0,False,620169.0,17868.553471180127,78738.9642230978
2019-01-14 11:40:00,644785.0,729215.6916849132,729216.0,0.0,84431.0,84431.0,False,650279.625,17913.282734677556,78936.0666849132
2019-01-14 11:41:00,621814.0,721653.9476811967,721654.0,0.0,99840.0,99840.0,False,642988.0,17851.983530286023,78665.94768119675
2019-01-14 11:42:00,618576.0,705388.2553672744,705389.0,0.0,86813.0,86813.0,False,626538.5625,17893.681572861202,78849.6928672744
2019-01-14 11:43:00,612963.0,704991.6190004303,704992.0,0.0,92029.0,92029.0,False,626076.3125,17908.571541557805,78915.3065004303
2019-01-14 11:44:00,625762.0,697441.5631642246,697442.0,0.0,71680.0,71680.0,False,618301.4375,17959.590668990357,79140.12566422466
2019-01-14 11:45:00,652460.0,722905.1682412345,722906.0,0.0,70446.0,70446.0,False,644222.0,17855.891462030788,78683.16824123445
2019-01-14 11:46:00,649213.0,714896.0235874463,714897.0,0.0,65684.0,65684.0,False,636003.3125,17903.443872568354,78892.7110874463
2019-01-14 11:47:00,652162.0,718732.4124278387,718733.0,0.0,66571.0,66571.0,False,639521.625,17975.626230468253,79210.7874278387
2019-01-14 11:48:00,636488.0,727230.4859292659,727231.0,0.0,90743.0,90743.0,False,647734.1875,18040.418403516873,79496.2984292659
2019-01-14 11:49:00,611346.0,718882.3489199434,718883.0,0.0,107537.0,107537.0,False,639203.125,18081.930429280277,79679.22391994341
2019-01-14 11:50:00,637409.0,716343.9040990112,716344.0,0.0,78935.0,78935.0,False,636217.75,18183.354112984438,80126.15409901118
2019-01-14 11:51:00,634353.0,710740.4667070458,710741.0,0.0,76388.0,76388.0,False,630778.0,18146.207867224795,79962.46670704584
2019-01-14 11:52:00,618924.0,705239.2057561207,705240.0,0.0,86316.0,86316.0,False,626166.8125,17944.21987807535,79072.39325612069
2019-01-14 11:53:00,632806.0,697489.7481226956,697490.0,0.0,64684.0,64684.0,False,619756.75,17640.265491618928,77732.99812269554
2019-01-14 11:54:00,636917.0,704447.107763862,704448.0,0.0,67531.0,67531.0,False,627481.0625,17466.217759302912,76966.04526386196
2019-01-14 11:55:00,641165.0,718256.5244133745,718257.0,0.0,77092.0,77092.0,False,641101.0,17509.21703352686,77155.52441337451
2019-01-14 11:56:00,630171.0,713757.9383387476,713758.0,0.0,83587.0,83587.0,False,638180.5625,17151.081357379426,75577.3758387476
2019-01-14 11:57:00,624934.0,718558.2180478803,718559.0,0.0,93625.0,93625.0,False,643063.9375,17132.224204980786,75494.28054788028
2019-01-14 11:58:00,636242.0,717724.7529618473,717725.0,0.0,81483.0,81483.0,False,642189.1875,17141.59315845956,75535.5654618473
2019-01-14 11:59:00,630985.0,707625.632282872,707626.0,0.0,76641.0,76641.0,False,632126.3125,17133.367779077696,75499.31978287197
2019-01-14 12:00:00,741291.0,728623.0378430933,728624.0,12667.0,0.0,126670.0,False,653158.5625,17125.460388607138,75464.47534309326
2019-01-14 12:01:00,698946.0,759779.3594858462,759780.0,0.0,60834.0,60834.0,False,676649.25,18865.053929388134,83130.1094858463
2019-01-14 12:02:00,687885.0,763695.5161692372,763696.0,0.0,75811.0,75811.0,False,680145.75,18960.28832776632,83549.76616923719
2019-01-14 12:03:00,683916.0,765016.201475909,765017.0,0.0,81101.0,81101.0,False,681568.9375,18937.027088042494,83447.26397590894
2019-01-14 12:04:00,653657.0,749837.9269452407,749838.0,0.0,96181.0,96181.0,False,666371.1875,18941.446735526613,83466.73944524069
2019-01-14 12:05:00,667422.0,764096.5667347587,764097.0,0.0,96675.0,96675.0,False,680502.5,18970.341635320383,83594.06673475863
2019-01-14 12:06:00,727525.0,783859.7202651855,783860.0,0.0,56335.0,56335.0,False,700057.625,19017.550396016424,83802.09526518543
2019-01-14 12:07:00,742209.0,823903.0378252843,823904.0,0.0,81695.0,81695.0,False,739111.9375,19241.989337701907,84791.10032528423
2019-01-14 12:08:00,693795.0,829089.9658478325,829090.0,0.0,135295.0,135295.0,False,744571.25,19180.176020139395,84518.71584783251
2019-01-14 12:09:00,731649.0,771930.7527862017,771931.0,0.0,40282.0,40282.0,False,683127.5,20152.4834175999,88803.25278620167
2019-01-14 12:10:00,718279.0,821956.4709413605,821957.0,0.0,103678.0,103678.0,False,728715.625,21159.52448498845,93240.84594136044
2019-01-14 12:11:00,658340.0,785260.0969131346,785261.0,0.0,126921.0,126921.0,False,692325.625,21089.99778039499,92934.4719131346
2019-01-14 12:12:00,631281.0,745052.8147612511,745053.0,0.0,113772.0,113772.0,False,650771.8125,21395.571390148274,94281.00226125111
2019-01-14 12:13:00,653198.0,726602.3328391629,726603.0,0.0,73405.0,73405.0,False,637824.8125,20146.643848710544,88777.52033916287
2019-01-14 12:14:00,665613.0,741056.800151449,741057.0,0.0,75444.0,75444.0,False,651806.0625,20254.03297849532,89250.73765144902
2019-01-14 12:15:00,674893.0,754314.8955183421,754315.0,0.0,79422.0,79422.0,False,664679.0,20341.43842010014,89635.89551834218
2019-01-14 12:16:00,679167.0,754470.7228854458,754471.0,0.0,75304.0,75304.0,False,665840.25,20113.273771830944,88630.47288544578
2019-01-14 12:17:00,700858.0,769448.5751888016,769449.0,0.0,68591.0,68591.0,False,680434.875,20200.241102798464,89013.70018880161
2019-01-14 12:18:00,713195.0,778263.115060089,778264.0,0.0,65069.0,65069.0,False,688600.0625,20347.601278062037,89663.05256008908
2019-01-14 12:19:00,682285.0,788560.6427690196,788561.0,0.0,106276.0,106276.0,False,697913.625,20570.89650581916,90647.01776901964
2019-01-14 12:20:00,681529.0,786000.3011239001,786001.0,0.0,104472.0,104472.0,False,695527.4375,20531.374997186154,90472.86362390005
2019-01-14 12:21:00,657407.0,761886.2384935668,761887.0,0.0,104480.0,104480.0,False,671398.3125,20534.79316201024,90487.92599356675
2019-01-14 12:22:00,649693.0,741733.1935319854,741734.0,0.0,92041.0,92041.0,False,651553.1875,20464.915632471373,90180.00603198545
2019-01-14 12:23:00,634782.0,742020.302728333,742021.0,0.0,107239.0,107239.0,False,651965.25,20436.55947094775,90055.05272833307
2019-01-14 12:24:00,640529.0,729408.5215426444,729409.0,0.0,88880.0,88880.0,False,638876.0625,20544.899228003484,90532.45904264439
2019-01-14 12:25:00,634926.0,737397.8912024501,737398.0,0.0,102472.0,102472.0,False,647802.6875,20332.204060780325,89595.20370245013
2019-01-14 12:26:00,645115.0,731551.628501714,731552.0,0.0,86437.0,86437.0,False,641687.125,20393.3173597728,89864.50350171397
2019-01-14 12:27:00,620424.0,734150.2635564969,734151.0,0.0,113727.0,113727.0,False,644443.9375,20357.42150864392,89706.326056497
2019-01-14 12:28:00,635618.0,730418.857722194,730419.0,0.0,94801.0,94801.0,False,639692.625,20588.873077399454,90726.2327221941
2019-01-14 12:29:00,638888.0,740457.7782762538,740458.0,0.0,101570.0,101570.0,False,650763.5625,20354.673273482204,89694.21577625387
2019-01-14 12:30:00,714200.0,758788.2946186194,758789.0,0.0,44589.0,44589.0,False,668910.8125,20396.262650105797,89877.4821186194
2019-01-14 12:31:00,699087.0,762145.2483226595,762146.0,0.0,63059.0,63059.0,False,671401.125,20592.933064144283,90744.12332265948
2019-01-14 12:32:00,658264.0,766503.7873823425,766504.0,0.0,108240.0,108240.0,False,674746.875,20822.769405611714,91756.91238234247
2019-01-14 12:33:00,661807.0,746050.7010401014,746051.0,0.0,84244.0,84244.0,False,653820.75,20930.11799259784,92229.9510401014
2019-01-14 12:34:00,646959.0,746936.7965439388,746937.0,0.0,99978.0,99978.0,False,654597.0,20955.045679649033,92339.79654393886
2019-01-14 12:35:00,657896.0,741920.0412449273,741921.0,0.0,84025.0,84025.0,False,649512.8125,20970.348343342048,92407.22874492737
2019-01-14 12:36:00,672032.0,754512.4641321901,754513.0,0.0,82481.0,82481.0,False,661981.4375,20998.442301523984,92531.02663219007
2019-01-14 12:37:00,655989.0,765466.2943350725,765467.0,0.0,109478.0,109478.0,False,673045.875,20973.341737624658,92420.41933507247
2019-01-14 12:38:00,645853.0,743544.4314694925,743545.0,0.0,97692.0,97692.0,False,651329.625,20926.681173579545,92214.80646949253
2019-01-14 12:39:00,651286.0,738369.2066822032,738370.0,0.0,87084.0,87084.0,False,646224.0625,20910.872427330018,92145.14418220322
2019-01-14 12:40:00,686312.0,770153.1464280994,770154.0,0.0,83842.0,83842.0,False,678233.5625,20859.685121258673,91919.58392809934
2019-01-14 12:41:00,664652.0,777748.0171079256,777749.0,0.0,113097.0,113097.0,False,685808.5625,20864.194455468092,91939.45460792565
2019-01-14 12:42:00,666079.0,745715.4697343332,745716.0,0.0,79637.0,79637.0,False,653777.375,20863.885853821634,91938.09473433327
2019-01-14 12:43:00,672824.0,754517.2604345045,754518.0,0.0,81694.0,81694.0,False,662507.0625,20880.248526361393,92010.19793450447
2019-01-14 12:44:00,654228.0,754323.0625593743,754324.0,0.0,100096.0,100096.0,False,662553.875,20825.55506147251,91769.18755937429
2019-01-14 12:45:00,687398.0,753526.2591357986,753527.0,0.0,66129.0,66129.0,False,661644.75,20851.044653748795,91881.50913579852
2019-01-14 12:46:00,684646.0,763956.1726703412,763957.0,0.0,79311.0,79311.0,False,671129.75,21065.477726169956,92826.42267034126
2019-01-14 12:47:00,692190.0,762502.5222943934,762503.0,0.0,70313.0,70313.0,False,669663.6875,21068.294459975194,92838.8347943934
2019-01-14 12:48:00,688334.0,770482.5077571275,770483.0,0.0,82149.0,82149.0,False,677102.5,21191.105041968283,93380.00775712753
2019-01-14 12:49:00,665056.0,768304.8466050836,768305.0,0.0,103249.0,103249.0,False,675089.4375,21153.752000251887,93215.40910508359
2019-01-14 12:50:00,686171.0,775663.9353232161,775664.0,0.0,89493.0,89493.0,False,683781.375,20851.28320398583,91882.5603232161
2019-01-14 12:51:00,687858.0,763608.5263466617,763609.0,0.0,75751.0,75751.0,False,671729.375,20850.5095910682,91879.15134666173
2019-01-14 12:52:00,692230.0,763607.1668230853,763608.0,0.0,71378.0,71378.0,False,671412.875,20922.02570141418,92194.29182308527
2019-01-14 12:53:00,670490.0,775064.4329136931,775065.0,0.0,104575.0,104575.0,False,682502.875,21005.370889440586,92561.55791369318
2019-01-14 12:54:00,672584.0,757184.0524096689,757185.0,0.0,84601.0,84601.0,False,664398.625,21056.174504891682,92785.42740966886
2019-01-14 12:55:00,680513.0,768119.641248709,768120.0,0.0,87607.0,87607.0,False,675360.1875,21050.28019634595,92759.45374870907
2019-01-14 12:56:00,656299.0,766920.5379015019,766921.0,0.0,110622.0,110622.0,False,674166.0625,21049.15043976168,92754.4754015019
2019-01-14 12:57:00,652936.0,760594.6343862654,760595.0,0.0,107659.0,107659.0,False,667298.75,21172.014583194068,93295.88438626542
2019-01-14 12:58:00,663658.0,753602.1164415225,753603.0,0.0,89945.0,89945.0,False,660555.4375,21115.4613778194,93046.67894152254
2019-01-14 12:59:00,630999.0,749061.1797679882,749062.0,0.0,118063.0,118063.0,False,656150.8125,21084.527615211166,92910.36726798813
2019-01-14 13:00:00,740497.0,753964.6278429567,753965.0,0.0,13468.0,13468.0,False,659731.625,21384.678686887022,94233.00284295663
2019-01-14 13:01:00,705767.0,778326.7633366891,778327.0,0.0,72560.0,72560.0,False,686190.0,20908.970527963163,92136.76333668911
2019-01-14 13:02:00,697609.0,778752.0918740716,778753.0,0.0,81144.0,81144.0,False,686792.25,20868.821020712578,91959.84187407169
2019-01-14 13:03:00,681619.0,780758.8315259054,780759.0,0.0,99140.0,99140.0,False,688724.9375,20885.625976781695,92033.8940259054
2019-01-14 13:04:00,664706.0,766585.5610609706,766586.0,0.0,101880.0,101880.0,False,674393.4375,20921.533648871755,92192.1235609707
2019-01-14 13:05:00,721562.0,775566.7950405974,775567.0,0.0,54005.0,54005.0,False,683518.5625,20888.879874251656,92048.2325405975
2019-01-14 13:06:00,734820.0,824130.6950045897,824131.0,0.0,89311.0,89311.0,False,730355.3125,21280.82904184419,93775.38250458971
2019-01-14 13:07:00,734894.0,831644.5846270992,831645.0,0.0,96751.0,96751.0,False,738902.875,21046.253450643693,92741.70962709919
2019-01-14 13:08:00,744367.0,831372.6282188279,831373.0,0.0,87006.0,87006.0,False,738551.0625,21064.375518404333,92821.56571882787
2019-01-14 13:09:00,735943.0,828176.4015999748,828177.0,0.0,92234.0,92234.0,False,740563.75,19882.295446893728,87612.65159997485
2019-01-14 13:10:00,749838.0,816630.0072379818,816631.0,0.0,66793.0,66793.0,False,732777.375,19029.01895684388,83852.6322379818
2019-01-14 13:11:00,695986.0,800990.757522405,800991.0,0.0,105005.0,105005.0,False,717104.3125,19036.692229567703,83886.44502240498
2019-01-14 13:12:00,654488.0,764046.348664141,764047.0,0.0,109559.0,109559.0,False,681707.1875,18685.56080906607,82339.16116414103
2019-01-14 13:13:00,667640.0,739969.3862127837,739970.0,0.0,72330.0,72330.0,False,656822.3125,18868.903690419673,83147.0737127838
2019-01-14 13:14:00,658251.0,747830.551668465,747831.0,0.0,89580.0,89580.0,False,664857.875,18829.32705968325,82972.67666846502
2019-01-14 13:15:00,697754.0,751068.5822226113,751069.0,0.0,53315.0,53315.0,False,668138.75,18819.604195289055,82929.83222261128
2019-01-14 13:16:00,681562.0,767433.4317788653,767434.0,0.0,85872.0,85872.0,False,683236.6875,19107.109702172722,84196.74427886524
2019-01-14 13:17:00,678876.0,760490.537330323,760491.0,0.0,81615.0,81615.0,False,676451.6875,19071.278072630517,84038.84983032303
2019-01-14 13:18:00,650106.0,761432.4810880036,761433.0,0.0,111327.0,111327.0,False,677992.4375,18935.388536041697,83440.04358800364
2019-01-14 13:19:00,658611.0,740630.3643148474,740631.0,0.0,82020.0,82020.0,False,656405.5,19113.491096333997,84224.86431484736
2019-01-14 13:20:00,678510.0,775043.5758053155,775044.0,0.0,96534.0,96534.0,False,691413.625,18978.48495343278,83629.95080531552
2019-01-14 13:21:00,661968.0,760391.1151400456,760392.0,0.0,98424.0,98424.0,False,676827.0625,18963.530414706038,83564.05264004561
2019-01-14 13:22:00,658523.0,741695.0034443407,741696.0,0.0,83173.0,83173.0,False,658075.4375,18976.128274684845,83619.5659443407
2019-01-14 13:23:00,657521.0,742004.4001112,742005.0,0.0,84484.0,84484.0,False,658410.0,18970.41728979244,83594.4001112
2019-01-14 13:24:00,662778.0,741382.6904901438,741383.0,0.0,78605.0,78605.0,False,658504.3125,18807.92747699291,82878.37799014382
2019-01-14 13:25:00,663867.0,765862.7769276812,765863.0,0.0,101996.0,101996.0,False,682978.875,18809.18104661033,82883.90192768115
2019-01-14 13:26:00,660927.0,752333.3669525798,752334.0,0.0,91407.0,91407.0,False,669003.0,18910.4991709866,83330.36695257986
2019-01-14 13:27:00,649026.0,763845.2778929712,763846.0,0.0,114820.0,114820.0,False,680311.0,18956.773510225023,83534.27789297122
2019-01-14 13:28:00,664308.0,737177.9344239777,737178.0,0.0,72870.0,72870.0,False,652810.6875,19145.802561054366,84367.24692397779
2019-01-14 13:29:00,655699.0,745181.6470606518,745182.0,0.0,89483.0,89483.0,False,660721.6875,19166.842216861485,84459.95956065175
2019-01-14 13:30:00,741333.0,769973.7245705564,769974.0,0.0,28641.0,28641.0,False,685797.6875,19102.410531151672,84176.03707055644
2019-01-14 13:31:00,701742.0,773015.9117984497,773016.0,0.0,71274.0,71274.0,False,686972.6875,19526.138924730523,86043.22429844973
2019-01-14 13:32:00,678805.0,765177.0228696445,765178.0,0.0,86373.0,86373.0,False,680050.1875,19318.179057131052,85126.83536964444
2019-01-14 13:33:00,686187.0,759394.5266106542,759395.0,0.0,73208.0,73208.0,False,674927.6875,19168.403421130417,84466.83911065421
2019-01-14 13:34:00,673956.0,758290.1231571214,758291.0,0.0,84335.0,84335.0,False,673735.75,19188.26787839475,84554.37315712139
2019-01-14 13:35:00,662692.0,769787.1807442766,769788.0,0.0,107096.0,107096.0,False,685426.75,19144.255737665695,84360.43074427659
2019-01-14 13:36:00,656913.0,758049.363295674,758050.0,0.0,101137.0,101137.0,False,672537.1875,19405.625927623358,85512.17579567393
2019-01-14 13:37:00,658650.0,752519.1803134695,752520.0,0.0,93870.0,93870.0,False,666536.875,19512.31433164284,85982.30531346946
2019-01-14 13:38:00,677514.0,747443.6865466874,747444.0,0.0,69930.0,69930.0,False,661959.8125,19399.203296590746,85483.87404668734
2019-01-14 13:39:00,669498.0,753528.5256931367,753529.0,0.0,84031.0,84031.0,False,667817.25,19450.808477318085,85711.27569313679
2019-01-14 13:40:00,699706.0,782087.928610252,782088.0,0.0,82382.0,82382.0,False,696390.0,19447.77956950141,85697.92861025194
2019-01-14 13:41:00,684298.0,781166.1791283502,781167.0,0.0,96869.0,96869.0,False,695530.125,19433.73814161027,85636.05412835025
2019-01-14 13:42:00,691805.0,767366.5340291467,767367.0,0.0,75562.0,75562.0,False,682427.0,19275.67400196644,84939.53402914671
2019-01-14 13:43:00,703089.0,779567.2655717775,779568.0,0.0,76479.0,76479.0,False,694722.25,19254.224543922635,84845.01557177746
2019-01-14 13:44:00,675971.0,771836.0072332819,771837.0,0.0,95866.0,95866.0,False,687043.25,19242.365346574326,84792.7572332819
2019-01-14 13:45:00,703432.0,763327.0402034894,763328.0,0.0,59896.0,59896.0,False,678408.8125,19270.83887080819,84918.22770348933
2019-01-14 13:46:00,713309.0,770086.4522041769,770087.0,0.0,56778.0,56778.0,False,685232.625,19256.224203509882,84853.82720417695
2019-01-14 13:47:00,695968.0,774850.9501978591,774851.0,0.0,78883.0,78883.0,False,688979.75,19487.10079576775,85871.20019785904
2019-01-14 13:48:00,689171.0,771767.809276242,771768.0,0.0,82597.0,82597.0,False,686625.8125,19321.61969680875,85141.996776242
2019-01-14 13:49:00,675775.0,763569.3531568889,763570.0,0.0,87795.0,87795.0,False,678583.75,19286.128656539986,84985.60315688887
2019-01-14 13:50:00,705484.0,769776.5130042529,769777.0,0.0,64293.0,64293.0,False,685026.875,19232.58012451632,84749.6380042529
2019-01-14 13:51:00,693565.0,773847.5991176567,773848.0,0.0,80283.0,80283.0,False,688474.5625,19374.0505079202,85373.03661765675
2019-01-14 13:52:00,682709.0,765511.5053564642,765512.0,0.0,82803.0,82803.0,False,680482.125,19296.06319453077,85029.38035646414
2019-01-14 13:53:00,676072.0,769137.6780380225,769138.0,0.0,93066.0,93066.0,False,684772.875,19145.247960072506,84364.80303802254
2019-01-14 13:54:00,687431.0,754603.4784238259,754604.0,0.0,67173.0,67173.0,False,670396.3125,19109.47472846022,84207.16592382595
2019-01-14 13:55:00,686696.0,778188.6208484151,778189.0,0.0,91493.0,91493.0,False,693626.125,19190.111193774148,84562.49584841503
2019-01-14 13:56:00,689496.0,772664.5764483279,772665.0,0.0,83169.0,83169.0,False,687963.375,19221.588219834237,84701.20144832788
2019-01-14 13:57:00,677781.0,766594.2801834611,766595.0,0.0,88814.0,88814.0,False,682663.125,19046.838488302754,83931.15518346116
2019-01-14 13:58:00,665077.0,758268.8896794729,758269.0,0.0,93192.0,93192.0,False,674778.9375,18946.714495738248,83489.95217947286
2019-01-14 13:59:00,665301.0,751963.7413226421,751964.0,0.0,86663.0,86663.0,False,668192.0,19010.6620523514,83771.74132264209
2019-01-14 14:00:00,771019.0,778067.0058080603,778068.0,0.0,7049.0,7049.0,False,695725.375,18686.121255407495,82341.63080806029
2019-01-14 14:01:00,738118.0,788749.7238742999,788750.0,0.0,50632.0,50632.0,False,708046.4375,18314.325088062556,80703.28637429989
2019-01-14 14:02:00,704653.0,787184.4247683885,787185.0,0.0,82532.0,82532.0,False,705553.1875,18524.908759479298,81631.23726838849
2019-01-14 14:03:00,716192.0,781346.9917176701,781347.0,0.0,65155.0,65155.0,False,699823.625,18500.429256573785,81523.36671767014
2019-01-14 14:04:00,701489.0,782417.9484132718,782418.0,0.0,80929.0,80929.0,False,700718.125,18540.47329235476,81699.82341327184
2019-01-14 14:05:00,726021.0,789990.8686015646,789991.0,0.0,63970.0,63970.0,False,708601.375,18470.04888572324,81389.4936015646
2019-01-14 14:06:00,697961.0,809182.276747326,809183.0,0.0,111222.0,111222.0,False,729852.4375,18002.64314418233,79329.83924732606
2019-01-14 14:07:00,791135.0,801013.2451613345,801014.0,0.0,9879.0,9879.0,True,719320.0,18538.98046288147,81693.24516133453
2019-01-14 14:08:00,773341.0,884811.843102852,884812.0,0.0,111471.0,111471.0,False,794253.25,20550.829936603048,90558.593102852
2019-01-14 14:09:00,796844.0,845826.132217883,845827.0,0.0,48983.0,48983.0,True,754246.9375,20782.439213038062,91579.194717883
2019-01-14 14:10:00,794042.0,881968.9774064277,881969.0,0.0,87927.0,87927.0,True,787819.375,21365.752286542032,94149.60240642774
2019-01-14 14:11:00,751432.0,853572.4319611917,853573.0,0.0,102141.0,102141.0,False,759720.25,21298.257454960756,93852.18196119172
2019-01-14 14:12:00,704617.0,829239.9238545474,829240.0,0.0,124623.0,124623.0,False,736204.9375,21112.807931490228,93034.98635454745
2019-01-14 14:13:00,701282.0,775676.4611664336,775677.0,0.0,74395.0,74395.0,False,682138.875,21226.86495144096,93537.58616643367
2019-01-14 14:14:00,715127.0,784002.6617432982,784003.0,0.0,68876.0,68876.0,False,690143.3125,21299.883955446592,93859.34924329822
2019-01-14 14:15:00,725309.0,803243.4344116366,803244.0,0.0,77935.0,77935.0,False,708834.0,21424.717020513424,94409.43441163657
2019-01-14 14:16:00,725174.0,808585.9838370755,808586.0,0.0,83412.0,83412.0,False,715025.75,21232.004479473297,93560.23383707553
2019-01-14 14:17:00,720080.0,808072.1527095374,808073.0,0.0,87993.0,87993.0,False,714513.125,21231.730768044385,93559.02770953737
2019-01-14 14:18:00,715040.0,803162.9795192705,803163.0,0.0,88123.0,88123.0,False,709608.25,21230.755362241543,93554.7295192705
2019-01-14 14:19:00,681257.0,797911.0498837654,797912.0,0.0,116655.0,116655.0,False,706209.8125,20810.134851691717,91701.23738376544
2019-01-14 14:20:00,725500.0,791775.0916064506,791776.0,0.0,66276.0,66276.0,False,698541.625,21157.849862497293,93233.46660645059
2019-01-14 14:21:00,710066.0,823980.9822002297,823981.0,0.0,113915.0,113915.0,False,730447.0,21226.047088728898,93533.98220022967
2019-01-14 14:22:00,704335.0,788173.6713772157,788174.0,0.0,83839.0,83839.0,False,694205.875,21324.49430472308,93967.79637721562
2019-01-14 14:23:00,697944.0,790656.5847179306,790657.0,0.0,92713.0,92713.0,False,696684.9375,21325.368191672245,93971.64721793064
2019-01-14 14:24:00,702886.0,780933.7617737523,780934.0,0.0,78048.0,78048.0,False,686999.75,21316.82742721912,93934.01177375228
2019-01-14 14:25:00,707264.0,803669.1198701919,803670.0,0.0,96406.0,96406.0,False,709547.5,21359.40209575754,94121.61987019188
2019-01-14 14:26:00,675947.0,790801.0859801291,790802.0,0.0,114855.0,114855.0,False,697628.625,21144.00560753758,93172.46098012911
2019-01-14 14:27:00,650073.0,773429.1846811508,773430.0,0.0,123357.0,123357.0,False,679291.5625,21363.033565282873,94137.62218115081
2019-01-14 14:28:00,666228.0,753606.1614882931,753607.0,0.0,87379.0,87379.0,False,659723.25,21305.23103155746,93882.91148829309
2019-01-14 14:29:00,666287.0,755323.7078633128,755324.0,0.0,89037.0,89037.0,False,661500.5625,21291.668061679553,93823.1453633128
2019-01-14 14:30:00,733886.0,782308.6281558652,782309.0,0.0,48423.0,48423.0,False,688678.125,21247.95098185069,93630.50315586523
2019-01-14 14:31:00,703323.0,787186.8652716387,787187.0,0.0,83864.0,83864.0,False,695169.6875,20881.832489197135,92017.17777163876
2019-01-14 14:32:00,686919.0,775914.089839454,775915.0,0.0,88996.0,88996.0,False,684037.5,20849.928297817012,91876.58983945398
2019-01-14 14:33:00,681979.0,769065.4157674854,769066.0,0.0,87087.0,87087.0,False,677255.5,20834.797679426654,91809.9157674854
2019-01-14 14:34:00,682894.0,770764.0568544113,770765.0,0.0,87871.0,87871.0,False,679014.25,20821.1569192521,91749.80685441125
2019-01-14 14:35:00,691956.0,788193.3303119016,788194.0,0.0,96238.0,96238.0,False,696486.25,20811.460811143417,91707.08031190158
2019-01-14 14:36:00,687738.0,776913.591229788,776914.0,0.0,89176.0,89176.0,False,686446.6875,20530.022494169698,90466.90372978797
2019-01-14 14:37:00,650667.0,776453.882730513,776454.0,0.0,125787.0,125787.0,False,686777.125,20350.711448140704,89676.75773051303
2019-01-14 14:38:00,667975.0,750401.5456453189,750402.0,0.0,82427.0,82427.0,False,657942.6875,20982.064813207828,92458.85814531898
2019-01-14 14:39:00,668036.0,756855.6741580755,756856.0,0.0,88820.0,88820.0,False,664538.6875,20949.869339456556,92316.98665807545
2019-01-14 14:40:00,703648.0,788894.4069398515,788895.0,0.0,85247.0,85247.0,False,696595.5,20945.766435449423,92298.9069398515
2019-01-14 14:41:00,684932.0,790443.1721522984,790444.0,0.0,105512.0,105512.0,False,698148.0625,20944.90470153714,92295.10965229834
2019-01-14 14:42:00,679686.0,765301.1861960061,765302.0,0.0,85616.0,85616.0,False,672882.9375,20972.849145670905,92418.24869600615
2019-01-14 14:43:00,679125.0,766363.5049446519,766364.0,0.0,87239.0,87239.0,False,673969.0625,20967.44669620423,92394.4424446518
2019-01-14 14:44:00,674808.0,764767.3462019645,764768.0,0.0,89960.0,89960.0,False,672388.1875,20963.97829430003,92379.15870196458
2019-01-14 14:45:00,681444.0,779872.846531071,779873.0,0.0,98429.0,98429.0,False,687958.75,20858.439843927612,91914.096531071
2019-01-14 14:46:00,682058.0,772203.4724012585,772204.0,0.0,90146.0,90146.0,False,680725.3125,20759.510971079104,91478.15990125854
2019-01-14 14:47:00,662869.0,764107.5628057461,764108.0,0.0,101239.0,101239.0,False,673566.375,20546.88008172386,90541.18780574609
2019-01-14 14:48:00,673340.0,753226.6777700654,753227.0,0.0,79887.0,79887.0,False,662285.8125,20637.580514640144,90940.86527006536
2019-01-14 14:49:00,646842.0,759896.4631745773,759897.0,0.0,113055.0,113055.0,False,668883.125,20654.027085689962,91013.33817457737
2019-01-14 14:50:00,656150.0,769208.7250306463,769209.0,0.0,113059.0,113059.0,False,677057.625,20912.224012246355,92151.10003064634
2019-01-14 14:51:00,666918.0,761280.3530075019,761281.0,0.0,94363.0,94363.0,False,668544.75,21044.867650615986,92735.60300750192
2019-01-14 14:52:00,658791.0,753238.1920460032,753239.0,0.0,94448.0,94448.0,False,660463.25,21053.79501865926,92774.94204600324
2019-01-14 14:53:00,654670.0,756019.3435434096,756020.0,0.0,101350.0,101350.0,False,663203.0,21063.19042889221,92816.34354340966
2019-01-14 14:54:00,638675.0,749873.6856647944,749874.0,0.0,111199.0,111199.0,False,657064.3125,21061.608612516666,92809.37316479438
2019-01-14 14:55:00,681135.0,749041.3879699945,749042.0,0.0,67907.0,67907.0,False,655779.25,21164.35637166503,93262.1379699945
2019-01-14 14:56:00,657109.0,772465.4214257911,772466.0,0.0,115357.0,115357.0,False,678506.5625,21322.466092512634,93958.8589257911
2019-01-14 14:57:00,664234.0,753470.2166129459,753471.0,0.0,89237.0,89237.0,False,658491.625,21553.878179609783,94978.59161294585
2019-01-14 14:58:00,665722.0,778347.7713109776,778348.0,0.0,112626.0,112626.0,False,683460.3125,21533.1970421194,94887.45881097758
2019-01-14 14:59:00,657899.0,757109.3946950542,757110.0,0.0,99211.0,99211.0,False,661765.625,21636.749527373093,95343.76969505414
2019-01-14 15:00:00,765198.0,773576.0988703261,773577.0,0.0,8379.0,8379.0,False,678211.5625,21641.462193474003,95364.53637032607
2019-01-14 15:01:00,710831.0,800789.5611358172,800790.0,0.0,89959.0,89959.0,False,702372.5,22334.184056562455,98417.06113581717
2019-01-14 15:02:00,680218.0,791322.4740096008,791323.0,0.0,111105.0,111105.0,False,694075.5,22068.65142494824,97246.97400960079
2019-01-14 15:03:00,646589.0,775505.8077352282,775506.0,0.0,128917.0,128917.0,False,677829.0,22166.195340922648,97676.8077352282
2019-01-14 15:04:00,558971.0,758387.7861739265,758388.0,0.0,199417.0,199417.0,False,659217.1875,22505.18739557131,99170.59867392652
2019-01-14 15:05:00,655702.0,719474.9183049746,719475.0,0.0,63773.0,63773.0,False,604829.25,26017.007901479137,114645.66830497456
2019-01-14 15:06:00,720600.0,794945.9617496484,794946.0,0.0,74346.0,74346.0,False,677147.875,26732.399043564623,117798.08674964847
2019-01-14 15:07:00,721783.0,849990.8909696774,849991.0,0.0,128208.0,128208.0,False,731250.875,26946.154873352585,118740.01596967735
2019-01-14 15:08:00,707607.0,821020.5637952999,821021.0,0.0,113414.0,113414.0,False,709126.625,25392.54672946612,111893.93879529987
2019-01-14 15:09:00,694493.0,784391.6629180977,784392.0,0.0,89899.0,89899.0,False,673165.0625,25241.104916710992,111226.60041809772
2019-01-14 15:10:00,705604.0,807599.0357503883,807600.0,0.0,101996.0,101996.0,False,698328.625,24797.178837391515,109270.41075038827
2019-01-14 15:11:00,696239.0,772273.0108102645,772274.0,0.0,76035.0,76035.0,False,662983.0,24801.62675871474,109290.0108102645
2019-01-14 15:12:00,653828.0,787754.8874328778,787755.0,0.0,133927.0,133927.0,False,677038.9375,25125.220924709483,110715.94993287779
2019-01-14 15:13:00,680755.0,758905.0371653449,758906.0,0.0,78151.0,78151.0,False,648892.4375,24965.606787180688,110012.59966534488
2019-01-14 15:14:00,674554.0,784102.5897684772,784103.0,0.0,109549.0,109549.0,False,673192.125,25169.362967662953,110910.4647684773
2019-01-14 15:15:00,689131.0,788609.5189262006,788610.0,0.0,99479.0,99479.0,False,678519.1875,24983.246771894268,110090.33142620056
2019-01-14 15:16:00,681168.0,805273.1739698636,805274.0,0.0,124106.0,124106.0,False,695398.0,24934.420215040056,109875.17396986355
2019-01-14 15:17:00,636609.0,789311.1916112108,789312.0,0.0,152703.0,152703.0,False,679230.75,24981.00243594563,110080.4416112108
2019-01-14 15:18:00,643489.0,774041.7378992889,774042.0,0.0,130553.0,130553.0,False,661337.1875,25576.502118429536,112704.55039928887
2019-01-14 15:19:00,638525.0,761689.8733844507,761690.0,0.0,123165.0,123165.0,False,648596.375,25664.767666991753,113093.49838445072
2019-01-14 15:20:00,662755.0,780403.5510469306,780404.0,0.0,117649.0,117649.0,False,668039.0,25499.344682238643,112364.55104693057
2019-01-14 15:21:00,654014.0,787435.1501787986,787436.0,0.0,133422.0,133422.0,False,676137.25,25257.28526146325,111297.90017879856
2019-01-14 15:22:00,643978.0,762428.3836729239,762429.0,0.0,118451.0,118451.0,False,651027.3125,25280.69827487273,111401.07117292394
2019-01-14 15:23:00,652303.0,764767.7918047599,764768.0,0.0,112465.0,112465.0,False,653495.3125,25251.516399102326,111272.47930475987
2019-01-14 15:24:00,632856.0,766719.193034285,766720.0,0.0,133864.0,133864.0,False,655455.5,25249.522494999794,111263.69303428492
2019-01-14 15:25:00,630557.0,775853.7955188355,775854.0,0.0,145297.0,145297.0,False,664386.9375,25295.627551444624,111466.8580188355
2019-01-14 15:26:00,637485.0,777885.6935648371,777886.0,0.0,140401.0,140401.0,False,664968.9375,25624.658813391798,112916.7560648371
2019-01-14 15:27:00,620969.0,754211.2888005505,754212.0,0.0,133243.0,133243.0,False,640926.8125,25708.107062414518,113284.47630055052
2019-01-14 15:28:00,612534.0,744369.8474407418,744370.0,0.0,131836.0,131836.0,False,631673.75,25574.583854158755,112696.09744074181
2019-01-14 15:29:00,620130.0,736727.8760612233,736728.0,0.0,116598.0,116598.0,False,623754.125,25637.592919784543,112973.75106122329
2019-01-14 15:30:00,723308.0,762152.6840640687,762153.0,0.0,38845.0,38845.0,False,649261.0625,25618.954938882114,112891.62156406873
2019-01-14 15:31:00,675046.0,790815.6752061433,790816.0,0.0,115770.0,115770.0,False,672887.1875,26761.991463109516,117928.48770614326
2019-01-14 15:32:00,659748.0,781654.5987006754,781655.0,0.0,121907.0,121907.0,False,663851.5625,26733.522242621148,117803.03620067537
2019-01-14 15:33:00,662148.0,783986.9875002534,783987.0,0.0,121839.0,121839.0,False,666221.625,26724.97279652302,117765.36250025337
2019-01-14 15:34:00,632958.0,775657.0157523984,775658.0,0.0,142700.0,142700.0,False,657964.9375,26708.34210402773,117692.0782523984
2019-01-14 15:35:00,659655.0,771218.5576707211,771219.0,0.0,111564.0,111564.0,False,652928.75,26843.987272566337,118289.80767072113
2019-01-14 15:36:00,656058.0,801487.6281897266,801488.0,0.0,145430.0,145430.0,False,683066.5625,26873.774188793428,118421.06568972666
2019-01-14 15:37:00,644127.0,794653.3249306612,794654.0,0.0,150527.0,150527.0,False,675495.9375,27040.87067691338,119157.38743066124
2019-01-14 15:38:00,634197.0,766175.228218948,766176.0,0.0,131979.0,131979.0,False,647407.8125,26952.372809920205,118767.41571894799
2019-01-14 15:39:00,660435.0,763221.2569506485,763222.0,0.0,102787.0,102787.0,False,644585.0,26922.608417059597,118636.25695064849
2019-01-14 15:40:00,672545.0,817833.4776558693,817834.0,0.0,145289.0,145289.0,False,698745.75,27025.062500835094,119087.72765586928
2019-01-14 15:41:00,655368.0,785133.2400586817,785134.0,0.0,129766.0,129766.0,False,665536.0,27140.68822316599,119597.24005868165
2019-01-14 15:42:00,638338.0,782489.2279828984,782490.0,0.0,144152.0,144152.0,False,662954.0,27126.615570535556,119535.2279828984
2019-01-14 15:43:00,673048.0,775191.8095265594,775192.0,0.0,102144.0,102144.0,False,655274.875,27213.237789318897,119916.93452655945
2019-01-14 15:44:00,657644.0,783532.522141521,783533.0,0.0,125889.0,125889.0,False,663070.875,27336.85163899169,120461.64714152094
2019-01-14 15:45:00,680473.0,786747.1019283138,786748.0,0.0,106275.0,106275.0,False,666349.25,27322.374331731637,120397.85192831384
2019-01-14 15:46:00,667439.0,794651.0745161345,794652.0,0.0,127213.0,127213.0,False,673797.6875,27425.75076238493,120853.38701613445
2019-01-14 15:47:00,656464.0,781742.9648819967,781743.0,0.0,125279.0,125279.0,False,660926.6875,27417.3293221434,120816.27738199678
2019-01-14 15:48:00,659987.0,779767.4301324077,779768.0,0.0,119781.0,119781.0,False,659005.5,27404.996079702694,120761.93013240772
2019-01-14 15:49:00,644980.0,778920.1923586742,778921.0,0.0,133941.0,133941.0,False,658438.6875,27341.358031529,120481.50485867428
2019-01-14 15:50:00,670878.0,791586.4265920583,791587.0,0.0,120709.0,120709.0,False,671413.75,27271.2743766335,120172.67659205824
2019-01-14 15:51:00,644838.0,783192.4171913097,783193.0,0.0,138355.0,138355.0,False,663381.9375,27189.07956048399,119810.47969130975
2019-01-14 15:52:00,651658.0,770407.8224414772,770408.0,0.0,118750.0,118750.0,False,650324.1875,27251.067792634498,120083.63494147726
2019-01-14 15:53:00,635747.0,780929.6722526574,780930.0,0.0,145183.0,145183.0,False,660813.25,27258.50835054352,120116.4222526574
2019-01-14 15:54:00,622100.0,766587.2547443421,766588.0,0.0,144488.0,144488.0,False,645916.625,27384.276911217476,120670.62974434212
2019-01-14 15:55:00,642256.0,773643.1229443677,773644.0,0.0,131388.0,131388.0,False,652731.25,27439.02321200702,120911.87294436766
2019-01-14 15:56:00,647781.0,766278.5094068515,766279.0,0.0,118498.0,118498.0,False,646551.75,27170.08057574722,119726.75940685153
2019-01-14 15:57:00,641890.0,764267.0896083071,764268.0,0.0,122378.0,122378.0,False,644853.75,27098.95494583229,119413.33960830716
2019-01-14 15:58:00,636819.0,766411.2714012159,766412.0,0.0,129593.0,129593.0,False,647145.25,27065.523425788044,119266.02140121594
2019-01-14 15:59:00,660884.0,763609.6731640747,763610.0,0.0,102726.0,102726.0,False,644528.25,27023.63179686467,119081.42316407464
2019-01-14 16:00:00,744411.0,811284.8226124223,811285.0,0.0,66874.0,66874.0,False,691607.1875,27158.93259976858,119677.63511242234
2019-01-14 16:01:00,718809.0,805312.2259088286,805313.0,0.0,86504.0,86504.0,False,692745.5,25545.225046121966,112566.7259088285
2019-01-14 16:02:00,680483.0,809586.7554559376,809587.0,0.0,129104.0,129104.0,False,695904.625,25798.348337603737,113682.13045593757
2019-01-14 16:03:00,670118.0,791040.3374620607,791041.0,0.0,120923.0,120923.0,False,677314.1875,25808.337863205168,113726.14996206075
2019-01-14 16:04:00,657885.0,778642.4394426721,778643.0,0.0,120758.0,120758.0,False,665923.375,25579.795849339433,112719.06444267201
2019-01-14 16:05:00,677971.0,769985.2053550584,769986.0,0.0,92015.0,92015.0,False,671553.3125,22337.54987894717,98431.8928550584
2019-01-14 16:06:00,747814.0,800149.8473892508,800150.0,0.0,52336.0,52336.0,False,706487.75,21255.1207897622,93662.09738925079
2019-01-14 16:07:00,735790.0,845461.4000576389,845462.0,0.0,109672.0,109672.0,False,752137.625,21178.343926711623,93323.77505763892
2019-01-14 16:08:00,731188.0,831743.623403826,831744.0,0.0,100556.0,100556.0,False,738199.5,21228.348473316724,93544.12340382607
2019-01-14 16:09:00,736730.0,813180.5271285034,813181.0,0.0,76451.0,76451.0,False,719626.875,21230.5108655718,93553.65212850338
2019-01-14 16:10:00,726666.0,829940.0153865404,829941.0,0.0,103275.0,103275.0,False,736724.0,21153.88958616933,93216.01538654049
2019-01-14 16:11:00,677023.0,808900.2225002192,808901.0,0.0,131878.0,131878.0,False,715842.8125,21117.89662062474,93057.41000021921
2019-01-14 16:12:00,649361.0,760335.3612221357,760336.0,0.0,110975.0,110975.0,False,667777.5625,21004.51780080758,92557.79872213569
2019-01-14 16:13:00,649312.0,746641.6265222293,746642.0,0.0,97330.0,97330.0,False,654343.75,20945.532598586546,92297.87652222929
2019-01-14 16:14:00,660115.0,742505.7906441865,742506.0,0.0,82391.0,82391.0,False,652701.25,20379.70974457765,89804.5406441866
2019-01-14 16:15:00,695613.0,757489.5250405318,757490.0,0.0,61877.0,61877.0,False,667461.875,20430.340867527393,90027.6500405317
2019-01-14 16:16:00,663647.0,772358.3073572812,772359.0,0.0,108712.0,108712.0,False,680765.5,20785.528384674642,91592.80735728126
2019-01-14 16:17:00,680898.0,762513.468644754,762514.0,0.0,81616.0,81616.0,False,670817.25,20808.995928831006,91696.21864475409
2019-01-14 16:18:00,674288.0,765574.7970631287,765575.0,0.0,91287.0,91287.0,False,675976.4375,20332.92023308255,89598.3595631287
2019-01-14 16:19:00,640490.0,766260.0914293455,766261.0,0.0,125771.0,125771.0,False,676967.0,20263.644493613883,89293.09142934553
2019-01-14 16:20:00,677074.0,770096.6142554071,770097.0,0.0,93023.0,93023.0,False,679036.9375,20664.542888348864,91059.67675540718
2019-01-14 16:21:00,652653.0,756988.3578833747,756989.0,0.0,104336.0,104336.0,False,665914.5,20667.761069409145,91073.85788337469
2019-01-14 16:22:00,653630.0,742287.1084871556,742288.0,0.0,88658.0,88658.0,False,651622.5625,20574.87425566776,90664.54598715562
2019-01-14 16:23:00,664612.0,745838.1497961391,745839.0,0.0,81227.0,81227.0,False,655107.25,20589.932195476038,90730.8997961391
2019-01-14 16:24:00,652996.0,751365.2711931313,751366.0,0.0,98370.0,98370.0,False,660308.125,20663.968617556948,91057.1461931313
2019-01-14 16:25:00,650729.0,775349.6633345324,775350.0,0.0,124621.0,124621.0,False,684879.1875,20530.833126431127,90470.47583453241
2019-01-14 16:26:00,644285.0,744895.3101011071,744896.0,0.0,100611.0,100611.0,False,654390.5625,20538.61055784179,90504.7476011071
2019-01-14 16:27:00,626726.0,744560.3263867274,744561.0,0.0,117835.0,117835.0,False,654984.3125,20327.849237831764,89576.01388672735
2019-01-14 16:28:00,654044.0,739999.6589914532,740000.0,0.0,85956.0,85956.0,False,649818.1875,20465.24819515007,90181.47149145324
2019-01-14 16:29:00,648912.0,738749.7440478439,738750.0,0.0,89838.0,89838.0,False,648881.75,20394.10948360604,89867.99404784388
2019-01-14 16:30:00,705027.0,772086.9009352035,772087.0,0.0,67060.0,67060.0,False,682196.5,20399.1943697086,89890.40093520349
2019-01-14 16:31:00,683297.0,758147.847653079,758148.0,0.0,74851.0,74851.0,False,678490.0625,18077.065242700126,79657.78515307898
2019-01-14 16:32:00,658672.0,753654.1092419636,753655.0,0.0,94983.0,94983.0,False,673912.625,18096.059417439155,79741.48424196358
2019-01-14 16:33:00,675954.0,748498.1427091695,748499.0,0.0,72545.0,72545.0,False,668517.4375,18150.34680470826,79980.70520916957
2019-01-14 16:34:00,672361.0,746478.4218888119,746479.0,0.0,74118.0,74118.0,False,666216.4375,18214.178633223637,80261.98438881182
2019-01-14 16:35:00,662410.0,756216.1296803845,756217.0,0.0,93807.0,93807.0,False,676637.625,18059.073802508614,79578.50468038452
2019-01-14 16:36:00,661444.0,738783.6418975099,738784.0,0.0,77340.0,77340.0,False,659220.25,18055.644197210182,79563.39189750994
2019-01-14 16:37:00,642590.0,734388.4293272856,734389.0,0.0,91799.0,91799.0,False,655846.25,17823.89627422769,78542.17932728556
2019-01-14 16:38:00,653112.0,726430.5413795608,726431.0,0.0,73319.0,73319.0,False,649307.875,17501.760426242887,77122.66637956079
2019-01-14 16:39:00,650619.0,732388.2337884007,732389.0,0.0,81770.0,81770.0,False,655375.0,17476.926443145334,77013.23378840061
2019-01-14 16:40:00,677960.0,760011.4671315635,760012.0,0.0,82052.0,82052.0,False,683759.5625,17304.154920401284,76251.90463156342
2019-01-14 16:41:00,650986.0,760265.510374917,760266.0,0.0,109280.0,109280.0,False,685129.8125,17050.849580245715,75135.69787491701
2019-01-14 16:42:00,637115.0,730686.7104788881,730687.0,0.0,93572.0,93572.0,False,653621.625,17488.69335820689,77065.08547888817
2019-01-14 16:43:00,592880.0,729281.4891358911,729282.0,0.0,136402.0,136402.0,False,652804.25,17355.29099615752,76477.23913589104
2019-01-14 16:44:00,629685.0,704272.9708945963,704273.0,0.0,74588.0,74588.0,False,622356.8125,18589.567069744706,81916.15839459634
2019-01-14 16:45:00,656291.0,729521.1907166087,729522.0,0.0,73231.0,73231.0,False,647331.5,18651.64087234294,82189.69071660872
2019-01-14 16:46:00,645124.0,735475.7178606583,735476.0,0.0,90352.0,90352.0,False,653611.3125,18577.822543215276,81864.40536065827
2019-01-14 16:47:00,664929.0,723264.5707349043,723265.0,0.0,58336.0,58336.0,False,641375.4375,18583.434140314028,81889.13323490426
2019-01-14 16:48:00,651500.0,739272.9018757541,739273.0,0.0,87773.0,87773.0,False,655868.3125,18927.342767423714,83404.58937575415
2019-01-14 16:49:00,658968.0,739226.4200518142,739227.0,0.0,80259.0,80259.0,False,655871.375,18916.099472439466,83355.0450518142
2019-01-14 16:50:00,672298.0,744194.3847393685,744195.0,0.0,71897.0,71897.0,False,660916.1875,18898.660085734555,83278.19723936841
2019-01-14 16:51:00,666057.0,746165.0188757306,746166.0,0.0,80109.0,80109.0,False,662463.125,18994.811287075547,83701.89387573056
2019-01-14 16:52:00,645729.0,745508.8805499424,745509.0,0.0,99780.0,99780.0,False,662150.9375,18916.757126944125,83357.94304994242
2019-01-14 16:53:00,653583.0,730471.4871061601,730472.0,0.0,76889.0,76889.0,False,646830.3125,18981.032016218298,83641.17460616019
2019-01-14 16:54:00,658182.0,736656.4322349745,736657.0,0.0,78475.0,78475.0,False,653738.0625,18817.00296633879,82918.36973497448
2019-01-14 16:55:00,679507.0,747652.8392468708,747653.0,0.0,68146.0,68146.0,False,665496.375,18644.10065439586,82156.46424687085
2019-01-14 16:56:00,663543.0,747573.4460102299,747574.0,0.0,84031.0,84031.0,False,665018.75,18734.473008511948,82554.6960102299
2019-01-14 16:57:00,672930.0,744388.4072732276,744389.0,0.0,71459.0,71459.0,False,661855.625,18729.50003502615,82532.78227322752
2019-01-14 16:58:00,668842.0,750203.4615858428,750204.0,0.0,81362.0,81362.0,False,667332.8125,18806.173525297712,82870.64908584276
2019-01-14 16:59:00,653559.0,748260.9840615098,748261.0,0.0,94702.0,94702.0,False,665507.3125,18779.627339821516,82753.67156150978
2019-01-14 17:00:00,740641.0,767877.6234843817,767878.0,0.0,27237.0,27237.0,False,685592.4375,18673.31200194545,82285.1859843817
2019-01-14 17:01:00,694238.0,768997.5199898472,768998.0,0.0,74760.0,74760.0,False,686218.0,18785.493228818803,82779.51998984725
2019-01-14 17:02:00,661143.0,758976.4207881413,758977.0,0.0,97834.0,97834.0,False,677577.4375,18472.202418903347,81398.98328814136
2019-01-14 17:03:00,669509.0,747363.9394400518,747364.0,0.0,77855.0,77855.0,False,665911.0,18484.4469079568,81452.93944005175
2019-01-14 17:04:00,667905.0,749238.6666741924,749239.0,0.0,81334.0,81334.0,False,667758.125,18490.71079523971,81480.54167419241
2019-01-14 17:05:00,664308.0,770488.9571005485,770489.0,0.0,106181.0,106181.0,False,689062.4375,18478.4513462991,81426.51960054855
2019-01-14 17:06:00,705006.0,768007.2739345398,768008.0,0.0,63002.0,63002.0,False,685755.8125,18665.658752654108,82251.46143453979
2019-01-14 17:07:00,749132.0,805591.8924211583,805592.0,0.0,56460.0,56460.0,False,726277.375,17999.166099838953,79314.51742115826
2019-01-14 17:08:00,762257.0,829583.760144731,829584.0,0.0,67327.0,67327.0,False,749310.375,18216.765853144094,80273.38514473102
2019-01-14 17:09:00,748766.0,818224.1029488819,818225.0,0.0,69459.0,69459.0,False,737529.25,18312.41125652421,80694.85294888189
2019-01-14 17:10:00,703904.0,819375.3858686086,819376.0,0.0,115472.0,115472.0,False,739065.8125,18224.978194006897,80309.57336860863
2019-01-14 17:11:00,668113.0,771747.0456467078,771748.0,0.0,103635.0,103635.0,False,689420.8125,18682.62700147715,82326.23314670782
2019-01-14 17:12:00,646929.0,734832.8027395135,734833.0,0.0,87904.0,87904.0,False,654427.3125,18246.744999723254,80405.49023951347
2019-01-14 17:13:00,653089.0,726848.2998853687,726849.0,0.0,73760.0,73760.0,False,646914.6875,18139.65983862359,79933.61238536872
2019-01-14 17:14:00,643130.0,730340.2154325412,730341.0,0.0,87211.0,87211.0,False,650287.0,18166.801844678732,80053.21543254127
2019-01-14 17:15:00,669740.0,732814.7724991385,732815.0,0.0,63075.0,63075.0,False,652892.625,18137.058065350768,79922.14749913852
2019-01-14 17:16:00,685767.0,741618.1085519342,741619.0,0.0,55852.0,55852.0,False,662839.75,17877.493386484082,78778.35855193427
2019-01-14 17:17:00,689138.0,752942.3453810383,752943.0,0.0,63805.0,63805.0,False,673349.6875,18062.285645909975,79592.65788103826
2019-01-14 17:18:00,681658.0,761770.8906895199,761771.0,0.0,80113.0,80113.0,False,681839.5625,18139.141476767218,79931.32818951989
2019-01-14 17:19:00,660739.0,766329.1908005866,766330.0,0.0,105591.0,105591.0,False,686393.625,18140.103135085716,79935.56580058657
2019-01-14 17:20:00,679404.0,768689.5122873841,768690.0,0.0,89286.0,89286.0,False,690058.875,17843.970398970996,78630.63728738415
2019-01-14 17:21:00,662630.0,759368.9741815414,759369.0,0.0,96739.0,96739.0,False,680566.8125,17882.895127519947,78802.16168154134
2019-01-14 17:22:00,678310.0,735900.2345193701,735901.0,0.0,57591.0,57591.0,False,656830.125,17943.701620404012,79070.10951937012
2019-01-14 17:23:00,660421.0,749803.3261665669,749804.0,0.0,89383.0,89383.0,False,669684.875,18181.60605518837,80118.45116656697
2019-01-14 17:24:00,637876.0,737520.2903808374,737521.0,0.0,99645.0,99645.0,False,657524.125,18153.85524435876,79996.16538083737
2019-01-14 17:25:00,665289.0,730105.9197688489,730106.0,0.0,64817.0,64817.0,False,649526.5,18286.215535382606,80579.41976884894
2019-01-14 17:26:00,680763.0,741454.0405751292,741455.0,0.0,60692.0,60692.0,False,662444.8125,17929.885546589023,79009.22807512917
2019-01-14 17:27:00,687765.0,755844.6824791972,755845.0,0.0,68080.0,68080.0,False,676268.0625,18058.646099600977,79576.6199791972
2019-01-14 17:28:00,667949.0,753251.1044006855,753252.0,0.0,85303.0,85303.0,False,675005.625,17756.56495287164,78245.47940068552
2019-01-14 17:29:00,661660.0,742861.5996428191,742862.0,0.0,81202.0,81202.0,False,664549.125,17771.76845571411,78312.47464281914
2019-01-14 17:30:00,723649.0,757629.4173296735,757630.0,0.0,33981.0,33981.0,False,679300.875,17775.414761257365,78328.54232967358
2019-01-14 17:31:00,687709.0,768699.6896411893,768700.0,0.0,80991.0,80991.0,False,687444.6875,18439.528191492063,81255.00214118931
2019-01-14 17:32:00,677969.0,761307.5268169328,761308.0,0.0,83339.0,83339.0,False,680094.8125,18429.931643501335,81212.71431693282
2019-01-14 17:33:00,673200.0,753564.5480799493,753565.0,0.0,80365.0,80365.0,False,672821.125,18323.43347395676,80743.42307994932
2019-01-14 17:34:00,638728.0,746999.8939821979,747000.0,0.0,108272.0,108272.0,False,666358.0,18300.393062770843,80641.89398219783
2019-01-14 17:35:00,674002.0,736110.8768281784,736111.0,0.0,62109.0,62109.0,False,654028.375,18627.316061833542,82082.50182817841
2019-01-14 17:36:00,687774.0,743581.3203197554,743582.0,0.0,55808.0,55808.0,False,661110.1875,18715.509673751953,82471.13281975531
2019-01-14 17:37:00,681293.0,764041.8933856572,764042.0,0.0,82749.0,82749.0,False,680241.5625,19017.149998192377,83800.33088565725
2019-01-14 17:38:00,691031.0,757413.364499673,757414.0,0.0,66383.0,66383.0,False,673995.0625,18930.454628954307,83418.30199967301
2019-01-14 17:39:00,674970.0,764050.9410634366,764051.0,0.0,89081.0,89081.0,False,680151.75,19039.58474051151,83899.19106343659
2019-01-14 17:40:00,695027.0,791763.4597023791,791764.0,0.0,96737.0,96737.0,False,707854.25,19041.858311003798,83909.20970237901
2019-01-14 17:41:00,699984.0,772799.6788538361,772800.0,0.0,72816.0,72816.0,False,688609.5,19105.61978356188,84190.17885383609
2019-01-14 17:42:00,664782.0,770095.0994782497,770096.0,0.0,105314.0,105314.0,False,688170.75,18591.42590568053,81924.34947824973
2019-01-14 17:43:00,666559.0,758743.5595418399,758744.0,0.0,92185.0,92185.0,False,676232.4375,18724.584590600814,82511.12204183993
2019-01-14 17:44:00,664490.0,739589.3085182256,739590.0,0.0,75100.0,75100.0,False,664697.5,16995.502776359062,74891.8085182255
2019-01-14 17:45:00,671588.0,749950.0509796556,749951.0,0.0,78363.0,78363.0,False,675095.0625,16987.147055217833,74854.98847965559
2019-01-14 17:46:00,705226.0,755538.655486139,755539.0,0.0,50313.0,50313.0,False,680708.625,16981.483236216853,74830.03048613902
2019-01-14 17:47:00,675704.0,759702.9844686897,759703.0,0.0,83999.0,83999.0,False,684080.5625,17161.303858900505,75622.42196868962
2019-01-14 17:48:00,681264.0,751888.7416065666,751889.0,0.0,70625.0,70625.0,False,676972.6875,17001.004926355403,74916.05410656653
2019-01-14 17:49:00,659755.0,750218.6667163183,750219.0,0.0,90464.0,90464.0,False,675388.25,16981.570885002686,74830.41671631836
2019-01-14 17:50:00,692925.0,750662.3736636146,750663.0,0.0,57738.0,57738.0,False,675151.875,17135.90464796173,75510.49866361465
2019-01-14 17:51:00,654702.0,780101.285566394,780102.0,0.0,125400.0,125400.0,False,704248.75,17213.524473758695,75852.53556639404
2019-01-14 17:52:00,639464.0,734953.6145444157,734954.0,0.0,95490.0,95490.0,False,653704.3125,18438.234645342513,81249.30204441569
2019-01-14 17:53:00,647099.0,728364.6008963524,728365.0,0.0,81266.0,81266.0,False,647259.5,18405.510492184058,81105.10089635238
2019-01-14 17:54:00,637996.0,730478.7576035887,730479.0,0.0,92483.0,92483.0,False,649431.25,18392.440611960425,81047.50760358872
2019-01-14 17:55:00,694214.0,737292.9578174474,737293.0,0.0,43079.0,43079.0,False,655959.6875,18457.289907135124,81333.27031744743
2019-01-14 17:56:00,706200.0,761020.9372967168,761021.0,0.0,54821.0,54821.0,False,677306.625,18997.62944986967,83714.31229671686
2019-01-14 17:57:00,679368.0,769189.2273935054,769190.0,0.0,89822.0,89822.0,False,684058.6875,19319.019739801286,85130.53989350538
2019-01-14 17:58:00,664628.0,764823.331764485,764824.0,0.0,100196.0,100196.0,False,679784.3125,19298.250591140244,85039.01926448503
2019-01-14 17:59:00,665904.0,752222.6394193466,752223.0,0.0,86319.0,86319.0,False,666663.9375,19416.18429014252,85558.70191934654
2019-01-14 18:00:00,752010.0,781777.360260865,781778.0,0.0,29768.0,29768.0,False,696545.3125,19342.055333087985,85232.04776086491
2019-01-14 18:01:00,725401.0,788637.4656261898,788638.0,0.0,63237.0,63237.0,False,703320.4375,19361.340273102014,85317.02812618985
2019-01-14 18:02:00,731664.0,786200.2205119932,786201.0,0.0,54537.0,54537.0,False,700167.0625,19523.854541394,86033.15801199312
2019-01-14 18:03:00,725003.0,804977.273365747,804978.0,0.0,79975.0,79975.0,False,717967.4375,19745.496019994993,87009.83586574695
2019-01-14 18:04:00,697030.0,796634.9438238323,796635.0,0.0,99605.0,99605.0,False,709589.25,19753.633412297993,87045.6938238323
2019-01-14 18:05:00,726045.0,790379.181082056,790380.0,0.0,64335.0,64335.0,False,702926.25,19846.049419999214,87452.93108205605
2019-01-14 18:06:00,782214.0,819607.6201797768,819608.0,0.0,37394.0,37394.0,False,732785.0625,19702.996219381526,86822.55767977684
2019-01-14 18:07:00,748146.0,863285.5212072991,863286.0,0.0,115140.0,115140.0,False,773047.25,20478.137985735386,90238.27120729914
2019-01-14 18:08:00,765492.0,819814.0792855093,819815.0,0.0,54323.0,54323.0,False,728850.0,20642.848565602377,90964.0792855093
2019-01-14 18:09:00,770729.0,833309.5916583823,833310.0,0.0,62581.0,62581.0,False,740528.9375,21055.091291559045,92780.65415838236
2019-01-14 18:10:00,751323.0,847939.7269158039,847940.0,0.0,96617.0,96617.0,False,754019.625,21313.670806567836,93920.1019158039
2019-01-14 18:11:00,703284.0,829271.0487376521,829272.0,0.0,125988.0,125988.0,False,737930.75,20728.225576385317,91340.29873765216
2019-01-14 18:12:00,678670.0,789061.2938204154,789062.0,0.0,110392.0,110392.0,False,696223.1875,21068.129144411843,92838.1063204154
2019-01-14 18:13:00,675787.0,771986.0593077162,771987.0,0.0,96200.0,96200.0,False,678578.1875,21197.428344322845,93407.87180771622
2019-01-14 18:14:00,668842.0,768754.0981800356,768755.0,0.0,99913.0,99913.0,False,675286.3125,21211.024843105464,93467.78568003558
2019-01-14 18:15:00,693943.0,768321.9222700078,768322.0,0.0,74379.0,74379.0,False,674879.6875,21205.226471148533,93442.23477000778
2019-01-14 18:16:00,705739.0,781143.2727053252,781144.0,0.0,75405.0,75405.0,False,687590.75,21230.254560975318,93552.52270532511
2019-01-14 18:17:00,701957.0,785466.84196485,785467.0,0.0,83510.0,83510.0,False,692195.5,21166.445071660582,93271.34196484991
2019-01-14 18:18:00,704232.0,784618.5819168402,784619.0,0.0,80387.0,80387.0,False,691542.125,21122.219014898794,93076.4569168402
2019-01-14 18:19:00,689509.0,789754.3920778836,789755.0,0.0,100246.0,100246.0,False,696555.75,21149.946990559,93198.64207788355
2019-01-14 18:20:00,682522.0,804612.5074478163,804613.0,0.0,122091.0,122091.0,False,712724.125,20852.604442406482,91888.38244781627
2019-01-14 18:21:00,710305.0,783513.8951242026,783514.0,0.0,73209.0,73209.0,False,689973.9375,21227.403115999856,93539.95762420261
2019-01-14 18:22:00,666371.0,781719.3709082868,781720.0,0.0,115349.0,115349.0,False,688542.3125,21145.04892061231,93177.05840828674
2019-01-14 18:23:00,665076.0,759247.6698150398,759248.0,0.0,94172.0,94172.0,False,665430.9375,21290.21272254589,93816.73231503987
2019-01-14 18:24:00,645673.0,754910.0478150682,754911.0,0.0,109238.0,109238.0,False,661352.0625,21231.4942132269,93557.98531506819
2019-01-14 18:25:00,672497.0,749021.6331766852,749022.0,0.0,76525.0,76525.0,False,655757.5,21164.809152036112,93264.13317668522
2019-01-14 18:26:00,685398.0,773568.702823995,773569.0,0.0,88171.0,88171.0,False,680262.1875,21174.427105141036,93306.515323995
2019-01-14 18:27:00,653618.0,766599.0717603937,766600.0,0.0,112982.0,112982.0,False,673662.8125,21090.403390379648,92936.25926039368
2019-01-14 18:28:00,679086.0,761778.0999302992,761779.0,0.0,82693.0,82693.0,False,668016.625,21277.672939432676,93761.47493029918
2019-01-14 18:29:00,656339.0,765230.6655303424,765231.0,0.0,108892.0,108892.0,False,671541.4375,21261.27765651597,93689.22803034232
2019-01-14 18:30:00,738687.0,765152.4720014422,765153.0,0.0,26466.0,26466.0,False,670943.4375,21379.239453640927,94209.03450144223
2019-01-14 18:31:00,711580.0,807005.8607863588,807006.0,0.0,95426.0,95426.0,False,708649.125,22320.49417959874,98356.7357863588
2019-01-14 18:32:00,698868.0,785592.378885748,785593.0,0.0,86725.0,86725.0,False,687252.5,22316.668774567133,98339.878885748
2019-01-14 18:33:00,676625.0,788491.25828235,788492.0,0.0,111867.0,111867.0,False,690102.125,22327.84627516112,98389.13328234998
2019-01-14 18:34:00,652849.0,767805.6438380865,767806.0,0.0,114957.0,114957.0,False,668952.5625,22433.131894848582,98853.0813380865
2019-01-14 18:35:00,650204.0,757448.3308273649,757449.0,0.0,107245.0,107245.0,False,659562.3125,22213.672351691308,97886.01832736497
2019-01-14 18:36:00,666622.0,750554.3251846603,750555.0,0.0,83933.0,83933.0,False,652845.0625,22173.56047462808,97709.2626846602
2019-01-14 18:37:00,676499.0,755393.5600828622,755394.0,0.0,78895.0,78895.0,False,658416.3125,22007.441309647318,96977.2475828621
2019-01-14 18:38:00,688717.0,766100.3152013021,766101.0,0.0,77384.0,77384.0,False,668760.125,22089.805354546235,97340.1902013021
2019-01-14 18:39:00,635902.0,772879.435558425,772880.0,0.0,136978.0,136978.0,False,675392.125,22123.191975692305,97487.31055842504
2019-01-14 18:40:00,685362.0,759182.134348944,759183.0,0.0,73821.0,73821.0,False,658842.5,22770.481417087507,100339.63434894393
2019-01-14 18:41:00,654032.0,791466.1450775558,791467.0,0.0,137435.0,137435.0,False,690654.25,22877.653465447565,100811.89507755575
2019-01-14 18:42:00,645807.0,769023.1563075862,769024.0,0.0,123217.0,123217.0,False,665825.375,23419.092333714336,103197.7813075862
2019-01-14 18:43:00,654376.0,766361.6938383003,766362.0,0.0,111986.0,111986.0,False,663421.875,23360.551861135442,102939.81883830031
2019-01-14 18:44:00,648640.0,757262.1994536829,757263.0,0.0,108623.0,108623.0,False,654346.1875,23355.149267959805,102916.0119536829
2019-01-14 18:45:00,679323.0,757630.4837798722,757631.0,0.0,78308.0,78308.0,False,654617.3125,23377.198029108324,103013.17127987217
2019-01-14 18:46:00,676110.0,772325.1414081124,772326.0,0.0,96216.0,96216.0,False,668627.75,23532.470886303618,103697.39140811241
2019-01-14 18:47:00,648546.0,767280.4871331465,767281.0,0.0,118735.0,118735.0,False,664279.375,23374.46139788373,103001.11213314647
2019-01-14 18:48:00,682131.0,766629.3135571317,766630.0,0.0,84499.0,84499.0,False,663286.6875,23451.9625419754,103342.62605713173
2019-01-14 18:49:00,666763.0,773513.4541549173,773514.0,0.0,106751.0,106751.0,False,669772.1875,23542.42767455109,103741.26665491732
2019-01-14 18:50:00,692059.0,790627.2521636547,790628.0,0.0,98569.0,98569.0,False,687373.5625,23431.77984439919,103253.68966365466
2019-01-14 18:51:00,658736.0,784701.9051650378,784702.0,0.0,125966.0,125966.0,False,681785.25,23355.295234529258,102916.6551650379
2019-01-14 18:52:00,650511.0,755449.8480677118,755450.0,0.0,104939.0,104939.0,False,655873.375,22597.294122901218,99576.47306771186
2019-01-14 18:53:00,648328.0,753949.372645159,753950.0,0.0,105622.0,105622.0,False,654755.5,22510.46905254456,99193.87264515906
2019-01-14 18:54:00,659757.0,752546.018923563,752547.0,0.0,92790.0,92790.0,False,653214.25,22541.762415982204,99331.76892356298
2019-01-14 18:55:00,660729.0,764644.6544826714,764645.0,0.0,103916.0,103916.0,False,665664.875,22461.884020223264,98979.77948267142
2019-01-14 18:56:00,636298.0,756701.5560780299,756702.0,0.0,120404.0,120404.0,False,659620.5625,22030.98481038254,97080.99357802991
2019-01-14 18:57:00,650955.0,742613.2871191438,742614.0,0.0,91659.0,91659.0,False,645573.75,22021.576927517406,97039.53711914377
2019-01-14 18:58:00,658474.0,750699.7853591645,750700.0,0.0,92226.0,92226.0,False,653722.4375,22007.464065756554,96977.34785916447
2019-01-14 18:59:00,645765.0,756253.2615681693,756254.0,0.0,110489.0,110489.0,False,659785.375,21891.849942438275,96467.88656816934
2019-01-14 19:00:00,724007.0,787881.4208960072,787882.0,0.0,63875.0,63875.0,False,690974.5,21991.481788501507,96906.92089600718
2019-01-14 19:01:00,682141.0,774657.2373756018,774658.0,0.0,92517.0,92517.0,False,680953.0,21264.683788295613,93704.2373756018
2019-01-14 19:02:00,662056.0,764001.0897458814,764002.0,0.0,101946.0,101946.0,False,671006.0625,21103.73984840194,92995.02724588136
2019-01-14 19:03:00,652939.0,753504.5706582123,753505.0,0.0,100566.0,100566.0,False,661919.625,20783.74429732253,91584.94565821225
2019-01-14 19:04:00,616147.0,746949.2283383406,746950.0,0.0,130803.0,130803.0,False,655260.5625,20807.281939745837,91688.66583834066
2019-01-14 19:05:00,634508.0,738135.9679624152,738136.0,0.0,103628.0,103628.0,False,644010.625,21360.246992221797,94125.34296241523
2019-01-14 19:06:00,674976.0,745471.4284372684,745472.0,0.0,70496.0,70496.0,False,652111.3125,21186.590910365216,93360.11593726838
2019-01-14 19:07:00,782503.0,779653.1391694524,779654.0,2849.0,0.0,28490.0,False,689729.0,20406.850724458094,89924.13916945239
2019-01-14 19:08:00,779450.0,872262.9496031251,872263.0,0.0,92813.0,92813.0,False,769064.625,23419.215625981175,103198.32460312512
2019-01-14 19:09:00,685776.0,847011.8956471441,847012.0,0.0,161236.0,161236.0,False,745680.875,22995.4607428225,101331.02064714405
2019-01-14 19:10:00,693741.0,789894.8488200383,789895.0,0.0,96154.0,96154.0,False,684356.4375,23950.261024418036,105538.41132003826
2019-01-14 19:11:00,680601.0,784798.447030785,784799.0,0.0,104198.0,104198.0,False,679114.8125,23983.21711841914,105683.63453078507
2019-01-14 19:12:00,655545.0,776489.8377412491,776490.0,0.0,120945.0,120945.0,False,672637.0625,23567.732771678362,103852.77524124917
2019-01-14 19:13:00,647104.0,775277.1335712007,775278.0,0.0,128174.0,128174.0,False,671449.4375,23562.041453594033,103827.69607120067
2019-01-14 19:14:00,645812.0,755533.3767886411,755534.0,0.0,109722.0,109722.0,False,650801.25,23767.287595640955,104732.12678864106
2019-01-14 19:15:00,688770.0,761836.9501906271,761837.0,0.0,73067.0,73067.0,False,657129.5625,23761.673451486884,104707.38769062713
2019-01-14 19:16:00,675900.0,784208.783357712,784209.0,0.0,108309.0,108309.0,False,678516.6875,23985.137281760402,105692.09585771196
2019-01-14 19:17:00,659977.0,769029.6528979719,769030.0,0.0,109053.0,109053.0,False,663843.125,23870.406687942388,105186.52789797186
2019-01-14 19:18:00,676001.0,777023.712894371,777024.0,0.0,101023.0,101023.0,False,671979.875,23838.025464944334,105043.83789437106
2019-01-14 19:19:00,649056.0,774974.7163660554,774975.0,0.0,125919.0,125919.0,False,670171.375,23783.448609403462,104803.34136605538
2019-01-14 19:20:00,680219.0,778644.0719507274,778645.0,0.0,98426.0,98426.0,False,673266.5625,23913.74690864622,105377.50945072733
2019-01-14 19:21:00,683428.0,781797.4352228077,781798.0,0.0,98370.0,98370.0,False,677681.375,23627.48110361993,104116.06022280768
2019-01-14 19:22:00,661053.0,769886.3460165586,769887.0,0.0,108834.0,108834.0,False,666383.5,23488.321909163136,103502.84601655861
2019-01-14 19:23:00,664052.0,763261.9020034648,763262.0,0.0,99210.0,99210.0,False,660462.9375,23328.58721391802,102798.96450346477
2019-01-14 19:24:00,657863.0,763774.0309443569,763775.0,0.0,105912.0,105912.0,False,660951.8125,23333.864325324634,102822.21844435688
2019-01-14 19:25:00,663647.0,781223.382307034,781224.0,0.0,117577.0,117577.0,False,678769.0,23250.389774278174,102454.382307034
2019-01-14 19:26:00,647101.0,768833.870060487,768834.0,0.0,121733.0,121733.0,False,666489.0,23225.537714659637,102344.870060487
2019-01-14 19:27:00,624672.0,744747.6132290128,744748.0,0.0,120076.0,120076.0,False,641909.375,23337.49976022711,102838.23822901283
2019-01-14 19:28:00,631523.0,748628.0139093031,748629.0,0.0,117106.0,117106.0,False,645946.375,23301.9620395396,102681.63890930307
2019-01-14 19:29:00,631815.0,735344.1136373715,735345.0,0.0,103530.0,103530.0,False,632617.625,23312.13997078451,102726.48863737147
2019-01-14 19:30:00,698503.0,754458.7435092384,754459.0,0.0,55956.0,55956.0,False,652040.8125,23242.11773298092,102417.93100923831
2019-01-14 19:31:00,662179.0,765389.944573177,765390.0,0.0,103211.0,103211.0,False,666975.5625,22333.57608597877,98414.38207317705
2019-01-14 19:32:00,658495.0,752223.3968753126,752224.0,0.0,93729.0,93729.0,False,653823.6875,22330.246350961992,98399.70937531255
2019-01-14 19:33:00,650494.0,759870.5592349325,759871.0,0.0,109377.0,109377.0,False,661694.375,22279.5208815271,98176.1842349325
2019-01-14 19:34:00,638613.0,748005.341420943,748006.0,0.0,109393.0,109393.0,False,649909.25,22261.345093420805,98096.09142094303
2019-01-14 19:35:00,627384.0,758818.4462505503,758819.0,0.0,131435.0,131435.0,False,660914.25,22217.797541749846,97904.19625055033
2019-01-14 19:36:00,637582.0,732408.2537738527,732409.0,0.0,94827.0,94827.0,False,632944.75,22571.65754147244,99463.50377385275
2019-01-14 19:37:00,622451.0,735319.1946484151,735320.0,0.0,112869.0,112869.0,False,636191.0625,22495.55029417782,99128.1321484151
2019-01-14 19:38:00,615976.0,723121.8864071933,723122.0,0.0,107146.0,107146.0,False,624469.0625,22387.68666138352,98652.82390719332
2019-01-14 19:39:00,620173.0,717669.8064035665,717670.0,0.0,97497.0,97497.0,False,619825.4375,22204.22067851362,97844.36890356652
2019-01-14 19:40:00,649887.0,751891.1802956344,751892.0,0.0,102005.0,102005.0,False,656282.25,21696.923501169516,95608.93029563439
2019-01-14 19:41:00,626528.0,737843.7728563237,737844.0,0.0,111316.0,111316.0,False,643672.25,21370.726783412087,94171.52285632375
2019-01-14 19:42:00,616599.0,728573.342782248,728574.0,0.0,111975.0,111975.0,False,636024.25,21002.542126452026,92549.09278224809
2019-01-14 19:43:00,634251.0,722149.1297539357,722150.0,0.0,87899.0,87899.0,False,629635.375,20994.522723927545,92513.7547539357
2019-01-14 19:44:00,638098.0,728411.942476337,728412.0,0.0,90314.0,90314.0,False,635881.3125,20998.3522867976,92530.62997633699
2019-01-14 19:45:00,659298.0,736619.5890989981,736620.0,0.0,77322.0,77322.0,False,644071.125,21002.399456804542,92548.46409899808
2019-01-14 19:46:00,645723.0,736371.317462843,736372.0,0.0,90649.0,90649.0,False,644567.25,20833.47049986251,91804.067462843
2019-01-14 19:47:00,649118.0,733767.9351213869,733768.0,0.0,84650.0,84650.0,False,642116.8125,20798.762104791982,91651.1226213869
2019-01-14 19:48:00,644796.0,739698.7324166134,739699.0,0.0,94903.0,94903.0,False,648205.875,20762.846338029918,91492.85741661336
2019-01-14 19:49:00,634203.0,734512.1248813275,734513.0,0.0,100310.0,100310.0,False,643818.5625,20581.45906403952,90693.56238132746
2019-01-14 19:50:00,651809.0,755071.2003491928,755072.0,0.0,103263.0,103263.0,False,664290.9375,20601.13435392065,90780.26284919285
2019-01-14 19:51:00,632039.0,734452.9968696045,734453.0,0.0,102414.0,102414.0,False,643607.4375,20615.952358932136,90845.55936960447
2019-01-14 19:52:00,639584.0,724256.6789906019,724257.0,0.0,84673.0,84673.0,False,634003.25,20481.577803164048,90253.42899060187
2019-01-14 19:53:00,630248.0,731584.9472361342,731585.0,0.0,101337.0,101337.0,False,641221.6875,20506.502141053028,90363.25973613425
2019-01-14 19:54:00,644150.0,727705.0386099191,727706.0,0.0,83556.0,83556.0,False,637243.125,20528.890065967415,90461.91360991908
2019-01-14 19:55:00,647429.0,753768.2800464882,753769.0,0.0,106340.0,106340.0,False,663294.125,20531.66806496773,90474.1550464881
2019-01-14 19:56:00,634617.0,734644.7608769276,734645.0,0.0,100028.0,100028.0,False,643872.4375,20599.33261718074,90772.32337692767
2019-01-14 19:57:00,642185.0,731516.161336134,731517.0,0.0,89332.0,89332.0,False,641426.1875,20444.48426000447,90089.97383613396
2019-01-14 19:58:00,638503.0,734213.3382969209,734214.0,0.0,95711.0,95711.0,False,644218.5,20422.89476506749,89994.83829692092
2019-01-14 19:59:00,633430.0,730727.9737986358,730728.0,0.0,97298.0,97298.0,False,640819.75,20403.23898461294,89908.22379863576
2019-01-14 20:00:00,729691.0,761259.2479633878,761260.0,0.0,31569.0,31569.0,False,671539.5625,20360.453213197405,89719.6854633878
2019-01-14 20:01:00,660045.0,774641.8397060037,774642.0,0.0,114597.0,114597.0,False,680661.375,21327.369180111302,93980.46470600364
2019-01-14 20:02:00,664402.0,752202.2208574313,752203.0,0.0,87801.0,87801.0,False,657683.25,21449.5745717657,94518.97085743134
2019-01-14 20:03:00,647707.0,754206.2415480287,754207.0,0.0,106500.0,106500.0,False,659609.125,21467.30849123947,94597.11654802866
2019-01-14 20:04:00,648382.0,743801.7896215323,743802.0,0.0,95420.0,95420.0,False,649125.0,21485.38902592975,94676.78962153227
2019-01-14 20:05:00,653859.0,767094.0100880982,767095.0,0.0,113236.0,113236.0,False,674775.625,20950.18669087061,92318.3850880982
2019-01-14 20:06:00,705258.0,766749.685192673,766750.0,0.0,61492.0,61492.0,False,673902.125,21070.274550102793,92847.56019267296
2019-01-14 20:07:00,728414.0,808255.885697773,808256.0,0.0,79842.0,79842.0,False,714551.5625,21264.703264270036,93704.3231977729
2019-01-14 20:08:00,720235.0,802191.6390221372,802192.0,0.0,81957.0,81957.0,False,725207.5,17470.323849475993,76984.13902213717
2019-01-14 20:09:00,723023.0,784489.6797112104,784490.0,0.0,61467.0,61467.0,False,707897.125,17381.46002878304,76592.5547112104
2019-01-14 20:10:00,709796.0,805781.987145066,805782.0,0.0,95986.0,95986.0,False,735658.5,15913.408209015519,70123.48714506598
2019-01-14 20:11:00,682163.0,761201.2048461078,761202.0,0.0,79039.0,79039.0,False,690152.625,16123.343259056655,71048.57984610776
2019-01-14 20:12:00,647469.0,732427.6852324394,732428.0,0.0,84959.0,84959.0,False,661363.375,16126.913019620086,71064.31023243938
2019-01-14 20:13:00,636998.0,709327.2626260347,709328.0,0.0,72330.0,72330.0,False,638446.0,16085.373281637938,70881.26262603473
2019-01-14 20:14:00,624944.0,705600.1367000991,705601.0,0.0,80657.0,80657.0,False,635790.6875,15842.142300618221,69809.44920009904
2019-01-14 20:15:00,676927.0,700296.4966762245,700297.0,0.0,23370.0,23370.0,False,630342.25,15875.001780929766,69954.24667622453
2019-01-14 20:16:00,667837.0,726840.2287882649,726841.0,0.0,59004.0,59004.0,False,654065.5625,16515.05107731263,72774.66628826495
2019-01-14 20:17:00,672120.0,726900.2820010836,726901.0,0.0,54781.0,54781.0,False,653557.875,16643.890786913347,73342.40700108356
2019-01-14 20:18:00,652397.0,736480.4467564088,736481.0,0.0,84084.0,84084.0,False,662226.5,16850.75021184795,74253.94675640884
2019-01-14 20:19:00,635836.0,728061.4091168146,728062.0,0.0,92226.0,92226.0,False,653743.75,16865.20871698476,74317.65911681467
2019-01-14 20:20:00,660339.0,741272.7671738242,741273.0,0.0,80934.0,80934.0,False,667201.0,16809.407458042526,74071.76717382428
2019-01-14 20:21:00,642079.0,729703.4971858407,729704.0,0.0,87625.0,87625.0,False,655756.8125,16781.021980193094,73946.68468584075
2019-01-14 20:22:00,642855.0,706595.5042538337,706596.0,0.0,63741.0,63741.0,False,632507.5625,16813.078021284284,74087.94175383364
2019-01-14 20:23:00,643858.0,711374.8091088061,711375.0,0.0,67517.0,67517.0,False,636956.0,16888.163096158292,74418.8091088061
2019-01-14 20:24:00,639810.0,713334.2716497711,713335.0,0.0,73525.0,73525.0,False,638808.625,16912.40817395807,74525.64664977112
2019-01-14 20:25:00,658640.0,729409.5858010532,729410.0,0.0,70770.0,70770.0,False,654864.9375,16916.720295984618,74544.64830105317
2019-01-14 20:26:00,641121.0,721158.3719324946,721159.0,0.0,80038.0,80038.0,False,646922.125,16846.733518801975,74236.2469324946
2019-01-14 20:27:00,621717.0,733476.1494999876,733477.0,0.0,111760.0,111760.0,False,659890.9375,16698.991513075976,73585.21199998756
2019-01-14 20:28:00,627626.0,705590.1220519383,705591.0,0.0,77965.0,77965.0,False,629649.1875,17233.585215166477,75940.93455193834
2019-01-14 20:29:00,605169.0,704616.9376952288,704617.0,0.0,99448.0,99448.0,False,629017.0625,17156.18722787593,75599.87519522883
2019-01-14 20:30:00,652512.0,716635.2733844595,716636.0,0.0,64124.0,64124.0,False,640011.125,17388.62970958051,76624.14838445952
2019-01-14 20:31:00,624649.0,713013.7657982858,713014.0,0.0,88365.0,88365.0,False,641099.9375,16319.697610249208,71913.82829828585
2019-01-14 20:32:00,607889.0,703304.4603434604,703305.0,0.0,95416.0,95416.0,False,630977.6875,16413.408795796146,72326.77284346044
2019-01-14 20:33:00,632286.0,691951.3841605015,691952.0,0.0,59666.0,59666.0,False,618864.375,16585.932315959464,73087.00916050156
2019-01-14 20:34:00,615967.0,701725.4770710745,701726.0,0.0,85759.0,85759.0,False,628182.75,16689.35023532369,73542.7270710745
2019-01-14 20:35:00,630576.0,714895.2392699326,714896.0,0.0,84320.0,84320.0,False,641316.625,16697.494263354216,73578.61426993264
2019-01-14 20:36:00,644715.0,696377.3194239598,696378.0,0.0,51663.0,51663.0,False,624773.125,16249.431135518782,71604.19442395988
2019-01-14 20:37:00,629121.0,701730.7427315392,701731.0,0.0,72610.0,72610.0,False,629118.5625,16478.17745544608,72612.18023153914
2019-01-14 20:38:00,621777.0,700005.9578509526,700006.0,0.0,78229.0,78229.0,False,627683.8125,16412.358660096113,72322.14535095257
2019-01-14 20:39:00,613424.0,692063.583801646,692064.0,0.0,78640.0,78640.0,False,619801.5625,16398.714464994762,72262.021301646
2019-01-14 20:40:00,640169.0,720249.463584689,720250.0,0.0,80081.0,80081.0,False,647958.125,16405.367555302102,72291.33858468896
2019-01-14 20:41:00,611936.0,710256.7391756225,710257.0,0.0,98321.0,98321.0,False,637934.3125,16412.422502247908,72322.42667562242
2019-01-14 20:42:00,617117.0,684174.1740423177,684175.0,0.0,67058.0,67058.0,False,611088.0625,16585.72861581338,73086.11154231771
2019-01-14 20:43:00,621267.0,688729.3226954681,688730.0,0.0,67463.0,67463.0,False,616168.3125,16466.56523099433,72561.01019546813
2019-01-14 20:44:00,626651.0,692616.6253758436,692617.0,0.0,65966.0,65966.0,False,620041.1875,16469.839363195555,72575.43787584359
2019-01-14 20:45:00,640017.0,704048.6657671861,704049.0,0.0,64032.0,64032.0,False,631351.625,16497.4352020238,72697.0407671861
2019-01-14 20:46:00,633376.0,702009.6354565873,702010.0,0.0,68634.0,68634.0,False,629715.75,16405.945527303,72293.88545658735
2019-01-14 20:47:00,655904.0,704581.8727443618,704582.0,0.0,48678.0,48678.0,False,632240.25,16416.778744218947,72341.62274436174
2019-01-14 20:48:00,643601.0,719313.440739729,719314.0,0.0,75713.0,75713.0,False,645713.75,16702.27723238683,73599.69073972896
2019-01-14 20:49:00,623391.0,714364.6724983982,714365.0,0.0,90974.0,90974.0,False,640771.9375,16700.6987377098,73592.73499839817
2019-01-14 20:50:00,649571.0,718069.2634664981,718070.0,0.0,68499.0,68499.0,False,644071.1875,16792.68441257887,73998.07596649807
2019-01-14 20:51:00,640909.0,713638.7883043668,713639.0,0.0,72730.0,72730.0,False,639796.625,16757.302517889035,73842.16330436671
2019-01-14 20:52:00,658850.0,707505.7174552679,707506.0,0.0,48656.0,48656.0,False,633884.6875,16707.11982737969,73621.02995526785
2019-01-14 20:53:00,636102.0,719252.8639544718,719253.0,0.0,83151.0,83151.0,False,644259.0,17018.662631680803,74993.86395447174
2019-01-14 20:54:00,621152.0,705453.9661015758,705454.0,0.0,84302.0,84302.0,False,630566.6875,16994.474783945472,74887.27860157579
2019-01-14 20:55:00,642066.0,702339.3376799601,702340.0,0.0,60274.0,60274.0,False,627428.1875,16999.892058340814,74911.15017996011
2019-01-14 20:56:00,627550.0,708510.2132676014,708511.0,0.0,80961.0,80961.0,False,633574.875,17005.381159469445,74935.33826760142
2019-01-14 20:57:00,624159.0,716895.2517709062,716896.0,0.0,92737.0,92737.0,False,642059.375,16982.80995740249,74835.87677090618
2019-01-14 20:58:00,629443.0,701940.9910863795,701941.0,0.0,72498.0,72498.0,False,626468.25,17127.336167357174,75472.74108637952
2019-01-14 20:59:00,627116.0,700710.8536728414,700711.0,0.0,73595.0,73595.0,False,625262.0625,17121.90111604672,75448.79117284148
2019-01-14 21:00:00,713622.0,719956.3617992237,719957.0,0.0,6335.0,6335.0,False,644594.4375,17102.188063031233,75361.92429922365
2019-01-14 21:01:00,682471.0,747040.3793101463,747041.0,0.0,64570.0,64570.0,False,668746.3125,17767.591091360293,78294.06681014635
2019-01-14 21:02:00,665548.0,741902.1651913039,741903.0,0.0,76355.0,76355.0,False,664093.9375,17657.337643666593,77808.22769130391
2019-01-14 21:03:00,647485.0,738273.2635335547,738274.0,0.0,90789.0,90789.0,False,660550.0,17638.056381703685,77723.2635335548
2019-01-14 21:04:00,656537.0,723234.7482920857,723235.0,0.0,66698.0,66698.0,False,645450.3125,17651.938451188555,77784.43579208567
2019-01-14 21:05:00,658689.0,754867.6738738038,754868.0,0.0,96179.0,96179.0,False,676841.0625,17706.89634114864,78026.61137380378
2019-01-14 21:06:00,650743.0,760820.6576788274,760821.0,0.0,110078.0,110078.0,False,683022.5625,17655.03823138995,77798.09517882735
2019-01-14 21:07:00,671512.0,736252.9426899662,736253.0,0.0,64741.0,64741.0,False,658370.1875,17674.250472125295,77882.75518996624
2019-01-14 21:08:00,746368.0,754191.4689384856,754192.0,0.0,7824.0,7824.0,False,676351.1875,17664.61173091321,77840.28143848556
2019-01-14 21:09:00,755706.0,800466.2742348351,800467.0,0.0,44761.0,44761.0,False,713056.125,19836.3407613674,87410.14923483503
2019-01-14 21:10:00,721742.0,810259.3809017184,810260.0,0.0,88518.0,88518.0,False,720031.8125,20475.709154524582,90227.56840171838
2019-01-14 21:11:00,634048.0,785684.633671484,785685.0,0.0,151637.0,151637.0,False,696785.1875,20174.312973848835,88899.446171484
2019-01-14 21:12:00,653608.0,731597.6389517969,731598.0,0.0,77990.0,77990.0,False,635719.25,21758.07285020427,95878.38895179695
2019-01-14 21:13:00,651736.0,734863.6582906573,734864.0,0.0,83128.0,83128.0,False,638860.8125,21786.316346952968,96002.84579065735
2019-01-14 21:14:00,647479.0,742812.4187617869,742813.0,0.0,95334.0,95334.0,False,646592.875,21835.492499096054,96219.54376178686
2019-01-14 21:15:00,648939.0,738162.5631749365,738163.0,0.0,89224.0,89224.0,False,642196.625,21777.9407515726,95965.93817493648
2019-01-14 21:16:00,637511.0,741829.3734769206,741830.0,0.0,104319.0,104319.0,False,649347.5625,20987.27359265819,92481.81097692059
2019-01-14 21:17:00,660161.0,735649.9546788546,735650.0,0.0,75489.0,75489.0,False,643195.875,20980.980416373648,92454.07967885454
2019-01-14 21:18:00,645540.0,743719.637602611,743720.0,0.0,98180.0,98180.0,False,651362.5,20958.980956639116,92357.13760261101
2019-01-14 21:19:00,648124.0,742320.5913432305,742321.0,0.0,94197.0,94197.0,False,650079.75,20932.589373390045,92240.84134323047
2019-01-14 21:20:00,675828.0,756553.9419111921,756554.0,0.0,80726.0,80726.0,False,664905.4375,20798.167943701283,91648.50441119217
2019-01-14 21:21:00,655098.0,748717.0936171666,748718.0,0.0,93620.0,93620.0,False,656997.5625,20814.286323033666,91719.53111716665
2019-01-14 21:22:00,644619.0,746905.6145245181,746906.0,0.0,102287.0,102287.0,False,655558.125,20729.857410901837,91347.48952451813
2019-01-14 21:23:00,639264.0,734907.1967887734,734908.0,0.0,95644.0,95644.0,False,643457.0625,20753.15100482614,91450.13428877346
2019-01-14 21:24:00,619322.0,728424.1468518507,728425.0,0.0,109103.0,109103.0,False,636995.9375,20748.175489696845,91428.20935185067
2019-01-14 21:25:00,638808.0,723854.2000414273,723855.0,0.0,85047.0,85047.0,False,631840.5625,20881.029090353146,92013.6375414273
2019-01-14 21:26:00,627354.0,724470.9129167426,724471.0,0.0,97117.0,97117.0,False,632401.6875,20893.643873036945,92069.22541674266
2019-01-14 21:27:00,634318.0,719879.4738214652,719880.0,0.0,85562.0,85562.0,False,627825.8125,20890.111849578923,92053.66132146517
2019-01-14 21:28:00,622513.0,720142.7356832644,720143.0,0.0,97630.0,97630.0,False,630745.3125,20287.320922965435,89397.42318326446
2019-01-14 21:29:00,632693.0,717155.3170624839,717156.0,0.0,84463.0,84463.0,False,627616.875,20319.322910909268,89538.44206248385
2019-01-14 21:30:00,749223.0,759156.3473659173,759157.0,0.0,9934.0,9934.0,False,670746.375,20063.234691910446,88409.97236591733
2019-01-14 21:31:00,683293.0,780010.8586621049,780011.0,0.0,96718.0,96718.0,False,681685.625,22313.34527438719,98325.23366210489
2019-01-14 21:32:00,650097.0,761713.8525194487,761714.0,0.0,111617.0,111617.0,False,663999.9375,22174.616247887912,97713.91501944869
2019-01-14 21:33:00,647019.0,747153.8249873898,747154.0,0.0,100135.0,100135.0,False,650097.875,22025.301566478116,97055.94998738989
2019-01-14 21:34:00,626563.0,741519.6987284676,741520.0,0.0,114957.0,114957.0,False,644583.4375,21998.140109506927,96936.26122846763
2019-01-14 21:35:00,641004.0,750274.7315699662,750275.0,0.0,109271.0,109271.0,False,652991.625,22076.85113386376,97283.10656996616
2019-01-14 21:36:00,638907.0,757508.1509955435,757509.0,0.0,118602.0,118602.0,False,660166.5,22090.13685852611,97341.65099554342
2019-01-14 21:37:00,632517.0,759378.1164033076,759379.0,0.0,126862.0,126862.0,False,661618.5,22184.987448846023,97759.61640330766
2019-01-14 21:38:00,627948.0,731500.9222296696,731501.0,0.0,103553.0,103553.0,False,632177.3125,22539.91081691936,99323.60972966965
2019-01-14 21:39:00,639289.0,733160.1782030739,733161.0,0.0,93872.0,93872.0,False,633872.9375,22531.657445760196,99287.24070307387
2019-01-14 21:40:00,660362.0,758886.2458573293,758887.0,0.0,98525.0,98525.0,False,659682.75,22512.65288723079,99203.4958573293
2019-01-14 21:41:00,629310.0,759233.3814852344,759234.0,0.0,129924.0,129924.0,False,660179.75,22478.643555604125,99053.63148523435
2019-01-14 21:42:00,625209.0,731466.3153899412,731467.0,0.0,106258.0,106258.0,False,631931.125,22587.92567689158,99535.19038994118
2019-01-14 21:43:00,633703.0,732011.2749960531,732012.0,0.0,98309.0,98309.0,False,632389.25,22607.63140731068,99622.02499605311
2019-01-14 21:44:00,618526.0,728581.9086114977,728582.0,0.0,110056.0,110056.0,False,628979.5,22603.17978136161,99602.40861149775
2019-01-14 21:45:00,630324.0,729214.7840450027,729215.0,0.0,98891.0,98891.0,False,629426.3125,22645.403799789347,99788.47154500266
2019-01-14 21:46:00,626136.0,725734.2823807254,725735.0,0.0,99599.0,99599.0,False,626035.3125,22625.092823010844,99698.96988072534
2019-01-14 21:47:00,646299.0,725441.6166989277,725442.0,0.0,79143.0,79143.0,False,625751.25,22623.140467966685,99690.36669892774
2019-01-14 21:48:00,622032.0,736467.3283746669,736468.0,0.0,114436.0,114436.0,False,636989.875,22574.823181133932,99477.45337466692
2019-01-14 21:49:00,614926.0,724656.8743647932,724657.0,0.0,109731.0,109731.0,False,624783.9375,22664.571858424977,99872.93686479317
2019-01-14 21:50:00,630777.0,744083.2225315643,744084.0,0.0,113307.0,113307.0,False,644564.9375,22584.089275141974,99518.28503156426
2019-01-14 21:51:00,641511.0,723056.5923214188,723057.0,0.0,81546.0,81546.0,False,623228.375,22654.423470522284,99828.21732141876
2019-01-14 21:52:00,636468.0,732100.2190057746,732101.0,0.0,95633.0,95633.0,False,631777.25,22766.699482965374,100322.96900577459
2019-01-14 21:53:00,619147.0,728084.079909784,728085.0,0.0,108938.0,108938.0,False,628685.375,22556.952471639386,99398.70490978406
2019-01-14 21:54:00,633728.0,717384.3519265506,717385.0,0.0,83657.0,83657.0,False,617943.25,22566.573799130634,99441.10192655065
2019-01-14 21:55:00,629719.0,729024.7577579485,729025.0,0.0,99306.0,99306.0,False,629386.5625,22611.30099062526,99638.19525794846
2019-01-14 21:56:00,622534.0,725882.6090570646,725883.0,0.0,103349.0,103349.0,False,626552.25,22541.442469242233,99330.35905706469
2019-01-14 21:57:00,638027.0,743362.3776273892,743363.0,0.0,105336.0,105336.0,False,644069.875,22532.851555651232,99292.50262738914
2019-01-14 21:58:00,618927.0,724286.6274510762,724287.0,0.0,105360.0,105360.0,False,625492.1875,22419.824166333783,98794.4399510762
2019-01-14 21:59:00,624671.0,716831.8366325088,716832.0,0.0,92161.0,92161.0,False,617953.125,22438.9482818291,98878.71163250878
2019-01-14 22:00:00,726231.0,733586.9289671816,733587.0,0.0,7356.0,7356.0,False,634653.75,22451.308775666388,98933.17896718161
2019-01-14 22:01:00,651412.0,771898.6178941433,771899.0,0.0,120487.0,120487.0,False,667285.5625,23740.266239690154,104613.05539414339
2019-01-14 22:02:00,652930.0,748991.1218262676,748992.0,0.0,96062.0,96062.0,False,644185.25,23784.022857033655,104805.8718262676
2019-01-14 22:03:00,642876.0,755536.7409425458,755537.0,0.0,112661.0,112661.0,False,650635.1875,23805.73627546055,104901.55344254583
2019-01-14 22:04:00,634330.0,749798.052089779,749799.0,0.0,115469.0,115469.0,False,645082.6875,23763.483681662463,104715.36458977907
2019-01-14 22:05:00,647171.0,762694.252508403,762695.0,0.0,115524.0,115524.0,False,657935.1875,23773.400795439615,104759.06500840305
2019-01-14 22:06:00,722589.0,771258.6056737254,771259.0,0.0,48670.0,48670.0,False,666845.9375,23694.79155256022,104412.66817372537
2019-01-14 22:07:00,725084.0,829916.1318701248,829917.0,0.0,104833.0,104833.0,False,722745.4375,24320.6816573074,107170.69437012482
2019-01-14 22:08:00,727419.0,829425.4170512642,829426.0,0.0,102007.0,102007.0,False,722437.8125,24279.132339880904,106987.60455126424
2019-01-14 22:09:00,694547.0,812465.5306929712,812466.0,0.0,117919.0,117919.0,False,712811.125,22614.979690591063,99654.40569297121
2019-01-14 22:10:00,661817.0,792229.2557192867,792230.0,0.0,130413.0,130413.0,False,694925.3125,22081.579679460196,97303.94321928674
2019-01-14 22:11:00,648076.0,746934.3267150179,746935.0,0.0,98859.0,98859.0,False,647868.4375,22481.425252089895,99065.88921501789
2019-01-14 22:12:00,636912.0,730910.4372349457,730911.0,0.0,93999.0,93999.0,False,638472.125,20977.40224618347,92438.31223494571
2019-01-14 22:13:00,628149.0,724004.8530841735,724005.0,0.0,95856.0,95856.0,False,632107.0,20854.753652442767,91897.85308417348
2019-01-14 22:14:00,627421.0,715928.8800221528,715929.0,0.0,88508.0,88508.0,False,624298.8125,20793.983985467974,91630.06752215273
2019-01-14 22:15:00,653408.0,722243.8286094419,722244.0,0.0,68836.0,68836.0,False,630596.5625,20797.88693084753,91647.26610944192
2019-01-14 22:16:00,637563.0,736707.5338436619,736708.0,0.0,99145.0,99145.0,False,644224.375,20987.579469541088,92483.15884366189
2019-01-14 22:17:00,639372.0,727788.7454879474,727789.0,0.0,88417.0,88417.0,False,635476.0625,20948.892690086526,92312.6829879474
2019-01-14 22:18:00,627615.0,740091.3052308998,740092.0,0.0,112477.0,112477.0,False,648253.625,20841.09838205863,91837.68023089984
2019-01-14 22:19:00,623973.0,747518.5080996987,747519.0,0.0,123546.0,123546.0,False,655000.0,20995.601420018746,92518.50809969868
2019-01-14 22:20:00,638312.0,745254.030659149,745255.0,0.0,106943.0,106943.0,False,651124.1875,21361.26824017397,94129.84315914905
2019-01-14 22:21:00,625041.0,734319.2618785412,734320.0,0.0,109279.0,109279.0,False,640189.6875,21361.207244697212,94129.57437854126
2019-01-14 22:22:00,619713.0,717458.6227340725,717459.0,0.0,97746.0,97746.0,False,622998.5625,21436.20574435104,94460.0602340725
2019-01-14 22:23:00,614103.0,711205.2907503551,711206.0,0.0,97103.0,97103.0,False,616897.6875,21401.608060821825,94307.60325035513
2019-01-14 22:24:00,616165.0,711329.7894119564,711330.0,0.0,95165.0,95165.0,False,617033.0625,21399.13984910271,94296.7269119565
2019-01-14 22:25:00,616171.0,733136.099463,733137.0,0.0,116966.0,116966.0,False,639313.25,21291.600911817786,93822.8494629999
2019-01-14 22:26:00,625452.0,713208.4664929231,713209.0,0.0,87757.0,87757.0,False,618671.625,21453.63002777784,94536.84149292308
2019-01-14 22:27:00,635677.0,718147.1596104316,718148.0,0.0,82471.0,82471.0,False,623521.0625,21473.885168162175,94626.0971104317
2019-01-14 22:28:00,636054.0,720557.4795979498,720558.0,0.0,84504.0,84504.0,False,625727.875,21520.067950198754,94829.60459794973
2019-01-14 22:29:00,617821.0,724364.9885791986,724365.0,0.0,106544.0,106544.0,False,629406.375,21549.34448313836,94958.6135791986
2019-01-14 22:30:00,677698.0,735016.0018037398,735017.0,0.0,57319.0,57319.0,False,639928.0625,21578.692895921846,95087.9393037398
2019-01-14 22:31:00,647610.0,739080.5613613776,739081.0,0.0,91471.0,91471.0,False,652639.875,19616.336607596513,86440.68636137756
2019-01-14 22:32:00,626252.0,717011.2834270399,717012.0,0.0,90760.0,90760.0,False,630574.0,19615.564365863702,86437.2834270399
2019-01-14 22:33:00,623358.0,712308.1096504678,712309.0,0.0,88951.0,88951.0,False,626132.6875,19556.13912108651,86175.4221504678
2019-01-14 22:34:00,613736.0,705550.0678592051,705551.0,0.0,91815.0,91815.0,False,619376.0,19555.831786260842,86174.06785920511
2019-01-14 22:35:00,626600.0,702288.7543922056,702289.0,0.0,75689.0,75689.0,False,616590.0,19447.96696755955,85698.75439220565
2019-01-14 22:36:00,612123.0,710155.2405877184,710156.0,0.0,98033.0,98033.0,False,624426.5625,19454.757673515636,85728.67808771845
2019-01-14 22:37:00,604535.0,697325.7354741762,697326.0,0.0,92791.0,92791.0,False,612129.1875,19333.999222077124,85196.54797417627
2019-01-14 22:38:00,604385.0,692821.871686941,692822.0,0.0,88437.0,88437.0,False,609068.125,19006.578456467305,83753.746686941
2019-01-14 22:39:00,607582.0,691825.9626075652,691826.0,0.0,84244.0,84244.0,False,608065.5625,19008.088344276523,83760.40010756526
2019-01-14 22:40:00,641559.0,730404.3577565614,730405.0,0.0,88846.0,88846.0,False,646716.5,18991.626013451794,83687.85775656143
2019-01-14 22:41:00,623349.0,706587.8004523597,706588.0,0.0,83239.0,83239.0,False,622867.75,18998.931632873242,83720.0504523597
2019-01-14 22:42:00,595166.0,698124.57534916,698125.0,0.0,102959.0,102959.0,False,616192.3125,18593.221719133784,81932.26284915998
2019-01-14 22:43:00,623969.0,686985.5754856376,686986.0,0.0,63017.0,63017.0,False,604298.75,18764.457687885602,82686.8254856377
2019-01-14 22:44:00,616972.0,697399.0477465984,697400.0,0.0,80428.0,80428.0,False,613931.625,18941.601799883465,83467.42274659836
2019-01-14 22:45:00,638137.0,717321.3424155202,717322.0,0.0,79185.0,79185.0,False,634039.75,18899.430566870702,83281.59241552028
2019-01-14 22:46:00,623340.0,707785.5699827998,707786.0,0.0,84446.0,84446.0,False,624472.6875,18906.531349130397,83312.88248279986
2019-01-14 22:47:00,645070.0,699601.6516764812,699602.0,0.0,54532.0,54532.0,False,616286.3125,18907.08885662166,83315.33917648127
2019-01-14 22:48:00,629597.0,721619.0510894837,721620.0,0.0,92023.0,92023.0,False,637520.0625,19084.925605898887,84098.98858948363
2019-01-14 22:49:00,599110.0,708427.4380931165,708428.0,0.0,109318.0,109318.0,False,624643.6875,19013.387364955393,83783.75059311654
2019-01-14 22:50:00,639246.0,714176.6376867706,714177.0,0.0,74931.0,74931.0,False,629321.5625,19256.507413276806,84855.07518677058
2019-01-14 22:51:00,604252.0,708971.8696459844,708972.0,0.0,104720.0,104720.0,False,624307.75,19213.173095574988,84664.1196459844
2019-01-14 22:52:00,611750.0,686759.3106546678,686760.0,0.0,75010.0,75010.0,False,601957.25,19244.476609836915,84802.06065466777
2019-01-14 22:53:00,606205.0,691874.6892799764,691875.0,0.0,85670.0,85670.0,False,606927.4375,19277.425422559016,84947.25177997646
2019-01-14 22:54:00,605963.0,690907.1890658934,690908.0,0.0,84945.0,84945.0,False,606128.875,19239.087699842235,84778.31406589343
2019-01-14 22:55:00,615895.0,701287.4200165926,701288.0,0.0,85393.0,85393.0,False,616996.0625,19128.58066910876,84291.35751659256
2019-01-14 22:56:00,613157.0,692555.8923665173,692556.0,0.0,79399.0,79399.0,False,608264.125,19128.67367801952,84291.76736651738
2019-01-14 22:57:00,607959.0,706070.5700062525,706071.0,0.0,98112.0,98112.0,False,621755.375,19133.990207611212,84315.19500625253
2019-01-14 22:58:00,625235.0,695794.2134764283,695795.0,0.0,70560.0,70560.0,False,611191.375,19199.2663104681,84602.83847642833
2019-01-14 22:59:00,611442.0,700643.1912759369,700644.0,0.0,89202.0,89202.0,False,615735.8125,19268.376879543906,84907.37877593687
2019-01-14 23:00:00,711484.0,738954.2346622382,738955.0,0.0,27471.0,27471.0,False,654099.875,19256.345036383816,84854.35966223814
2019-01-14 23:01:00,645106.0,733248.8251317047,733249.0,0.0,88143.0,88143.0,False,658801.5,16894.634353241443,74447.32513170468
2019-01-14 23:02:00,652371.0,709339.2325973816,709340.0,0.0,56969.0,56969.0,False,635025.4375,16864.331839335475,74313.79509738152
2019-01-14 23:03:00,651248.0,719629.868486468,719630.0,0.0,68382.0,68382.0,False,644806.5625,16979.957218150405,74823.30598646803
2019-01-14 23:04:00,629553.0,711747.5412272062,711748.0,0.0,82195.0,82195.0,False,636939.25,16976.549857749196,74808.29122720625
2019-01-14 23:05:00,637780.0,719867.4379959217,719868.0,0.0,82088.0,82088.0,False,645187.4375,16947.436320195917,74680.00049592166
2019-01-14 23:06:00,652740.0,731909.4920644793,731910.0,0.0,79170.0,79170.0,False,657358.6875,16918.11736188835,74550.80456447924
2019-01-14 23:07:00,676817.0,735197.6937175394,735198.0,0.0,58381.0,58381.0,False,667875.5625,15277.685112112857,67322.13121753943
2019-01-14 23:08:00,684261.0,743895.1504323906,743896.0,0.0,59635.0,59635.0,False,676358.3125,15326.409380368017,67536.83793239061
2019-01-14 23:09:00,686833.0,743823.9074914872,743824.0,0.0,56991.0,56991.0,False,676182.1875,15350.21069271225,67641.71999148722
2019-01-14 23:10:00,667390.0,772506.7075806332,772507.0,0.0,105117.0,105117.0,False,705283.5625,15255.221785376638,67223.14508063318
2019-01-14 23:11:00,637495.0,731570.9794031936,731571.0,0.0,94076.0,94076.0,False,663548.3125,15436.660525125828,68022.66690319356
2019-01-14 23:12:00,658949.0,712142.7546227085,712143.0,0.0,53194.0,53194.0,False,642627.8125,15775.308611454091,69514.9421227086
2019-01-14 23:13:00,620860.0,726178.8618794595,726179.0,0.0,105319.0,105319.0,False,655976.5,15931.3075733638,70202.3618794595
2019-01-14 23:14:00,609331.0,690952.9317781104,690953.0,0.0,81622.0,81622.0,False,618140.5,16523.621353558035,72812.43177811042
2019-01-14 23:15:00,630045.0,688845.2983922522,688846.0,0.0,58801.0,58801.0,False,615955.6875,16541.13592390459,72889.61089225217
2019-01-14 23:16:00,604802.0,699849.9062972257,699850.0,0.0,95048.0,95048.0,False,627739.375,16364.33622201123,72110.53129722572
2019-01-14 23:17:00,535995.0,687700.7232375549,687701.0,0.0,151706.0,151706.0,False,614644.5,16578.94594122416,73056.22323755489
2019-01-14 23:18:00,567885.0,651246.9816281848,651247.0,0.0,83362.0,83362.0,False,566419.3125,19250.288044910623,84827.66912818476
2019-01-14 23:19:00,591624.0,660295.4116844613,660296.0,0.0,68672.0,68672.0,False,576016.9375,19125.657002137184,84278.47418446126
2019-01-14 23:20:00,633844.0,693013.6402048533,693014.0,0.0,59170.0,59170.0,False,609669.3125,18913.6673412941,83344.32770485326
2019-01-14 23:21:00,622058.0,706681.8956531519,706682.0,0.0,84624.0,84624.0,False,622266.3125,19156.77169817873,84415.58315315194
2019-01-14 23:22:00,605205.0,692598.0926699154,692599.0,0.0,87394.0,87394.0,False,608543.3125,19074.893209400838,84054.78016991538
2019-01-14 23:23:00,622582.0,689116.8826399836,689117.0,0.0,66535.0,66535.0,False,605061.6875,19074.987380246555,84055.19513998354
2019-01-14 23:24:00,612415.0,692565.7875919642,692566.0,0.0,80151.0,80151.0,False,607851.25,19224.614645162743,84714.53759196421
2019-01-14 23:25:00,616866.0,698560.8595448195,698561.0,0.0,81695.0,81695.0,False,613789.625,19237.48111532454,84771.23454481947
2019-01-14 23:26:00,601307.0,691289.1657470987,691290.0,0.0,89983.0,89983.0,False,607465.25,19022.502206745477,83823.91574709871
2019-01-14 23:27:00,614037.0,688747.7194513865,688748.0,0.0,74711.0,74711.0,False,604964.875,19013.181730526303,83782.84445138653
2019-01-14 23:28:00,618267.0,691555.3767965125,691556.0,0.0,73289.0,73289.0,False,607906.75,18982.723172091413,83648.62679651256
2019-01-14 23:29:00,636622.0,699034.5808042062,699035.0,0.0,62413.0,62413.0,False,615384.5,18983.053135972415,83650.0808042062
2019-01-14 23:30:00,704185.0,723500.9257926617,723501.0,0.0,19316.0,19316.0,False,639190.3125,19132.950460707056,84310.6132926617
2019-01-14 23:31:00,644028.0,744116.8896399041,744117.0,0.0,100089.0,100089.0,False,654607.8125,20312.659009568048,89509.07713990414
2019-01-14 23:32:00,616963.0,729340.2640667573,729341.0,0.0,112378.0,112378.0,False,639669.0,20349.464748675688,89671.26406675724
2019-01-14 23:33:00,611267.0,713243.8377819656,713244.0,0.0,101977.0,101977.0,False,622674.75,20553.211536827974,90569.08778196559
2019-01-14 23:34:00,581705.0,702011.9060773563,702012.0,0.0,120307.0,120307.0,False,611228.625,20601.819292716315,90783.2810773563
2019-01-14 23:35:00,593599.0,698598.8741592194,698599.0,0.0,105000.0,105000.0,False,606365.1875,20930.96573184128,92233.6866592195
2019-01-14 23:36:00,597509.0,692511.046007802,692512.0,0.0,95003.0,95003.0,False,600231.125,20941.457880652277,92279.92100780206
2019-01-14 23:37:00,599955.0,702754.3224906377,702755.0,0.0,102800.0,102800.0,False,610696.5625,20891.04197724813,92057.75999063763
2019-01-14 23:38:00,595014.0,693927.9346824051,693928.0,0.0,98914.0,98914.0,False,601778.25,20911.902821512147,92149.68468240506
2019-01-14 23:39:00,594908.0,689464.6263097241,689465.0,0.0,94557.0,94557.0,False,597279.6875,20919.903184042876,92184.93880972403
2019-01-14 23:40:00,634585.0,706855.8463317114,706856.0,0.0,72271.0,72271.0,False,614667.625,20920.648100111182,92188.2213317114
2019-01-14 23:41:00,608947.0,713078.7939847801,713079.0,0.0,104132.0,104132.0,False,620178.625,21082.21327731485,92900.16898478003
2019-01-14 23:42:00,607280.0,704009.2380602293,704010.0,0.0,96730.0,96730.0,False,610915.5625,21126.126511690694,93093.6755602293
2019-01-14 23:43:00,613165.0,698700.9226986627,698701.0,0.0,85536.0,85536.0,False,606320.375,20964.293504971352,92380.54769866272
2019-01-14 23:44:00,613704.0,696705.8445027244,696706.0,0.0,83002.0,83002.0,False,604947.4375,20823.10858589528,91758.40700272436
2019-01-14 23:45:00,639067.0,718907.5507683102,718908.0,0.0,79841.0,79841.0,False,627018.1875,20852.827023991267,91889.36326831018
2019-01-14 23:46:00,620960.0,713436.923643259,713437.0,0.0,92477.0,92477.0,False,621308.125,20907.16306768169,92128.79864325898
2019-01-14 23:47:00,604475.0,707538.1518791608,707539.0,0.0,103064.0,103064.0,False,615410.25,20906.95956135673,92127.90187916075
2019-01-14 23:48:00,614541.0,695241.4241924029,695242.0,0.0,80701.0,80701.0,False,604471.875,20598.70306020078,90769.54919240282
2019-01-14 23:49:00,591612.0,700667.8453276621,700668.0,0.0,109056.0,109056.0,False,609770.5,20627.70435706595,90897.34532766207
2019-01-14 23:50:00,617163.0,715385.926463689,715386.0,0.0,98223.0,98223.0,False,625045.3125,20501.363043786176,90340.61396368901
2019-01-14 23:51:00,591331.0,698032.1252024109,698033.0,0.0,106702.0,106702.0,False,607807.5,20475.04124233241,90224.62520241081
2019-01-14 23:52:00,580034.0,684306.6438105466,684307.0,0.0,104273.0,104273.0,False,594305.0625,20424.424984580994,90001.5813105466
2019-01-14 23:53:00,583403.0,677487.4904547282,677488.0,0.0,94085.0,94085.0,False,587386.125,20447.0694063546,90101.36545472819
2019-01-14 23:54:00,598860.0,675776.0419829433,675777.0,0.0,76917.0,76917.0,False,585662.5,20449.832675438098,90113.54198294326
2019-01-14 23:55:00,611202.0,717738.9035769454,717739.0,0.0,106537.0,106537.0,False,627254.4375,20534.007989055994,90484.46607694548
2019-01-14 23:56:00,588891.0,691788.1585593891,691789.0,0.0,102898.0,102898.0,False,600912.3125,20622.82544065503,90875.84605938908
2019-01-14 23:57:00,578440.0,681621.7037692844,681622.0,0.0,103182.0,103182.0,False,590622.0625,20650.918791251104,90999.64126928445
2019-01-14 23:58:00,587982.0,678464.1826131913,678465.0,0.0,90483.0,90483.0,False,587529.75,20636.12072564685,90934.4326131913
2019-01-14 23:59:00,586114.0,682620.7545515855,682621.0,0.0,96507.0,96507.0,False,592121.875,20537.278897491884,90498.87955158549
