timestamp,actual_demand,predicted,provisioned,cold_starts,idle_capacity,cost,is_extreme,base_prediction,sigma_t,buffer_t
2019-01-12 09:36:00,553495.0,661600.6662454507,661601.0,0.0,108106.0,108106.0,False,565275.875,22536.492745438274,96324.79124545076
2019-01-12 09:37:00,559100.0,662271.2912454507,662272.0,0.0,103172.0,103172.0,False,565946.5,22536.492745438274,96324.79124545076
2019-01-12 09:38:00,555599.0,665581.1037454507,665582.0,0.0,109983.0,109983.0,False,569256.3125,22536.492745438274,96324.79124545076
2019-01-12 09:39:00,570612.0,658673.5412454507,658674.0,0.0,88062.0,88062.0,False,562348.75,22536.492745438274,96324.79124545076
2019-01-12 09:40:00,584966.0,702120.3537454507,702121.0,0.0,117155.0,117155.0,False,605795.5625,22536.492745438274,96324.79124545076
2019-01-12 09:41:00,571705.0,676628.4162454507,676629.0,0.0,104924.0,104924.0,False,580303.625,22536.492745438274,96324.79124545076
2019-01-12 09:42:00,575588.0,679954.7287454507,679955.0,0.0,104367.0,104367.0,False,583629.9375,22536.492745438274,96324.79124545076
2019-01-12 09:43:00,565964.0,680625.8537454507,680626.0,0.0,114662.0,114662.0,False,584301.0625,22536.492745438274,96324.79124545076
2019-01-12 09:44:00,572865.0,666288.1662454507,666289.0,0.0,93424.0,93424.0,False,569963.375,22536.492745438274,96324.79124545076
2019-01-12 09:45:00,617089.0,673626.9787454507,673627.0,0.0,56538.0,56538.0,False,577302.1875,22536.492745438274,96324.79124545076
2019-01-12 09:46:00,615697.0,689103.9162454507,689104.0,0.0,73407.0,73407.0,False,592779.125,22536.492745438274,96324.79124545076
2019-01-12 09:47:00,621582.0,695454.3537454507,695455.0,0.0,73873.0,73873.0,False,599129.5625,22536.492745438274,96324.79124545076
2019-01-12 09:48:00,602921.0,713105.1037454507,713106.0,0.0,110185.0,110185.0,False,616780.3125,22536.492745438274,96324.79124545076
2019-01-12 09:49:00,590658.0,698121.2287454507,698122.0,0.0,107464.0,107464.0,False,601796.4375,22536.492745438274,96324.79124545076
2019-01-12 09:50:00,613440.0,689663.6662454507,689664.0,0.0,76224.0,76224.0,False,593338.875,22536.492745438274,96324.79124545076
2019-01-12 09:51:00,599705.0,695023.6662454507,695024.0,0.0,95319.0,95319.0,False,598698.875,22536.492745438274,96324.79124545076
2019-01-12 09:52:00,587745.0,692323.1662454507,692324.0,0.0,104579.0,104579.0,False,595998.375,22536.492745438274,96324.79124545076
2019-01-12 09:53:00,562710.0,684861.6037454507,684862.0,0.0,122152.0,122152.0,False,588536.8125,22536.492745438274,96324.79124545076
2019-01-12 09:54:00,581482.0,671404.6662454507,671405.0,0.0,89923.0,89923.0,False,575079.875,22536.492745438274,96324.79124545076
2019-01-12 09:55:00,578549.0,694526.0412454507,694527.0,0.0,115978.0,115978.0,False,598201.25,22536.492745438274,96324.79124545076
2019-01-12 09:56:00,555120.0,684920.3537454507,684921.0,0.0,129801.0,129801.0,False,588595.5625,22536.492745438274,96324.79124545076
2019-01-12 09:57:00,550793.0,682931.7287454507,682932.0,0.0,132139.0,132139.0,False,586606.9375,22536.492745438274,96324.79124545076
2019-01-12 09:58:00,562589.0,660789.6662454507,660790.0,0.0,98201.0,98201.0,False,564464.875,22536.492745438274,96324.79124545076
2019-01-12 09:59:00,583837.0,674511.6662454507,674512.0,0.0,90675.0,90675.0,False,578186.875,22536.492745438274,96324.79124545076
2019-01-12 10:00:00,672798.0,701354.8537454507,701355.0,0.0,28557.0,28557.0,False,605030.0625,22536.492745438274,96324.79124545076
2019-01-12 10:01:00,613156.0,722861.5412454507,722862.0,0.0,109706.0,109706.0,False,626536.75,22536.492745438274,96324.79124545076
2019-01-12 10:02:00,615925.0,706608.1662454507,706609.0,0.0,90684.0,90684.0,False,610283.375,22536.492745438274,96324.79124545076
2019-01-12 10:03:00,605002.0,714125.1662454507,714126.0,0.0,109124.0,109124.0,False,617800.375,22536.492745438274,96324.79124545076
2019-01-12 10:04:00,614712.0,699739.3537454507,699740.0,0.0,85028.0,85028.0,False,603414.5625,22536.492745438274,96324.79124545076
2019-01-12 10:05:00,632308.0,726121.9162454507,726122.0,0.0,93814.0,93814.0,False,629797.125,22536.492745438274,96324.79124545076
2019-01-12 10:06:00,629592.0,756622.6037454507,756623.0,0.0,127031.0,127031.0,False,660297.8125,22536.492745438274,96324.79124545076
2019-01-12 10:07:00,621169.0,762901.8537454507,762902.0,0.0,141733.0,141733.0,False,666577.0625,22536.492745438274,96324.79124545076
2019-01-12 10:08:00,611268.0,733678.8537454507,733679.0,0.0,122411.0,122411.0,False,637354.0625,22536.492745438274,96324.79124545076
2019-01-12 10:09:00,588057.0,725343.6037454507,725344.0,0.0,137287.0,137287.0,False,629018.8125,22536.492745438274,96324.79124545076
2019-01-12 10:10:00,630571.0,740995.8537454507,740996.0,0.0,110425.0,110425.0,False,644671.0625,22536.492745438274,96324.79124545076
2019-01-12 10:11:00,626327.0,729570.1662454507,729571.0,0.0,103244.0,103244.0,False,633245.375,22536.492745438274,96324.79124545076
2019-01-12 10:12:00,609606.0,721420.1037454507,721421.0,0.0,111815.0,111815.0,False,625095.3125,22536.492745438274,96324.79124545076
2019-01-12 10:13:00,590924.0,709791.4787454507,709792.0,0.0,118868.0,118868.0,False,613466.6875,22536.492745438274,96324.79124545076
2019-01-12 10:14:00,569357.0,699569.5412454507,699570.0,0.0,130213.0,130213.0,False,603244.75,22536.492745438274,96324.79124545076
2019-01-12 10:15:00,601976.0,693258.8537454507,693259.0,0.0,91283.0,91283.0,False,596934.0625,22536.492745438274,96324.79124545076
2019-01-12 10:16:00,611700.0,710296.1037454507,710297.0,0.0,98597.0,98597.0,False,613971.3125,22536.492745438274,96324.79124545076
2019-01-12 10:17:00,613031.0,708022.2912454507,708023.0,0.0,94992.0,94992.0,False,611697.5,22536.492745438274,96324.79124545076
2019-01-12 10:18:00,620360.0,705142.9162454507,705143.0,0.0,84783.0,84783.0,False,608818.125,22536.492745438274,96324.79124545076
2019-01-12 10:19:00,616865.0,708276.1037454507,708277.0,0.0,91412.0,91412.0,False,611951.3125,22536.492745438274,96324.79124545076
2019-01-12 10:20:00,645195.0,723982.7912454507,723983.0,0.0,78788.0,78788.0,False,627658.0,22536.492745438274,96324.79124545076
2019-01-12 10:21:00,630220.0,727566.7912454507,727567.0,0.0,97347.0,97347.0,False,631242.0,22536.492745438274,96324.79124545076
2019-01-12 10:22:00,616579.0,722095.9787454507,722096.0,0.0,105517.0,105517.0,False,625771.1875,22536.492745438274,96324.79124545076
2019-01-12 10:23:00,617967.0,708294.9787454507,708295.0,0.0,90328.0,90328.0,False,611970.1875,22536.492745438274,96324.79124545076
2019-01-12 10:24:00,590719.0,709537.0412454507,709538.0,0.0,118819.0,118819.0,False,613212.25,22536.492745438274,96324.79124545076
2019-01-12 10:25:00,607461.0,699516.7912454507,699517.0,0.0,92056.0,92056.0,False,603192.0,22536.492745438274,96324.79124545076
2019-01-12 10:26:00,595604.0,700109.2287454507,700110.0,0.0,104506.0,104506.0,False,603784.4375,22536.492745438274,96324.79124545076
2019-01-12 10:27:00,579180.0,696779.6662454507,696780.0,0.0,117600.0,117600.0,False,600454.875,22536.492745438274,96324.79124545076
2019-01-12 10:28:00,577091.0,686859.0412454507,686860.0,0.0,109769.0,109769.0,False,590534.25,22536.492745438274,96324.79124545076
2019-01-12 10:29:00,589654.0,679417.9162454507,679418.0,0.0,89764.0,89764.0,False,583093.125,22536.492745438274,96324.79124545076
2019-01-12 10:30:00,635898.0,727812.5412454507,727813.0,0.0,91915.0,91915.0,False,631487.75,22536.492745438274,96324.79124545076
2019-01-12 10:31:00,570907.0,708666.3537454507,708667.0,0.0,137760.0,137760.0,False,612341.5625,22536.492745438274,96324.79124545076
2019-01-12 10:32:00,582776.0,679787.4162454507,679788.0,0.0,97012.0,97012.0,False,583462.625,22536.492745438274,96324.79124545076
2019-01-12 10:33:00,566317.0,683698.9162454507,683699.0,0.0,117382.0,117382.0,False,587374.125,22536.492745438274,96324.79124545076
2019-01-12 10:34:00,536499.0,671373.9162454507,671374.0,0.0,134875.0,134875.0,False,575049.125,22536.492745438274,96324.79124545076
2019-01-12 10:35:00,584796.0,668226.9162454507,668227.0,0.0,83431.0,83431.0,False,571902.125,22536.492745438274,96324.79124545076
2019-01-12 10:36:00,567809.0,663051.9257172059,663052.0,0.0,95243.0,95243.0,False,577389.75,20041.829072746033,85662.17571720581
2019-01-12 10:37:00,568353.0,663332.6589272692,663333.0,0.0,94980.0,94980.0,False,577703.5,20034.10434646046,85629.15892726912
2019-01-12 10:38:00,557289.0,650216.4775230599,650217.0,0.0,92928.0,92928.0,False,564572.75,20037.512867248362,85643.72752305992
2019-01-12 10:39:00,570739.0,644144.8711747988,644145.0,0.0,73406.0,73406.0,False,558592.75,20016.080318302964,85552.12117479877
2019-01-12 10:40:00,592745.0,685466.5151966718,685467.0,0.0,92722.0,92722.0,False,599686.0,20069.51620070137,85780.5151966718
2019-01-12 10:41:00,590520.0,666141.0667165547,666142.0,0.0,75622.0,75622.0,False,580740.4375,19980.636717815305,85400.62921655465
2019-01-12 10:42:00,613963.0,669453.3242638066,669454.0,0.0,55491.0,55491.0,False,583626.6875,20080.30696754034,85826.6367638066
2019-01-12 10:43:00,607943.0,690256.4924629322,690257.0,0.0,82314.0,82314.0,False,602198.5625,20602.348306481883,88057.9299629322
2019-01-12 10:44:00,624957.0,685988.7290184547,685989.0,0.0,61032.0,61032.0,False,598044.3125,20575.790294936778,87944.41651845473
2019-01-12 10:45:00,657422.0,699480.7114767467,699481.0,0.0,42059.0,42059.0,False,609934.8125,20950.478859911476,89545.89897674677
2019-01-12 10:46:00,638847.0,726616.6771370639,726617.0,0.0,87770.0,87770.0,False,635825.125,21241.91632941283,90791.55213706395
2019-01-12 10:47:00,643693.0,710806.1516506494,710807.0,0.0,67114.0,67114.0,False,621179.0625,20969.474403441858,89627.08915064942
2019-01-12 10:48:00,648756.0,721773.2338867903,721774.0,0.0,73018.0,73018.0,False,632140.5,20970.795066102473,89632.73388679032
2019-01-12 10:49:00,627792.0,722535.6996086892,722536.0,0.0,94744.0,94744.0,False,632319.0,21107.42177543655,90216.69960868916
2019-01-12 10:50:00,631550.0,715000.3325602926,715001.0,0.0,83451.0,83451.0,False,624869.8125,21087.25890000092,90130.52006029256
2019-01-12 10:51:00,625232.0,712530.5660969622,712531.0,0.0,87299.0,87299.0,False,623193.3125,20901.663440463504,89337.25359696217
2019-01-12 10:52:00,628748.0,709706.4634617855,709707.0,0.0,80959.0,80959.0,False,620349.3125,20906.31869911702,89357.15096178545
2019-01-12 10:53:00,621864.0,713009.6442723082,713010.0,0.0,91146.0,91146.0,False,623422.5625,20960.114134085517,89587.0817723082
2019-01-12 10:54:00,615623.0,713567.6441768232,713568.0,0.0,97945.0,97945.0,False,624813.25,20765.29556544677,88754.39417682317
2019-01-12 10:55:00,613658.0,731045.5906713215,731046.0,0.0,117388.0,117388.0,False,642407.75,20738.02629034915,88637.84067132154
2019-01-12 10:56:00,595818.0,705428.4308365183,705429.0,0.0,109611.0,109611.0,False,616154.625,20886.81897545642,89273.80583651828
2019-01-12 10:57:00,589360.0,699099.885352365,699100.0,0.0,109740.0,109740.0,False,610870.125,20642.55035908774,88229.760352365
2019-01-12 10:58:00,590099.0,709133.918025542,709134.0,0.0,119035.0,119035.0,False,622154.3125,20350.059663586733,86979.60552554199
2019-01-12 10:59:00,579094.0,687861.4723575909,687862.0,0.0,108768.0,108768.0,False,599486.0625,20676.627038366874,88375.40985759092
2019-01-12 11:00:00,689136.0,702314.1770285141,702315.0,0.0,13179.0,13179.0,False,613647.1875,20744.846061253018,88666.98952851405
2019-01-12 11:01:00,638849.0,731973.9035459723,731974.0,0.0,93125.0,93125.0,False,641317.0,21210.41346335846,90656.9035459723
2019-01-12 11:02:00,617645.0,725515.1120185354,725516.0,0.0,107871.0,107871.0,False,634998.0,21177.70733751877,90517.11201853538
2019-01-12 11:03:00,613628.0,714681.5765266537,714682.0,0.0,101054.0,101054.0,False,624037.5625,21207.397785308625,90644.01402665378
2019-01-12 11:04:00,601598.0,704093.2621295286,704094.0,0.0,102496.0,102496.0,False,613507.1875,21193.84207668881,90586.07462952854
2019-01-12 11:05:00,608504.0,720168.7096956725,720169.0,0.0,111665.0,111665.0,False,629915.0,21116.0807877845,90253.7096956725
2019-01-12 11:06:00,672356.0,731556.249413744,731557.0,0.0,59201.0,59201.0,False,640940.25,21200.843386254714,90615.99941374401
2019-01-12 11:07:00,662473.0,785807.6464786307,785808.0,0.0,123335.0,123335.0,False,694156.3125,21443.073964789943,91651.3339786307
2019-01-12 11:08:00,683414.0,764366.8892155411,764367.0,0.0,80953.0,80953.0,False,674304.375,21071.348009283454,90062.51421554109
2019-01-12 11:09:00,680693.0,767072.7434560005,767073.0,0.0,86380.0,86380.0,False,677594.5,20934.649932251476,89478.24345600042
2019-01-12 11:10:00,686199.0,771502.7881663294,771503.0,0.0,85304.0,85304.0,False,684456.1875,20365.734086389137,87046.60066632938
2019-01-12 11:11:00,652373.0,748560.9084837274,748561.0,0.0,96188.0,96188.0,False,661722.0625,20317.127057640322,86838.84598372735
2019-01-12 11:12:00,647148.0,717069.1720296231,717070.0,0.0,69922.0,69922.0,False,630180.8125,20328.711423964414,86888.35952962305
2019-01-12 11:13:00,615680.0,722095.2988325994,722096.0,0.0,106416.0,106416.0,False,634887.8125,20403.375472410946,87207.48633259944
2019-01-12 11:14:00,604997.0,698045.6101329098,698046.0,0.0,93049.0,93049.0,False,611060.8125,20351.27442760041,86984.79763290987
2019-01-12 11:15:00,656380.0,700278.5413756674,700279.0,0.0,43899.0,43899.0,False,615110.75,19926.161143623332,85167.79137566745
2019-01-12 11:16:00,619308.0,729396.6777041493,729397.0,0.0,110089.0,110089.0,False,641158.3125,20644.563580993596,88238.36520414929
2019-01-12 11:17:00,609750.0,710186.9686487854,710187.0,0.0,100437.0,100437.0,False,621193.875,20821.142547814037,88993.09364878535
2019-01-12 11:18:00,608803.0,710204.7105502983,710205.0,0.0,101402.0,101402.0,False,621039.375,20861.440879258284,89165.33555029829
2019-01-12 11:19:00,619098.0,705129.8930686456,705130.0,0.0,86032.0,86032.0,False,616051.375,20841.12875067595,89078.51806864556
2019-01-12 11:20:00,634030.0,739901.1479987996,739902.0,0.0,105872.0,105872.0,False,650858.4375,20832.751083539268,89042.71049879961
2019-01-12 11:21:00,623732.0,715413.9387111278,715414.0,0.0,91682.0,91682.0,False,626640.25,20769.809783715627,88773.68871112786
2019-01-12 11:22:00,600260.0,713717.3886284167,713718.0,0.0,113458.0,113458.0,False,624945.4375,20769.403252648608,88771.95112841667
2019-01-12 11:23:00,603439.0,697182.0244733153,697183.0,0.0,93744.0,93744.0,False,607639.6875,20949.645480846193,89542.33697331534
2019-01-12 11:24:00,600748.0,695790.4652049508,695791.0,0.0,95043.0,95043.0,False,606369.25,20921.30739862697,89421.21520495076
2019-01-12 11:25:00,597077.0,726918.4900771851,726919.0,0.0,129842.0,129842.0,False,638161.5625,20765.888288858256,88756.9275771851
2019-01-12 11:26:00,606076.0,696853.4005208638,696854.0,0.0,90778.0,90778.0,False,605696.625,21327.365298811543,91156.7755208638
2019-01-12 11:27:00,589363.0,691176.9653603672,691177.0,0.0,101814.0,101814.0,False,600043.625,21321.88232482643,91133.34036036719
2019-01-12 11:28:00,584865.0,682780.1527915898,682781.0,0.0,97916.0,97916.0,False,592110.125,21213.484058812905,90670.0277915898
2019-01-12 11:29:00,586629.0,684076.9817127736,684077.0,0.0,97448.0,97448.0,False,593564.5,21176.62401461859,90512.48171277352
2019-01-12 11:30:00,667010.0,715529.4917288378,715530.0,0.0,48520.0,48520.0,False,625137.625,21148.404501497283,90391.86672883782
2019-01-12 11:31:00,630921.0,719530.4802072593,719531.0,0.0,88610.0,88610.0,False,625941.5625,21896.397985318028,93588.91770725924
2019-01-12 11:32:00,621874.0,704472.6655204155,704473.0,0.0,82599.0,82599.0,False,613375.8125,21313.34561624405,91096.85302041551
2019-01-12 11:33:00,624462.0,711556.7337709112,711557.0,0.0,87095.0,87095.0,False,620294.6875,21351.994820080956,91262.04627091128
2019-01-12 11:34:00,611739.0,704880.3683432033,704881.0,0.0,93142.0,93142.0,False,614230.625,21208.738236704234,90649.74334320339
2019-01-12 11:35:00,633526.0,711084.5523148783,711085.0,0.0,77559.0,77559.0,False,622870.1875,20638.948364062428,88214.36481487832
2019-01-12 11:36:00,609703.0,730468.6969915694,730469.0,0.0,120766.0,120766.0,False,642348.4375,20616.93114597519,88120.2594915694
2019-01-12 11:37:00,604886.0,700545.1487987591,700546.0,0.0,95660.0,95660.0,False,610805.9375,20995.706902311616,89739.21129875907
2019-01-12 11:38:00,599055.0,691567.6434982001,691568.0,0.0,92513.0,92513.0,False,601908.3125,20977.017821434583,89659.33099820014
2019-01-12 11:39:00,606871.0,695006.4174636286,695007.0,0.0,88136.0,88136.0,False,605412.6875,20961.669568709603,89593.72996362855
2019-01-12 11:40:00,627560.0,736778.681046564,736779.0,0.0,109219.0,109219.0,False,647460.125,20897.28889468504,89318.55604656406
2019-01-12 11:41:00,601990.0,709402.4288846983,709403.0,0.0,107413.0,107413.0,False,619535.0625,21025.690524671107,89867.36638469828
2019-01-12 11:42:00,597969.0,697326.8814240973,697327.0,0.0,99358.0,99358.0,False,607220.25,21081.66982921913,90106.63142409734
2019-01-12 11:43:00,600061.0,695677.8458926883,695678.0,0.0,95617.0,95617.0,False,607244.8125,20690.108846776697,88433.03339268824
2019-01-12 11:44:00,590787.0,698141.7305734713,698142.0,0.0,107355.0,107355.0,False,609778.625,20673.748284037745,88363.10557347127
2019-01-12 11:45:00,626420.0,720671.8666981542,720672.0,0.0,94252.0,94252.0,False,633381.5,20422.766459226637,87290.36669815422
2019-01-12 11:46:00,610391.0,696866.0407668806,696867.0,0.0,86476.0,86476.0,False,614235.25,19332.595405500895,82630.79076688067
2019-01-12 11:47:00,623041.0,692247.1502531426,692248.0,0.0,69207.0,69207.0,False,609710.4375,19310.584576858557,82536.71275314262
2019-01-12 11:48:00,622582.0,701620.5559397497,701621.0,0.0,79039.0,79039.0,False,619838.8125,19133.949255522097,81781.74343974973
2019-01-12 11:49:00,603930.0,702054.1043268521,702055.0,0.0,98125.0,98125.0,False,621005.5625,18962.406783263792,81048.54182685216
2019-01-12 11:50:00,624126.0,719051.957559911,719052.0,0.0,94926.0,94926.0,False,637715.0625,19029.87093720517,81336.895059911
2019-01-12 11:51:00,607805.0,702452.6852554645,702453.0,0.0,94648.0,94648.0,False,621229.125,19003.35472092078,81223.56025546454
2019-01-12 11:52:00,621061.0,693545.5785621027,693546.0,0.0,72485.0,72485.0,False,612296.0625,19009.427434294365,81249.51606210276
2019-01-12 11:53:00,601186.0,698900.2884313154,698901.0,0.0,97715.0,97715.0,False,617631.625,19013.907221291847,81268.66343131546
2019-01-12 11:54:00,614788.0,688926.1590357496,688927.0,0.0,74139.0,74139.0,False,607461.9375,19059.6606949813,81464.22153574957
2019-01-12 11:55:00,648044.0,713879.1780892516,713880.0,0.0,65836.0,65836.0,False,632134.8125,19125.204199906617,81744.36558925161
2019-01-12 11:56:00,607104.0,714277.1686543195,714278.0,0.0,107174.0,107174.0,False,632774.6875,19068.612052209228,81502.48115431947
2019-01-12 11:57:00,599038.0,701926.7697067163,701927.0,0.0,102889.0,102889.0,False,620059.1875,19154.032400515254,81867.58220671624
2019-01-12 11:58:00,578714.0,691265.4812556946,691266.0,0.0,112552.0,112552.0,False,609428.0625,19146.97525160961,81837.41875569469
2019-01-12 11:59:00,584432.0,678663.791866799,678664.0,0.0,94232.0,94232.0,False,596959.8125,19115.755294826733,81703.97936679905
2019-01-12 12:00:00,710456.0,715091.2130040452,715092.0,0.0,4636.0,4636.0,False,633735.875,19034.185914391324,81355.3380040452
2019-01-12 12:01:00,650176.0,753092.936190268,753093.0,0.0,102917.0,102917.0,False,671366.9375,19120.90701451595,81725.99869026805
2019-01-12 12:02:00,653458.0,732330.0199573642,732331.0,0.0,78873.0,78873.0,False,650105.375,19237.572078988473,82224.64495736423
2019-01-12 12:03:00,633152.0,729810.4222875289,729811.0,0.0,96659.0,96659.0,False,647766.75,19195.23106575468,82043.67228752893
2019-01-12 12:04:00,618287.0,716032.9131139014,716033.0,0.0,97746.0,97746.0,False,633864.375,19224.445121179157,82168.53811390136
2019-01-12 12:05:00,682236.0,731770.3111393466,731771.0,0.0,49535.0,49535.0,False,649477.1875,19253.59359639597,82293.1236393466
2019-01-12 12:06:00,706413.0,799421.4891717407,799422.0,0.0,93009.0,93009.0,False,715182.5,19708.855257359806,84238.98917174072
2019-01-12 12:07:00,710186.0,801559.078555336,801560.0,0.0,91374.0,91374.0,False,719580.875,19179.91376696749,81978.20355533593
2019-01-12 12:08:00,731428.0,799636.9178208151,799637.0,0.0,68209.0,68209.0,False,719024.125,18860.457386992988,80612.79282081516
2019-01-12 12:09:00,730227.0,805723.6230110497,805724.0,0.0,75497.0,75497.0,False,724927.8125,18903.276860515107,80795.81051104971
2019-01-12 12:10:00,675699.0,802488.7037003589,802489.0,0.0,126790.0,126790.0,False,721625.5625,18919.029789450036,80863.14120035889
2019-01-12 12:11:00,634651.0,741920.7900102409,741921.0,0.0,107270.0,107270.0,False,657925.25,19651.897020637083,83995.54001024083
2019-01-12 12:12:00,612267.0,721824.0942840104,721825.0,0.0,109558.0,109558.0,False,637250.25,19787.19915731396,84573.84428401038
2019-01-12 12:13:00,619758.0,702667.5378771629,702668.0,0.0,82910.0,82910.0,False,618286.1875,19742.162594253514,84381.35037716287
2019-01-12 12:14:00,621463.0,709200.8585029064,709201.0,0.0,87738.0,87738.0,False,625074.3125,19682.547651332916,84126.54600290644
2019-01-12 12:15:00,662960.0,719960.4081432128,719961.0,0.0,57001.0,57001.0,False,635830.0625,19683.436628771557,84130.34564321277
2019-01-12 12:16:00,647567.0,739734.0930951664,739735.0,0.0,92168.0,92168.0,False,657653.1875,19203.9423036054,82080.90559516638
2019-01-12 12:17:00,646980.0,733220.2289218686,733221.0,0.0,86241.0,86241.0,False,651602.5625,19095.561209460837,81617.66642186858
2019-01-12 12:18:00,652729.0,735754.6245040105,735755.0,0.0,83026.0,83026.0,False,654208.375,19078.852251876815,81546.24950401051
2019-01-12 12:19:00,654293.0,751938.994944041,751939.0,0.0,97646.0,97646.0,False,670464.125,19062.152034678056,81474.86994404106
2019-01-12 12:20:00,658594.0,770168.2152838837,770169.0,0.0,111575.0,111575.0,False,688592.125,19085.83390748629,81576.09028388369
2019-01-12 12:21:00,621109.0,738146.8352550709,738147.0,0.0,117038.0,117038.0,False,655691.125,19291.63294263697,82455.71025507097
2019-01-12 12:22:00,611693.0,714612.0598630796,714613.0,0.0,102920.0,102920.0,False,630655.4375,19642.79170868595,83956.62236307963
2019-01-12 12:23:00,615396.0,705412.4866312731,705413.0,0.0,90017.0,90017.0,False,621784.6875,19565.859049062965,83627.79913127303
2019-01-12 12:24:00,627098.0,704675.2583659086,704676.0,0.0,77578.0,77578.0,False,621052.9375,19564.57733450074,83622.32086590862
2019-01-12 12:25:00,607715.0,731751.6831536492,731752.0,0.0,124037.0,124037.0,False,647870.0,19625.258663165267,83881.68315364925
2019-01-12 12:26:00,598956.0,699874.7958935567,699875.0,0.0,100919.0,100919.0,False,616110.6875,19597.750451690197,83764.10839355673
2019-01-12 12:27:00,602450.0,697225.5444120611,697226.0,0.0,94776.0,94776.0,False,613305.375,19634.26304586138,83920.16941206108
2019-01-12 12:28:00,590159.0,700862.3263881041,700863.0,0.0,110704.0,110704.0,False,616939.1875,19634.95779509922,83923.13888810418
2019-01-12 12:29:00,602459.0,705855.0915952503,705856.0,0.0,103397.0,103397.0,False,621172.5,19812.642067276756,84682.59159525025
2019-01-12 12:30:00,667302.0,728679.5320643694,728680.0,0.0,61378.0,61378.0,False,643729.9375,19875.111037089853,84949.59456436943
2019-01-12 12:31:00,637873.0,720837.959609336,720838.0,0.0,82965.0,82965.0,False,638518.8125,19259.68214052927,82319.14710933605
2019-01-12 12:32:00,636552.0,715787.4795052081,715788.0,0.0,79236.0,79236.0,False,633658.4375,19215.204470298628,82129.04200520809
2019-01-12 12:33:00,643793.0,720734.7776061433,720735.0,0.0,76942.0,76942.0,False,638871.0625,19153.127639831317,81863.71510614331
2019-01-12 12:34:00,635801.0,723185.4982173465,723186.0,0.0,87385.0,87385.0,False,641289.125,19160.768448357278,81896.37321734647
2019-01-12 12:35:00,638370.0,725404.3936883275,725405.0,0.0,87035.0,87035.0,False,643542.8125,19152.6283807854,81861.58118832752
2019-01-12 12:36:00,644264.0,727708.4646123177,727709.0,0.0,83445.0,83445.0,False,646438.375,19014.24089570107,81270.08961231778
2019-01-12 12:37:00,621809.0,725055.3706148114,725056.0,0.0,103247.0,103247.0,False,644965.4375,18738.127259734167,80089.9331148114
2019-01-12 12:38:00,605102.0,703227.979397842,703228.0,0.0,98126.0,98126.0,False,622648.0,18852.7802411697,80579.97939784193
2019-01-12 12:39:00,612841.0,701486.0761682112,701487.0,0.0,88646.0,88646.0,False,620745.4375,18890.368658796673,80740.63866821122
2019-01-12 12:40:00,640759.0,734604.6215606726,734605.0,0.0,93846.0,93846.0,False,654015.25,18854.977665184455,80589.37156067266
2019-01-12 12:41:00,619318.0,718606.1417509872,718607.0,0.0,99289.0,99289.0,False,638244.3125,18801.741052416306,80361.8292509872
2019-01-12 12:42:00,622150.0,707808.6483643352,707809.0,0.0,85659.0,85659.0,False,627390.5625,18814.903050923713,80418.08586433514
2019-01-12 12:43:00,637722.0,709889.2156352572,709890.0,0.0,72168.0,72168.0,False,629467.875,18815.664548772016,80421.34063525715
2019-01-12 12:44:00,632725.0,720160.1380845875,720161.0,0.0,87436.0,87436.0,False,639282.25,18922.480023238662,80877.88808458757
2019-01-12 12:45:00,651955.0,731692.1616935469,731693.0,0.0,79738.0,79738.0,False,651081.9375,18859.856421768483,80610.22419354692
2019-01-12 12:46:00,653909.0,729012.8433972081,729013.0,0.0,75104.0,75104.0,False,648288.6875,18886.51229072847,80724.15589720815
2019-01-12 12:47:00,651527.0,738213.9013915983,738214.0,0.0,86687.0,86687.0,False,657217.4375,18950.22244323179,80996.46389159828
2019-01-12 12:48:00,640182.0,732997.9180546612,732998.0,0.0,92816.0,92816.0,False,652766.75,18771.171091505545,80231.16805466122
2019-01-12 12:49:00,648749.0,723939.588736833,723940.0,0.0,75191.0,75191.0,False,643836.375,18741.2344415715,80103.21373683293
2019-01-12 12:50:00,679400.0,747059.4743677801,747060.0,0.0,67660.0,67660.0,False,666874.25,18760.421942167086,80185.22436778019
2019-01-12 12:51:00,659264.0,741086.8693030218,741087.0,0.0,81823.0,81823.0,False,660296.0,18902.120797808573,80790.86930302186
2019-01-12 12:52:00,675013.0,737553.5154603765,737554.0,0.0,62541.0,62541.0,False,656804.0625,18892.43088212331,80749.45296037654
2019-01-12 12:53:00,662687.0,749065.1150843444,749066.0,0.0,86379.0,86379.0,False,667619.0625,19055.4098221142,81446.05258434443
2019-01-12 12:54:00,684138.0,740891.0814394742,740892.0,0.0,56754.0,56754.0,False,659647.75,19007.98045785976,81243.33143947426
2019-01-12 12:55:00,670150.0,765568.4495674979,765569.0,0.0,95419.0,95419.0,False,682943.9375,19331.126418532334,82624.51206749797
2019-01-12 12:56:00,648510.0,747241.1522860236,747242.0,0.0,98732.0,98732.0,False,665403.0625,19147.132248265858,81838.0897860236
2019-01-12 12:57:00,636559.0,736922.3918634884,736923.0,0.0,100364.0,100364.0,False,655584.625,19030.074907488866,81337.76686348839
2019-01-12 12:58:00,631408.0,725559.6447407036,725560.0,0.0,94152.0,94152.0,False,644327.3125,19005.4070459676,81232.33224070359
2019-01-12 12:59:00,635327.0,721682.5881892276,721683.0,0.0,86356.0,86356.0,False,641528.8125,18753.0640968306,80153.77568922762
2019-01-12 13:00:00,743162.0,746696.3596249077,746697.0,0.0,3535.0,3535.0,False,666634.25,18731.617576502475,80062.10962490774
2019-01-12 13:01:00,687123.0,769764.9417470358,769765.0,0.0,82642.0,82642.0,False,689762.9375,18717.555107278728,80002.00424703579
2019-01-12 13:02:00,691558.0,760919.683560762,760920.0,0.0,69362.0,69362.0,False,681382.6875,18608.76012852996,79536.99606076202
2019-01-12 13:03:00,707900.0,767871.2775433094,767872.0,0.0,59972.0,59972.0,False,688024.0625,18681.3400714427,79847.2150433094
2019-01-12 13:04:00,665132.0,770673.9279912511,770674.0,0.0,105542.0,105542.0,False,689856.3125,18908.37843168665,80817.6154912511
2019-01-12 13:05:00,670364.0,770844.8792337676,770845.0,0.0,100481.0,100481.0,False,689492.5,19033.493669912685,81352.37923376764
2019-01-12 13:06:00,701916.0,779015.8042937755,779016.0,0.0,77100.0,77100.0,False,700009.1875,18484.670697883637,79006.61679377544
2019-01-12 13:07:00,720580.0,801863.1343931096,801864.0,0.0,81284.0,81284.0,False,722774.1875,18503.93294244586,79088.94689310958
2019-01-12 13:08:00,717152.0,818272.8047361231,818273.0,0.0,101121.0,101121.0,False,739198.0,18500.624192806117,79074.80473612304
2019-01-12 13:09:00,740164.0,797937.7294517653,797938.0,0.0,57774.0,57774.0,False,718954.5625,18479.18428895911,78983.16695176534
2019-01-12 13:10:00,734851.0,841917.2055462864,841918.0,0.0,107067.0,107067.0,False,761782.0,18748.71935975652,80135.20554628638
2019-01-12 13:11:00,727068.0,799784.3103895664,799785.0,0.0,72717.0,72717.0,False,721922.625,18216.798450756392,77861.6853895664
2019-01-12 13:12:00,710610.0,793506.4329106659,793507.0,0.0,82897.0,82897.0,False,716100.0,18110.285952204064,77406.43291066587
2019-01-12 13:13:00,670371.0,787082.7091668431,787083.0,0.0,116712.0,116712.0,False,710497.6875,17918.10563913947,76585.02166684314
2019-01-12 13:14:00,658204.0,749025.1035498622,749026.0,0.0,90822.0,90822.0,False,670068.4375,18472.98404314734,78956.66604986212
2019-01-12 13:15:00,675841.0,748546.2698922179,748547.0,0.0,72706.0,72706.0,False,669508.25,18492.017879134517,79038.01989221793
2019-01-12 13:16:00,654723.0,752385.81505458,752386.0,0.0,97663.0,97663.0,False,675143.0625,18071.99071055542,77242.75255458
2019-01-12 13:17:00,649283.0,739205.7749848637,739206.0,0.0,89923.0,89923.0,False,661574.125,18162.978544559384,77631.64998486369
2019-01-12 13:18:00,640966.0,736382.8095662775,736383.0,0.0,95417.0,95417.0,False,658672.25,18181.44051251267,77710.5595662776
2019-01-12 13:19:00,641444.0,734694.9329534259,734695.0,0.0,93251.0,93251.0,False,656758.25,18234.345149088054,77936.68295342586
2019-01-12 13:20:00,653162.0,746903.5322349035,746904.0,0.0,93742.0,93742.0,False,668998.9375,18226.837674692408,77904.59473490359
2019-01-12 13:21:00,636508.0,744910.7276151216,744911.0,0.0,108403.0,108403.0,False,667946.25,18006.884510238197,76964.47761512164
2019-01-12 13:22:00,630465.0,758747.741667312,758748.0,0.0,128283.0,128283.0,False,682121.3125,17927.7934860775,76626.42916731202
2019-01-12 13:23:00,632271.0,728635.5918161831,728636.0,0.0,96365.0,96365.0,False,648308.625,18793.584512455065,80326.96681618306
2019-01-12 13:24:00,632057.0,729834.5051483171,729835.0,0.0,97778.0,97778.0,False,649334.9375,18833.966820591424,80499.56764831705
2019-01-12 13:25:00,634516.0,753448.6812201724,753449.0,0.0,118933.0,118933.0,False,673050.375,18810.275334617072,80398.30622017242
2019-01-12 13:26:00,627849.0,728973.3924564683,728974.0,0.0,101125.0,101125.0,False,648774.1875,18763.69289070975,80199.2049564683
2019-01-12 13:27:00,618578.0,725137.4677318706,725138.0,0.0,106560.0,106560.0,False,644765.5625,18804.09846494891,80371.90523187062
2019-01-12 13:28:00,628306.0,719263.0326982826,719264.0,0.0,90958.0,90958.0,False,638231.6875,18958.383398525628,81031.34519828261
2019-01-12 13:29:00,631695.0,730699.093120944,730700.0,0.0,99005.0,99005.0,False,650383.0,18791.04046381812,80316.09312094397
2019-01-12 13:30:00,700249.0,759060.2089334177,759061.0,0.0,58812.0,58812.0,False,678745.25,18790.775105247118,80314.95893341773
2019-01-12 13:31:00,662373.0,743353.4456288356,743354.0,0.0,80981.0,80981.0,False,663270.3125,18736.53631068945,80083.13312883553
2019-01-12 13:32:00,652967.0,737242.7354014558,737243.0,0.0,84276.0,84276.0,False,657165.5625,18735.141834569986,80077.17290145581
2019-01-12 13:33:00,652840.0,740228.4818158305,740229.0,0.0,87389.0,87389.0,False,660324.4375,18694.63605133884,79904.04431583046
2019-01-12 13:34:00,649576.0,735666.15548449,735667.0,0.0,86091.0,86091.0,False,656043.75,18628.742822843127,79622.40548449
2019-01-12 13:35:00,672621.0,748020.1161701658,748021.0,0.0,75400.0,75400.0,False,668402.8125,18627.549184112966,79617.30367016581
2019-01-12 13:36:00,673337.0,760951.9316568224,760952.0,0.0,87615.0,87615.0,False,681091.0625,18684.5346366855,79860.86915682247
2019-01-12 13:37:00,669050.0,761704.1105656688,761705.0,0.0,92655.0,92655.0,False,681891.625,18673.214638615056,79812.48556566874
2019-01-12 13:38:00,659639.0,750880.8484759323,750881.0,0.0,91242.0,91242.0,False,671494.5,18573.514080666922,79386.34847593223
2019-01-12 13:39:00,639379.0,748153.6493406685,748154.0,0.0,108775.0,108775.0,False,668934.125,18534.48330919549,79219.52434066852
2019-01-12 13:40:00,660628.0,766535.7429991048,766536.0,0.0,105908.0,105908.0,False,686362.375,18757.647983737625,80173.36799910474
2019-01-12 13:41:00,622770.0,750949.5025418105,750950.0,0.0,128180.0,128180.0,False,670208.875,18890.366055624163,80740.62754181052
2019-01-12 13:42:00,627915.0,721962.6081748306,721963.0,0.0,94048.0,94048.0,False,638539.9375,19517.866461581325,83422.67067483059
2019-01-12 13:43:00,630397.0,718853.9419991336,718854.0,0.0,88457.0,88457.0,False,635434.6875,19517.067200894464,83419.25449913359
2019-01-12 13:44:00,637742.0,727338.5769875321,727339.0,0.0,89597.0,89597.0,False,644399.5625,19404.708529802734,82939.01448753205
2019-01-12 13:45:00,666238.0,739176.801495659,739177.0,0.0,72939.0,72939.0,False,656238.4375,19404.556338397095,82938.36399565902
2019-01-12 13:46:00,648877.0,739265.773501965,739266.0,0.0,90389.0,90389.0,False,655868.5,19511.924448163612,83397.27350196504
2019-01-12 13:47:00,647690.0,746232.6535724931,746233.0,0.0,98543.0,98543.0,False,663188.0,19429.424228026186,83044.6535724931
2019-01-12 13:48:00,640007.0,742735.9670407347,742736.0,0.0,102729.0,102729.0,False,659616.5625,19446.913231964932,83119.40454073467
2019-01-12 13:49:00,642038.0,736005.5100000526,736006.0,0.0,93968.0,93968.0,False,652694.8125,19491.668817045185,83310.69750005267
2019-01-12 13:50:00,671877.0,768628.4338035046,768629.0,0.0,96752.0,96752.0,False,685658.1875,19412.015637194214,82970.24630350461
2019-01-12 13:51:00,646491.0,744318.741107722,744319.0,0.0,97828.0,97828.0,False,662179.4375,19217.605311531926,82139.30360772199
2019-01-12 13:52:00,637107.0,733940.356191984,733941.0,0.0,96834.0,96834.0,False,651864.8125,19202.687813555556,82075.54369198403
2019-01-12 13:53:00,624481.0,728312.7948853193,728313.0,0.0,103832.0,103832.0,False,647675.3125,18866.23384582712,80637.4823853193
2019-01-12 13:54:00,604614.0,720331.9449236917,720332.0,0.0,115718.0,115718.0,False,639439.3125,18925.92966156085,80892.63242369173
2019-01-12 13:55:00,649852.0,717913.1257838514,717914.0,0.0,68062.0,68062.0,False,638334.125,18618.587703808727,79579.00078385133
2019-01-12 13:56:00,628350.0,726474.479684344,726475.0,0.0,98125.0,98125.0,False,645910.25,18849.095381857805,80564.22968434407
2019-01-12 13:57:00,614857.0,716586.4933970105,716587.0,0.0,101730.0,101730.0,False,636006.8125,18852.71040284733,80579.68089701045
2019-01-12 13:58:00,619489.0,710550.9898101854,710551.0,0.0,91062.0,91062.0,False,629899.375,18869.54031850515,80651.61481018539
2019-01-12 13:59:00,634144.0,709519.8756448124,709520.0,0.0,75376.0,75376.0,False,628873.4375,18868.32916735583,80646.43814481235
2019-01-12 14:00:00,734824.0,764163.1977763125,764164.0,0.0,29340.0,29340.0,False,683061.6875,18974.7994711852,81101.51027631247
2019-01-12 14:01:00,670937.0,759210.9874442433,759211.0,0.0,88274.0,88274.0,False,685437.6875,17260.265166460984,73773.29994424325
2019-01-12 14:02:00,667911.0,742001.4042364776,742002.0,0.0,74091.0,74091.0,False,668367.625,17227.62240256038,73633.77923647754
2019-01-12 14:03:00,659159.0,743299.1655301836,743300.0,0.0,84141.0,84141.0,False,670392.8125,17057.43116509161,72906.35303018363
2019-01-12 14:04:00,649275.0,728492.5840022534,728493.0,0.0,79218.0,79218.0,False,657732.1875,16555.355499020447,70760.39650225341
2019-01-12 14:05:00,656518.0,757288.6659086492,757289.0,0.0,100771.0,100771.0,False,686844.9375,16481.266699014253,70443.72840864923
2019-01-12 14:06:00,768448.0,772333.0782234409,772334.0,0.0,3886.0,3886.0,False,701277.625,16624.388025024993,71055.45322344087
2019-01-12 14:07:00,843623.0,860287.7526968466,860288.0,0.0,16665.0,16665.0,True,777330.5625,19408.960983774497,82957.19019684663
2019-01-12 14:08:00,841915.0,961404.891651891,961405.0,0.0,119490.0,119490.0,True,868371.9375,21766.322763038475,93032.95415189104
2019-01-12 14:09:00,701544.0,868332.7659124037,868333.0,0.0,166789.0,166789.0,False,775093.375,21814.621446020617,93239.39091240369
2019-01-12 14:10:00,674780.0,778809.4393739721,778810.0,0.0,104030.0,104030.0,False,680918.25,22902.972855111562,97891.1893739721
2019-01-12 14:11:00,625975.0,764583.5179157936,764584.0,0.0,138609.0,138609.0,False,667026.375,22824.818150761384,97557.14291579353
2019-01-12 14:12:00,621827.0,739570.6057463763,739571.0,0.0,117744.0,117744.0,False,641100.3125,23038.462068745423,98470.29324637627
2019-01-12 14:13:00,617365.0,722080.8567835679,722081.0,0.0,104716.0,104716.0,False,623598.125,23041.37223340353,98482.73178356787
2019-01-12 14:14:00,620878.0,730658.7260991457,730659.0,0.0,109781.0,109781.0,False,633362.8125,22763.700005334747,97295.91359914569
2019-01-12 14:15:00,651511.0,738047.2544560758,738048.0,0.0,86537.0,86537.0,False,640750.3125,22763.940603400908,97296.94195607587
2019-01-12 14:16:00,637854.0,750886.2635046844,750887.0,0.0,113033.0,113033.0,False,653310.375,22829.20393579747,97575.88850468442
2019-01-12 14:17:00,631059.0,737511.7220624003,737512.0,0.0,106453.0,106453.0,False,640035.0625,22805.98797748592,97476.65956240031
2019-01-12 14:18:00,621756.0,741340.0904610448,741341.0,0.0,119585.0,119585.0,False,643854.8125,22808.004368863654,97485.27796104482
2019-01-12 14:19:00,621798.0,744119.267745638,744120.0,0.0,122322.0,122322.0,False,646518.4375,22835.03939473583,97600.83024563799
2019-01-12 14:20:00,629815.0,758953.0585403419,758954.0,0.0,129139.0,129139.0,False,661105.25,22892.82332008785,97847.80854034192
2019-01-12 14:21:00,605733.0,730473.9299719721,730474.0,0.0,124741.0,124741.0,False,632061.9375,23024.821811004662,98411.99247197212
2019-01-12 14:22:00,627045.0,716106.5772400461,716107.0,0.0,89062.0,89062.0,False,617963.6875,22961.861573173737,98142.88974004611
2019-01-12 14:23:00,636337.0,725155.866693569,725156.0,0.0,88819.0,88819.0,False,628906.6875,22518.802279290678,96249.17919356895
2019-01-12 14:24:00,605578.0,729608.0947939998,729609.0,0.0,124031.0,124031.0,False,632890.1875,22628.467582462992,96717.90729399977
2019-01-12 14:25:00,595000.0,730466.0621435955,730467.0,0.0,135467.0,135467.0,False,633376.9375,22715.318921541715,97089.12464359554
2019-01-12 14:26:00,588100.0,708992.4970611414,708993.0,0.0,120893.0,120893.0,False,611917.125,22712.101318153207,97075.3720611414
2019-01-12 14:27:00,575571.0,702170.2235197311,702171.0,0.0,126600.0,126600.0,False,604988.375,22737.01293130637,97181.84851973107
2019-01-12 14:28:00,567609.0,689144.864695603,689145.0,0.0,121536.0,121536.0,False,591789.875,22777.521660196657,97354.98969560304
2019-01-12 14:29:00,562673.0,677387.6835341618,677388.0,0.0,114715.0,114715.0,False,579755.3125,22842.418790450683,97632.37103416174
2019-01-12 14:30:00,651870.0,691214.3400449372,691215.0,0.0,39345.0,39345.0,False,593616.8125,22834.26668306502,97597.5275449372
2019-01-12 14:31:00,619189.0,721014.9422012819,721015.0,0.0,101826.0,101826.0,False,617791.375,24150.555047268972,103223.56720128196
2019-01-12 14:32:00,611441.0,717757.4705584245,717758.0,0.0,106317.0,106317.0,False,614462.625,24167.231586692305,103294.84555842447
2019-01-12 14:33:00,615412.0,720251.0175439008,720252.0,0.0,104840.0,104840.0,False,616933.125,24172.623741861025,103317.89254390073
2019-01-12 14:34:00,607293.0,714503.8721849801,714504.0,0.0,107211.0,107211.0,False,611086.0,24196.015336348217,103417.87218498011
2019-01-12 14:35:00,619425.0,729755.1782960996,729756.0,0.0,110331.0,110331.0,False,626298.0,24205.211534716716,103457.17829609968
2019-01-12 14:36:00,600096.0,737846.5168205543,737847.0,0.0,137751.0,137751.0,False,634679.125,24137.412054236003,103167.39182055429
2019-01-12 14:37:00,592262.0,718635.443685363,718636.0,0.0,126374.0,126374.0,False,614627.4375,24334.085198182398,104008.00618536302
2019-01-12 14:38:00,604236.0,697352.5647351124,697353.0,0.0,93117.0,93117.0,False,593155.375,24378.347258253918,104197.18973511238
2019-01-12 14:39:00,605806.0,709502.767410736,709503.0,0.0,103697.0,103697.0,False,604616.6875,24539.52246813092,104886.07991073592
2019-01-12 14:40:00,656113.0,749818.1613285157,749819.0,0.0,93706.0,93706.0,False,645283.4375,24457.317942217724,104534.72382851578
2019-01-12 14:41:00,614753.0,731931.8792128442,731932.0,0.0,117179.0,117179.0,False,627158.9375,24513.05225061941,104772.94171284424
2019-01-12 14:42:00,591028.0,717551.8552445093,717552.0,0.0,126524.0,126524.0,False,614921.1875,24011.838169364884,102630.66774450926
2019-01-12 14:43:00,587933.0,706754.7654426465,706755.0,0.0,118822.0,118822.0,False,603796.125,24088.571835087932,102958.64044264646
2019-01-12 14:44:00,590113.0,701012.3351203752,701013.0,0.0,110900.0,110900.0,False,598010.9375,24098.575457345905,103001.39762037514
2019-01-12 14:45:00,611133.0,722176.2314681644,722177.0,0.0,111044.0,111044.0,False,619181.9375,24096.913461462544,102994.2939681643
2019-01-12 14:46:00,609086.0,715833.2012980833,715834.0,0.0,106748.0,106748.0,False,613392.6875,23967.34907181547,102440.51379808328
2019-01-12 14:47:00,604148.0,711938.0820843223,711939.0,0.0,107791.0,107791.0,False,609466.8125,23974.544805587593,102471.26958432236
2019-01-12 14:48:00,594884.0,707166.6639391858,707167.0,0.0,112283.0,112283.0,False,604726.0,23967.38419936492,102440.66393918579
2019-01-12 14:49:00,592428.0,707068.1900645578,707069.0,0.0,114641.0,114641.0,False,604787.1875,23930.029252995377,102281.00256455777
2019-01-12 14:50:00,621215.0,737560.384545062,737561.0,0.0,116346.0,116346.0,False,635267.5,23932.80920365993,102292.88454506203
2019-01-12 14:51:00,598946.0,718054.9600413583,718055.0,0.0,119109.0,119109.0,False,615758.25,23933.70423045845,102296.71004135821
2019-01-12 14:52:00,583467.0,703107.7566950943,703108.0,0.0,119641.0,119641.0,False,600787.4375,23939.227912524297,102320.31919509427
2019-01-12 14:53:00,585538.0,693034.4782044493,693035.0,0.0,107497.0,107497.0,False,590662.1875,23951.38735277227,102372.29070444925
2019-01-12 14:54:00,582360.0,695232.9475296851,695233.0,0.0,112873.0,112873.0,False,593133.3125,23887.59585572488,102099.6350296851
2019-01-12 14:55:00,586413.0,707453.2465328439,707454.0,0.0,121041.0,121041.0,False,606366.9375,23650.51448050152,101086.30903284394
2019-01-12 14:56:00,577093.0,690630.0600255353,690631.0,0.0,113538.0,113538.0,False,589979.375,23548.59432938035,100650.68502553525
2019-01-12 14:57:00,593357.0,689424.5997663727,689425.0,0.0,96068.0,96068.0,False,588861.5625,23528.087946101656,100563.03726637275
2019-01-12 14:58:00,564427.0,698576.6821757678,698577.0,0.0,134150.0,134150.0,False,597978.9375,23536.208215763618,100597.74467576783
2019-01-12 14:59:00,577309.0,690452.2619960762,690453.0,0.0,113144.0,113144.0,False,588932.25,23751.985177278348,101520.01199607618
2019-01-12 15:00:00,684547.0,737979.2154990888,737980.0,0.0,53433.0,53433.0,False,636759.125,23681.81447092473,101220.09049908876
2019-01-12 15:01:00,616441.0,747388.1930122271,747389.0,0.0,130948.0,130948.0,False,646876.375,23516.10450617351,100511.81801222706
2019-01-12 15:02:00,638624.0,721178.2970763576,721179.0,0.0,82555.0,82555.0,False,620038.9375,23662.92637544134,101139.35957635767
2019-01-12 15:03:00,652970.0,742709.5646028214,742710.0,0.0,89740.0,89740.0,False,640517.1875,23909.29412292491,102192.37710282131
2019-01-12 15:04:00,637666.0,746762.2687927986,746763.0,0.0,109097.0,109097.0,False,643890.8125,24068.173919502973,102871.4562927986
2019-01-12 15:05:00,709512.0,746640.4117117383,746641.0,0.0,37129.0,37129.0,False,643759.125,24070.47387948477,102881.28671173831
2019-01-12 15:06:00,682344.0,825425.5372776355,825426.0,0.0,143082.0,143082.0,False,715473.125,25724.85971263811,109952.41227763558
2019-01-12 15:07:00,679076.0,806720.4319796532,806721.0,0.0,127645.0,127645.0,False,703965.375,24040.940719800627,102755.05697965325
2019-01-12 15:08:00,697420.0,777853.0194942328,777854.0,0.0,80434.0,80434.0,False,683651.875,22039.636754536186,94201.14449423288
2019-01-12 15:09:00,693682.0,783554.4032704866,783555.0,0.0,89873.0,89873.0,False,688870.75,22152.526233922068,94683.65327048663
2019-01-12 15:10:00,699265.0,792850.4958285368,792851.0,0.0,93586.0,93586.0,False,704770.375,20607.540160782817,88080.12082853686
2019-01-12 15:11:00,627796.0,782307.114198694,782308.0,0.0,154512.0,154512.0,False,694221.3125,20608.86927748715,88085.80169869406
2019-01-12 15:12:00,613516.0,728718.0520003942,728719.0,0.0,115203.0,115203.0,False,636760.5625,21514.703205881346,91957.48950039422
2019-01-12 15:13:00,597195.0,713006.7563978238,713007.0,0.0,115812.0,115812.0,False,620886.5,21552.78473147501,92120.25639782376
2019-01-12 15:14:00,623213.0,715542.3453830087,715543.0,0.0,92330.0,92330.0,False,623081.4375,21632.48477157198,92460.90788300877
2019-01-12 15:15:00,662165.0,731455.4200790139,731456.0,0.0,69291.0,69291.0,False,638873.625,21660.767972402857,92581.79507901396
2019-01-12 15:16:00,668258.0,746027.6163435961,746028.0,0.0,77770.0,77770.0,False,652384.375,21909.10773760902,93643.24134359609
2019-01-12 15:17:00,677095.0,755623.7861955258,755624.0,0.0,78529.0,78529.0,False,661096.25,22116.000524581803,94527.53619552583
2019-01-12 15:18:00,649685.0,763459.3842217218,763460.0,0.0,113775.0,113775.0,False,668006.8125,22332.425145448786,95452.57172172179
2019-01-12 15:19:00,634778.0,754020.8015026586,754021.0,0.0,119243.0,119243.0,False,658717.8125,22297.428237389882,95302.9890026586
2019-01-12 15:20:00,658680.0,738091.7334026931,738092.0,0.0,79412.0,79412.0,False,642830.0625,22287.761306913428,95261.67090269306
2019-01-12 15:21:00,640343.0,741849.3301868386,741850.0,0.0,101507.0,101507.0,False,646640.875,22275.3107676619,95208.45518683863
2019-01-12 15:22:00,635097.0,732792.6677299375,732793.0,0.0,97696.0,97696.0,False,638195.125,22132.379503809276,94597.54272993741
2019-01-12 15:23:00,629153.0,732038.3939258674,732039.0,0.0,102886.0,102886.0,False,637823.1875,22042.92673436557,94215.20642586735
2019-01-12 15:24:00,658421.0,732662.1375471281,732663.0,0.0,74242.0,74242.0,False,638778.3125,21965.395561534904,93883.82504712818
2019-01-12 15:25:00,648715.0,751830.3548893833,751831.0,0.0,103116.0,103116.0,False,657508.125,22067.966326748105,94322.2298893833
2019-01-12 15:26:00,637623.0,744116.0867730019,744117.0,0.0,106494.0,106494.0,False,651480.375,21673.38251500613,92635.7117730019
2019-01-12 15:27:00,606860.0,760642.4588528365,760643.0,0.0,153783.0,153783.0,False,668436.0625,21572.938343500915,92206.3963528365
2019-01-12 15:28:00,613573.0,717147.1229282765,717148.0,0.0,103575.0,103575.0,False,620831.5,22534.34769315408,96315.6229282765
2019-01-12 15:29:00,596745.0,713838.8126298795,713839.0,0.0,117094.0,117094.0,False,618041.0625,22413.184320638728,95797.7501298794
2019-01-12 15:30:00,688453.0,726363.7719189767,726364.0,0.0,37911.0,37911.0,False,630389.0,22454.600971681437,95974.77191897665
2019-01-12 15:31:00,643553.0,745115.5094634237,745116.0,0.0,101563.0,101563.0,False,649179.25,22445.590459808474,95936.2594634237
2019-01-12 15:32:00,644997.0,738975.9159691224,738976.0,0.0,93979.0,93979.0,False,643127.5625,22425.02365891292,95848.35346912245
2019-01-12 15:33:00,634958.0,742651.6698441455,742652.0,0.0,107694.0,107694.0,False,646717.9375,22444.99920594181,95933.73234414554
2019-01-12 15:34:00,644087.0,734359.452697522,734360.0,0.0,90273.0,90273.0,False,638408.75,22448.96965052634,95950.70269752199
2019-01-12 15:35:00,668458.0,754546.9975467375,754547.0,0.0,86089.0,86089.0,False,658384.125,22498.60966745058,96162.8725467376
2019-01-12 15:36:00,652477.0,768751.1703799528,768752.0,0.0,116275.0,116275.0,False,672186.4375,22592.63034859699,96564.73287995277
2019-01-12 15:37:00,638208.0,748847.6561268354,748848.0,0.0,110640.0,110640.0,False,653296.875,22355.4025691967,95550.78112683537
2019-01-12 15:38:00,634125.0,730392.5367503106,730393.0,0.0,96268.0,96268.0,False,635150.0,22283.284612172825,95242.53675031058
2019-01-12 15:39:00,641118.0,732077.3698539156,732078.0,0.0,90960.0,90960.0,False,637242.9375,22187.803047667796,94834.43235391563
2019-01-12 15:40:00,654547.0,772456.3007796023,772457.0,0.0,117910.0,117910.0,False,677552.0,22204.149714483923,94904.30077960229
2019-01-12 15:41:00,639479.0,740775.6897881426,740776.0,0.0,101297.0,101297.0,False,645843.75,22210.616235795875,94931.93978814252
2019-01-12 15:42:00,635996.0,738886.826905932,738887.0,0.0,102891.0,102891.0,False,644019.25,22195.557665626595,94867.57690593209
2019-01-12 15:43:00,634006.0,734545.5857923685,734546.0,0.0,100540.0,100540.0,False,640192.625,22075.15623874512,94352.96079236845
2019-01-12 15:44:00,642541.0,733089.1387699621,733090.0,0.0,90549.0,90549.0,False,638903.5625,22035.994357093125,94185.57626996218
2019-01-12 15:45:00,649700.0,764150.6830478266,764151.0,0.0,114451.0,114451.0,False,669839.8125,22065.308654561395,94310.8705478267
2019-01-12 15:46:00,657249.0,748465.8048557562,748466.0,0.0,91217.0,91217.0,False,653819.9375,22143.685706139026,94645.86735575623
2019-01-12 15:47:00,662157.0,745958.6270547647,745959.0,0.0,83802.0,83802.0,False,651186.0625,22173.328236056845,94772.56455476467
2019-01-12 15:48:00,657394.0,752979.4854810442,752980.0,0.0,95586.0,95586.0,False,657780.875,22273.00746507646,95198.61048104419
2019-01-12 15:49:00,635113.0,751106.4861995227,751107.0,0.0,115994.0,115994.0,False,655907.75,22273.036878621442,95198.73619952275
2019-01-12 15:50:00,652149.0,752601.5439284137,752602.0,0.0,100453.0,100453.0,False,657093.9375,22345.301262303787,95507.60642841371
2019-01-12 15:51:00,637202.0,743458.1239929951,743459.0,0.0,106257.0,106257.0,False,648078.1875,22315.431147495652,95379.93649299514
2019-01-12 15:52:00,661289.0,733180.5509686363,733181.0,0.0,71892.0,71892.0,False,637968.75,22276.093558740256,95211.80096863632
2019-01-12 15:53:00,654077.0,746105.972349455,746106.0,0.0,92029.0,92029.0,False,649912.6875,22505.725038589204,96193.28484945497
2019-01-12 15:54:00,626137.0,743315.4199621765,743316.0,0.0,117179.0,117179.0,False,647013.5625,22531.127075461685,96301.85746217644
2019-01-12 15:55:00,647452.0,734244.1267513041,734245.0,0.0,86793.0,86793.0,False,637571.0625,22617.975943775527,96673.06425130418
2019-01-12 15:56:00,630124.0,740831.9945084087,740832.0,0.0,110708.0,110708.0,False,644254.75,22595.557613948775,96577.24450840871
2019-01-12 15:57:00,633347.0,739349.4068624564,739350.0,0.0,106003.0,106003.0,False,642734.0,22604.48621482112,96615.40686245631
2019-01-12 15:58:00,628085.0,741781.6673542041,741782.0,0.0,113697.0,113697.0,False,645230.125,22589.544246005953,96551.5423542041
2019-01-12 15:59:00,637645.0,725573.531897804,725574.0,0.0,87929.0,87929.0,False,630139.0,22328.20448371057,95434.53189780405
2019-01-12 16:00:00,749034.0,755835.256365566,755836.0,0.0,6802.0,6802.0,False,660307.4375,22350.030236406517,95527.81886556602
2019-01-12 16:01:00,678327.0,803559.1064311148,803560.0,0.0,125233.0,125233.0,False,699136.125,24431.174291182273,104422.98143111487
2019-01-12 16:02:00,682825.0,779313.6415503122,779314.0,0.0,96489.0,96489.0,False,675537.0,24279.954300498044,103776.64155031217
2019-01-12 16:03:00,683983.0,782112.1126832695,782113.0,0.0,98130.0,98130.0,False,678854.375,24158.5496954739,103257.7376832695
2019-01-12 16:04:00,667920.0,772977.9770192776,772978.0,0.0,105058.0,105058.0,False,669971.625,24099.73460623666,103006.35201927763
2019-01-12 16:05:00,652288.0,793262.662259546,793263.0,0.0,140975.0,140975.0,False,690272.0625,24096.04915119879,102990.59975954595
2019-01-12 16:06:00,660875.0,779372.5219720071,779373.0,0.0,118498.0,118498.0,False,681920.9375,22800.121319635637,97451.58447200713
2019-01-12 16:07:00,707286.0,783212.8652725731,783213.0,0.0,75927.0,75927.0,False,686619.5,22599.329285601983,96593.3652725731
2019-01-12 16:08:00,729135.0,816903.7759022324,816904.0,0.0,87769.0,87769.0,False,720043.25,22661.83514223905,96860.5259022324
2019-01-12 16:09:00,731134.0,805936.3987914517,805937.0,0.0,74803.0,74803.0,False,709297.5625,22609.9678478437,96638.83629145169
2019-01-12 16:10:00,752858.0,845974.1806239887,845975.0,0.0,93117.0,93117.0,False,748435.4375,22820.5132696486,97538.74312398877
2019-01-12 16:11:00,720984.0,829787.829665356,829788.0,0.0,108804.0,108804.0,False,732163.4375,22840.55202576184,97624.39216535601
2019-01-12 16:12:00,682955.0,778495.1930673032,778496.0,0.0,95541.0,95541.0,False,687291.625,21338.313050368906,91203.56806730312
2019-01-12 16:13:00,667455.0,753057.3721425483,753058.0,0.0,85603.0,85603.0,False,662591.875,21165.631336489354,90465.49714254835
2019-01-12 16:14:00,671982.0,742552.2553678374,742553.0,0.0,70571.0,70571.0,False,652826.375,20992.587950024033,89725.8803678374
2019-01-12 16:15:00,712220.0,754326.1942891531,754327.0,0.0,42107.0,42107.0,False,663893.1875,21158.029777180258,90433.0067891531
2019-01-12 16:16:00,675238.0,789428.3172147644,789429.0,0.0,114191.0,114191.0,False,695945.25,21871.632825431698,93483.0672147644
2019-01-12 16:17:00,659700.0,760839.1218035974,760840.0,0.0,101140.0,101140.0,False,667197.1875,21908.801937855224,93641.93430359745
2019-01-12 16:18:00,675508.0,751615.7556451061,751616.0,0.0,76108.0,76108.0,False,658420.5625,21804.28077827363,93195.19314510608
2019-01-12 16:19:00,650280.0,758738.9996820806,758739.0,0.0,108459.0,108459.0,False,665443.625,21827.71960904669,93295.37468208057
2019-01-12 16:20:00,660006.0,768525.2635852771,768526.0,0.0,108520.0,108520.0,False,675759.4375,21703.824524967997,92765.82608527713
2019-01-12 16:21:00,653519.0,755179.3435857526,755180.0,0.0,101661.0,101661.0,False,662554.0625,21670.94211410328,92625.28108575266
2019-01-12 16:22:00,640498.0,746664.7347318502,746665.0,0.0,106167.0,106167.0,False,653984.8125,21683.726152113726,92679.92223185021
2019-01-12 16:23:00,638059.0,736071.9798752101,736072.0,0.0,98013.0,98013.0,False,643167.375,21736.293707118362,92904.60487521008
2019-01-12 16:24:00,638232.0,733314.8137895167,733315.0,0.0,95083.0,95083.0,False,640470.125,21722.27552536987,92844.68878951669
2019-01-12 16:25:00,633904.0,766844.1146230851,766845.0,0.0,132941.0,132941.0,False,674764.125,21543.36377280958,92079.9896230851
2019-01-12 16:26:00,605069.0,736672.8273948468,736673.0,0.0,131604.0,131604.0,False,642240.6875,22093.68126481082,94432.13989484687
2019-01-12 16:27:00,604187.0,714429.1057116623,714430.0,0.0,110243.0,110243.0,False,618306.25,22489.24718556291,96122.85571166233
2019-01-12 16:28:00,621131.0,727300.5690107704,727301.0,0.0,106170.0,106170.0,False,636627.625,21214.16634788468,90672.94401077041
2019-01-12 16:29:00,629017.0,714973.2573027564,714974.0,0.0,85957.0,85957.0,False,624049.375,21272.876768367038,90923.88230275644
2019-01-12 16:30:00,696602.0,734662.5762326965,734663.0,0.0,38061.0,38061.0,False,644269.75,21148.628990452533,90392.82623269655
2019-01-12 16:31:00,655952.0,741259.2962871469,741260.0,0.0,85308.0,85308.0,False,651977.0625,20888.79080893506,89282.2337871469
2019-01-12 16:32:00,639297.0,740497.2840060015,740498.0,0.0,101201.0,101201.0,False,651178.5625,20897.327606166928,89318.7215060015
2019-01-12 16:33:00,644703.0,733110.2602005523,733111.0,0.0,88408.0,88408.0,False,643649.5625,20930.544864539854,89460.69770055228
2019-01-12 16:34:00,649457.0,726509.0862986936,726510.0,0.0,77053.0,77053.0,False,637195.5,20896.126154694826,89313.58629869357
2019-01-12 16:35:00,648090.0,753157.373235442,753158.0,0.0,105068.0,105068.0,False,663601.9375,20952.710114091937,89555.43573544192
2019-01-12 16:36:00,648852.0,749985.3785635345,749986.0,0.0,101134.0,101134.0,False,660365.625,20967.75814323861,89619.75356353442
2019-01-12 16:37:00,625270.0,740335.729614354,740336.0,0.0,115066.0,115066.0,False,651092.3125,20879.709121308348,89243.41711435399
2019-01-12 16:38:00,637216.0,717157.7418982916,717158.0,0.0,79942.0,79942.0,False,627246.3125,21035.999664959374,89911.42939829158
2019-01-12 16:39:00,641665.0,724858.0949681925,724859.0,0.0,83194.0,83194.0,False,634700.6875,21093.549574138342,90157.40746819248
2019-01-12 16:40:00,676336.0,764385.3028846101,764386.0,0.0,88050.0,88050.0,False,674150.25,21111.715773526772,90235.05288461018
2019-01-12 16:41:00,643729.0,748360.0947649541,748361.0,0.0,104632.0,104632.0,False,658860.6875,20939.601492704216,89499.40726495406
2019-01-12 16:42:00,659423.0,731565.3136120052,731566.0,0.0,72143.0,72143.0,False,641795.0625,21002.969088058377,89770.25111200525
2019-01-12 16:43:00,673181.0,744630.5584673493,744631.0,0.0,71450.0,71450.0,False,654312.5625,21131.121433879252,90317.99596734923
2019-01-12 16:44:00,661137.0,750411.4237828564,750412.0,0.0,89275.0,89275.0,False,659467.9375,21277.463385681152,90943.48628285642
2019-01-12 16:45:00,671467.0,755447.7696875285,755448.0,0.0,83981.0,83981.0,False,664527.6875,21271.98767981405,90920.08218752855
2019-01-12 16:46:00,663000.0,747960.830174978,747961.0,0.0,84961.0,84961.0,False,657578.4375,21146.18791796441,90382.39267497798
2019-01-12 16:47:00,664810.0,744424.0229957255,744425.0,0.0,79615.0,79615.0,False,654008.9375,21153.836847259532,90415.08549572548
2019-01-12 16:48:00,653675.0,746733.6112633903,746734.0,0.0,93059.0,93059.0,False,656325.0,21152.322112701917,90408.61126339028
2019-01-12 16:49:00,659747.0,740661.0568547389,740662.0,0.0,80915.0,80915.0,False,650244.3125,21154.224959848598,90416.7443547389
2019-01-12 16:50:00,657828.0,770741.1433582652,770742.0,0.0,112914.0,112914.0,False,680879.9375,21024.249185868564,89861.20585826514
2019-01-12 16:51:00,638141.0,742474.8506981366,742475.0,0.0,104334.0,104334.0,False,651765.9375,21222.58182763456,90708.91319813661
2019-01-12 16:52:00,632338.0,732112.0765033341,732113.0,0.0,99775.0,99775.0,False,641292.875,21248.385274056327,90819.2015033341
2019-01-12 16:53:00,639072.0,729820.825299457,729821.0,0.0,90749.0,90749.0,False,639845.6875,21050.905110402062,89975.13779945698
2019-01-12 16:54:00,638970.0,732643.5203671188,732644.0,0.0,93674.0,93674.0,False,642711.625,21040.787956239736,89931.8953671188
2019-01-12 16:55:00,646913.0,736885.9060532437,736886.0,0.0,89973.0,89973.0,False,647624.75,20883.859386909033,89261.15605324367
2019-01-12 16:56:00,633421.0,727862.839122782,727863.0,0.0,94442.0,94442.0,False,638794.125,20838.83498442975,89068.714122782
2019-01-12 16:57:00,631879.0,728162.715712128,728163.0,0.0,96284.0,96284.0,False,639363.875,20775.69443584663,88798.84071212792
2019-01-12 16:58:00,629570.0,721685.5627675846,721686.0,0.0,92116.0,92116.0,False,632937.4375,20763.828869015353,88748.1252675846
2019-01-12 16:59:00,618780.0,730452.5050498464,730453.0,0.0,111673.0,111673.0,False,642165.25,20656.00202418804,88287.25504984637
2019-01-12 17:00:00,756499.0,750611.1063762892,750612.0,5887.0,0.0,58870.0,False,661553.1875,20836.309289942128,89057.9188762892
2019-01-12 17:01:00,666583.0,785356.5816582333,785357.0,0.0,118774.0,118774.0,False,694348.625,21292.54710533619,91007.95665823329
2019-01-12 17:02:00,647910.0,755895.849505755,755896.0,0.0,107986.0,107986.0,False,664344.875,21419.593503496897,91550.97450575499
2019-01-12 17:03:00,655945.0,745327.0915227355,745328.0,0.0,89383.0,89383.0,False,653505.75,21482.849537981947,91821.34152273553
2019-01-12 17:04:00,639904.0,745799.6303187694,745800.0,0.0,105896.0,105896.0,False,654024.1875,21472.11091300717,91775.44281876936
2019-01-12 17:05:00,649745.0,765650.4344892737,765651.0,0.0,115906.0,115906.0,False,673611.0625,21533.86072590036,92039.37198927376
2019-01-12 17:06:00,696810.0,764759.5926187141,764760.0,0.0,67950.0,67950.0,False,674106.4375,21209.536467907757,90653.15511871404
2019-01-12 17:07:00,700756.0,808918.9548157514,808919.0,0.0,108163.0,108163.0,False,717999.625,21271.811652221593,90919.32981575144
2019-01-12 17:08:00,716194.0,793006.8948190839,793007.0,0.0,76813.0,76813.0,False,702424.375,21193.01038052044,90582.51981908387
2019-01-12 17:09:00,700647.0,798911.6172879022,798912.0,0.0,98265.0,98265.0,False,708130.5,21239.47495477403,90781.11728790215
2019-01-12 17:10:00,718574.0,806554.0207048053,806555.0,0.0,87981.0,87981.0,False,716622.125,21040.788035246056,89931.89570480523
2019-01-12 17:11:00,709709.0,791216.7035102937,791217.0,0.0,81508.0,81508.0,False,701325.5625,21031.252921125113,89891.14101029371
2019-01-12 17:12:00,680653.0,777349.5800552934,777350.0,0.0,96697.0,96697.0,False,687448.9375,21033.475936583414,89900.64255529341
2019-01-12 17:13:00,658894.0,758538.4720459061,758539.0,0.0,99645.0,99645.0,False,668603.125,21041.59552335662,89935.34704590615
2019-01-12 17:14:00,646066.0,738426.7966864588,738427.0,0.0,92361.0,92361.0,False,648447.9375,21051.77577941764,89978.8591864588
2019-01-12 17:15:00,666224.0,741540.7880718893,741541.0,0.0,75317.0,75317.0,False,652310.5,20876.63740356638,89230.2880718893
2019-01-12 17:16:00,640365.0,743267.0132329441,743268.0,0.0,102903.0,102903.0,False,658052.4375,19937.106979214892,85214.57573294404
2019-01-12 17:17:00,645604.0,727617.7242317683,727618.0,0.0,82014.0,82014.0,False,642582.75,19895.086769505808,85034.97423176827
2019-01-12 17:18:00,615720.0,733465.214227693,733466.0,0.0,117746.0,117746.0,False,648422.0,19897.01462842955,85043.21422769301
2019-01-12 17:19:00,617895.0,712651.9238870885,712652.0,0.0,94757.0,94757.0,False,626717.9375,20105.422869428512,85933.98638708857
2019-01-12 17:20:00,646781.0,728874.4961323779,728875.0,0.0,82094.0,82094.0,False,643139.5,20058.866397582417,85734.9961323779
2019-01-12 17:21:00,629533.0,736174.4014589287,736175.0,0.0,106642.0,106642.0,False,650654.875,20008.45434197591,85519.52645892867
2019-01-12 17:22:00,622610.0,737374.37979582,737375.0,0.0,114765.0,114765.0,False,651331.125,20130.987697224555,86043.25479581993
2019-01-12 17:23:00,608298.0,713480.0582332428,713481.0,0.0,105183.0,105183.0,False,626471.5625,20356.81891993026,87008.49573324286
2019-01-12 17:24:00,611728.0,706715.3292076474,706716.0,0.0,94988.0,94988.0,False,619327.875,20445.481400261808,87387.45420764739
2019-01-12 17:25:00,608834.0,723546.9370344925,723547.0,0.0,114713.0,114713.0,False,636132.75,20451.73590806265,87414.18703449247
2019-01-12 17:26:00,621285.0,700134.8543210964,700135.0,0.0,78850.0,78850.0,False,614181.125,20110.041996896012,85953.72932109649
2019-01-12 17:27:00,607451.0,715159.7627654168,715160.0,0.0,107709.0,107709.0,False,631124.625,19661.161453092314,84035.13776541674
2019-01-12 17:28:00,622789.0,690414.5528182278,690415.0,0.0,67626.0,67626.0,False,605818.8125,19792.32203180881,84595.74031822773
2019-01-12 17:29:00,614786.0,704548.1512032251,704549.0,0.0,89763.0,89763.0,False,619580.0,19879.452614699778,84968.15120322516
2019-01-12 17:30:00,702669.0,730034.8026655768,730035.0,0.0,27366.0,27366.0,False,645149.0625,19860.171433520012,84885.74016557679
2019-01-12 17:31:00,673537.0,739087.3487527701,739088.0,0.0,65551.0,65551.0,False,653143.25,20107.788794678636,85944.09875277008
2019-01-12 17:32:00,687321.0,733703.4396639033,733704.0,0.0,46383.0,46383.0,False,646930.9375,20301.6050202205,86772.50216390335
2019-01-12 17:33:00,688021.0,761530.2788620911,761531.0,0.0,73510.0,73510.0,False,671905.25,20968.992370960434,89625.02886209116
2019-01-12 17:34:00,667514.0,746857.6941504823,746858.0,0.0,79344.0,79344.0,False,656743.9375,21083.33687267344,90113.75665048228
2019-01-12 17:35:00,671905.0,751187.522345649,751188.0,0.0,79283.0,79283.0,False,661136.25,21068.717821187613,90051.27234564899
2019-01-12 17:36:00,669108.0,756645.8235403424,756646.0,0.0,87538.0,87538.0,False,666745.625,21033.37205325709,89900.19854034242
2019-01-12 17:37:00,664197.0,745384.5886960817,745385.0,0.0,81188.0,81188.0,False,655683.75,20986.729110917717,89700.83869608167
2019-01-12 17:38:00,676038.0,746052.5178478411,746053.0,0.0,70015.0,70015.0,False,657373.5625,20747.645627148482,88678.95534784115
2019-01-12 17:39:00,670373.0,751106.8584095709,751107.0,0.0,80734.0,80734.0,False,662014.0625,20844.46924541541,89092.79590957092
2019-01-12 17:40:00,711355.0,779455.8931313917,779456.0,0.0,68101.0,68101.0,False,690329.0,20852.446753409662,89126.89313139177
2019-01-12 17:41:00,693984.0,770174.9328550934,770175.0,0.0,76191.0,76191.0,False,680347.25,21016.406024123622,89827.68285509336
2019-01-12 17:42:00,695309.0,771562.3166364256,771563.0,0.0,76254.0,76254.0,False,681912.1875,20974.864920935703,89650.12913642559
2019-01-12 17:43:00,700454.0,782399.3189728853,782400.0,0.0,81946.0,81946.0,False,692954.0,20926.94680240007,89445.31897288522
2019-01-12 17:44:00,718516.0,772740.989057939,772741.0,0.0,54225.0,54225.0,False,683762.75,20817.667114599855,88978.23905793906
2019-01-12 17:45:00,754549.0,793503.921203109,793504.0,0.0,38955.0,38955.0,False,702634.3125,21260.178722838897,90869.608703109
2019-01-12 17:46:00,744787.0,803581.2907670327,803582.0,0.0,58795.0,58795.0,False,708665.1875,22206.911066664536,94916.10326703265
2019-01-12 17:47:00,739769.0,814268.0796908097,814269.0,0.0,74500.0,74500.0,False,717579.75,22621.547500611774,96688.32969080973
2019-01-12 17:48:00,736073.0,814012.8032109315,814013.0,0.0,77940.0,77940.0,False,716840.25,22734.838167607235,97172.55321093152
2019-01-12 17:49:00,714528.0,806009.3059862608,806010.0,0.0,91482.0,91482.0,False,708490.75,22815.790214689692,97518.5559862608
2019-01-12 17:50:00,729903.0,802732.6494962979,802733.0,0.0,72830.0,72830.0,False,705261.5,22804.698822709288,97471.14949629798
2019-01-12 17:51:00,718788.0,804256.9007368018,804257.0,0.0,85469.0,85469.0,False,707228.25,22701.170229973068,97028.65073680176
2019-01-12 17:52:00,715090.0,799284.788051904,799285.0,0.0,84195.0,84195.0,False,702683.6875,22601.139059225883,96601.10055190395
2019-01-12 17:53:00,697832.0,798490.9760955559,798491.0,0.0,100659.0,100659.0,False,702093.9375,22553.395993921557,96397.03859555592
2019-01-12 17:54:00,703576.0,786350.4452644003,786351.0,0.0,82775.0,82775.0,False,689871.6875,22572.515303000906,96478.75776440035
2019-01-12 17:55:00,717529.0,803335.2044783155,803336.0,0.0,85807.0,85807.0,False,706858.5,22572.03490884321,96476.70447831549
2019-01-12 17:56:00,745009.0,806596.7889293252,806597.0,0.0,61588.0,61588.0,False,710130.125,22569.68578608308,96466.66392932521
2019-01-12 17:57:00,728822.0,827925.2599460193,827926.0,0.0,99104.0,99104.0,False,730313.875,22837.508810194697,97611.3849460193
2019-01-12 17:58:00,699675.0,815238.4746442148,815239.0,0.0,115564.0,115564.0,False,717824.75,22791.263498888213,97413.72464421482
2019-01-12 17:59:00,675422.0,793615.973048257,793616.0,0.0,118194.0,118194.0,False,695430.9375,22971.722157232245,98185.03554825694
2019-01-12 18:00:00,792925.0,789000.6626299816,789001.0,3924.0,0.0,39240.0,True,691105.0625,22904.004811366285,97895.60012998163
2019-01-12 18:01:00,738043.0,845078.819812423,845079.0,0.0,107036.0,107036.0,False,745227.4375,23361.586607250316,99851.38231242301
2019-01-12 18:02:00,743929.0,808443.8113260407,808444.0,0.0,64515.0,64515.0,False,710090.75,23011.03406928633,98353.06132604065
2019-01-12 18:03:00,750933.0,824714.3895630271,824715.0,0.0,73782.0,73782.0,False,726067.5,23079.77917473249,98646.88956302701
2019-01-12 18:04:00,729648.0,823971.6994591481,823972.0,0.0,94324.0,94324.0,False,724894.125,23180.543753731356,99077.57445914805
2019-01-12 18:05:00,720618.0,830171.7719196515,830172.0,0.0,109554.0,109554.0,False,731818.625,23011.054095073734,98353.14691965157
2019-01-12 18:06:00,760650.0,816320.6133000441,816321.0,0.0,55671.0,55671.0,False,718974.6875,22775.401038767137,97345.92580004412
2019-01-12 18:07:00,788516.0,860606.5084487026,860607.0,0.0,72091.0,72091.0,True,761852.4375,23104.855715148442,98754.07094870263
2019-01-12 18:08:00,799435.0,888502.4068275949,888503.0,0.0,89068.0,89068.0,True,790305.125,22974.587340555132,98197.28182759484
2019-01-12 18:09:00,795642.0,874395.527358983,874396.0,0.0,78754.0,78754.0,True,776231.5,22966.80700611647,98164.027358983
2019-01-12 18:10:00,811903.0,890293.2362499785,890294.0,0.0,78391.0,78391.0,True,792409.9375,22901.126736494665,97883.29874997858
2019-01-12 18:11:00,813572.0,885672.1935349642,885673.0,0.0,72101.0,72101.0,True,787732.8125,22914.247948514785,97939.38103496417
2019-01-12 18:12:00,794668.0,878491.5389472751,878492.0,0.0,83824.0,83824.0,True,780166.25,23004.536344199347,98325.28894727508
2019-01-12 18:13:00,774650.0,870951.2714448553,870952.0,0.0,96302.0,96302.0,False,773052.6875,22904.702915368216,97898.58394485527
2019-01-12 18:14:00,774968.0,846388.8533167772,846389.0,0.0,71421.0,71421.0,False,749006.3125,22783.967619066025,97382.54081677714
2019-01-12 18:15:00,788938.0,856156.7656979337,856157.0,0.0,67219.0,67219.0,True,758696.375,22802.18165575622,97460.39069793378
2019-01-12 18:16:00,777432.0,870043.277806252,870044.0,0.0,92612.0,92612.0,False,772033.8125,22930.645115339925,98009.46530625204
2019-01-12 18:17:00,755709.0,862150.0125903595,862151.0,0.0,106442.0,106442.0,False,765422.375,22630.74411740781,96727.63759035952
2019-01-12 18:18:00,742403.0,842557.1944696051,842558.0,0.0,100155.0,100155.0,False,745228.375,22771.398780502634,97328.81946960517
2019-01-12 18:19:00,738768.0,823341.3199374571,823342.0,0.0,84574.0,84574.0,False,728819.9375,22114.56076933002,94521.38243745711
2019-01-12 18:20:00,765903.0,825963.3210040057,825964.0,0.0,60061.0,60061.0,False,732151.0625,21948.65159708876,93812.25850400569
2019-01-12 18:21:00,730290.0,845173.4797442387,845174.0,0.0,114884.0,114884.0,False,750772.5,22086.390924504358,94400.97974423868
2019-01-12 18:22:00,712827.0,816692.6830518685,816693.0,0.0,103866.0,103866.0,False,722361.25,22070.119531565888,94331.43305186846
2019-01-12 18:23:00,709646.0,796402.8939100084,796403.0,0.0,86757.0,86757.0,False,704087.3125,21598.483670067915,92315.58141000832
2019-01-12 18:24:00,700748.0,784718.9796230375,784719.0,0.0,83971.0,83971.0,False,693961.6875,21233.900733971786,90757.29212303746
2019-01-12 18:25:00,721462.0,792505.304766458,792506.0,0.0,71044.0,71044.0,False,702433.875,21073.43392346984,90071.42976645795
2019-01-12 18:26:00,695482.0,794043.4852140405,794044.0,0.0,98562.0,98562.0,False,706899.8125,20388.445409930475,87143.67271404053
2019-01-12 18:27:00,684960.0,775673.5083424284,775674.0,0.0,90714.0,90714.0,False,687459.25,20638.92345338714,88214.25834242832
2019-01-12 18:28:00,696422.0,760783.9075022419,760784.0,0.0,64362.0,64362.0,False,674610.125,20161.52642635983,86173.78250224185
2019-01-12 18:29:00,740045.0,767662.2215961101,767663.0,0.0,27618.0,27618.0,False,681408.6875,20180.18539455909,86253.53409611012
2019-01-12 18:30:00,782824.0,831606.7819237558,831607.0,0.0,48783.0,48783.0,False,742788.375,20780.272216713893,88818.40692375574
2019-01-12 18:31:00,758608.0,826462.1229483865,826463.0,0.0,67855.0,67855.0,False,739650.25,20310.81634980051,86811.87294838653
2019-01-12 18:32:00,735260.0,816802.8205614737,816803.0,0.0,81543.0,81543.0,False,730011.875,20305.92010349421,86790.94556147375
2019-01-12 18:33:00,715569.0,803923.467778067,803924.0,0.0,88355.0,88355.0,False,718074.9375,20085.42925245704,85848.53027806697
2019-01-12 18:34:00,711777.0,783043.6160506287,783044.0,0.0,71267.0,71267.0,False,696670.75,20208.104725528145,86372.8660506287
2019-01-12 18:35:00,718313.0,786432.7702067102,786433.0,0.0,68120.0,68120.0,False,700086.0625,20201.98462580792,86346.7077067102
2019-01-12 18:36:00,708389.0,786278.8295545122,786279.0,0.0,77890.0,77890.0,False,699938.6875,20200.44850233216,86340.14205451218
2019-01-12 18:37:00,706808.0,784598.9353871034,784599.0,0.0,77791.0,77791.0,False,698462.0,20152.905543487715,86136.93538710341
2019-01-12 18:38:00,702310.0,782436.1412807608,782437.0,0.0,80127.0,80127.0,False,696295.375,20153.801833072168,86140.76628076078
2019-01-12 18:39:00,711484.0,779786.9016025589,779787.0,0.0,68303.0,68303.0,False,693536.0625,20179.55486422697,86250.83910255894
2019-01-12 18:40:00,721286.0,802743.1001333306,802744.0,0.0,81458.0,81458.0,False,716547.25,20166.689448272573,86195.85013333062
2019-01-12 18:41:00,709949.0,801372.4742562296,801373.0,0.0,91424.0,91424.0,False,715070.875,20191.430891365635,86301.59925622965
2019-01-12 18:42:00,729117.0,796383.6321664994,796384.0,0.0,67267.0,67267.0,False,709411.4375,20348.325792494023,86972.19466649936
2019-01-12 18:43:00,696096.0,796472.9559357003,796473.0,0.0,100377.0,100377.0,False,709451.625,20359.821889812985,87021.33093570036
2019-01-12 18:44:00,704925.0,778348.392001542,778349.0,0.0,73424.0,73424.0,False,690085.75,20650.243467357737,88262.64200154202
2019-01-12 18:45:00,729819.0,788800.6570154941,788801.0,0.0,58982.0,58982.0,False,701292.1875,20473.794574597403,87508.46951549401
2019-01-12 18:46:00,720476.0,793734.9316474834,793735.0,0.0,73259.0,73259.0,False,708428.25,19958.656408473857,85306.6816474834
2019-01-12 18:47:00,715352.0,796194.3323267282,796195.0,0.0,80843.0,80843.0,False,711836.0625,19736.762586107037,84358.26982672814
2019-01-12 18:48:00,738572.0,782606.3792520388,782607.0,0.0,44035.0,44035.0,False,698254.875,19735.179688050022,84351.50425203881
2019-01-12 18:49:00,723139.0,801636.4841069629,801637.0,0.0,78498.0,78498.0,False,716000.75,20035.64269902322,85635.73410696295
2019-01-12 18:50:00,734593.0,799677.9218480809,799678.0,0.0,65085.0,65085.0,False,714067.125,20029.808288726348,85610.79684808089
2019-01-12 18:51:00,716241.0,803139.4068561421,803140.0,0.0,86899.0,86899.0,False,717670.0,19996.728180413567,85469.40685614213
2019-01-12 18:52:00,720816.0,792997.5044547636,792998.0,0.0,72182.0,72182.0,False,707171.4375,20080.17365297823,85826.06695476355
2019-01-12 18:53:00,704397.0,789812.6583959417,789813.0,0.0,85416.0,85416.0,False,703985.125,20080.51674680223,85827.53339594176
2019-01-12 18:54:00,702887.0,777550.3953172277,777551.0,0.0,74664.0,74664.0,False,691966.375,20023.54355577942,85584.02031722767
2019-01-12 18:55:00,722525.0,784469.4188126819,784470.0,0.0,61945.0,61945.0,False,698881.0,20024.572643510768,85588.41881268192
2019-01-12 18:56:00,731342.0,787854.1180273993,787855.0,0.0,56513.0,56513.0,False,702066.75,20071.11951349322,85787.3680273993
2019-01-12 18:57:00,706882.0,797506.0510113419,797507.0,0.0,90625.0,90625.0,False,712100.875,19981.700502189105,85405.17601134183
2019-01-12 18:58:00,707409.0,784299.1476418829,784300.0,0.0,76891.0,76891.0,False,698679.25,20031.937543000815,85619.89764188288
2019-01-12 18:59:00,701478.0,778634.5837777881,778635.0,0.0,77157.0,77157.0,False,694726.375,19631.464693079724,83908.2087777881
2019-01-12 19:00:00,794618.0,793788.7015855962,793789.0,829.0,0.0,8290.0,True,711854.9375,19169.516549652486,81933.76408559618
2019-01-12 19:01:00,750292.0,812906.021589181,812907.0,0.0,62615.0,62615.0,False,736754.0,17816.799391985078,76152.02158918101
2019-01-12 19:02:00,732565.0,795417.1631693981,795418.0,0.0,62853.0,62853.0,False,720128.9375,17614.70260850882,75288.22566939805
2019-01-12 19:03:00,721966.0,792802.2750961751,792803.0,0.0,70837.0,70837.0,False,718349.5625,17419.22298099086,74452.71259617519
2019-01-12 19:04:00,735159.0,783451.7062672263,783452.0,0.0,48293.0,48293.0,False,709091.0625,17397.682228409285,74360.6437672262
2019-01-12 19:05:00,758381.0,810872.165900253,810873.0,0.0,52492.0,52492.0,False,736317.3125,17443.120208904365,74554.85340025302
2019-01-12 19:06:00,781880.0,820494.1256802698,820495.0,0.0,38615.0,38615.0,False,747062.5,17180.325833379844,73431.62568026976
2019-01-12 19:07:00,789930.0,842837.3198293996,842838.0,0.0,52908.0,52908.0,True,770102.5,17017.298643805163,72734.81982939962
2019-01-12 19:08:00,778645.0,867525.5179613119,867526.0,0.0,88881.0,88881.0,False,795063.125,16953.560679186307,72462.39296131191
2019-01-12 19:09:00,800593.0,841159.8510726837,841160.0,0.0,40567.0,40567.0,True,766882.625,17378.165526181427,74277.2260726837
2019-01-12 19:10:00,817910.0,872520.6164589983,872521.0,0.0,54611.0,54611.0,True,797474.75,17557.99938064459,75045.86645899825
2019-01-12 19:11:00,782527.0,869005.7963660014,869006.0,0.0,86479.0,86479.0,False,793935.25,17563.773579975226,75070.54636600135
2019-01-12 19:12:00,725682.0,837674.3305437214,837675.0,0.0,111993.0,111993.0,False,761704.4375,17774.18794595528,75969.89304372143
2019-01-12 19:13:00,722513.0,789760.6022299944,789761.0,0.0,67248.0,67248.0,False,709223.4375,18842.763168317855,80537.16472999439
2019-01-12 19:14:00,687351.0,787111.5076040479,787112.0,0.0,99761.0,99761.0,False,706782.625,18794.03273703732,80328.88260404786
2019-01-12 19:15:00,739400.0,772991.4508055274,772992.0,0.0,33592.0,33592.0,False,691195.6875,19137.22939347314,81795.76330552739
2019-01-12 19:16:00,745234.0,812094.8719156488,812095.0,0.0,66861.0,66861.0,False,728475.125,19563.975123890075,83619.74691564878
2019-01-12 19:17:00,719114.0,808103.6627849543,808104.0,0.0,88990.0,88990.0,False,724517.25,19556.176151425574,83586.41278495427
2019-01-12 19:18:00,704197.0,791803.4183620147,791804.0,0.0,87607.0,87607.0,False,708524.875,19484.145919883824,83278.54336201468
2019-01-12 19:19:00,709966.0,773574.7136155483,773575.0,0.0,63609.0,63609.0,False,690210.4375,19504.20426159499,83364.27611554835
2019-01-12 19:20:00,731493.0,798384.0870055225,798385.0,0.0,66892.0,66892.0,False,714921.5625,19527.190806380335,83462.52450552245
2019-01-12 19:21:00,719366.0,806847.0280041795,806848.0,0.0,87482.0,87482.0,False,724210.625,19333.908464616143,82636.40300417943
2019-01-12 19:22:00,706146.0,784990.8375036749,784991.0,0.0,78845.0,78845.0,False,703789.875,18998.06767007244,81200.9625036749
2019-01-12 19:23:00,710692.0,775897.7465964521,775898.0,0.0,65206.0,65206.0,False,695406.625,18831.990752082773,80491.12159645208
2019-01-12 19:24:00,700719.0,771781.554818117,771782.0,0.0,71063.0,71063.0,False,691364.8125,18814.5887100442,80416.74231811697
2019-01-12 19:25:00,709452.0,777921.9737046325,777922.0,0.0,68470.0,68470.0,False,697548.75,18804.406939552886,80373.22370463247
2019-01-12 19:26:00,686168.0,783218.7044264425,783219.0,0.0,97051.0,97051.0,False,702925.375,18785.714588419283,80293.32942644248
2019-01-12 19:27:00,704416.0,759137.4317304632,759138.0,0.0,54722.0,54722.0,False,678309.5,18910.792055917296,80827.93173046311
2019-01-12 19:28:00,701580.0,764945.6306487506,764946.0,0.0,63366.0,63366.0,False,684203.25,18890.776218795316,80742.38064875064
2019-01-12 19:29:00,685727.0,764763.8940054924,764764.0,0.0,79037.0,79037.0,False,684135.25,18864.165986865028,80628.64400549248
2019-01-12 19:30:00,753765.0,775506.9747080039,775507.0,0.0,21742.0,21742.0,False,698814.8125,17943.17262342661,76692.1622080039
2019-01-12 19:31:00,706952.0,790582.2348247983,790583.0,0.0,83631.0,83631.0,False,711812.75,18429.19045412222,78769.48482479829
2019-01-12 19:32:00,709788.0,768254.6924791861,768255.0,0.0,58467.0,58467.0,False,689043.375,18532.563202524405,79211.31747918611
2019-01-12 19:33:00,724936.0,776061.8616554616,776062.0,0.0,51126.0,51126.0,False,696778.8125,18549.34580211376,79283.04915546159
2019-01-12 19:34:00,698499.0,780171.1679310706,780172.0,0.0,81673.0,81673.0,False,700811.6875,18567.227936775205,79359.4804310706
2019-01-12 19:35:00,708781.0,777063.193006757,777064.0,0.0,68283.0,68283.0,False,697311.0625,18659.093753122048,79752.13050675699
2019-01-12 19:36:00,692993.0,768290.377657376,768291.0,0.0,75298.0,75298.0,False,688609.5625,18642.408558862262,79680.81515737598
2019-01-12 19:37:00,694505.0,762491.9531246651,762492.0,0.0,67987.0,67987.0,False,682724.5,18662.678687621894,79767.45312466506
2019-01-12 19:38:00,673462.0,760166.1942520209,760167.0,0.0,86705.0,86705.0,False,680424.0,18656.76903141872,79742.1942520209
2019-01-12 19:39:00,686094.0,746214.9464897724,746215.0,0.0,60121.0,60121.0,False,665861.5,18799.779791614594,80353.44648977245
2019-01-12 19:40:00,715967.0,782475.9734764346,782476.0,0.0,66509.0,66509.0,False,702059.625,18814.496565435275,80416.34847643453
2019-01-12 19:41:00,691778.0,767558.7049198443,767559.0,0.0,75781.0,75781.0,False,687232.4375,18793.420879185673,80326.26741984428
2019-01-12 19:42:00,670199.0,764374.7497979464,764375.0,0.0,94176.0,94176.0,False,684502.75,18687.138801300847,79871.99979794642
2019-01-12 19:43:00,700392.0,751808.4654364344,751809.0,0.0,51417.0,51417.0,False,670756.375,18963.237028656196,81052.09043643437
2019-01-12 19:44:00,704464.0,766711.9761201964,766712.0,0.0,62248.0,62248.0,False,686276.8125,18818.898623777797,80435.1636201964
2019-01-12 19:45:00,749977.0,779882.9523201659,779883.0,0.0,29906.0,29906.0,False,699394.8125,18831.293125036078,80488.13982016599
2019-01-12 19:46:00,700435.0,789582.8004106459,789583.0,0.0,89148.0,89148.0,False,706871.75,19351.373238871514,82711.05041064591
2019-01-12 19:47:00,708932.0,768722.97491369,768723.0,0.0,59791.0,59791.0,False,685349.9375,19506.25408625027,83373.03741368998
2019-01-12 19:48:00,731619.0,774725.1819894671,774726.0,0.0,43107.0,43107.0,False,691281.625,19522.753098470956,83443.55698946715
2019-01-12 19:49:00,691581.0,784937.7818715556,784938.0,0.0,93357.0,93357.0,False,701492.1875,19523.229771672748,83445.59437155556
2019-01-12 19:50:00,696708.0,768698.3612885085,768699.0,0.0,71991.0,71991.0,False,684386.4375,19725.919301210048,84311.92378850847
2019-01-12 19:51:00,680464.0,762045.724911554,762046.0,0.0,81582.0,81582.0,False,677853.0625,19698.016482820374,84192.66241155402
2019-01-12 19:52:00,679730.0,753405.6933589703,753406.0,0.0,73676.0,73676.0,False,669385.25,19657.72349719335,84020.44335897031
2019-01-12 19:53:00,678689.0,751929.4646545153,751930.0,0.0,73241.0,73241.0,False,667904.5,19658.78131567322,84024.96465451526
2019-01-12 19:54:00,695001.0,748819.5974175382,748820.0,0.0,53819.0,53819.0,False,665051.875,19598.596001669455,83767.72241753817
2019-01-12 19:55:00,686007.0,793450.7875749366,793451.0,0.0,107444.0,107444.0,False,709148.1875,19723.737891828787,84302.6000749367
2019-01-12 19:56:00,665229.0,756353.7979779941,756354.0,0.0,91125.0,91125.0,False,670015.3125,20200.06092376387,86338.48547799411
2019-01-12 19:57:00,658685.0,748853.176626628,748854.0,0.0,90169.0,90169.0,False,662571.5,20186.76972167419,86281.67662662797
2019-01-12 19:58:00,667085.0,759019.1102272619,759020.0,0.0,91935.0,91935.0,False,672812.9375,20169.10455927607,86206.1727272619
2019-01-12 19:59:00,667576.0,752749.654515332,752750.0,0.0,85174.0,85174.0,False,666040.0,20286.900959533912,86709.654515332
2019-01-12 20:00:00,796571.0,770003.1937866923,770004.0,26567.0,0.0,265670.0,True,683163.9375,20317.223053589812,86839.2562866924
2019-01-12 20:01:00,738572.0,819045.6644615605,819046.0,0.0,80474.0,80474.0,False,723348.4375,22389.66556057421,95697.22696156053
2019-01-12 20:02:00,703626.0,800301.9403769155,800302.0,0.0,96676.0,96676.0,False,704590.375,22393.02022752391,95711.56537691547
2019-01-12 20:03:00,701737.0,787209.432353804,787210.0,0.0,85473.0,85473.0,False,691247.8125,22451.523867464355,95961.619853804
2019-01-12 20:04:00,685672.0,775233.7696168792,775234.0,0.0,89562.0,89562.0,False,679370.375,22428.542739649238,95863.39461687913
2019-01-12 20:05:00,693960.0,811505.0833563717,811506.0,0.0,117546.0,117546.0,False,715939.5625,22358.85112904793,95565.52085637178
2019-01-12 20:06:00,725485.0,823700.7356963146,823701.0,0.0,98216.0,98216.0,False,726621.375,22713.034513506987,97079.36069631457
2019-01-12 20:07:00,745277.0,844673.5854858777,844674.0,0.0,99397.0,99397.0,False,748340.375,22538.46254104698,96333.21048587775
2019-01-12 20:08:00,776750.0,850888.1343914204,850889.0,0.0,74139.0,74139.0,False,754455.375,22561.75335910713,96432.75939142045
2019-01-12 20:09:00,751047.0,851836.0061883816,851837.0,0.0,100790.0,100790.0,False,756256.8125,22362.05007373718,95579.19368838155
2019-01-12 20:10:00,761033.0,842935.2197565798,842936.0,0.0,81903.0,81903.0,False,747898.3125,22235.174800214834,95036.90725657981
2019-01-12 20:11:00,733690.0,834074.4499501634,834075.0,0.0,100385.0,100385.0,False,739208.0,22195.293999023444,94866.44995016334
2019-01-12 20:12:00,742944.0,799801.4033244009,799802.0,0.0,56858.0,56858.0,False,705275.0,22115.735474000747,94526.40332440085
2019-01-12 20:13:00,689445.0,809656.5961430263,809657.0,0.0,120212.0,120212.0,False,717371.8125,21591.27811433099,92284.78364302628
2019-01-12 20:14:00,683984.0,764823.5675325356,764824.0,0.0,80840.0,80840.0,False,670156.5625,22148.631152614813,94667.0050325357
2019-01-12 20:15:00,728124.0,772600.4247433728,772601.0,0.0,44477.0,44477.0,False,679351.9375,21816.749656154752,93248.48724337287
2019-01-12 20:16:00,691874.0,798813.4347108079,798814.0,0.0,106940.0,106940.0,False,705494.8125,21833.158684031845,93318.62221080792
2019-01-12 20:17:00,680300.0,780138.3783796813,780139.0,0.0,99839.0,99839.0,False,685949.1875,22036.840044113644,94189.19087968122
2019-01-12 20:18:00,684025.0,769528.8305784129,769529.0,0.0,85504.0,85504.0,False,675327.1875,22039.75340507453,94201.64307841285
2019-01-12 20:19:00,655646.0,766955.5415688142,766956.0,0.0,111310.0,111310.0,False,673093.8125,21960.225907403943,93861.72906881421
2019-01-12 20:20:00,678022.0,761899.518177869,761900.0,0.0,83878.0,83878.0,False,666971.125,22209.786458168895,94928.39317786905
2019-01-12 20:21:00,678471.0,756713.7079479176,756714.0,0.0,78243.0,78243.0,False,661858.375,22192.693025408847,94855.33294791765
2019-01-12 20:22:00,664100.0,782572.702325849,782573.0,0.0,118473.0,118473.0,False,687988.8125,22129.185221527787,94583.88982584896
2019-01-12 20:23:00,699443.0,754369.4451029344,754370.0,0.0,54927.0,54927.0,False,658065.375,22531.64475280876,96304.07010293438
2019-01-12 20:24:00,687032.0,771160.9920769988,771161.0,0.0,84129.0,84129.0,False,673338.375,22886.929435205897,97822.61707699882
2019-01-12 20:25:00,680038.0,799115.6424918469,799116.0,0.0,119078.0,119078.0,False,701272.875,22891.643898348462,97842.76749184693
2019-01-12 20:26:00,658441.0,768008.9839422663,768009.0,0.0,109568.0,109568.0,False,668686.5,23237.84365252397,99322.48394226632
2019-01-12 20:27:00,667155.0,753412.2898321511,753413.0,0.0,86258.0,86258.0,False,654551.4375,23129.838669612407,98860.85233215117
2019-01-12 20:28:00,672388.0,773426.5241516215,773427.0,0.0,101039.0,101039.0,False,674975.875,23033.866066063172,98450.64915162152
2019-01-12 20:29:00,664264.0,751072.0310246231,751073.0,0.0,86809.0,86809.0,False,652507.9375,23060.407917398687,98564.09352462311
2019-01-12 20:30:00,743428.0,760950.4052586799,760951.0,0.0,17523.0,17523.0,False,662464.125,23042.202447334814,98486.28025867991
2019-01-12 20:31:00,698609.0,791865.1622241186,791866.0,0.0,93257.0,93257.0,False,688781.125,24117.91011466695,103084.03722411866
2019-01-12 20:32:00,674792.0,781093.7896655202,781094.0,0.0,106302.0,106302.0,False,678327.3125,24043.612627339833,102766.47716552016
2019-01-12 20:33:00,663884.0,770604.4100720913,770605.0,0.0,106721.0,106721.0,False,667758.3125,24062.240902489764,102846.09757209133
2019-01-12 20:34:00,663471.0,758862.6513735343,758863.0,0.0,95392.0,95392.0,False,656291.8125,23997.840392683913,102570.8388735343
2019-01-12 20:35:00,655776.0,775890.7868662921,775891.0,0.0,120115.0,120115.0,False,673506.6875,23954.150149540525,102384.09936629214
2019-01-12 20:36:00,660759.0,756344.8987412277,756345.0,0.0,95586.0,95586.0,False,652922.1875,24197.1474992588,103422.71124122768
2019-01-12 20:37:00,648449.0,764440.1838597754,764441.0,0.0,115992.0,115992.0,False,661043.5625,24191.043417262106,103396.62135977547
2019-01-12 20:38:00,666700.0,749080.9173535322,749081.0,0.0,82381.0,82381.0,False,645046.8125,24340.191335950814,104034.10485353212
2019-01-12 20:39:00,658715.0,755036.0295954754,755037.0,0.0,96322.0,96322.0,False,651101.75,24316.8358614679,103934.27959547547
2019-01-12 20:40:00,699681.0,778749.5451020929,778750.0,0.0,79069.0,79069.0,False,675009.625,24271.362819107904,103739.92010209296
2019-01-12 20:41:00,664320.0,789627.2839155863,789628.0,0.0,125308.0,125308.0,False,685551.9375,24349.84035934374,104075.34641558636
2019-01-12 20:42:00,644786.0,763947.4704587029,763948.0,0.0,119162.0,119162.0,False,658607.375,24645.745569897128,105340.09545870293
2019-01-12 20:43:00,653023.0,749644.0102454076,749645.0,0.0,96622.0,96622.0,False,644335.125,24638.443516745298,105308.88524540761
2019-01-12 20:44:00,673301.0,753395.2929712672,753396.0,0.0,80095.0,80095.0,False,648755.5625,24481.885671999356,104639.73047126722
2019-01-12 20:45:00,693274.0,768418.7331897255,768419.0,0.0,75145.0,75145.0,False,663532.5,24539.558329831674,104886.23318972561
2019-01-12 20:46:00,673899.0,769308.9933043594,769309.0,0.0,95410.0,95410.0,False,666392.6875,24078.667071669264,102916.30580435933
2019-01-12 20:47:00,688985.0,764296.2890316568,764297.0,0.0,75312.0,75312.0,False,661682.125,24007.976901666683,102614.16403165682
2019-01-12 20:48:00,703279.0,770844.4129328551,770845.0,0.0,67566.0,67566.0,False,668037.8125,24053.000010499713,102806.60043285508
2019-01-12 20:49:00,680256.0,787226.3903951265,787227.0,0.0,106971.0,106971.0,False,684870.625,23947.521032286626,102355.76539512651
2019-01-12 20:50:00,686286.0,803390.9768498807,803391.0,0.0,117105.0,117105.0,False,701275.75,23891.243773754933,102115.22684988065
2019-01-12 20:51:00,655157.0,781401.7576197459,781402.0,0.0,126245.0,126245.0,False,678545.1875,24064.691097202805,102856.57011974594
2019-01-12 20:52:00,661087.0,759918.9697853685,759919.0,0.0,98832.0,98832.0,False,655705.5,24382.156197050987,104213.46978536858
2019-01-12 20:53:00,651248.0,753346.3453166864,753347.0,0.0,102099.0,102099.0,False,649143.9375,24379.568099285785,104202.40781668642
2019-01-12 20:54:00,666638.0,747095.0377448478,747096.0,0.0,80458.0,80458.0,False,642878.875,24382.786251484355,104216.16274484781
2019-01-12 20:55:00,659833.0,766528.4349437201,766529.0,0.0,106696.0,106696.0,False,662674.4375,24298.052762047406,103853.99744372016
2019-01-12 20:56:00,628047.0,745562.7758570297,745563.0,0.0,117516.0,117516.0,False,642904.25,24018.355953027854,102658.52585702972
2019-01-12 20:57:00,634554.0,735329.3945032569,735330.0,0.0,100776.0,100776.0,False,632167.6875,24136.082014044638,103161.70700325692
2019-01-12 20:58:00,660790.0,740794.120297954,740795.0,0.0,80005.0,80005.0,False,637776.625,24102.34172757898,103017.49529795401
2019-01-12 20:59:00,690985.0,750496.1902020985,750497.0,0.0,59512.0,59512.0,False,647366.875,24128.503512369418,103129.31520209849
2019-01-12 21:00:00,791209.0,783531.4172356718,783532.0,7677.0,0.0,76770.0,True,678596.375,24550.977868827355,104935.0422356718
2019-01-12 21:01:00,721768.0,841302.3663000042,841303.0,0.0,119535.0,119535.0,False,736609.0625,24494.419879640187,104693.3038000042
2019-01-12 21:02:00,709311.0,790198.2827589724,790199.0,0.0,80888.0,80888.0,False,684824.1875,24653.70028479671,105374.09525897239
2019-01-12 21:03:00,701008.0,787220.6402640912,787221.0,0.0,86213.0,86213.0,False,681567.6875,24718.942784259878,105652.9527640912
2019-01-12 21:04:00,710666.0,770847.997403433,770848.0,0.0,60182.0,60182.0,False,665022.0,24759.428927118202,105825.99740343292
2019-01-12 21:05:00,705111.0,831909.353082187,831910.0,0.0,126799.0,126799.0,False,724140.75,25213.92790106285,107768.60308218705
2019-01-12 21:06:00,655047.0,829160.5680125216,829161.0,0.0,174114.0,174114.0,False,721638.1875,25156.320787844325,107522.38051252165
2019-01-12 21:07:00,651637.0,786885.5039025238,786886.0,0.0,135249.0,135249.0,False,671781.0625,26930.24687720998,115104.44140252384
2019-01-12 21:08:00,697318.0,768905.1390177975,768906.0,0.0,71588.0,71588.0,False,652927.4375,27134.557937719812,115977.70151779754
2019-01-12 21:09:00,738252.0,789682.3669830337,789683.0,0.0,51431.0,51431.0,False,672234.5625,27478.50848651123,117447.80448303367
2019-01-12 21:10:00,770881.0,842570.0718270545,842571.0,0.0,71690.0,71690.0,False,721165.875,28404.160192642932,121404.19682705445
2019-01-12 21:11:00,754017.0,854791.3737445482,854792.0,0.0,100775.0,100775.0,False,731393.5,28870.60797630182,123397.8737445482
2019-01-12 21:12:00,719812.0,850839.6191250058,850840.0,0.0,131028.0,131028.0,False,727546.0625,28846.201569836816,123293.55662500576
2019-01-12 21:13:00,688805.0,818348.0643054543,818349.0,0.0,129544.0,129544.0,False,695622.8125,28713.238941240146,122725.25180545423
2019-01-12 21:14:00,671099.0,787402.4342337064,787403.0,0.0,116304.0,116304.0,False,666103.6875,28379.48871157335,121298.74673370642
2019-01-12 21:15:00,695334.0,790372.781310993,790373.0,0.0,95039.0,95039.0,False,669065.1875,28381.558605424256,121307.59381099306
2019-01-12 21:16:00,680740.0,800563.8073593084,800564.0,0.0,119824.0,119824.0,False,680846.5,28009.489498207236,119717.30735930838
2019-01-12 21:17:00,681532.0,784147.4945678316,784148.0,0.0,102616.0,102616.0,False,664993.0625,27877.797181422156,119154.43206783161
2019-01-12 21:18:00,659178.0,785567.9087476878,785568.0,0.0,126390.0,126390.0,False,666659.0625,27820.33904439958,118908.84624768786
2019-01-12 21:19:00,648442.0,771732.6814649269,771733.0,0.0,123291.0,123291.0,False,652442.75,27909.499105092746,119289.93146492688
2019-01-12 21:20:00,695938.0,778904.8004383772,778905.0,0.0,82967.0,82967.0,False,660321.375,27744.202427715347,118583.42543837723
2019-01-12 21:21:00,671206.0,791120.9754223266,791121.0,0.0,119915.0,119915.0,False,671706.75,27938.5793640066,119414.2254223266
2019-01-12 21:22:00,681019.0,797297.477938029,797298.0,0.0,116279.0,116279.0,False,677790.6875,27960.236206216035,119506.79043802904
2019-01-12 21:23:00,689819.0,784281.3886234171,784282.0,0.0,94463.0,94463.0,False,666205.8125,27625.384185242227,118075.57612341711
2019-01-12 21:24:00,697578.0,784103.0622963635,784104.0,0.0,86526.0,86526.0,False,667046.8125,27386.898951297208,117056.24979636355
2019-01-12 21:25:00,697732.0,811143.818260312,811144.0,0.0,113412.0,113412.0,False,693572.75,27507.34772079859,117571.06826031201
2019-01-12 21:26:00,679266.0,785965.6289718975,785966.0,0.0,106700.0,106700.0,False,669665.5,27209.994218310745,116300.12897189755
2019-01-12 21:27:00,670279.0,781400.3075987587,781401.0,0.0,111122.0,111122.0,False,665693.125,27071.2663636858,115707.18259875872
2019-01-12 21:28:00,661216.0,767448.5254272386,767449.0,0.0,106233.0,106233.0,False,651687.25,27083.922115344903,115761.27542723861
2019-01-12 21:29:00,659644.0,764004.6401310707,764005.0,0.0,104361.0,104361.0,False,648489.75,27026.27693005173,115514.89013107072
2019-01-12 21:30:00,719603.0,789556.4395678829,789557.0,0.0,69954.0,69954.0,False,674041.8125,27026.215382847244,115514.6270678829
2019-01-12 21:31:00,698439.0,782828.915273001,782829.0,0.0,84390.0,84390.0,False,672299.75,25859.798906670112,110529.16527300097
2019-01-12 21:32:00,691969.0,781420.6847948888,781421.0,0.0,89452.0,89452.0,False,670570.5625,25934.89115968048,110850.12229488886
2019-01-12 21:33:00,711198.0,785469.4466713326,785470.0,0.0,74272.0,74272.0,False,674773.0,25898.936661044703,110696.44667133263
2019-01-12 21:34:00,691277.0,800913.6377947618,800914.0,0.0,109637.0,109637.0,False,689713.125,26016.869774493513,111200.51279476179
2019-01-12 21:35:00,672199.0,799602.0277791071,799603.0,0.0,127404.0,127404.0,False,688284.1875,26044.32013245018,111317.84027910711
2019-01-12 21:36:00,681224.0,763707.9637225331,763708.0,0.0,82484.0,82484.0,False,652520.1875,26013.889880491944,111187.77622253305
2019-01-12 21:37:00,674182.0,766438.1996167824,766439.0,0.0,92257.0,92257.0,False,654901.875,26095.437509683445,111536.32461678232
2019-01-12 21:38:00,675090.0,764843.4753829913,764844.0,0.0,89754.0,89754.0,False,654115.625,25906.28398576582,110727.85038299122
2019-01-12 21:39:00,672613.0,764611.4456587156,764612.0,0.0,91999.0,91999.0,False,653899.375,25902.59210502499,110712.07065871557
2019-01-12 21:40:00,684705.0,782478.6660163357,782479.0,0.0,97774.0,97774.0,False,671760.0,25904.135178487573,110718.6660163357
2019-01-12 21:41:00,691307.0,779525.9651200246,779526.0,0.0,88219.0,88219.0,False,668996.625,25859.83981450526,110529.34012002466
2019-01-12 21:42:00,661570.0,778487.5122058084,778488.0,0.0,116918.0,116918.0,False,669488.25,25501.857312100226,108999.26220580844
2019-01-12 21:43:00,648163.0,781013.1319323229,781014.0,0.0,132851.0,132851.0,False,672418.4375,25407.20318854275,108594.6944323229
2019-01-12 21:44:00,645866.0,763304.489873505,763305.0,0.0,117439.0,117439.0,False,652771.0,25860.810705674554,110533.48987350496
2019-01-12 21:45:00,683224.0,752726.5051201448,752727.0,0.0,69503.0,69503.0,False,641843.8125,25942.51142949219,110882.69262014481
2019-01-12 21:46:00,675724.0,774494.5293509996,774495.0,0.0,98771.0,98771.0,False,662883.375,26112.94494199164,111611.1543509996
2019-01-12 21:47:00,672529.0,759951.5602992192,759952.0,0.0,87423.0,87423.0,False,648379.125,26103.88609412624,111572.43529921921
2019-01-12 21:48:00,648277.0,765382.3536179728,765383.0,0.0,117106.0,117106.0,False,653920.75,26077.95551750024,111461.60361797284
2019-01-12 21:49:00,642136.0,751505.1413636354,751506.0,0.0,109370.0,109370.0,False,640302.25,26017.426272976118,111202.89136363543
2019-01-12 21:50:00,663326.0,759295.9059016714,759296.0,0.0,95970.0,95970.0,False,648333.1875,25961.23454761684,110962.71840167134
2019-01-12 21:51:00,632656.0,771590.2754866182,771591.0,0.0,138935.0,138935.0,False,661660.75,25719.505037138064,109929.52548661821
2019-01-12 21:52:00,661495.0,738198.7787306574,738199.0,0.0,76704.0,76704.0,False,627665.75,25860.702815044282,110533.02873065742
2019-01-12 21:53:00,650566.0,750477.3857797154,750478.0,0.0,99912.0,99912.0,False,639419.75,25983.441756934888,111057.63577971536
2019-01-12 21:54:00,663599.0,748524.7195153256,748525.0,0.0,84926.0,84926.0,False,637630.375,25945.23754857138,110894.34451532562
2019-01-12 21:55:00,668710.0,771097.4680228172,771098.0,0.0,102388.0,102388.0,False,660133.0,25961.643895239085,110964.46802281715
2019-01-12 21:56:00,643516.0,758837.0311932681,758838.0,0.0,115322.0,115322.0,False,648203.5,25884.216730727254,110633.53119326815
2019-01-12 21:57:00,605963.0,769561.7133110873,769562.0,0.0,163599.0,163599.0,False,659584.125,25730.749987487492,109977.58831108735
2019-01-12 21:58:00,644176.0,721699.1756966177,721700.0,0.0,77524.0,77524.0,False,605857.0625,27102.835209052275,115842.11319661765
2019-01-12 21:59:00,641230.0,745633.1327473203,745634.0,0.0,104404.0,104404.0,False,629077.4375,27269.787418353808,116555.69524732039
2019-01-12 22:00:00,757674.0,773949.7814385418,773950.0,0.0,16276.0,16276.0,False,658645.8125,26976.929053312757,115303.96893854177
2019-01-12 22:01:00,679196.0,794781.6261721449,794782.0,0.0,115586.0,115586.0,False,682880.3125,26180.831654762696,111901.31367214488
2019-01-12 22:02:00,679445.0,772051.1263802933,772052.0,0.0,92607.0,92607.0,False,660807.625,26026.927537748856,111243.50138029328
2019-01-12 22:03:00,680919.0,776164.5776430971,776165.0,0.0,95246.0,95246.0,False,665068.0625,25992.53811187604,111096.51514309716
2019-01-12 22:04:00,679960.0,760588.5640355783,760589.0,0.0,80629.0,80629.0,False,649544.5625,25980.25184040238,111044.00153557831
2019-01-12 22:05:00,670362.0,802667.0157698406,802668.0,0.0,132306.0,132306.0,False,692708.875,25726.199971167098,109958.14076984055
2019-01-12 22:06:00,673968.0,798269.7040829386,798270.0,0.0,124302.0,124302.0,False,688011.75,25796.34536643095,110257.9540829386
2019-01-12 22:07:00,703069.0,793808.3314248977,793809.0,0.0,90740.0,90740.0,False,691486.875,23939.49398287733,102321.45642489761
2019-01-12 22:08:00,728319.0,806572.5761544365,806573.0,0.0,78254.0,78254.0,False,705906.3125,23552.239161127993,100666.26365443647
2019-01-12 22:09:00,731923.0,809370.3774886527,809371.0,0.0,77448.0,77448.0,False,710056.6875,23235.786187677637,99313.68998865267
2019-01-12 22:10:00,757255.0,829183.8207497871,829184.0,0.0,71929.0,71929.0,False,734201.5625,22222.388923088045,94982.25824978716
2019-01-12 22:11:00,729269.0,818731.1882102865,818732.0,0.0,89463.0,89463.0,False,725852.0,21730.34713326903,92879.18821028655
2019-01-12 22:12:00,738046.0,781664.9201855322,781665.0,0.0,43619.0,43619.0,False,688870.9375,21710.41214388915,92793.9826855322
2019-01-12 22:13:00,703338.0,786755.1007204062,786756.0,0.0,83418.0,83418.0,False,692343.4375,22088.890468806825,94411.66322040613
2019-01-12 22:14:00,682512.0,760581.4391526305,760582.0,0.0,78070.0,78070.0,False,666775.8125,21947.099985416706,93805.62665263054
2019-01-12 22:15:00,691524.0,757365.6184849315,757366.0,0.0,65842.0,65842.0,False,663646.375,21926.889470480673,93719.24348493155
2019-01-12 22:16:00,687145.0,760197.7444187498,760198.0,0.0,73053.0,73053.0,False,666404.6875,21944.159125511876,93793.05691874983
2019-01-12 22:17:00,678527.0,766059.1364804397,766060.0,0.0,87533.0,87533.0,False,672456.8125,21899.534564949994,93602.32398043966
2019-01-12 22:18:00,678968.0,754991.117230809,754992.0,0.0,76024.0,76024.0,False,661323.625,21914.78156193478,93667.4922308089
2019-01-12 22:19:00,647809.0,754960.2263606346,754961.0,0.0,107152.0,107152.0,False,661969.75,21756.384507038987,92990.47636063454
2019-01-12 22:20:00,680656.0,749019.583174381,749020.0,0.0,68364.0,68364.0,False,655282.0625,21931.16566710784,93737.52067438108
2019-01-12 22:21:00,662294.0,763768.2230520828,763769.0,0.0,101475.0,101475.0,False,670604.6875,21796.874054560234,93163.53555208287
2019-01-12 22:22:00,651879.0,767285.9417911101,767286.0,0.0,115407.0,115407.0,False,673675.5,21901.43383697453,93610.44179111005
2019-01-12 22:23:00,646506.0,755348.2733585956,755349.0,0.0,108843.0,108843.0,False,659951.5,22319.37036080256,95396.77335859554
2019-01-12 22:24:00,694286.0,734581.9434652927,734582.0,0.0,40296.0,40296.0,False,638329.0625,22519.668359045634,96252.88096529273
2019-01-12 22:25:00,698717.0,770061.6494170029,770062.0,0.0,71345.0,71345.0,False,671348.0,23095.398548990768,98713.64941700286
2019-01-12 22:26:00,735231.0,761002.490587988,761003.0,0.0,25772.0,25772.0,False,662067.0625,23147.28668023016,98935.42808798807
2019-01-12 22:27:00,730650.0,798261.4777173836,798262.0,0.0,67612.0,67612.0,False,693993.1875,24394.982181436066,104268.29021738368
2019-01-12 22:28:00,678991.0,798157.1605694995,798158.0,0.0,119167.0,119167.0,False,693287.625,24535.651694870667,104869.53556949952
2019-01-12 22:29:00,660918.0,758448.6525287053,758449.0,0.0,97531.0,97531.0,False,652434.625,24803.421127872898,106014.02752870526
2019-01-12 22:30:00,750446.0,759318.0185568779,759319.0,0.0,8873.0,8873.0,False,653271.6875,24810.97897688456,106046.33105687783
2019-01-12 22:31:00,716578.0,820915.1202453503,820916.0,0.0,104338.0,104338.0,False,706743.75,26711.942211373374,114171.3702453503
2019-01-12 22:32:00,705676.0,788007.7902453765,788008.0,0.0,82332.0,82332.0,False,673978.0,26678.81764810099,114029.7902453765
2019-01-12 22:33:00,685114.0,790739.0161634079,790740.0,0.0,105626.0,105626.0,False,676383.375,26755.05489456019,114355.64116340796
2019-01-12 22:34:00,679226.0,776961.8705833287,776962.0,0.0,97736.0,97736.0,False,663200.625,26615.98797829516,113761.24558332867
2019-01-12 22:35:00,693936.0,781643.2020075552,781644.0,0.0,87708.0,87708.0,False,668100.1875,26564.92985512242,113543.01450755516
2019-01-12 22:36:00,660433.0,784979.745430276,784980.0,0.0,124547.0,124547.0,False,672569.0,26300.020131301044,112410.74543027607
2019-01-12 22:37:00,659229.0,769043.1886682365,769044.0,0.0,109815.0,109815.0,False,655902.25,26470.858753397108,113140.93866823653
2019-01-12 22:38:00,652232.0,760451.5964771213,760452.0,0.0,108220.0,108220.0,False,647176.375,26502.27603973785,113275.22147712139
2019-01-12 22:39:00,654857.0,755225.4604800219,755226.0,0.0,100369.0,100369.0,False,641900.9375,26513.810795724243,113324.5229800219
2019-01-12 22:40:00,714798.0,785510.6821463192,785511.0,0.0,70713.0,70713.0,False,672214.75,26507.121581992287,113295.93214631919
2019-01-12 22:41:00,678383.0,779971.8411345558,779972.0,0.0,101589.0,101589.0,False,665599.5,26758.962079551242,114372.34113455571
2019-01-12 22:42:00,663426.0,781181.9440662606,781182.0,0.0,117756.0,117756.0,False,666890.625,26740.005866610158,114291.31906626055
2019-01-12 22:43:00,658147.0,767868.6246572317,767869.0,0.0,109722.0,109722.0,False,653814.875,26684.42327780939,114053.74965723175
2019-01-12 22:44:00,662136.0,763338.6701600879,763339.0,0.0,101203.0,101203.0,False,651174.0,26242.447480795145,112164.67016008789
2019-01-12 22:45:00,690097.0,782411.9310351145,782412.0,0.0,92315.0,92315.0,False,670876.875,26095.14070777828,111535.0560351144
2019-01-12 22:46:00,697557.0,772207.8250278761,772208.0,0.0,74651.0,74651.0,False,661606.0,25876.79864284867,110601.82502787604
2019-01-12 22:47:00,710281.0,789559.8540024428,789560.0,0.0,79279.0,79279.0,False,678358.4375,26017.081209175427,111201.41650244282
2019-01-12 22:48:00,684837.0,795931.1338487358,795932.0,0.0,111095.0,111095.0,False,684456.9375,26080.901757837917,111474.19634873584
2019-01-12 22:49:00,697536.0,772693.408409751,772694.0,0.0,75158.0,75158.0,False,661514.9375,26011.712776225275,111178.47090975102
2019-01-12 22:50:00,670769.0,802816.3517190223,802817.0,0.0,132048.0,132048.0,False,691331.75,26083.336235493567,111484.6017190222
2019-01-12 22:51:00,625999.0,769028.1864449829,769029.0,0.0,143030.0,143030.0,False,655768.375,26498.670653491936,113259.81144498286
2019-01-12 22:52:00,625099.0,739584.5228896362,739585.0,0.0,114486.0,114486.0,False,626232.8125,26520.171659335963,113351.71038963618
2019-01-12 22:53:00,618947.0,731272.70985946,731273.0,0.0,112326.0,112326.0,False,618043.75,26491.452506176673,113228.95985945998
2019-01-12 22:54:00,637997.0,726845.2478694927,726846.0,0.0,88849.0,88849.0,False,613378.5625,26547.071616926747,113466.68536949271
2019-01-12 22:55:00,670915.0,740272.3194579431,740273.0,0.0,69358.0,69358.0,False,626844.5,26537.97840922438,113427.81945794313
2019-01-12 22:56:00,640367.0,749613.4633946302,749614.0,0.0,109247.0,109247.0,False,635097.9375,26792.46209823755,114515.52589463025
2019-01-12 22:57:00,638117.0,749537.0745687796,749538.0,0.0,111421.0,111421.0,False,635417.75,26699.765418698273,114119.32456877956
2019-01-12 22:58:00,603324.0,737124.5942007367,737125.0,0.0,133801.0,133801.0,False,629381.0,25208.076733693684,107743.59420073671
2019-01-12 22:59:00,615495.0,731282.524219502,731283.0,0.0,115788.0,115788.0,False,621809.0,25612.81734941613,109473.52421950201
2019-01-12 23:00:00,733233.0,755375.2709401533,755376.0,0.0,22143.0,22143.0,False,645281.6875,25757.888622836723,110093.5834401533
2019-01-12 23:01:00,685712.0,772655.930054628,772656.0,0.0,86944.0,86944.0,False,665000.5625,25187.43491195418,107655.367554628
2019-01-12 23:02:00,671046.0,757388.3806858936,757389.0,0.0,86343.0,86343.0,False,650173.9375,25084.274669312716,107214.44318589363
2019-01-12 23:03:00,679353.0,756616.0223473954,756617.0,0.0,77264.0,77264.0,False,649372.125,25091.165870304954,107243.89734739541
2019-01-12 23:04:00,640617.0,760469.8899346814,760470.0,0.0,119853.0,119853.0,False,652918.875,25163.020199687613,107551.01493468136
2019-01-12 23:05:00,665119.0,758601.8040053108,758602.0,0.0,93483.0,93483.0,False,650333.125,25330.92745297392,108268.67900531073
2019-01-12 23:06:00,700875.0,783264.8279542266,783265.0,0.0,82390.0,82390.0,False,676971.625,24868.73800913077,106293.2029542267
2019-01-12 23:07:00,717459.0,806443.9866405182,806444.0,0.0,88985.0,88985.0,False,701315.9375,24596.134454734776,105128.04914051817
2019-01-12 23:08:00,721501.0,825380.4211042094,825381.0,0.0,103880.0,103880.0,False,720279.875,24589.69974597251,105100.54610420938
2019-01-12 23:09:00,736328.0,813131.8337334819,813132.0,0.0,76804.0,76804.0,False,707786.6875,24646.927267232728,105345.14623348197
2019-01-12 23:10:00,747804.0,828760.6318072006,828761.0,0.0,80957.0,80957.0,False,723232.0,24689.856208448546,105528.63180720058
2019-01-12 23:11:00,662692.0,798348.3759552777,798349.0,0.0,135657.0,135657.0,False,692784.4375,24698.116678136226,105563.93845527768
2019-01-12 23:12:00,672222.0,744873.5540761049,744874.0,0.0,72652.0,72652.0,False,636559.5625,25341.528944134967,108313.99157610483
2019-01-12 23:13:00,637289.0,754005.6388209246,754006.0,0.0,116717.0,116717.0,False,646734.5625,25097.524760180015,107271.07632092455
2019-01-12 23:14:00,644037.0,732339.7765188381,732340.0,0.0,88303.0,88303.0,False,624257.375,25287.345305862593,108082.40151883817
2019-01-12 23:15:00,646305.0,744263.5736730021,744264.0,0.0,97959.0,97959.0,False,636146.0625,25295.559686149627,108117.51117300207
2019-01-12 23:16:00,622041.0,743622.5636174759,743623.0,0.0,121582.0,121582.0,False,635727.6875,25243.471192119472,107894.87611747596
2019-01-12 23:17:00,627165.0,730413.4807723355,730414.0,0.0,103249.0,103249.0,False,621493.6875,25483.26447613822,108919.79327233549
2019-01-12 23:18:00,625591.0,725705.9872122278,725706.0,0.0,100115.0,100115.0,False,616777.3125,25485.34240958726,108928.67471222773
2019-01-12 23:19:00,634341.0,729217.2662832651,729218.0,0.0,94877.0,94877.0,False,620275.5,25488.40536038004,108941.76628326507
2019-01-12 23:20:00,638871.0,738612.1731072653,738613.0,0.0,99742.0,99742.0,False,630778.0,25229.268898695835,107834.1731072653
2019-01-12 23:21:00,607852.0,728537.4397729475,728538.0,0.0,120686.0,120686.0,False,620836.125,25198.184887520612,107701.31477294749
2019-01-12 23:22:00,616937.0,739353.5917108374,739354.0,0.0,122417.0,122417.0,False,631329.375,25273.732180036437,108024.21671083749
2019-01-12 23:23:00,616686.0,715221.4496235941,715222.0,0.0,98536.0,98536.0,False,607866.0,25117.265039903792,107355.44962359405
2019-01-12 23:24:00,613361.0,720686.9430281392,720687.0,0.0,107326.0,107326.0,False,614372.9375,24873.605053741016,106314.00552813914
2019-01-12 23:25:00,609458.0,734318.6188420615,734319.0,0.0,124861.0,124861.0,False,630257.5625,24346.49700262154,104061.0563420615
2019-01-12 23:26:00,617303.0,704188.7948774877,704189.0,0.0,86886.0,86886.0,False,598776.5625,24662.622981473658,105412.23237748776
2019-01-12 23:27:00,599956.0,706375.4347461809,706376.0,0.0,106420.0,106420.0,False,606434.3125,23382.582483181734,99941.12224618084
2019-01-12 23:28:00,609875.0,697010.7156063257,697011.0,0.0,87136.0,87136.0,False,597573.75,23264.628192186086,99436.96560632566
2019-01-12 23:29:00,615107.0,703290.9876063771,703291.0,0.0,88184.0,88184.0,False,604846.25,23032.48297979023,98444.73760637708
2019-01-12 23:30:00,697804.0,736358.0526331645,736359.0,0.0,38555.0,38555.0,False,637924.25,23029.924594339398,98433.80263316451
2019-01-12 23:31:00,628889.0,728138.0735930875,728139.0,0.0,99250.0,99250.0,False,637821.3125,21130.83251827941,90316.76109308744
2019-01-12 23:32:00,631100.0,704506.2052630682,704507.0,0.0,73407.0,73407.0,False,613549.75,21280.49765468582,90956.45526306814
2019-01-12 23:33:00,639881.0,708106.4687349956,708107.0,0.0,68226.0,68226.0,False,617829.8125,21121.449442211902,90276.65623499562
2019-01-12 23:34:00,623448.0,706524.5782736908,706525.0,0.0,83077.0,83077.0,False,616020.25,21174.716406843254,90504.32827369083
2019-01-12 23:35:00,623999.0,711125.1198753063,711126.0,0.0,87127.0,87127.0,False,620660.4375,21165.440710630708,90464.68237530629
2019-01-12 23:36:00,616474.0,714535.3046073366,714536.0,0.0,98062.0,98062.0,False,624411.25,21085.746219498298,90124.05460733669
2019-01-12 23:37:00,592615.0,699650.1728399231,699651.0,0.0,107036.0,107036.0,False,609810.0,21019.32822565519,89840.17283992308
2019-01-12 23:38:00,607761.0,679363.922399709,679364.0,0.0,71603.0,71603.0,False,588366.75,21290.02398163298,90997.17239970897
2019-01-12 23:39:00,593462.0,688416.6860193629,688417.0,0.0,94955.0,94955.0,False,597301.1875,21317.7079838789,91115.49851936291
2019-01-12 23:40:00,649492.0,704443.0262406688,704444.0,0.0,54952.0,54952.0,False,613037.375,21385.593152527927,91405.65124066881
2019-01-12 23:41:00,598444.0,701611.6294094898,701612.0,0.0,103168.0,103168.0,False,610819.9375,21241.9490310696,90791.69190948982
2019-01-12 23:42:00,587116.0,684056.8707913659,684057.0,0.0,96941.0,96941.0,False,592502.1875,21420.46122424596,91554.68329136581
2019-01-12 23:43:00,598316.0,684512.6888291556,684513.0,0.0,86197.0,86197.0,False,592871.875,21440.6126329847,91640.81382915564
2019-01-12 23:44:00,626882.0,678964.7398373467,678965.0,0.0,52083.0,52083.0,False,587339.3125,21437.012754318504,91625.42733734669
2019-01-12 23:45:00,631070.0,717007.0079202715,717008.0,0.0,85938.0,85938.0,False,623878.8125,21788.60575089829,93128.19542027146
2019-01-12 23:46:00,622787.0,697657.9559886742,697658.0,0.0,74871.0,74871.0,False,604678.0625,21753.908500456702,92979.89348867416
2019-01-12 23:47:00,616871.0,694705.6534864547,694706.0,0.0,77835.0,77835.0,False,602774.0625,21508.64389691252,91931.59098645479
2019-01-12 23:48:00,618972.0,692782.3301856136,692783.0,0.0,73811.0,73811.0,False,601688.0625,21312.74074206518,91094.26768561354
2019-01-12 23:49:00,623293.0,694702.3357658855,694703.0,0.0,71410.0,71410.0,False,603611.0,21312.05477963718,91091.33576588558
2019-01-12 23:50:00,634622.0,717168.6805614055,717169.0,0.0,82547.0,82547.0,False,627118.9375,21068.36002437525,90049.74306140552
2019-01-12 23:51:00,625776.0,700820.3339657884,700821.0,0.0,75045.0,75045.0,False,612255.25,20721.00387124781,88565.08396578842
2019-01-12 23:52:00,600714.0,693126.6715477158,693127.0,0.0,92413.0,92413.0,False,607237.0,20095.05481108001,85889.67154771577
2019-01-12 23:53:00,602961.0,682156.484971706,682157.0,0.0,79196.0,79196.0,False,596005.0,20156.309616350023,86151.48497170604
2019-01-12 23:54:00,606194.0,682731.0622926926,682732.0,0.0,76538.0,76538.0,False,596707.4375,20126.39499146988,86023.62479269264
2019-01-12 23:55:00,622042.0,694760.1840054569,694761.0,0.0,72719.0,72719.0,False,609124.4375,20035.64559981922,85635.7465054569
2019-01-12 23:56:00,627210.0,684506.1989000671,684507.0,0.0,57297.0,57297.0,False,601007.5,19535.654297135778,83498.69890006709
2019-01-12 23:57:00,608978.0,685647.9786357121,685648.0,0.0,76670.0,76670.0,False,601663.6875,19649.26519371138,83984.29113571203
2019-01-12 23:58:00,596954.0,682095.0542140747,682096.0,0.0,85142.0,85142.0,False,598187.125,19631.39928535327,83907.9292140748
2019-01-12 23:59:00,596724.0,674980.7302498835,674981.0,0.0,78257.0,78257.0,False,593213.25,19130.612188596842,81767.48024988349
2019-01-13 00:00:00,762610.0,712127.3255144635,712128.0,50482.0,0.0,504820.0,False,630781.8125,19031.887224681548,81345.51301446349
2019-01-13 00:01:00,704794.0,801084.6207252603,801085.0,0.0,96291.0,96291.0,False,704796.875,22527.82544301045,96287.74572526038
2019-01-13 00:02:00,714897.0,761110.3485933038,761111.0,0.0,46214.0,46214.0,False,664797.125,22533.786336160654,96313.2235933038
2019-01-13 00:03:00,706977.0,778673.4842727171,778674.0,0.0,71697.0,71697.0,False,680107.0,23060.96726537526,98566.48427271713
2019-01-13 00:04:00,688870.0,755687.509647158,755688.0,0.0,66818.0,66818.0,False,657288.3125,23021.828171038036,98399.19714715797
2019-01-13 00:05:00,690015.0,780271.8262776327,780272.0,0.0,90257.0,90257.0,False,682108.0625,22966.74533768084,98163.76377763273
2019-01-13 00:06:00,732496.0,800987.3193633321,800988.0,0.0,68492.0,68492.0,False,702816.4375,22968.410710474825,98170.88186333215
2019-01-13 00:07:00,795773.0,830971.8915018182,830972.0,0.0,35199.0,35199.0,True,732530.5,23031.70011319752,98441.39150181823
2019-01-13 00:08:00,773262.0,885530.221902569,885531.0,0.0,112269.0,112269.0,False,783149.6875,23953.316077874817,102380.53440256904
2019-01-13 00:09:00,775581.0,847011.9315489571,847012.0,0.0,71431.0,71431.0,False,744079.6875,24082.396040391744,102932.24404895715
2019-01-13 00:10:00,705599.0,861061.4101834776,861062.0,0.0,155463.0,155463.0,False,757974.5,24118.582282516087,103086.91018347758
2019-01-13 00:11:00,656762.0,792026.8773051287,792027.0,0.0,135265.0,135265.0,False,683271.1875,25444.87024189812,108755.68980512871
2019-01-13 00:12:00,640359.0,752008.6776084295,752009.0,0.0,111650.0,111650.0,False,643649.125,25352.18856624452,108359.55260842944
2019-01-13 00:13:00,638837.0,741785.0208336369,741786.0,0.0,102949.0,102949.0,False,634014.3125,25214.42045322324,107770.70833363691
2019-01-13 00:14:00,645006.0,737902.9246518757,737903.0,0.0,92897.0,92897.0,False,630654.5625,25092.210471933253,107248.36215187573
2019-01-13 00:15:00,658128.0,744125.0481508515,744126.0,0.0,85998.0,85998.0,False,636975.0,25069.208576551908,107150.04815085148
2019-01-13 00:16:00,652154.0,748636.4166925851,748637.0,0.0,96483.0,96483.0,False,641332.75,25105.14972012027,107303.66669258513
2019-01-13 00:17:00,657426.0,750580.7030990765,750581.0,0.0,93155.0,93155.0,False,644147.3125,24901.53681201744,106433.39059907656
2019-01-13 00:18:00,663215.0,751292.7588186717,751293.0,0.0,88078.0,88078.0,False,644899.0625,24892.249796174347,106393.69631867172
2019-01-13 00:19:00,655440.0,765736.6784079971,765737.0,0.0,110297.0,110297.0,False,659285.25,24905.75700231971,106451.42840799715
2019-01-13 00:20:00,673090.0,785496.5663743652,785497.0,0.0,112407.0,112407.0,False,678724.875,24980.686871617785,106771.6913743652
2019-01-13 00:21:00,647584.0,767698.3301837663,767699.0,0.0,120115.0,120115.0,False,660540.625,25071.000043364387,107157.70518376626
2019-01-13 00:22:00,626276.0,740887.8951955733,740888.0,0.0,114612.0,114612.0,False,633732.0625,25070.561949328272,107155.83269557338
2019-01-13 00:23:00,635502.0,726999.6493413225,727000.0,0.0,91498.0,91498.0,False,620277.8125,24969.02272672096,106721.83684132251
2019-01-13 00:24:00,647512.0,728970.1659574665,728971.0,0.0,81459.0,81459.0,False,622232.625,24972.696917912825,106737.5409574665
2019-01-13 00:25:00,630537.0,739746.0565342716,739747.0,0.0,109210.0,109210.0,False,632956.125,24984.95440468056,106789.93153427153
2019-01-13 00:26:00,620960.0,723877.5126630948,723878.0,0.0,102918.0,102918.0,False,618321.875,24696.174595102435,105555.63766309478
2019-01-13 00:27:00,615458.0,721368.0890945462,721369.0,0.0,105911.0,105911.0,False,615755.375,24709.528401186086,105612.71409454617
2019-01-13 00:28:00,615722.0,718693.6745345781,718694.0,0.0,102972.0,102972.0,False,613351.0,24646.348979715083,105342.67453457807
2019-01-13 00:29:00,625878.0,716656.7435853506,716657.0,0.0,90779.0,90779.0,False,611188.4375,24675.74218675946,105468.30608535062
2019-01-13 00:30:00,716021.0,750520.4119985203,750521.0,0.0,34500.0,34500.0,False,645041.8125,24678.15047052758,105478.59949852029
2019-01-13 00:31:00,650813.0,755997.3689811471,755998.0,0.0,105185.0,105185.0,False,648814.25,25076.945946313164,107183.11898114707
2019-01-13 00:32:00,659764.0,742291.9197084592,742292.0,0.0,82528.0,82528.0,False,635589.625,24964.450579407574,106702.29470845917
2019-01-13 00:33:00,639213.0,749621.4880608566,749622.0,0.0,110409.0,110409.0,False,642754.25,25003.041316191422,106867.23806085657
2019-01-13 00:34:00,643058.0,731215.113281482,731216.0,0.0,88158.0,88158.0,False,624150.0,25049.336910674087,107065.11328148199
2019-01-13 00:35:00,645674.0,751607.5741129839,751608.0,0.0,105934.0,105934.0,False,644499.5625,25059.37355777381,107108.01161298394
2019-01-13 00:36:00,632499.0,754419.3263133805,754420.0,0.0,121921.0,121921.0,False,647251.8125,25073.294905437655,107167.51381338052
2019-01-13 00:37:00,610466.0,731931.6575283895,731932.0,0.0,121466.0,121466.0,False,624315.8125,25178.18808033025,107615.84502838942
2019-01-13 00:38:00,626408.0,708454.117721485,708455.0,0.0,82047.0,82047.0,False,601097.4375,25117.552954988605,107356.68022148494
2019-01-13 00:39:00,607638.0,721687.9675846883,721688.0,0.0,114050.0,114050.0,False,614156.125,25158.53456809741,107531.84258468836
2019-01-13 00:40:00,631218.0,728161.9904106961,728162.0,0.0,96944.0,96944.0,False,620500.4375,25188.88205998694,107661.5529106961
2019-01-13 00:41:00,605321.0,721464.0266288089,721465.0,0.0,116144.0,116144.0,False,614671.5,24985.56156228205,106792.52662880898
2019-01-13 00:42:00,604872.0,717036.777783752,717037.0,0.0,112165.0,112165.0,False,610437.375,24940.377616624624,106599.40278375201
2019-01-13 00:43:00,602343.0,704444.1057478036,704445.0,0.0,102102.0,102102.0,False,597836.0,24942.4137932275,106608.10574780352
2019-01-13 00:44:00,598522.0,702653.4327855654,702654.0,0.0,104132.0,104132.0,False,596027.8125,24946.511557137565,106625.6202855654
2019-01-13 00:45:00,630849.0,722098.0263210491,722099.0,0.0,91250.0,91250.0,False,616515.875,24702.377825365555,105582.1513210491
2019-01-13 00:46:00,630230.0,711855.5070336073,711856.0,0.0,81626.0,81626.0,False,606277.3125,24701.45208122094,105578.19453360733
2019-01-13 00:47:00,611907.0,715955.866911761,715956.0,0.0,104049.0,104049.0,False,610209.8125,24740.725178804118,105746.05441176106
2019-01-13 00:48:00,603617.0,710351.3096462497,710352.0,0.0,106735.0,106735.0,False,604494.25,24766.69636056755,105857.05964624975
2019-01-13 00:49:00,602502.0,702525.67103612,702526.0,0.0,100024.0,100024.0,False,596535.5,24797.839577525083,105990.17103612001
2019-01-13 00:50:00,623397.0,726523.3140619848,726524.0,0.0,103127.0,103127.0,False,620625.25,24776.28990035927,105898.06406198473
2019-01-13 00:51:00,596512.0,708670.729022373,708671.0,0.0,112159.0,112159.0,False,602702.0,24792.822927283665,105968.72902237304
2019-01-13 00:52:00,606395.0,691390.0989619878,691391.0,0.0,84996.0,84996.0,False,585055.875,24878.335430852254,106334.22396198771
2019-01-13 00:53:00,594052.0,695118.155040514,695119.0,0.0,101067.0,101067.0,False,589006.75,24826.203918887237,106111.40504051393
2019-01-13 00:54:00,596465.0,693307.7262162303,693308.0,0.0,96843.0,96843.0,False,587172.125,24831.864942715554,106135.60121623025
2019-01-13 00:55:00,613178.0,705694.0357782856,705695.0,0.0,92517.0,92517.0,False,599557.875,24831.995859855768,106136.16077828563
2019-01-13 00:56:00,593663.0,699753.1280954945,699754.0,0.0,106091.0,106091.0,False,593611.1875,24833.34812656626,106141.94059549444
2019-01-13 00:57:00,606809.0,695614.6144729523,695615.0,0.0,88806.0,88806.0,False,589693.3125,24781.726725138946,105921.30197295234
2019-01-13 00:58:00,593128.0,694227.8933520527,694228.0,0.0,101100.0,101100.0,False,588245.6875,24795.97601456658,105982.20585205262
2019-01-13 00:59:00,582378.0,693768.7763561521,693769.0,0.0,111391.0,111391.0,False,587933.5625,24761.5852413667,105835.21385615219
2019-01-13 01:00:00,685387.0,723330.2503026375,723331.0,0.0,37944.0,37944.0,False,617203.75,24829.73566041442,106126.50030263752
2019-01-13 01:01:00,624658.0,712368.5687255205,712369.0,0.0,87711.0,87711.0,False,624293.25,20606.416643582415,88075.31872552057
2019-01-13 01:02:00,618457.0,693365.7000992112,693366.0,0.0,74909.0,74909.0,False,605301.625,20603.786044548906,88064.07509921122
2019-01-13 01:03:00,632179.0,691594.8263964828,691595.0,0.0,59416.0,59416.0,False,606506.75,19907.510741926435,85088.07639648281
2019-01-13 01:04:00,618712.0,695481.2800399895,695482.0,0.0,76770.0,76770.0,False,610469.8125,19889.587059806032,85011.4675399895
2019-01-13 01:05:00,628398.0,707663.7065143879,707664.0,0.0,79266.0,79266.0,False,623636.9375,19659.203470163797,84026.76901438783
2019-01-13 01:06:00,623492.0,728226.9638593964,728227.0,0.0,104735.0,104735.0,False,644181.4375,19663.592005703234,84045.5263593964
2019-01-13 01:07:00,639352.0,721433.3096540689,721434.0,0.0,82082.0,82082.0,False,636835.125,19792.8939173664,84598.18465406887
2019-01-13 01:08:00,629820.0,719204.0059056364,719205.0,0.0,89385.0,89385.0,False,640557.0,18400.534848047464,78647.00590563631
2019-01-13 01:09:00,630155.0,711884.6848316011,711885.0,0.0,81730.0,81730.0,False,633183.75,18413.15225248781,78700.93483160115
2019-01-13 01:10:00,657495.0,733726.6278034562,733727.0,0.0,76232.0,76232.0,False,656160.875,18147.561004261257,77565.75280345617
2019-01-13 01:11:00,652311.0,703985.6682811565,703986.0,0.0,51675.0,51675.0,False,633368.1875,16521.918425655782,70617.48078115647
2019-01-13 01:12:00,638473.0,700405.7642763422,700406.0,0.0,61933.0,61933.0,False,631890.875,16029.988595523871,68514.88927634223
2019-01-13 01:13:00,634612.0,694687.2764884343,694688.0,0.0,60076.0,60076.0,False,626418.5625,15972.392544514476,68268.71398843433
2019-01-13 01:14:00,628107.0,689852.6921753723,689853.0,0.0,61746.0,61746.0,False,621596.75,15969.404405441483,68255.94217537231
2019-01-13 01:15:00,654785.0,692880.0547898188,692881.0,0.0,38096.0,38096.0,False,624733.0,15943.928723191177,68147.05478981881
2019-01-13 01:16:00,651149.0,697012.8975483297,697013.0,0.0,45864.0,45864.0,False,628143.125,16113.01835537296,68869.77254832971
2019-01-13 01:17:00,653240.0,697580.5703792049,697581.0,0.0,44341.0,44341.0,False,628205.8125,16231.166529884147,69374.75787920489
2019-01-13 01:18:00,658463.0,704044.6143398414,704045.0,0.0,45582.0,45582.0,False,634081.5,16368.82051216042,69963.11433984143
2019-01-13 01:19:00,644218.0,705762.3380006183,705763.0,0.0,61545.0,61545.0,False,635443.875,16451.959156035526,70318.46300061831
2019-01-13 01:20:00,653903.0,715940.6218764235,715941.0,0.0,62038.0,62038.0,False,645925.75,16380.929890572988,70014.87187642347
2019-01-13 01:21:00,619759.0,713982.5650151364,713983.0,0.0,94224.0,94224.0,False,644386.625,16282.915093648373,69595.9400151364
2019-01-13 01:22:00,635396.0,682975.0544354157,682976.0,0.0,47580.0,47580.0,False,612012.125,16602.74082859042,70962.92943541572
2019-01-13 01:23:00,618691.0,688605.6739590497,688606.0,0.0,69915.0,69915.0,False,617700.875,16589.140414387894,70904.79895904976
2019-01-13 01:24:00,578910.0,678862.3373740133,678863.0,0.0,99953.0,99953.0,False,607931.0,16595.349436889457,70931.33737401331
2019-01-13 01:25:00,594066.0,662308.5418756922,662309.0,0.0,68243.0,68243.0,False,589119.3125,17123.61392682909,73189.22937569222
2019-01-13 01:26:00,600920.0,660922.7027006533,660923.0,0.0,60003.0,60003.0,False,587927.25,17078.27724273372,72995.45270065339
2019-01-13 01:27:00,578136.0,667549.9664414868,667550.0,0.0,89414.0,89414.0,False,594550.6875,17079.172443726846,72999.27894148686
2019-01-13 01:28:00,595878.0,657751.5551912342,657752.0,0.0,61874.0,61874.0,False,583682.1875,17329.5342356793,74069.36769123425
2019-01-13 01:29:00,576898.0,655939.6395936989,655940.0,0.0,79042.0,79042.0,False,581884.125,17326.293115422806,74055.51459369886
2019-01-13 01:30:00,661329.0,680560.3877257912,680561.0,0.0,19232.0,19232.0,False,606287.375,17377.179756469915,74273.01272579118
2019-01-13 01:31:00,606852.0,687426.7418214465,687427.0,0.0,80575.0,80575.0,False,616891.0,16502.794486234725,70535.74182144649
2019-01-13 01:32:00,606977.0,663918.9963598601,663919.0,0.0,56942.0,56942.0,False,592812.1875,16636.403373437726,71106.80885986004
2019-01-13 01:33:00,605835.0,669195.6635279374,669196.0,0.0,63361.0,63361.0,False,598619.6875,16512.207825116406,70575.97602793737
2019-01-13 01:34:00,594342.0,656137.2603495885,656138.0,0.0,61796.0,61796.0,False,585793.6875,16457.833946126808,70343.57284958841
2019-01-13 01:35:00,614620.0,671803.2168061346,671804.0,0.0,57184.0,57184.0,False,601769.1875,16385.412031360665,70034.02930613457
2019-01-13 01:36:00,607178.0,681298.787456387,681299.0,0.0,74121.0,74121.0,False,611256.5625,16387.32951501225,70042.2249563869
2019-01-13 01:37:00,604113.0,669727.8233978286,669728.0,0.0,65615.0,65615.0,False,600453.25,16207.727010228318,69274.57339782864
2019-01-13 01:38:00,584654.0,655855.7424015445,655856.0,0.0,71202.0,71202.0,False,587539.5625,15983.497839346986,68316.17990154441
2019-01-13 01:39:00,579568.0,650316.8847427019,650317.0,0.0,70749.0,70749.0,False,582508.9375,15864.58990836779,67807.94724270188
2019-01-13 01:40:00,601653.0,677112.2572254679,677113.0,0.0,75460.0,75460.0,False,609492.625,15820.531053270608,67619.63222546794
2019-01-13 01:41:00,567176.0,655624.9134093382,655625.0,0.0,88449.0,88449.0,False,587554.375,15926.026677089516,68070.53840933819
2019-01-13 01:42:00,571170.0,637085.2196179238,637086.0,0.0,65916.0,65916.0,False,567963.6875,16171.920924902488,69121.53211792384
2019-01-13 01:43:00,572672.0,633573.5671496937,633574.0,0.0,60902.0,60902.0,False,564752.8125,16101.54995245484,68820.75464969373
2019-01-13 01:44:00,560298.0,633483.8134278052,633484.0,0.0,73186.0,73186.0,False,564670.25,16099.867468456434,68813.56342780526
2019-01-13 01:45:00,610744.0,649756.3171855452,649757.0,0.0,39013.0,39013.0,False,580712.25,16153.796952205494,69044.06718554522
2019-01-13 01:46:00,585700.0,647963.3717078129,647964.0,0.0,62264.0,62264.0,False,577858.0,16402.103554872712,70105.37170781293
2019-01-13 01:47:00,578744.0,645643.6487609013,645644.0,0.0,66900.0,66900.0,False,576182.625,16251.349604167448,69461.02376090133
2019-01-13 01:48:00,580815.0,637318.13451712,637319.0,0.0,56504.0,56504.0,False,567874.0625,16247.38351355037,69444.07201712
2019-01-13 01:49:00,558552.0,634401.9967362018,634402.0,0.0,75850.0,75850.0,False,565000.0,16237.539430309555,69401.99673620182
2019-01-13 01:50:00,596514.0,648730.4168791642,648731.0,0.0,52217.0,52217.0,False,578949.375,16326.22218792692,69781.04187916413
2019-01-13 01:51:00,570470.0,644436.4576480044,644437.0,0.0,73967.0,73967.0,False,574435.625,16377.64522246911,70000.83264800445
2019-01-13 01:52:00,581234.0,627421.8550386787,627422.0,0.0,46188.0,46188.0,False,557537.0,16350.510686100986,69884.85503867877
2019-01-13 01:53:00,569687.0,638317.7898034918,638318.0,0.0,68631.0,68631.0,False,568273.0625,16387.914973092633,70044.72730349177
2019-01-13 01:54:00,571309.0,628683.4412119936,628684.0,0.0,57375.0,57375.0,False,558580.375,16401.564152823288,70103.06621199354
2019-01-13 01:55:00,592011.0,666367.6279374073,666368.0,0.0,74357.0,74357.0,False,596203.625,16415.821127091942,70164.0029374074
2019-01-13 01:56:00,583745.0,637502.1361646615,637503.0,0.0,53758.0,53758.0,False,567176.625,16453.60816970867,70325.51116466144
2019-01-13 01:57:00,563935.0,641365.2864303194,641366.0,0.0,77431.0,77431.0,False,570931.5,16478.94063819846,70433.7864303194
2019-01-13 01:58:00,576528.0,626459.5252752985,626460.0,0.0,49932.0,49932.0,False,555851.6875,16519.662313509027,70607.8377752985
2019-01-13 01:59:00,584116.0,632286.2365861501,632287.0,0.0,48171.0,48171.0,False,561263.0,16616.85050531488,71023.23658615013
2019-01-13 02:00:00,674300.0,673756.6028876249,673757.0,543.0,0.0,5430.0,False,602536.5625,16662.895426740237,71220.0403876249
2019-01-13 02:01:00,623178.0,685156.412434667,685157.0,0.0,61979.0,61979.0,False,612983.4375,16885.847402328418,72172.97493466703
2019-01-13 02:02:00,609006.0,667165.7510478881,667166.0,0.0,58160.0,58160.0,False,595081.125,16865.176980724413,72084.62604788807
2019-01-13 02:03:00,622443.0,668371.9520738448,668372.0,0.0,45929.0,45929.0,False,596267.6875,16869.771680510763,72104.26457384485
2019-01-13 02:04:00,606621.0,667870.8123679878,667871.0,0.0,61250.0,61250.0,False,595727.4375,16878.922064838924,72143.37486798785
2019-01-13 02:05:00,616410.0,686437.5670583376,686438.0,0.0,70028.0,70028.0,False,614271.4375,16884.24583359423,72166.12955833768
2019-01-13 02:06:00,605972.0,707008.4959459065,707009.0,0.0,101037.0,101037.0,False,634797.1875,16894.816047749668,72211.30844590653
2019-01-13 02:07:00,711288.0,699372.2665728959,699373.0,11915.0,0.0,119150.0,False,626064.625,17151.31806808647,73307.64157289588
2019-01-13 02:08:00,709972.0,776857.7311958018,776858.0,0.0,66886.0,66886.0,False,692139.0625,19821.082794781516,84718.66869580177
2019-01-13 02:09:00,682465.0,753657.4319435612,753658.0,0.0,71193.0,71193.0,False,669499.75,19689.83232739207,84157.68194356121
2019-01-13 02:10:00,666323.0,754824.0187947161,754825.0,0.0,88502.0,88502.0,False,670921.125,19630.221180626733,83902.89379471604
2019-01-13 02:11:00,635048.0,728921.4685829624,728922.0,0.0,93874.0,93874.0,False,644780.375,19685.951255204323,84141.09358296244
2019-01-13 02:12:00,657567.0,702535.5444049762,702536.0,0.0,44969.0,44969.0,False,617923.125,19796.22433061109,84612.41940497619
2019-01-13 02:13:00,626909.0,737015.2348531922,737016.0,0.0,110107.0,110107.0,False,650763.0625,20179.866796314607,86252.1723531922
2019-01-13 02:14:00,613044.0,697511.955190209,697512.0,0.0,84468.0,84468.0,False,609353.625,20625.838302820397,88158.330190209
2019-01-13 02:15:00,607517.0,692148.5329221167,692149.0,0.0,84632.0,84632.0,False,603953.0625,20634.527764340415,88195.47042211668
2019-01-13 02:16:00,594893.0,690859.3586035162,690860.0,0.0,95967.0,95967.0,False,603411.1875,20459.68694242372,87448.17110351627
2019-01-13 02:17:00,586111.0,695269.3145381933,695270.0,0.0,109159.0,109159.0,False,607717.6875,20483.891862996876,87551.62703819333
2019-01-13 02:18:00,584980.0,675693.6499594236,675694.0,0.0,90714.0,90714.0,False,587202.75,20703.647515737943,88490.89995942354
2019-01-13 02:19:00,574588.0,678534.4382072329,678535.0,0.0,103947.0,103947.0,False,590424.625,20614.487095921984,88109.8132072328
2019-01-13 02:20:00,597116.0,675511.7055068006,675512.0,0.0,78396.0,78396.0,False,586553.0,20813.09697509751,88958.70550680054
2019-01-13 02:21:00,598254.0,674589.6059765774,674590.0,0.0,76336.0,76336.0,False,585604.75,20819.21523255538,88984.85597657737
2019-01-13 02:22:00,576947.0,690237.6896979967,690238.0,0.0,113291.0,113291.0,False,602879.4375,20438.649193618687,87358.25219799673
2019-01-13 02:23:00,560558.0,679719.4469407294,679720.0,0.0,119162.0,119162.0,False,591027.0625,20750.787545760937,88692.38444072945
2019-01-13 02:24:00,563593.0,660751.7862897445,660752.0,0.0,97159.0,97159.0,False,569860.5,21265.25048855604,90891.28628974452
2019-01-13 02:25:00,578624.0,669090.9492583434,669091.0,0.0,90467.0,90467.0,False,580004.625,20842.955114742996,89086.32425834346
2019-01-13 02:26:00,579467.0,668567.9425489671,668568.0,0.0,89101.0,89101.0,False,579391.8125,20863.96639878232,89176.13004896704
2019-01-13 02:27:00,570708.0,652950.7634542488,652951.0,0.0,82243.0,82243.0,False,563808.0,20856.159830918685,89142.76345424878
2019-01-13 02:28:00,584006.0,647244.1923615817,647245.0,0.0,63239.0,63239.0,False,558951.3125,20657.318025263463,88292.87986158175
2019-01-13 02:29:00,584998.0,655324.7879139486,655325.0,0.0,70327.0,70327.0,False,566481.125,20786.181198528455,88843.66291394863
2019-01-13 02:30:00,649685.0,677476.1823928358,677477.0,0.0,27792.0,27792.0,False,588608.625,20791.771636287354,88867.5573928358
2019-01-13 02:31:00,619863.0,689395.3875606091,689396.0,0.0,69533.0,69533.0,False,599472.5,21038.680457604834,89922.88756060916
2019-01-13 02:32:00,578550.0,678832.3018864739,678833.0,0.0,100283.0,100283.0,False,589099.5,20994.2073332848,89732.80188647394
2019-01-13 02:33:00,600927.0,657963.8976913402,657964.0,0.0,57037.0,57037.0,False,567791.1875,21097.129853988878,90172.71019134017
2019-01-13 02:34:00,580590.0,670326.1761558593,670327.0,0.0,89737.0,89737.0,False,579014.1875,21363.679519123827,91311.98865585927
2019-01-13 02:35:00,600271.0,671694.7900246102,671695.0,0.0,71424.0,71424.0,False,580332.3125,21375.492075472186,91362.4775246102
2019-01-13 02:36:00,563113.0,685849.1423370739,685850.0,0.0,122737.0,122737.0,False,594270.5625,21426.05214556568,91578.57983707394
2019-01-13 02:37:00,566337.0,659377.183312547,659378.0,0.0,93041.0,93041.0,False,565602.375,21939.88961632338,93774.80831254709
2019-01-13 02:38:00,559787.0,652967.6276391881,652968.0,0.0,93181.0,93181.0,False,559148.9375,21950.156365464125,93818.6901391881
2019-01-13 02:39:00,562299.0,650570.3897130403,650571.0,0.0,88272.0,88272.0,False,556842.625,21928.883127492256,93727.76471304033
2019-01-13 02:40:00,600955.0,689928.0345005384,689929.0,0.0,88974.0,88974.0,False,596354.9375,21892.696516177723,93573.09700053843
2019-01-13 02:41:00,571130.0,667173.0526735354,667174.0,0.0,96044.0,96044.0,False,573953.4375,21809.994643410646,93219.61517353547
2019-01-13 02:42:00,541206.0,657152.9218766373,657153.0,0.0,115947.0,115947.0,False,565026.125,21554.314965295667,92126.79687663722
2019-01-13 02:43:00,559743.0,642942.5496192218,642943.0,0.0,83200.0,83200.0,False,549259.125,21918.509160523296,93683.42461922184
2019-01-13 02:44:00,574250.0,643089.3670014557,643090.0,0.0,68840.0,68840.0,False,549388.125,21922.677779009417,93701.24200145577
2019-01-13 02:45:00,589076.0,680464.2802109579,680465.0,0.0,91389.0,91389.0,False,586486.4375,21987.392270496784,93977.84271095783
2019-01-13 02:46:00,570772.0,662703.4378503145,662704.0,0.0,91932.0,91932.0,False,569526.25,21800.068195093292,93177.1878503145
2019-01-13 02:47:00,577843.0,649943.9067451741,649944.0,0.0,72101.0,72101.0,False,556712.5,21812.75344169356,93231.40674517404
2019-01-13 02:48:00,588343.0,657011.4066979858,657012.0,0.0,68669.0,68669.0,False,563496.25,21879.140595720877,93515.1566979858
2019-01-13 02:49:00,571065.0,667276.6799902132,667277.0,0.0,96212.0,96212.0,False,573317.5625,21983.011250865064,93959.11749021322
2019-01-13 02:50:00,576398.0,678631.1549846311,678632.0,0.0,102234.0,102234.0,False,584833.9375,21945.132546389188,93797.21748463114
2019-01-13 02:51:00,575444.0,650738.2756207646,650739.0,0.0,75295.0,75295.0,False,556704.875,22000.390797824213,94033.40062076465
2019-01-13 02:52:00,583331.0,655059.1783673224,655060.0,0.0,71729.0,71729.0,False,561022.25,22001.216162028784,94036.9283673224
2019-01-13 02:53:00,571932.0,662046.8546986285,662047.0,0.0,90115.0,90115.0,False,568079.5625,21984.923834889545,93967.29219862852
2019-01-13 02:54:00,565000.0,653869.9438807475,653870.0,0.0,88870.0,88870.0,False,559941.3125,21975.878611635577,93928.63138074755
2019-01-13 02:55:00,566342.0,667343.8289162263,667344.0,0.0,101002.0,101002.0,False,573450.3125,21967.662988918346,93893.51641622634
2019-01-13 02:56:00,569797.0,647230.3261665255,647231.0,0.0,77434.0,77434.0,False,553213.5625,21996.49835649452,94016.76366652545
2019-01-13 02:57:00,565885.0,662576.2752722154,662577.0,0.0,96692.0,96692.0,False,568559.0625,21996.603430868334,94017.21277221537
2019-01-13 02:58:00,563263.0,662879.7719348683,662880.0,0.0,99617.0,99617.0,False,569034.0625,21956.47789653842,93845.70943486827
2019-01-13 02:59:00,579371.0,649714.7650621562,649715.0,0.0,70344.0,70344.0,False,555888.9375,21951.826262474675,93825.82756215624
2019-01-13 03:00:00,684484.0,668309.6264999706,668310.0,16174.0,0.0,161740.0,False,574450.8125,21959.54388746912,93858.81399997057
2019-01-13 03:01:00,602308.0,723183.9594675886,723184.0,0.0,120876.0,120876.0,False,619468.0625,24265.74228062055,103715.89696758855
2019-01-13 03:02:00,584196.0,690746.3400489292,690747.0,0.0,106551.0,106551.0,False,586158.5,24469.74520315993,104587.84004892915
2019-01-13 03:03:00,570592.0,686779.4378101522,686780.0,0.0,116188.0,116188.0,False,582141.6875,24481.42238642119,104637.75031015217
2019-01-13 03:04:00,577479.0,676702.9260130593,676703.0,0.0,99224.0,99224.0,False,572141.9375,24463.46292177099,104560.9885130593
2019-01-13 03:05:00,575308.0,701860.478334894,701861.0,0.0,126553.0,126553.0,False,597329.625,24456.41238768396,104530.8533348941
2019-01-13 03:06:00,565183.0,692182.8238429722,692183.0,0.0,127000.0,127000.0,False,586535.6875,24717.581953567606,105647.13634297217
2019-01-13 03:07:00,641780.0,684429.8724582803,684430.0,0.0,42650.0,42650.0,False,579451.5,24561.115562715397,104978.37245828036
2019-01-13 03:08:00,653098.0,716764.5795691379,716765.0,0.0,63667.0,63667.0,False,616405.8125,23480.296160014506,100358.76706913792
2019-01-13 03:09:00,661960.0,727282.269572106,727283.0,0.0,65323.0,65323.0,False,625697.5,23767.136091425557,101584.76957210599
2019-01-13 03:10:00,613251.0,751604.4939334119,751605.0,0.0,138354.0,138354.0,False,648732.0,24068.416689612834,102872.49393341185
2019-01-13 03:11:00,550134.0,700208.9823148833,700209.0,0.0,150075.0,150075.0,False,594983.9375,24618.827909694868,105225.04481488331
2019-01-13 03:12:00,584885.0,657181.0340847971,657182.0,0.0,72297.0,72297.0,False,548680.75,25385.114605898572,108500.28408479715
2019-01-13 03:13:00,685565.0,662487.6948485202,662488.0,23077.0,0.0,230770.0,False,554304.5,25310.927273846086,108183.19484852017
2019-01-13 03:14:00,684660.0,774338.5063043685,774339.0,0.0,89679.0,89679.0,False,647164.8125,29754.01234485518,127173.69380436854
2019-01-13 03:15:00,615173.0,768552.4111639378,768553.0,0.0,153380.0,153380.0,False,640360.3125,29992.28198897117,128192.09866393775
2019-01-13 03:16:00,578227.0,710572.2573414553,710573.0,0.0,132346.0,132346.0,False,581101.8125,30291.36843373046,129470.44484145528
2019-01-13 03:17:00,585410.0,707135.0214363905,707136.0,0.0,121726.0,121726.0,False,577843.9375,30249.404514748185,129291.08393639045
2019-01-13 03:18:00,579360.0,701905.7956062263,701906.0,0.0,122546.0,122546.0,False,573657.625,30005.40078117689,128248.1706062263
2019-01-13 03:19:00,551394.0,702599.6435680313,702600.0,0.0,151206.0,151206.0,False,574477.0,29976.03202626901,128122.6435680312
2019-01-13 03:20:00,576327.0,675410.4344668407,675411.0,0.0,99084.0,99084.0,False,546808.6875,30088.124771365885,128601.74696684073
2019-01-13 03:21:00,559157.0,688090.9370002025,688091.0,0.0,128934.0,128934.0,False,558972.8125,30208.93830632452,129118.12450020252
2019-01-13 03:22:00,556611.0,680133.2694271343,680134.0,0.0,123523.0,123523.0,False,550952.0,30223.711919319776,129181.2694271343
2019-01-13 03:23:00,559494.0,683377.9965057583,683378.0,0.0,123884.0,123884.0,False,555608.875,29893.320739914223,127769.1215057582
2019-01-13 03:24:00,553837.0,678653.2026159567,678654.0,0.0,124817.0,124817.0,False,552745.0625,29457.918876610016,125908.14011595666
2019-01-13 03:25:00,562405.0,708620.218967428,708621.0,0.0,146216.0,146216.0,False,582929.5625,29407.03562418926,125690.65646742794
2019-01-13 03:26:00,569908.0,671971.8694564826,671972.0,0.0,102064.0,102064.0,False,545335.1875,29628.3711318547,126636.68195648257
2019-01-13 03:27:00,556760.0,693368.1946586834,693369.0,0.0,136609.0,136609.0,False,566569.3125,29666.320071405382,126798.88215868332
2019-01-13 03:28:00,565964.0,679463.489527236,679464.0,0.0,113500.0,113500.0,False,552220.5,29770.22502007097,127242.98952723596
2019-01-13 03:29:00,539937.0,674893.4966951554,674894.0,0.0,134957.0,134957.0,False,547921.4375,29706.837190369948,126972.05919515537
2019-01-13 03:30:00,610193.0,695033.0534773222,695034.0,0.0,84841.0,84841.0,False,567818.5625,29763.557397384397,127214.49097732216
2019-01-13 03:31:00,572476.0,697060.8068099279,697061.0,0.0,124585.0,124585.0,False,571786.625,29309.5957234529,125274.18180992796
2019-01-13 03:32:00,562699.0,673956.8479435996,673957.0,0.0,111258.0,111258.0,False,548785.75,29285.477853321623,125171.09794359963
2019-01-13 03:33:00,566953.0,675121.1682834924,675122.0,0.0,108169.0,108169.0,False,550352.125,29191.41170676039,124769.04328349247
2019-01-13 03:34:00,534505.0,671909.6251185458,671910.0,0.0,137405.0,137405.0,False,547803.0625,29036.415360476913,124106.56261854581
2019-01-13 03:35:00,544447.0,669058.8939078607,669059.0,0.0,124612.0,124612.0,False,544439.125,29156.486939833747,124619.7689078607
2019-01-13 03:36:00,561279.0,664083.7507264892,664084.0,0.0,102805.0,102805.0,False,539562.9375,29133.33491462287,124520.81322648928
2019-01-13 03:37:00,557919.0,668777.3934926816,668778.0,0.0,110859.0,110859.0,False,545940.5625,28739.344407039527,122836.83099268156
2019-01-13 03:38:00,548684.0,667107.4595912114,667108.0,0.0,118424.0,118424.0,False,544337.375,28723.728180177604,122770.0845912114
2019-01-13 03:39:00,544562.0,655909.3629826334,655910.0,0.0,111348.0,111348.0,False,533198.0,28709.989462568068,122711.36298263339
2019-01-13 03:40:00,583994.0,694914.9938929281,694915.0,0.0,110921.0,110921.0,False,572211.625,28708.11913674313,122703.36889292816
2019-01-13 03:41:00,562095.0,681686.489531846,681687.0,0.0,119592.0,119592.0,False,558998.6875,28704.47705823653,122687.80203184599
2019-01-13 03:42:00,553564.0,665085.5863007591,665086.0,0.0,111522.0,111522.0,False,542530.625,28673.397165576207,122554.96130075917
2019-01-13 03:43:00,549794.0,663809.8746689737,663810.0,0.0,114016.0,114016.0,False,542640.125,28349.30809684331,121169.74966897375
2019-01-13 03:44:00,568205.0,655752.7605781099,655753.0,0.0,87548.0,87548.0,False,534575.0,28351.18235780248,121177.76057810993
2019-01-13 03:45:00,576409.0,681084.8846335073,681085.0,0.0,104676.0,104676.0,False,559479.9375,28451.128452490924,121604.94713350733
2019-01-13 03:46:00,564478.0,675603.6095067579,675604.0,0.0,111126.0,111126.0,False,554007.8125,28448.987656103596,121595.7970067579
2019-01-13 03:47:00,562115.0,670816.0327893749,670817.0,0.0,108702.0,108702.0,False,549320.8125,28425.45636750848,121495.22028937493
2019-01-13 03:48:00,578601.0,667741.050796117,667742.0,0.0,89141.0,89141.0,False,546386.8125,28392.471716026623,121354.23829611705
2019-01-13 03:49:00,569954.0,681686.7942705492,681687.0,0.0,111733.0,111733.0,False,559994.375,28471.59374659003,121692.41927054925
2019-01-13 03:50:00,593605.0,705474.5532133682,705475.0,0.0,111870.0,111870.0,False,583981.5,28424.949350653576,121493.05321336811
2019-01-13 03:51:00,561041.0,687425.561149248,687426.0,0.0,126385.0,126385.0,False,566387.375,28318.52702512204,121038.18614924805
2019-01-13 03:52:00,559153.0,667658.4596476286,667659.0,0.0,108506.0,108506.0,False,546385.5,28373.45547266563,121272.95964762855
2019-01-13 03:53:00,568945.0,668719.3234431295,668720.0,0.0,99775.0,99775.0,False,547620.0,28332.830925106875,121099.3234431295
2019-01-13 03:54:00,577332.0,672672.0894457621,672673.0,0.0,95341.0,95341.0,False,551474.9375,28355.71923154773,121197.15194576213
2019-01-13 03:55:00,564350.0,689859.4235135727,689860.0,0.0,125510.0,125510.0,False,568412.875,28414.068944726732,121446.54851357266
2019-01-13 03:56:00,553468.0,667883.6523819513,667884.0,0.0,114416.0,114416.0,False,546562.875,28384.643080847658,121320.77738195137
2019-01-13 03:57:00,563696.0,668469.7797735452,668470.0,0.0,104774.0,104774.0,False,547171.375,28379.408705350725,121298.40477354519
2019-01-13 03:58:00,547748.0,671123.8925829424,671124.0,0.0,123376.0,123376.0,False,550017.3125,28334.5287145169,121106.58008294238
2019-01-13 03:59:00,552437.0,674123.5892811203,674124.0,0.0,121687.0,121687.0,False,553150.125,28303.384465323354,120973.4642811204
2019-01-13 04:00:00,669960.0,697521.6364639323,697522.0,0.0,27562.0,27562.0,False,576576.5,28296.756787876056,120945.13646393233
2019-01-13 04:01:00,578573.0,718732.6443171419,718733.0,0.0,140160.0,140160.0,False,601669.5,27388.512018042486,117063.14431714188
2019-01-13 04:02:00,585354.0,681467.9251006951,681468.0,0.0,96114.0,96114.0,False,563934.5,27498.540592512578,117533.4251006951
2019-01-13 04:03:00,592017.0,694098.7450719007,694099.0,0.0,102082.0,102082.0,False,576614.25,27487.092747936927,117484.49507190066
2019-01-13 04:04:00,568339.0,695148.4214390873,695149.0,0.0,126810.0,126810.0,False,578296.3125,27339.13742604943,116852.1089390872
2019-01-13 04:05:00,585107.0,698068.621835812,698069.0,0.0,112962.0,112962.0,False,580685.1875,27463.44821659393,117383.434335812
2019-01-13 04:06:00,583129.0,709980.4195398742,709981.0,0.0,126852.0,126852.0,False,593973.125,27141.481627028883,116007.29453987413
2019-01-13 04:07:00,606753.0,719725.065009354,719726.0,0.0,112973.0,112973.0,False,604480.1875,26963.103811150406,115244.87750935408
2019-01-13 04:08:00,574277.0,706229.5179917075,706230.0,0.0,131953.0,131953.0,False,594408.75,26161.986899229025,111820.76799170754
2019-01-13 04:09:00,574815.0,677650.2138821643,677651.0,0.0,102836.0,102836.0,False,565553.375,26226.577432357222,112096.83888216433
2019-01-13 04:10:00,588497.0,685520.9465234475,685521.0,0.0,97024.0,97024.0,False,574410.75,25995.739056565635,111110.1965234475
2019-01-13 04:11:00,574414.0,678970.867352969,678971.0,0.0,104557.0,104557.0,False,570646.625,25343.92725256054,108324.24235296906
2019-01-13 04:12:00,577868.0,679609.2129494618,679610.0,0.0,101742.0,101742.0,False,575595.4375,24335.43499584952,104013.77544946181
2019-01-13 04:13:00,584549.0,666185.5927350385,666186.0,0.0,81637.0,81637.0,False,563043.75,24131.434498791194,103141.84273503849
2019-01-13 04:14:00,573266.0,647939.4446007807,647940.0,0.0,74674.0,74674.0,False,569487.6875,18354.853739193855,78451.75710078068
2019-01-13 04:15:00,598517.0,645808.784423363,645809.0,0.0,47292.0,47292.0,False,569014.5625,17967.050879533403,76794.22192336302
2019-01-13 04:16:00,580848.0,651933.2385515448,651934.0,0.0,71086.0,71086.0,False,576477.9375,17653.792162599813,75455.30105154485
2019-01-13 04:17:00,585995.0,665980.4325370791,665981.0,0.0,79986.0,79986.0,False,590760.75,17598.666012070018,75219.68253707913
2019-01-13 04:18:00,576863.0,647867.9127329328,647868.0,0.0,71005.0,71005.0,False,572282.125,17684.321293371384,75585.78773293285
2019-01-13 04:19:00,583686.0,640754.9663131818,640755.0,0.0,57069.0,57069.0,False,565153.375,17688.018755541074,75601.59131318184
2019-01-13 04:20:00,587103.0,659602.5965533936,659603.0,0.0,72500.0,72500.0,False,585911.125,17241.120303410575,73691.47155339363
2019-01-13 04:21:00,596661.0,642368.6536270968,642369.0,0.0,45708.0,45708.0,False,569414.3125,17068.658631914725,72954.34112709684
2019-01-13 04:22:00,576193.0,652264.95662236,652265.0,0.0,76072.0,76072.0,False,578788.6875,17190.77077279564,73476.26912236
2019-01-13 04:23:00,565917.0,639833.0991880689,639834.0,0.0,73917.0,73917.0,False,566093.8125,17252.307303369762,73739.2866880689
2019-01-13 04:24:00,576604.0,634426.6243111934,634427.0,0.0,57823.0,57823.0,False,560565.375,17280.842114976633,73861.2493111934
2019-01-13 04:25:00,578691.0,655913.7976353876,655914.0,0.0,77223.0,77223.0,False,582093.0625,17271.363273472507,73820.73513538766
2019-01-13 04:26:00,563611.0,642578.2884686014,642579.0,0.0,78968.0,78968.0,False,570288.5,16913.177514608367,72289.78846860139
2019-01-13 04:27:00,564166.0,625683.5784243485,625684.0,0.0,61518.0,61518.0,False,553337.9375,16926.244954957674,72345.64092434848
2019-01-13 04:28:00,577151.0,624026.9894240606,624027.0,0.0,46876.0,46876.0,False,552447.5,16746.993409172886,71579.48942406062
2019-01-13 04:29:00,588006.0,634433.2583349375,634434.0,0.0,46428.0,46428.0,False,562404.0625,16852.20832981027,72029.19583493745
2019-01-13 04:30:00,649967.0,653105.5664426892,653106.0,0.0,3139.0,3139.0,False,581234.0625,16815.314170583795,71871.50394268922
2019-01-13 04:31:00,606452.0,674756.4627928577,674757.0,0.0,68305.0,68305.0,False,598010.1875,17955.833114339406,76746.27529285765
2019-01-13 04:32:00,608338.0,660744.6834256094,660745.0,0.0,52407.0,52407.0,False,584187.375,17911.621750080987,76557.30842560939
2019-01-13 04:33:00,617334.0,667009.4471292766,667010.0,0.0,49676.0,49676.0,False,590119.8125,17989.37397753176,76889.63462927657
2019-01-13 04:34:00,608066.0,664412.2448804412,664413.0,0.0,56347.0,56347.0,False,587066.625,18096.057918104372,77345.61988044121
2019-01-13 04:35:00,608997.0,678243.239247582,678244.0,0.0,69247.0,69247.0,False,601923.6875,17855.995347155385,76319.551747582
2019-01-13 04:36:00,591414.0,677531.1986377161,677532.0,0.0,86118.0,86118.0,False,601443.25,17801.808655050198,76087.9486377161
2019-01-13 04:37:00,583633.0,660380.1932499344,660381.0,0.0,76748.0,76748.0,False,583572.125,17970.290415630912,76808.0682499343
2019-01-13 04:38:00,570710.0,652363.8038349281,652364.0,0.0,81654.0,81654.0,False,575312.5625,18027.184060506646,77051.24133492807
2019-01-13 04:39:00,591377.0,647389.0603809787,647390.0,0.0,56013.0,56013.0,False,569945.25,18119.03091887003,77443.81038097868
2019-01-13 04:40:00,618459.0,695806.5078669719,695807.0,0.0,77348.0,77348.0,False,618149.75,18168.852874476615,77656.75786697186
2019-01-13 04:41:00,596596.0,667455.3079311544,667456.0,0.0,70860.0,70860.0,False,589576.0625,18220.9068609044,77879.2454311544
2019-01-13 04:42:00,615202.0,662939.4663691715,662940.0,0.0,47738.0,47738.0,False,585150.4375,18199.79947132839,77789.02886917151
2019-01-13 04:43:00,612304.0,678178.896886666,678179.0,0.0,65875.0,65875.0,False,599692.125,18363.045923759062,78486.771886666
2019-01-13 04:44:00,592835.0,681028.8521385567,681029.0,0.0,88194.0,88194.0,False,602572.75,18355.870319775564,78456.10213855667
2019-01-13 04:45:00,617545.0,681933.6402541986,681934.0,0.0,64389.0,64389.0,False,603634.375,18319.1762012537,78299.26525419853
2019-01-13 04:46:00,603454.0,675082.4455704596,675083.0,0.0,71629.0,71629.0,False,596839.4375,18306.014069295583,78243.00807045962
2019-01-13 04:47:00,602063.0,671796.0695015292,671797.0,0.0,69734.0,69734.0,False,593522.625,18313.135085589813,78273.44450152923
2019-01-13 04:48:00,601198.0,671675.4888759974,671676.0,0.0,70478.0,70478.0,False,593404.75,18312.50206776147,78270.7388759974
2019-01-13 04:49:00,602549.0,670266.2150511304,670267.0,0.0,67718.0,67718.0,False,592926.1875,18094.7495167332,77340.0275511304
2019-01-13 04:50:00,612405.0,698711.0069599057,698712.0,0.0,86307.0,86307.0,False,621370.625,18094.83243547812,77340.38195990576
2019-01-13 04:51:00,580951.0,679912.9135110095,679913.0,0.0,98962.0,98962.0,False,601875.1875,18257.985544304778,78037.72601100951
2019-01-13 04:52:00,595397.0,669979.8050019601,669980.0,0.0,74583.0,74583.0,False,590571.3125,18578.69497621293,79408.49250196018
2019-01-13 04:53:00,581151.0,669421.3506426775,669422.0,0.0,88271.0,88271.0,False,589993.875,18583.136339724126,79427.47564267748
2019-01-13 04:54:00,595774.0,661648.6975802148,661649.0,0.0,65875.0,65875.0,False,581891.0,18660.39624554351,79757.69758021485
2019-01-13 04:55:00,607339.0,688986.0689374546,688987.0,0.0,81648.0,81648.0,False,609738.25,18541.10321427869,79247.81893745458
2019-01-13 04:56:00,592368.0,666156.0557391015,666157.0,0.0,73789.0,73789.0,False,586984.3125,18523.304271744055,79171.74323910149
2019-01-13 04:57:00,599395.0,669539.2492150748,669540.0,0.0,70145.0,70145.0,False,590352.75,18526.756632669774,79186.49921507477
2019-01-13 04:58:00,609048.0,665493.1809273305,665494.0,0.0,56446.0,56446.0,False,586427.375,18498.518799309295,79065.8059273305
2019-01-13 04:59:00,610804.0,678077.5557991726,678078.0,0.0,67274.0,67274.0,False,598873.9375,18530.761874825937,79203.61829917262
2019-01-13 05:00:00,732195.0,701388.4528956288,701389.0,30806.0,0.0,308060.0,False,622352.25,18491.592768112514,79036.20289562875
2019-01-13 05:01:00,717513.0,759078.9299468017,759079.0,0.0,41566.0,41566.0,False,674391.0,19813.89104710278,84687.9299468017
2019-01-13 05:02:00,722563.0,743138.0811782591,743139.0,0.0,20576.0,20576.0,False,658442.5625,19815.666533861953,84695.51867825908
2019-01-13 05:03:00,741830.0,751779.7173119155,751780.0,0.0,9950.0,9950.0,False,662323.9375,20929.394257721462,89455.77981191543
2019-01-13 05:04:00,751019.0,765535.4041619931,765536.0,0.0,14517.0,14517.0,False,668607.75,22677.540710032663,96927.6541619931
2019-01-13 05:05:00,661808.0,821475.5761611804,821476.0,0.0,159668.0,159668.0,False,718050.25,24197.75929528539,103425.32616118045
2019-01-13 05:06:00,614473.0,726713.8276544083,726714.0,0.0,112241.0,112241.0,False,616500.375,25785.93365301565,110213.45265440825
2019-01-13 05:07:00,588127.0,717339.7453786375,717340.0,0.0,129213.0,129213.0,False,607598.625,25675.425104087462,109741.12037863742
2019-01-13 05:08:00,608823.0,711360.1087223511,711361.0,0.0,102538.0,102538.0,False,600335.0625,25975.816987510334,111025.04622235119
2019-01-13 05:09:00,627550.0,722761.9924868535,722762.0,0.0,95212.0,95212.0,False,613213.375,25630.38643887916,109548.61748685353
2019-01-13 05:10:00,645055.0,730752.7569414675,730753.0,0.0,85698.0,85698.0,False,621223.125,25625.94451276306,109529.63194146748
2019-01-13 05:11:00,608991.0,734938.7509156226,734939.0,0.0,125948.0,125948.0,False,625255.0625,25661.98811656737,109683.68841562256
2019-01-13 05:12:00,610630.0,722777.7199296016,722778.0,0.0,112148.0,112148.0,False,612018.8125,25913.55020349213,110758.90742960168
2019-01-13 05:13:00,588124.0,730797.8992777099,730798.0,0.0,142674.0,142674.0,False,619912.8125,25943.0715751608,110885.08677770985
2019-01-13 05:14:00,612467.0,725199.1017613827,725200.0,0.0,112733.0,112733.0,False,611760.1875,26540.57418912687,113438.91426138264
2019-01-13 05:15:00,650283.0,749560.0393968222,749561.0,0.0,99278.0,99278.0,False,636040.375,26559.466779684262,113519.66439682219
2019-01-13 05:16:00,650095.0,728815.780124411,728816.0,0.0,78721.0,78721.0,False,615705.5,26463.685770807933,113110.28012441102
2019-01-13 05:17:00,767211.0,735960.2182311334,735961.0,31250.0,0.0,312500.0,False,622256.0625,26602.631032246274,113704.15573113345
2019-01-13 05:18:00,710773.0,856024.696986537,856025.0,0.0,145252.0,145252.0,False,721534.25,31465.86609380259,134490.446986537
2019-01-13 05:19:00,758610.0,802667.4254281484,802668.0,0.0,44058.0,44058.0,False,667562.9375,31609.529309129615,135104.48792814833
2019-01-13 05:20:00,709911.0,817747.9054600161,817748.0,0.0,107837.0,107837.0,False,676306.75,33092.07871324201,141441.15546001616
2019-01-13 05:21:00,637193.0,786183.3950777713,786184.0,0.0,148991.0,148991.0,False,644643.3125,33115.22405560702,141540.08257777122
2019-01-13 05:22:00,621590.0,763492.2342220433,763493.0,0.0,141903.0,141903.0,False,621500.375,33220.92333545545,141991.85922204325
2019-01-13 05:23:00,629886.0,747900.7424244295,747901.0,0.0,118015.0,118015.0,False,606006.5,33198.084560278156,141894.2424244295
2019-01-13 05:24:00,634318.0,765693.66800991,765694.0,0.0,131376.0,131376.0,False,624009.4375,33148.94942147506,141684.23050991
2019-01-13 05:25:00,621597.0,770923.3228087331,770924.0,0.0,149327.0,149327.0,False,629203.4375,33157.29134575673,141719.8853087331
2019-01-13 05:26:00,595409.0,758115.0012155517,758116.0,0.0,162707.0,162707.0,False,616201.125,33202.67815228569,141913.87621555178
2019-01-13 05:27:00,602657.0,747859.873104779,747860.0,0.0,145203.0,145203.0,False,605053.375,33411.51916269318,142806.49810477905
2019-01-13 05:28:00,621571.0,741093.4837754203,741094.0,0.0,119523.0,119523.0,False,597966.1875,33486.57425029762,143127.29627542035
2019-01-13 05:29:00,601322.0,754672.5997523218,754673.0,0.0,153351.0,153351.0,False,611565.5625,33481.834376780265,143107.03725232184
2019-01-13 05:30:00,649869.0,756741.3719050933,756742.0,0.0,106873.0,106873.0,False,613063.5,33615.38889420711,143677.87190509326
2019-01-13 05:31:00,618667.0,757930.2817357057,757931.0,0.0,139264.0,139264.0,False,616857.5625,33005.878056184054,141072.71923570574
2019-01-13 05:32:00,604085.0,747532.8210976848,747533.0,0.0,143448.0,143448.0,False,606328.9375,33036.565739531,141203.8835976848
2019-01-13 05:33:00,623407.0,741822.6162830452,741823.0,0.0,118416.0,118416.0,False,600444.4375,33077.344464609465,141378.17878304518
2019-01-13 05:34:00,586706.0,750676.4343843701,750677.0,0.0,163971.0,163971.0,False,609402.0,33053.07205396741,141274.43438437014
2019-01-13 05:35:00,589676.0,740950.9430128904,740951.0,0.0,151275.0,151275.0,False,598344.5,33364.71355773163,142606.44301289035
2019-01-13 05:36:00,600012.0,723816.5481811324,723817.0,0.0,123805.0,123805.0,False,580751.5625,33471.99584075242,143064.98568113247
2019-01-13 05:37:00,586264.0,731814.5533361314,731815.0,0.0,145551.0,145551.0,False,589271.9375,33349.78032312618,142542.61583613142
2019-01-13 05:38:00,586200.0,729606.5117602121,729607.0,0.0,143407.0,143407.0,False,586967.75,33372.274967469886,142638.76176021213
2019-01-13 05:39:00,589201.0,721974.6278587157,721975.0,0.0,132774.0,132774.0,False,579466.0,33341.82837434375,142508.62785871568
2019-01-13 05:40:00,600267.0,762219.9203718642,762220.0,0.0,161953.0,161953.0,False,619772.375,33327.537297207724,142447.54537186425
2019-01-13 05:41:00,554479.0,735603.1485711113,735604.0,0.0,181125.0,181125.0,False,592206.875,33549.50514061825,143396.2735711112
2019-01-13 05:42:00,590310.0,710482.3458174128,710483.0,0.0,120173.0,120173.0,False,564478.5625,34159.56744878817,146003.7833174128
2019-01-13 05:43:00,604907.0,752008.9378498012,752009.0,0.0,147102.0,147102.0,False,606146.125,34126.58549388773,145862.81284980112
2019-01-13 05:44:00,583642.0,732541.4639540832,732542.0,0.0,148900.0,148900.0,False,586502.5625,34167.78381367277,146038.9014540832
2019-01-13 05:45:00,608570.0,732062.9024142676,732063.0,0.0,123493.0,123493.0,False,586282.625,34107.27520813376,145780.27741426768
2019-01-13 05:46:00,617243.0,731450.5768974114,731451.0,0.0,114208.0,114208.0,False,585561.0,34132.847306210475,145889.57689741135
2019-01-13 05:47:00,646777.0,748180.5735778555,748181.0,0.0,101404.0,101404.0,False,601924.1875,34218.66729426501,146256.38607785554
2019-01-13 05:48:00,614726.0,770705.8158991358,770706.0,0.0,155980.0,155980.0,False,623390.625,34466.38905794695,147315.1908991358
2019-01-13 05:49:00,604789.0,745001.2718265482,745002.0,0.0,140213.0,140213.0,False,597236.375,34571.60386547127,147764.89682654818
2019-01-13 05:50:00,639716.0,742098.2271119466,742099.0,0.0,102383.0,102383.0,False,594316.0,34575.65852103923,147782.22711194653
2019-01-13 05:51:00,622342.0,761773.4916990409,761774.0,0.0,139432.0,139432.0,False,613417.6875,34709.85466821087,148355.80419904093
2019-01-13 05:52:00,613172.0,755151.4810920907,755152.0,0.0,141980.0,141980.0,False,608012.875,34425.07464478839,147138.60609209066
2019-01-13 05:53:00,604293.0,742725.5509185172,742726.0,0.0,138433.0,138433.0,False,595593.1875,34423.61408654704,147132.36341851723
2019-01-13 05:54:00,605755.0,740148.3872382047,740149.0,0.0,134394.0,134394.0,False,593534.625,34302.28029919308,146613.76223820468
2019-01-13 05:55:00,616946.0,747132.3325566328,747133.0,0.0,130187.0,130187.0,False,600514.1875,34303.30571907133,146618.14505663284
2019-01-13 05:56:00,595702.0,749657.8524334849,749658.0,0.0,153956.0,153956.0,False,603331.25,34235.095364015186,146326.60243348483
2019-01-13 05:57:00,605071.0,761470.5424472969,761471.0,0.0,156400.0,156400.0,False,614721.1875,34334.00405447227,146749.35494729684
2019-01-13 05:58:00,605050.0,740284.3466031516,740285.0,0.0,135235.0,135235.0,False,592971.6875,34465.79670990144,147312.6591031517
2019-01-13 05:59:00,597568.0,746531.0117854336,746532.0,0.0,148964.0,148964.0,False,599291.25,34448.74139267028,147239.76178543357
2019-01-13 06:00:00,724660.0,783893.2441472419,783894.0,0.0,59234.0,59234.0,False,636408.0625,34506.160701487024,147485.18164724196
2019-01-13 06:01:00,680876.0,802388.0191029517,802389.0,0.0,121513.0,121513.0,False,658766.125,33602.29212736695,143621.8941029517
2019-01-13 06:02:00,670435.0,787466.0308646625,787467.0,0.0,117032.0,117032.0,False,644713.6875,33398.848925966064,142752.34336466243
2019-01-13 06:03:00,688069.0,786346.9794099769,786347.0,0.0,98278.0,98278.0,False,646261.8125,32774.826781255084,140085.16690997692
2019-01-13 06:04:00,642294.0,780916.4657230291,780917.0,0.0,138623.0,138623.0,False,644874.4375,31828.879590411783,136042.02822302905
2019-01-13 06:05:00,753618.0,775073.3048214742,775074.0,0.0,21456.0,21456.0,False,644646.9375,30515.019476806712,130426.36732147419
2019-01-13 06:06:00,717103.0,857003.5546747528,857004.0,0.0,139901.0,139901.0,False,721028.3125,31813.254087641282,135975.2421747528
2019-01-13 06:07:00,635550.0,836170.0093185757,836171.0,0.0,200621.0,200621.0,False,700126.75,31829.167621929908,136043.25931857567
2019-01-13 06:08:00,748748.0,773082.1862233685,773083.0,0.0,24335.0,24335.0,False,631628.1875,33095.083569080525,141453.99872336848
2019-01-13 06:09:00,757991.0,861174.6087252409,861175.0,0.0,103184.0,103184.0,False,708555.5,35707.312646411665,152619.10872524092
2019-01-13 06:10:00,663939.0,897003.958231977,897004.0,0.0,233065.0,233065.0,False,743163.0625,35993.16630524405,153840.89573197698
2019-01-13 06:11:00,630818.0,800296.728864053,800297.0,0.0,169479.0,169479.0,False,638212.6875,37921.76214578419,162084.04136405306
2019-01-13 06:12:00,647969.0,790925.7381967532,790926.0,0.0,142957.0,142957.0,False,629256.1875,37824.78642649244,161669.5506967532
2019-01-13 06:13:00,628734.0,803724.3408719281,803725.0,0.0,174991.0,174991.0,False,642228.875,37784.056918117356,161495.46587192817
2019-01-13 06:14:00,629535.0,789229.798809905,789230.0,0.0,159695.0,159695.0,False,628988.4375,37490.642128439395,160241.36130990495
2019-01-13 06:15:00,665587.0,789937.2258046025,789938.0,0.0,124351.0,124351.0,False,629691.875,37491.57552489058,160245.3508046025
2019-01-13 06:16:00,666661.0,809943.4230913181,809944.0,0.0,143283.0,143283.0,False,649239.5625,37598.850114831796,160703.86059131814
2019-01-13 06:17:00,655939.0,808121.4592256276,808122.0,0.0,152183.0,152183.0,False,647802.5,37508.797214395294,160318.95922562762
2019-01-13 06:18:00,665961.0,786880.423444546,786881.0,0.0,120920.0,120920.0,False,644122.0625,33400.256820482486,142758.36094454594
2019-01-13 06:19:00,616448.0,801067.311335021,801068.0,0.0,184620.0,184620.0,False,658744.75,33298.295584838634,142322.56133502108
2019-01-13 06:20:00,627423.0,768866.6885300071,768867.0,0.0,141444.0,141444.0,False,630424.625,32390.400436552853,138442.06353000714
2019-01-13 06:21:00,645704.0,751774.437544645,751775.0,0.0,106071.0,106071.0,False,613796.875,32281.72412434381,137977.56254464507
2019-01-13 06:22:00,623887.0,765413.7519162095,765414.0,0.0,141527.0,141527.0,False,627205.0,32335.814016755914,138208.75191620953
2019-01-13 06:23:00,632912.0,750469.0784173385,750470.0,0.0,117558.0,117558.0,False,612174.1875,32355.96740560777,138294.89091733855
2019-01-13 06:24:00,628671.0,755864.2196863203,755865.0,0.0,127194.0,127194.0,False,617655.8125,32335.733362517818,138208.40718632028
2019-01-13 06:25:00,587226.0,762556.7035613038,762557.0,0.0,175331.0,175331.0,False,624346.9375,32336.05128977011,138209.76606130382
2019-01-13 06:26:00,575169.0,736860.2598539685,736861.0,0.0,161692.0,161692.0,False,596590.875,32817.927070439895,140269.38485396848
2019-01-13 06:27:00,607609.0,722662.3783531758,722663.0,0.0,115054.0,115054.0,False,582351.4375,32827.649660674,140310.9408531758
2019-01-13 06:28:00,618213.0,761683.6240432694,761684.0,0.0,143471.0,143471.0,False,621258.25,32854.42285919369,140425.37404326943
2019-01-13 06:29:00,610797.0,737625.4272314763,737626.0,0.0,126829.0,126829.0,False,597243.3125,32844.3017558537,140382.11473147632
2019-01-13 06:30:00,652365.0,738872.3585525841,738873.0,0.0,86508.0,86508.0,False,598896.125,32749.340343268777,139976.23355258405
2019-01-13 06:31:00,650507.0,765205.6567758695,765206.0,0.0,114699.0,114699.0,False,623956.0,33047.2749960449,141249.65677586952
2019-01-13 06:32:00,638787.0,769456.4463962852,769457.0,0.0,130670.0,130670.0,False,627994.125,33097.03077140909,141462.32139628526
2019-01-13 06:33:00,624222.0,759632.4626329613,759633.0,0.0,135411.0,135411.0,False,618345.0625,33056.105566890576,141287.4001329613
2019-01-13 06:34:00,616822.0,750539.0502776803,750540.0,0.0,133718.0,133718.0,False,609397.125,33022.06974933732,141141.92527768025
2019-01-13 06:35:00,639793.0,739830.7308661958,739831.0,0.0,100038.0,100038.0,False,599877.375,32743.987797920312,139953.35586619572
2019-01-13 06:36:00,624149.0,760671.2943169766,760672.0,0.0,136523.0,136523.0,False,620254.875,32852.327779396204,140416.41931697662
2019-01-13 06:37:00,627433.0,745073.6221361102,745074.0,0.0,117641.0,117641.0,False,604659.375,32851.81956819009,140414.2471361102
2019-01-13 06:38:00,625242.0,750584.3416961044,750585.0,0.0,125343.0,125343.0,False,610266.0625,32829.36656563725,140318.27919610438
2019-01-13 06:39:00,599064.0,755239.7461203774,755240.0,0.0,156176.0,156176.0,False,615086.9375,32790.65247779717,140152.80862037744
2019-01-13 06:40:00,656222.0,755172.7941554802,755173.0,0.0,98951.0,98951.0,False,614182.8125,32986.52047593479,140989.98165548022
2019-01-13 06:41:00,646090.0,766303.5843965054,766304.0,0.0,120214.0,120214.0,False,625432.3125,32958.74671606095,140871.2718965054
2019-01-13 06:42:00,653355.0,761334.9831741144,761335.0,0.0,107980.0,107980.0,False,623228.5,32311.886856006193,138106.48317411434
2019-01-13 06:43:00,655620.0,772221.9261578841,772222.0,0.0,116602.0,116602.0,False,633980.125,32343.546335566174,138241.8011578841
2019-01-13 06:44:00,636247.0,772547.5999685029,772548.0,0.0,136301.0,136301.0,False,634492.75,32299.806566512278,138054.84996850288
2019-01-13 06:45:00,664884.0,780982.4425013746,780983.0,0.0,116099.0,116099.0,False,643077.1875,32264.806792852243,137905.2550013746
2019-01-13 06:46:00,643296.0,772015.6485988909,772016.0,0.0,128720.0,128720.0,False,634118.75,32262.851699033534,137896.89859889087
2019-01-13 06:47:00,619513.0,766233.6626468523,766234.0,0.0,146721.0,146721.0,False,628657.625,32187.7819228688,137576.03764685235
2019-01-13 06:48:00,627254.0,746555.1874012989,746556.0,0.0,119302.0,119302.0,False,609519.375,32061.388891854665,137035.81240129896
2019-01-13 06:49:00,625217.0,751574.3336627808,751575.0,0.0,126358.0,126358.0,False,615042.5625,31943.46160056867,136531.77116278085
2019-01-13 06:50:00,654182.0,766337.637093288,766338.0,0.0,112156.0,112156.0,False,629832.125,31937.31793473275,136505.51209328804
2019-01-13 06:51:00,632116.0,765761.7850878799,765762.0,0.0,133646.0,133646.0,False,630277.75,31698.329520386185,135484.03508787983
2019-01-13 06:52:00,627322.0,756624.5812042742,756625.0,0.0,129303.0,129303.0,False,621019.8125,31726.576789181912,135604.76870427423
2019-01-13 06:53:00,654934.0,760493.511704891,760494.0,0.0,105560.0,105560.0,False,624907.1875,31722.261448124143,135586.32420489102
2019-01-13 06:54:00,663369.0,774953.7689051167,774954.0,0.0,111585.0,111585.0,False,639068.0,31792.32060140171,135885.76890511665
2019-01-13 06:55:00,681755.0,797256.9426145358,797257.0,0.0,115502.0,115502.0,False,661239.1875,31823.20056711576,136017.7551145358
2019-01-13 06:56:00,642385.0,784576.374855015,784577.0,0.0,142192.0,142192.0,False,648513.3125,31833.80081117727,136063.06235501502
2019-01-13 06:57:00,645706.0,763799.0096684692,763800.0,0.0,118094.0,118094.0,False,627804.625,31817.732733950197,135994.3846684692
2019-01-13 06:58:00,650840.0,763826.2033901543,763827.0,0.0,112987.0,112987.0,False,628430.25,31677.721611288933,135395.95339015426
2019-01-13 06:59:00,640297.0,769001.7325502808,769002.0,0.0,128705.0,128705.0,False,633533.25,31694.690793052938,135468.48255028078
2019-01-13 07:00:00,742022.0,798107.8865456376,798108.0,0.0,56086.0,56086.0,False,662863.875,31642.172753799572,135244.01154563768
2019-01-13 07:01:00,681416.0,817211.3622818681,817212.0,0.0,135796.0,135796.0,False,683396.375,31307.833124955378,133814.9872818681
2019-01-13 07:02:00,724260.0,795511.5218449854,795512.0,0.0,71252.0,71252.0,False,661481.1875,31358.216494210017,134030.33434498543
2019-01-13 07:03:00,715798.0,834166.4249754208,834167.0,0.0,118369.0,118369.0,False,697621.9375,31946.43675456438,136544.48747542084
2019-01-13 07:04:00,683308.0,818171.500957564,818172.0,0.0,134864.0,134864.0,False,682460.8125,31751.358153571593,135710.68845756399
2019-01-13 07:05:00,711024.0,813177.8810276466,813178.0,0.0,102154.0,102154.0,False,677581.9375,31724.512019287537,135595.9435276466
2019-01-13 07:06:00,739637.0,839242.5360001316,839243.0,0.0,99606.0,99606.0,False,713824.375,29343.28160985415,125418.1610001316
2019-01-13 07:07:00,766157.0,849164.925361404,849165.0,0.0,83008.0,83008.0,False,723900.0625,29307.415428919256,125264.86286140393
2019-01-13 07:08:00,746872.0,881695.7301562025,881696.0,0.0,134824.0,134824.0,False,763200.125,27723.655680335523,118495.60515620244
2019-01-13 07:09:00,759099.0,840726.0308164265,840727.0,0.0,81628.0,81628.0,False,735454.4375,24629.7185636353,105271.59331642647
2019-01-13 07:10:00,711834.0,859246.1895308888,859247.0,0.0,147413.0,147413.0,False,755771.625,24209.279280404295,103474.5645308888
2019-01-13 07:11:00,677521.0,787488.8511507971,787489.0,0.0,109968.0,109968.0,False,692041.875,22331.11598565803,95446.97615079707
2019-01-13 07:12:00,676539.0,771775.8483271092,771776.0,0.0,95237.0,95237.0,False,675786.5,22458.011320272763,95989.3483271092
2019-01-13 07:13:00,670000.0,758842.5883085254,758843.0,0.0,88843.0,88843.0,False,662680.9375,22498.323825207885,96161.65080852537
2019-01-13 07:14:00,664100.0,752837.4824454843,752838.0,0.0,88738.0,88738.0,False,657727.5625,22252.25711010145,95109.9199454842
2019-01-13 07:15:00,699742.0,746422.8393895082,746423.0,0.0,46681.0,46681.0,False,651491.125,22210.56350072508,94931.71438950826
2019-01-13 07:16:00,679937.0,764357.7171859775,764358.0,0.0,84421.0,84421.0,False,668286.9375,22477.063292300514,96070.77968597753
2019-01-13 07:17:00,674485.0,760123.1887110311,760124.0,0.0,85639.0,85639.0,False,664076.625,22471.397636173486,96046.56371103106
2019-01-13 07:18:00,660232.0,756149.9592905714,756150.0,0.0,95918.0,95918.0,False,660131.5625,22464.807602700348,96018.39679057141
2019-01-13 07:19:00,678163.0,763625.5443368063,763626.0,0.0,85463.0,85463.0,False,667465.875,22497.860232996103,96159.66933680627
2019-01-13 07:20:00,701024.0,779449.1387326556,779450.0,0.0,78426.0,78426.0,False,688299.6875,21325.65168214093,91149.45123265553
2019-01-13 07:21:00,697213.0,757068.6548081639,757069.0,0.0,59856.0,59856.0,False,666392.8125,21214.844443911024,90675.84230816389
2019-01-13 07:22:00,719911.0,762744.7956968369,762745.0,0.0,42834.0,42834.0,False,672132.4375,21199.991474121296,90612.35819683693
2019-01-13 07:23:00,732760.0,783550.9692907458,783551.0,0.0,50791.0,50791.0,False,691602.75,21512.5343144694,91948.21929074584
2019-01-13 07:24:00,676096.0,792243.74554982,792244.0,0.0,116148.0,116148.0,False,699222.6875,21763.539508441645,93021.05804982001
2019-01-13 07:25:00,660739.0,757971.5867907307,757972.0,0.0,97233.0,97233.0,False,662640.25,22304.060587296663,95331.33679073077
2019-01-13 07:26:00,656548.0,736926.2032405988,736927.0,0.0,80379.0,80379.0,False,645545.625,21379.726983737128,91380.5782405988
2019-01-13 07:27:00,648827.0,734320.3697941895,734321.0,0.0,85494.0,85494.0,False,645199.375,20851.066757337492,89120.9947941894
2019-01-13 07:28:00,653967.0,725099.9362553884,725100.0,0.0,71133.0,71133.0,False,635898.125,20869.974865706838,89201.81125538843
2019-01-13 07:29:00,665825.0,723747.7593115208,723748.0,0.0,57923.0,57923.0,False,635125.875,20734.29308332899,88621.8843115208
2019-01-13 07:30:00,734432.0,742388.8233856206,742389.0,0.0,7957.0,7957.0,False,653398.0625,20820.59676619895,88990.7608856206
2019-01-13 07:31:00,702256.0,780275.2329504486,780276.0,0.0,78020.0,78020.0,False,686595.5,21917.64544449079,93679.73295044863
2019-01-13 07:32:00,711253.0,771739.4506298751,771740.0,0.0,60487.0,60487.0,False,678227.75,21878.332001662187,93511.70062987506
2019-01-13 07:33:00,718298.0,796944.8301301977,796945.0,0.0,78647.0,78647.0,False,703039.3125,21970.470835871387,93905.51763019765
2019-01-13 07:34:00,671347.0,775429.851559689,775430.0,0.0,104083.0,104083.0,False,681711.6875,21926.636924289458,93718.16405968898
2019-01-13 07:35:00,683693.0,747562.1031686935,747563.0,0.0,63870.0,63870.0,False,652802.4375,22170.31036652805,94759.6656686935
2019-01-13 07:36:00,667702.0,756161.0330909111,756162.0,0.0,88460.0,88460.0,False,661953.25,22041.18994436347,94207.78309091105
2019-01-13 07:37:00,670895.0,740780.7373389944,740781.0,0.0,69886.0,69886.0,False,646642.1875,22024.991885074796,94138.5498389944
2019-01-13 07:38:00,670731.0,743325.347254341,743326.0,0.0,72595.0,72595.0,False,649152.75,22032.957740168156,94172.59725434099
2019-01-13 07:39:00,651978.0,744527.6342349538,744528.0,0.0,92550.0,92550.0,False,650316.3125,22042.017858182604,94211.32173495377
2019-01-13 07:40:00,719251.0,763516.0130464464,763517.0,0.0,44266.0,44266.0,False,670677.5625,21720.816003704873,92838.45054644634
2019-01-13 07:41:00,737523.0,768831.9807725593,768832.0,0.0,31309.0,31309.0,False,675386.0625,21862.94132601934,93445.91827255933
2019-01-13 07:42:00,734237.0,785250.3697659231,785251.0,0.0,51014.0,51014.0,False,688598.1875,22613.09031977401,96652.18226592315
2019-01-13 07:43:00,672000.0,810284.1317251604,810285.0,0.0,138285.0,138285.0,False,712652.6875,22842.201950901217,97631.44422516035
2019-01-13 07:44:00,693397.0,752606.0886675925,752607.0,0.0,59210.0,59210.0,False,649889.375,24031.969781344178,102716.7136675925
2019-01-13 07:45:00,701556.0,769137.6721840336,769138.0,0.0,67582.0,67582.0,False,665748.625,24189.2713360102,103389.04718403358
2019-01-13 07:46:00,692926.0,775582.918103663,775583.0,0.0,82657.0,82657.0,False,671734.6875,24296.70353151774,103848.23060366302
2019-01-13 07:47:00,704645.0,769205.7317750958,769206.0,0.0,64561.0,64561.0,False,665451.875,24274.623492979743,103753.8567750958
2019-01-13 07:48:00,702494.0,783595.722754234,783596.0,0.0,81102.0,81102.0,False,680316.875,24163.488683194446,103278.84775423392
2019-01-13 07:49:00,673073.0,778747.2938597678,778748.0,0.0,105675.0,105675.0,False,675453.375,24167.014772959497,103293.91885976786
2019-01-13 07:50:00,718088.0,765611.7957507096,765612.0,0.0,47524.0,47524.0,False,661770.125,24295.168764854,103841.67075070961
2019-01-13 07:51:00,671484.0,798685.376493063,798686.0,0.0,127202.0,127202.0,False,692853.625,24760.775174512342,105831.75149306301
2019-01-13 07:52:00,698860.0,776972.2030811744,776973.0,0.0,78113.0,78113.0,False,669238.75,25205.70408108275,107733.45308117442
2019-01-13 07:53:00,681303.0,774498.4621918557,774499.0,0.0,93196.0,93196.0,False,666831.6875,25190.103766587064,107666.77469185564
2019-01-13 07:54:00,663596.0,766023.0454830707,766024.0,0.0,102428.0,102428.0,False,658497.625,25157.032030228944,107525.42048307063
2019-01-13 07:55:00,686195.0,767044.959635185,767045.0,0.0,80850.0,80850.0,False,659299.625,25208.4839319633,107745.33463518493
2019-01-13 07:56:00,684849.0,766322.7812459273,766323.0,0.0,81474.0,81474.0,False,658486.1875,25229.83523997664,107836.59374592738
2019-01-13 07:57:00,687237.0,770008.0012403732,770009.0,0.0,82772.0,82772.0,False,662986.1875,25039.2063951395,107021.81374037324
2019-01-13 07:58:00,690380.0,771821.0922230259,771822.0,0.0,81442.0,81442.0,False,664767.0,25046.758384411707,107054.09222302581
2019-01-13 07:59:00,675470.0,772419.1321876287,772420.0,0.0,96950.0,96950.0,False,665322.75,25056.6526958154,107096.38218762871
2019-01-13 08:00:00,761153.0,798375.8263303206,798376.0,0.0,37223.0,37223.0,False,691385.0,25031.956469831355,106990.82633032057
2019-01-13 08:01:00,760333.0,810102.0474934374,810103.0,0.0,49770.0,49770.0,False,704593.625,24685.12796510511,105508.4224934374
2019-01-13 08:02:00,764895.0,811736.301780171,811737.0,0.0,46842.0,46842.0,False,705051.25,24960.416362221607,106685.05178017096
2019-01-13 08:03:00,771924.0,831222.7722725044,831223.0,0.0,59299.0,59299.0,False,724882.375,24879.779760664715,106340.3972725044
2019-01-13 08:04:00,704353.0,830491.8289477774,830492.0,0.0,126139.0,126139.0,False,723151.125,25113.81508883958,107340.70394777744
2019-01-13 08:05:00,704053.0,791475.3631145916,791476.0,0.0,87423.0,87423.0,False,682503.125,25495.534659045006,108972.23811459156
2019-01-13 08:06:00,713287.0,785063.5061363328,785064.0,0.0,71777.0,71777.0,False,676331.875,25439.241389680803,108731.63113633277
2019-01-13 08:07:00,731357.0,800784.6464673851,800785.0,0.0,69428.0,69428.0,False,691706.375,25520.342601580975,109078.2714673851
2019-01-13 08:08:00,744953.0,830376.7979745857,830377.0,0.0,85424.0,85424.0,False,721448.6875,25485.210398530056,108928.11047458566
2019-01-13 08:09:00,754108.0,839281.2734140919,839282.0,0.0,85174.0,85174.0,False,732268.3125,25037.13515623324,107012.96091409195
2019-01-13 08:10:00,772037.0,837698.4069856943,837699.0,0.0,65662.0,65662.0,False,730694.625,25034.98762130925,107003.78198569425
2019-01-13 08:11:00,747431.0,838657.0948049792,838658.0,0.0,91227.0,91227.0,False,737374.875,23696.350465587937,101282.21980497918
2019-01-13 08:12:00,717670.0,818841.2828668496,818842.0,0.0,101172.0,101172.0,False,719408.125,23263.73731983672,99433.15786684958
2019-01-13 08:13:00,679838.0,799909.4500530387,799910.0,0.0,120072.0,120072.0,False,700299.1875,23305.173365779592,99610.26255303869
2019-01-13 08:14:00,681592.0,766130.59747816,766131.0,0.0,84539.0,84539.0,False,664081.8125,23875.698795762626,102048.78497816008
2019-01-13 08:15:00,686841.0,772213.4449537031,772214.0,0.0,85373.0,85373.0,False,670511.4375,23794.56548560271,101702.00745370307
2019-01-13 08:16:00,684786.0,767156.238685882,767157.0,0.0,82371.0,82371.0,False,666424.5,23567.55793371084,100731.738685882
2019-01-13 08:17:00,682564.0,766455.4333457589,766456.0,0.0,83892.0,83892.0,False,665865.1875,23534.45376266895,100590.24584575897
2019-01-13 08:18:00,690881.0,767196.3782383297,767197.0,0.0,76316.0,76316.0,False,666768.6875,23496.42178822138,100427.69073832968
2019-01-13 08:19:00,674680.0,770277.2865942267,770278.0,0.0,95598.0,95598.0,False,670597.125,23321.527195507948,99680.16159422674
2019-01-13 08:20:00,706845.0,770554.6596015344,770555.0,0.0,63710.0,63710.0,False,670570.0625,23392.754015864182,99984.59710153434
2019-01-13 08:21:00,683761.0,799821.9272735374,799822.0,0.0,116061.0,116061.0,False,699702.8125,23424.226251620243,100119.1147735374
2019-01-13 08:22:00,680013.0,787763.620380199,787764.0,0.0,107751.0,107751.0,False,685535.0,23917.773729754404,102228.62038019905
2019-01-13 08:23:00,675072.0,766335.7489742907,766336.0,0.0,91264.0,91264.0,False,664033.0,23935.117120810577,102302.74897429062
2019-01-13 08:24:00,646895.0,760556.3155884591,760557.0,0.0,113662.0,113662.0,False,658720.5625,23825.857092762628,101835.75308845913
2019-01-13 08:25:00,654577.0,751667.876088138,751668.0,0.0,97091.0,97091.0,False,651131.8125,23521.777087848062,100536.06358813791
2019-01-13 08:26:00,636931.0,739478.9769322275,739479.0,0.0,102548.0,102548.0,False,639269.0625,23445.4700645878,100209.91443222748
2019-01-13 08:27:00,634606.0,737435.0777603032,737436.0,0.0,102830.0,102830.0,False,636559.25,23601.269529016703,100875.8277603031
2019-01-13 08:28:00,666021.0,729726.6537573511,729727.0,0.0,63706.0,63706.0,False,628517.5,23679.25567170343,101209.15375735106
2019-01-13 08:29:00,662739.0,738860.9082107844,738861.0,0.0,76122.0,76122.0,False,637242.5625,23774.99168494372,101618.34571078442
2019-01-13 08:30:00,717914.0,777646.4540956621,777647.0,0.0,59733.0,59733.0,False,676140.5,23748.696140607713,101505.95409566213
2019-01-13 08:31:00,681754.0,771385.2641562605,771386.0,0.0,89632.0,89632.0,False,674813.75,22594.21692026083,96571.51415626057
2019-01-13 08:32:00,688419.0,755998.611706526,755999.0,0.0,67580.0,67580.0,False,659184.875,22650.88817463116,96813.73670652606
2019-01-13 08:33:00,711021.0,766067.9035290291,766068.0,0.0,55047.0,55047.0,False,669386.75,22619.86854013006,96681.15352902905
2019-01-13 08:34:00,664188.0,767684.7740944716,767685.0,0.0,103497.0,103497.0,False,670321.5,22779.459907791974,97363.27409447158
2019-01-13 08:35:00,675517.0,751585.711910992,751586.0,0.0,76069.0,76069.0,False,654603.0625,22690.407595224653,96982.64941099202
2019-01-13 08:36:00,653866.0,751819.0553103016,751820.0,0.0,97954.0,97954.0,False,655008.5,22650.14384378959,96810.55531030164
2019-01-13 08:37:00,656281.0,734538.0370562575,734539.0,0.0,78258.0,78258.0,False,637338.8125,22741.078290971927,97199.2245562575
2019-01-13 08:38:00,667644.0,735292.1066448675,735293.0,0.0,67649.0,67649.0,False,638116.625,22735.523314486854,97175.48164486742
2019-01-13 08:39:00,659059.0,742855.0869468336,742856.0,0.0,83797.0,83797.0,False,645546.1875,22766.738220714495,97308.89944683363
2019-01-13 08:40:00,663593.0,769861.014982583,769862.0,0.0,106269.0,106269.0,False,673026.8125,22655.676420810287,96834.20248258296
2019-01-13 08:41:00,652064.0,742685.923258985,742686.0,0.0,90622.0,90622.0,False,645778.25,22672.865906486593,96907.67325898503
2019-01-13 08:42:00,642851.0,740381.8459766153,740382.0,0.0,97531.0,97531.0,False,646176.9375,22040.517389319386,94204.9084766153
2019-01-13 08:43:00,635537.0,754217.8658605077,754218.0,0.0,118681.0,118681.0,False,660489.875,21928.93603776273,93727.99086050772
2019-01-13 08:44:00,653078.0,719395.7542180817,719396.0,0.0,66318.0,66318.0,False,628288.9375,21315.67675859346,91106.81671808165
2019-01-13 08:45:00,696703.0,753595.0456762728,753596.0,0.0,56893.0,56893.0,False,663513.6875,21075.756809747323,90081.35817627277
2019-01-13 08:46:00,653622.0,745480.2602010476,745481.0,0.0,91859.0,91859.0,False,655547.9375,21040.887936814433,89932.32270104761
2019-01-13 08:47:00,652582.0,736541.6656300338,736542.0,0.0,83960.0,83960.0,False,645999.125,21183.6567064315,90542.5406300338
2019-01-13 08:48:00,666861.0,740206.156017263,740207.0,0.0,73346.0,73346.0,False,650312.5625,21031.82671842908,89893.59351726301
2019-01-13 08:49:00,639711.0,742247.8578648614,742248.0,0.0,102537.0,102537.0,False,652405.5625,21019.824819182733,89842.29536486139
2019-01-13 08:50:00,685406.0,737979.1981078583,737980.0,0.0,52574.0,52574.0,False,647299.1875,21215.819674218925,90680.01060785833
2019-01-13 08:51:00,639091.0,744118.9532072651,744119.0,0.0,105028.0,105028.0,False,655349.125,20768.9065664216,88769.8282072651
2019-01-13 08:52:00,628407.0,723291.0069119728,723292.0,0.0,94885.0,94885.0,False,635137.0625,20624.812190454864,88153.94441197276
2019-01-13 08:53:00,643458.0,714278.0986084852,714279.0,0.0,70821.0,70821.0,False,625562.5625,20756.204192770252,88715.53610848522
2019-01-13 08:54:00,662695.0,728289.8307655297,728290.0,0.0,65595.0,65595.0,False,639568.125,20757.647667803263,88721.70576552961
2019-01-13 08:55:00,666477.0,766401.8835084887,766402.0,0.0,99925.0,99925.0,False,677786.9375,20732.66977313099,88614.94600848868
2019-01-13 08:56:00,654261.0,736754.4100639027,736755.0,0.0,82494.0,82494.0,False,647111.5,20973.175920903235,89642.91006390269
2019-01-13 08:57:00,661425.0,735857.3040835509,735858.0,0.0,74433.0,74433.0,False,646316.625,20949.25759502609,89540.67908355092
2019-01-13 08:58:00,660900.0,740236.2800542518,740237.0,0.0,79337.0,79337.0,False,650842.625,20914.85932717765,89393.65505425175
2019-01-13 08:59:00,639730.0,736598.2709698051,736599.0,0.0,96869.0,96869.0,False,647368.3125,20876.56028868367,89229.95846980513
2019-01-13 09:00:00,725493.0,767559.8919611197,767560.0,0.0,42067.0,42067.0,False,677531.4375,21063.379267296023,90028.45446111973
2019-01-13 09:01:00,683483.0,757856.1544133939,757857.0,0.0,74374.0,74374.0,False,671188.8125,20277.001351818308,86667.34191339395
2019-01-13 09:02:00,678966.0,745312.0691180537,745313.0,0.0,66347.0,66347.0,False,661819.5625,19534.20552868406,83492.5066180536
2019-01-13 09:03:00,663831.0,744079.3130719782,744080.0,0.0,80249.0,80249.0,False,664675.5,18577.600160034468,79403.81307197816
2019-01-13 09:04:00,655216.0,732983.8818882024,732984.0,0.0,77768.0,77768.0,False,655621.4375,18099.99424012701,77362.44438820239
2019-01-13 09:05:00,720038.0,746207.4649956693,746208.0,0.0,26170.0,26170.0,False,670415.875,17732.471526983998,75791.58999566929
2019-01-13 09:06:00,786788.0,789798.0401930973,789799.0,0.0,3011.0,3011.0,True,711420.625,18337.460440526647,78377.4151930973
2019-01-13 09:07:00,748748.0,842820.3698502007,842821.0,0.0,94073.0,94073.0,False,758222.3125,19792.86413289801,84598.05735020076
2019-01-13 09:08:00,764754.0,809399.5866534081,809400.0,0.0,44646.0,44646.0,False,725219.4375,19695.08883618049,84180.1491534081
2019-01-13 09:09:00,647056.0,827064.1926680653,827065.0,0.0,180009.0,180009.0,False,741785.8125,19952.03489310545,85278.38016806536
2019-01-13 09:10:00,704455.0,740666.0321281736,740667.0,0.0,36212.0,36212.0,False,637302.25,24183.360233159736,103363.78212817361
2019-01-13 09:11:00,669764.0,770785.5625582477,770786.0,0.0,101022.0,101022.0,False,664174.125,24943.193315518012,106611.43755824772
2019-01-13 09:12:00,632930.0,757106.7537132361,757107.0,0.0,124177.0,124177.0,False,650454.3125,24952.78667732273,106652.44121323607
2019-01-13 09:13:00,674175.0,735931.8162594398,735932.0,0.0,61757.0,61757.0,False,628359.4375,25168.018556553572,107572.37875943982
2019-01-13 09:14:00,663569.0,761073.4328988817,761074.0,0.0,97505.0,97505.0,False,653241.1875,25228.817885146353,107832.24539888169
2019-01-13 09:15:00,684839.0,763809.2868821024,763810.0,0.0,78971.0,78971.0,False,656020.375,25218.679420542347,107788.91188210242
2019-01-13 09:16:00,672323.0,778100.1401229512,778101.0,0.0,105778.0,105778.0,False,669932.75,25307.22954371323,108167.39012295118
2019-01-13 09:17:00,657420.0,766450.7379274445,766451.0,0.0,109031.0,109031.0,False,658219.4375,25322.182227180805,108231.30042744454
2019-01-13 09:18:00,656588.0,763935.1097145579,763936.0,0.0,107348.0,107348.0,False,655528.25,25363.2567060275,108406.85971455785
2019-01-13 09:19:00,649600.0,755046.9795382404,755047.0,0.0,105447.0,105447.0,False,646731.125,25341.96480942062,108315.85453824032
2019-01-13 09:20:00,679858.0,782229.9557259065,782230.0,0.0,102372.0,102372.0,False,673888.5,25347.954554870936,108341.45572590658
2019-01-13 09:21:00,645161.0,761601.7226211525,761602.0,0.0,116441.0,116441.0,False,654150.1875,25139.74554664219,107451.5351211525
2019-01-13 09:22:00,661858.0,743408.3959223179,743409.0,0.0,81551.0,81551.0,False,636410.6875,25033.566628694567,106997.70842231788
2019-01-13 09:23:00,645617.0,755555.4510899752,755556.0,0.0,109939.0,109939.0,False,648634.875,25015.520472291788,106920.57608997516
2019-01-13 09:24:00,631846.0,744767.3867096889,744768.0,0.0,112922.0,112922.0,False,637568.25,25080.693511383528,107199.1367096889
2019-01-13 09:25:00,636462.0,754142.3303362819,754143.0,0.0,117681.0,117681.0,False,647285.0,25000.72326950672,106857.3303362819
2019-01-13 09:26:00,656958.0,738551.4904102815,738552.0,0.0,81594.0,81594.0,False,631104.9375,25138.579890763787,107446.55291028148
2019-01-13 09:27:00,650967.0,745484.2256225346,745485.0,0.0,94518.0,94518.0,False,637974.0,25153.47698630089,107510.2256225346
2019-01-13 09:28:00,650560.0,743878.8207539527,743879.0,0.0,93319.0,93319.0,False,636614.375,25095.973449011544,107264.44575395268
2019-01-13 09:29:00,624244.0,745021.5453161043,745022.0,0.0,120778.0,120778.0,False,638729.5625,24868.452541250805,106291.98281610425
2019-01-13 09:30:00,680369.0,758160.8561340566,758161.0,0.0,77792.0,77792.0,False,651273.5,25007.7482125663,106887.35613405658
2019-01-13 09:31:00,662725.0,759993.5788543583,759994.0,0.0,97269.0,97269.0,False,654018.5625,24794.293933966786,105975.01635435823
2019-01-13 09:32:00,631987.0,755088.1380271437,755089.0,0.0,123102.0,123102.0,False,649125.125,24791.485592591795,105963.01302714366
2019-01-13 09:33:00,619847.0,736830.966511658,736831.0,0.0,116984.0,116984.0,False,630366.9375,24908.705084628753,106464.02901165809
2019-01-13 09:34:00,621276.0,720467.7186488176,720468.0,0.0,99192.0,99192.0,False,614986.875,24678.675519959223,105480.84364881767
2019-01-13 09:35:00,627818.0,722366.8512904313,722367.0,0.0,94549.0,94549.0,False,617194.375,24606.528789659078,105172.47629043134
2019-01-13 09:36:00,618962.0,724166.4119145266,724167.0,0.0,105205.0,105205.0,False,619205.25,24557.088922330968,104961.16191452664
2019-01-13 09:37:00,613680.0,716190.1566520461,716191.0,0.0,102511.0,102511.0,False,611253.25,24551.41407435193,104936.90665204615
2019-01-13 09:38:00,630366.0,718100.4993121282,718101.0,0.0,87735.0,87735.0,False,613269.5625,24526.620991515523,104830.93681212811
2019-01-13 09:39:00,620035.0,726265.841271481,726266.0,0.0,106231.0,106231.0,False,621980.75,24398.9130161556,104285.09127148098
2019-01-13 09:40:00,661631.0,751276.855083444,751277.0,0.0,89646.0,89646.0,False,646891.75,24422.312605384974,104385.10508344402
2019-01-13 09:41:00,638480.0,749128.9615639555,749129.0,0.0,110649.0,110649.0,False,645126.75,24332.72946782862,104002.21156395551
2019-01-13 09:42:00,639565.0,730914.1465514826,730915.0,0.0,91350.0,91350.0,False,626596.375,24406.559011372952,104317.7715514826
2019-01-13 09:43:00,618730.0,735034.2055718384,735035.0,0.0,116305.0,116305.0,False,630877.0,24368.992420377752,104157.20557183838
2019-01-13 09:44:00,638657.0,718443.2516750996,718444.0,0.0,79787.0,79787.0,False,615301.25,24131.471684976485,103142.00167509966
2019-01-13 09:45:00,666555.0,746296.6651029943,746297.0,0.0,79742.0,79742.0,False,643220.4375,24116.08294777109,103076.22760299429
2019-01-13 09:46:00,650571.0,743399.9090425632,743400.0,0.0,92829.0,92829.0,False,640902.375,23980.68973219427,102497.53404256317
2019-01-13 09:47:00,643882.0,743194.499258254,743195.0,0.0,99313.0,99313.0,False,640854.875,23943.74459416172,102339.6242582539
2019-01-13 09:48:00,633464.0,740064.7250353892,740065.0,0.0,106601.0,106601.0,False,637685.8125,23952.93662002747,102378.91253538923
2019-01-13 09:49:00,644343.0,733600.5387573553,733601.0,0.0,89258.0,89258.0,False,631088.6875,23984.039438984455,102511.85125735532
2019-01-13 09:50:00,667301.0,761447.5721631955,761448.0,0.0,94147.0,94147.0,False,659560.375,23837.89313252043,101887.1971631955
2019-01-13 09:51:00,624309.0,744118.9173961824,744119.0,0.0,119810.0,119810.0,False,643565.375,23525.86649230565,100553.54239618249
2019-01-13 09:52:00,649056.0,723048.0218578031,723049.0,0.0,73993.0,73993.0,False,622260.5,23580.609164168367,100787.5218578031
2019-01-13 09:53:00,639491.0,734670.7798361166,734671.0,0.0,95180.0,95180.0,False,633707.875,23621.642393177546,100962.90483611662
2019-01-13 09:54:00,635086.0,736493.6759618581,736494.0,0.0,101408.0,101408.0,False,635653.625,23592.899061267068,100840.05096185813
2019-01-13 09:55:00,653897.0,751471.1461290896,751472.0,0.0,97575.0,97575.0,False,650853.125,23540.952167318384,100618.0211290897
2019-01-13 09:56:00,638593.0,731732.8751186287,731733.0,0.0,93140.0,93140.0,False,631647.6875,23416.28853308915,100085.18761862873
2019-01-13 09:57:00,628351.0,730221.1657911752,730222.0,0.0,101871.0,101871.0,False,630135.25,23416.458898943034,100085.91579117518
2019-01-13 09:58:00,623419.0,723268.17511618,723269.0,0.0,99850.0,99850.0,False,623109.5625,23433.467308181753,100158.61261617996
2019-01-13 09:59:00,618989.0,723938.2544815879,723939.0,0.0,104950.0,104950.0,False,623700.5,23451.98362212923,100237.7544815879
2019-01-13 10:00:00,737398.0,757410.8886725296,757411.0,0.0,20013.0,20013.0,False,657297.4375,23422.901175267893,100113.45117252963
2019-01-13 10:01:00,711902.0,773773.8945307462,773774.0,0.0,61872.0,61872.0,False,668334.25,24669.036426912346,105439.6445307462
2019-01-13 10:02:00,708427.0,779152.9778665507,779153.0,0.0,70726.0,70726.0,False,671983.5,25073.75442234341,107169.47786655066
2019-01-13 10:03:00,716722.0,792321.2260750995,792322.0,0.0,75600.0,75600.0,False,684182.75,25300.464709642736,108138.4760750995
2019-01-13 10:04:00,688071.0,786897.8245644084,786898.0,0.0,98827.0,98827.0,False,678162.4375,25440.12014004958,108735.38706440844
2019-01-13 10:05:00,717242.0,787886.2263123282,787887.0,0.0,70645.0,70645.0,False,679298.0,25405.689884050196,108588.22631232826
2019-01-13 10:06:00,730550.0,820589.2618366182,820590.0,0.0,90040.0,90040.0,False,713118.5,25144.243897772874,107470.76183661823
2019-01-13 10:07:00,715374.0,818110.9331359043,818111.0,0.0,102737.0,102737.0,False,716921.0,23674.758746351214,101189.93313590426
2019-01-13 10:08:00,690267.0,800604.2838499068,800605.0,0.0,110338.0,110338.0,False,699757.125,23594.562048182197,100847.15884990677
2019-01-13 10:09:00,721792.0,769879.4225987461,769880.0,0.0,48088.0,48088.0,False,670003.375,23367.357385874366,99876.04759874614
2019-01-13 10:10:00,683737.0,800528.3442496698,800529.0,0.0,116792.0,116792.0,False,715502.9375,19892.848327168012,85025.40674966986
2019-01-13 10:11:00,655956.0,756692.8689247515,756693.0,0.0,100737.0,100737.0,False,674547.0,19219.141356590473,82145.86892475154
2019-01-13 10:12:00,637158.0,740676.9700115265,740677.0,0.0,103519.0,103519.0,False,657181.9375,19534.796495756927,83495.03251152647
2019-01-13 10:13:00,645805.0,726983.103056978,726984.0,0.0,81179.0,81179.0,False,643240.25,19592.777477106873,83742.85305697803
2019-01-13 10:14:00,634407.0,724985.69084531,724986.0,0.0,90579.0,90579.0,False,643816.9375,18990.531900158556,81168.75334530995
2019-01-13 10:15:00,658724.0,716564.6600697387,716565.0,0.0,57841.0,57841.0,False,634872.75,19112.931518910627,81691.9100697387
2019-01-13 10:16:00,651573.0,729828.2608855335,729829.0,0.0,78256.0,78256.0,False,648488.75,19030.482945125492,81339.51088553353
2019-01-13 10:17:00,623285.0,731311.5157445702,731312.0,0.0,108027.0,108027.0,False,649983.875,19027.705764482278,81327.64074457015
2019-01-13 10:18:00,650483.0,717369.7811888383,717370.0,0.0,66887.0,66887.0,False,634045.4375,19494.861528190413,83324.34368883834
2019-01-13 10:19:00,641362.0,744014.134669405,744015.0,0.0,102653.0,102653.0,False,660592.0625,19517.7264331109,83422.07216940499
2019-01-13 10:20:00,658398.0,755174.3577902513,755175.0,0.0,96777.0,96777.0,False,670540.5,19801.24013192226,84633.85779025132
2019-01-13 10:21:00,637255.0,744405.5566119151,744406.0,0.0,107151.0,107151.0,False,659141.75,19948.6252117741,85263.80661191508
2019-01-13 10:22:00,636686.0,720908.2391494068,720909.0,0.0,84223.0,84223.0,False,634646.375,20182.134323627746,86261.86414940684
2019-01-13 10:23:00,630693.0,725033.8301062166,725034.0,0.0,94341.0,94341.0,False,639409.4375,20032.989200936314,85624.39260621663
2019-01-13 10:24:00,615430.0,714282.3297571716,714283.0,0.0,98853.0,98853.0,False,628421.5625,20088.292259864083,85860.76725717161
2019-01-13 10:25:00,645330.0,717827.2429443714,717828.0,0.0,72498.0,72498.0,False,631579.0625,20178.93283504651,86248.18044437139
2019-01-13 10:26:00,626160.0,720244.9693493675,720245.0,0.0,94085.0,94085.0,False,634378.125,20089.714078094006,85866.84434936751
2019-01-13 10:27:00,623951.0,705768.6039260842,705769.0,0.0,81818.0,81818.0,False,620270.625,20003.41300410896,85497.97892608418
2019-01-13 10:28:00,613952.0,707754.6521439665,707755.0,0.0,93803.0,93803.0,False,622353.8125,19980.685950165363,85400.83964396655
2019-01-13 10:29:00,628236.0,702977.0550926107,702978.0,0.0,74742.0,74742.0,False,617387.3125,20024.882359798485,85589.74259261061
2019-01-13 10:30:00,683336.0,741264.9271311845,741265.0,0.0,57929.0,57929.0,False,656307.375,19876.972817888756,84957.55213118451
2019-01-13 10:31:00,632697.0,724284.3167131138,724285.0,0.0,91588.0,91588.0,False,639495.0625,19837.59723491958,84789.25421311375
2019-01-13 10:32:00,622805.0,710867.3683769883,710868.0,0.0,88063.0,88063.0,False,625841.0625,19893.058690211932,85026.30587698838
2019-01-13 10:33:00,617582.0,703474.7254446949,703475.0,0.0,85893.0,85893.0,False,619224.25,19711.542626870352,84250.47544469484
2019-01-13 10:34:00,612783.0,693855.328309188,693856.0,0.0,81073.0,81073.0,False,609973.9375,19625.190265209305,83881.39080918803
2019-01-13 10:35:00,627331.0,712164.4270913338,712165.0,0.0,84834.0,84834.0,False,628271.75,19627.830844154905,83892.67709133384
2019-01-13 10:36:00,610515.0,706382.0200017679,706383.0,0.0,95868.0,95868.0,False,622469.375,19632.50260791188,83912.64500176789
2019-01-13 10:37:00,611329.0,692781.1649092901,692782.0,0.0,81453.0,81453.0,False,608393.0,19743.756946567857,84388.1649092902
2019-01-13 10:38:00,647618.0,688874.0370717441,688875.0,0.0,41257.0,41257.0,False,604490.1875,19742.747314758177,84383.84957174407
2019-01-13 10:39:00,622119.0,717199.2728918584,717200.0,0.0,95081.0,95081.0,False,630511.75,20281.722965733876,86687.52289185835
2019-01-13 10:40:00,679992.0,738266.5967950873,738267.0,0.0,58275.0,58275.0,False,651339.75,20337.716042274118,86926.8467950873
2019-01-13 10:41:00,652364.0,743191.1271081228,743192.0,0.0,90828.0,90828.0,False,655477.4375,20521.808601609006,87713.68960812276
2019-01-13 10:42:00,655902.0,726375.4129566585,726376.0,0.0,70474.0,70474.0,False,638790.625,20491.65031010857,87584.78795665852
2019-01-13 10:43:00,633635.0,729364.7117677893,729365.0,0.0,95730.0,95730.0,False,641645.3125,20523.144454009936,87719.39926778933
2019-01-13 10:44:00,637382.0,718510.5079865664,718511.0,0.0,81129.0,81129.0,False,631018.75,20469.884685506837,87491.75798656643
2019-01-13 10:45:00,669323.0,732288.7546972801,732289.0,0.0,62966.0,62966.0,False,645343.4375,20342.03744364589,86945.31719728014
2019-01-13 10:46:00,631715.0,749236.8560685657,749237.0,0.0,117522.0,117522.0,False,662250.5625,20351.624422057914,86986.29356856574
2019-01-13 10:47:00,636388.0,721460.0656260742,721461.0,0.0,85073.0,85073.0,False,632303.375,20859.41828186106,89156.6906260742
2019-01-13 10:48:00,620846.0,727781.9340219031,727782.0,0.0,106936.0,106936.0,False,638629.9375,20858.320032456817,89151.99652190306
2019-01-13 10:49:00,629942.0,718364.9282297473,718365.0,0.0,88423.0,88423.0,False,628486.1875,21028.351707128582,89878.74072974735
2019-01-13 10:50:00,650769.0,746661.6588838288,746662.0,0.0,95893.0,95893.0,False,656895.5,21002.011655714967,89766.15888382883
2019-01-13 10:51:00,626510.0,729068.593988608,729069.0,0.0,102559.0,102559.0,False,639137.0625,21040.70282192163,89931.53148860799
2019-01-13 10:52:00,632854.0,725332.6459729223,725333.0,0.0,92479.0,92479.0,False,635855.8125,20934.32004756654,89476.83347292228
2019-01-13 10:53:00,625060.0,721102.4649482912,721103.0,0.0,96043.0,96043.0,False,632422.5,20747.881836881435,88679.96494829113
2019-01-13 10:54:00,621117.0,719216.1100551602,719217.0,0.0,98100.0,98100.0,False,630333.0625,20795.39577007823,88883.0475551603
2019-01-13 10:55:00,639438.0,741133.9892468582,741134.0,0.0,101696.0,101696.0,False,652001.6875,20853.712172432595,89132.30174685821
2019-01-13 10:56:00,611415.0,717377.3940019268,717378.0,0.0,105963.0,105963.0,False,627814.75,20954.39658590508,89562.64400192675
2019-01-13 10:57:00,627507.0,704762.4635544837,704763.0,0.0,77256.0,77256.0,False,614588.125,21097.510831655127,90174.33855448368
2019-01-13 10:58:00,609230.0,710707.0086116224,710708.0,0.0,101478.0,101478.0,False,620402.0625,21128.06824294975,90304.94611162238
2019-01-13 10:59:00,614930.0,702060.6969832026,702061.0,0.0,87131.0,87131.0,False,611431.4375,21203.945759540897,90629.25948320258
2019-01-13 11:00:00,725337.0,742812.1725411203,742813.0,0.0,17476.0,17476.0,False,652280.625,21181.084724023392,90531.54754112037
2019-01-13 11:01:00,682411.0,758302.2449221772,758303.0,0.0,75892.0,75892.0,False,669532.3125,20768.930948915237,88769.93242217717
2019-01-13 11:02:00,663537.0,741991.471857848,741992.0,0.0,78455.0,78455.0,False,655957.75,20128.75733695416,86033.72185784797
2019-01-13 11:03:00,642260.0,735699.5925764581,735700.0,0.0,93440.0,93440.0,False,651721.0,19647.931938402697,83978.59257645809
2019-01-13 11:04:00,629967.0,717853.3636702318,717854.0,0.0,87887.0,87887.0,False,635411.0625,19288.49570517927,82442.30117023182
2019-01-13 11:05:00,648462.0,731280.7616633192,731281.0,0.0,82819.0,82819.0,False,648904.6875,19273.000997726063,82376.07416331915
2019-01-13 11:06:00,714068.0,753664.0162548403,753665.0,0.0,39597.0,39597.0,False,673902.3125,18661.333544490288,79761.70375484027
2019-01-13 11:07:00,720571.0,795582.5114438744,795583.0,0.0,75012.0,75012.0,False,713400.5,19227.59738965822,82182.01144387446
2019-01-13 11:08:00,684048.0,800582.3085312925,800583.0,0.0,116535.0,116535.0,False,718333.6875,19243.181607015063,82248.62103129242
2019-01-13 11:09:00,727708.0,757403.7652448071,757404.0,0.0,29696.0,29696.0,False,673114.9375,19720.515668203494,84288.82774480715
2019-01-13 11:10:00,690386.0,806078.9959684962,806079.0,0.0,115693.0,115693.0,False,721257.375,19845.16987679544,84821.62096849615
2019-01-13 11:11:00,630915.0,753446.5076799167,753447.0,0.0,122532.0,122532.0,False,668727.0,19821.27908650635,84719.50767991663
2019-01-13 11:12:00,627798.0,717443.0054723709,717444.0,0.0,89646.0,89646.0,False,630776.375,20276.8349005315,86666.63047237092
2019-01-13 11:13:00,635876.0,713066.8635305013,713067.0,0.0,77191.0,77191.0,False,627109.3125,20110.936137699875,85957.55103050127
2019-01-13 11:14:00,636610.0,716546.7872926102,716547.0,0.0,79937.0,79937.0,False,630475.5,20137.546280455124,86071.2872926102
2019-01-13 11:15:00,659786.0,727712.2550167511,727713.0,0.0,67927.0,67927.0,False,641767.75,20107.883845652977,85944.5050167511
2019-01-13 11:16:00,635159.0,731707.9446333005,731708.0,0.0,96549.0,96549.0,False,646181.625,20010.043697353394,85526.31963330058
2019-01-13 11:17:00,617394.0,728340.652841077,728341.0,0.0,110947.0,110947.0,False,642586.125,20063.43610602103,85754.52784107694
2019-01-13 11:18:00,621548.0,710663.5619272455,710664.0,0.0,89116.0,89116.0,False,625050.5,20030.33823475062,85613.06192724542
2019-01-13 11:19:00,606165.0,725021.0369801637,725022.0,0.0,118857.0,118857.0,False,639844.875,19928.119560195686,85176.16198016366
2019-01-13 11:20:00,655294.0,728145.2985544614,728146.0,0.0,72852.0,72852.0,False,641611.625,20245.727824386497,86533.6735544614
2019-01-13 11:21:00,635518.0,721898.0009969687,721899.0,0.0,86381.0,86381.0,False,635306.25,20259.31583059773,86591.75099696868
2019-01-13 11:22:00,621572.0,712039.2891212685,712040.0,0.0,90468.0,90468.0,False,626335.375,20051.594339072642,85703.9141212686
2019-01-13 11:23:00,619903.0,710106.0157967552,710107.0,0.0,90204.0,90204.0,False,624353.3125,20063.00922910452,85752.70329675521
2019-01-13 11:24:00,601904.0,706037.4623418234,706038.0,0.0,104134.0,104134.0,False,620394.1875,20037.406956326868,85643.27484182335
2019-01-13 11:25:00,620051.0,718009.3767593197,718010.0,0.0,97959.0,97959.0,False,632046.75,20112.123673371792,85962.62675931968
2019-01-13 11:26:00,601785.0,703642.3618736827,703643.0,0.0,101858.0,101858.0,False,617726.4375,20101.19701615828,85915.92437368272
2019-01-13 11:27:00,604609.0,687999.5960622098,688000.0,0.0,83391.0,83391.0,False,601751.3125,20178.956960864885,86248.28356220985
2019-01-13 11:28:00,602073.0,687496.1463469325,687497.0,0.0,85424.0,85424.0,False,601257.3125,20176.746071673846,86238.83384693254
2019-01-13 11:29:00,606733.0,688717.0845558441,688718.0,0.0,81985.0,81985.0,False,602604.5625,20147.193713171717,86112.52205584408
2019-01-13 11:30:00,685358.0,731750.9915426637,731751.0,0.0,46393.0,46393.0,False,645814.0625,20106.111343653705,85936.92904266363
2019-01-13 11:31:00,635989.0,726379.830579127,726380.0,0.0,90391.0,90391.0,False,638986.125,20446.943993496392,87393.70557912697
2019-01-13 11:32:00,614652.0,715957.9763072109,715958.0,0.0,101306.0,101306.0,False,628633.0,20430.86384717156,87324.97630721089
2019-01-13 11:33:00,626400.0,706644.3555757316,706645.0,0.0,80245.0,80245.0,False,618986.5,20508.745471653972,87657.85557573165
2019-01-13 11:34:00,619131.0,706974.4369892816,706975.0,0.0,87844.0,87844.0,False,619232.625,20528.388214507966,87741.8119892815
2019-01-13 11:35:00,623925.0,725758.0167435406,725759.0,0.0,101834.0,101834.0,False,638027.1875,20525.81865202553,87730.82924354068
2019-01-13 11:36:00,604437.0,725767.1879233416,725768.0,0.0,121331.0,121331.0,False,637687.4375,20607.453499458272,88079.7504233416
2019-01-13 11:37:00,603052.0,704264.309374989,704265.0,0.0,101213.0,101213.0,False,614547.25,20990.524158981625,89717.05937498905
2019-01-13 11:38:00,598172.0,694411.1190959451,694412.0,0.0,96240.0,96240.0,False,604506.8125,21034.333188641784,89904.30659594516
2019-01-13 11:39:00,598896.0,694611.6542627146,694612.0,0.0,95716.0,95716.0,False,608014.8125,20260.506884362985,86596.84176271454
2019-01-13 11:40:00,638908.0,725786.1100760045,725787.0,0.0,86879.0,86879.0,False,639170.5,20264.89798608077,86615.6100760045
2019-01-13 11:41:00,598256.0,702920.5194763783,702921.0,0.0,104665.0,104665.0,False,617930.6875,19884.525125946,84989.83197637835
2019-01-13 11:42:00,648457.0,688737.7223399081,688738.0,0.0,40281.0,40281.0,False,603194.0625,20014.100674122954,85543.65983990813
2019-01-13 11:43:00,638380.0,722943.2499025081,722944.0,0.0,84564.0,84564.0,False,634143.0,20776.024135069114,88800.24990250808
2019-01-13 11:44:00,627501.0,714299.7221653708,714300.0,0.0,86799.0,86799.0,False,625511.6875,20773.166214490542,88788.03466537084
2019-01-13 11:45:00,657588.0,719271.0255871948,719272.0,0.0,61684.0,61684.0,False,630568.625,20753.13095921906,88702.40058719488
2019-01-13 11:46:00,648007.0,730049.8549445763,730050.0,0.0,82043.0,82043.0,False,641065.75,20819.03951842171,88984.10494457625
2019-01-13 11:47:00,629666.0,728044.6300815507,728045.0,0.0,98379.0,98379.0,False,640429.5,20498.74926219217,87615.13008155073
2019-01-13 11:48:00,636926.0,710277.3583044311,710278.0,0.0,73352.0,73352.0,False,622542.375,20526.790550971902,87734.9833044311
2019-01-13 11:49:00,638593.0,716855.5324779225,716856.0,0.0,78263.0,78263.0,False,629213.1875,20505.11655670401,87642.34497792255
2019-01-13 11:50:00,652785.0,735101.3597490536,735102.0,0.0,82317.0,82317.0,False,647295.25,20543.431548398625,87806.10974905366
2019-01-13 11:51:00,620515.0,726826.1557671948,726827.0,0.0,106312.0,106312.0,False,639017.8125,20543.954110292965,87808.34326719482
2019-01-13 11:52:00,623563.0,715719.2146324449,715720.0,0.0,92157.0,92157.0,False,627600.9375,20616.467346142857,88118.27713244485
2019-01-13 11:53:00,624070.0,711197.8797275636,711198.0,0.0,87128.0,87128.0,False,623068.375,20619.09419446166,88129.5047275636
2019-01-13 11:54:00,629549.0,714102.2560014019,714103.0,0.0,84554.0,84554.0,False,626055.375,20599.763251916473,88046.88100140195
2019-01-13 11:55:00,630790.0,739085.9395508176,739086.0,0.0,108296.0,108296.0,False,651158.4375,20571.832925579743,87927.50205081758
2019-01-13 11:56:00,616685.0,717976.8594589733,717977.0,0.0,101292.0,101292.0,False,629608.3125,20675.021370055423,88368.54695897324
2019-01-13 11:57:00,611822.0,707237.0848676675,707238.0,0.0,95416.0,95416.0,False,619042.625,20634.29133140641,88194.45986766754
2019-01-13 11:58:00,633042.0,700701.7498167276,700702.0,0.0,67660.0,67660.0,False,612725.1875,20583.311240896845,87976.56231672755
2019-01-13 11:59:00,618982.0,716081.5216137251,716082.0,0.0,97100.0,97100.0,False,627587.875,20704.29013280403,88493.64661372511
2019-01-13 12:00:00,738557.0,750040.2767463579,750041.0,0.0,11484.0,11484.0,False,661441.375,20728.91600016723,88598.90174635788
2019-01-13 12:01:00,671612.0,769854.1130776085,769855.0,0.0,98243.0,98243.0,False,680212.625,20972.843227902926,89641.48807760848
2019-01-13 12:02:00,678134.0,749898.0319713943,749899.0,0.0,71765.0,71765.0,False,660430.0625,20932.246194059575,89467.96947139426
2019-01-13 12:03:00,687847.0,755867.8667620156,755868.0,0.0,68021.0,68021.0,False,665954.0,21036.569919295503,89913.8667620156
2019-01-13 12:04:00,650508.0,749227.7167561381,749228.0,0.0,98720.0,98720.0,False,658657.75,21190.07342100719,90569.9667561381
2019-01-13 12:05:00,705419.0,766834.9417324205,766835.0,0.0,61416.0,61416.0,False,676200.875,21205.070480765047,90634.06673242051
2019-01-13 12:06:00,733421.0,817118.4394494112,817119.0,0.0,83698.0,83698.0,False,725108.75,21526.916092689866,92009.68944941128
2019-01-13 12:07:00,714910.0,831234.7957997102,831235.0,0.0,116325.0,116325.0,False,741766.8125,20932.249429381834,89467.98329971018
2019-01-13 12:08:00,724544.0,808767.2504888854,808768.0,0.0,84224.0,84224.0,False,718176.875,21194.84832112954,90590.37548888542
2019-01-13 12:09:00,688445.0,804420.1388226288,804421.0,0.0,115976.0,115976.0,False,715752.75,20744.939481532507,88667.38882262878
2019-01-13 12:10:00,671089.0,778833.1554300116,778834.0,0.0,107745.0,107745.0,False,694200.875,19800.871087077827,84632.28043001157
2019-01-13 12:11:00,636488.0,738719.2747601817,738720.0,0.0,102232.0,102232.0,False,654815.8125,19630.354180840655,83903.46226018164
2019-01-13 12:12:00,632173.0,720633.9199079933,720634.0,0.0,88461.0,88461.0,False,638683.5,19173.41340544391,81950.41990799332
2019-01-13 12:13:00,623120.0,724264.063292929,724265.0,0.0,101145.0,101145.0,False,642259.75,19186.022494577912,82004.31329292891
2019-01-13 12:14:00,646911.0,711762.5608503735,711763.0,0.0,64852.0,64852.0,False,629315.125,19289.69703331366,82447.43585037347
2019-01-13 12:15:00,664692.0,726988.0492020561,726989.0,0.0,62297.0,62297.0,False,643996.375,19417.028984994027,82991.6742020562
2019-01-13 12:16:00,682082.0,737428.7716653378,737429.0,0.0,55347.0,55347.0,False,654238.1875,19463.56667157015,83190.58416533782
2019-01-13 12:17:00,686672.0,751754.6652730786,751755.0,0.0,65083.0,65083.0,False,667296.0625,19760.23684115935,84458.60277307863
2019-01-13 12:18:00,685927.0,763605.1604680254,763606.0,0.0,77679.0,77679.0,False,679635.125,19645.929886702164,83970.03546802535
2019-01-13 12:19:00,648205.0,777522.1339708009,777523.0,0.0,129318.0,129318.0,False,693523.0625,19652.723253782922,83999.0714708009
2019-01-13 12:20:00,668319.0,741892.6295094731,741893.0,0.0,73574.0,73574.0,False,656220.25,20044.216388487228,85672.3795094731
2019-01-13 12:21:00,634727.0,739511.4668032307,739512.0,0.0,104785.0,104785.0,False,653909.125,20027.830116186713,85602.34180323074
2019-01-13 12:22:00,629726.0,716034.2196207815,716035.0,0.0,86309.0,86309.0,False,629761.125,20184.76184488568,86273.09462078153
2019-01-13 12:23:00,639412.0,714821.471603123,714822.0,0.0,75410.0,75410.0,False,628591.0,20174.789611197666,86230.47160312305
2019-01-13 12:24:00,631580.0,724622.5324987217,724623.0,0.0,93043.0,93043.0,False,638237.75,20210.89274035308,86384.78249872178
2019-01-13 12:25:00,670933.0,719764.5178518452,719765.0,0.0,48832.0,48832.0,False,633928.6875,20082.457932286354,85835.8303518452
2019-01-13 12:26:00,644529.0,733639.1261192244,733640.0,0.0,89111.0,89111.0,False,645835.625,20542.82122403182,87803.50111922433
2019-01-13 12:27:00,604407.0,728776.7838792966,728777.0,0.0,124370.0,124370.0,False,641492.875,20421.255564824944,87283.90887929656
2019-01-13 12:28:00,627967.0,710725.4395082954,710726.0,0.0,82759.0,82759.0,False,620902.5,21015.29625373826,89822.93950829544
2019-01-13 12:29:00,627388.0,716683.7374466475,716684.0,0.0,89296.0,89296.0,False,626800.5,21029.403775100793,89883.23744664753
2019-01-13 12:30:00,673660.0,746485.8897712212,746486.0,0.0,72826.0,72826.0,False,656617.5625,21025.915337119422,89868.32727122122
2019-01-13 12:31:00,664857.0,736189.9310466966,736190.0,0.0,71333.0,71333.0,False,648434.9375,20531.47221883561,87754.99354669666
2019-01-13 12:32:00,664154.0,736967.4825362538,736968.0,0.0,72814.0,72814.0,False,648819.875,20623.32959234256,88147.60753625381
2019-01-13 12:33:00,633467.0,747109.0171660791,747110.0,0.0,113643.0,113643.0,False,659022.375,20609.06591624318,88086.6421660791
2019-01-13 12:34:00,638712.0,725799.135893164,725800.0,0.0,87088.0,87088.0,False,636544.3125,20882.37777510277,89254.823393164
2019-01-13 12:35:00,640183.0,753860.764863288,753861.0,0.0,113678.0,113678.0,False,664605.625,20882.451817585094,89255.13986328797
2019-01-13 12:36:00,611914.0,730322.6155783082,730323.0,0.0,118409.0,118409.0,False,640359.5625,21048.07772581106,89963.05307830825
2019-01-13 12:37:00,600588.0,703009.8110653415,703010.0,0.0,102422.0,102422.0,False,613564.1875,20927.018065940763,89445.62356534146
2019-01-13 12:38:00,623615.0,695244.1024649562,695245.0,0.0,71630.0,71630.0,False,605732.25,20942.513216217336,89511.85246495629
2019-01-13 12:39:00,617005.0,711884.4833224904,711885.0,0.0,94880.0,94880.0,False,621988.125,21032.473582150695,89896.35832249036
2019-01-13 12:40:00,647124.0,722422.037727452,722423.0,0.0,75299.0,75299.0,False,632643.1875,21004.980967870175,89778.85022745197
2019-01-13 12:41:00,603782.0,721552.2534670115,721553.0,0.0,117771.0,117771.0,False,631492.875,21070.614358339863,90059.3784670115
2019-01-13 12:42:00,616708.0,720327.8056873718,720328.0,0.0,103620.0,103620.0,False,629585.3125,21230.438322042755,90742.49318737179
2019-01-13 12:43:00,633942.0,709070.2493368987,709071.0,0.0,75129.0,75129.0,False,621342.8125,20525.02495243181,87727.4368368987
2019-01-13 12:44:00,631285.0,721329.6399679453,721330.0,0.0,90045.0,90045.0,False,633375.0,20578.18220975225,87954.63996794527
2019-01-13 12:45:00,660765.0,745834.4749265645,745835.0,0.0,85070.0,85070.0,False,657870.4375,20580.380872788613,87964.03742656446
2019-01-13 12:46:00,660288.0,732412.7619639952,732413.0,0.0,72125.0,72125.0,False,645674.5,20293.594060561445,86738.26196399512
2019-01-13 12:47:00,650397.0,738852.1327751859,738853.0,0.0,88456.0,88456.0,False,651830.625,20359.86326381162,87021.50777518585
2019-01-13 12:48:00,634949.0,733953.1732920934,733954.0,0.0,99005.0,99005.0,False,647143.5625,20310.287087621702,86809.61079209346
2019-01-13 12:49:00,640612.0,725378.7555057756,725379.0,0.0,84767.0,84767.0,False,638648.75,20291.662350060316,86730.00550577557
2019-01-13 12:50:00,659994.0,752457.4831023761,752458.0,0.0,92464.0,92464.0,False,665876.375,20256.825780905703,86581.10810237614
2019-01-13 12:51:00,651323.0,738530.1300818247,738531.0,0.0,87208.0,87208.0,False,651949.125,20256.801677848965,86581.00508182477
2019-01-13 12:52:00,640861.0,734689.2180918817,734690.0,0.0,93829.0,93829.0,False,648702.4375,20117.774790444248,85986.78059188167
2019-01-13 12:53:00,633585.0,731834.1830062645,731835.0,0.0,98250.0,98250.0,False,645767.8125,20136.395931532723,86066.37050626455
2019-01-13 12:54:00,638021.0,731209.1271720724,731210.0,0.0,93189.0,93189.0,False,644890.25,20195.473294365045,86318.87717207248
2019-01-13 12:55:00,661599.0,741150.8344686403,741151.0,0.0,79552.0,79552.0,False,654783.625,20206.781291370673,86367.2094686403
2019-01-13 12:56:00,646292.0,744227.9997682421,744228.0,0.0,97936.0,97936.0,False,658490.9375,20059.34979812047,85737.06226824217
2019-01-13 12:57:00,630524.0,733283.7863913699,733284.0,0.0,102760.0,102760.0,False,647579.0625,20051.78379578236,85704.7238913699
2019-01-13 12:58:00,633859.0,721788.9361681534,721789.0,0.0,87930.0,87930.0,False,635663.5625,20150.200522362087,86125.37366815345
2019-01-13 12:59:00,623645.0,722554.3451963507,722555.0,0.0,98910.0,98910.0,False,637182.3125,19973.946173649172,85372.03269635068
2019-01-13 13:00:00,748700.0,747383.2686789827,747384.0,1316.0,0.0,13160.0,False,661826.5625,20017.153042283913,85556.7061789827
2019-01-13 13:01:00,687942.0,767467.5108650882,767468.0,0.0,79526.0,79526.0,False,679091.875,20676.67991588945,88375.63586508823
2019-01-13 13:02:00,680631.0,763015.5076754321,763016.0,0.0,82385.0,82385.0,False,674614.75,20682.557504506527,88400.75767543209
2019-01-13 13:03:00,670618.0,768121.6681772927,768122.0,0.0,97504.0,97504.0,False,680209.5625,20568.230734951947,87912.10567729273
2019-01-13 13:04:00,668331.0,749279.5844275038,749280.0,0.0,80949.0,80949.0,False,662107.25,20395.151206944767,87172.33442750377
2019-01-13 13:05:00,663013.0,779520.2644309584,779521.0,0.0,116508.0,116508.0,False,692358.75,20392.619721846302,87161.51443095838
2019-01-13 13:06:00,689142.0,781889.1717194938,781890.0,0.0,92748.0,92748.0,False,694943.125,20342.208125272755,86946.04671949384
2019-01-13 13:07:00,740876.0,798809.7282520344,798810.0,0.0,57934.0,57934.0,False,712010.9375,20307.75559234262,86798.7907520344
2019-01-13 13:08:00,762149.0,835508.2644395264,835509.0,0.0,73360.0,73360.0,False,748245.75,20416.250045161327,87262.5144395264
2019-01-13 13:09:00,769978.0,835906.5775718282,835907.0,0.0,65929.0,65929.0,False,748355.75,20483.704816986115,87550.82757182812
2019-01-13 13:10:00,695218.0,850587.1023504331,850588.0,0.0,155370.0,155370.0,False,763456.875,20385.299684562357,87130.22735043307
2019-01-13 13:11:00,672596.0,785447.4507076647,785448.0,0.0,112852.0,112852.0,False,691440.25,21994.260972429587,94007.20070766467
2019-01-13 13:12:00,658621.0,761693.3204412545,761694.0,0.0,103073.0,103073.0,False,667656.25,22001.2494021542,94037.07044125457
2019-01-13 13:13:00,669088.0,752579.4549135312,752580.0,0.0,83492.0,83492.0,False,658485.0,22014.6752785713,94094.45491353126
2019-01-13 13:14:00,650851.0,758159.5938283134,758160.0,0.0,107309.0,107309.0,False,664426.1875,21930.203059983472,93733.40632831342
2019-01-13 13:15:00,683204.0,751163.657370391,751164.0,0.0,67960.0,67960.0,False,657688.4375,21869.796832669548,93475.219870391
2019-01-13 13:16:00,681256.0,766407.0914356163,766408.0,0.0,85152.0,85152.0,False,672558.0,21957.26916153194,93849.09143561621
2019-01-13 13:17:00,678090.0,765041.7738144477,765042.0,0.0,86952.0,86952.0,False,672389.5625,21677.242806747097,92652.21131444765
2019-01-13 13:18:00,679483.0,766890.9402684894,766891.0,0.0,87408.0,87408.0,False,674855.875,21532.853110099077,92035.06526848937
2019-01-13 13:19:00,653077.0,779080.0230409936,779081.0,0.0,126004.0,126004.0,False,687082.0625,21524.17195531829,91997.96054099363
2019-01-13 13:20:00,682058.0,771142.4276551184,771143.0,0.0,89085.0,89085.0,False,680596.125,21184.53688327829,90546.30265511837
2019-01-13 13:21:00,660120.0,763923.8827088273,763924.0,0.0,103804.0,103804.0,False,673663.125,21117.72976615526,90260.75770882724
2019-01-13 13:22:00,657867.0,745127.7328365167,745128.0,0.0,87261.0,87261.0,False,655155.25,21050.283945774874,89972.4828365167
2019-01-13 13:23:00,658700.0,750250.9103936402,750251.0,0.0,91551.0,91551.0,False,660255.1875,21055.72127267685,89995.72289364014
2019-01-13 13:24:00,645084.0,743649.2558630973,743650.0,0.0,98566.0,98566.0,False,653899.875,20998.086209964065,89749.3808630972
2019-01-13 13:25:00,672601.0,748466.7809170393,748467.0,0.0,75866.0,75866.0,False,658670.75,21009.000623467036,89796.0309170393
2019-01-13 13:26:00,650250.0,744978.0487093559,744979.0,0.0,94729.0,94729.0,False,657323.1875,20508.044898984845,87654.86120935583
2019-01-13 13:27:00,652579.0,738302.3126176117,738303.0,0.0,85724.0,85724.0,False,650599.875,20519.17604565695,87702.43761761172
2019-01-13 13:28:00,650122.0,743597.5036147428,743598.0,0.0,93476.0,93476.0,False,658094.875,20004.50086190099,85502.62861474273
2019-01-13 13:29:00,652723.0,735577.6271288869,735578.0,0.0,82855.0,82855.0,False,650122.25,19993.44573523596,85455.3771288869
2019-01-13 13:30:00,705334.0,772145.6736814125,772146.0,0.0,66812.0,66812.0,False,686668.5,19998.54533463831,85477.17368141243
2019-01-13 13:31:00,675274.0,756722.8765121452,756723.0,0.0,81449.0,81449.0,False,671134.375,20024.591992173035,85588.50151214517
2019-01-13 13:32:00,657533.0,749942.1049388754,749943.0,0.0,92410.0,92410.0,False,664870.0625,19903.759379845826,85072.04243887536
2019-01-13 13:33:00,666870.0,743994.5441787946,743995.0,0.0,77125.0,77125.0,False,659393.875,19793.475205659193,84600.66917879457
2019-01-13 13:34:00,655518.0,745832.5962841224,745833.0,0.0,90315.0,90315.0,False,662108.0,19588.50605721906,83724.59628412244
2019-01-13 13:35:00,672598.0,760855.7989854678,760856.0,0.0,88258.0,88258.0,False,677108.75,19593.759171546568,83747.04898546782
2019-01-13 13:36:00,655622.0,748191.0485962676,748192.0,0.0,92570.0,92570.0,False,665394.375,19371.405945682018,82796.67359626753
2019-01-13 13:37:00,649490.0,739333.6863239675,739334.0,0.0,89844.0,89844.0,False,657783.625,19079.744078910113,81550.06132396759
2019-01-13 13:38:00,667836.0,733899.7613173441,733900.0,0.0,66064.0,66064.0,False,652520.125,19039.87083469384,81379.6363173441
2019-01-13 13:39:00,649817.0,740348.8522686706,740349.0,0.0,90532.0,90532.0,False,659137.25,19000.556987552784,81211.60226867055
2019-01-13 13:40:00,678446.0,765696.5337821685,765697.0,0.0,87251.0,87251.0,False,684383.9375,19024.185908239786,81312.59628216858
2019-01-13 13:41:00,661511.0,748540.047629716,748541.0,0.0,87030.0,87030.0,False,667642.5,18927.079640745604,80897.54762971598
2019-01-13 13:42:00,674716.0,734927.4025379868,734928.0,0.0,60212.0,60212.0,False,655322.4375,18624.662393588977,79604.96503798672
2019-01-13 13:43:00,662242.0,750154.2177694128,750155.0,0.0,87913.0,87913.0,False,670064.0625,18738.17923581942,80090.15526941276
2019-01-13 13:44:00,641646.0,738107.2062302245,738108.0,0.0,96462.0,96462.0,False,658248.3125,18684.07245881187,79858.89373022443
2019-01-13 13:45:00,681359.0,748234.1253448928,748235.0,0.0,66876.0,66876.0,False,667908.0,18793.387638821776,80326.1253448928
2019-01-13 13:46:00,667668.0,741796.7483832361,741797.0,0.0,74129.0,74129.0,False,661108.0,18878.228222095182,80688.74838323613
2019-01-13 13:47:00,658720.0,738751.7426591626,738752.0,0.0,80032.0,80032.0,False,658412.5,18796.45661259332,80339.24265916264
2019-01-13 13:48:00,660008.0,738485.3668140993,738486.0,0.0,78478.0,78478.0,False,658143.625,18797.04132382258,80341.7418140992
2019-01-13 13:49:00,656296.0,736530.9366791605,736531.0,0.0,80235.0,80235.0,False,656421.5625,18742.6757606964,80109.37417916048
2019-01-13 13:50:00,679899.0,761271.6260875029,761272.0,0.0,81373.0,81373.0,False,681175.1875,18739.649303397306,80096.43858750294
2019-01-13 13:51:00,649639.0,743024.6340867701,743025.0,0.0,93386.0,93386.0,False,662978.8125,18727.80676883209,80045.82158677011
2019-01-13 13:52:00,648444.0,735650.1583058255,735651.0,0.0,87207.0,87207.0,False,655303.8125,18798.118490196877,80346.34580582553
2019-01-13 13:53:00,654582.0,729144.4906013734,729145.0,0.0,74563.0,74563.0,False,648822.3125,18792.46412760738,80322.17810137341
2019-01-13 13:54:00,653210.0,728084.4097541324,728085.0,0.0,74875.0,74875.0,False,647933.4375,18752.408195126915,80150.97225413243
2019-01-13 13:55:00,673656.0,755874.445009631,755875.0,0.0,82219.0,82219.0,False,675739.625,18748.62915822142,80134.82000963094
2019-01-13 13:56:00,652266.0,737163.656319195,737164.0,0.0,84898.0,84898.0,False,657123.0625,18726.583661628785,80040.59381919508
2019-01-13 13:57:00,645691.0,729022.2324333834,729023.0,0.0,83332.0,83332.0,False,649208.0625,18673.6087193111,79814.16993338332
2019-01-13 13:58:00,655673.0,725547.4053017662,725548.0,0.0,69875.0,69875.0,False,646252.8125,18552.046594898642,79294.59280176625
2019-01-13 13:59:00,650901.0,732223.5864311755,732224.0,0.0,81323.0,81323.0,False,652762.8125,18590.926926420114,79460.77393117548
2019-01-13 14:00:00,751842.0,770510.3177839476,770511.0,0.0,18669.0,18669.0,False,691401.0,18508.698988939723,79109.31778394752
2019-01-13 14:01:00,705909.0,759476.2762486374,759477.0,0.0,53568.0,53568.0,False,688251.625,16663.974200277276,71224.65124863731
2019-01-13 14:02:00,691113.0,756577.9967775376,756578.0,0.0,65465.0,65465.0,False,684851.1875,16781.460889104234,71726.80927753764
2019-01-13 14:03:00,707401.0,753710.2660818667,753711.0,0.0,46310.0,46310.0,False,681977.0,16782.971546143184,71733.26608186669
2019-01-13 14:04:00,688777.0,757242.0118633125,757243.0,0.0,68466.0,68466.0,False,684376.5625,17047.861196864484,72865.44936331248
2019-01-13 14:05:00,706575.0,773501.0791826394,773502.0,0.0,66927.0,66927.0,False,700672.1875,17039.30803111528,72828.89168263937
2019-01-13 14:06:00,670946.0,803122.360727889,803123.0,0.0,132177.0,132177.0,False,732161.6875,16602.21295820627,70960.673227889
2019-01-13 14:07:00,766913.0,785242.6813394538,785243.0,0.0,18330.0,18330.0,False,706583.5625,18403.368833375367,78659.11883945376
2019-01-13 14:08:00,773540.0,866820.3832789261,866821.0,0.0,93281.0,93281.0,False,782953.875,19621.708295189484,83866.50827892608
2019-01-13 14:09:00,780902.0,824855.8483909762,824856.0,0.0,43954.0,43954.0,False,741137.6875,19587.000409617038,83718.16089097621
2019-01-13 14:10:00,772538.0,851426.4941422369,851427.0,0.0,78889.0,78889.0,False,765736.125,20048.425307323505,85690.36914223686
2019-01-13 14:11:00,735948.0,801578.1941145329,801579.0,0.0,65631.0,65631.0,False,724877.1875,17945.2418924175,76701.00661453289
2019-01-13 14:12:00,699928.0,783436.2133828807,783437.0,0.0,83509.0,83509.0,False,707449.6875,17778.079424506155,75986.52588288071
2019-01-13 14:13:00,665835.0,740857.7056499264,740858.0,0.0,75023.0,75023.0,False,664935.75,17762.972341815086,75921.95564992644
2019-01-13 14:14:00,656164.0,734318.9829488983,734319.0,0.0,78155.0,78155.0,False,658531.625,17731.481382182046,75787.3579488984
2019-01-13 14:15:00,706922.0,733253.2159642304,733254.0,0.0,26332.0,26332.0,False,657930.125,17622.85981761248,75323.09096423034
2019-01-13 14:16:00,697580.0,765806.0899087478,765807.0,0.0,68227.0,68227.0,False,687263.0,18376.222289673526,78543.08990874783
2019-01-13 14:17:00,670848.0,758890.7619287411,758891.0,0.0,88043.0,88043.0,False,680305.625,18386.059760887267,78585.13692874115
2019-01-13 14:18:00,670531.0,744321.0000369763,744322.0,0.0,73791.0,73791.0,False,665467.8125,18448.773840095695,78853.18753697633
2019-01-13 14:19:00,656887.0,742686.4546442652,742687.0,0.0,85800.0,85800.0,False,663829.4375,18449.66982871678,78857.01714426522
2019-01-13 14:20:00,683398.0,754106.1693513861,754107.0,0.0,70709.0,70709.0,False,677719.75,17871.639930948953,76386.41935138615
2019-01-13 14:21:00,690678.0,758555.7330399553,758556.0,0.0,67878.0,67878.0,False,682160.75,17873.643522161725,76394.98303995524
2019-01-13 14:22:00,646593.0,753073.3668440698,753074.0,0.0,106481.0,106481.0,False,677189.375,17754.090193987762,75883.99184406977
2019-01-13 14:23:00,659387.0,728943.4196131823,728944.0,0.0,69557.0,69557.0,False,650803.875,18281.807388707955,78139.54461318228
2019-01-13 14:24:00,659235.0,729822.0115440143,729823.0,0.0,70588.0,70588.0,False,651661.875,18286.625150509557,78160.13654401427
2019-01-13 14:25:00,694911.0,747475.4677987188,747476.0,0.0,52565.0,52565.0,False,669560.5625,18229.24997108692,77914.90529871882
2019-01-13 14:26:00,664467.0,760798.6380390341,760799.0,0.0,96332.0,96332.0,False,682164.3125,18397.568104115344,78634.32553903411
2019-01-13 14:27:00,643551.0,727971.3375907065,727972.0,0.0,84421.0,84421.0,False,648688.1875,18549.369417284743,79283.15009070652
2019-01-13 14:28:00,649846.0,719533.6188550927,719534.0,0.0,69688.0,69688.0,False,640117.125,18580.567001415282,79416.49385509262
2019-01-13 14:29:00,627330.0,718452.1617333033,718453.0,0.0,91123.0,91123.0,False,639206.5,18540.598507078434,79245.66173330334
2019-01-13 14:30:00,725334.0,724050.0760714253,724051.0,1283.0,0.0,12830.0,False,644357.5,18645.160184385928,79692.57607142533
2019-01-13 14:31:00,674235.0,761151.5929372767,761152.0,0.0,86917.0,86917.0,False,671171.25,21052.12292306685,89980.34293727664
2019-01-13 14:32:00,632654.0,749487.0504326497,749488.0,0.0,116834.0,116834.0,False,659504.0625,21052.74175564634,89982.98793264963
2019-01-13 14:33:00,621861.0,729962.036707026,729963.0,0.0,108102.0,108102.0,False,638586.75,21378.48895761286,91375.28670702595
2019-01-13 14:34:00,659051.0,720925.4551006882,720926.0,0.0,61875.0,61875.0,False,628873.875,21536.716979319328,92051.58010068817
2019-01-13 14:35:00,671745.0,764510.8136187897,764511.0,0.0,92766.0,92766.0,False,671503.875,21760.236075847915,93006.9386187897
2019-01-13 14:36:00,659434.0,763602.0453351771,763603.0,0.0,104169.0,104169.0,False,670694.375,21737.010913098416,92907.67033517711
2019-01-13 14:37:00,663618.0,758780.9361965373,758781.0,0.0,95163.0,95163.0,False,665801.1875,21753.874624370408,92979.74869653737
2019-01-13 14:38:00,664081.0,747388.8923801592,747389.0,0.0,83308.0,83308.0,False,654600.375,21709.13346149288,92788.51738015922
2019-01-13 14:39:00,663055.0,748140.7870637394,748141.0,0.0,85086.0,85086.0,False,655507.25,21672.87371224742,92633.53706373938
2019-01-13 14:40:00,689790.0,775942.9424884333,775943.0,0.0,86153.0,86153.0,False,683603.125,21604.154029676705,92339.81748843334
2019-01-13 14:41:00,689541.0,768674.3010319617,768675.0,0.0,79134.0,79134.0,False,676515.375,21561.83201741201,92158.92603196173
2019-01-13 14:42:00,657393.0,757720.2097885169,757721.0,0.0,100328.0,100328.0,False,665653.625,21540.227529760472,92066.5847885169
2019-01-13 14:43:00,645293.0,739996.7432869866,739997.0,0.0,94704.0,94704.0,False,647997.125,21524.55980750112,91999.61828698665
2019-01-13 14:44:00,649219.0,733663.6755800685,733664.0,0.0,84445.0,84445.0,False,641832.0625,21485.25270828034,91831.61308006854
2019-01-13 14:45:00,675194.0,749577.5459439819,749578.0,0.0,74384.0,74384.0,False,658504.4375,21307.79025019943,91073.10844398188
2019-01-13 14:46:00,670386.0,745464.3820336235,745465.0,0.0,75079.0,75079.0,False,654283.5625,21332.990722050185,91180.81953362348
2019-01-13 14:47:00,668760.0,742647.320959887,742648.0,0.0,73888.0,73888.0,False,651272.0625,21378.482348811176,91375.25845988699
2019-01-13 14:48:00,649360.0,747129.6845737413,747130.0,0.0,97770.0,97770.0,False,655557.0,21424.672868667072,91572.68457374131
2019-01-13 14:49:00,659213.0,738934.4489865288,738935.0,0.0,79722.0,79722.0,False,647155.9375,21472.828869493802,91778.51148652876
2019-01-13 14:50:00,685972.0,762788.5201089997,762789.0,0.0,76817.0,76817.0,False,670993.4375,21476.705908587497,91795.08260899973
2019-01-13 14:51:00,663919.0,772045.7599861028,772046.0,0.0,108127.0,108127.0,False,680193.625,21490.05408682977,91852.13498610283
2019-01-13 14:52:00,650105.0,744589.0242420936,744590.0,0.0,94485.0,94485.0,False,652535.625,21537.142592150205,92053.39924209357
2019-01-13 14:53:00,648060.0,734681.6706625642,734682.0,0.0,86622.0,86622.0,False,642783.125,21500.912494721015,91898.54566256418
2019-01-13 14:54:00,670213.0,733567.4221788533,733568.0,0.0,63355.0,63355.0,False,641668.1875,21501.073699436867,91899.23467885335
2019-01-13 14:55:00,677177.0,757729.6129788435,757730.0,0.0,80553.0,80553.0,False,665003.6875,21694.489236349116,92725.92547884352
2019-01-13 14:56:00,673261.0,745742.2957812517,745743.0,0.0,72482.0,72482.0,False,653082.25,21679.07578662708,92660.0457812518
2019-01-13 14:57:00,668804.0,754180.372282902,754181.0,0.0,85377.0,85377.0,False,661447.8125,21696.041421859743,92732.55978290203
2019-01-13 14:58:00,684670.0,744889.3928950733,744890.0,0.0,60220.0,60220.0,False,652341.1875,21652.909209786678,92548.20539507327
2019-01-13 14:59:00,662318.0,758587.2282665878,758588.0,0.0,96270.0,96270.0,False,665026.0,21889.919664724242,93561.22826658779
2019-01-13 15:00:00,770040.0,781447.6021544826,781448.0,0.0,11408.0,11408.0,False,687859.3125,21896.25104384366,93588.28965448262
2019-01-13 15:01:00,715240.0,790070.5360828306,790071.0,0.0,74831.0,74831.0,False,692087.6875,22924.417771511435,97982.84858283067
2019-01-13 15:02:00,712088.0,784907.9392352125,784908.0,0.0,72820.0,72820.0,False,686712.5625,22974.141618326223,98195.37673521254
2019-01-13 15:03:00,673879.0,793966.1417818845,793967.0,0.0,120088.0,120088.0,False,695317.3125,23080.232998295396,98648.82928188446
2019-01-13 15:04:00,703961.0,763277.5366590826,763278.0,0.0,59317.0,59317.0,False,663775.3125,23279.89631664055,99502.22415908263
2019-01-13 15:05:00,714973.0,817229.0237598722,817230.0,0.0,102257.0,102257.0,False,716155.0625,23647.625551364967,101073.96125987214
2019-01-13 15:06:00,724390.0,826212.7727984296,826213.0,0.0,101823.0,101823.0,False,725017.125,23676.095769238884,101195.6477984296
2019-01-13 15:07:00,746656.0,824621.1040823845,824622.0,0.0,77966.0,77966.0,False,730889.1875,21929.854513696624,93731.91658238448
2019-01-13 15:08:00,732936.0,837679.8942212551,837680.0,0.0,104744.0,104744.0,False,748305.5625,20910.338371063808,89374.33172125513
2019-01-13 15:09:00,706986.0,813211.3869218931,813212.0,0.0,106226.0,106226.0,False,723419.75,21007.97258864386,89791.63692189312
2019-01-13 15:10:00,653634.0,802132.679031115,802133.0,0.0,148499.0,148499.0,False,713098.75,20830.696539945566,89033.92903111503
2019-01-13 15:11:00,662154.0,754187.750870029,754188.0,0.0,92034.0,92034.0,False,657962.125,22513.29165945724,96225.62587002902
2019-01-13 15:12:00,663618.0,759101.6993310244,759102.0,0.0,95484.0,95484.0,False,662909.9375,22505.368707748865,96191.76183102447
2019-01-13 15:13:00,682962.0,748636.4438633577,748637.0,0.0,65675.0,65675.0,False,652692.3125,22447.43219767742,95944.1313633577
2019-01-13 15:14:00,668688.0,764608.7323075357,764609.0,0.0,95921.0,95921.0,False,667812.375,22646.822028271527,96796.35730753576
2019-01-13 15:15:00,713436.0,762541.8369372846,762542.0,0.0,49106.0,49106.0,False,665821.1875,22629.109144115442,96720.6494372845
2019-01-13 15:16:00,708157.0,791805.6407123397,791806.0,0.0,83649.0,83649.0,False,695265.5625,22586.86205436431,96540.0782123396
2019-01-13 15:17:00,685602.0,788933.5331633469,788934.0,0.0,103332.0,103332.0,False,692353.625,22596.180812186907,96579.90816334698
2019-01-13 15:18:00,685269.0,791063.1728306506,791064.0,0.0,105795.0,105795.0,False,694610.0,22566.52936037503,96453.17283065054
2019-01-13 15:19:00,651020.0,782561.4682463692,782562.0,0.0,131542.0,131542.0,False,685709.75,22659.774471565393,96851.71824636919
2019-01-13 15:20:00,694450.0,755122.632144819,755123.0,0.0,60673.0,60673.0,False,655934.375,23206.43947081954,99188.25714481906
2019-01-13 15:21:00,671025.0,775248.1218490717,775249.0,0.0,104224.0,104224.0,False,674483.625,23575.222150757498,100764.49684907171
2019-01-13 15:22:00,662671.0,760483.7901854248,760484.0,0.0,97813.0,97813.0,False,659575.375,23608.89379957419,100908.41518542486
2019-01-13 15:23:00,664774.0,758228.320787042,758229.0,0.0,93455.0,93455.0,False,659419.75,23117.606692290272,98808.57078704199
2019-01-13 15:24:00,665985.0,761806.700734555,761807.0,0.0,95822.0,95822.0,False,662998.375,23117.549358933786,98808.32573455501
2019-01-13 15:25:00,659305.0,784298.9228966507,784299.0,0.0,124994.0,124994.0,False,685468.0,23122.83627181523,98830.92289665075
2019-01-13 15:26:00,665688.0,761151.6050941448,761152.0,0.0,95464.0,95464.0,False,661244.5625,23374.609085877193,99907.0425941448
2019-01-13 15:27:00,658409.0,757074.5840090356,757075.0,0.0,98666.0,98666.0,False,658034.5625,23171.757731183723,99040.02150903562
2019-01-13 15:28:00,648620.0,759579.1654591213,759580.0,0.0,110960.0,110960.0,False,660688.0,23136.930837238448,98891.1654591214
2019-01-13 15:29:00,654583.0,747167.919691087,747168.0,0.0,92585.0,92585.0,False,647779.3125,23253.314084362788,99388.60719108695
2019-01-13 15:30:00,745496.0,786342.3529857153,786343.0,0.0,40847.0,40847.0,False,687457.0,23135.5709301672,98885.35298571525
2019-01-13 15:31:00,704012.0,777380.3510006899,777381.0,0.0,73369.0,73369.0,False,683072.125,22064.68992685285,94308.22600068989
2019-01-13 15:32:00,668458.0,774651.9674140076,774652.0,0.0,106194.0,106194.0,False,680007.0625,22143.460529824544,94644.90491400761
2019-01-13 15:33:00,682099.0,758475.0880009197,758476.0,0.0,76377.0,76377.0,False,665100.5,21846.25264049455,93374.58800091971
2019-01-13 15:34:00,682055.0,763441.2261701021,763442.0,0.0,81387.0,81387.0,False,670807.0625,21673.020315313635,92634.16367010216
2019-01-13 15:35:00,701764.0,780254.7195221446,780255.0,0.0,78491.0,78491.0,False,688479.8125,21471.98555611213,91774.90702214463
2019-01-13 15:36:00,672246.0,799837.3522587701,799838.0,0.0,127592.0,127592.0,False,708069.125,21470.422734777305,91768.22725877013
2019-01-13 15:37:00,661032.0,778217.8721334985,778218.0,0.0,117186.0,117186.0,False,684007.6875,22041.751817858356,94210.18463349857
2019-01-13 15:38:00,659673.0,752397.7908704919,752398.0,0.0,92725.0,92725.0,False,656917.875,22338.822680314108,95479.9158704919
2019-01-13 15:39:00,654239.0,754220.4719147672,754221.0,0.0,99982.0,99982.0,False,658738.5,22339.303719787895,95481.97191476713
2019-01-13 15:40:00,687165.0,781486.8376236176,781487.0,0.0,94322.0,94322.0,False,685830.875,22380.01120845289,95655.9626236176
2019-01-13 15:41:00,674724.0,770074.883864725,770075.0,0.0,95351.0,95351.0,False,674385.625,22387.801316134064,95689.25886472507
2019-01-13 15:42:00,695768.0,757332.7592673774,757333.0,0.0,61565.0,61565.0,False,661680.3125,22379.188626149575,95652.44676737749
2019-01-13 15:43:00,665641.0,778008.941019774,778009.0,0.0,112368.0,112368.0,False,681431.375,22595.632835897955,96577.566019774
2019-01-13 15:44:00,669401.0,763158.7884660625,763159.0,0.0,93758.0,93758.0,False,665943.5,22744.83666077584,97215.28846606256
2019-01-13 15:45:00,675442.0,785821.3698368354,785822.0,0.0,110380.0,110380.0,False,688597.5,22746.844388980255,97223.8698368354
2019-01-13 15:46:00,684662.0,768950.6309743099,768951.0,0.0,84289.0,84289.0,False,671347.0,22835.694663235034,97603.63097430985
2019-01-13 15:47:00,659798.0,772006.412356197,772007.0,0.0,112209.0,112209.0,False,674482.3125,22817.087278332237,97524.09985619706
2019-01-13 15:48:00,666001.0,755491.0318167696,755492.0,0.0,89491.0,89491.0,False,657578.6875,22907.92234120669,97912.34431676958
2019-01-13 15:49:00,660719.0,756961.6692726928,756962.0,0.0,96243.0,96243.0,False,659232.0625,22865.168411681814,97729.60677269276
2019-01-13 15:50:00,691263.0,761183.0199789446,761184.0,0.0,69921.0,69921.0,False,663506.4375,22852.762658231037,97676.58247894455
2019-01-13 15:51:00,675282.0,775473.9634604984,775474.0,0.0,100192.0,100192.0,False,677154.75,23003.114901579036,98319.21346049834
2019-01-13 15:52:00,669730.0,779333.3596095262,779334.0,0.0,109604.0,109604.0,False,681662.125,22851.511451570834,97671.23460952625
2019-01-13 15:53:00,673436.0,763624.5971495805,763625.0,0.0,90189.0,90189.0,False,665580.0,22938.86468708328,98044.59714958051
2019-01-13 15:54:00,660719.0,761288.7666655676,761289.0,0.0,100570.0,100570.0,False,663234.75,22941.068510740348,98054.0166655676
2019-01-13 15:55:00,665361.0,765254.576149689,765255.0,0.0,99894.0,99894.0,False,667961.75,22762.97765461504,97292.82614968902
2019-01-13 15:56:00,659396.0,766593.0582976913,766594.0,0.0,107198.0,107198.0,False,669300.9375,22762.812627938372,97292.1207976913
2019-01-13 15:57:00,654640.0,752518.7058970827,752519.0,0.0,97879.0,97879.0,False,655296.25,22746.51357857759,97222.45589708272
2019-01-13 15:58:00,656073.0,751498.2038078796,751499.0,0.0,95426.0,95426.0,False,654257.4375,22750.797547790033,97240.76630787963
2019-01-13 15:59:00,662221.0,751251.7820129675,751252.0,0.0,89031.0,89031.0,False,655291.4375,22451.225484159928,95960.34451296748
2019-01-13 16:00:00,774156.0,793958.6365359304,793959.0,0.0,19803.0,19803.0,False,698043.375,22440.677709575622,95915.26153593048
2019-01-13 16:01:00,723548.0,797804.2357932692,797805.0,0.0,74257.0,74257.0,False,703355.125,22097.651836916244,94449.11079326927
2019-01-13 16:02:00,722018.0,793135.0164098574,793136.0,0.0,71118.0,71118.0,False,698859.0625,22057.13943303373,94275.95390985739
2019-01-13 16:03:00,707953.0,804971.0227755099,804972.0,0.0,97019.0,97019.0,False,710843.875,22022.324217513007,94127.14777550989
2019-01-13 16:04:00,689574.0,780947.4602467896,780948.0,0.0,91374.0,91374.0,False,687772.875,21799.459280662242,93174.58524678963
2019-01-13 16:05:00,697368.0,788734.1818081283,788735.0,0.0,91367.0,91367.0,False,697784.5625,21278.8982902136,90949.61930812821
2019-01-13 16:06:00,748907.0,804548.6141426623,804549.0,0.0,55642.0,55642.0,False,713609.125,21276.528200462224,90939.48914266222
2019-01-13 16:07:00,744555.0,846990.6157965269,846991.0,0.0,102436.0,102436.0,False,754397.125,21663.504344311645,92593.49079652692
2019-01-13 16:08:00,732881.0,843582.7414021753,843583.0,0.0,110702.0,110702.0,False,750940.1875,21674.983324024095,92642.55390217528
2019-01-13 16:09:00,727114.0,818768.2618034971,818769.0,0.0,91655.0,91655.0,False,725948.875,21716.355782207138,92819.38680349704
2019-01-13 16:10:00,766940.0,832594.2293021557,832595.0,0.0,65655.0,65655.0,False,740416.0,21566.348279560778,92178.22930215571
2019-01-13 16:11:00,713251.0,834191.7297609533,834192.0,0.0,120941.0,120941.0,False,748113.875,20139.082828842704,86077.85476095339
2019-01-13 16:12:00,691785.0,788926.9118860468,788927.0,0.0,97142.0,97142.0,False,700126.0,20776.17901510595,88800.91188604673
2019-01-13 16:13:00,672490.0,774759.4834314302,774760.0,0.0,102270.0,102270.0,False,685707.5,20834.920612029862,89051.98343143018
2019-01-13 16:14:00,672328.0,759037.112794783,759038.0,0.0,86710.0,86710.0,False,670683.25,20671.585810471337,88353.86279478291
2019-01-13 16:15:00,711958.0,776150.7564351251,776151.0,0.0,64193.0,64193.0,False,687802.8125,20670.20101289208,88347.94393512512
2019-01-13 16:16:00,688169.0,784445.6289196967,784446.0,0.0,96277.0,96277.0,False,698772.3125,20044.435591354762,85673.31641969662
2019-01-13 16:17:00,703030.0,769041.944275992,769042.0,0.0,66012.0,66012.0,False,683221.0625,20078.96051000374,85820.881775992
2019-01-13 16:18:00,680745.0,778795.093814562,778796.0,0.0,98051.0,98051.0,False,692636.5625,20157.958203931685,86158.53131456191
2019-01-13 16:19:00,674399.0,761079.2949784602,761080.0,0.0,86681.0,86681.0,False,674796.875,20186.943638928078,86282.41997846022
2019-01-13 16:20:00,700500.0,775358.901585784,775359.0,0.0,74859.0,74859.0,False,691649.625,19584.921805792186,83709.27658578407
2019-01-13 16:21:00,665555.0,769714.5012092318,769715.0,0.0,104160.0,104160.0,False,688218.5625,19067.081358352018,81495.93870923176
2019-01-13 16:22:00,658873.0,751051.297518227,751052.0,0.0,92179.0,92179.0,False,668408.5625,19335.389925274427,82642.73501822702
2019-01-13 16:23:00,676192.0,738937.9717718607,738938.0,0.0,62746.0,62746.0,False,656017.0,19400.487191499506,82920.97177186073
2019-01-13 16:24:00,665171.0,749297.1730868377,749298.0,0.0,84127.0,84127.0,False,665835.0,19527.10858720772,83462.17308683775
2019-01-13 16:25:00,673802.0,762692.8760609982,762693.0,0.0,88891.0,88891.0,False,679207.8125,19532.46412442909,83485.06356099815
2019-01-13 16:26:00,678406.0,740711.6329917257,740712.0,0.0,62306.0,62306.0,False,658662.6875,19196.464803472543,82048.94549172565
2019-01-13 16:27:00,652283.0,758012.3717839489,758013.0,0.0,105730.0,105730.0,False,675467.0,19312.6104746822,82545.37178394885
2019-01-13 16:28:00,658141.0,738494.3598799312,738495.0,0.0,80354.0,80354.0,False,654684.8125,19608.38151949267,83809.54737993125
2019-01-13 16:29:00,649292.0,739832.9161116704,739833.0,0.0,90541.0,90541.0,False,656447.0625,19509.25260977755,83385.8536116704
2019-01-13 16:30:00,717142.0,768900.5775063196,768901.0,0.0,51759.0,51759.0,False,685342.8125,19549.473614653627,83557.76500631962
2019-01-13 16:31:00,700782.0,757319.3091330581,757320.0,0.0,56538.0,56538.0,False,677884.1875,18584.92522298581,79435.1216330581
2019-01-13 16:32:00,682832.0,755223.1241347122,755224.0,0.0,72392.0,72392.0,False,675643.625,18618.704299758887,79579.49913471212
2019-01-13 16:33:00,685378.0,756785.8877934736,756786.0,0.0,71408.0,71408.0,False,677566.8125,18534.37824850737,79219.07529347358
2019-01-13 16:34:00,668681.0,753427.5296359485,753428.0,0.0,84747.0,84747.0,False,674544.25,18455.814295220607,78883.27963594845
2019-01-13 16:35:00,681835.0,751363.5970667538,751364.0,0.0,69529.0,69529.0,False,672480.0625,18455.873939743786,78883.53456675373
2019-01-13 16:36:00,650918.0,749768.41660621,749769.0,0.0,98851.0,98851.0,False,671018.4375,18424.6268264229,78749.97910621001
2019-01-13 16:37:00,638477.0,727354.1289687013,727355.0,0.0,88878.0,88878.0,False,650485.625,17984.430172592227,76868.50396870139
2019-01-13 16:38:00,656095.0,718786.2518051359,718787.0,0.0,62692.0,62692.0,False,642806.1875,17776.567650661767,75980.06430513585
2019-01-13 16:39:00,667420.0,728934.7575868537,728935.0,0.0,61515.0,61515.0,False,652743.875,17825.891450019222,76190.88258685367
2019-01-13 16:40:00,686251.0,765817.5969144617,765818.0,0.0,79567.0,79567.0,False,689487.375,17858.491777569285,76330.22191446173
2019-01-13 16:41:00,667463.0,748975.0134651042,748976.0,0.0,81513.0,81513.0,False,672565.6875,17876.999244238963,76409.3259651042
2019-01-13 16:42:00,660373.0,741859.4422058458,741860.0,0.0,81487.0,81487.0,False,665326.875,17905.833205797586,76532.56720584587
2019-01-13 16:43:00,663879.0,744281.6125629575,744282.0,0.0,80403.0,80403.0,False,669577.4375,17478.05603928368,74704.17506295741
2019-01-13 16:44:00,668478.0,738975.2740105911,738976.0,0.0,70498.0,70498.0,False,664825.9375,17348.24402673097,74149.33651059114
2019-01-13 16:45:00,693219.0,766262.2051974015,766263.0,0.0,73044.0,73044.0,False,692112.25,17348.388776910364,74149.95519740149
2019-01-13 16:46:00,688619.0,744134.342106105,744135.0,0.0,55516.0,55516.0,False,670508.9375,17225.66304407958,73625.40460610493
2019-01-13 16:47:00,665934.0,748671.0077249652,748672.0,0.0,82738.0,82738.0,False,674795.125,17284.26580081124,73875.88272496518
2019-01-13 16:48:00,653382.0,738257.5980905375,738258.0,0.0,84876.0,84876.0,False,664740.6875,17200.27939607842,73516.91059053745
2019-01-13 16:49:00,655001.0,732234.6520683924,732235.0,0.0,77234.0,77234.0,False,658350.0,17286.317507770305,73884.65206839236
2019-01-13 16:50:00,675438.0,749834.6880885375,749835.0,0.0,74397.0,74397.0,False,675875.1875,17303.82933530141,73959.50058853759
2019-01-13 16:51:00,654609.0,735521.6295284305,735522.0,0.0,80913.0,80913.0,False,662862.875,16999.50213387969,72658.75452843057
2019-01-13 16:52:00,650161.0,721304.1552670961,721305.0,0.0,71144.0,71144.0,False,648449.75,17045.277280605304,72854.40526709607
2019-01-13 16:53:00,664103.0,723343.0838104414,723344.0,0.0,59241.0,59241.0,False,650913.8125,16945.811419261543,72429.27131044143
2019-01-13 16:54:00,675269.0,730700.7513107358,730701.0,0.0,55432.0,55432.0,False,658091.4375,16987.93480670202,72609.31381073581
2019-01-13 16:55:00,672146.0,760497.0136415367,760498.0,0.0,88352.0,88352.0,False,687505.5,17077.355646371452,72991.51364153667
2019-01-13 16:56:00,656207.0,751258.2612287836,751259.0,0.0,95052.0,95052.0,False,677645.1875,17222.778067909872,73613.07372878368
2019-01-13 16:57:00,654471.0,732724.912185817,732725.0,0.0,78254.0,78254.0,False,658247.875,17424.914049000578,74477.03718581705
2019-01-13 16:58:00,659944.0,727543.7134875125,727544.0,0.0,67600.0,67600.0,False,653007.5,17438.759148238463,74536.21348751253
2019-01-13 16:59:00,661193.0,727935.0050837914,727936.0,0.0,66743.0,66743.0,False,653358.3125,17448.229782410996,74576.69258379143
2019-01-13 17:00:00,758438.0,768143.3911781572,768144.0,0.0,9706.0,9706.0,False,693548.625,17452.45834520402,74594.76617815712
2019-01-13 17:01:00,680898.0,765499.3999557523,765500.0,0.0,84602.0,84602.0,False,694092.25,16706.672250652155,71407.14995575226
2019-01-13 17:02:00,678445.0,743708.8995389427,743709.0,0.0,65264.0,65264.0,False,672510.8125,16657.759142748175,71198.08703894277
2019-01-13 17:03:00,688860.0,743920.6657751208,743921.0,0.0,55061.0,55061.0,False,673681.875,16433.31875714423,70238.79077512087
2019-01-13 17:04:00,675094.0,746235.1756213772,746236.0,0.0,71142.0,71142.0,False,675642.8125,16516.04180811964,70592.36312137719
2019-01-13 17:05:00,696015.0,765764.4947455948,765765.0,0.0,69750.0,69750.0,False,695160.75,16518.70469363744,70603.74474559484
2019-01-13 17:06:00,769105.0,784551.7193099557,784552.0,0.0,15447.0,15447.0,False,713956.3125,16516.753920387757,70595.40680995573
2019-01-13 17:07:00,783213.0,842652.6735325234,842653.0,0.0,59440.0,59440.0,False,768442.0625,17362.580033081507,74210.6110325235
2019-01-13 17:08:00,751192.0,852491.2386156133,852492.0,0.0,101300.0,101300.0,False,778262.6875,17366.777359098807,74228.5511156133
2019-01-13 17:09:00,672210.0,799848.1117778895,799849.0,0.0,127639.0,127639.0,False,724701.8125,17581.49700223381,75146.2992778895
2019-01-13 17:10:00,693032.0,762357.8405470776,762358.0,0.0,69326.0,69326.0,False,681441.8125,18931.403385302103,80916.02804707762
2019-01-13 17:11:00,666831.0,753921.0764278016,753922.0,0.0,87091.0,87091.0,False,674007.8125,18696.793104737226,79913.26392780167
2019-01-13 17:12:00,666009.0,742947.2908483791,742948.0,0.0,76939.0,76939.0,False,665438.25,18134.292472374007,77509.04084837914
2019-01-13 17:13:00,654956.0,738731.0098456873,738732.0,0.0,83776.0,83776.0,False,661418.9375,18088.20901686273,77312.07234568737
2019-01-13 17:14:00,646712.0,736629.07669513,736630.0,0.0,89918.0,89918.0,False,659629.0,18015.213398346626,77000.07669512993
2019-01-13 17:15:00,680846.0,735832.0484360936,735833.0,0.0,54987.0,54987.0,False,658405.0,18115.109234281685,77427.04843609357
2019-01-13 17:16:00,668214.0,742805.7652769726,742806.0,0.0,74592.0,74592.0,False,665524.6875,18080.957416688383,77281.07777697255
2019-01-13 17:17:00,670412.0,744421.5641406473,744422.0,0.0,74010.0,74010.0,False,667440.5,18010.765153085667,76981.06414064727
2019-01-13 17:18:00,680533.0,751413.280056822,751414.0,0.0,70881.0,70881.0,False,675078.1875,17859.6313304798,76335.09255682201
2019-01-13 17:19:00,653421.0,742791.89836511,742792.0,0.0,89371.0,89371.0,False,666800.3125,17779.263276049754,75991.58586511001
2019-01-13 17:20:00,688779.0,757899.5109574745,757900.0,0.0,69121.0,69121.0,False,681458.8125,17884.339264783695,76440.69845747446
2019-01-13 17:21:00,663071.0,747397.969512782,747398.0,0.0,84327.0,84327.0,False,670996.5,17875.161120548513,76401.46951278191
2019-01-13 17:22:00,637462.0,732184.213359562,732185.0,0.0,94723.0,94723.0,False,656791.125,17639.236658628113,75393.08835956198
2019-01-13 17:23:00,667585.0,715157.3398357399,715158.0,0.0,47573.0,47573.0,False,639124.875,17788.827466255945,76032.46483573997
2019-01-13 17:24:00,656106.0,728692.833297489,728693.0,0.0,72587.0,72587.0,False,651916.5625,17962.85096990679,76776.27079748896
2019-01-13 17:25:00,657542.0,740530.9005945498,740531.0,0.0,82989.0,82989.0,False,663757.25,17962.237937853828,76773.65059454986
2019-01-13 17:26:00,668531.0,726304.002907523,726305.0,0.0,57774.0,57774.0,False,649505.5,17968.05247390195,76798.50290752291
2019-01-13 17:27:00,643634.0,728666.472897219,728667.0,0.0,85033.0,85033.0,False,651917.6875,17956.42038733525,76748.78539721895
2019-01-13 17:28:00,655382.0,730148.9021259708,730149.0,0.0,74767.0,74767.0,False,654457.9375,17708.928855519087,75690.96462597077
2019-01-13 17:29:00,654596.0,723909.5275341232,723910.0,0.0,69314.0,69314.0,False,648219.0625,17708.81196922322,75690.46503412319
2019-01-13 17:30:00,723692.0,763306.6139641771,763307.0,0.0,39615.0,39615.0,False,687759.0,17675.39002187309,75547.6139641771
2019-01-13 17:31:00,678852.0,759433.1856256896,759434.0,0.0,80582.0,80582.0,False,683362.8125,17797.696625383047,76070.37312568956
2019-01-13 17:32:00,670316.0,747681.1956366537,747682.0,0.0,77366.0,77366.0,False,672383.5,17616.91823592516,75297.69563665372
2019-01-13 17:33:00,667607.0,749550.0542720079,749551.0,0.0,81944.0,81944.0,False,674277.8125,17610.962958695724,75272.24177200788
2019-01-13 17:34:00,653744.0,741043.3185031721,741044.0,0.0,87300.0,87300.0,False,665705.9375,17626.203166243486,75337.38100317208
2019-01-13 17:35:00,665028.0,742070.2415271625,742071.0,0.0,77043.0,77043.0,False,666476.375,17686.211436969883,75593.86652716254
2019-01-13 17:36:00,656180.0,743239.6383137516,743240.0,0.0,87060.0,87060.0,False,667758.25,17659.89563178847,75481.3883137516
2019-01-13 17:37:00,649793.0,738105.4131661432,738106.0,0.0,88313.0,88313.0,False,663217.3125,17521.087931367783,74888.10066614325
2019-01-13 17:38:00,662089.0,731575.9938095333,731576.0,0.0,69487.0,69487.0,False,656606.625,17540.101716918376,74969.36880953336
2019-01-13 17:39:00,663837.0,736397.1496989515,736398.0,0.0,72561.0,72561.0,False,661683.5,17480.27275901478,74713.64969895156
2019-01-13 17:40:00,700014.0,780285.2760417587,780286.0,0.0,80272.0,80272.0,False,705942.5625,17393.487208716568,74342.71354175873
2019-01-13 17:41:00,683230.0,758584.5281672124,758585.0,0.0,75355.0,75355.0,False,684179.875,17407.97882506625,74404.65316721243
2019-01-13 17:42:00,678326.0,754211.79261906,754212.0,0.0,75886.0,75886.0,False,679876.4375,17391.76560581845,74335.35511905997
2019-01-13 17:43:00,683992.0,758532.7964166818,758533.0,0.0,74541.0,74541.0,False,684258.3125,17377.52396155364,74274.48391668189
2019-01-13 17:44:00,682608.0,756486.5992318769,756487.0,0.0,73879.0,73879.0,False,682305.0,17355.792328417414,74181.5992318769
2019-01-13 17:45:00,732398.0,772388.0222010484,772389.0,0.0,39991.0,39991.0,False,698217.0625,17353.303065723652,74170.95970104838
2019-01-13 17:46:00,725063.0,778574.7903148391,778575.0,0.0,53512.0,53512.0,False,702237.0,17860.26250759626,76337.79031483915
2019-01-13 17:47:00,698976.0,784870.6332179195,784871.0,0.0,85895.0,85895.0,False,708181.875,17942.376213729258,76688.75821791947
2019-01-13 17:48:00,666572.0,774785.0887689232,774786.0,0.0,108214.0,108214.0,False,698081.5,17945.846022495884,76703.58876892322
2019-01-13 17:49:00,665814.0,752769.308243467,752770.0,0.0,86956.0,86956.0,False,674242.375,18372.442218466684,78526.93324346699
2019-01-13 17:50:00,705222.0,763176.3983800765,763177.0,0.0,57955.0,57955.0,False,684505.625,18406.095571391623,78670.77338007656
2019-01-13 17:51:00,662497.0,778331.6846586069,778332.0,0.0,115835.0,115835.0,False,698961.25,18569.79082703649,79370.43465860687
2019-01-13 17:52:00,649505.0,749455.592171739,749456.0,0.0,99951.0,99951.0,False,667544.1875,19164.285261199442,81911.40467173902
2019-01-13 17:53:00,659406.0,744869.6292215755,744870.0,0.0,85464.0,85464.0,False,662281.125,19322.70189408831,82588.50422157541
2019-01-13 17:54:00,652645.0,749379.7278263657,749380.0,0.0,96735.0,96735.0,False,667049.75,19262.216133830607,82329.9778263658
2019-01-13 17:55:00,704683.0,766997.1796995447,766998.0,0.0,62315.0,62315.0,False,684782.3125,19235.284439790736,82214.86719954468
2019-01-13 17:56:00,722074.0,771288.7684663188,771289.0,0.0,49215.0,49215.0,False,688834.1875,19291.368730200677,82454.58096631881
2019-01-13 17:57:00,687441.0,793119.0859698759,793120.0,0.0,105679.0,105679.0,False,709717.125,19513.02114492467,83401.96096987595
2019-01-13 17:58:00,684259.0,767789.6843827406,767790.0,0.0,83531.0,83531.0,False,683413.5,19740.953939718016,84376.18438274064
2019-01-13 17:59:00,674139.0,763745.8625398882,763746.0,0.0,89607.0,89607.0,False,679427.125,19727.513470857913,84318.73753988829
2019-01-13 18:00:00,765020.0,785482.5105173066,785483.0,0.0,20463.0,20463.0,False,701171.125,19725.793365354082,84311.3855173066
2019-01-13 18:01:00,711871.0,809020.6842524903,809021.0,0.0,97150.0,97150.0,False,724947.75,19670.004454418595,84072.93425249035
2019-01-13 18:02:00,704634.0,786090.7971327442,786091.0,0.0,81457.0,81457.0,False,702023.875,19668.59783737544,84066.92213274418
2019-01-13 18:03:00,703953.0,788001.9182081704,788002.0,0.0,84049.0,84049.0,False,703974.8125,19659.28224424564,84027.10570817043
2019-01-13 18:04:00,698045.0,783689.0127757022,783690.0,0.0,85645.0,85645.0,False,700035.4375,19571.8897280234,83653.57527570215
2019-01-13 18:05:00,783279.0,793854.9534880327,793855.0,0.0,10576.0,10576.0,False,710191.1875,19574.27398353581,83663.76598803273
2019-01-13 18:06:00,866343.0,850938.9092219933,850939.0,15404.0,0.0,154040.0,True,758362.875,21659.42014168581,92576.03422199328
2019-01-13 18:07:00,802998.0,955490.74788458,955491.0,0.0,152493.0,152493.0,True,850038.1875,24672.058266279586,105452.56038458
2019-01-13 18:08:00,683463.0,884487.6531435789,884488.0,0.0,201025.0,201025.0,False,775807.0,25427.31439613095,108680.65314357888
2019-01-13 18:09:00,685750.0,814215.8385133519,814216.0,0.0,128466.0,128466.0,False,694920.875,27910.67642114355,119294.96351335183
2019-01-13 18:10:00,708719.0,811587.3084334707,811588.0,0.0,102869.0,102869.0,False,695864.0,27075.03922166246,115723.3084334707
2019-01-13 18:11:00,687585.0,843693.7029004367,843694.0,0.0,156109.0,156109.0,False,727934.25,27083.49571045455,115759.4529004367
2019-01-13 18:12:00,681543.0,813056.0415617835,813057.0,0.0,131514.0,131514.0,False,695147.75,27586.245690770193,117908.29156178348
2019-01-13 18:13:00,679819.0,813402.3942601993,813403.0,0.0,133584.0,133584.0,False,695230.25,27647.97761197996,118172.14426019926
2019-01-13 18:14:00,676368.0,811327.7500323477,811328.0,0.0,134960.0,134960.0,False,692892.0625,27709.63713871331,118435.68753234774
2019-01-13 18:15:00,682968.0,811055.5844832485,811056.0,0.0,128088.0,128088.0,False,692479.75,27742.426420698077,118575.83448324853
2019-01-13 18:16:00,669888.0,806279.8629455369,806280.0,0.0,136392.0,136392.0,False,688226.9375,27620.0847516164,118052.92544553688
2019-01-13 18:17:00,673814.0,810756.9413839004,810757.0,0.0,136943.0,136943.0,False,692298.5625,27714.94608849704,118458.37888390038
2019-01-13 18:18:00,669415.0,799265.5689014597,799266.0,0.0,129851.0,129851.0,False,680418.125,27805.973131819526,118847.44390145969
2019-01-13 18:19:00,654622.0,801523.4065292546,801524.0,0.0,146902.0,146902.0,False,682601.4375,27823.409297319482,118921.96902925466
2019-01-13 18:20:00,687399.0,817984.4936633824,817985.0,0.0,130586.0,130586.0,False,698339.0,27992.687709007027,119645.49366338234
2019-01-13 18:21:00,650990.0,806657.9690946072,806658.0,0.0,155668.0,155668.0,False,686999.875,27995.63575097231,119658.09409460721
2019-01-13 18:22:00,650098.0,787864.6046964568,787865.0,0.0,137767.0,137767.0,False,666782.6875,28328.758497367424,121081.9171964568
2019-01-13 18:23:00,649261.0,784461.1521097772,784462.0,0.0,135201.0,135201.0,False,663484.8125,28304.057187501912,120976.33960977725
2019-01-13 18:24:00,641848.0,781136.6933126905,781137.0,0.0,139289.0,139289.0,False,661194.875,28062.01688401049,119941.81831269049
2019-01-13 18:25:00,649331.0,795863.8618380041,795864.0,0.0,146533.0,146533.0,False,675650.125,28125.63591493539,120213.73683800403
2019-01-13 18:26:00,658093.0,774600.9087595354,774601.0,0.0,116508.0,116508.0,False,653733.0625,28278.673695162728,120867.84625953545
2019-01-13 18:27:00,678305.0,780611.1099484673,780612.0,0.0,102307.0,102307.0,False,660312.375,28145.52237692575,120298.73494846733
2019-01-13 18:28:00,682351.0,794698.184161335,794699.0,0.0,112348.0,112348.0,False,673839.875,28276.442361550402,120858.30916133504
2019-01-13 18:29:00,664525.0,805008.6504119862,805009.0,0.0,140484.0,140484.0,False,683997.25,28312.260138210804,121011.40041198616
2019-01-13 18:30:00,716808.0,826567.885603209,826568.0,0.0,109760.0,109760.0,False,705355.125,28359.371088881326,121212.76060320897
2019-01-13 18:31:00,695392.0,820199.1278441183,820200.0,0.0,124808.0,124808.0,False,700693.1875,27960.037315203597,119505.94034411824
2019-01-13 18:32:00,673946.0,805124.8555054052,805125.0,0.0,131179.0,131179.0,False,685617.25,27960.426902295123,119507.60550540518
2019-01-13 18:33:00,667668.0,794951.4906355686,794952.0,0.0,127284.0,127284.0,False,675377.75,27975.90011393541,119573.74063556864
2019-01-13 18:34:00,658330.0,788892.4447573678,788893.0,0.0,130563.0,130563.0,False,669310.9375,27977.717220555325,119581.50725736783
2019-01-13 18:35:00,644924.0,792121.4178737743,792122.0,0.0,147198.0,147198.0,False,672557.9375,27973.499586381666,119563.48037377435
2019-01-13 18:36:00,659501.0,774579.8931221514,774580.0,0.0,115079.0,115079.0,False,654346.375,28130.26401493869,120233.51812215133
2019-01-13 18:37:00,613804.0,782122.3161585232,782123.0,0.0,168319.0,168319.0,False,661832.375,28143.464950372127,120289.94115852322
2019-01-13 18:38:00,647160.0,760618.8123241486,760619.0,0.0,113459.0,113459.0,False,638069.8125,28672.00239718222,122548.99982414859
2019-01-13 18:39:00,641339.0,777263.2035558406,777264.0,0.0,135925.0,135925.0,False,654604.5625,28697.65445197185,122658.6410558406
2019-01-13 18:40:00,678553.0,792742.9081459589,792743.0,0.0,114190.0,114190.0,False,670064.875,28702.191494747858,122678.03314595894
2019-01-13 18:41:00,670394.0,821326.5216743734,821327.0,0.0,150933.0,150933.0,False,698421.9375,28755.1961838037,122904.58417437339
2019-01-13 18:42:00,653869.0,790765.705995777,790766.0,0.0,136897.0,136897.0,False,667237.125,28901.18871238242,123528.58099577708
2019-01-13 18:43:00,633408.0,793268.507468274,793269.0,0.0,159861.0,159861.0,False,669682.5,28914.62441532129,123586.00746827398
2019-01-13 18:44:00,669010.0,772893.7651049099,772894.0,0.0,103884.0,103884.0,False,648213.9375,29170.53848744521,124679.82760490991
2019-01-13 18:45:00,673665.0,794708.3872410681,794709.0,0.0,121044.0,121044.0,False,669202.3125,29363.850223180187,125506.07474106806
2019-01-13 18:46:00,671413.0,794186.3906825135,794187.0,0.0,122774.0,122774.0,False,670526.125,28931.99813277097,123660.26568251348
2019-01-13 18:47:00,655035.0,793583.9465016549,793584.0,0.0,138549.0,138549.0,False,670920.5,28698.77875126523,122663.44650165488
2019-01-13 18:48:00,669761.0,790478.507383358,790479.0,0.0,120718.0,120718.0,False,667719.1875,28721.209630619287,122759.31988335794
2019-01-13 18:49:00,659695.0,795301.8747444391,795302.0,0.0,135607.0,135607.0,False,673226.5625,28561.176756496177,122075.31224443913
2019-01-13 18:50:00,667841.0,805434.7399052465,805435.0,0.0,137594.0,137594.0,False,683299.875,28575.109910058236,122134.86490524648
2019-01-13 18:51:00,669240.0,805343.8633821558,805344.0,0.0,136104.0,136104.0,False,684048.125,28378.784866882703,121295.73838215582
2019-01-13 18:52:00,657337.0,793076.6315061274,793077.0,0.0,135740.0,135740.0,False,672811.125,28137.748131686774,120265.50650612744
2019-01-13 18:53:00,654750.0,785119.8546698069,785120.0,0.0,130370.0,130370.0,False,664920.5625,28122.25638869064,120199.29216980694
2019-01-13 18:54:00,670849.0,784233.1312186435,784234.0,0.0,113385.0,113385.0,False,664035.3125,28121.911654785414,120197.81871864348
2019-01-13 18:55:00,680219.0,797246.3709491909,797247.0,0.0,117028.0,117028.0,False,676904.0,28155.73161175545,120342.37094919091
2019-01-13 18:56:00,657712.0,811714.9195165408,811715.0,0.0,154003.0,154003.0,False,692132.625,27977.90141052772,119582.2945165408
2019-01-13 18:57:00,654332.0,785117.918750521,785118.0,0.0,130786.0,130786.0,False,666671.0625,27712.250211971324,118446.85625052098
2019-01-13 18:58:00,649596.0,785545.4832323547,785546.0,0.0,135950.0,135950.0,False,667346.0625,27654.359312982437,118199.4207323548
2019-01-13 18:59:00,653071.0,779068.9857361722,779069.0,0.0,125998.0,125998.0,False,660833.6875,27662.75334212126,118235.29823617221
2019-01-13 19:00:00,737547.0,797995.6112878376,797996.0,0.0,60449.0,60449.0,False,679768.9375,27660.735535336407,118226.67378783767
2019-01-13 19:01:00,692288.0,809459.4722282891,809460.0,0.0,117172.0,117172.0,False,692312.8125,27408.05158239674,117146.65972828906
2019-01-13 19:02:00,672907.0,803153.7050107641,803154.0,0.0,130247.0,130247.0,False,685961.5625,27418.692896891545,117192.14251076401
2019-01-13 19:03:00,662109.0,796158.6205399141,796159.0,0.0,134050.0,134050.0,False,679076.0625,27393.0541220716,117082.55803991416
2019-01-13 19:04:00,646339.0,790951.9914662808,790952.0,0.0,144613.0,144613.0,False,673855.8125,27396.240922730896,117096.17896628079
2019-01-13 19:05:00,657290.0,802524.5536071566,802525.0,0.0,145235.0,145235.0,False,685016.625,27492.57534167491,117507.92860715657
2019-01-13 19:06:00,715375.0,795181.8041725149,795182.0,0.0,79807.0,79807.0,False,686430.4375,25443.85878632652,108751.36667251492
2019-01-13 19:07:00,748863.0,824018.8258109369,824019.0,0.0,75156.0,75156.0,False,734586.9375,20923.80451668471,89431.88831093686
2019-01-13 19:08:00,725887.0,843152.1233785194,843153.0,0.0,117266.0,117266.0,False,754800.5,20671.061868631215,88351.62337851949
2019-01-13 19:09:00,742040.0,802487.3823477244,802488.0,0.0,60448.0,60448.0,False,725949.125,17907.164491747004,76538.25734772439
2019-01-13 19:10:00,754996.0,832840.6605589659,832841.0,0.0,77845.0,77845.0,False,755014.875,18208.399197963525,77825.78555896589
2019-01-13 19:11:00,686329.0,801719.4299367585,801720.0,0.0,115391.0,115391.0,False,724692.25,18021.554569715303,77027.17993675846
2019-01-13 19:12:00,662331.0,749224.0264279298,749225.0,0.0,86894.0,86894.0,False,672432.0,17966.537213567815,76792.02642792973
2019-01-13 19:13:00,651222.0,742169.7778403512,742170.0,0.0,90948.0,90948.0,False,665411.8125,17958.568159670154,76757.96534035116
2019-01-13 19:14:00,634685.0,732692.2993101272,732693.0,0.0,98008.0,98008.0,False,655960.6875,17952.40239346364,76731.61181012711
2019-01-13 19:15:00,693681.0,735056.3030421664,735057.0,0.0,41376.0,41376.0,False,658145.625,17994.297369690714,76910.67804216639
2019-01-13 19:16:00,682975.0,764920.8002150287,764921.0,0.0,81946.0,81946.0,False,684170.5625,18892.614486129056,80750.23771502869
2019-01-13 19:17:00,666129.0,763876.0249799619,763877.0,0.0,97748.0,97748.0,False,683205.3125,18874.008477644744,80670.71247996188
2019-01-13 19:18:00,664930.0,752088.4355943346,752089.0,0.0,87159.0,87159.0,False,671467.6875,18862.31863124425,80620.74809433462
2019-01-13 19:19:00,649035.0,751875.5137650821,751876.0,0.0,102841.0,102841.0,False,671262.125,18860.59681624557,80613.38876508208
2019-01-13 19:20:00,650848.0,765980.3058153107,765981.0,0.0,115133.0,115133.0,False,685733.9375,18774.727398863455,80246.36831531068
2019-01-13 19:21:00,671670.0,748748.7694550918,748749.0,0.0,77079.0,77079.0,False,667194.5,19080.728628321798,81554.26945509174
2019-01-13 19:22:00,650611.0,745690.724818258,745691.0,0.0,95080.0,95080.0,False,665278.75,18813.473288722267,80411.974818258
2019-01-13 19:23:00,659469.0,739500.3806412141,739501.0,0.0,80032.0,80032.0,False,659147.75,18799.588912767307,80352.63064121404
2019-01-13 19:24:00,663033.0,744036.5176974303,744037.0,0.0,81004.0,81004.0,False,663638.75,18810.149339909854,80397.76769743032
2019-01-13 19:25:00,658632.0,769379.1405981507,769380.0,0.0,110748.0,110748.0,False,689157.8125,18768.868900079553,80221.32809815065
2019-01-13 19:26:00,655844.0,766569.1617602401,766570.0,0.0,110726.0,110726.0,False,686012.4375,18847.33938598504,80556.72426024004
2019-01-13 19:27:00,598715.0,746199.8674921142,746200.0,0.0,147485.0,147485.0,False,664966.125,19005.736993432565,81233.74249211421
2019-01-13 19:28:00,630036.0,716657.6317067413,716658.0,0.0,86622.0,86622.0,False,630685.3125,20114.391353043648,85972.3192067413
2019-01-13 19:29:00,613309.0,722537.6289853558,722538.0,0.0,109229.0,109229.0,False,637000.9375,20012.47033296379,85536.69148535583
2019-01-13 19:30:00,697594.0,723619.6740033193,723620.0,0.0,26026.0,26026.0,False,637902.8125,20054.62355489431,85716.86150331936
2019-01-13 19:31:00,651854.0,764600.0690540792,764601.0,0.0,112747.0,112747.0,False,671526.0625,21775.927529912464,93074.00655407929
2019-01-13 19:32:00,644379.0,751084.4657565318,751085.0,0.0,106706.0,106706.0,False,657843.1875,21815.0630158045,93241.27825653186
2019-01-13 19:33:00,656199.0,754385.0625669626,754386.0,0.0,98187.0,98187.0,False,661123.25,21819.867296530894,93261.81256696259
2019-01-13 19:34:00,623660.0,749085.4916202037,749086.0,0.0,125426.0,125426.0,False,655798.8125,21825.68516428307,93286.67912020368
2019-01-13 19:35:00,643664.0,742654.693165334,742655.0,0.0,98991.0,98991.0,False,648518.6875,22024.39664110388,94136.00566533409
2019-01-13 19:36:00,644634.0,751084.981456816,751085.0,0.0,106451.0,106451.0,False,657470.0625,21902.48133067939,93614.91895681596
2019-01-13 19:37:00,648377.0,750118.4019988994,750119.0,0.0,101742.0,101742.0,False,656814.75,21829.656199700334,93303.65199889944
2019-01-13 19:38:00,618717.0,740327.35970123,740328.0,0.0,121611.0,121611.0,False,649546.3125,21239.458557045476,90781.04720122994
2019-01-13 19:39:00,588714.0,728913.5843911717,728914.0,0.0,140200.0,140200.0,False,637879.125,21298.747779543515,91034.45939117174
2019-01-13 19:40:00,664109.0,739955.8254939067,739956.0,0.0,75847.0,75847.0,False,646362.6875,21897.38537867944,93593.13799390674
2019-01-13 19:41:00,627675.0,743316.1834728598,743317.0,0.0,115642.0,115642.0,False,649034.5,22058.479942090315,94281.68347285979
2019-01-13 19:42:00,618946.0,726349.0097305953,726350.0,0.0,107404.0,107404.0,False,632390.875,21982.781320909184,93958.13473059524
2019-01-13 19:43:00,629964.0,733405.5089017042,733406.0,0.0,103442.0,103442.0,False,639446.4375,21983.00046783263,93959.07140170423
2019-01-13 19:44:00,635024.0,730777.8659420682,730778.0,0.0,95754.0,95754.0,False,637994.8125,21707.855098990767,92783.0534420681
2019-01-13 19:45:00,658801.0,750012.5963020131,750013.0,0.0,91212.0,91212.0,False,658668.375,21371.220784324836,91344.22130201317
2019-01-13 19:46:00,655552.0,747925.1387650325,747926.0,0.0,92374.0,92374.0,False,656753.1875,21330.915870205914,91171.95126503252
2019-01-13 19:47:00,642831.0,751124.7707691718,751125.0,0.0,108294.0,108294.0,False,660019.25,21315.373553750458,91105.52076917174
2019-01-13 19:48:00,656379.0,744318.2455954558,744319.0,0.0,87940.0,87940.0,False,653183.0,21322.3280804434,91135.24559545572
2019-01-13 19:49:00,643279.0,747727.0852729611,747728.0,0.0,104449.0,104449.0,False,656544.3125,21333.44770891299,91182.77277296106
2019-01-13 19:50:00,664587.0,769792.5451715116,769793.0,0.0,105206.0,105206.0,False,678613.0625,21332.677945008105,91179.48267151165
2019-01-13 19:51:00,634941.0,751817.5877253234,751818.0,0.0,116877.0,116877.0,False,660662.3125,21327.014284299858,91155.2752253234
2019-01-13 19:52:00,635903.0,733089.1081630473,733090.0,0.0,97187.0,97187.0,False,641551.8125,21416.393152523255,91537.29566304729
2019-01-13 19:53:00,652301.0,734543.4827627754,734544.0,0.0,82243.0,82243.0,False,643032.0,21410.35387403435,91511.48276277537
2019-01-13 19:54:00,645761.0,746963.5208688178,746964.0,0.0,101203.0,101203.0,False,654866.8125,21547.275350369702,92096.70836881787
2019-01-13 19:55:00,650785.0,748738.6841974288,748739.0,0.0,97954.0,97954.0,False,657082.625,21444.179493883596,91656.05919742871
2019-01-13 19:56:00,647856.0,742794.6347612839,742795.0,0.0,94939.0,94939.0,False,651401.4375,21382.679374959032,91393.19726128392
2019-01-13 19:57:00,636830.0,741182.3050809413,741183.0,0.0,104353.0,104353.0,False,650766.25,21154.06369488515,90416.0550809413
2019-01-13 19:58:00,640287.0,739670.3091801129,739671.0,0.0,99384.0,99384.0,False,649233.5625,21158.90477544804,90436.74668011292
2019-01-13 19:59:00,631436.0,737353.9791855242,737354.0,0.0,105918.0,105918.0,False,647039.375,21130.32788046993,90314.60418552413
2019-01-13 20:00:00,741208.0,774932.6319779089,774933.0,0.0,33725.0,33725.0,False,684553.0,21145.542015402203,90379.63197790891
2019-01-13 20:01:00,700018.0,778674.7573548541,778675.0,0.0,78657.0,78657.0,False,688547.125,21086.583282106272,90127.63235485415
2019-01-13 20:02:00,662709.0,774846.0978735031,774847.0,0.0,112138.0,112138.0,False,684140.375,21221.835407870447,90705.72287350305
2019-01-13 20:03:00,648015.0,760406.977157544,760407.0,0.0,112392.0,112392.0,False,669474.9375,21274.78529227469,90932.039657544
2019-01-13 20:04:00,634257.0,746476.619041445,746477.0,0.0,112220.0,112220.0,False,655395.4375,21309.67906096202,91081.18154144491
2019-01-13 20:05:00,668320.0,752047.5511918383,752048.0,0.0,83728.0,83728.0,False,661287.875,21234.45851923705,90759.67619183837
2019-01-13 20:06:00,670615.0,790189.4961743588,790190.0,0.0,119575.0,119575.0,False,699594.875,21195.841656891105,90594.62117435876
2019-01-13 20:07:00,686541.0,785262.9775989376,785263.0,0.0,98722.0,98722.0,False,696459.25,20776.837789366633,88803.72759893758
2019-01-13 20:08:00,661189.0,785173.0391825741,785174.0,0.0,123985.0,123985.0,False,697369.5,20542.83012946931,87803.53918257414
2019-01-13 20:09:00,676073.0,765030.9474998018,765031.0,0.0,88958.0,88958.0,False,676662.875,20674.91036389037,88368.07249980177
2019-01-13 20:10:00,769906.0,794245.6547795997,794246.0,0.0,24340.0,24340.0,False,706919.5625,20431.124944063864,87326.09227959978
2019-01-13 20:11:00,689199.0,808021.5997019818,808022.0,0.0,118823.0,118823.0,False,712036.75,22456.958805844886,95984.84970198179
2019-01-13 20:12:00,620724.0,780129.0049543888,780130.0,0.0,159406.0,159406.0,False,685202.375,22209.373928095818,94926.62995438879
2019-01-13 20:13:00,603863.0,739869.8497226491,739870.0,0.0,136007.0,136007.0,False,640223.3125,23313.660317248134,99646.53722264907
2019-01-13 20:14:00,613797.0,727320.2218886933,727321.0,0.0,113524.0,113524.0,False,626657.1875,23551.48363056257,100663.0343886933
2019-01-13 20:15:00,608362.0,740153.0045157261,740154.0,0.0,131792.0,131792.0,False,639662.1875,23511.191037904624,100490.81701572608
2019-01-13 20:16:00,630135.0,724591.6916289203,724592.0,0.0,94457.0,94457.0,False,626750.625,22891.245958373598,97841.0666289203
2019-01-13 20:17:00,614967.0,742096.5023620584,742097.0,0.0,127130.0,127130.0,False,644078.75,22932.583984561927,98017.75236205843
2019-01-13 20:18:00,620477.0,728107.065101345,728108.0,0.0,107631.0,107631.0,False,629652.1875,23034.85536928704,98454.877601345
2019-01-13 20:19:00,621247.0,727651.9202454493,727652.0,0.0,106405.0,106405.0,False,629226.75,23027.904930028635,98425.17024544928
2019-01-13 20:20:00,625652.0,732355.4913787434,732356.0,0.0,106704.0,106704.0,False,634093.625,22989.697773182157,98261.86637874339
2019-01-13 20:21:00,601415.0,758918.4148305713,758919.0,0.0,157504.0,157504.0,False,661529.125,22785.546642476744,97389.28983057122
2019-01-13 20:22:00,580410.0,720352.3527760897,720353.0,0.0,139943.0,139943.0,False,619698.1875,23549.408581250078,100654.1652760897
2019-01-13 20:23:00,612614.0,708463.9544549326,708464.0,0.0,95850.0,95850.0,False,606709.5,23806.83617363065,101754.45445493261
2019-01-13 20:24:00,602401.0,720922.0769334967,720923.0,0.0,118522.0,118522.0,False,618910.75,23866.934977633384,102011.32693349679
2019-01-13 20:25:00,627879.0,716611.2290500626,716612.0,0.0,88733.0,88733.0,False,614780.9375,23824.579291701648,101830.29155006261
2019-01-13 20:26:00,611009.0,723968.9591031959,723969.0,0.0,112960.0,112960.0,False,621693.125,23928.820021285854,102275.83410319588
2019-01-13 20:27:00,603485.0,716198.7960049704,716199.0,0.0,112714.0,112714.0,False,614435.5625,23808.890151583077,101763.23350497049
2019-01-13 20:28:00,609089.0,715350.5585489849,715351.0,0.0,106262.0,106262.0,False,618263.5625,22714.820907931928,97086.99604898493
2019-01-13 20:29:00,620591.0,712076.5976488603,712077.0,0.0,91486.0,91486.0,False,615141.75,22679.22372395359,96934.84764886028
2019-01-13 20:30:00,692500.0,754538.982502345,754539.0,0.0,62039.0,62039.0,False,657484.75,22707.155431353993,97054.23250234495
2019-01-13 20:31:00,661328.0,743066.0865479822,743067.0,0.0,81739.0,81739.0,False,650589.8125,21636.079894499017,92476.27404798218
2019-01-13 20:32:00,658194.0,744353.160256996,744354.0,0.0,86160.0,86160.0,False,651290.5625,21773.25828693383,93062.59775699605
2019-01-13 20:33:00,631354.0,748186.6335224045,748187.0,0.0,116833.0,116833.0,False,654682.75,21876.50308323398,93503.88352240443
2019-01-13 20:34:00,615976.0,725571.284697352,725572.0,0.0,109596.0,109596.0,False,631814.5625,21935.65812411231,93756.72219735196
2019-01-13 20:35:00,618509.0,728491.9835927035,728492.0,0.0,109983.0,109983.0,False,635483.0,21760.71452526032,93008.98359270343
2019-01-13 20:36:00,616422.0,718672.0780992139,718673.0,0.0,102251.0,102251.0,False,625622.25,21770.270652117833,93049.82809921393
2019-01-13 20:37:00,595515.0,710553.807524528,710554.0,0.0,115039.0,115039.0,False,617516.625,21767.312048226908,93037.182524528
2019-01-13 20:38:00,604345.0,704484.9716128872,704485.0,0.0,100140.0,100140.0,False,611218.0625,21821.059702647446,93266.9091128872
2019-01-13 20:39:00,599022.0,708333.5858024524,708334.0,0.0,109312.0,109312.0,False,615765.3125,21657.604369186654,92568.27330245244
2019-01-13 20:40:00,643067.0,723066.1348415684,723067.0,0.0,80000.0,80000.0,False,633035.8125,21063.816283287833,90030.32234156846
2019-01-13 20:41:00,628528.0,724149.4984495887,724150.0,0.0,95622.0,95622.0,False,634725.625,20921.929331051888,89423.87344958872
2019-01-13 20:42:00,602778.0,718075.0919571777,718076.0,0.0,115298.0,115298.0,False,628887.1875,20866.721181448243,89187.90445717772
2019-01-13 20:43:00,602556.0,710877.5225371291,710878.0,0.0,108322.0,108322.0,False,621233.1875,20973.50931273689,89644.3350371291
2019-01-13 20:44:00,620724.0,702303.9569999792,702304.0,0.0,81580.0,81580.0,False,612512.8125,21007.85737985132,89791.14449997919
2019-01-13 20:45:00,633448.0,730062.5129384804,730063.0,0.0,96615.0,96615.0,False,639818.3125,21113.855967954056,90244.20043848031
2019-01-13 20:46:00,629715.0,719586.8041458738,719587.0,0.0,89872.0,89872.0,False,629478.75,21082.002694295497,90108.0541458738
2019-01-13 20:47:00,621728.0,720088.9836160643,720089.0,0.0,98361.0,98361.0,False,629937.8125,21092.090494884924,90151.17111606424
2019-01-13 20:48:00,614479.0,722282.8410666387,722283.0,0.0,107804.0,107804.0,False,632235.5625,21067.78342236328,90047.27856663865
2019-01-13 20:49:00,629063.0,716276.838491708,716277.0,0.0,87214.0,87214.0,False,626378.0625,21033.039228689675,89898.77599170807
2019-01-13 20:50:00,632722.0,746643.8391997303,746644.0,0.0,113922.0,113922.0,False,656522.4375,21085.12553574438,90121.4016997303
2019-01-13 20:51:00,627144.0,732899.9777196188,732900.0,0.0,105756.0,105756.0,False,642463.8125,21158.76873487076,90436.1652196188
2019-01-13 20:52:00,620880.0,719672.7838131781,719673.0,0.0,98793.0,98793.0,False,629628.3125,21067.126627301186,90044.47131317813
2019-01-13 20:53:00,610313.0,716351.7692071602,716352.0,0.0,106039.0,106039.0,False,626329.3125,21061.976011323717,90022.45670716028
2019-01-13 20:54:00,590847.0,714258.9546291401,714259.0,0.0,123412.0,123412.0,False,624765.0,20938.325774523288,89493.95462914005
2019-01-13 20:55:00,616722.0,709896.4605639144,709897.0,0.0,93175.0,93175.0,False,619432.0,21165.388814843973,90464.46056391441
2019-01-13 20:56:00,597337.0,710541.61679124,710542.0,0.0,113205.0,113205.0,False,620009.25,21181.276398712136,90532.3667912401
2019-01-13 20:57:00,614245.0,697606.9898717093,697607.0,0.0,83362.0,83362.0,False,606891.5,21224.12052971056,90715.48987170927
2019-01-13 20:58:00,610850.0,706903.4331815642,706904.0,0.0,96054.0,96054.0,False,615692.6875,21339.992350678134,91210.7456815642
2019-01-13 20:59:00,603803.0,711337.057164106,711338.0,0.0,107535.0,107535.0,False,620083.375,21350.03792373164,91253.68216410611
2019-01-13 21:00:00,709711.0,735249.7883171244,735250.0,0.0,25539.0,25539.0,False,643982.6875,21353.177399794757,91267.10081712437
2019-01-13 21:01:00,658287.0,761938.632968655,761939.0,0.0,103652.0,103652.0,False,668543.5,21851.05941464204,93395.13296865499
2019-01-13 21:02:00,640497.0,744039.4552667264,744040.0,0.0,103543.0,103543.0,False,651401.3125,21673.951278994387,92638.1427667264
2019-01-13 21:03:00,642007.0,738334.3691105454,738335.0,0.0,96328.0,96328.0,False,645905.375,21625.01811120031,92428.99411054532
2019-01-13 21:04:00,642490.0,736615.7069327981,736616.0,0.0,94126.0,94126.0,False,644347.875,21587.312031564143,92267.83193279816
2019-01-13 21:05:00,700347.0,764182.891243581,764183.0,0.0,63836.0,63836.0,False,672036.625,21558.87008803418,92146.2662435809
2019-01-13 21:06:00,710159.0,798249.382602662,798250.0,0.0,88091.0,88091.0,False,704229.3125,21997.27194212124,94020.07010266196
2019-01-13 21:07:00,655037.0,804689.1912794361,804690.0,0.0,149653.0,149653.0,False,710979.6875,21924.610734140813,93709.50377943613
2019-01-13 21:08:00,699616.0,754337.1602536717,754338.0,0.0,54722.0,54722.0,False,657096.9375,22750.67037590306,97240.22275367165
2019-01-13 21:09:00,700580.0,792746.8504479971,792747.0,0.0,92167.0,92167.0,False,692647.75,23419.543628418975,100099.10044799712
2019-01-13 21:10:00,659991.0,809694.4812009286,809695.0,0.0,149704.0,149704.0,False,709296.5,23489.470838570167,100397.98120092855
2019-01-13 21:11:00,631925.0,763087.2691098093,763088.0,0.0,131163.0,131163.0,False,668143.5625,22213.36924348685,94943.7066098093
2019-01-13 21:12:00,631648.0,741602.0929146686,741603.0,0.0,109955.0,109955.0,False,645815.0625,22410.67629772003,95787.03041466855
2019-01-13 21:13:00,629153.0,733357.3186641791,733358.0,0.0,104205.0,104205.0,False,642468.0,21264.7901358399,90889.31866417905
2019-01-13 21:14:00,621324.0,728065.7328905473,728066.0,0.0,106742.0,106742.0,False,638417.6875,20974.377400295758,89648.04539054724
2019-01-13 21:15:00,634827.0,724199.3898505273,724200.0,0.0,89373.0,89373.0,False,634461.3125,20995.441599726786,89738.07735052722
2019-01-13 21:16:00,631032.0,738494.3372713219,738495.0,0.0,107463.0,107463.0,False,649509.75,20819.15236531256,88984.58727132189
2019-01-13 21:17:00,615337.0,732307.7162188936,732308.0,0.0,116971.0,116971.0,False,643387.125,20804.179619951396,88920.59121889366
2019-01-13 21:18:00,618683.0,723819.587903801,723820.0,0.0,105137.0,105137.0,False,634971.75,20787.157994089637,88847.83790380102
2019-01-13 21:19:00,610498.0,740441.3839720597,740442.0,0.0,129944.0,129944.0,False,651493.5,20810.565130117327,88947.88397205969
2019-01-13 21:20:00,632714.0,745986.6352936209,745987.0,0.0,113273.0,113273.0,False,655300.875,21217.16489126846,90685.76029362089
2019-01-13 21:21:00,628896.0,726048.7109477391,726049.0,0.0,97153.0,97153.0,False,635070.8125,21285.51457888079,90977.89844773903
2019-01-13 21:22:00,618943.0,719557.9101917138,719558.0,0.0,100615.0,100615.0,False,633044.1875,20241.06004916724,86513.72269171385
2019-01-13 21:23:00,605840.0,718430.1741421598,718431.0,0.0,112591.0,112591.0,False,633557.0625,19857.21681900494,84873.1116421597
2019-01-13 21:24:00,592789.0,708755.7299454757,708756.0,0.0,115967.0,115967.0,False,623584.75,19926.907152822252,85170.97994547574
2019-01-13 21:25:00,611354.0,712955.947055552,712956.0,0.0,101602.0,101602.0,False,627031.375,20103.22025874405,85924.57205555207
2019-01-13 21:26:00,620573.0,720983.0835491468,720984.0,0.0,100411.0,100411.0,False,635867.9375,19913.844054700803,85115.14604914677
2019-01-13 21:27:00,595761.0,706568.4491704496,706569.0,0.0,110808.0,110808.0,False,621395.25,19927.42637063604,85173.19917044962
2019-01-13 21:28:00,602407.0,695286.0939436757,695287.0,0.0,92880.0,92880.0,False,609659.375,20033.533479170335,85626.71894367579
2019-01-13 21:29:00,612879.0,694963.2483678517,694964.0,0.0,82085.0,82085.0,False,609326.125,20035.9677354706,85637.1233678517
2019-01-13 21:30:00,686466.0,721677.8304471247,721678.0,0.0,35212.0,35212.0,False,636136.75,20013.497190160004,85541.0804471247
2019-01-13 21:31:00,638875.0,738351.3180572707,738352.0,0.0,99477.0,99477.0,False,650005.625,20669.674389457145,88345.69305727078
2019-01-13 21:32:00,619480.0,722567.4312775419,722568.0,0.0,103088.0,103088.0,False,634939.3125,20501.78814397114,87628.11877754194
2019-01-13 21:33:00,620979.0,721090.7609023949,721091.0,0.0,100112.0,100112.0,False,633912.0625,20396.64014527634,87178.69840239489
2019-01-13 21:34:00,614180.0,712509.8917788982,712510.0,0.0,98330.0,98330.0,False,625621.5625,20328.704346396626,86888.32927889825
2019-01-13 21:35:00,624940.0,717158.7737323599,717159.0,0.0,92219.0,92219.0,False,630326.1875,20315.662503817177,86832.58623235984
2019-01-13 21:36:00,607025.0,734429.7226462088,734430.0,0.0,127405.0,127405.0,False,647649.5625,20303.396709155837,86780.16014620887
2019-01-13 21:37:00,602548.0,713649.2153353248,713650.0,0.0,111102.0,111102.0,False,625246.1875,20683.088639236124,88403.02783532474
2019-01-13 21:38:00,600057.0,703571.5636807773,703572.0,0.0,103515.0,103515.0,False,615139.6875,20689.83810133828,88431.87618077728
2019-01-13 21:39:00,600735.0,707032.7193365524,707033.0,0.0,106298.0,106298.0,False,618584.4375,20693.67642725188,88448.28183655239
2019-01-13 21:40:00,629003.0,737479.8143299848,737480.0,0.0,108477.0,108477.0,False,649005.5625,20699.75245981861,88474.25182998489
2019-01-13 21:41:00,597366.0,716787.2382689229,716788.0,0.0,119422.0,119422.0,False,628909.1875,20560.263126764065,87878.0507689229
2019-01-13 21:42:00,586638.0,700231.4179874766,700232.0,0.0,113594.0,113594.0,False,611682.0,20717.33860291958,88549.41798747655
2019-01-13 21:43:00,597548.0,692409.7232652543,692410.0,0.0,94862.0,94862.0,False,603912.25,20705.185429884998,88497.47326525429
2019-01-13 21:44:00,591392.0,696304.2524317,696305.0,0.0,104913.0,104913.0,False,607859.0625,20692.95303413186,88445.18993170005
2019-01-13 21:45:00,616686.0,720969.6994920127,720970.0,0.0,104284.0,104284.0,False,633143.625,20548.10257108181,87826.07449201269
2019-01-13 21:46:00,617126.0,701920.0327425355,701921.0,0.0,84795.0,84795.0,False,614103.25,20545.928640134465,87816.7827425355
2019-01-13 21:47:00,614583.0,703324.858887781,703325.0,0.0,88742.0,88742.0,False,615379.0,20576.127756824197,87945.85888778104
2019-01-13 21:48:00,615803.0,704237.8170284196,704238.0,0.0,88435.0,88435.0,False,616108.5625,20619.035656974876,88129.25452841957
2019-01-13 21:49:00,598294.0,704278.3085691578,704279.0,0.0,105985.0,105985.0,False,616003.4375,20653.10462376455,88274.87106915782
2019-01-13 21:50:00,610746.0,725443.8915475438,725444.0,0.0,114698.0,114698.0,False,637448.0625,20587.818954162092,87995.82904754383
2019-01-13 21:51:00,580855.0,697470.9216975126,697471.0,0.0,116616.0,116616.0,False,609338.8125,20619.703545567972,88132.10919751257
2019-01-13 21:52:00,600161.0,685387.1706027857,685388.0,0.0,85227.0,85227.0,False,596796.875,20726.90247603005,88590.29560278564
2019-01-13 21:53:00,599731.0,694953.6647456343,694954.0,0.0,95223.0,95223.0,False,605984.625,20815.514810584045,88969.03974563429
2019-01-13 21:54:00,586242.0,695634.3621970059,695635.0,0.0,109393.0,109393.0,False,606648.875,20819.362915144924,88985.4871970059
2019-01-13 21:55:00,600113.0,698668.8347856473,698669.0,0.0,98556.0,98556.0,False,610413.5,20648.53384498668,88255.3347856473
2019-01-13 21:56:00,583827.0,687518.4207552717,687519.0,0.0,103692.0,103692.0,False,599390.9375,20618.621243572772,88127.4832552717
2019-01-13 21:57:00,591070.0,689262.874634284,689263.0,0.0,98193.0,98193.0,False,601325.4375,20574.15737324862,87937.43713428397
2019-01-13 21:58:00,581574.0,690052.356943287,690053.0,0.0,108479.0,108479.0,False,602728.25,20430.660447677925,87324.106943287
2019-01-13 21:59:00,584553.0,681706.1171761607,681707.0,0.0,97154.0,97154.0,False,594311.5,20447.157273999488,87394.6171761607
2019-01-13 22:00:00,687700.0,719731.371936399,719732.0,0.0,32032.0,32032.0,False,632363.5625,20440.88523930469,87367.80943639902
2019-01-13 22:01:00,656653.0,726620.6319755951,726621.0,0.0,69968.0,69968.0,False,641915.5625,19817.901072573073,84705.06947559518
2019-01-13 22:02:00,638012.0,726588.1496081437,726589.0,0.0,88577.0,88577.0,False,640635.3125,20109.833251561846,85952.83710814374
2019-01-13 22:03:00,646609.0,724203.8060059008,724204.0,0.0,77595.0,77595.0,False,638112.9375,20142.127571165078,86090.86850590081
2019-01-13 22:04:00,631890.0,724776.2088998989,724777.0,0.0,92887.0,92887.0,False,638091.25,20281.123085002815,86684.95889989898
2019-01-13 22:05:00,640097.0,729489.4844441025,729490.0,0.0,89393.0,89393.0,False,642914.5,20255.39306790965,86574.98444410249
2019-01-13 22:06:00,643927.0,746271.157766089,746272.0,0.0,102345.0,102345.0,False,662395.8125,19623.77582831894,83875.34526608896
2019-01-13 22:07:00,685545.0,752109.9134980843,752110.0,0.0,66565.0,66565.0,False,668742.9375,19504.835935771473,83366.9759980843
2019-01-13 22:08:00,692018.0,776334.2851309796,776335.0,0.0,84317.0,84317.0,False,695115.4375,19002.252138437656,81218.84763097957
2019-01-13 22:09:00,705156.0,765055.4762825359,765056.0,0.0,59900.0,59900.0,False,689336.75,17715.424072001715,75718.72628253598
2019-01-13 22:10:00,686223.0,795711.2479537661,795712.0,0.0,109489.0,109489.0,False,719249.1875,17889.33719385502,76462.0604537661
2019-01-13 22:11:00,646201.0,764053.756377874,764054.0,0.0,117853.0,117853.0,False,689541.1875,17433.22717078284,74512.568877874
2019-01-13 22:12:00,609603.0,733776.4686390432,733777.0,0.0,124174.0,124174.0,False,658442.5625,17625.390174601154,75333.9061390432
2019-01-13 22:13:00,604766.0,706217.6721962701,706218.0,0.0,101452.0,101452.0,False,628164.4375,18261.614011788042,78053.23469627008
2019-01-13 22:14:00,594416.0,696998.3774605046,696999.0,0.0,102583.0,102583.0,False,618700.25,18318.9099989708,78298.12746050459
2019-01-13 22:15:00,621235.0,689634.6992854334,689635.0,0.0,68400.0,68400.0,False,611101.375,18373.93748950802,78533.32428543341
2019-01-13 22:16:00,620688.0,705956.5269541383,705957.0,0.0,85269.0,85269.0,False,626763.5,18528.283885852965,79193.02695413832
2019-01-13 22:17:00,603620.0,706855.5106964597,706856.0,0.0,103236.0,103236.0,False,627672.875,18525.8527100335,79182.63569645968
2019-01-13 22:18:00,595076.0,701115.5376046516,701116.0,0.0,106040.0,106040.0,False,622150.375,18474.97192750087,78965.16260465159
2019-01-13 22:19:00,599093.0,694774.0320489132,694775.0,0.0,95682.0,95682.0,False,615406.375,18569.14096753614,79367.65704891324
2019-01-13 22:20:00,628357.0,721784.8906588525,721785.0,0.0,93428.0,93428.0,False,644023.4375,18193.34775949472,77761.45315885253
2019-01-13 22:21:00,615706.0,715039.7830612924,715040.0,0.0,99334.0,99334.0,False,637482.5625,18145.564770361958,77557.22056129236
2019-01-13 22:22:00,595043.0,692977.3915559044,692978.0,0.0,97935.0,97935.0,False,615279.1875,18178.549773106,77698.20405590437
2019-01-13 22:23:00,584889.0,684226.0832713449,684227.0,0.0,99338.0,99338.0,False,606400.1875,18208.424983645997,77825.89577134495
2019-01-13 22:24:00,602746.0,682533.6208460884,682534.0,0.0,79788.0,79788.0,False,605018.1875,18135.788084006133,77515.43334608835
2019-01-13 22:25:00,604465.0,706080.0339242399,706081.0,0.0,101616.0,101616.0,False,629123.5625,18005.011353178717,76956.47142423992
2019-01-13 22:26:00,604272.0,708881.8986704935,708882.0,0.0,104610.0,104610.0,False,631614.5,18077.757004001855,77267.39867049351
2019-01-13 22:27:00,600918.0,694171.1416368111,694172.0,0.0,93254.0,93254.0,False,616442.5625,18185.65643569666,77728.57913681112
2019-01-13 22:28:00,598259.0,685733.0771096384,685734.0,0.0,87475.0,87475.0,False,608361.25,18102.189455199274,77371.8271096384
2019-01-13 22:29:00,590528.0,688325.879369957,688326.0,0.0,97798.0,97798.0,False,610986.0625,18094.70022501219,77339.81686995698
2019-01-13 22:30:00,671020.0,719634.7828244141,719635.0,0.0,48615.0,48615.0,False,642607.75,18021.520150784945,77027.0328244141
2019-01-13 22:31:00,621894.0,711746.0554724415,711747.0,0.0,89853.0,89853.0,False,639318.75,16945.35148477062,72427.30547244147
2019-01-13 22:32:00,609808.0,693486.9447343899,693487.0,0.0,83679.0,83679.0,False,621009.25,16957.140736755133,72477.69473438988
2019-01-13 22:33:00,616165.0,692790.9912362556,692791.0,0.0,76626.0,76626.0,False,620330.125,16953.203481130542,72460.86623625565
2019-01-13 22:34:00,595543.0,691985.2303026769,691986.0,0.0,96443.0,96443.0,False,619387.0,16985.341669507183,72598.23030267692
2019-01-13 22:35:00,600690.0,697423.2698341436,697424.0,0.0,96734.0,96734.0,False,624548.25,17050.100338456858,72875.01983414353
2019-01-13 22:36:00,618716.0,689928.087209163,689929.0,0.0,71213.0,71213.0,False,616894.75,17087.140837870047,73033.33720916299
2019-01-13 22:37:00,604539.0,699712.4894980009,699713.0,0.0,95174.0,95174.0,False,627934.4375,16793.449819295987,71778.05199800091
2019-01-13 22:38:00,591946.0,681548.0303943094,681549.0,0.0,89603.0,89603.0,False,609737.375,16801.077826529454,71810.65539430937
2019-01-13 22:39:00,589484.0,679405.3418683179,679406.0,0.0,89922.0,89922.0,False,607544.3125,16812.86350169286,71861.02936831789
2019-01-13 22:40:00,626425.0,715214.1589060414,715215.0,0.0,88790.0,88790.0,False,643347.875,16814.092872135872,71866.2839060414
2019-01-13 22:41:00,594423.0,701487.3108380357,701488.0,0.0,107065.0,107065.0,False,629704.75,16794.504723640126,71782.56083803564
2019-01-13 22:42:00,593449.0,679760.7527248869,679761.0,0.0,86312.0,86312.0,False,607640.3125,16873.556193694225,72120.44022488693
2019-01-13 22:43:00,595221.0,679451.6341141589,679452.0,0.0,84231.0,84231.0,False,607681.25,16791.65581376176,71770.38411415894
2019-01-13 22:44:00,581324.0,674947.8105225972,674948.0,0.0,93624.0,93624.0,False,603243.25,16776.255490807205,71704.56052259718
2019-01-13 22:45:00,612038.0,681774.1847404577,681775.0,0.0,69737.0,69737.0,False,609904.5,16814.888543521814,71869.68474045768
2019-01-13 22:46:00,634439.0,685762.3238020986,685763.0,0.0,51324.0,51324.0,False,613517.0625,16902.759779444976,72245.26130209865
2019-01-13 22:47:00,612552.0,704643.2146329214,704644.0,0.0,92092.0,92092.0,False,630638.25,17314.46626576537,74004.96463292139
2019-01-13 22:48:00,608745.0,691863.7501771315,691864.0,0.0,83119.0,83119.0,False,618014.9375,17277.932395581545,73848.81267713146
2019-01-13 22:49:00,599187.0,691990.418283403,691991.0,0.0,92804.0,92804.0,False,618403.1875,17216.73175995985,73587.23078340304
2019-01-13 22:50:00,629791.0,703229.2602842345,703230.0,0.0,73439.0,73439.0,False,629601.375,17226.243432408977,73627.88528423448
2019-01-13 22:51:00,608112.0,696364.6633152767,696365.0,0.0,88253.0,88253.0,False,622906.875,17186.446937058467,73457.78831527669
2019-01-13 22:52:00,588502.0,678493.5037601659,678494.0,0.0,89992.0,89992.0,False,605619.5625,17049.84799143063,72873.94126016588
2019-01-13 22:53:00,591968.0,667793.673040312,667794.0,0.0,75826.0,75826.0,False,595311.875,16958.10076088757,72481.79804031206
2019-01-13 22:54:00,593665.0,670584.9253417411,670585.0,0.0,76920.0,76920.0,False,598020.125,16977.520276256604,72564.8003417411
2019-01-13 22:55:00,597600.0,683709.7635251684,683710.0,0.0,86110.0,86110.0,False,611208.6875,16962.611107188284,72501.07602516837
2019-01-13 22:56:00,589237.0,691012.3283521356,691013.0,0.0,101776.0,101776.0,False,618502.5625,16964.644210191916,72509.76585213558
2019-01-13 22:57:00,585298.0,670046.0204742771,670047.0,0.0,84749.0,84749.0,False,596909.3125,17111.325831867573,73136.70797427707
2019-01-13 22:58:00,606630.0,665138.590879989,665139.0,0.0,58509.0,58509.0,False,592005.625,17110.450318101215,73132.96587998896
2019-01-13 22:59:00,589822.0,677882.7225188043,677883.0,0.0,88061.0,88061.0,False,603561.125,17388.54682844715,74321.59751880431
2019-01-13 23:00:00,703777.0,717608.3328137434,717609.0,0.0,13832.0,13832.0,False,643275.25,17391.23396913779,74333.08281374336
2019-01-13 23:01:00,647071.0,727396.9986127458,727397.0,0.0,80326.0,80326.0,False,651619.0625,17729.27701569075,75777.93611274575
2019-01-13 23:02:00,635905.0,710608.5274328357,710609.0,0.0,74704.0,74704.0,False,636100.1875,17432.23775167334,74508.33993283569
2019-01-13 23:03:00,620118.0,714925.1562814715,714926.0,0.0,94808.0,94808.0,False,640318.8125,17455.167082692355,74606.34378147143
2019-01-13 23:04:00,608038.0,689804.0276391681,689805.0,0.0,81767.0,81767.0,False,615863.4375,17299.40497891799,73940.59013916811
2019-01-13 23:05:00,614425.0,709858.2456021291,709859.0,0.0,95434.0,95434.0,False,635949.4375,17291.96913983749,73908.80810212913
2019-01-13 23:06:00,613815.0,722181.6499511616,722182.0,0.0,108367.0,108367.0,False,648254.5625,17296.245841728414,73927.08745116164
2019-01-13 23:07:00,669309.0,717446.5246750306,717447.0,0.0,48138.0,48138.0,False,642589.1875,17513.890394935894,74857.33717503065
2019-01-13 23:08:00,659348.0,753379.8933581995,753380.0,0.0,94032.0,94032.0,False,677162.0,17832.210986709753,76217.89335819948
2019-01-13 23:09:00,662596.0,745731.1165643018,745732.0,0.0,83136.0,83136.0,False,669622.5,17806.64419709019,76108.61656430176
2019-01-13 23:10:00,686017.0,760441.4753904662,760442.0,0.0,74425.0,74425.0,False,685904.875,17438.849669437564,74536.60039046612
2019-01-13 23:11:00,644829.0,745757.2692460584,745758.0,0.0,100929.0,100929.0,False,671752.75,17314.36206146161,74004.51924605838
2019-01-13 23:12:00,624998.0,719873.6512978448,719874.0,0.0,94876.0,94876.0,False,647439.5625,16946.93853584818,72434.0887978448
2019-01-13 23:13:00,618167.0,688804.2422516895,688805.0,0.0,70638.0,70638.0,False,619069.125,16315.47749779538,69735.11725168956
2019-01-13 23:14:00,599244.0,689313.8911497509,689314.0,0.0,90070.0,90070.0,False,619656.125,16297.380157275318,69657.76614975088
2019-01-13 23:15:00,626728.0,678776.4910403932,678777.0,0.0,52049.0,52049.0,False,609308.625,16252.950448354484,69467.86604039327
2019-01-13 23:16:00,606231.0,691140.0109687964,691141.0,0.0,84910.0,84910.0,False,620883.8125,16437.39152342966,70256.19846879649
2019-01-13 23:17:00,608134.0,685952.093472085,685953.0,0.0,77819.0,77819.0,False,615721.8125,16431.32777318357,70230.28097208498
2019-01-13 23:18:00,612232.0,685197.2125100812,685198.0,0.0,72966.0,72966.0,False,615312.1875,16350.550453218368,69885.0250100813
2019-01-13 23:19:00,589391.0,688075.7307381191,688076.0,0.0,98685.0,98685.0,False,618654.1875,16242.112599822438,69421.54323811915
2019-01-13 23:20:00,644545.0,708081.0210171631,708082.0,0.0,63537.0,63537.0,False,637968.75,16403.71774196939,70112.2710171631
2019-01-13 23:21:00,636841.0,692090.4428612138,692091.0,0.0,55250.0,55250.0,False,621406.375,16537.497377110023,70684.06786121384
2019-01-13 23:22:00,611602.0,696896.6797678284,696897.0,0.0,85295.0,85295.0,False,625127.375,16791.403286033095,71769.30476782842
2019-01-13 23:23:00,593237.0,684315.8155918065,684316.0,0.0,91079.0,91079.0,False,612753.3125,16743.01922611299,71562.50309180655
2019-01-13 23:24:00,608121.0,672744.1785346011,672745.0,0.0,64624.0,64624.0,False,601274.75,16721.243169750716,71469.4285346011
2019-01-13 23:25:00,604425.0,700399.3997779019,700400.0,0.0,95975.0,95975.0,False,628475.0,16827.689869416063,71924.39977790191
2019-01-13 23:26:00,593230.0,678136.6906432095,678137.0,0.0,84907.0,84907.0,False,606250.875,16818.662587235198,71885.81564320945
2019-01-13 23:27:00,602130.0,665996.1545536757,665997.0,0.0,63867.0,63867.0,False,594776.125,16662.892891990712,71220.02955367565
2019-01-13 23:28:00,605886.0,672254.1304016344,672255.0,0.0,66369.0,66369.0,False,600560.1875,16773.771354224013,71693.94290163442
2019-01-13 23:29:00,621249.0,679773.967714912,679774.0,0.0,58525.0,58525.0,False,607672.375,16869.146562836715,72101.59271491201
2019-01-13 23:30:00,680201.0,705337.5276900359,705338.0,0.0,25137.0,25137.0,False,632552.9375,17028.943095424664,72784.59019003586
2019-01-13 23:31:00,630802.0,715700.2886290486,715701.0,0.0,84899.0,84899.0,False,639319.0,17870.43952879656,76381.28862904858
2019-01-13 23:32:00,615899.0,701456.0924220566,701457.0,0.0,85558.0,85558.0,False,625268.0,17825.23865308195,76188.09242205656
2019-01-13 23:33:00,620871.0,695772.6234767991,695773.0,0.0,74902.0,74902.0,False,619605.3125,17820.376551807396,76167.31097679905
2019-01-13 23:34:00,598207.0,691733.3448918714,691734.0,0.0,93527.0,93527.0,False,615437.25,17850.50729728042,76296.09489187149
2019-01-13 23:35:00,610651.0,694142.5594018297,694143.0,0.0,83492.0,83492.0,False,618197.0,17768.494760048794,75945.55940182967
2019-01-13 23:36:00,600688.0,692344.4764435759,692345.0,0.0,91657.0,91657.0,False,616963.875,17636.31517509418,75380.6014435759
2019-01-13 23:37:00,604343.0,682674.4005432259,682675.0,0.0,78332.0,78332.0,False,607285.25,17638.315353031274,75389.15054322599
2019-01-13 23:38:00,600874.0,679948.9485193739,679949.0,0.0,79075.0,79075.0,False,605063.5625,17520.45280289843,74885.38601937387
2019-01-13 23:39:00,573240.0,678969.475772245,678970.0,0.0,105730.0,105730.0,False,604315.8125,17466.238120031212,74653.66327224499
2019-01-13 23:40:00,621477.0,698700.6808636563,698701.0,0.0,77224.0,77224.0,False,623109.8125,17685.50997591055,75590.86836365634
2019-01-13 23:41:00,602338.0,682844.3160780095,682845.0,0.0,80507.0,80507.0,False,607407.25,17649.525842958967,75437.0660780096
2019-01-13 23:42:00,590068.0,677483.9182844447,677484.0,0.0,87416.0,87416.0,False,603745.3125,17252.147996722022,73738.60578444468
2019-01-13 23:43:00,596692.0,678932.1406873557,678933.0,0.0,82241.0,82241.0,False,605210.0625,17248.2811409824,73722.0781873557
2019-01-13 23:44:00,600927.0,670370.193883568,670371.0,0.0,69444.0,69444.0,False,596719.4375,17231.594436626536,73650.75638356799
2019-01-13 23:45:00,653071.0,695078.3526244191,695079.0,0.0,42008.0,42008.0,False,621751.875,17155.72501808366,73326.4776244192
2019-01-13 23:46:00,621614.0,702919.0810283063,702920.0,0.0,81306.0,81306.0,False,626958.5625,17771.99465079301,75960.51852830629
2019-01-13 23:47:00,606799.0,686988.4013916126,686989.0,0.0,80190.0,80190.0,False,612426.6875,17444.72531400509,74561.71389161256
2019-01-13 23:48:00,598873.0,681924.8969998251,681925.0,0.0,83052.0,83052.0,False,607687.8125,17368.77386019575,74237.08449982514
2019-01-13 23:49:00,591034.0,676803.377160894,676804.0,0.0,85770.0,85770.0,False,602573.125,17367.17534173789,74230.25216089403
2019-01-13 23:50:00,618909.0,694877.0028649695,694878.0,0.0,75969.0,75969.0,False,620964.3125,17292.877447939765,73912.69036496953
2019-01-13 23:51:00,592778.0,690452.1395168334,690453.0,0.0,97675.0,97675.0,False,616579.5625,17283.4923855111,73872.57701683333
2019-01-13 23:52:00,583822.0,670961.3329320688,670962.0,0.0,87140.0,87140.0,False,596573.25,17404.101993574848,74388.08293206886
2019-01-13 23:53:00,572881.0,663794.3354294321,663795.0,0.0,90914.0,90914.0,False,589576.8125,17364.197165208385,74217.5229294321
2019-01-13 23:54:00,579033.0,659583.3427051586,659584.0,0.0,80551.0,80551.0,False,585117.375,17422.32419370654,74465.96770515865
2019-01-13 23:55:00,601101.0,697231.8254928113,697232.0,0.0,96131.0,96131.0,False,622768.5625,17421.691389530097,74463.26299281127
2019-01-13 23:56:00,605542.0,674683.709059614,674684.0,0.0,69142.0,69142.0,False,599827.5625,17513.611834293784,74856.14655961398
2019-01-13 23:57:00,578247.0,672364.3484221355,672365.0,0.0,94118.0,94118.0,False,598412.3125,17302.08287524639,73952.03592213547
2019-01-13 23:58:00,593032.0,658742.9454387855,658743.0,0.0,65711.0,65711.0,False,584416.8125,17389.607951530645,74326.1329387855
2019-01-13 23:59:00,582241.0,666157.2646060396,666158.0,0.0,83917.0,83917.0,False,592250.3125,17291.534904352866,73906.9521060396
2019-01-14 00:00:00,724008.0,707672.2155095252,707673.0,16335.0,0.0,163350.0,False,633865.125,17268.17092799438,73807.09050952518
2019-01-14 00:01:00,686866.0,753567.3523398746,753568.0,0.0,66702.0,66702.0,False,670506.3125,19433.258017761866,83061.03983987462
2019-01-14 00:02:00,676676.0,741647.448270729,741648.0,0.0,64972.0,64972.0,False,657779.0,19622.162182611704,83868.44827072907
2019-01-14 00:03:00,702263.0,751507.6262371225,751508.0,0.0,49245.0,49245.0,False,666695.0625,19843.050814542545,84812.56373712249
2019-01-14 00:04:00,750027.0,750106.7756288259,750107.0,0.0,80.0,80.0,False,663040.4375,20370.35193372225,87066.33812882587
2019-01-14 00:05:00,768514.0,847159.3594286422,847160.0,0.0,78646.0,78646.0,False,747118.0,23406.03433297197,100041.35942864222
2019-01-14 00:06:00,760477.0,845640.7088119558,845641.0,0.0,85164.0,85164.0,False,745435.375,23444.398366282647,100205.33381195582
2019-01-14 00:07:00,690234.0,866176.3596079812,866177.0,0.0,175943.0,175943.0,False,767356.0625,23120.35022428614,98820.2971079812
2019-01-14 00:08:00,653675.0,784415.6530645133,784416.0,0.0,130741.0,130741.0,False,678135.0,24865.801792038314,106280.65306451329
2019-01-14 00:09:00,646362.0,777775.8917731168,777776.0,0.0,131414.0,131414.0,False,671130.0625,24951.239724159306,106645.82927311672
2019-01-14 00:10:00,661470.0,772685.974727596,772686.0,0.0,111216.0,111216.0,False,665344.9375,25113.8930641782,107341.03722759607
2019-01-14 00:11:00,614286.0,764881.2063859832,764882.0,0.0,150596.0,150596.0,False,657545.0,25112.76282319291,107336.2063859831
2019-01-14 00:12:00,640283.0,735232.6890343123,735233.0,0.0,94950.0,94950.0,False,626395.75,25463.87960221327,108836.9390343122
2019-01-14 00:13:00,661933.0,749883.3993402631,749884.0,0.0,87951.0,87951.0,False,641246.4375,25417.092222508956,108636.96184026316
2019-01-14 00:14:00,647814.0,766148.97347112,766149.0,0.0,118335.0,118335.0,False,656805.125,25582.477947431606,109343.84847111996
2019-01-14 00:15:00,660230.0,761819.5914025703,761820.0,0.0,101590.0,101590.0,False,652894.6875,25484.46017747035,108924.90390257021
2019-01-14 00:16:00,633263.0,766068.8276398884,766069.0,0.0,132806.0,132806.0,False,657537.0,25392.49464888945,108531.82763988838
2019-01-14 00:17:00,612830.0,779514.3649668334,779515.0,0.0,166685.0,166685.0,False,670504.3125,25504.38184016995,109010.05246683337
2019-01-14 00:18:00,620193.0,740835.8367248926,740836.0,0.0,120643.0,120643.0,False,627649.1875,26481.553358754158,113186.64922489264
2019-01-14 00:19:00,602740.0,742139.9329694292,742140.0,0.0,139400.0,139400.0,False,628922.5625,26488.74101102599,113217.37046942921
2019-01-14 00:20:00,633806.0,750223.4266396817,750224.0,0.0,116418.0,116418.0,False,637213.8125,26440.133596905125,113009.6141396817
2019-01-14 00:21:00,614246.0,741103.3518351759,741104.0,0.0,126858.0,126858.0,False,628209.75,26412.99094312854,112893.60183517588
2019-01-14 00:22:00,592625.0,731051.0128224418,731052.0,0.0,138427.0,138427.0,False,618458.3125,26342.590948784997,112592.7003224418
2019-01-14 00:23:00,606052.0,729256.1017534338,729257.0,0.0,123205.0,123205.0,False,616122.9375,26469.039823498206,113133.1642534338
2019-01-14 00:24:00,596656.0,727453.0744387226,727454.0,0.0,130798.0,130798.0,False,614609.25,26401.344845384112,112843.8244387226
2019-01-14 00:25:00,630457.0,748913.1703052374,748914.0,0.0,118457.0,118457.0,False,635935.625,26432.630657677702,112977.54530523739
2019-01-14 00:26:00,612414.0,730837.9878922165,730838.0,0.0,118424.0,118424.0,False,618420.3125,26301.641489987396,112417.67539221652
2019-01-14 00:27:00,615933.0,720804.8258417877,720805.0,0.0,104872.0,104872.0,False,608503.5,26274.41993294823,112301.32584178771
2019-01-14 00:28:00,612140.0,728402.149886946,728403.0,0.0,116263.0,116263.0,False,616098.625,26274.934429420162,112303.52488694595
2019-01-14 00:29:00,619235.0,724114.990382606,724115.0,0.0,104880.0,104880.0,False,611914.5625,26250.813485472703,112200.42788260606
2019-01-14 00:30:00,661329.0,770563.5056572382,770564.0,0.0,109235.0,109235.0,False,658600.8125,26195.192218669858,111962.6931572382
2019-01-14 00:31:00,651960.0,742329.1482555117,742330.0,0.0,90370.0,90370.0,False,633986.375,25348.262808810578,108342.77325551165
2019-01-14 00:32:00,604361.0,749734.7448450318,749735.0,0.0,145374.0,145374.0,False,640735.25,25501.91174120514,108999.49484503175
2019-01-14 00:33:00,608555.0,721273.0421874323,721274.0,0.0,112719.0,112719.0,False,610868.375,25830.670889199624,110404.66718743232
2019-01-14 00:34:00,607374.0,723358.1715855814,723359.0,0.0,115985.0,115985.0,False,612991.5625,25821.766679544155,110366.60908558138
2019-01-14 00:35:00,593715.0,737131.7197890627,737132.0,0.0,143417.0,143417.0,False,626993.1875,25768.405016324476,110138.53228906273
2019-01-14 00:36:00,589115.0,712701.5869777717,712702.0,0.0,123587.0,123587.0,False,601431.9375,26033.0452401753,111269.64947777169
2019-01-14 00:37:00,574144.0,705242.5530059191,705243.0,0.0,131099.0,131099.0,False,594077.875,26008.485739102965,111164.67800591905
2019-01-14 00:38:00,599723.0,702241.9688192833,702242.0,0.0,102519.0,102519.0,False,590765.0625,26081.53579224167,111476.90631928333
2019-01-14 00:39:00,588388.0,712433.2991688872,712434.0,0.0,124046.0,124046.0,False,600700.4375,26141.42002147197,111732.8616688872
2019-01-14 00:40:00,616983.0,719976.1220409573,719977.0,0.0,102994.0,102994.0,False,609126.625,25934.74487303391,110849.4970409573
2019-01-14 00:41:00,600285.0,732651.8470865058,732652.0,0.0,132367.0,132367.0,False,621610.625,25979.601550554376,111041.22208650583
2019-01-14 00:42:00,580191.0,708756.568051785,708757.0,0.0,128566.0,128566.0,False,597319.75,26072.15659776876,111436.818051785
2019-01-14 00:43:00,589322.0,708040.7995102701,708041.0,0.0,118719.0,118719.0,False,596500.9375,26096.265130918284,111539.86201027015
2019-01-14 00:44:00,589025.0,702688.7669336126,702689.0,0.0,113664.0,113664.0,False,591161.1875,26093.391455344652,111527.57943361264
2019-01-14 00:45:00,615643.0,714697.9537757247,714698.0,0.0,99055.0,99055.0,False,603266.8125,26070.828438934004,111431.14127572477
2019-01-14 00:46:00,607328.0,712450.4332814991,712451.0,0.0,105123.0,105123.0,False,602404.125,25746.82795759909,110046.30828149906
2019-01-14 00:47:00,593823.0,707963.8174541987,707964.0,0.0,114141.0,114141.0,False,597786.8125,25777.40621868915,110177.00495419874
2019-01-14 00:48:00,593657.0,708282.0036438787,708283.0,0.0,114626.0,114626.0,False,598105.375,25777.318175780492,110176.62864387872
2019-01-14 00:49:00,598774.0,705235.4420098286,705236.0,0.0,106462.0,106462.0,False,595082.5625,25771.761743419615,110152.87950982859
2019-01-14 00:50:00,635094.0,737851.2096821738,737852.0,0.0,102758.0,102758.0,False,627674.0625,25777.439494854985,110177.14718217377
2019-01-14 00:51:00,606319.0,717102.3699682725,717103.0,0.0,110784.0,110784.0,False,606742.6875,25820.146103379764,110359.6824682725
2019-01-14 00:52:00,583038.0,709610.5282563871,709611.0,0.0,126573.0,126573.0,False,599774.0,25697.74707247132,109836.52825638707
2019-01-14 00:53:00,582240.0,698155.443593965,698156.0,0.0,115916.0,115916.0,False,588198.75,25725.861384722244,109956.69359396507
2019-01-14 00:54:00,590908.0,696179.3772194119,696180.0,0.0,105272.0,105272.0,False,586446.625,25673.467259619374,109732.75221941185
2019-01-14 00:55:00,595042.0,725097.8738349911,725098.0,0.0,130056.0,130056.0,False,615282.8125,25692.724594747233,109815.06133499109
2019-01-14 00:56:00,612850.0,705396.8453929671,705397.0,0.0,92547.0,92547.0,False,595650.75,25676.589076237313,109746.09539296712
2019-01-14 00:57:00,609483.0,709581.4742760547,709582.0,0.0,100099.0,100099.0,False,599362.4375,25787.240134092295,110219.03677605465
2019-01-14 00:58:00,587247.0,710989.3856375363,710990.0,0.0,123743.0,123743.0,False,600933.8125,25748.995596461013,110055.57313753628
2019-01-14 00:59:00,577520.0,704271.5901040456,704272.0,0.0,126752.0,126752.0,False,594244.875,25742.243867710786,110026.71510404555
2019-01-14 01:00:00,676954.0,731074.0321889162,731075.0,0.0,54121.0,54121.0,False,620859.375,25786.21547021816,110214.65718891624
2019-01-14 01:01:00,639336.0,728204.4873880658,728205.0,0.0,88869.0,88869.0,False,625457.625,24039.023483838067,102746.86238806583
2019-01-14 01:02:00,635492.0,716559.4980711448,716560.0,0.0,81068.0,81068.0,False,613952.5,24006.300327910285,102606.99807114482
2019-01-14 01:03:00,625915.0,734551.2874509756,734552.0,0.0,108637.0,108637.0,False,631755.4375,24050.484789301154,102795.84995097558
2019-01-14 01:04:00,602986.0,718484.5258733031,718485.0,0.0,115499.0,115499.0,False,618055.4375,23496.74878389955,100429.08837330304
2019-01-14 01:05:00,615172.0,698873.7498628905,698874.0,0.0,83702.0,83702.0,False,612183.0625,20282.463336696903,86690.68736289044
2019-01-14 01:06:00,650273.0,712528.3074591354,712529.0,0.0,62256.0,62256.0,False,627048.75,19999.10305180194,85479.5574591354
2019-01-14 01:07:00,658641.0,741620.4253528416,741621.0,0.0,82980.0,82980.0,False,655397.125,20173.111799827882,86223.3003528416
2019-01-14 01:08:00,672226.0,737667.3171016133,737668.0,0.0,65442.0,65442.0,False,660800.6875,17983.991638963067,76866.62960161331
2019-01-14 01:09:00,664053.0,737276.8776010314,737277.0,0.0,73224.0,73224.0,False,660656.3125,17926.421508152784,76620.56510103142
2019-01-14 01:10:00,688272.0,749908.7033880989,749909.0,0.0,61637.0,61637.0,False,674011.25,17757.239704985208,75897.45338809887
2019-01-14 01:11:00,662530.0,741287.8147698023,741288.0,0.0,78758.0,78758.0,False,664733.875,17910.833607317556,76553.93976980227
2019-01-14 01:12:00,619185.0,722076.9587687235,722077.0,0.0,102892.0,102892.0,False,648751.5625,17155.472020236746,73325.39626872359
2019-01-14 01:13:00,603714.0,694459.7659831283,694460.0,0.0,90746.0,90746.0,False,620336.9375,17342.04211379778,74122.82848312831
2019-01-14 01:14:00,582492.0,680137.7083268428,680138.0,0.0,97646.0,97646.0,False,606955.875,17121.88352078215,73181.83332684272
2019-01-14 01:15:00,601546.0,676231.5870774183,676232.0,0.0,74686.0,74686.0,False,602267.375,17304.931652094503,73964.21207741834
2019-01-14 01:16:00,599824.0,682223.5072511334,682224.0,0.0,82400.0,82400.0,False,608525.5,17242.649418634148,73698.00725113349
2019-01-14 01:17:00,595465.0,683152.6361534719,683153.0,0.0,87688.0,87688.0,False,610220.6875,17063.419608680135,72931.94865347185
2019-01-14 01:18:00,583158.0,679464.6843735595,679465.0,0.0,96307.0,96307.0,False,612523.125,15661.886703147153,66941.55937355956
2019-01-14 01:19:00,580202.0,669619.7662054746,669620.0,0.0,89418.0,89418.0,False,601255.3125,15994.792151205858,68364.45370547457
2019-01-14 01:20:00,605787.0,678347.1996062947,678348.0,0.0,72561.0,72561.0,False,610429.625,15890.238718527322,67917.5746062947
2019-01-14 01:21:00,574633.0,689471.7305368716,689472.0,0.0,114839.0,114839.0,False,621554.5,15890.158218814233,67917.23053687156
2019-01-14 01:22:00,578424.0,681403.260475296,681404.0,0.0,102980.0,102980.0,False,609737.5625,16767.163070216415,71665.69797529595
2019-01-14 01:23:00,564686.0,663291.577484979,663292.0,0.0,98606.0,98606.0,False,591072.0,16896.750701712146,72219.57748497897
2019-01-14 01:24:00,563107.0,644281.6748873909,644282.0,0.0,81175.0,81175.0,False,571149.3125,17110.309122814077,73132.36238739088
2019-01-14 01:25:00,586602.0,658979.6044952936,658980.0,0.0,72378.0,72378.0,False,586181.0,17032.22193241657,72798.60449529359
2019-01-14 01:26:00,572238.0,653826.6471734806,653827.0,0.0,81589.0,81589.0,False,580972.125,17045.304632441235,72854.52217348057
2019-01-14 01:27:00,583263.0,652610.6654231809,652611.0,0.0,69348.0,69348.0,False,579726.5,17052.24007318485,72884.16542318095
2019-01-14 01:28:00,586359.0,652767.9634505803,652768.0,0.0,66409.0,66409.0,False,580051.625,17012.97467430258,72716.33845058027
2019-01-14 01:29:00,592079.0,654508.6020660391,654509.0,0.0,62430.0,62430.0,False,581537.125,17072.667817490586,72971.47706603912
2019-01-14 01:30:00,631658.0,685563.7979616723,685564.0,0.0,53906.0,53906.0,False,612409.875,17115.353511902274,73153.92296167235
2019-01-14 01:31:00,610743.0,679159.6627331651,679160.0,0.0,68417.0,68417.0,False,604948.8125,17362.635997319303,74210.85023316505
2019-01-14 01:32:00,593795.0,672122.2380323419,672123.0,0.0,78328.0,78328.0,False,598732.5625,17170.51102670109,73389.67553234193
2019-01-14 01:33:00,612835.0,661196.8390240127,661197.0,0.0,48362.0,48362.0,False,589972.5625,16663.886528363575,71224.27652401265
2019-01-14 01:34:00,587121.0,672175.0142854357,672176.0,0.0,85055.0,85055.0,False,599449.0,17015.238467239014,72726.01428543568
2019-01-14 01:35:00,593417.0,670301.836309297,670302.0,0.0,76885.0,76885.0,False,597427.0625,17050.042777603652,72874.77380929701
2019-01-14 01:36:00,599434.0,662216.5849178793,662217.0,0.0,62783.0,62783.0,False,591219.8125,16610.658853835146,70996.77241787929
2019-01-14 01:37:00,594103.0,665938.1582043548,665939.0,0.0,71836.0,71836.0,False,594851.8125,16631.615740372243,71086.3457043548
2019-01-14 01:38:00,598315.0,663224.5028519513,663225.0,0.0,64910.0,64910.0,False,592765.6875,16484.796494240185,70458.81535195126
2019-01-14 01:39:00,598095.0,662864.172235264,662865.0,0.0,64770.0,64770.0,False,592550.75,16450.77980054074,70313.42223526396
2019-01-14 01:40:00,612515.0,696764.1686435939,696765.0,0.0,84250.0,84250.0,False,626520.1875,16434.533114319856,70243.98114359395
2019-01-14 01:41:00,594206.0,672689.0728258537,672690.0,0.0,78484.0,78484.0,False,602392.5625,16446.823029715604,70296.51032585365
2019-01-14 01:42:00,584676.0,666014.3498175752,666015.0,0.0,81339.0,81339.0,False,596413.5,16284.063808590947,69600.84981757522
2019-01-14 01:43:00,593841.0,674424.0636920088,674425.0,0.0,80584.0,80584.0,False,605106.6875,16217.741305074489,69317.3761920089
2019-01-14 01:44:00,572140.0,659068.4969870403,659069.0,0.0,86929.0,86929.0,False,589629.25,16246.254632252198,69439.2469870403
2019-01-14 01:45:00,592478.0,659167.3376288719,659168.0,0.0,66690.0,66690.0,False,589243.5,16359.631192356195,69923.83762887189
2019-01-14 01:46:00,581277.0,658849.1597111274,658850.0,0.0,77573.0,77573.0,False,589348.5,16260.622972873238,69500.65971112734
2019-01-14 01:47:00,576015.0,651718.1171434225,651719.0,0.0,75704.0,75704.0,False,582297.4375,16241.91055011783,69420.67964342244
2019-01-14 01:48:00,593748.0,651192.882387222,651193.0,0.0,57445.0,57445.0,False,581751.6875,16246.710369946988,69441.19488722198
2019-01-14 01:49:00,588534.0,651004.2938969928,651005.0,0.0,62471.0,62471.0,False,581077.25,16360.381342315655,69927.04389699284
2019-01-14 01:50:00,604205.0,687046.6429898776,687047.0,0.0,82842.0,82842.0,False,616982.125,16392.545272877283,70064.51798987755
2019-01-14 01:51:00,585638.0,662373.5175645279,662374.0,0.0,76736.0,76736.0,False,592333.375,16386.84231116351,70040.14256452787
2019-01-14 01:52:00,586197.0,657664.1379803309,657665.0,0.0,71468.0,71468.0,False,587613.5625,16389.283233466766,70050.57548033085
2019-01-14 01:53:00,589045.0,657368.9732546619,657369.0,0.0,68324.0,68324.0,False,587717.375,16295.937094475687,69651.59825466185
2019-01-14 01:54:00,586329.0,654199.5644823349,654200.0,0.0,67871.0,67871.0,False,584528.9375,16300.38912367413,69670.6269823349
2019-01-14 01:55:00,594730.0,667387.3730276655,667388.0,0.0,72658.0,72658.0,False,597786.625,16284.039993459535,69600.74802766551
2019-01-14 01:56:00,604010.0,655491.5029645828,655492.0,0.0,51482.0,51482.0,False,586562.6875,16126.832247275557,68928.8154645827
2019-01-14 01:57:00,553544.0,660760.4020077913,660761.0,0.0,107217.0,107217.0,False,591809.75,16131.941203041197,68950.65200779136
2019-01-14 01:58:00,583737.0,640789.5529785134,640790.0,0.0,57053.0,57053.0,False,569514.25,16675.82486019708,71275.30297851338
2019-01-14 01:59:00,574871.0,654689.0218394096,654690.0,0.0,79819.0,79819.0,False,583003.8125,16771.72801876305,71685.20933940959
2019-01-14 02:00:00,662813.0,668686.7936133784,668687.0,0.0,5874.0,5874.0,False,597351.0625,16689.96284280153,71335.73111337838
2019-01-14 02:01:00,626663.0,693483.1585500981,693484.0,0.0,66821.0,66821.0,False,619652.0625,17273.787350142564,73831.09605009801
2019-01-14 02:02:00,630428.0,683933.9191684388,683934.0,0.0,53506.0,53506.0,False,610476.1875,17186.433683761636,73457.73166843882
2019-01-14 02:03:00,610738.0,701086.9653410497,701087.0,0.0,90349.0,90349.0,False,627784.1875,17150.180131984576,73302.77784104976
2019-01-14 02:04:00,603111.0,672381.72989839,672382.0,0.0,69271.0,69271.0,False,598681.5625,17243.15481441384,73700.16739838998
2019-01-14 02:05:00,630392.0,682281.3378318512,682282.0,0.0,51890.0,51890.0,False,608783.375,17195.846310673795,73497.96283185126
2019-01-14 02:06:00,702394.0,712127.6514960312,712128.0,0.0,9734.0,9734.0,False,637497.25,17460.795711653154,74630.40149603116
2019-01-14 02:07:00,698618.0,779477.8183245233,779478.0,0.0,80860.0,80860.0,False,697390.1875,19205.515762324125,82087.63082452334
2019-01-14 02:08:00,699105.0,769003.0974632072,769004.0,0.0,69899.0,69899.0,False,686944.625,19198.69376780149,82058.47246320719
2019-01-14 02:09:00,646306.0,763468.3174950603,763469.0,0.0,117163.0,117163.0,False,681373.125,19207.28491781355,82095.1924950603
2019-01-14 02:10:00,618290.0,726403.8179489233,726404.0,0.0,108114.0,108114.0,False,642356.4375,19664.02579512164,84047.38044892332
2019-01-14 02:11:00,621798.0,697806.615184942,697807.0,0.0,76009.0,76009.0,False,613443.9375,19737.79386438314,84362.67768494209
2019-01-14 02:12:00,599828.0,706768.437242828,706769.0,0.0,106941.0,106941.0,False,622179.9375,19790.628000886354,84588.499742828
2019-01-14 02:13:00,606306.0,683454.4731658323,683455.0,0.0,77149.0,77149.0,False,599471.875,19648.86910042201,83982.59816583233
2019-01-14 02:14:00,612062.0,690491.0520477326,690492.0,0.0,78430.0,78430.0,False,606716.125,19600.281622723098,83774.92704773264
2019-01-14 02:15:00,630775.0,695130.5063682868,695131.0,0.0,64356.0,64356.0,False,612177.3125,19408.02598844846,82953.19386828683
2019-01-14 02:16:00,619182.0,707192.0793480532,707193.0,0.0,88011.0,88011.0,False,623494.8125,19582.11196458987,83697.26684805322
2019-01-14 02:17:00,597184.0,697225.4510720773,697226.0,0.0,100042.0,100042.0,False,613609.6875,19563.04316657836,83615.76357207733
2019-01-14 02:18:00,578319.0,706009.560956505,706010.0,0.0,127691.0,127691.0,False,622307.4375,19583.248234076957,83702.12345650505
2019-01-14 02:19:00,577190.0,689125.8044824557,689126.0,0.0,111936.0,111936.0,False,603573.875,20016.035469276638,85551.92948245571
2019-01-14 02:20:00,606664.0,677004.3739531176,677005.0,0.0,70341.0,70341.0,False,591035.4375,20113.59991190462,85968.93645311763
2019-01-14 02:21:00,608332.0,697458.6558981091,697459.0,0.0,89127.0,89127.0,False,610984.875,20231.715124250462,86473.78089810911
2019-01-14 02:22:00,577247.0,678988.1275663528,678989.0,0.0,101742.0,101742.0,False,596301.625,19345.629937404934,82686.50256635279
2019-01-14 02:23:00,588671.0,662109.0072079326,662110.0,0.0,73439.0,73439.0,False,580542.0625,19083.694175820023,81566.9447079326
2019-01-14 02:24:00,591482.0,665053.6962239117,665054.0,0.0,73572.0,73572.0,False,584650.4375,18811.434040108663,80403.25872391173
2019-01-14 02:25:00,600822.0,696112.4601695292,696113.0,0.0,95291.0,95291.0,False,615757.4375,18800.14856026899,80355.02266952916
2019-01-14 02:26:00,601005.0,696528.2913819302,696529.0,0.0,95524.0,95524.0,False,615737.8125,18902.02945349331,80790.47888193023
2019-01-14 02:27:00,585256.0,668288.8563017147,668289.0,0.0,83033.0,83033.0,False,587232.0,18964.352067546268,81056.85630171472
2019-01-14 02:28:00,619376.0,668355.1983936836,668356.0,0.0,48980.0,48980.0,False,587315.0625,18960.44010106889,81040.13589368368
2019-01-14 02:29:00,597214.0,687997.8158610449,687998.0,0.0,90784.0,90784.0,False,605135.625,19386.73459932626,82862.19086104487
2019-01-14 02:30:00,657216.0,696845.4958289767,696846.0,0.0,39630.0,39630.0,False,614058.5,19369.141700626085,82786.99582897672
2019-01-14 02:31:00,590080.0,718153.4300072602,718154.0,0.0,128074.0,128074.0,False,632687.75,19995.856233516974,85465.68000726016
2019-01-14 02:32:00,613328.0,675744.9133943191,675745.0,0.0,62417.0,62417.0,False,587154.875,20726.842298617095,88590.0383943191
2019-01-14 02:33:00,607946.0,695809.5206826837,695810.0,0.0,87864.0,87864.0,False,606080.75,20993.264178425074,89728.77068268365
2019-01-14 02:34:00,593981.0,690790.4406950508,690791.0,0.0,96810.0,96810.0,False,601948.125,20785.86599837567,88842.3156950508
2019-01-14 02:35:00,605660.0,690458.1586643395,690459.0,0.0,84799.0,84799.0,False,601765.3125,20750.895572268484,88692.84616433951
2019-01-14 02:36:00,606875.0,684492.5229823736,684493.0,0.0,77618.0,77618.0,False,595799.8125,20750.86382763037,88692.71048237364
2019-01-14 02:37:00,584617.0,687406.7729208027,687407.0,0.0,102790.0,102790.0,False,598619.75,20772.92950311202,88787.02292080264
2019-01-14 02:38:00,575358.0,678585.2622155198,678586.0,0.0,103228.0,103228.0,False,589465.875,20850.69064248112,89119.38721551985
2019-01-14 02:39:00,579152.0,669456.2592526367,669457.0,0.0,90305.0,90305.0,False,580071.625,20912.748788161407,89384.63425263672
2019-01-14 02:40:00,615563.0,697301.65091793,697302.0,0.0,81739.0,81739.0,False,607979.875,20898.042227308357,89321.77591792999
2019-01-14 02:41:00,594108.0,687951.8787183588,687952.0,0.0,93844.0,93844.0,False,598836.0625,20849.855159210685,89115.8162183588
2019-01-14 02:42:00,593272.0,674708.3014920834,674709.0,0.0,81437.0,81437.0,False,585666.375,20832.56765452328,89041.92649208337
2019-01-14 02:43:00,592151.0,680577.7205759624,680578.0,0.0,88427.0,88427.0,False,591671.4375,20800.832035646254,88906.28307596248
2019-01-14 02:44:00,596551.0,677709.2545873425,677710.0,0.0,81159.0,81159.0,False,589029.9375,20747.730261016277,88679.3170873425
2019-01-14 02:45:00,626458.0,699926.8097491792,699927.0,0.0,73469.0,73469.0,False,611723.875,20636.274145002324,88202.93474917917
2019-01-14 02:46:00,620164.0,687551.3239018512,687552.0,0.0,67388.0,67388.0,False,599026.1875,20711.65759628339,88525.13640185114
2019-01-14 02:47:00,604021.0,692652.2855457577,692653.0,0.0,88632.0,88632.0,False,603592.1875,20836.819136226608,89060.09804575778
2019-01-14 02:48:00,579581.0,687161.7293151735,687162.0,0.0,107581.0,107581.0,False,598203.0625,20813.087922666018,88958.66681517343
2019-01-14 02:49:00,592229.0,674388.7751739903,674389.0,0.0,82160.0,82160.0,False,584948.8125,20925.693623549363,89439.9626739903
2019-01-14 02:50:00,628801.0,702724.5936492748,702725.0,0.0,73924.0,73924.0,False,613288.4375,20924.80303540972,89436.15614927477
2019-01-14 02:51:00,589419.0,694221.8285440832,694222.0,0.0,104803.0,104803.0,False,604776.25,20927.007532606123,89445.5785440832
2019-01-14 02:52:00,586251.0,679097.3940792329,679098.0,0.0,92847.0,92847.0,False,589285.1875,21012.785139259562,89812.20657923297
2019-01-14 02:53:00,571031.0,675522.9870082764,675523.0,0.0,104492.0,104492.0,False,585691.1875,21017.369171028942,89831.79950827634
2019-01-14 02:54:00,578521.0,667277.7415664326,667278.0,0.0,88757.0,88757.0,False,577020.625,21116.87787145506,90257.1165664327
2019-01-14 02:55:00,597500.0,689921.4627681671,689922.0,0.0,92422.0,92422.0,False,599664.9375,21116.739529197588,90256.52526816717
2019-01-14 02:56:00,588547.0,679263.889260159,679264.0,0.0,90717.0,90717.0,False,589018.4375,21114.148731650395,90245.451760159
2019-01-14 02:57:00,591917.0,676905.9606639346,676906.0,0.0,84989.0,84989.0,False,587118.6875,21006.951628221283,89787.2731639346
2019-01-14 02:58:00,584230.0,672466.3397681863,672467.0,0.0,88237.0,88237.0,False,585328.0,20387.197694840717,87138.33976818634
2019-01-14 02:59:00,593274.0,675035.4459241688,675036.0,0.0,81762.0,81762.0,False,588175.5625,20322.049052463884,86859.88342416879
2019-01-14 03:00:00,679837.0,715110.2210503885,715111.0,0.0,35274.0,35274.0,False,628383.5,20290.893907128382,86726.72105038853
2019-01-14 03:01:00,622688.0,709928.1563228746,709929.0,0.0,87241.0,87241.0,False,626057.25,19622.737277284945,83870.90632287462
2019-01-14 03:02:00,604889.0,686912.321219617,686913.0,0.0,82024.0,82024.0,False,603067.0,19616.751295000424,83845.32121961706
2019-01-14 03:03:00,617184.0,682524.1999120262,682525.0,0.0,65341.0,65341.0,False,599338.6875,19462.38006602202,83185.51241202616
2019-01-14 03:04:00,597274.0,686604.9717295929,686605.0,0.0,89331.0,89331.0,False,603501.8125,19443.11242085536,83103.15922959294
2019-01-14 03:05:00,622600.0,694528.3803147941,694529.0,0.0,71929.0,71929.0,False,611341.5,19462.70010544706,83186.88031479415
2019-01-14 03:06:00,592123.0,713467.2262945795,713468.0,0.0,121345.0,121345.0,False,630864.375,19326.058586612577,82602.85129457951
2019-01-14 03:07:00,626849.0,694465.2466998493,694466.0,0.0,67617.0,67617.0,False,616969.875,18131.09438948489,77495.37169984926
2019-01-14 03:08:00,682292.0,705678.8267556913,705679.0,0.0,23387.0,23387.0,False,627972.1875,18180.523302623656,77706.63925569133
2019-01-14 03:09:00,700401.0,744706.6792389246,744707.0,0.0,44306.0,44306.0,False,661652.25,19431.711377915304,83054.42923892465
2019-01-14 03:10:00,666389.0,754126.7126654243,754127.0,0.0,87738.0,87738.0,False,670769.375,19502.580916982835,83357.33766542429
2019-01-14 03:11:00,612572.0,711332.0544893629,711333.0,0.0,98761.0,98761.0,False,629113.0,19236.264113095924,82219.05448936288
2019-01-14 03:12:00,621920.0,691859.5136939678,691860.0,0.0,69940.0,69940.0,False,609130.5,19355.575992898124,82729.01369396785
2019-01-14 03:13:00,613161.0,692820.6839024982,692821.0,0.0,79660.0,79660.0,False,610913.375,19163.32700037595,81907.30890249825
2019-01-14 03:14:00,609025.0,703319.4205432324,703320.0,0.0,94295.0,94295.0,False,621458.9375,19152.37145483051,81860.48304323237
2019-01-14 03:15:00,623121.0,688664.9764462747,688665.0,0.0,65544.0,65544.0,False,606464.4375,19231.932150398767,82200.53894627461
2019-01-14 03:16:00,637494.0,695565.4150578245,695566.0,0.0,58072.0,58072.0,False,613481.3125,19204.690276425474,82084.10255782444
2019-01-14 03:17:00,635466.0,709992.4392117677,709993.0,0.0,74527.0,74527.0,False,627052.75,19404.866390698637,82939.68921176778
2019-01-14 03:18:00,617721.0,712270.2736317036,712271.0,0.0,94550.0,94550.0,False,629889.9375,19273.998143095763,82380.3361317036
2019-01-14 03:19:00,583251.0,705550.3149451201,705551.0,0.0,122300.0,122300.0,False,626858.0625,18411.120890286948,78692.25244512016
2019-01-14 03:20:00,622233.0,695016.2956131188,695017.0,0.0,72784.0,72784.0,False,613850.8125,18989.766784936404,81165.48311311877
2019-01-14 03:21:00,615859.0,694247.7332793596,694248.0,0.0,78389.0,78389.0,False,613341.125,18929.19950274917,80906.6082793596
2019-01-14 03:22:00,616556.0,690973.8971095622,690974.0,0.0,74418.0,74418.0,False,610116.875,18917.598145077223,80857.02210956217
2019-01-14 03:23:00,597281.0,684019.2910611159,684020.0,0.0,86739.0,86739.0,False,604035.125,18713.38162148781,79984.16606111587
2019-01-14 03:24:00,570549.0,674083.8688587481,674084.0,0.0,103535.0,103535.0,False,593978.75,18741.680170710024,80105.11885874809
2019-01-14 03:25:00,604727.0,664355.9035354686,664356.0,0.0,59629.0,59629.0,False,583024.0625,19028.688479566703,81331.84103546858
2019-01-14 03:26:00,598281.0,683567.7248238417,683568.0,0.0,85287.0,85287.0,False,602114.875,19057.000128582957,81452.8498238417
2019-01-14 03:27:00,603782.0,696207.5916010909,696208.0,0.0,92426.0,92426.0,False,615252.5,18940.542834142303,80955.09160109088
2019-01-14 03:28:00,588089.0,677763.0006899101,677764.0,0.0,89675.0,89675.0,False,596464.6875,19020.84418487966,81298.31318991017
2019-01-14 03:29:00,607015.0,662187.716453745,662188.0,0.0,55173.0,55173.0,False,582317.9375,18686.61920464679,79869.77895374502
2019-01-14 03:30:00,666081.0,694036.889367193,694037.0,0.0,27956.0,27956.0,False,613429.375,18859.22242110077,80607.51436719298
2019-01-14 03:31:00,617054.0,708171.7667479599,708172.0,0.0,91118.0,91118.0,False,625961.875,19234.12036533913,82209.89174795993
2019-01-14 03:32:00,589402.0,680595.2687253596,680596.0,0.0,91194.0,91194.0,False,602074.75,18370.94145486342,78520.51872535958
2019-01-14 03:33:00,592313.0,666603.4981487052,666604.0,0.0,74291.0,74291.0,False,588635.4375,18241.68638692402,77968.06064870524
2019-01-14 03:34:00,597191.0,662513.9513593854,662514.0,0.0,65323.0,65323.0,False,584546.0,18241.66081720379,77967.95135938542
2019-01-14 03:35:00,608885.0,682155.5890677341,682156.0,0.0,73271.0,73271.0,False,604238.75,18229.70240260345,77916.83906773402
2019-01-14 03:36:00,614924.0,680178.6245413424,680179.0,0.0,65255.0,65255.0,False,602258.5,18230.471083762088,77920.12454134239
2019-01-14 03:37:00,591135.0,684418.7885987972,684419.0,0.0,93284.0,93284.0,False,606444.625,18243.114254959797,77974.16359879717
2019-01-14 03:38:00,575684.0,668109.410713061,668110.0,0.0,92426.0,92426.0,False,590044.3125,18264.389642616155,78065.09821306093
2019-01-14 03:39:00,583480.0,659886.16026347,659887.0,0.0,76407.0,76407.0,False,581803.9375,18268.396163690046,78082.22276347001
2019-01-14 03:40:00,606771.0,692159.0447674915,692160.0,0.0,85389.0,85389.0,False,614105.1875,18261.75967077815,78053.8572674915
2019-01-14 03:41:00,591184.0,696042.4417819576,696043.0,0.0,104859.0,104859.0,False,617816.9375,18301.91882032082,78225.50428195766
2019-01-14 03:42:00,579308.0,663686.6371536418,663687.0,0.0,84379.0,84379.0,False,583903.5,18666.348179148248,79783.13715364179
2019-01-14 03:43:00,587563.0,656611.3811332432,656612.0,0.0,69049.0,69049.0,False,576782.5625,18677.035981533565,79828.81863324321
2019-01-14 03:44:00,578360.0,664314.351649887,664315.0,0.0,85955.0,85955.0,False,584361.5,18706.05518981469,79952.851649887
2019-01-14 03:45:00,612950.0,676794.7719849179,676795.0,0.0,63845.0,63845.0,False,596755.25,18726.332891446986,80039.52198491788
2019-01-14 03:46:00,596192.0,672524.0819081867,672525.0,0.0,76333.0,76333.0,False,592411.6875,18743.382384283716,80112.39440818664
2019-01-14 03:47:00,591518.0,664977.5085033877,664978.0,0.0,73460.0,73460.0,False,585544.0625,18584.533186673845,79433.44600338771
2019-01-14 03:48:00,592613.0,668077.0283268158,668078.0,0.0,75465.0,75465.0,False,588620.4375,18589.94823235977,79456.59082681578
2019-01-14 03:49:00,579253.0,665828.6114517209,665829.0,0.0,86576.0,86576.0,False,587213.75,18393.01421661808,78614.86145172096
2019-01-14 03:50:00,600333.0,690194.0073014261,690195.0,0.0,89862.0,89862.0,False,611417.0625,18430.93581694088,78776.94480142614
2019-01-14 03:51:00,604746.0,666541.8129136323,666542.0,0.0,61796.0,61796.0,False,587780.75,18427.22003365784,78761.0629136322
2019-01-14 03:52:00,599344.0,670410.6454051007,670411.0,0.0,71067.0,71067.0,False,591812.625,18389.074025104812,78598.02040510072
2019-01-14 03:53:00,592668.0,671483.4798255184,671484.0,0.0,78816.0,78816.0,False,592894.3125,18387.00272693534,78589.16732551843
2019-01-14 03:54:00,594867.0,669277.0218556807,669278.0,0.0,74411.0,74411.0,False,591255.625,18254.165116709264,78021.39685568072
2019-01-14 03:55:00,601547.0,692839.6068713104,692840.0,0.0,91293.0,91293.0,False,614820.3125,18253.673211944697,78019.29437131037
2019-01-14 03:56:00,604289.0,675940.1694450347,675941.0,0.0,71652.0,71652.0,False,597468.9375,18359.410143423498,78471.23194503474
2019-01-14 03:57:00,585113.0,673627.5282297486,673628.0,0.0,88515.0,88515.0,False,595143.0,18362.520989760353,78484.52822974855
2019-01-14 03:58:00,577410.0,663040.1909376979,663041.0,0.0,85631.0,85631.0,False,584253.8125,18433.142944230265,78786.37843769793
2019-01-14 03:59:00,589425.0,657099.3332268004,657100.0,0.0,67675.0,67675.0,False,578170.0625,18466.574535361688,78929.27072680043
2019-01-14 04:00:00,697029.0,687747.6638704485,687748.0,9281.0,0.0,92810.0,False,608683.0625,18498.236976872075,79064.60137044845
2019-01-14 04:01:00,660790.0,718574.9787876527,718575.0,0.0,57785.0,57785.0,False,630495.875,20607.302210259266,88079.1037876527
2019-01-14 04:02:00,632167.0,717839.4977236391,717840.0,0.0,85673.0,85673.0,False,628599.4375,20878.92373114799,89240.06022363913
2019-01-14 04:03:00,631597.0,712763.7325029257,712764.0,0.0,81167.0,81167.0,False,623529.75,20877.501765867844,89233.98250292565
2019-01-14 04:04:00,600180.0,702002.3289285027,702003.0,0.0,101823.0,101823.0,False,613079.4375,20804.717785220157,88922.89142850279
2019-01-14 04:05:00,623522.0,696219.0096590805,696220.0,0.0,72698.0,72698.0,False,606997.9375,20874.48121563726,89221.07215908049
2019-01-14 04:06:00,596248.0,730409.6718178203,730410.0,0.0,134162.0,134162.0,False,641002.0625,20918.12411660116,89407.60931782026
2019-01-14 04:07:00,581607.0,702456.029389014,702457.0,0.0,120850.0,120850.0,False,612126.8125,21133.746720852898,90329.21688901402
2019-01-14 04:08:00,580618.0,676991.5915276159,676992.0,0.0,96374.0,96374.0,False,584852.125,21557.279202162186,92139.46652761596
2019-01-14 04:09:00,591141.0,675040.8699975561,675041.0,0.0,83900.0,83900.0,False,587416.0625,20501.013425060097,87624.80749755604
2019-01-14 04:10:00,617690.0,707720.3766639564,707721.0,0.0,90031.0,90031.0,False,622531.125,19931.182069441984,85189.25166395647
2019-01-14 04:11:00,599715.0,687771.5806213517,687772.0,0.0,88057.0,88057.0,False,602572.75,19933.423196581272,85198.83062135169
2019-01-14 04:12:00,589409.0,681091.6877532101,681092.0,0.0,91683.0,91683.0,False,596433.25,19806.99094798674,84658.43775321002
2019-01-14 04:13:00,598879.0,683221.6217593683,683222.0,0.0,84343.0,84343.0,False,598678.5,19780.011205544077,84543.12175936837
2019-01-14 04:14:00,585839.0,680096.0216265959,680097.0,0.0,94258.0,94258.0,False,595553.9375,19779.768437268674,84542.0841265959
2019-01-14 04:15:00,604982.0,704396.5168212266,704397.0,0.0,99415.0,99415.0,False,619973.625,19751.88177911415,84422.89182122657
2019-01-14 04:16:00,609346.0,678155.5841581366,678156.0,0.0,68810.0,68810.0,False,593730.9375,19752.292347035254,84424.64665813661
2019-01-14 04:17:00,603995.0,681109.2252839084,681110.0,0.0,77115.0,77115.0,False,597271.125,19615.061859050365,83838.10028390847
2019-01-14 04:18:00,614134.0,681345.4169355887,681346.0,0.0,67212.0,67212.0,False,597551.125,19604.812301160506,83794.29193558867
2019-01-14 04:19:00,598634.0,687476.7747884411,687477.0,0.0,88843.0,88843.0,False,603520.5625,19642.695766156565,83956.2122884412
2019-01-14 04:20:00,612941.0,701823.7914465468,701824.0,0.0,88883.0,88883.0,False,621523.0,18787.460429336992,80300.79144654673
2019-01-14 04:21:00,607902.0,687067.4080091021,687068.0,0.0,79166.0,79166.0,False,606670.25,18810.006695047534,80397.15800910213
2019-01-14 04:22:00,594345.0,681776.662911439,681777.0,0.0,87432.0,87432.0,False,601382.5625,18809.291328560215,80394.10041143894
2019-01-14 04:23:00,591751.0,679996.1489835336,679997.0,0.0,88246.0,88246.0,False,599529.4375,18826.27967474131,80466.71148353358
2019-01-14 04:24:00,579338.0,671066.8815248706,671067.0,0.0,91729.0,91729.0,False,590568.125,18833.777047248244,80498.75652487064
2019-01-14 04:25:00,599287.0,671687.7172145378,671688.0,0.0,72401.0,72401.0,False,592043.75,18633.787482338554,79643.96721453778
2019-01-14 04:26:00,597834.0,674202.7509573353,674203.0,0.0,76369.0,76369.0,False,595302.75,18459.726475389998,78900.0009573354
2019-01-14 04:27:00,566671.0,670581.3697798004,670582.0,0.0,103911.0,103911.0,False,591722.1875,18450.176391571993,78859.1822798004
2019-01-14 04:28:00,584909.0,667193.8970982464,667194.0,0.0,82285.0,82285.0,False,587333.75,18684.36570127799,79860.14709824637
2019-01-14 04:29:00,589918.0,662954.8863571442,662955.0,0.0,73037.0,73037.0,False,583237.5,18650.964887587324,79717.38635714423
2019-01-14 04:30:00,648537.0,694706.3703437689,694707.0,0.0,46170.0,46170.0,False,616021.1875,18409.466861064502,78685.1828437689
2019-01-14 04:31:00,615342.0,690662.0438215839,690663.0,0.0,75321.0,75321.0,False,615329.8125,17624.998328316997,75332.2313215839
2019-01-14 04:32:00,611144.0,677220.9875473974,677221.0,0.0,66077.0,66077.0,False,602062.8125,17584.275499751446,75158.17504739744
2019-01-14 04:33:00,595225.0,686505.0277133706,686506.0,0.0,91281.0,91281.0,False,611560.9375,17534.187446130232,74944.0902133706
2019-01-14 04:34:00,581029.0,670930.2347985946,670931.0,0.0,89902.0,89902.0,False,595421.25,17666.352204104103,75508.98479859463
2019-01-14 04:35:00,607635.0,678578.5871069296,678579.0,0.0,70944.0,70944.0,False,602946.9375,17695.051301474778,75631.64960692966
2019-01-14 04:36:00,592691.0,676808.6180909037,676809.0,0.0,84118.0,84118.0,False,601176.1875,17695.234023279198,75632.43059090376
2019-01-14 04:37:00,591771.0,668048.26720664,668049.0,0.0,76278.0,76278.0,False,592606.6875,17650.581867660083,75441.57970664001
2019-01-14 04:38:00,587780.0,661552.336878605,661553.0,0.0,73773.0,73773.0,False,586571.8125,17542.71171376554,74980.52437860501
2019-01-14 04:39:00,606984.0,666342.1266543721,666343.0,0.0,59359.0,59359.0,False,591781.4375,17444.485562814487,74560.6891543721
2019-01-14 04:40:00,678532.0,712605.0496687691,712606.0,0.0,34074.0,34074.0,False,637595.5,17549.502574485414,75009.54966876916
2019-01-14 04:41:00,668562.0,708110.2964826222,708111.0,0.0,39549.0,39549.0,False,630029.125,18268.150202262095,78081.17148262213
2019-01-14 04:42:00,623387.0,716633.6760991383,716634.0,0.0,93247.0,93247.0,False,637492.1875,18516.225787947413,79141.48859913832
2019-01-14 04:43:00,615886.0,694565.6001911046,694566.0,0.0,78680.0,78680.0,False,615002.1875,18614.94065786594,79563.4126911046
2019-01-14 04:44:00,647792.0,686011.8980992367,686012.0,0.0,38220.0,38220.0,False,606591.8125,18581.407338724064,79420.0855992366
2019-01-14 04:45:00,665412.0,716461.7122862801,716462.0,0.0,51050.0,51050.0,False,634330.5625,19215.697614298475,82131.14978628015
2019-01-14 04:46:00,661926.0,747547.2085430626,747548.0,0.0,85622.0,85622.0,False,664278.3125,19481.888798630123,83268.89604306252
2019-01-14 04:47:00,645203.0,744523.51075685,744524.0,0.0,99321.0,99321.0,False,661204.4375,19493.62843906834,83319.07325685
2019-01-14 04:48:00,618127.0,721928.3088399426,721929.0,0.0,103802.0,103802.0,False,637990.625,19638.36078406342,83937.6838399425
2019-01-14 04:49:00,609602.0,706711.5210970123,706712.0,0.0,97110.0,97110.0,False,621889.625,19845.234246847318,84821.89609701236
2019-01-14 04:50:00,614106.0,714685.5663943143,714686.0,0.0,100580.0,100580.0,False,629674.0,19889.610188117502,85011.56639431433
2019-01-14 04:51:00,597144.0,719158.4743237922,719159.0,0.0,122015.0,122015.0,False,633900.6875,19947.216800610084,85257.78682379214
2019-01-14 04:52:00,600938.0,685706.2726360925,685707.0,0.0,84769.0,84769.0,False,598281.5,20454.21255328119,87424.7726360925
2019-01-14 04:53:00,593225.0,685322.9777504089,685323.0,0.0,92098.0,92098.0,False,597966.8125,20438.160923895342,87356.16525040893
2019-01-14 04:54:00,586083.0,691297.1087591129,691298.0,0.0,105215.0,105215.0,False,603886.5,20450.898721954156,87410.60875911285
2019-01-14 04:55:00,595807.0,695712.9352783894,695713.0,0.0,99906.0,99906.0,False,607718.25,20587.551353839077,87994.68527838937
2019-01-14 04:56:00,600295.0,700407.208922127,700408.0,0.0,100113.0,100113.0,False,612474.6875,20573.00727564726,87932.52142212704
2019-01-14 04:57:00,604990.0,720787.1176403927,720788.0,0.0,115798.0,115798.0,False,632649.1875,20621.065434187665,88137.93014039278
2019-01-14 04:58:00,593882.0,692251.1067190036,692252.0,0.0,98370.0,98370.0,False,602964.4375,20889.82853843927,89286.66921900364
2019-01-14 04:59:00,594173.0,692423.6872449673,692424.0,0.0,98251.0,98251.0,False,603076.4375,20904.002175010308,89347.24974496727
2019-01-14 05:00:00,696965.0,719554.4110831185,719555.0,0.0,22590.0,22590.0,False,630302.5,20881.696400626228,89251.9110831185
2019-01-14 05:01:00,661256.0,737333.0626368629,737334.0,0.0,76078.0,76078.0,False,654055.625,19483.88722047177,83277.4376368629
2019-01-14 05:02:00,637970.0,728202.7517377466,728203.0,0.0,90233.0,90233.0,False,646603.9375,19091.15048502316,81598.81423774661
2019-01-14 05:03:00,628963.0,729396.621935346,729397.0,0.0,100434.0,100434.0,False,647738.375,19105.055571563953,81658.24693534606
2019-01-14 05:04:00,592836.0,718892.7083050268,718893.0,0.0,126057.0,126057.0,False,636854.875,19193.864956520505,82037.83330502678
2019-01-14 05:05:00,607714.0,699382.5363596259,699383.0,0.0,91669.0,91669.0,False,614347.625,19895.07205971447,85034.91135962591
2019-01-14 05:06:00,592538.0,706579.9987826082,706580.0,0.0,114042.0,114042.0,False,622163.6875,19750.342172758224,84416.31128260818
2019-01-14 05:07:00,645079.0,685453.4827958947,685454.0,0.0,40375.0,40375.0,False,602948.6875,19303.117054381528,82504.79529589471
2019-01-14 05:08:00,652923.0,730101.9239164056,730102.0,0.0,77179.0,77179.0,False,645576.5625,19775.855932169885,84525.3614164056
2019-01-14 05:09:00,657840.0,727004.1120941541,727005.0,0.0,69165.0,69165.0,False,642367.125,19801.97227505792,84636.98709415414
2019-01-14 05:10:00,677156.0,750047.8030222137,750048.0,0.0,72892.0,72892.0,False,664967.125,19905.779791816025,85080.67802221379
2019-01-14 05:11:00,668398.0,740629.3038344064,740630.0,0.0,72232.0,72232.0,False,655283.25,19967.868066173705,85346.05383440643
2019-01-14 05:12:00,656794.0,737055.3238087955,737056.0,0.0,80262.0,80262.0,False,651394.125,20041.600511759654,85661.1988087956
2019-01-14 05:13:00,639662.0,710931.8333733546,710932.0,0.0,71270.0,71270.0,False,625298.75,20035.022523905667,85633.08337335462
2019-01-14 05:14:00,600651.0,715936.5655465054,715937.0,0.0,115286.0,115286.0,False,629939.875,20120.093358879203,85996.69054650542
2019-01-14 05:15:00,627013.0,693215.8212264685,693216.0,0.0,66203.0,66203.0,False,605878.0,20433.869090431617,87337.82122646859
2019-01-14 05:16:00,618807.0,713797.5508176979,713798.0,0.0,94991.0,94991.0,False,626091.125,20520.109139216227,87706.42581769792
2019-01-14 05:17:00,614652.0,726560.531158346,726561.0,0.0,111909.0,111909.0,False,639166.0,20447.137148963844,87394.53115834598
2019-01-14 05:18:00,608849.0,718651.5806581003,718652.0,0.0,109803.0,109803.0,False,630316.0625,20667.29383364823,88335.51815810025
2019-01-14 05:19:00,597392.0,721295.9829403154,721296.0,0.0,123904.0,123904.0,False,632742.6875,20718.245785656676,88553.29544031536
2019-01-14 05:20:00,638884.0,728953.4524619984,728954.0,0.0,90070.0,90070.0,False,638455.625,21173.19545368415,90497.82746199846
2019-01-14 05:21:00,653698.0,719210.7532705513,719211.0,0.0,65513.0,65513.0,False,628790.1875,21155.119031962542,90420.56577055131
2019-01-14 05:22:00,646745.0,732124.8219460886,732125.0,0.0,85380.0,85380.0,False,640569.1875,21420.68375980748,91555.63444608854
2019-01-14 05:23:00,623909.0,735592.3572155095,735593.0,0.0,111684.0,111684.0,False,644013.9375,21426.014682951663,91578.41971550952
2019-01-14 05:24:00,600845.0,717265.1360295205,717266.0,0.0,116421.0,116421.0,False,625155.5,21550.29995211422,92109.63602952054
2019-01-14 05:25:00,618773.0,706487.1357165498,706488.0,0.0,87715.0,87715.0,False,613661.8125,21717.74468664148,92825.32321654982
2019-01-14 05:26:00,619560.0,709492.3410597373,709493.0,0.0,89933.0,89933.0,False,616719.1875,21705.53888710549,92773.15355973726
2019-01-14 05:27:00,628203.0,702515.3863275355,702516.0,0.0,74313.0,74313.0,False,609738.1875,21706.485332430828,92777.19882753551
2019-01-14 05:28:00,594132.0,715148.3607986316,715149.0,0.0,121017.0,121017.0,False,622709.1875,21627.3996704593,92439.1732986316
2019-01-14 05:29:00,606977.0,695833.1701854109,695834.0,0.0,88857.0,88857.0,False,602135.0,21921.959085938663,93698.17018541093
2019-01-14 05:30:00,691350.0,710931.6537413892,710932.0,0.0,19582.0,19582.0,False,617274.0,21912.479713754612,93657.65374138921
2019-01-14 05:31:00,672963.0,746588.957166473,746589.0,0.0,73626.0,73626.0,False,645901.375,23557.226916467436,100687.58216647302
2019-01-14 05:32:00,652094.0,744751.0569049196,744752.0,0.0,92658.0,92658.0,False,642952.8125,23817.081426980727,101798.24440491952
2019-01-14 05:33:00,674332.0,744522.9223067687,744523.0,0.0,70191.0,70191.0,False,642723.0625,23817.459372176196,101799.85980676873
2019-01-14 05:34:00,648153.0,755734.5229113804,755735.0,0.0,107582.0,107582.0,False,652917.75,24055.37999996582,102816.7729113804
2019-01-14 05:35:00,652818.0,735836.4743626271,735837.0,0.0,83019.0,83019.0,False,633321.4375,23984.784754589815,102515.03686262714
2019-01-14 05:36:00,643219.0,748229.3578066374,748230.0,0.0,105011.0,105011.0,False,645236.0625,24096.67981103916,102993.29530663737
2019-01-14 05:37:00,634244.0,736332.3556275009,736333.0,0.0,102089.0,102089.0,False,633465.75,24067.039040497504,102866.60562750098
2019-01-14 05:38:00,640978.0,728797.8503281819,728798.0,0.0,87820.0,87820.0,False,625938.25,24065.400055608527,102859.60032818184
2019-01-14 05:39:00,648013.0,738802.2377083992,738803.0,0.0,90790.0,90790.0,False,635674.5,24128.134436300323,103127.73770839922
2019-01-14 05:40:00,651590.0,768900.5751578541,768901.0,0.0,117311.0,117311.0,False,665875.3125,24104.159006887632,103025.26265785415
2019-01-14 05:41:00,637965.0,744301.4303268127,744302.0,0.0,106337.0,106337.0,False,643278.8125,23635.613058093917,101022.61782681265
2019-01-14 05:42:00,632759.0,736034.4296934094,736035.0,0.0,103276.0,103276.0,False,637184.125,23127.370906319968,98850.30469340931
2019-01-14 05:43:00,632653.0,757318.2691928386,757319.0,0.0,124666.0,124666.0,False,658746.5,23062.203744192793,98571.76919283862
2019-01-14 05:44:00,617595.0,733530.4933012682,733531.0,0.0,115936.0,115936.0,False,633920.5625,23305.095747948577,99609.93080126817
2019-01-14 05:45:00,640348.0,732560.5564555457,732561.0,0.0,92213.0,92213.0,False,635303.375,22754.63809446039,97257.18145554567
2019-01-14 05:46:00,659886.0,729841.0206973522,729842.0,0.0,69956.0,69956.0,False,634190.1875,22378.811109534206,95650.8331973523
2019-01-14 05:47:00,663086.0,742826.1943317859,742827.0,0.0,79741.0,79741.0,False,646009.625,22651.550905770197,96816.56933178593
2019-01-14 05:48:00,642775.0,748771.4617483914,748772.0,0.0,105997.0,105997.0,False,651799.75,22687.84858055496,96971.71174839135
2019-01-14 05:49:00,651533.0,738926.0406722783,738927.0,0.0,87394.0,87394.0,False,642427.0,22577.260764686696,96499.04067227826
2019-01-14 05:50:00,655981.0,758699.0071760638,758700.0,0.0,102719.0,102719.0,False,662285.75,22557.190551036423,96413.25717606385
2019-01-14 05:51:00,644054.0,747424.393817891,747425.0,0.0,103371.0,103371.0,False,651329.6875,22482.661252696485,96094.70631789106
2019-01-14 05:52:00,637252.0,734629.4342173217,734630.0,0.0,97378.0,97378.0,False,640638.375,21990.484451605484,93991.05921732166
2019-01-14 05:53:00,634154.0,726263.7591232532,726264.0,0.0,92110.0,92110.0,False,632256.6875,21994.2307713789,94007.0716232532
2019-01-14 05:54:00,634984.0,726378.5671553569,726379.0,0.0,91395.0,91395.0,False,632411.9375,21984.76882389557,93966.62965535685
2019-01-14 05:55:00,597586.0,729676.423956207,729677.0,0.0,132091.0,132091.0,False,636259.3125,21856.20158021405,93417.11145620706
2019-01-14 05:56:00,612409.0,707687.5460195742,707688.0,0.0,95279.0,95279.0,False,612036.0625,22378.96326124765,95651.48351957416
2019-01-14 05:57:00,608468.0,727280.2530218728,727281.0,0.0,118813.0,118813.0,False,631885.4375,22318.91229831909,95394.81552187285
2019-01-14 05:58:00,623296.0,708558.1437671134,708559.0,0.0,85263.0,85263.0,False,613518.5625,22235.800421285094,95039.5812671134
2019-01-14 05:59:00,645371.0,716703.5748290375,716704.0,0.0,71333.0,71333.0,False,621694.0,22228.7800076899,95009.57482903752
2019-01-14 06:00:00,725785.0,738113.4387008871,738114.0,0.0,12329.0,12329.0,False,642467.625,22377.636730184822,95645.81370088717
2019-01-14 06:01:00,679964.0,781172.4009857214,781173.0,0.0,101209.0,101209.0,False,681715.875,23269.204608523472,99456.52598572143
2019-01-14 06:02:00,679141.0,764957.7449511015,764958.0,0.0,85817.0,85817.0,False,665528.0,23262.93882185917,99429.7449511015
2019-01-14 06:03:00,678464.0,774387.0095642809,774388.0,0.0,95924.0,95924.0,False,674914.25,23273.002674636115,99472.75956428084
2019-01-14 06:04:00,647312.0,740719.0282175086,740720.0,0.0,93408.0,93408.0,False,641921.125,23115.11086956082,98797.90321750862
2019-01-14 06:05:00,670040.0,768878.3001609475,768879.0,0.0,98839.0,98839.0,False,673511.4375,22312.372346980348,95366.86266094744
2019-01-14 06:06:00,641744.0,787998.4125701698,787999.0,0.0,146255.0,146255.0,False,692715.5625,22292.716460701165,95282.85007016976
2019-01-14 06:07:00,634744.0,745757.4592176537,745758.0,0.0,111014.0,111014.0,False,647558.0625,22975.08214779898,98199.39671765377
2019-01-14 06:08:00,722325.0,748076.1264034314,748077.0,0.0,25752.0,25752.0,False,651974.125,22484.36803700645,96102.00140343145
2019-01-14 06:09:00,733797.0,804530.6776603952,804531.0,0.0,70734.0,70734.0,False,701436.375,24120.311852861076,103094.30266039522
2019-01-14 06:10:00,749241.0,818706.397831386,818707.0,0.0,69466.0,69466.0,False,714584.5,24360.731695114016,104121.8978313859
2019-01-14 06:11:00,698603.0,819208.1104715398,819209.0,0.0,120606.0,120606.0,False,713787.9375,24664.4807912642,105420.17297153977
2019-01-14 06:12:00,659782.0,784677.850669532,784678.0,0.0,124896.0,124896.0,False,678888.4375,24750.86954888083,105789.413169532
2019-01-14 06:13:00,640003.0,755472.5176237382,755473.0,0.0,115470.0,115470.0,False,648986.875,24913.761882630057,106485.6426237382
2019-01-14 06:14:00,656923.0,737513.2180451332,737514.0,0.0,80591.0,80591.0,False,631030.125,24913.16537409895,106483.09304513321
2019-01-14 06:15:00,651325.0,761614.7527925011,761615.0,0.0,110290.0,110290.0,False,655862.3125,24742.21924230648,105752.44029250115
2019-01-14 06:16:00,643850.0,757192.1231129669,757193.0,0.0,113343.0,113343.0,False,651820.0,24653.238874462237,105372.12311296686
2019-01-14 06:17:00,648529.0,754940.256932204,754941.0,0.0,106412.0,106412.0,False,649547.1875,24658.13955024287,105393.06943220399
2019-01-14 06:18:00,660405.0,757926.7127504563,757927.0,0.0,97522.0,97522.0,False,653618.4375,24404.337222813425,104308.27525045628
2019-01-14 06:19:00,632829.0,757382.4111314795,757383.0,0.0,124554.0,124554.0,False,653977.375,24193.012167352426,103405.0361314796
2019-01-14 06:20:00,647027.0,754462.5241973697,754463.0,0.0,107436.0,107436.0,False,652411.5625,23876.208068775755,102050.96169736971
2019-01-14 06:21:00,628865.0,781562.9197616349,781563.0,0.0,152698.0,152698.0,False,679399.875,23902.431423449445,102163.04476163488
2019-01-14 06:22:00,630520.0,753010.3490199494,753011.0,0.0,122491.0,122491.0,False,647284.0,24736.11483484316,105726.34901994941
2019-01-14 06:23:00,624091.0,740891.0430163967,740892.0,0.0,116801.0,116801.0,False,634651.625,24856.154292669555,106239.41801639675
2019-01-14 06:24:00,628580.0,735785.3805400452,735786.0,0.0,107206.0,107206.0,False,630031.5625,24742.541585050552,105753.81804004524
2019-01-14 06:25:00,647373.0,732924.5309018884,732925.0,0.0,85552.0,85552.0,False,628197.8125,24502.237679432103,104726.7184018884
2019-01-14 06:26:00,642270.0,734904.0260702395,734905.0,0.0,92635.0,92635.0,False,629802.375,24589.958267777736,105101.65107023946
2019-01-14 06:27:00,633911.0,743642.6885473693,743643.0,0.0,109732.0,109732.0,False,638415.625,24619.300219568984,105227.06354736938
2019-01-14 06:28:00,621964.0,751825.4099267743,751826.0,0.0,129862.0,129862.0,False,646860.3125,24558.009688855058,104965.0974267743
2019-01-14 06:29:00,611218.0,731772.0536801171,731773.0,0.0,120555.0,120555.0,False,627123.6875,24483.90611333467,104648.36618011713
2019-01-14 06:30:00,666612.0,748946.2305598292,748947.0,0.0,82335.0,82335.0,False,643799.6875,24600.461358255645,105146.54305982916
2019-01-14 06:31:00,618273.0,741111.9007129243,741112.0,0.0,122839.0,122839.0,False,643079.625,22935.981919685328,98032.27571292425
2019-01-14 06:32:00,673224.0,719949.9902614969,719950.0,0.0,46726.0,46726.0,False,621893.0,22941.76422388149,98056.99026149685
2019-01-14 06:33:00,663554.0,761300.2223198849,761301.0,0.0,97747.0,97747.0,False,659510.5,23815.087569479707,101789.72231988488
2019-01-14 06:34:00,658450.0,751058.7335716889,751059.0,0.0,92609.0,92609.0,False,650639.0625,23494.545478325093,100419.67107168886
2019-01-14 06:35:00,666154.0,757261.9702151709,757262.0,0.0,91108.0,91108.0,False,656829.875,23497.45227537943,100432.09521517092
2019-01-14 06:36:00,631392.0,752063.0271242649,752064.0,0.0,120672.0,120672.0,False,652038.625,23402.06694137796,100024.40212426489
2019-01-14 06:37:00,619589.0,734698.7021130112,734699.0,0.0,115110.0,115110.0,False,633978.6875,23564.8149276811,100720.01461301118
2019-01-14 06:38:00,596116.0,719213.0085375179,719214.0,0.0,123098.0,123098.0,False,618149.625,23645.150749602937,101063.38353751783
2019-01-14 06:39:00,619545.0,708579.2878850974,708580.0,0.0,89035.0,89035.0,False,607097.125,23743.129863874954,101482.1628850974
2019-01-14 06:40:00,674905.0,742549.9328824602,742550.0,0.0,67645.0,67645.0,False,641063.6875,23744.085019562397,101486.24538246018
2019-01-14 06:41:00,657413.0,751738.1145937024,751739.0,0.0,94326.0,94326.0,False,648900.1875,24060.32930813737,102837.92709370234
2019-01-14 06:42:00,642517.0,750765.6421401851,750766.0,0.0,108249.0,108249.0,False,647897.875,24067.310792160202,102867.76714018511
2019-01-14 06:43:00,641231.0,750521.589261466,750522.0,0.0,109291.0,109291.0,False,647637.1875,24071.202687662633,102884.40176146604
2019-01-14 06:44:00,654724.0,746912.1136002473,746913.0,0.0,92189.0,92189.0,False,645045.5625,23833.062705775283,101866.55110024736
2019-01-14 06:45:00,669955.0,762766.6846519047,762767.0,0.0,92812.0,92812.0,False,661276.875,23744.91892879222,101489.80965190475
2019-01-14 06:46:00,652813.0,753872.2610582953,753873.0,0.0,101060.0,101060.0,False,652326.875,23757.921783646536,101545.38605829525
2019-01-14 06:47:00,638826.0,746343.1556332872,746344.0,0.0,107518.0,107518.0,False,645671.5,23553.50068778879,100671.65563328716
2019-01-14 06:48:00,655473.0,735961.9652474825,735962.0,0.0,80489.0,80489.0,False,635576.0,23486.659543116893,100385.96524748253
2019-01-14 06:49:00,657186.0,748456.2167120794,748457.0,0.0,91271.0,91271.0,False,647700.5625,23573.15329577373,100755.65421207937
2019-01-14 06:50:00,668879.0,779673.2655734615,779674.0,0.0,110795.0,110795.0,False,678908.625,23575.25577702989,100764.64057346154
2019-01-14 06:51:00,645687.0,762190.5424326278,762191.0,0.0,116504.0,116504.0,False,661317.9375,23600.515504724655,100872.60493262774
2019-01-14 06:52:00,629315.0,746793.5971860561,746794.0,0.0,117479.0,117479.0,False,645599.125,23675.820718762418,101194.47218605607
2019-01-14 06:53:00,617971.0,740957.9792015175,740958.0,0.0,122987.0,122987.0,False,639338.0,23775.373862279186,101619.97920151756
2019-01-14 06:54:00,637702.0,734147.7162780215,734148.0,0.0,96446.0,96446.0,False,631792.5,23947.392558884367,102355.21627802151
2019-01-14 06:55:00,649616.0,766751.0103912274,766752.0,0.0,117136.0,117136.0,False,664360.5,23955.65009586874,102390.5103912274
2019-01-14 06:56:00,610571.0,742958.6620305704,742959.0,0.0,132388.0,132388.0,False,642552.8125,23491.3117411208,100405.84953057043
2019-01-14 06:57:00,678967.0,724659.5381411709,724660.0,0.0,45693.0,45693.0,False,622633.5,23870.376864407663,102026.03814117085
2019-01-14 06:58:00,625666.0,766522.5618893884,766523.0,0.0,140857.0,140857.0,False,660936.0625,24703.3951149887,105586.49938938841
2019-01-14 06:59:00,593984.0,742835.4084244258,742836.0,0.0,148852.0,148852.0,False,635410.875,25133.428133081998,107424.53342442577
2019-01-14 07:00:00,732733.0,740095.162961442,740096.0,0.0,7363.0,7363.0,False,630934.75,25539.560719377845,109160.41296144205
2019-01-14 07:01:00,687551.0,793491.3091960317,793492.0,0.0,105941.0,105941.0,False,679670.5625,26629.909071478312,113820.74669603161
2019-01-14 07:02:00,684670.0,782889.2955334353,782890.0,0.0,98220.0,98220.0,False,669001.3125,26645.6399255039,113887.98303343527
2019-01-14 07:03:00,673223.0,789766.0765443926,789767.0,0.0,116544.0,116544.0,False,675800.6875,26663.750112734404,113965.38904439265
2019-01-14 07:04:00,682269.0,781775.9677977852,781776.0,0.0,99507.0,99507.0,False,667810.0625,26663.87089722493,113965.90529778518
2019-01-14 07:05:00,667838.0,814801.6178656709,814802.0,0.0,146964.0,146964.0,False,700608.625,26717.00111697487,114192.992865671
2019-01-14 07:06:00,731007.0,798035.340658596,798036.0,0.0,67029.0,67029.0,False,682406.5625,27052.922580386705,115628.778158596
2019-01-14 07:07:00,732876.0,849124.0890599532,849125.0,0.0,116249.0,116249.0,False,734059.0,26921.039862365804,115065.08905995321
2019-01-14 07:08:00,723653.0,847298.7048801883,847299.0,0.0,123646.0,123646.0,False,732507.375,26856.99018534083,114791.32988018829
2019-01-14 07:09:00,705345.0,827919.5371491195,827920.0,0.0,122575.0,122575.0,False,719486.1875,25369.454385880803,108433.3496491195
2019-01-14 07:10:00,694661.0,819518.8192088511,819519.0,0.0,124858.0,124858.0,False,712245.25,25098.108005157177,107273.56920885103
2019-01-14 07:11:00,650565.0,795289.590405189,795290.0,0.0,144725.0,144725.0,False,689371.5,24780.975335256186,105918.09040518895
2019-01-14 07:12:00,626170.0,763280.35798789,763281.0,0.0,137111.0,137111.0,False,655623.5625,25187.768996328366,107656.79548789008
2019-01-14 07:13:00,662314.0,747125.0740206917,747126.0,0.0,84812.0,84812.0,False,638802.625,25343.507678125574,108322.44902069164
2019-01-14 07:14:00,638352.0,767650.6399051552,767651.0,0.0,129299.0,129299.0,False,658550.75,25525.400528617956,109099.88990515513
2019-01-14 07:15:00,671440.0,756949.4603695271,756950.0,0.0,85510.0,85510.0,False,648396.1875,25397.51205153242,108553.27286952715
2019-01-14 07:16:00,662209.0,772230.396918586,772231.0,0.0,110022.0,110022.0,False,662844.875,25592.22801628048,109385.52191858603
2019-01-14 07:17:00,656046.0,770322.4701402355,770323.0,0.0,114277.0,114277.0,False,660999.1875,25577.6662920671,109323.28264023553
2019-01-14 07:18:00,659270.0,778174.6831194462,778175.0,0.0,118905.0,118905.0,False,668832.125,25582.176052137984,109342.55811944614
2019-01-14 07:19:00,650664.0,772458.9455582798,772459.0,0.0,121795.0,121795.0,False,663116.75,25582.09122603051,109342.19555827981
2019-01-14 07:20:00,700867.0,802041.7205295569,802042.0,0.0,101175.0,101175.0,False,693071.625,25495.033372185557,108970.09552955687
2019-01-14 07:21:00,677473.0,782121.0458493563,782122.0,0.0,104649.0,104649.0,False,673059.5625,25516.4147934303,109061.48334935629
2019-01-14 07:22:00,692621.0,779422.7524559252,779423.0,0.0,86802.0,86802.0,False,673845.6875,24701.187801185555,105577.06495592519
2019-01-14 07:23:00,660290.0,801086.1476281688,801087.0,0.0,140797.0,140797.0,False,695410.625,24724.22331039936,105675.52262816887
2019-01-14 07:24:00,650556.0,768925.4157346006,768926.0,0.0,118370.0,118370.0,False,661636.3125,25101.742401391904,107289.10323460063
2019-01-14 07:25:00,653108.0,773275.1879372874,773276.0,0.0,120168.0,120168.0,False,665819.0625,25140.81951342618,107456.12543728735
2019-01-14 07:26:00,649248.0,759562.8148902819,759563.0,0.0,110315.0,110315.0,False,652443.9375,25061.915753900925,107118.87739028191
2019-01-14 07:27:00,641227.0,755054.8998049516,755055.0,0.0,113828.0,113828.0,False,648182.375,25004.27822175235,106872.52480495168
2019-01-14 07:28:00,646478.0,751404.0018343682,751405.0,0.0,104927.0,104927.0,False,644498.75,25011.935154630053,106905.25183436822
2019-01-14 07:29:00,650106.0,757240.6727195778,757241.0,0.0,107135.0,107135.0,False,651151.4375,24821.01698827222,106089.23521957773
2019-01-14 07:30:00,683820.0,779830.3276231491,779831.0,0.0,96011.0,96011.0,False,674082.1875,24741.21315930175,105748.14012314913
2019-01-14 07:31:00,691831.0,780981.6673073542,780982.0,0.0,89151.0,89151.0,False,675866.0,24593.237556753822,105115.6673073542
2019-01-14 07:32:00,681811.0,804680.2832736846,804681.0,0.0,122870.0,122870.0,False,700058.9375,24477.584322384766,104621.34577368453
2019-01-14 07:33:00,669725.0,789687.9510384582,789688.0,0.0,119963.0,119963.0,False,688573.125,23657.18642114978,101114.82603845814
2019-01-14 07:34:00,654064.0,771437.1393900317,771438.0,0.0,117374.0,117374.0,False,669899.5,23756.109345427194,101537.63939003168
2019-01-14 07:35:00,664397.0,768406.7817431258,768407.0,0.0,104010.0,104010.0,False,666701.3125,23795.375418240015,101705.4692431258
2019-01-14 07:36:00,657164.0,765655.1606690784,765656.0,0.0,108492.0,108492.0,False,664139.5,23750.967125247793,101515.66066907834
2019-01-14 07:37:00,648269.0,755392.0462761021,755393.0,0.0,107124.0,107124.0,False,654365.125,23636.619908484525,101026.92127610205
2019-01-14 07:38:00,634011.0,752923.536204384,752924.0,0.0,118913.0,118913.0,False,652109.4375,23586.82717826863,100814.0987043841
2019-01-14 07:39:00,642360.0,744340.7513472637,744341.0,0.0,101981.0,101981.0,False,643745.9375,23535.52250864224,100594.81384726366
2019-01-14 07:40:00,674563.0,762799.0830356356,762800.0,0.0,88237.0,88237.0,False,662508.25,23464.4020705138,100290.83303563566
2019-01-14 07:41:00,679018.0,779976.0412116424,779977.0,0.0,100959.0,100959.0,False,681350.125,23074.872174413944,98625.91621164247
2019-01-14 07:42:00,719074.0,782267.4777762826,782268.0,0.0,63194.0,63194.0,False,683821.75,23032.714643483487,98445.72777628258
2019-01-14 07:43:00,685398.0,796960.7003401787,796961.0,0.0,111563.0,111563.0,False,696404.4375,23526.502977114935,100556.26284017871
2019-01-14 07:44:00,657208.0,782380.3388479609,782381.0,0.0,125173.0,125173.0,False,681727.0625,23549.200604445075,100653.2763479609
2019-01-14 07:45:00,683871.0,765457.5514220096,765458.0,0.0,81587.0,81587.0,False,664251.4375,23678.544460952446,101206.1139220096
2019-01-14 07:46:00,670640.0,774588.030278746,774589.0,0.0,103949.0,103949.0,False,672843.375,23804.54352331514,101744.65527874602
2019-01-14 07:47:00,666924.0,775300.9672408553,775301.0,0.0,108377.0,108377.0,False,673567.0,23802.042911735592,101733.96724085536
2019-01-14 07:48:00,666366.0,774179.8425324792,774180.0,0.0,107814.0,107814.0,False,672448.625,23801.399580127298,101731.21753247923
2019-01-14 07:49:00,653233.0,768094.025889326,768095.0,0.0,114862.0,114862.0,False,667090.8125,23631.073126483454,101003.21338932603
2019-01-14 07:50:00,671816.0,767682.8700422563,767683.0,0.0,95867.0,95867.0,False,666725.1875,23620.420566624118,100957.68254225631
2019-01-14 07:51:00,685568.0,766247.4516922025,766248.0,0.0,80680.0,80680.0,False,665270.0625,23625.03120494273,100977.38919220248
2019-01-14 07:52:00,680803.0,810584.8628331017,810585.0,0.0,129782.0,129782.0,False,709087.75,23746.627607190934,101497.11283310162
2019-01-14 07:53:00,613708.0,793435.5378930012,793436.0,0.0,179728.0,179728.0,False,691220.6875,23914.55205428979,102214.85039300118
2019-01-14 07:54:00,670584.0,739335.5087826783,739336.0,0.0,68752.0,68752.0,False,629604.1875,25673.132472542267,109731.32128267834
2019-01-14 07:55:00,673500.0,793700.8671756141,793701.0,0.0,120201.0,120201.0,False,681423.75,26268.755986807853,112277.11717561414
2019-01-14 07:56:00,645388.0,783148.2677199936,783149.0,0.0,137761.0,137761.0,False,671031.5,26231.240054547812,112116.76771999362
2019-01-14 07:57:00,637624.0,763887.4319746679,763888.0,0.0,126264.0,126264.0,False,652223.4375,26125.307606351704,111663.99447466798
2019-01-14 07:58:00,640301.0,754013.4190104963,754014.0,0.0,113713.0,113713.0,False,647085.375,25017.267693692145,106928.04401049633
2019-01-14 07:59:00,666048.0,756233.8475606071,756234.0,0.0,90186.0,90186.0,False,650740.875,24681.513243550624,105492.97256060716
2019-01-14 08:00:00,777449.0,774126.4391798694,774127.0,3322.0,0.0,33220.0,False,670336.5,24283.065461479266,103789.93917986937
2019-01-14 08:01:00,728456.0,824065.0887979609,824066.0,0.0,95610.0,95610.0,False,718625.125,24669.111123812025,105439.96379796091
2019-01-14 08:02:00,728894.0,815270.3331818322,815271.0,0.0,86377.0,86377.0,False,709768.3125,24683.630174360576,105502.02068183228
2019-01-14 08:03:00,706179.0,824464.2549916342,824465.0,0.0,118286.0,118286.0,False,718767.6875,24729.147041940138,105696.56749163415
2019-01-14 08:04:00,665804.0,792304.4052096178,792305.0,0.0,126501.0,126501.0,False,686452.0,24765.607391922687,105852.40520961783
2019-01-14 08:05:00,685641.0,790946.1820412125,790947.0,0.0,105306.0,105306.0,False,685038.9375,24778.437798120995,105907.24454121244
2019-01-14 08:06:00,714086.0,816062.1850137621,816063.0,0.0,101977.0,101977.0,False,711460.0,24473.10140244893,104602.18501376208
2019-01-14 08:07:00,745982.0,825043.3313633061,825044.0,0.0,79062.0,79062.0,False,724297.25,23570.913597829483,100746.08136330609
2019-01-14 08:08:00,692925.0,856400.3164324779,856401.0,0.0,163476.0,163476.0,False,754751.9375,23782.01836492989,101648.37893247785
2019-01-14 08:09:00,732017.0,805382.812710801,805383.0,0.0,73366.0,73366.0,False,698743.5,24949.71508592802,106639.31271080098
2019-01-14 08:10:00,752072.0,850588.966352275,850589.0,0.0,98517.0,98517.0,False,742240.4375,25349.609408819015,108348.52885227503
2019-01-14 08:11:00,688850.0,842831.4772902327,842832.0,0.0,153982.0,153982.0,False,734586.1875,25325.45522854328,108245.28979023261
2019-01-14 08:12:00,680890.0,797559.9712228674,797560.0,0.0,116670.0,116670.0,False,688539.625,25506.79020415585,109020.34622286742
2019-01-14 08:13:00,677754.0,786834.1301047755,786835.0,0.0,109081.0,109081.0,False,678811.5,25273.36097200636,108022.6301047755
2019-01-14 08:14:00,702301.0,780571.083261275,780572.0,0.0,78271.0,78271.0,False,673486.875,25053.804440455504,107084.20826127492
2019-01-14 08:15:00,677834.0,809704.1223549347,809705.0,0.0,131871.0,131871.0,False,701735.9375,25260.622766584936,107968.18485493472
2019-01-14 08:16:00,661203.0,782685.8068224277,782686.0,0.0,121483.0,121483.0,False,674931.6875,25210.539228816335,107754.11932242764
2019-01-14 08:17:00,641663.0,786591.3027485369,786592.0,0.0,144929.0,144929.0,False,678665.75,25250.648406462962,107925.55274853694
2019-01-14 08:18:00,673638.0,765604.9895523719,765605.0,0.0,91967.0,91967.0,False,656058.9375,25629.786220650414,109546.05205237184
2019-01-14 08:19:00,654752.0,788397.3005500134,788398.0,0.0,133646.0,133646.0,False,678326.6875,25752.514388186904,110070.6130500134
2019-01-14 08:20:00,668647.0,784638.3718793292,784639.0,0.0,115992.0,115992.0,False,674101.5625,25861.587349132173,110536.80937932924
2019-01-14 08:21:00,670467.0,779578.598240836,779579.0,0.0,109112.0,109112.0,False,669195.25,25825.683032189027,110383.34824083603
2019-01-14 08:22:00,665844.0,778265.1238695035,778266.0,0.0,112422.0,112422.0,False,667933.875,25813.493676895385,110331.24886950353
2019-01-14 08:23:00,651876.0,782996.6740952677,782997.0,0.0,131121.0,131121.0,False,673341.8125,25655.243690554067,109654.86159526768
2019-01-14 08:24:00,641749.0,778125.2669763635,778126.0,0.0,136377.0,136377.0,False,669417.25,25433.716536338725,108708.01697636349
2019-01-14 08:25:00,666666.0,773097.6825374088,773098.0,0.0,106432.0,106432.0,False,663652.4375,25606.201050809595,109445.24503740873
2019-01-14 08:26:00,653309.0,770300.2172601558,770301.0,0.0,116992.0,116992.0,False,660915.75,25591.98126462129,109384.46726015584
2019-01-14 08:27:00,618999.0,758690.8971312178,758691.0,0.0,139692.0,139692.0,False,649281.4375,25597.828569160905,109409.45963121772
2019-01-14 08:28:00,639577.0,754772.7861553751,754773.0,0.0,115196.0,115196.0,False,644392.4375,25824.981238444077,110380.3486553751
2019-01-14 08:29:00,625300.0,753683.9900653596,753684.0,0.0,128384.0,128384.0,False,643349.1875,25814.32511229062,110334.8025653596
2019-01-14 08:30:00,652429.0,757923.1387889863,757924.0,0.0,105495.0,105495.0,False,647330.5,25874.649397535813,110592.63878898631
2019-01-14 08:31:00,681190.0,767932.4953475104,767933.0,0.0,86743.0,86743.0,False,657488.6875,25839.82837805059,110443.80784751044
2019-01-14 08:32:00,671928.0,772952.083454522,772953.0,0.0,101025.0,101025.0,False,661996.875,25959.477493516206,110955.20845452197
2019-01-14 08:33:00,668624.0,785520.3841750998,785521.0,0.0,116897.0,116897.0,False,674585.0625,25954.824711460995,110935.32167509975
2019-01-14 08:34:00,647810.0,774000.1983693151,774001.0,0.0,126191.0,126191.0,False,663378.1875,25881.521394523195,110622.01086931513
2019-01-14 08:35:00,688472.0,779706.1207832384,779707.0,0.0,91235.0,91235.0,False,669093.125,25879.412192734733,110612.99578323838
2019-01-14 08:36:00,689046.0,782129.1561613394,782130.0,0.0,93084.0,93084.0,False,670813.875,26043.72139210242,111315.28116133934
2019-01-14 08:37:00,670848.0,776870.0925444155,776871.0,0.0,106023.0,106023.0,False,664970.0,26180.545955350754,111900.0925444155
2019-01-14 08:38:00,652432.0,776195.9850008731,776196.0,0.0,123764.0,123764.0,False,664215.875,26199.267125712486,111980.11000087307
2019-01-14 08:39:00,646200.0,764737.4356382339,764738.0,0.0,118538.0,118538.0,False,652972.625,26148.894916632365,111764.81063823392
2019-01-14 08:40:00,680669.0,765435.8664854442,765436.0,0.0,84767.0,84767.0,False,653646.5,26154.64009049008,111789.36648544422
2019-01-14 08:41:00,659747.0,782407.5663938519,782408.0,0.0,122661.0,122661.0,False,669730.375,26362.358782104617,112677.19139385187
2019-01-14 08:42:00,667818.0,765130.3346433908,765131.0,0.0,97313.0,97313.0,False,652372.6875,26381.18249708359,112757.64714339083
2019-01-14 08:43:00,675868.0,773432.8653556395,773433.0,0.0,97565.0,97565.0,False,662174.3125,26030.44903476496,111258.55285563947
2019-01-14 08:44:00,656799.0,777725.7660326101,777726.0,0.0,120927.0,120927.0,False,666210.875,26090.42283165549,111514.8910326101
2019-01-14 08:45:00,681395.0,791334.2813624125,791335.0,0.0,109940.0,109940.0,False,680433.375,25946.772781789732,110900.90636241254
2019-01-14 08:46:00,668001.0,786512.878792893,786513.0,0.0,118512.0,118512.0,False,676251.125,25797.2343601647,110261.753792893
2019-01-14 08:47:00,667945.0,779045.7280863646,779046.0,0.0,111101.0,111101.0,False,668736.0625,25808.443974761638,110309.66558636453
2019-01-14 08:48:00,678172.0,774611.1546641133,774612.0,0.0,96440.0,96440.0,False,664323.4375,25803.30884337496,110287.71716411326
2019-01-14 08:49:00,667031.0,776116.5739891768,776117.0,0.0,109086.0,109086.0,False,665497.75,25880.77578064551,110618.8239891768
2019-01-14 08:50:00,678839.0,800805.5774685261,800806.0,0.0,121967.0,121967.0,False,690369.625,25837.990505482136,110435.95246852614
2019-01-14 08:51:00,647672.0,777158.7196863577,777159.0,0.0,129487.0,129487.0,False,666660.4375,25852.57338924002,110498.28218635764
2019-01-14 08:52:00,659282.0,760200.7139713131,760201.0,0.0,100919.0,100919.0,False,650025.5,25776.987193926292,110175.21397131312
2019-01-14 08:53:00,652899.0,777828.242388783,777829.0,0.0,124930.0,124930.0,False,668399.875,25602.252295760198,109428.36738878305
2019-01-14 08:54:00,656942.0,757357.1503762809,757358.0,0.0,100416.0,100416.0,False,655989.5,23716.338107663112,101367.6503762809
2019-01-14 08:55:00,689883.0,773433.086188018,773434.0,0.0,83551.0,83551.0,False,674782.125,23080.731786680914,98650.96118801793
2019-01-14 08:56:00,675873.0,765207.3803546329,765208.0,0.0,89335.0,89335.0,False,666197.6875,23164.66193070403,99009.6928546329
2019-01-14 08:57:00,673108.0,767635.2253045694,767636.0,0.0,94528.0,94528.0,False,669388.9375,22986.05295423868,98246.28780456932
2019-01-14 08:58:00,655842.0,769606.6372462626,769607.0,0.0,113765.0,113765.0,False,671639.1875,22920.815004621243,97967.44974626265
2019-01-14 08:59:00,649430.0,755968.2330005064,755969.0,0.0,106539.0,106539.0,False,657697.8125,22991.699126110754,98270.4205005064
2019-01-14 09:00:00,740629.0,784055.9287723675,784056.0,0.0,43427.0,43427.0,False,686096.375,22918.967634322238,97959.55377236755
2019-01-14 09:01:00,714909.0,769965.3958960419,769966.0,0.0,55057.0,55057.0,False,686511.375,19525.201271486036,83454.02089604188
2019-01-14 09:02:00,718401.0,771221.6976248686,771222.0,0.0,52821.0,52821.0,False,686372.9375,19851.519450906086,84848.76012486863
2019-01-14 09:03:00,701506.0,788865.4856559061,788866.0,0.0,87360.0,87360.0,False,702777.4375,20141.46771199101,86088.04815590619
2019-01-14 09:04:00,669117.0,772656.3501821536,772657.0,0.0,103540.0,103540.0,False,686798.625,20087.580525110367,85857.72518215362
2019-01-14 09:05:00,687572.0,766825.7306981896,766826.0,0.0,79254.0,79254.0,False,681158.625,20042.982508733166,85667.10569818957
2019-01-14 09:06:00,719695.0,782276.3559933654,782277.0,0.0,62582.0,62582.0,False,696516.375,20064.711945038176,85759.98099336545
2019-01-14 09:07:00,775031.0,802171.6360488209,802172.0,0.0,27141.0,27141.0,False,715419.625,20296.810845632324,86752.01104882096
2019-01-14 09:08:00,765094.0,863827.4042706583,863828.0,0.0,98734.0,98734.0,False,771787.9375,21533.88290129215,92039.4667706583
2019-01-14 09:09:00,770168.0,820132.4639465176,820133.0,0.0,49965.0,49965.0,False,734665.875,19996.06889219721,85466.58894651757
2019-01-14 09:10:00,786559.0,842988.0679223397,842989.0,0.0,56430.0,56430.0,True,757256.5625,20058.04969857445,85731.50542233969
2019-01-14 09:11:00,691588.0,827270.4837538019,827271.0,0.0,135683.0,135683.0,False,740274.75,20353.83308156643,86995.7337538019
2019-01-14 09:12:00,670145.0,754447.2586744674,754448.0,0.0,84303.0,84303.0,False,666952.125,20470.674473524097,87495.13367446739
2019-01-14 09:13:00,688286.0,748973.7586259858,748974.0,0.0,60688.0,60688.0,False,661613.875,20439.030888347177,87359.88362598584
2019-01-14 09:14:00,680151.0,764890.869489428,764891.0,0.0,84740.0,84740.0,False,676461.625,20689.222381415766,88429.24448942799
2019-01-14 09:15:00,696329.0,768290.0068272321,768291.0,0.0,71962.0,71962.0,False,681129.0,20392.500961062622,87161.00682723205
2019-01-14 09:16:00,687818.0,771549.8120163515,771550.0,0.0,83732.0,83732.0,False,685234.875,20194.551441437332,86314.93701635153
2019-01-14 09:17:00,676535.0,768601.5111394195,768602.0,0.0,92067.0,92067.0,False,682739.3125,20088.62715117534,85862.19863941956
2019-01-14 09:18:00,662186.0,756703.4228256071,756704.0,0.0,94518.0,94518.0,False,673534.1875,19458.571820654906,83169.23532560717
2019-01-14 09:19:00,663260.0,748987.7425416621,748988.0,0.0,85728.0,85728.0,False,665864.3125,19447.855052562456,83123.43004166208
2019-01-14 09:20:00,676233.0,763458.2907124417,763459.0,0.0,87226.0,87226.0,False,681550.1875,19163.512839971827,81908.10321244168
2019-01-14 09:21:00,674960.0,757361.3016665541,757362.0,0.0,82402.0,82402.0,False,675457.375,19162.535680355075,81903.92666655408
2019-01-14 09:22:00,682510.0,748610.8429270113,748611.0,0.0,66101.0,66101.0,False,666691.1875,19166.21563741864,81919.65542701136
2019-01-14 09:23:00,692175.0,758279.3440876461,758280.0,0.0,66105.0,66105.0,False,676097.125,19227.645970737845,82182.21908764611
2019-01-14 09:24:00,674646.0,759993.0265289056,759994.0,0.0,85348.0,85348.0,False,678659.4375,19029.097446364372,81333.58902890557
2019-01-14 09:25:00,692021.0,765060.0861322171,765061.0,0.0,73040.0,73040.0,False,685492.5,18615.91709107839,79567.58613221707
2019-01-14 09:26:00,678080.0,773663.0745960001,773664.0,0.0,95584.0,95584.0,False,694086.625,18617.990818772625,79576.44959600015
2019-01-14 09:27:00,672678.0,760640.5737742123,760641.0,0.0,87963.0,87963.0,False,680555.4375,18737.004973747702,80085.13627421224
2019-01-14 09:28:00,652276.0,746365.9219722184,746366.0,0.0,94090.0,94090.0,False,668287.9375,18267.40455790706,78077.98447221844
2019-01-14 09:29:00,626011.0,730245.6159583668,730246.0,0.0,104235.0,104235.0,False,651528.625,18416.90880134397,78716.99095836675
2019-01-14 09:30:00,703216.0,724266.6143275027,724267.0,0.0,21051.0,21051.0,False,644804.6875,18591.19666216912,79461.9268275027
2019-01-14 09:31:00,688930.0,754529.3040461255,754530.0,0.0,65600.0,65600.0,False,669683.75,19850.769345254146,84845.55404612552
2019-01-14 09:32:00,675681.0,749574.6595095964,749575.0,0.0,73894.0,73894.0,False,664994.25,19788.735180978052,84580.40950959641
2019-01-14 09:33:00,680449.0,754549.1640790721,754550.0,0.0,74101.0,74101.0,False,669954.0,19792.18721283455,84595.16407907206
2019-01-14 09:34:00,647808.0,751662.5553806854,751663.0,0.0,103855.0,103855.0,False,667231.0625,19753.894113753966,84431.49288068537
2019-01-14 09:35:00,675448.0,751800.6613405682,751801.0,0.0,76353.0,76353.0,False,667055.1875,19827.354222341946,84745.47384056821
2019-01-14 09:36:00,673288.0,740227.0565722313,740228.0,0.0,66940.0,66940.0,False,655832.6875,19745.20849472391,84394.36907223132
2019-01-14 09:37:00,651606.0,743883.804006711,743884.0,0.0,92278.0,92278.0,False,659525.6875,19736.726714807348,84358.11650671098
2019-01-14 09:38:00,662221.0,732491.8549304937,732492.0,0.0,70271.0,70271.0,False,647844.875,19804.3102347956,84646.97993049369
2019-01-14 09:39:00,666745.0,737217.0111854032,737218.0,0.0,70473.0,70473.0,False,652909.125,19724.974649143696,84307.8861854032
2019-01-14 09:40:00,686699.0,772443.2391231144,772444.0,0.0,85745.0,85745.0,False,688265.75,19694.466485977162,84177.48912311437
2019-01-14 09:41:00,654241.0,757370.3014884886,757371.0,0.0,103130.0,103130.0,False,673973.25,19511.872505096442,83397.05148848858
2019-01-14 09:42:00,667669.0,739345.3314653066,739346.0,0.0,71677.0,71677.0,False,655248.125,19675.683268158813,84097.20646530656
2019-01-14 09:43:00,685617.0,759095.9029922952,759096.0,0.0,73479.0,73479.0,False,675098.875,19652.245154241544,83997.02799229526
2019-01-14 09:44:00,650930.0,753938.3635520247,753939.0,0.0,103009.0,103009.0,False,670026.1875,19632.392890752366,83912.17605202466
2019-01-14 09:45:00,687839.0,751901.1843962467,751902.0,0.0,64063.0,64063.0,False,667328.0,19787.04476761211,84573.18439624662
2019-01-14 09:46:00,700489.0,756268.410303843,756269.0,0.0,55780.0,55780.0,False,671272.375,19885.97647863099,84996.03530384303
2019-01-14 09:47:00,675243.0,762116.8653699217,762117.0,0.0,86874.0,86874.0,False,676413.125,20051.55368758596,85703.74036992171
2019-01-14 09:48:00,680024.0,750835.9637196427,750836.0,0.0,70812.0,70812.0,False,665123.5,20053.594633692985,85712.46371964266
2019-01-14 09:49:00,661041.0,754210.608208279,754211.0,0.0,93170.0,93170.0,False,668465.0,20061.34923682315,85745.60820827902
2019-01-14 09:50:00,636701.0,766412.4383515561,766413.0,0.0,129712.0,129712.0,False,680400.625,20123.63154444813,86011.81335155605
2019-01-14 09:51:00,644088.0,729412.1785293653,729413.0,0.0,85325.0,85325.0,False,639752.875,20977.01139472774,89659.30352936538
2019-01-14 09:52:00,656196.0,732973.5635989284,732974.0,0.0,76778.0,76778.0,False,644297.625,20746.939817780938,88675.93859892838
2019-01-14 09:53:00,627141.0,755619.4929620684,755620.0,0.0,128479.0,128479.0,False,666895.125,20758.270524829048,88724.36796206844
2019-01-14 09:54:00,622829.0,725661.0989546577,725662.0,0.0,102833.0,102833.0,False,634256.875,21385.259219586886,91404.22395465767
2019-01-14 09:55:00,650976.0,726037.0142182243,726038.0,0.0,75062.0,75062.0,False,634221.75,21481.427670077974,91815.26421822431
2019-01-14 09:56:00,653012.0,759127.5093478669,759128.0,0.0,106116.0,106116.0,False,667250.5,21495.873781491904,91877.00934786686
2019-01-14 09:57:00,649299.0,745728.6186424999,745729.0,0.0,96430.0,96430.0,False,653317.5625,21620.82128002635,92411.05614249987
2019-01-14 09:58:00,649663.0,746937.0894786533,746938.0,0.0,97275.0,97275.0,False,654414.875,21646.828282002956,92522.2144786533
2019-01-14 09:59:00,649473.0,747034.9123385284,747035.0,0.0,97562.0,97562.0,False,655041.8125,21523.034727981194,91993.09983852846
2019-01-14 10:00:00,744728.0,754247.4630582557,754248.0,0.0,9520.0,9520.0,False,662355.125,21499.46014141035,91892.3380582557
2019-01-14 10:01:00,710968.0,787575.0757696382,787576.0,0.0,76608.0,76608.0,False,689971.0,22835.798729141232,97604.07576963819
2019-01-14 10:02:00,647593.0,784317.5470585942,784318.0,0.0,136725.0,136725.0,False,687174.375,22727.96404810029,97143.17205859421
2019-01-14 10:03:00,669281.0,755774.0682095889,755775.0,0.0,86494.0,86494.0,False,656874.0625,23138.999133862315,98900.00570958886
2019-01-14 10:04:00,667491.0,763313.1382334,763314.0,0.0,95823.0,95823.0,False,664331.9375,23157.99581209463,98981.20073339996
2019-01-14 10:05:00,672615.0,781543.6720908342,781544.0,0.0,108929.0,108929.0,False,683282.3125,22989.579203269994,98261.35959083428
2019-01-14 10:06:00,745045.0,796129.6307683928,796130.0,0.0,51085.0,51085.0,False,697546.75,23064.803448159233,98582.88076839282
2019-01-14 10:07:00,831890.0,844716.4206071404,844717.0,0.0,12827.0,12827.0,True,743808.4375,23608.792708993074,100907.9831071404
2019-01-14 10:08:00,813099.0,935501.534847175,935502.0,0.0,122403.0,122403.0,True,828799.125,24964.47751767341,106702.40984717496
2019-01-14 10:09:00,646409.0,863623.1293723517,863624.0,0.0,217215.0,217215.0,False,756515.0,25059.401109176746,107108.12937235166
2019-01-14 10:10:00,666122.0,763558.5807472724,763559.0,0.0,97437.0,97437.0,False,640778.0,28726.183898397834,122780.5807472723
2019-01-14 10:11:00,673414.0,779304.9642165317,779305.0,0.0,105891.0,105891.0,False,656772.375,28668.16291271799,122532.58921653166
2019-01-14 10:12:00,667635.0,784403.6014276672,784404.0,0.0,116769.0,116769.0,False,664931.75,27952.061750363384,119471.85142766724
2019-01-14 10:13:00,684217.0,774904.399869771,774905.0,0.0,90688.0,90688.0,False,655432.3125,27952.11695222203,119472.08736977102
2019-01-14 10:14:00,652581.0,793306.0877433695,793307.0,0.0,140726.0,140726.0,False,673701.75,27983.058722732487,119604.33774336954
2019-01-14 10:15:00,690042.0,781514.9721647792,781515.0,0.0,91473.0,91473.0,False,661175.375,28155.082647231746,120339.59716477922
2019-01-14 10:16:00,683727.0,798386.59056729,798387.0,0.0,114660.0,114660.0,False,677386.125,28309.701782828117,121000.46556728994
2019-01-14 10:17:00,689709.0,784362.2203978904,784363.0,0.0,94654.0,94654.0,False,663348.0625,28312.905289477392,121014.15789789039
2019-01-14 10:18:00,683678.0,802469.5461663996,802470.0,0.0,118792.0,118792.0,False,680902.625,28442.231761194926,121566.92116639957
2019-01-14 10:19:00,659764.0,790518.1958707436,790519.0,0.0,130755.0,130755.0,False,669234.3125,28376.011226003408,121283.88337074363
2019-01-14 10:20:00,686419.0,784673.2440231665,784674.0,0.0,98255.0,98255.0,False,663220.5,28415.518468314694,121452.74402316651
2019-01-14 10:21:00,671644.0,790582.925209203,790583.0,0.0,118939.0,118939.0,False,668773.6875,28498.92500639569,121809.23770920307
2019-01-14 10:22:00,682660.0,784670.0145780012,784671.0,0.0,102011.0,102011.0,False,662886.25,28492.965221493898,121783.76457800127
2019-01-14 10:23:00,669696.0,802111.6552300036,802112.0,0.0,132416.0,132416.0,False,680194.25,28524.23226651322,121917.4052300037
2019-01-14 10:24:00,639658.0,781154.6949766132,781155.0,0.0,141497.0,141497.0,False,659151.375,28544.333187975437,122003.31997661311
2019-01-14 10:25:00,634712.0,780919.4957608586,780920.0,0.0,146208.0,146208.0,False,658319.3125,28683.977457134995,122600.18326085866
2019-01-14 10:26:00,654334.0,763336.2960952296,763337.0,0.0,109003.0,109003.0,False,639849.1875,28891.485681189835,123487.10859522961
2019-01-14 10:27:00,649003.0,778557.9986684923,778558.0,0.0,129555.0,129555.0,False,655380.875,28818.960498811706,123177.12366849226
2019-01-14 10:28:00,594801.0,772761.2027744525,772762.0,0.0,177961.0,177961.0,False,649623.9375,28809.635086355487,123137.26527445245
2019-01-14 10:29:00,612645.0,739827.524393428,739828.0,0.0,127183.0,127183.0,False,613027.9375,29666.48495366732,126799.58689342802
2019-01-14 10:30:00,692248.0,757257.2716872214,757258.0,0.0,65010.0,65010.0,False,631436.125,29437.565582818814,125821.14668722132
2019-01-14 10:31:00,667742.0,785552.7262157232,785553.0,0.0,117811.0,117811.0,False,659405.625,29513.827070354317,126147.10121572317
2019-01-14 10:32:00,640824.0,780593.6095801137,780594.0,0.0,139770.0,139770.0,False,654721.5625,29449.474420827457,125872.04708011367
2019-01-14 10:33:00,607017.0,769207.1501407407,769208.0,0.0,162191.0,162191.0,False,643057.875,29514.33568962827,126149.27514074072
2019-01-14 10:34:00,631999.0,744731.7686663689,744732.0,0.0,112733.0,112733.0,False,616882.0,29912.18923811228,127849.7686663689
2019-01-14 10:35:00,635537.0,756109.3240531348,756110.0,0.0,120573.0,120573.0,False,628632.0625,29825.036141318804,127477.26155313471
2019-01-14 10:36:00,605726.0,763332.4130410413,763333.0,0.0,157607.0,157607.0,False,635872.9375,29820.87486230299,127459.47554104135
2019-01-14 10:37:00,623147.0,739050.418990613,739051.0,0.0,115904.0,115904.0,False,610618.875,30048.30347417527,128431.54399061296
2019-01-14 10:38:00,657828.0,752553.979969933,752554.0,0.0,94726.0,94726.0,False,624108.125,30051.651722092116,128445.85496993309
2019-01-14 10:39:00,645716.0,777189.327284889,777190.0,0.0,131474.0,131474.0,False,647751.9375,30283.634754447336,129437.38978488899
2019-01-14 10:40:00,670169.0,789413.2622075427,789414.0,0.0,119245.0,119245.0,False,660107.75,30252.780204681658,129305.51220754268
2019-01-14 10:41:00,646106.0,794129.1956266986,794130.0,0.0,148024.0,148024.0,False,664771.3125,30265.033092275462,129357.8831266985
2019-01-14 10:42:00,647548.0,780331.280421225,780332.0,0.0,132784.0,132784.0,False,651027.75,30252.316538865274,129303.53042122502
2019-01-14 10:43:00,639604.0,768472.5968810942,768473.0,0.0,128869.0,128869.0,False,639249.75,30233.43952918454,129222.84688109417
2019-01-14 10:44:00,619499.0,768602.7805535363,768603.0,0.0,149104.0,149104.0,False,639459.875,30214.736170212505,129142.90555353624
2019-01-14 10:45:00,635215.0,766673.6142648029,766674.0,0.0,131459.0,131459.0,False,637486.8125,30225.00628483171,129186.80176480285
2019-01-14 10:46:00,638273.0,760564.5915455827,760565.0,0.0,122292.0,122292.0,False,631770.875,30133.038660747072,128793.71654558273
2019-01-14 10:47:00,641732.0,763302.436249805,763303.0,0.0,121571.0,121571.0,False,635393.9375,29925.92993852994,127908.49874980502
2019-01-14 10:48:00,639966.0,768153.9928826842,768154.0,0.0,128188.0,128188.0,False,640222.625,29931.280482668804,127931.36788268418
2019-01-14 10:49:00,615677.0,766598.9256356724,766599.0,0.0,150922.0,150922.0,False,638887.125,29879.90974409324,127711.80063567244
2019-01-14 10:50:00,640985.0,780491.4073542969,780492.0,0.0,139507.0,139507.0,False,652167.625,30023.09117624374,128323.78235429693
2019-01-14 10:51:00,615854.0,764852.3988136598,764853.0,0.0,148999.0,148999.0,False,638751.625,29502.98814563911,126100.77381365975
2019-01-14 10:52:00,604547.0,758571.2520402955,758572.0,0.0,154025.0,154025.0,False,631785.375,29663.27734738375,126785.87704029548
2019-01-14 10:53:00,600439.0,752016.2494111011,752017.0,0.0,151578.0,151578.0,False,624454.25,29844.861713703987,127561.99941110115
2019-01-14 10:54:00,608249.0,733393.3461579861,733394.0,0.0,125145.0,125145.0,False,607050.6875,29559.580389119834,126342.6586579861
2019-01-14 10:55:00,643444.0,742633.1145387113,742634.0,0.0,99190.0,99190.0,False,616466.125,29518.480213547726,126166.98953871128
2019-01-14 10:56:00,633786.0,751534.070977303,751535.0,0.0,117749.0,117749.0,False,624849.5,29639.575418480716,126684.57097730298
2019-01-14 10:57:00,641155.0,752277.1766851898,752278.0,0.0,111123.0,111123.0,False,625803.0,29590.35081724793,126474.17668518987
2019-01-14 10:58:00,629122.0,763314.1825762914,763315.0,0.0,134193.0,134193.0,False,636644.8125,29636.018961301383,126669.37007629135
2019-01-14 10:59:00,631012.0,755079.626272711,755080.0,0.0,124068.0,124068.0,False,628358.625,29648.098780717588,126721.00127271096
2019-01-14 11:00:00,721881.0,784744.5515590999,784745.0,0.0,62864.0,62864.0,False,658085.1875,29633.677917724443,126659.36405909993
2019-01-14 11:01:00,680542.0,786903.7829057024,786904.0,0.0,106362.0,106362.0,False,663479.125,28876.874494461266,123424.65790570239
2019-01-14 11:02:00,666735.0,779606.3191320058,779607.0,0.0,112872.0,112872.0,False,656353.0,28836.78746203173,123253.31913200585
2019-01-14 11:03:00,654408.0,777407.080016621,777408.0,0.0,123000.0,123000.0,False,656191.1875,28360.103842547105,121215.89251662104
2019-01-14 11:04:00,656911.0,770714.3862863133,770715.0,0.0,113804.0,113804.0,False,649614.125,28333.05034625312,121100.26128631325
2019-01-14 11:05:00,665745.0,793779.7391010154,793780.0,0.0,128035.0,128035.0,False,672645.75,28340.941426436395,121133.98910101542
2019-01-14 11:06:00,704589.0,809282.7370318188,809283.0,0.0,104694.0,104694.0,False,688251.375,28316.93043019617,121031.36203181882
2019-01-14 11:07:00,727628.0,834803.0917233821,834804.0,0.0,107176.0,107176.0,False,716154.3125,27759.492833047196,118648.77922338208
2019-01-14 11:08:00,716151.0,837468.0188247421,837469.0,0.0,121318.0,121318.0,False,728846.9375,25413.376760287774,108621.08132474203
2019-01-14 11:09:00,707636.0,819847.200750363,819848.0,0.0,112212.0,112212.0,False,711348.375,25384.773408757406,108498.82575036297
2019-01-14 11:10:00,729727.0,804330.9476741609,804331.0,0.0,74604.0,74604.0,False,714856.5,20933.761857553553,89474.44767416098
2019-01-14 11:11:00,709399.0,784225.6264637132,784226.0,0.0,74827.0,74827.0,False,695398.0625,20782.41463054012,88827.56396371328
2019-01-14 11:12:00,629363.0,778494.9941250434,778495.0,0.0,149132.0,149132.0,False,689788.875,20754.00096163654,88706.11912504339
2019-01-14 11:13:00,636344.0,727950.1410990118,727951.0,0.0,91607.0,91607.0,False,632919.8125,22233.635633956186,95030.3285990118
2019-01-14 11:14:00,631246.0,729919.1684406326,729920.0,0.0,98674.0,98674.0,False,636154.8125,21937.444141998676,93764.35594063261
2019-01-14 11:15:00,669564.0,737659.1728285026,737660.0,0.0,68096.0,68096.0,False,644611.75,21769.707906377764,93047.42282850262
2019-01-14 11:16:00,659571.0,752433.8874832921,752434.0,0.0,92863.0,92863.0,False,659723.375,21690.88315677253,92710.51248329213
2019-01-14 11:17:00,641418.0,744607.8622587534,744608.0,0.0,103190.0,103190.0,False,651951.25,21678.272467420495,92656.61225875335
2019-01-14 11:18:00,654700.0,737971.6721051991,737972.0,0.0,83272.0,83272.0,False,646254.3125,21458.521556577394,91717.35960519909
2019-01-14 11:19:00,627644.0,737999.745023361,738000.0,0.0,110356.0,110356.0,False,646175.8125,21483.455737757155,91823.93252336101
2019-01-14 11:20:00,646752.0,752681.3125203922,752682.0,0.0,105930.0,105930.0,False,660440.125,21581.078209521776,92241.18752039224
2019-01-14 11:21:00,633629.0,744469.8835775575,744470.0,0.0,110841.0,110841.0,False,652866.5625,21431.840694696817,91603.32107755748
2019-01-14 11:22:00,623825.0,724608.3159862744,724609.0,0.0,100784.0,100784.0,False,632475.5,21555.72321771872,92132.81598627438
2019-01-14 11:23:00,622366.0,718799.4727587383,718800.0,0.0,96434.0,96434.0,False,627320.875,21402.659980849297,91478.5977587383
2019-01-14 11:24:00,599977.0,714320.1657358604,714321.0,0.0,114344.0,114344.0,False,622955.25,21376.06252809855,91364.91573586033
2019-01-14 11:25:00,630374.0,717944.729555788,717945.0,0.0,87571.0,87571.0,False,626351.5,21429.47964616291,91593.22955578797
2019-01-14 11:26:00,619149.0,719989.8074436064,719990.0,0.0,100841.0,100841.0,False,629175.25,21247.298733229112,90814.55744360646
2019-01-14 11:27:00,617099.0,709479.9112640884,709480.0,0.0,92381.0,92381.0,False,618957.875,21178.85943162401,90522.0362640884
2019-01-14 11:28:00,612139.0,727055.3441429441,727056.0,0.0,114917.0,114917.0,False,636573.25,21169.514430074887,90482.09414294403
2019-01-14 11:29:00,618739.0,699233.4492200925,699234.0,0.0,80495.0,80495.0,False,612770.25,20229.239397007543,86463.19922009253
2019-01-14 11:30:00,691799.0,738724.4400584437,738725.0,0.0,46926.0,46926.0,False,652178.8125,20248.524625921615,86545.62755844367
2019-01-14 11:31:00,660837.0,729453.5728543305,729454.0,0.0,68617.0,68617.0,False,646815.875,19334.211412389595,82637.6978543305
2019-01-14 11:32:00,641571.0,725411.1489135313,725412.0,0.0,83841.0,83841.0,False,642515.6875,19394.518696805757,82895.46141353129
2019-01-14 11:33:00,641490.0,722387.8825744311,722388.0,0.0,80898.0,80898.0,False,639798.875,19322.819660323104,82589.00757443118
2019-01-14 11:34:00,631144.0,715761.8658242613,715762.0,0.0,84618.0,84618.0,False,635516.0,18774.609834259976,80245.86582426135
2019-01-14 11:35:00,643329.0,723970.8949928276,723971.0,0.0,80642.0,80642.0,False,644154.3125,18674.17317034919,79816.58249282753
2019-01-14 11:36:00,640689.0,732852.1253570694,732853.0,0.0,92164.0,92164.0,False,653144.25,18648.739659985833,79707.87535706944
2019-01-14 11:37:00,623986.0,722421.2143100766,722422.0,0.0,98436.0,98436.0,False,644127.5,18317.877482509368,78293.7143100766
2019-01-14 11:38:00,614496.0,701380.1434545916,701381.0,0.0,86885.0,86885.0,False,622690.9375,18410.408122464585,78689.20595459161
2019-01-14 11:39:00,608629.0,696542.2272989991,696543.0,0.0,87914.0,87914.0,False,620169.0,17868.553471180127,76373.22729899905
2019-01-14 11:40:00,644785.0,726844.032755409,726845.0,0.0,82060.0,82060.0,False,650279.625,17913.282734677556,76564.407755409
2019-01-14 11:41:00,621814.0,719290.4045620451,719291.0,0.0,97477.0,97477.0,False,642988.0,17851.983530286023,76302.40456204512
2019-01-14 11:42:00,618576.0,703019.1915662645,703020.0,0.0,84444.0,84444.0,False,626538.5625,17893.681572861202,76480.62906626445
2019-01-14 11:43:00,612963.0,702620.5838171928,702621.0,0.0,89658.0,89658.0,False,626076.3125,17908.571541557805,76544.27131719286
2019-01-14 11:44:00,625762.0,695063.7732185607,695064.0,0.0,69302.0,69302.0,False,618301.4375,17959.590668990357,76762.33571856075
2019-01-14 11:45:00,652460.0,720541.1077249448,720542.0,0.0,68082.0,68082.0,False,644222.0,17855.891462030788,76319.10772494487
2019-01-14 11:46:00,649213.0,712525.6672904927,712526.0,0.0,63313.0,63313.0,False,636003.3125,17903.443872568354,76522.35479049264
2019-01-14 11:47:00,652162.0,716352.4994272813,716353.0,0.0,64191.0,64191.0,False,639521.625,17975.626230468253,76830.87442728128
2019-01-14 11:48:00,636488.0,724841.9946609477,724842.0,0.0,88354.0,88354.0,False,647734.1875,18040.418403516873,77107.80716094768
2019-01-14 11:49:00,611346.0,716488.3615977728,716489.0,0.0,105143.0,105143.0,False,639203.125,18081.930429280277,77285.23659777276
2019-01-14 11:50:00,637409.0,713936.488619161,713937.0,0.0,76528.0,76528.0,False,636217.75,18183.354112984438,77718.73861916095
2019-01-14 11:51:00,634353.0,708337.9692663266,708338.0,0.0,73985.0,73985.0,False,630778.0,18146.207867224795,77559.96926632659
2019-01-14 11:52:00,618924.0,702863.4508519435,702864.0,0.0,83940.0,83940.0,False,626166.8125,17944.21987807535,76696.63835194343
2019-01-14 11:53:00,632806.0,695154.235766212,695155.0,0.0,62349.0,62349.0,False,619756.75,17640.265491618928,75397.48576621199
2019-01-14 11:54:00,636917.0,702134.63874704,702135.0,0.0,65218.0,65218.0,False,627481.0625,17466.217759302912,74653.57624703989
2019-01-14 11:55:00,641165.0,715938.3624359608,715939.0,0.0,74774.0,74774.0,False,641101.0,17509.21703352686,74837.3624359608
2019-01-14 11:56:00,630171.0,711487.1923311977,711488.0,0.0,81317.0,81317.0,False,638180.5625,17151.081357379426,73306.62983119767
2019-01-14 11:57:00,624934.0,716289.9686644574,716290.0,0.0,91356.0,91356.0,False,643063.9375,17132.224204980786,73226.03116445747
2019-01-14 11:58:00,636242.0,715455.2631602105,715456.0,0.0,79214.0,79214.0,False,642189.1875,17141.59315845956,73266.07566021042
2019-01-14 11:59:00,630985.0,705357.2314940502,705358.0,0.0,74373.0,74373.0,False,632126.3125,17133.367779077696,73230.91899405025
2019-01-14 12:00:00,741291.0,726355.6839664147,726356.0,14935.0,0.0,149350.0,False,653158.5625,17125.460388607138,73197.12146641468
2019-01-14 12:01:00,698946.0,757281.6892223944,757282.0,0.0,58336.0,58336.0,False,676649.25,18865.053929388134,80632.43922239434
2019-01-14 12:02:00,687885.0,761185.237188854,761186.0,0.0,73301.0,73301.0,False,680145.75,18960.28832776632,81039.48718885405
2019-01-14 12:03:00,683916.0,762509.002206136,762510.0,0.0,78594.0,78594.0,False,681568.9375,18937.027088042494,80940.06470613605
2019-01-14 12:04:00,653657.0,747330.1425288715,747331.0,0.0,93674.0,93674.0,False,666371.1875,18941.446735526613,80958.95502887148
2019-01-14 12:05:00,667422.0,761584.9567299627,761585.0,0.0,94163.0,94163.0,False,680502.5,18970.341635320383,81082.45672996277
2019-01-14 12:06:00,727525.0,781341.8599778191,781342.0,0.0,53817.0,53817.0,False,700057.625,19017.550396016424,81284.23497781916
2019-01-14 12:07:00,742209.0,821355.4625700887,821356.0,0.0,79147.0,79147.0,False,739111.9375,19241.989337701907,82243.52507008873
2019-01-14 12:08:00,693795.0,826550.57446986,826551.0,0.0,132756.0,132756.0,False,744571.25,19180.176020139395,81979.32446985989
2019-01-14 12:09:00,731649.0,769262.6311494838,769263.0,0.0,37614.0,37614.0,False,683127.5,20152.4834175999,86135.1311494839
2019-01-14 12:10:00,718279.0,819155.0204237655,819156.0,0.0,100877.0,100877.0,False,728715.625,21159.52448498845,90439.39542376559
2019-01-14 12:11:00,658340.0,782467.851499497,782468.0,0.0,124128.0,124128.0,False,692325.625,21089.99778039499,90142.22649949697
2019-01-14 12:12:00,631281.0,742220.112420152,742221.0,0.0,110940.0,110940.0,False,650771.8125,21395.571390148274,91448.29992015209
2019-01-14 12:13:00,653198.0,723934.9843419029,723935.0,0.0,70737.0,70737.0,False,637824.8125,20146.643848710544,86110.17184190289
2019-01-14 12:14:00,665613.0,738375.2336913311,738376.0,0.0,72763.0,72763.0,False,651806.0625,20254.03297849532,86569.17119133109
2019-01-14 12:15:00,674893.0,751621.7568690762,751622.0,0.0,76729.0,76729.0,False,664679.0,20341.43842010014,86942.75686907613
2019-01-14 12:16:00,679167.0,751807.792475143,751808.0,0.0,72641.0,72641.0,False,665840.25,20113.273771830944,85967.54247514294
2019-01-14 12:17:00,700858.0,766774.1305937389,766775.0,0.0,65917.0,65917.0,False,680434.875,20200.241102798464,86339.25559373882
2019-01-14 12:18:00,713195.0,775569.1604689695,775570.0,0.0,62375.0,62375.0,False,688600.0625,20347.601278062037,86969.09796896955
2019-01-14 12:19:00,682285.0,785837.124633983,785838.0,0.0,103553.0,103553.0,False,697913.625,20570.89650581916,87923.49963398302
2019-01-14 12:20:00,681529.0,783282.0155048821,783283.0,0.0,101754.0,101754.0,False,695527.4375,20531.374997186154,87754.57800488213
2019-01-14 12:21:00,657407.0,759167.5003209189,759168.0,0.0,101761.0,101761.0,False,671398.3125,20534.79316201024,87769.1878209188
2019-01-14 12:22:00,649693.0,739023.7069113483,739024.0,0.0,89331.0,89331.0,False,651553.1875,20464.915632471373,87470.51941134821
2019-01-14 12:23:00,634782.0,739314.5703689711,739315.0,0.0,104533.0,104533.0,False,651965.25,20436.55947094775,87349.32036897112
2019-01-14 12:24:00,640529.0,726688.4453605423,726689.0,0.0,86160.0,86160.0,False,638876.0625,20544.899228003484,87812.38286054222
2019-01-14 12:25:00,634926.0,734705.9751515801,734706.0,0.0,99780.0,99780.0,False,647802.6875,20332.204060780325,86903.28765158012
2019-01-14 12:26:00,645115.0,728851.6212537466,728852.0,0.0,83737.0,83737.0,False,641687.125,20393.3173597728,87164.49625374659
2019-01-14 12:27:00,620424.0,731455.008799579,731456.0,0.0,111032.0,111032.0,False,644443.9375,20357.42150864392,87011.07129957902
2019-01-14 12:28:00,635618.0,727692.9595489957,727693.0,0.0,92075.0,92075.0,False,639692.625,20588.873077399454,88000.33454899574
2019-01-14 12:29:00,638888.0,737762.8873765115,737763.0,0.0,98875.0,98875.0,False,650763.5625,20354.673273482204,86999.3248765115
2019-01-14 12:30:00,714200.0,756087.8974240285,756088.0,0.0,41888.0,41888.0,False,668910.8125,20396.262650105797,87177.08492402852
2019-01-14 12:31:00,699087.0,759418.812620748,759419.0,0.0,60332.0,60332.0,False,671401.125,20592.933064144283,88017.68762074797
2019-01-14 12:32:00,658264.0,763746.92211486,763747.0,0.0,105483.0,105483.0,False,674746.875,20822.769405611714,89000.04711486
2019-01-14 12:33:00,661807.0,743279.6231774924,743280.0,0.0,81473.0,81473.0,False,653820.75,20930.11799259784,89458.87317749238
2019-01-14 12:34:00,646959.0,744162.4183386477,744163.0,0.0,97204.0,97204.0,False,654597.0,20955.045679649033,89565.4183386477
2019-01-14 12:35:00,657896.0,739143.6370179667,739144.0,0.0,81248.0,81248.0,False,649512.8125,20970.348343342048,89630.82451796667
2019-01-14 12:36:00,672032.0,751732.3403588026,751733.0,0.0,79701.0,79701.0,False,661981.4375,20998.442301523984,89750.90285880261
2019-01-14 12:37:00,655989.0,762689.4937926857,762690.0,0.0,106701.0,106701.0,False,673045.875,20973.341737624658,89643.61879268567
2019-01-14 12:38:00,645853.0,740773.8086302667,740774.0,0.0,94921.0,94921.0,False,651329.625,20926.681173579545,89444.18363026669
2019-01-14 12:39:00,651286.0,735600.6768682906,735601.0,0.0,84315.0,84315.0,False,646224.0625,20910.872427330018,89376.61436829064
2019-01-14 12:40:00,686312.0,767391.3936429045,767392.0,0.0,81080.0,81080.0,False,678233.5625,20859.685121258673,89157.83114290446
2019-01-14 12:41:00,664652.0,774985.6673019109,774986.0,0.0,110334.0,110334.0,False,685808.5625,20864.194455468092,89177.10480191096
2019-01-14 12:42:00,666079.0,742953.160786148,742954.0,0.0,76875.0,76875.0,False,653777.375,20863.885853821634,89175.785786148
2019-01-14 12:43:00,672824.0,751752.7851230113,751753.0,0.0,78929.0,78929.0,False,662507.0625,20880.248526361393,89245.72262301136
2019-01-14 12:44:00,654228.0,751565.8284803404,751566.0,0.0,97338.0,97338.0,False,662553.875,20825.55506147251,89011.95348034038
2019-01-14 12:45:00,687398.0,750765.6503197035,750766.0,0.0,63368.0,63368.0,False,661644.75,20851.044653748795,89120.90031970346
2019-01-14 12:46:00,684646.0,761167.1736301582,761168.0,0.0,76522.0,76522.0,False,671129.75,21065.477726169956,90037.42363015824
2019-01-14 12:47:00,692190.0,759713.1503280427,759714.0,0.0,67524.0,67524.0,False,669663.6875,21068.294459975194,90049.46282804267
2019-01-14 12:48:00,688334.0,767676.8760790458,767677.0,0.0,79343.0,79343.0,False,677102.5,21191.105041968283,90574.37607904582
2019-01-14 12:49:00,665056.0,765504.1603452283,765505.0,0.0,100449.0,100449.0,False,675089.4375,21153.752000251887,90414.72284522829
2019-01-14 12:50:00,686171.0,772903.2949238648,772904.0,0.0,86733.0,86733.0,False,683781.375,20851.28320398583,89121.91992386474
2019-01-14 12:51:00,687858.0,760847.9883710822,760848.0,0.0,72990.0,72990.0,False,671729.375,20850.5095910682,89118.61337108223
2019-01-14 12:52:00,692230.0,760837.1603528576,760838.0,0.0,68608.0,68608.0,False,671412.875,20922.02570141418,89424.28535285755
2019-01-14 12:53:00,670490.0,772283.3918183583,772284.0,0.0,101794.0,101794.0,False,682502.875,21005.370889440586,89780.51681835839
2019-01-14 12:54:00,672584.0,754396.2850849757,754397.0,0.0,81813.0,81813.0,False,664398.625,21056.174504891682,89997.66008497567
2019-01-14 12:55:00,680513.0,765332.6543108218,765333.0,0.0,84820.0,84820.0,False,675360.1875,21050.28019634595,89972.46681082173
2019-01-14 12:56:00,656299.0,764133.7005396208,764134.0,0.0,107835.0,107835.0,False,674166.0625,21049.15043976168,89967.63803962086
2019-01-14 12:57:00,652936.0,757791.5302212974,757792.0,0.0,104856.0,104856.0,False,667298.75,21172.014583194068,90492.78022129735
2019-01-14 12:58:00,663658.0,750806.4997324555,750807.0,0.0,87149.0,87149.0,False,660555.4375,21115.4613778194,90251.0622324555
2019-01-14 12:59:00,630999.0,746269.6585859889,746270.0,0.0,115271.0,115271.0,False,656150.8125,21084.527615211166,90118.8460859889
2019-01-14 13:00:00,740497.0,751133.3676594642,751134.0,0.0,10637.0,10637.0,False,659731.625,21384.678686887022,91401.74265946426
2019-01-14 13:01:00,705767.0,775558.4853279137,775559.0,0.0,69792.0,69792.0,False,686190.0,20908.970527963163,89368.4853279137
2019-01-14 13:02:00,697609.0,775989.1295262389,775990.0,0.0,78381.0,78381.0,False,686792.25,20868.821020712578,89196.87952623886
2019-01-14 13:03:00,681619.0,777993.6442578996,777994.0,0.0,96375.0,96375.0,False,688724.9375,20885.625976781695,89268.70675789958
2019-01-14 13:04:00,664706.0,763815.6197368596,763816.0,0.0,99110.0,99110.0,False,674393.4375,20921.533648871755,89422.18223685959
2019-01-14 13:05:00,721562.0,772801.1769674118,772802.0,0.0,51240.0,51240.0,False,683518.5625,20888.879874251656,89282.6144674118
2019-01-14 13:06:00,734820.0,821313.1841679725,821314.0,0.0,86494.0,86494.0,False,730355.3125,21280.82904184419,90957.87166797249
2019-01-14 13:07:00,734894.0,828858.1308169218,828859.0,0.0,93965.0,93965.0,False,738902.875,21046.253450643693,89955.25581692177
2019-01-14 13:08:00,744367.0,828583.7751072794,828584.0,0.0,84217.0,84217.0,False,738551.0625,21064.375518404333,90032.71260727939
2019-01-14 13:09:00,735943.0,825544.0519500482,825545.0,0.0,89602.0,89602.0,False,740563.75,19882.295446893728,84980.30195004816
2019-01-14 13:10:00,749838.0,814110.6285513864,814111.0,0.0,64273.0,64273.0,False,732777.375,19029.01895684388,81333.25355138643
2019-01-14 13:11:00,695986.0,798470.3629200758,798471.0,0.0,102485.0,102485.0,False,717104.3125,19036.692229567703,81366.05042007582
2019-01-14 13:12:00,654488.0,761572.4426915732,761573.0,0.0,107085.0,107085.0,False,681707.1875,18685.56080906607,79865.25519157317
2019-01-14 13:13:00,667640.0,737471.2062538024,737472.0,0.0,69832.0,69832.0,False,656822.3125,18868.903690419673,80648.89375380242
2019-01-14 13:14:00,658251.0,745337.6115234852,745338.0,0.0,87087.0,87087.0,False,664857.875,18829.32705968325,80479.73652348513
2019-01-14 13:15:00,697754.0,748576.9293524711,748577.0,0.0,50823.0,50823.0,False,668138.75,18819.604195289055,80438.1793524711
2019-01-14 13:16:00,681562.0,764903.714137863,764904.0,0.0,83342.0,83342.0,False,683236.6875,19107.109702172722,81667.02663786302
2019-01-14 13:17:00,678876.0,757965.5636776462,757966.0,0.0,79090.0,79090.0,False,676451.6875,19071.278072630517,81513.87617764619
2019-01-14 13:18:00,650106.0,758925.4987570544,758926.0,0.0,108820.0,108820.0,False,677992.4375,18935.388536041697,80933.0612570544
2019-01-14 13:19:00,658611.0,738099.8017985272,738100.0,0.0,79489.0,79489.0,False,656405.5,19113.491096333997,81694.30179852723
2019-01-14 13:20:00,678510.0,772530.8876523431,772531.0,0.0,94021.0,94021.0,False,691413.625,18978.48495343278,81117.26265234308
2019-01-14 13:21:00,661968.0,757880.4069181575,757881.0,0.0,95913.0,95913.0,False,676827.0625,18963.530414706038,81053.34441815746
2019-01-14 13:22:00,658523.0,739182.6273077797,739183.0,0.0,80660.0,80660.0,False,658075.4375,18976.128274684845,81107.18980777974
2019-01-14 13:23:00,657521.0,739492.7800900042,739493.0,0.0,81972.0,81972.0,False,658410.0,18970.41728979244,81082.78009000419
2019-01-14 13:24:00,662778.0,738892.5835785877,738893.0,0.0,76115.0,76115.0,False,658504.3125,18807.92747699291,80388.2710785878
2019-01-14 13:25:00,663867.0,763372.5040476859,763373.0,0.0,99506.0,99506.0,False,682978.875,18809.18104661033,80393.6290476859
2019-01-14 13:26:00,660927.0,749829.6798906082,749830.0,0.0,88903.0,88903.0,False,669003.0,18910.4991709866,80826.67989060823
2019-01-14 13:27:00,649026.0,761335.4642627158,761336.0,0.0,112310.0,112310.0,False,680311.0,18956.773510225023,81024.46426271574
2019-01-14 13:28:00,664308.0,734643.0939774221,734644.0,0.0,70336.0,70336.0,False,652810.6875,19145.802561054366,81832.40647742206
2019-01-14 13:29:00,655699.0,742644.0210337918,742645.0,0.0,86946.0,86946.0,False,660721.6875,19166.842216861485,81922.33353379187
2019-01-14 13:30:00,741333.0,767444.6290841352,767445.0,0.0,26112.0,26112.0,False,685797.6875,19102.410531151672,81646.94158413517
2019-01-14 13:31:00,701742.0,770430.7160849958,770431.0,0.0,68689.0,68689.0,False,686972.6875,19526.138924730523,83458.0285849958
2019-01-14 13:32:00,678805.0,762619.3603495351,762620.0,0.0,83815.0,83815.0,False,680050.1875,19318.179057131052,82569.17284953513
2019-01-14 13:33:00,686187.0,756856.6938855526,756857.0,0.0,70670.0,70670.0,False,674927.6875,19168.403421130417,81929.00638555257
2019-01-14 13:34:00,673956.0,755749.6604440857,755750.0,0.0,81794.0,81794.0,False,673735.75,19188.26787839475,82013.91044408573
2019-01-14 13:35:00,662692.0,767252.545091982,767253.0,0.0,104561.0,104561.0,False,685426.75,19144.255737665695,81825.795091982
2019-01-14 13:36:00,656913.0,755480.12310137,755481.0,0.0,98568.0,98568.0,False,672537.1875,19405.625927623358,82942.9356013699
2019-01-14 13:37:00,658650.0,749935.8149300633,749936.0,0.0,91286.0,91286.0,False,666536.875,19512.31433164284,83398.93993006328
2019-01-14 13:38:00,677514.0,744875.2966873256,744876.0,0.0,67362.0,67362.0,False,661959.8125,19399.203296590746,82915.48418732554
2019-01-14 13:39:00,669498.0,750953.3034798456,750954.0,0.0,81456.0,81456.0,False,667817.25,19450.808477318085,83136.05347984559
2019-01-14 13:40:00,699706.0,779513.1074142604,779514.0,0.0,79808.0,79808.0,False,696390.0,19447.77956950141,83123.10741426038
2019-01-14 13:41:00,684298.0,778593.2169706117,778594.0,0.0,94296.0,94296.0,False,695530.125,19433.73814161027,83063.09197061173
2019-01-14 13:42:00,691805.0,764814.4990366728,764815.0,0.0,73010.0,73010.0,False,682427.0,19275.67400196644,82387.49903667282
2019-01-14 13:43:00,703089.0,777018.070416058,777019.0,0.0,73930.0,73930.0,False,694722.25,19254.224543922635,82295.820416058
2019-01-14 13:44:00,675971.0,769288.3821957649,769289.0,0.0,93318.0,93318.0,False,687043.25,19242.365346574326,82245.1321957649
2019-01-14 13:45:00,703432.0,760775.6453662654,760776.0,0.0,57344.0,57344.0,False,678408.8125,19270.83887080819,82366.8328662654
2019-01-14 13:46:00,713309.0,767536.992300193,767537.0,0.0,54228.0,54228.0,False,685232.625,19256.224203509882,82304.36730019296
2019-01-14 13:47:00,695968.0,772270.9230025666,772271.0,0.0,76303.0,76303.0,False,688979.75,19487.10079576775,83291.17300256657
2019-01-14 13:48:00,689171.0,769209.691226907,769210.0,0.0,80039.0,80039.0,False,686625.8125,19321.61969680875,82583.87872690693
2019-01-14 13:49:00,675775.0,761015.9340029946,761016.0,0.0,85241.0,85241.0,False,678583.75,19286.128656539986,82432.18400299456
2019-01-14 13:50:00,705484.0,767230.1834975225,767231.0,0.0,61747.0,61747.0,False,685026.875,19232.58012451632,82203.30849752248
2019-01-14 13:51:00,693565.0,771282.5394036813,771283.0,0.0,77718.0,77718.0,False,688474.5625,19374.0505079202,82807.97690368125
2019-01-14 13:52:00,682709.0,762956.7709028515,762957.0,0.0,80248.0,80248.0,False,680482.125,19296.06319453077,82474.64590285144
2019-01-14 13:53:00,676072.0,766602.9110187883,766603.0,0.0,90531.0,90531.0,False,684772.875,19145.247960072506,81830.03601878833
2019-01-14 13:54:00,687431.0,752073.4476612258,752074.0,0.0,64643.0,64643.0,False,670396.3125,19109.47472846022,81677.13516122584
2019-01-14 13:55:00,686696.0,775647.9140865669,775648.0,0.0,88952.0,88952.0,False,693626.125,19190.111193774148,82021.78908656687
2019-01-14 13:56:00,689496.0,770119.7022331416,770120.0,0.0,80624.0,80624.0,False,687963.375,19221.588219834237,82156.3272331416
2019-01-14 13:57:00,677781.0,764072.5422502927,764073.0,0.0,86292.0,86292.0,False,682663.125,19046.838488302754,81409.41725029272
2019-01-14 13:58:00,665077.0,755760.407829209,755761.0,0.0,90684.0,90684.0,False,674778.9375,18946.714495738248,80981.47032920895
2019-01-14 13:59:00,665301.0,749446.7930290183,749447.0,0.0,84146.0,84146.0,False,668192.0,19010.6620523514,81254.79302901837
2019-01-14 14:00:00,771019.0,775593.0256342648,775594.0,0.0,4575.0,4575.0,False,695725.375,18686.121255407495,79867.6506342648
2019-01-14 14:01:00,738118.0,786324.9682738726,786325.0,0.0,48207.0,48207.0,False,708046.4375,18314.325088062556,78278.53077387264
2019-01-14 14:02:00,704653.0,784731.7885917362,784732.0,0.0,80079.0,80079.0,False,705553.1875,18524.908759479298,79178.60109173627
2019-01-14 14:03:00,716192.0,778897.596545613,778898.0,0.0,62706.0,62706.0,False,699823.625,18500.429256573785,79073.97154561299
2019-01-14 14:04:00,701489.0,779963.2515443432,779964.0,0.0,78475.0,78475.0,False,700718.125,18540.47329235476,79245.12654434315
2019-01-14 14:05:00,726021.0,787545.495689351,787546.0,0.0,61525.0,61525.0,False,708601.375,18470.04888572324,78944.12068935097
2019-01-14 14:06:00,697961.0,806798.7867974397,806799.0,0.0,108838.0,108838.0,False,729852.4375,18002.64314418233,76946.34929743965
2019-01-14 14:07:00,791135.0,798558.7459380525,798559.0,0.0,7424.0,7424.0,True,719320.0,18538.98046288147,79238.74593805254
2019-01-14 14:08:00,773341.0,882090.9817146981,882091.0,0.0,108750.0,108750.0,False,794253.25,20550.829936603048,87837.73171469817
2019-01-14 14:09:00,796844.0,843074.6065334777,843075.0,0.0,46231.0,46231.0,True,754246.9375,20782.439213038062,88827.66903347765
2019-01-14 14:10:00,794042.0,879140.2230152598,879141.0,0.0,85099.0,85099.0,True,787819.375,21365.752286542032,91320.84801525979
2019-01-14 14:11:00,751432.0,850752.6136607664,850753.0,0.0,99321.0,99321.0,False,759720.25,21298.257454960756,91032.36366076638
2019-01-14 14:12:00,704617.0,826444.6584529305,826445.0,0.0,121828.0,121828.0,False,736204.9375,21112.807931490228,90239.72095293054
2019-01-14 14:13:00,701282.0,772866.0949955247,772867.0,0.0,71585.0,71585.0,False,682138.875,21226.86495144096,90727.21999552473
2019-01-14 14:14:00,715127.0,781182.6280996297,781183.0,0.0,66056.0,66056.0,False,690143.3125,21299.883955446592,91039.31559962964
2019-01-14 14:15:00,725309.0,800406.873286219,800407.0,0.0,75098.0,75098.0,False,708834.0,21424.717020513424,91572.87328621894
2019-01-14 14:16:00,725174.0,805774.9372097851,805775.0,0.0,80601.0,80601.0,False,715025.75,21232.004479473297,90749.18720978506
2019-01-14 14:17:00,720080.0,805261.1423207278,805262.0,0.0,85182.0,85182.0,False,714513.125,21231.730768044385,90748.01732072781
2019-01-14 14:18:00,715040.0,800352.0982709383,800353.0,0.0,85313.0,85313.0,False,709608.25,21230.755362241543,90743.84827093824
2019-01-14 14:19:00,681257.0,795155.8573891113,795156.0,0.0,113899.0,113899.0,False,706209.8125,20810.134851691717,88946.0448891113
2019-01-14 14:20:00,725500.0,788973.8628032921,788974.0,0.0,63474.0,63474.0,False,698541.625,21157.849862497293,90432.23780329208
2019-01-14 14:21:00,710066.0,821170.7243116179,821171.0,0.0,111105.0,111105.0,False,730447.0,21226.047088728898,90723.7243116179
2019-01-14 14:22:00,704335.0,785350.3794053285,785351.0,0.0,81016.0,81016.0,False,694205.875,21324.49430472308,91144.50440532858
2019-01-14 14:23:00,697944.0,787833.1770463241,787834.0,0.0,89890.0,89890.0,False,696684.9375,21325.368191672245,91148.23954632417
2019-01-14 14:24:00,702886.0,778111.4848708932,778112.0,0.0,75226.0,75226.0,False,686999.75,21316.82742721912,91111.73487089324
2019-01-14 14:25:00,707264.0,800841.2062231187,800842.0,0.0,93578.0,93578.0,False,709547.5,21359.40209575754,91293.70622311874
2019-01-14 14:26:00,675947.0,788001.6901101847,788002.0,0.0,112055.0,112055.0,False,697628.625,21144.00560753758,90373.06511018467
2019-01-14 14:27:00,650073.0,770600.7902396162,770601.0,0.0,120528.0,120528.0,False,679291.5625,21363.033565282873,91309.22773961614
2019-01-14 14:28:00,666228.0,750785.4199095691,750786.0,0.0,84558.0,84558.0,False,659723.25,21305.23103155746,91062.16990956911
2019-01-14 14:29:00,666287.0,752504.7619765956,752505.0,0.0,86218.0,86218.0,False,661500.5625,21291.668061679553,91004.19947659559
2019-01-14 14:30:00,733886.0,779495.4702648093,779496.0,0.0,45610.0,45610.0,False,688678.125,21247.95098185069,90817.34526480931
2019-01-14 14:31:00,703323.0,784422.1802487455,784423.0,0.0,81100.0,81100.0,False,695169.6875,20881.832489197135,89252.49274874551
2019-01-14 14:32:00,686919.0,773153.6288251635,773154.0,0.0,86235.0,86235.0,False,684037.5,20849.928297817012,89116.12882516351
2019-01-14 14:33:00,681979.0,766306.9579966398,766307.0,0.0,84328.0,84328.0,False,677255.5,20834.797679426654,89051.45799663982
2019-01-14 14:34:00,682894.0,768007.4050747484,768008.0,0.0,85114.0,85114.0,False,679014.25,20821.1569192521,88993.15507474841
2019-01-14 14:35:00,691956.0,785437.9622646354,785438.0,0.0,93482.0,93482.0,False,696486.25,20811.460811143417,88951.71226463543
2019-01-14 14:36:00,687738.0,774195.4846776616,774196.0,0.0,86458.0,86458.0,False,686446.6875,20530.022494169698,87748.79717766157
2019-01-14 14:37:00,650667.0,773759.5163632412,773760.0,0.0,123093.0,123093.0,False,686777.125,20350.711448140704,86982.3913632412
2019-01-14 14:38:00,667975.0,747623.5901967988,747624.0,0.0,79649.0,79649.0,False,657942.6875,20982.064813207828,89680.90269679879
2019-01-14 14:39:00,668036.0,754081.9812829732,754082.0,0.0,86046.0,86046.0,False,664538.6875,20949.869339456556,89543.29378297314
2019-01-14 14:40:00,703648.0,786121.2572755648,786122.0,0.0,82474.0,82474.0,False,696595.5,20945.766435449423,89525.75727556484
2019-01-14 14:41:00,684932.0,787670.1365787096,787671.0,0.0,102739.0,102739.0,False,698148.0625,20944.90470153714,89522.07407870953
2019-01-14 14:42:00,679686.0,762524.4508711522,762525.0,0.0,82839.0,82839.0,False,672882.9375,20972.849145670905,89641.51337115222
2019-01-14 14:43:00,679125.0,763587.484886101,763588.0,0.0,84463.0,84463.0,False,673969.0625,20967.44669620423,89618.42238610103
2019-01-14 14:44:00,674808.0,761991.7853482658,761992.0,0.0,87184.0,87184.0,False,672388.1875,20963.97829430003,89603.59784826581
2019-01-14 14:45:00,681444.0,777111.2586164443,777112.0,0.0,95668.0,95668.0,False,687958.75,20858.439843927612,89152.50861644428
2019-01-14 14:46:00,682058.0,769454.9823396693,769455.0,0.0,87397.0,87397.0,False,680725.3125,20759.510971079104,88729.66983966925
2019-01-14 14:47:00,662869.0,761387.2243652134,761388.0,0.0,98519.0,98519.0,False,673566.375,20546.88008172386,87820.84936521348
2019-01-14 14:48:00,673340.0,750494.3308945171,750495.0,0.0,77155.0,77155.0,False,662285.8125,20637.580514640144,88208.51839451713
2019-01-14 14:49:00,646842.0,757161.9388278382,757162.0,0.0,110320.0,110320.0,False,668883.125,20654.027085689962,88278.81382783818
2019-01-14 14:50:00,656150.0,766440.0162713956,766441.0,0.0,110291.0,110291.0,False,677057.625,20912.224012246355,89382.39127139562
2019-01-14 14:51:00,666918.0,758494.0826726293,758495.0,0.0,91577.0,91577.0,False,668544.75,21044.867650615986,89949.33267262932
2019-01-14 14:52:00,658791.0,750450.7397573565,750451.0,0.0,91660.0,91660.0,False,660463.25,21053.79501865926,89987.48975735644
2019-01-14 14:53:00,654670.0,753230.6473337627,753231.0,0.0,98561.0,98561.0,False,663203.0,21063.19042889221,90027.6473337627
2019-01-14 14:54:00,638675.0,747085.1988823634,747086.0,0.0,108411.0,108411.0,False,657064.3125,21061.608612516666,90020.88638236339
2019-01-14 14:55:00,681135.0,746239.2977267082,746240.0,0.0,65105.0,65105.0,False,655779.25,21164.35637166503,90460.04772670822
2019-01-14 14:56:00,657109.0,769642.3979824408,769643.0,0.0,112534.0,112534.0,False,678506.5625,21322.466092512634,91135.83548244073
2019-01-14 14:57:00,664234.0,750616.5549805551,750617.0,0.0,86383.0,86383.0,False,658491.625,21553.878179609783,92124.92998055508
2019-01-14 14:58:00,665722.0,775496.8477922608,775497.0,0.0,109775.0,109775.0,False,683460.3125,21533.1970421194,92036.53529226079
2019-01-14 14:59:00,657899.0,754244.7611724278,754245.0,0.0,96346.0,96346.0,False,661765.625,21636.749527373093,92479.13617242785
2019-01-14 15:00:00,765198.0,770710.8414064152,770711.0,0.0,5513.0,5513.0,False,678211.5625,21641.462193474003,92499.27890641522
2019-01-14 15:01:00,710831.0,797832.5896060597,797833.0,0.0,87002.0,87002.0,False,702372.5,22334.184056562455,95460.08960605974
2019-01-14 15:02:00,680218.0,788400.6581152548,788401.0,0.0,108183.0,108183.0,False,694075.5,22068.65142494824,94325.15811525482
2019-01-14 15:03:00,646589.0,772571.0773515189,772572.0,0.0,125983.0,125983.0,False,677829.0,22166.195340922648,94742.07735151889
2019-01-14 15:04:00,558971.0,755408.1743720346,755409.0,0.0,196438.0,196438.0,False,659217.1875,22505.18739557131,96190.9868720346
2019-01-14 15:05:00,655702.0,716030.3531729189,716031.0,0.0,60329.0,60329.0,False,604829.25,26017.007901479137,111201.10317291894
2019-01-14 15:06:00,720600.0,791406.6812147633,791407.0,0.0,70807.0,70807.0,False,677147.875,26732.399043564623,114258.80621476326
2019-01-14 15:07:00,721783.0,846423.3098753715,846424.0,0.0,124641.0,124641.0,False,731250.875,26946.154873352585,115172.43487537156
2019-01-14 15:08:00,707607.0,817658.6752411037,817659.0,0.0,110052.0,110052.0,False,709126.625,25392.54672946612,108532.05024110377
2019-01-14 15:09:00,694493.0,781049.8247551583,781050.0,0.0,86557.0,86557.0,False,673165.0625,25241.104916710992,107884.76225515826
2019-01-14 15:10:00,705604.0,804315.9719207551,804316.0,0.0,98712.0,98712.0,False,698328.625,24797.178837391515,105987.34692075511
2019-01-14 15:11:00,696239.0,768989.358090673,768990.0,0.0,72751.0,72751.0,False,662983.0,24801.62675871474,106006.35809067296
2019-01-14 15:12:00,653828.0,784428.3919242406,784429.0,0.0,130601.0,130601.0,False,677038.9375,25125.220924709483,107389.45442424058
2019-01-14 15:13:00,680755.0,755599.6740365261,755600.0,0.0,74845.0,74845.0,False,648892.4375,24965.606787180688,106707.23653652618
2019-01-14 15:14:00,674554.0,780770.2500004775,780771.0,0.0,106217.0,106217.0,False,673192.125,25169.362967662953,107578.12500047749
2019-01-14 15:15:00,689131.0,785301.8203221995,785302.0,0.0,96171.0,96171.0,False,678519.1875,24983.246771894268,106782.63282219945
2019-01-14 15:16:00,681168.0,801971.9398392522,801972.0,0.0,120804.0,120804.0,False,695398.0,24934.420215040056,106573.93983925214
2019-01-14 15:17:00,636609.0,786003.790149809,786004.0,0.0,149395.0,149395.0,False,679230.75,24981.00243594563,106773.04014980898
2019-01-14 15:18:00,643489.0,770655.4942647131,770656.0,0.0,127167.0,127167.0,False,661337.1875,25576.502118429536,109318.30676471317
2019-01-14 15:19:00,638525.0,758291.9436854324,758292.0,0.0,119767.0,119767.0,False,648596.375,25664.767666991753,109695.56868543247
2019-01-14 15:20:00,662755.0,777027.5227997425,777028.0,0.0,114273.0,114273.0,False,668039.0,25499.344682238643,108988.52279974257
2019-01-14 15:21:00,654014.0,784091.1697921426,784092.0,0.0,130078.0,130078.0,False,676137.25,25257.28526146325,107953.91979214262
2019-01-14 15:22:00,643978.0,759081.3034813276,759082.0,0.0,115104.0,115104.0,False,651027.3125,25280.69827487273,108053.99098132763
2019-01-14 15:23:00,652303.0,761424.575196253,761425.0,0.0,109122.0,109122.0,False,653495.3125,25251.516399102326,107929.26269625302
2019-01-14 15:24:00,632856.0,763376.2404120356,763377.0,0.0,130521.0,130521.0,False,655455.5,25249.522494999794,107920.74041203562
2019-01-14 15:25:00,630557.0,772504.73874078,772505.0,0.0,141948.0,141948.0,False,664386.9375,25295.627551444624,108117.80124078001
2019-01-14 15:26:00,637485.0,774493.0741443536,774494.0,0.0,137009.0,137009.0,False,664968.9375,25624.658813391798,109524.13664435358
2019-01-14 15:27:00,620969.0,750807.6211100275,750808.0,0.0,129839.0,129839.0,False,640926.8125,25708.107062414518,109880.80861002752
2019-01-14 15:28:00,612534.0,740983.857777962,740984.0,0.0,128450.0,128450.0,False,631673.75,25574.583854158755,109310.10777796204
2019-01-14 15:29:00,620130.0,733333.5442081625,733334.0,0.0,113204.0,113204.0,False,623754.125,25637.592919784543,109579.41920816245
2019-01-14 15:30:00,723308.0,758760.8198175594,758761.0,0.0,35453.0,35453.0,False,649261.0625,25618.954938882114,109499.75731755942
2019-01-14 15:31:00,675046.0,787272.4767335411,787273.0,0.0,112227.0,112227.0,False,672887.1875,26761.991463109516,114385.28923354117
2019-01-14 15:32:00,659748.0,778115.1694579787,778116.0,0.0,118368.0,118368.0,False,663851.5625,26733.522242621148,114263.60695797867
2019-01-14 15:33:00,662148.0,780448.6901757249,780449.0,0.0,118301.0,118301.0,False,666221.625,26724.97279652302,114227.06517572494
2019-01-14 15:34:00,632958.0,772120.9202761266,772121.0,0.0,139163.0,139163.0,False,657964.9375,26708.34210402773,114155.98277612662
2019-01-14 15:35:00,659655.0,767664.5032262371,767665.0,0.0,108010.0,108010.0,False,652928.75,26843.987272566337,114735.75322623714
2019-01-14 15:36:00,656058.0,797929.6300568134,797930.0,0.0,141872.0,141872.0,False,683066.5625,26873.774188793428,114863.06755681332
2019-01-14 15:37:00,644127.0,791073.2037796497,791074.0,0.0,146947.0,146947.0,False,675495.9375,27040.87067691338,115577.26627964964
2019-01-14 15:38:00,634197.0,762606.8238905648,762607.0,0.0,128410.0,128410.0,False,647407.8125,26952.372809920205,115199.01139056489
2019-01-14 15:39:00,660435.0,759656.7933286761,759657.0,0.0,99222.0,99222.0,False,644585.0,26922.608417059597,115071.7933286761
2019-01-14 15:40:00,672545.0,814255.4494546822,814256.0,0.0,141711.0,141711.0,False,698745.75,27025.062500835094,115509.69945468217
2019-01-14 15:41:00,655368.0,781539.9033972358,781540.0,0.0,126172.0,126172.0,False,665536.0,27140.68822316599,116003.90339723584
2019-01-14 15:42:00,638338.0,778897.754493757,778898.0,0.0,140560.0,140560.0,False,662954.0,27126.615570535556,115943.75449375702
2019-01-14 15:43:00,673048.0,771588.867544361,771589.0,0.0,98541.0,98541.0,False,655274.875,27213.237789318897,116313.99254436106
2019-01-14 15:44:00,657644.0,779913.214097628,779914.0,0.0,122270.0,122270.0,False,663070.875,27336.85163899169,116842.33909762804
2019-01-14 15:45:00,680473.0,783129.7106316496,783130.0,0.0,102657.0,102657.0,False,666349.25,27322.374331731637,116780.46063164964
2019-01-14 15:46:00,667439.0,791019.9965246031,791020.0,0.0,123581.0,123581.0,False,673797.6875,27425.75076238493,117222.30902460306
2019-01-14 15:47:00,656464.0,778113.001861085,778114.0,0.0,121650.0,121650.0,False,660926.6875,27417.3293221434,117186.3143610849
2019-01-14 15:48:00,659987.0,776139.0999916886,776140.0,0.0,116153.0,116153.0,False,659005.5,27404.996079702694,117133.59999168858
2019-01-14 15:49:00,644980.0,775300.2876834292,775301.0,0.0,130321.0,130321.0,False,658438.6875,27341.358031529,116861.60018342915
2019-01-14 15:50:00,670878.0,787975.800759134,787976.0,0.0,117098.0,117098.0,False,671413.75,27271.2743766335,116562.05075913404
2019-01-14 15:51:00,644838.0,779592.6736780903,779593.0,0.0,134755.0,134755.0,False,663381.9375,27189.07956048399,116210.73617809027
2019-01-14 15:52:00,651658.0,766799.8718929264,766800.0,0.0,115142.0,115142.0,False,650324.1875,27251.067792634498,116475.68439292643
2019-01-14 15:53:00,635747.0,777320.7365990386,777321.0,0.0,141574.0,141574.0,False,660813.25,27258.50835054352,116507.48659903863
2019-01-14 15:54:00,622100.0,762961.6677524738,762962.0,0.0,140862.0,140862.0,False,645916.625,27384.276911217476,117045.04275247389
2019-01-14 15:55:00,642256.0,770010.2877247431,770011.0,0.0,127755.0,127755.0,False,652731.25,27439.02321200702,117279.03772474307
2019-01-14 15:56:00,647781.0,762681.281295888,762682.0,0.0,114901.0,114901.0,False,646551.75,27170.08057574722,116129.53129588802
2019-01-14 15:57:00,641890.0,760679.2782936842,760680.0,0.0,118790.0,118790.0,False,644853.75,27098.95494583229,115825.52829368426
2019-01-14 15:58:00,636819.0,762827.8863084204,762828.0,0.0,126009.0,126009.0,False,647145.25,27065.523425788044,115682.63630842039
2019-01-14 15:59:00,660884.0,760031.8343833247,760032.0,0.0,99148.0,99148.0,False,644528.25,27023.63179686467,115503.58438332469
2019-01-14 16:00:00,744411.0,807689.0704563225,807690.0,0.0,63279.0,63279.0,False,691607.1875,27158.93259976858,116081.88295632246
2019-01-14 16:01:00,718809.0,801930.1232543805,801931.0,0.0,83122.0,83122.0,False,692745.5,25545.225046121966,109184.62325438057
2019-01-14 16:02:00,680483.0,806171.1401213517,806172.0,0.0,125689.0,125689.0,False,695904.625,25798.348337603737,110266.51512135167
2019-01-14 16:03:00,670118.0,787623.39954758,787624.0,0.0,117506.0,117506.0,False,677314.1875,25808.337863205168,110309.21204758006
2019-01-14 16:04:00,657885.0,775255.7597291018,775256.0,0.0,117371.0,117371.0,False,665923.375,25579.795849339433,109332.38472910177
2019-01-14 16:05:00,677971.0,767027.7882016355,767028.0,0.0,89057.0,89057.0,False,671553.3125,22337.54987894717,95474.47570163546
2019-01-14 16:06:00,747814.0,797335.7402395242,797336.0,0.0,49522.0,49522.0,False,706487.75,21255.1207897622,90847.99023952421
2019-01-14 16:07:00,735790.0,842657.4579086846,842658.0,0.0,106868.0,106868.0,False,752137.625,21178.343926711623,90519.83290868468
2019-01-14 16:08:00,731188.0,828933.0608195653,828934.0,0.0,97746.0,97746.0,False,738199.5,21228.348473316724,90733.56081956535
2019-01-14 16:09:00,736730.0,810369.6782507153,810370.0,0.0,73640.0,73640.0,False,719626.875,21230.5108655718,90742.80325071528
2019-01-14 16:10:00,726666.0,827139.3109107683,827140.0,0.0,100474.0,100474.0,False,736724.0,21153.88958616933,90415.31091076828
2019-01-14 16:11:00,677023.0,806104.2833731214,806105.0,0.0,129082.0,129082.0,False,715842.8125,21117.89662062474,90261.47087312138
2019-01-14 16:12:00,649361.0,757554.4330728926,757555.0,0.0,108194.0,108194.0,False,667777.5625,21004.51780080758,89776.87057289259
2019-01-14 16:13:00,649312.0,743868.507817164,743869.0,0.0,94557.0,94557.0,False,654343.75,20945.532598586546,89524.7578171639
2019-01-14 16:14:00,660115.0,739807.5849991172,739808.0,0.0,79693.0,79693.0,False,652701.25,20379.70974457765,87106.33499911719
2019-01-14 16:15:00,695613.0,754784.6160035362,754785.0,0.0,59172.0,59172.0,False,667461.875,20430.340867527393,87322.74100353614
2019-01-14 16:16:00,663647.0,769606.3726768474,769607.0,0.0,105960.0,105960.0,False,680765.5,20785.528384674642,88840.87267684737
2019-01-14 16:17:00,680898.0,759758.4269396907,759759.0,0.0,78861.0,78861.0,False,670817.25,20808.995928831006,88941.17693969069
2019-01-14 16:18:00,674288.0,762882.7861934329,762883.0,0.0,88595.0,88595.0,False,675976.4375,20332.92023308255,86906.34869343285
2019-01-14 16:19:00,640490.0,763577.2524366608,763578.0,0.0,123088.0,123088.0,False,676967.0,20263.644493613883,86610.25243666086
2019-01-14 16:20:00,677074.0,767360.6976514449,767361.0,0.0,90287.0,90287.0,False,679036.9375,20664.542888348864,88323.7601514449
2019-01-14 16:21:00,652653.0,754252.0152029662,754253.0,0.0,101600.0,101600.0,False,665914.5,20667.761069409145,88337.51520296615
2019-01-14 16:22:00,653630.0,739563.0637112968,739564.0,0.0,85934.0,85934.0,False,651622.5625,20574.87425566776,87940.5012112968
2019-01-14 16:23:00,664612.0,743112.1113992374,743113.0,0.0,78501.0,78501.0,False,655107.25,20589.932195476038,88004.86139923742
2019-01-14 16:24:00,652996.0,748629.4306207078,748630.0,0.0,95634.0,95634.0,False,660308.125,20663.968617556948,88321.30562070783
2019-01-14 16:25:00,650729.0,772631.4494573964,772632.0,0.0,121903.0,121903.0,False,684879.1875,20530.833126431127,87752.26195739642
2019-01-14 16:26:00,644285.0,742176.0665179744,742177.0,0.0,97892.0,97892.0,False,654390.5625,20538.61055784179,87785.50401797434
2019-01-14 16:27:00,626726.0,741868.9868999012,741869.0,0.0,115143.0,115143.0,False,654984.3125,20327.849237831764,86884.6743999012
2019-01-14 16:28:00,654044.0,737290.1283406258,737291.0,0.0,83247.0,83247.0,False,649818.1875,20465.24819515007,87471.94084062576
2019-01-14 16:29:00,648912.0,736049.6319253211,736050.0,0.0,87138.0,87138.0,False,648881.75,20394.10948360604,87167.88192532111
2019-01-14 16:30:00,705027.0,769386.1155907086,769387.0,0.0,64360.0,64360.0,False,682196.5,20399.1943697086,87189.61559070856
2019-01-14 16:31:00,683297.0,755754.504465396,755755.0,0.0,72458.0,72458.0,False,678490.0625,18077.065242700126,77264.44196539599
2019-01-14 16:32:00,658672.0,751258.2512888523,751259.0,0.0,92587.0,92587.0,False,673912.625,18096.059417439155,77345.6262888523
2019-01-14 16:33:00,675954.0,746095.0972869225,746096.0,0.0,70142.0,70142.0,False,668517.4375,18150.34680470826,77577.6597869225
2019-01-14 16:34:00,672361.0,744066.9253452193,744067.0,0.0,71706.0,71706.0,False,666216.4375,18214.178633223637,77850.48784521935
2019-01-14 16:35:00,662410.0,753825.1684994178,753826.0,0.0,91416.0,91416.0,False,676637.625,18059.073802508614,77187.54349941782
2019-01-14 16:36:00,661444.0,736393.134784854,736394.0,0.0,74950.0,74950.0,False,659220.25,18055.644197210182,77172.88478485396
2019-01-14 16:37:00,642590.0,732028.6048672219,732029.0,0.0,89439.0,89439.0,False,655846.25,17823.89627422769,76182.35486722186
2019-01-14 16:38:00,653112.0,724113.3666320988,724114.0,0.0,71002.0,71002.0,False,649307.875,17501.760426242887,74805.49163209877
2019-01-14 16:39:00,650619.0,730074.3469775296,730075.0,0.0,79456.0,79456.0,False,655375.0,17476.926443145334,74699.34697752961
2019-01-14 16:40:00,677960.0,757720.4546944601,757721.0,0.0,79761.0,79761.0,False,683759.5625,17304.154920401284,73960.89219446015
2019-01-14 16:41:00,650986.0,758008.0347205894,758009.0,0.0,107023.0,107023.0,False,685129.8125,17050.849580245715,72878.22222058935
2019-01-14 16:42:00,637115.0,728371.2657676819,728372.0,0.0,91257.0,91257.0,False,653621.625,17488.69335820689,74749.64076768188
2019-01-14 16:43:00,592880.0,726983.706452793,726984.0,0.0,134104.0,134104.0,False,652804.25,17355.29099615752,74179.45645279302
2019-01-14 16:44:00,629685.0,701811.7741731696,701812.0,0.0,72127.0,72127.0,False,622356.8125,18589.567069744706,79454.96167316967
2019-01-14 16:45:00,656291.0,727051.7756306087,727052.0,0.0,70761.0,70761.0,False,647331.5,18651.64087234294,79720.27563060862
2019-01-14 16:46:00,645124.0,733016.0760753999,733017.0,0.0,87893.0,87893.0,False,653611.3125,18577.822543215276,79404.76357539988
2019-01-14 16:47:00,664929.0,720804.1859928933,720805.0,0.0,55876.0,55876.0,False,641375.4375,18583.434140314028,79428.74849289331
2019-01-14 16:48:00,651500.0,736766.9847777536,736767.0,0.0,85267.0,85267.0,False,655868.3125,18927.342767423714,80898.67227775356
2019-01-14 16:49:00,658968.0,736721.9915285959,736722.0,0.0,77754.0,77754.0,False,655871.375,18916.099472439466,80850.61652859587
2019-01-14 16:50:00,672298.0,741692.2651328248,741693.0,0.0,69395.0,69395.0,False,660916.1875,18898.660085734555,80776.07763282473
2019-01-14 16:51:00,666057.0,743650.1691705991,743651.0,0.0,77594.0,77594.0,False,662463.125,18994.811287075547,81187.04417059913
2019-01-14 16:52:00,645729.0,743004.3649554596,743005.0,0.0,97276.0,97276.0,False,662150.9375,18916.757126944125,80853.42745545963
2019-01-14 16:53:00,653583.0,727958.4617305642,727959.0,0.0,74376.0,74376.0,False,646830.3125,18981.032016218298,81128.14923056425
2019-01-14 16:54:00,658182.0,734165.1237588775,734166.0,0.0,75984.0,75984.0,False,653738.0625,18817.00296633879,80427.06125887747
2019-01-14 16:55:00,679507.0,745184.4224605956,745185.0,0.0,65678.0,65678.0,False,665496.375,18644.10065439586,79688.04746059558
2019-01-14 16:56:00,663543.0,745093.0642254787,745094.0,0.0,81551.0,81551.0,False,665018.75,18734.473008511948,80074.31422547868
2019-01-14 16:57:00,672930.0,741908.683893591,741909.0,0.0,68979.0,68979.0,False,661855.625,18729.50003502615,80053.058893591
2019-01-14 16:58:00,668842.0,747713.5868916453,747714.0,0.0,78872.0,78872.0,False,667332.8125,18806.173525297712,80380.7743916453
2019-01-14 16:59:00,653559.0,745774.6239937915,745775.0,0.0,92216.0,92216.0,False,665507.3125,18779.627339821516,80267.31149379154
2019-01-14 17:00:00,740641.0,765405.3392130516,765406.0,0.0,24765.0,24765.0,False,685592.4375,18673.31200194545,79812.90171305161
2019-01-14 17:01:00,694238.0,766510.3832979767,766511.0,0.0,72273.0,72273.0,False,686218.0,18785.493228818803,80292.38329797664
2019-01-14 17:02:00,661143.0,756530.7627553124,756531.0,0.0,95388.0,95388.0,False,677577.4375,18472.202418903347,78953.32525531236
2019-01-14 17:03:00,669509.0,744916.6602776827,744917.0,0.0,75408.0,75408.0,False,665911.0,18484.4469079568,79005.66027768268
2019-01-14 17:04:00,667905.0,746790.5581940245,746791.0,0.0,78886.0,78886.0,False,667758.125,18490.71079523971,79032.43319402447
2019-01-14 17:05:00,664308.0,768042.4717305598,768043.0,0.0,103735.0,103735.0,False,689062.4375,18478.4513462991,78980.03423055989
2019-01-14 17:06:00,705006.0,765536.0029279077,765537.0,0.0,60531.0,60531.0,False,685755.8125,18665.658752654108,79780.19042790779
2019-01-14 17:07:00,749132.0,803208.862820354,803209.0,0.0,54077.0,54077.0,False,726277.375,17999.166099838953,76931.48782035401
2019-01-14 17:08:00,762257.0,827171.9210618442,827172.0,0.0,64915.0,64915.0,False,749310.375,18216.765853144094,77861.54606184423
2019-01-14 17:09:00,748766.0,815799.6007333716,815800.0,0.0,67034.0,67034.0,False,737529.25,18312.41125652421,78270.35073337155
2019-01-14 17:10:00,703904.0,816962.4594991631,816963.0,0.0,113059.0,113059.0,False,739065.8125,18224.978194006897,77896.64699916315
2019-01-14 17:11:00,668113.0,769273.5281004864,769274.0,0.0,101161.0,101161.0,False,689420.8125,18682.62700147715,79852.71560048644
2019-01-14 17:12:00,646929.0,732416.9945175394,732417.0,0.0,85488.0,85488.0,False,654427.3125,18246.744999723254,77989.68201753942
2019-01-14 17:13:00,653089.0,724446.6693818119,724447.0,0.0,71358.0,71358.0,False,646914.6875,18139.65983862359,77531.98188181184
2019-01-14 17:14:00,643130.0,727934.9914178464,727935.0,0.0,84805.0,84805.0,False,650287.0,18166.801844678732,77647.9914178464
2019-01-14 17:15:00,669740.0,730413.4864616913,730414.0,0.0,60674.0,60674.0,False,652892.625,18137.058065350768,77520.86146169131
2019-01-14 17:16:00,685767.0,739251.1880128458,739252.0,0.0,53485.0,53485.0,False,662839.75,17877.493386484082,76411.4380128458
2019-01-14 17:17:00,689138.0,750550.9589627102,750551.0,0.0,61413.0,61413.0,False,673349.6875,18062.285645909975,77201.27146271024
2019-01-14 17:18:00,681658.0,759369.3288153451,759370.0,0.0,77712.0,77712.0,False,681839.5625,18139.141476767218,77529.7663153451
2019-01-14 17:19:00,660739.0,763927.5016060557,763928.0,0.0,103189.0,103189.0,False,686393.625,18140.103135085716,77533.87660605561
2019-01-14 17:20:00,679404.0,766327.030080111,766328.0,0.0,86924.0,86924.0,False,690058.875,17843.970398970996,76268.15508011104
2019-01-14 17:21:00,662630.0,757001.3384699436,757002.0,0.0,94372.0,94372.0,False,680566.8125,17882.895127519947,76434.5259699436
2019-01-14 17:22:00,678310.0,733524.5482307812,733525.0,0.0,55215.0,55215.0,False,656830.125,17943.701620404012,76694.42323078119
2019-01-14 17:23:00,660421.0,747396.1421237427,747397.0,0.0,86976.0,86976.0,False,669684.875,18181.60605518837,77711.2671237427
2019-01-14 17:24:00,637876.0,735116.7804528741,735117.0,0.0,97241.0,97241.0,False,657524.125,18153.85524435876,77592.65545287413
2019-01-14 17:25:00,665289.0,727684.885779508,727685.0,0.0,62396.0,62396.0,False,649526.5,18286.215535382606,78158.385779508
2019-01-14 17:26:00,680763.0,739080.1834886647,739081.0,0.0,58318.0,58318.0,False,662444.8125,17929.885546589023,76635.37098866468
2019-01-14 17:27:00,687765.0,753453.7779246699,753454.0,0.0,65689.0,65689.0,False,676268.0625,18058.646099600977,77185.71542466996
2019-01-14 17:28:00,667949.0,750900.1943831556,750901.0,0.0,82952.0,82952.0,False,675005.625,17756.56495287164,75894.5693831556
2019-01-14 17:29:00,661660.0,740508.6767321858,740509.0,0.0,78849.0,78849.0,False,664549.125,17771.76845571411,75959.55173218579
2019-01-14 17:30:00,723649.0,755276.0116603393,755277.0,0.0,31628.0,31628.0,False,679300.875,17775.414761257365,75975.13666033937
2019-01-14 17:31:00,687709.0,766258.3575671671,766259.0,0.0,78550.0,78550.0,False,687444.6875,18439.528191492063,78813.6700671671
2019-01-14 17:32:00,677969.0,758867.4652938795,758868.0,0.0,80899.0,80899.0,False,680094.8125,18429.931643501335,78772.6527938795
2019-01-14 17:33:00,673200.0,751138.5865595877,751139.0,0.0,77939.0,77939.0,False,672821.125,18323.43347395676,78317.46155958771
2019-01-14 17:34:00,638728.0,744576.982935484,744577.0,0.0,105849.0,105849.0,False,666358.0,18300.393062770843,78218.98293548406
2019-01-14 17:35:00,674002.0,733644.6822660157,733645.0,0.0,59643.0,59643.0,False,654028.375,18627.316061833542,79616.30726601572
2019-01-14 17:36:00,687774.0,741103.4492173219,741104.0,0.0,53330.0,53330.0,False,661110.1875,18715.509673751953,79993.26171732193
2019-01-14 17:37:00,681293.0,761524.0861096283,761525.0,0.0,80232.0,80232.0,False,680241.5625,19017.149998192377,81282.52360962836
2019-01-14 17:38:00,691031.0,754907.0354015776,754908.0,0.0,63877.0,63877.0,False,673995.0625,18930.454628954307,80911.97290157755
2019-01-14 17:39:00,674970.0,761530.1635022991,761531.0,0.0,86561.0,86561.0,False,680151.75,19039.58474051151,81378.41350229915
2019-01-14 17:40:00,695027.0,789242.3811280861,789243.0,0.0,94216.0,94216.0,False,707854.25,19041.858311003798,81388.13112808614
2019-01-14 17:41:00,699984.0,770270.1584730921,770271.0,0.0,70287.0,70287.0,False,688609.5,19105.61978356188,81660.65847309209
2019-01-14 17:42:00,664782.0,767633.6566531407,767634.0,0.0,102852.0,102852.0,False,688170.75,18591.42590568053,79462.90665314063
2019-01-14 17:43:00,666559.0,756264.4869506622,756265.0,0.0,89706.0,89706.0,False,676232.4375,18724.584590600814,80032.04945066226
2019-01-14 17:44:00,664490.0,737339.1605962628,737340.0,0.0,72850.0,72850.0,False,664697.5,16995.502776359062,72641.66059626278
2019-01-14 17:45:00,671588.0,747701.0093273225,747702.0,0.0,76114.0,76114.0,False,675095.0625,16987.147055217833,72605.94682732254
2019-01-14 17:46:00,705226.0,753290.3637045643,753291.0,0.0,48065.0,48065.0,False,680708.625,16981.483236216853,72581.73870456431
2019-01-14 17:47:00,675704.0,757430.8850360097,757431.0,0.0,81727.0,81727.0,False,684080.5625,17161.303858900505,73350.32253600967
2019-01-14 17:48:00,681264.0,749637.8652182828,749638.0,0.0,68374.0,68374.0,False,676972.6875,17001.004926355403,72665.17771828284
2019-01-14 17:49:00,659755.0,747970.3633303365,747971.0,0.0,88216.0,88216.0,False,675388.25,16981.570885002686,72582.11333033655
2019-01-14 17:50:00,692925.0,748393.637001808,748394.0,0.0,55469.0,55469.0,False,675151.875,17135.90464796173,73241.762001808
2019-01-14 17:51:00,654702.0,777822.272298357,777823.0,0.0,123121.0,123121.0,False,704248.75,17213.524473758695,73573.52229835701
2019-01-14 17:52:00,639464.0,732512.4537315923,732513.0,0.0,93049.0,93049.0,False,653704.3125,18438.234645342513,78808.14123159232
2019-01-14 17:53:00,647099.0,725927.7726523384,725928.0,0.0,78829.0,78829.0,False,647259.5,18405.510492184058,78668.27265233833
2019-01-14 17:54:00,637996.0,728043.6597681546,728044.0,0.0,90048.0,90048.0,False,649431.25,18392.440611960425,78612.40976815466
2019-01-14 17:55:00,694214.0,734849.2741514734,734850.0,0.0,40636.0,40636.0,False,655959.6875,18457.289907135124,78889.58665147347
2019-01-14 17:56:00,706200.0,758505.7144762244,758506.0,0.0,52306.0,52306.0,False,677306.625,18997.62944986967,81199.08947622436
2019-01-14 17:57:00,679368.0,766631.4535698125,766632.0,0.0,87264.0,87264.0,False,684058.6875,19319.019739801286,82572.76606981251
2019-01-14 17:58:00,664628.0,762268.3077068517,762269.0,0.0,97641.0,97641.0,False,679784.3125,19298.250591140244,82483.99520685179
2019-01-14 17:59:00,665904.0,749652.0013330358,749653.0,0.0,83749.0,83749.0,False,666663.9375,19416.18429014252,82988.06383303575
2019-01-14 18:00:00,752010.0,779216.536601398,779217.0,0.0,27207.0,27207.0,False,696545.3125,19342.055333087985,82671.224101398
2019-01-14 18:01:00,725401.0,786074.0887049413,786075.0,0.0,60674.0,60674.0,False,703320.4375,19361.340273102014,82753.65120494136
2019-01-14 18:02:00,731664.0,783615.3272432792,783616.0,0.0,51952.0,51952.0,False,700167.0625,19523.854541394,83448.26474327914
2019-01-14 18:03:00,725003.0,802363.0355039922,802364.0,0.0,77361.0,77361.0,False,717967.4375,19745.496019994993,84395.59800399226
2019-01-14 18:04:00,697030.0,794019.6285984584,794020.0,0.0,96990.0,96990.0,False,709589.25,19753.633412297993,84430.37859845842
2019-01-14 18:05:00,726045.0,787751.630285283,787752.0,0.0,61707.0,61707.0,False,702926.25,19846.049419999214,84825.38028528301
2019-01-14 18:06:00,782214.0,816999.0091499725,817000.0,0.0,34786.0,34786.0,False,732785.0625,19702.996219381526,84213.9466499725
2019-01-14 18:07:00,748146.0,860574.2839911595,860575.0,0.0,112429.0,112429.0,False,773047.25,20478.137985735386,87527.03399115955
2019-01-14 18:08:00,765492.0,817081.034937572,817082.0,0.0,51590.0,51590.0,False,728850.0,20642.848565602377,88231.03493757197
2019-01-14 18:09:00,770729.0,830521.967747524,830522.0,0.0,59793.0,59793.0,False,740528.9375,21055.091291559045,89993.03024752406
2019-01-14 18:10:00,751323.0,845117.8679389982,845118.0,0.0,93795.0,93795.0,False,754019.625,21313.670806567836,91098.24293899813
2019-01-14 18:11:00,703284.0,826526.7007580468,826527.0,0.0,123243.0,123243.0,False,737930.75,20728.225576385317,88595.95075804682
2019-01-14 18:12:00,678670.0,786271.9437412943,786272.0,0.0,107602.0,107602.0,False,696223.1875,21068.129144411843,90048.75624129428
2019-01-14 18:13:00,675787.0,769179.5904454782,769180.0,0.0,93393.0,93393.0,False,678578.1875,21197.428344322845,90601.40294547818
2019-01-14 18:14:00,668842.0,765945.8291866756,765946.0,0.0,97104.0,97104.0,False,675286.3125,21211.024843105464,90659.51668667555
2019-01-14 18:15:00,693943.0,765514.4209617691,765515.0,0.0,71572.0,71572.0,False,674879.6875,21205.226471148533,90634.733461769
2019-01-14 18:16:00,705739.0,778332.4577614113,778333.0,0.0,72594.0,72594.0,False,687590.75,21230.254560975318,90741.70776141132
2019-01-14 18:17:00,701957.0,782664.4751846459,782665.0,0.0,80708.0,80708.0,False,692195.5,21166.445071660582,90468.97518464581
2019-01-14 18:18:00,704232.0,781822.0705191469,781823.0,0.0,77591.0,77591.0,False,691542.125,21122.219014898794,90279.9455191469
2019-01-14 18:19:00,689509.0,786954.2095886295,786955.0,0.0,97446.0,97446.0,False,696555.75,21149.946990559,90398.45958862957
2019-01-14 18:20:00,682522.0,801851.6921209017,801852.0,0.0,119330.0,119330.0,False,712724.125,20852.604442406482,89127.56712090167
2019-01-14 18:21:00,710305.0,780703.4577020998,780704.0,0.0,70399.0,70399.0,False,689973.9375,21227.403115999856,90729.52020209978
2019-01-14 18:22:00,666371.0,778919.8369071685,778920.0,0.0,112549.0,112549.0,False,688542.3125,21145.04892061231,90377.52440716854
2019-01-14 18:23:00,665076.0,756428.9166103734,756429.0,0.0,91353.0,91353.0,False,665430.9375,21290.21272254589,90997.97911037336
2019-01-14 18:24:00,645673.0,752099.068745328,752100.0,0.0,106427.0,106427.0,False,661352.0625,21231.4942132269,90747.00624532803
2019-01-14 18:25:00,672497.0,746219.4829867869,746220.0,0.0,73723.0,73723.0,False,655757.5,21164.809152036112,90461.98298678693
2019-01-14 18:26:00,685398.0,770765.2792491621,770766.0,0.0,85368.0,85368.0,False,680262.1875,21174.427105141036,90503.09174916202
2019-01-14 18:27:00,653618.0,763806.772645346,763807.0,0.0,110189.0,110189.0,False,673662.8125,21090.403390379648,90143.96014534598
2019-01-14 18:28:00,679086.0,758961.0069511221,758962.0,0.0,79876.0,79876.0,False,668016.625,21277.672939432676,90944.38195112202
2019-01-14 18:29:00,656339.0,762415.7432319783,762416.0,0.0,106077.0,106077.0,False,671541.4375,21261.27765651597,90874.30573197824
2019-01-14 18:30:00,738687.0,762321.9319543028,762322.0,0.0,23635.0,23635.0,False,670943.4375,21379.239453640927,91378.49445430281
2019-01-14 18:31:00,711580.0,804050.7017506834,804051.0,0.0,92471.0,92471.0,False,708649.125,22320.49417959874,95401.57675068332
2019-01-14 18:32:00,698868.0,782637.7263209487,782638.0,0.0,83770.0,83770.0,False,687252.5,22316.668774567133,95385.22632094871
2019-01-14 18:33:00,676625.0,785535.1258537264,785536.0,0.0,108911.0,108911.0,False,690102.125,22327.84627516112,95433.00085372642
2019-01-14 18:34:00,652849.0,764835.5719443309,764836.0,0.0,111987.0,111987.0,False,668952.5625,22433.131894848582,95883.0094443309
2019-01-14 18:35:00,650204.0,754507.3146456697,754508.0,0.0,104304.0,104304.0,False,659562.3125,22213.672351691308,94945.0021456697
2019-01-14 18:36:00,666622.0,747618.6196817962,747619.0,0.0,80997.0,80997.0,False,652845.0625,22173.56047462808,94773.55718179613
2019-01-14 18:37:00,676499.0,752479.84820377,752480.0,0.0,75981.0,75981.0,False,658416.3125,22007.441309647318,94063.53570377003
2019-01-14 18:38:00,688717.0,763175.698597183,763176.0,0.0,74459.0,74459.0,False,668760.125,22089.805354546235,94415.57359718293
2019-01-14 18:39:00,635902.0,769950.398676943,769951.0,0.0,134049.0,134049.0,False,675392.125,22123.191975692305,94558.27367694299
2019-01-14 18:40:00,685362.0,756167.3985028223,756168.0,0.0,70806.0,70806.0,False,658842.5,22770.481417087507,97324.89850282224
2019-01-14 18:41:00,654032.0,788437.2200094332,788438.0,0.0,134406.0,134406.0,False,690654.25,22877.653465447565,97782.97000943321
2019-01-14 18:42:00,645807.0,765922.5465379087,765923.0,0.0,120116.0,120116.0,False,665825.375,23419.092333714336,100097.17153790868
2019-01-14 18:43:00,654376.0,763268.8346320782,763269.0,0.0,108893.0,108893.0,False,663421.875,23360.551861135442,99846.95963207816
2019-01-14 18:44:00,648640.0,754170.0555327905,754171.0,0.0,105531.0,105531.0,False,654346.1875,23355.149267959805,99823.86803279047
2019-01-14 18:45:00,679323.0,754535.4206764917,754536.0,0.0,75213.0,75213.0,False,654617.3125,23377.198029108324,99918.10817649172
2019-01-14 18:46:00,676110.0,769209.5206959603,769210.0,0.0,93100.0,93100.0,False,668627.75,23532.470886303618,100581.77069596022
2019-01-14 18:47:00,648546.0,764185.786350619,764186.0,0.0,115640.0,115640.0,False,664279.375,23374.46139788373,99906.411350619
2019-01-14 18:48:00,682131.0,763524.3518814361,763525.0,0.0,81394.0,81394.0,False,663286.6875,23451.9625419754,100237.6643814361
2019-01-14 18:49:00,666763.0,770396.515197187,770397.0,0.0,103634.0,103634.0,False,669772.1875,23542.42767455109,100624.32769718692
2019-01-14 18:50:00,692059.0,787524.9626098496,787525.0,0.0,95466.0,95466.0,False,687373.5625,23431.77984439919,100151.40010984964
2019-01-14 18:51:00,658736.0,781609.7419186581,781610.0,0.0,122874.0,122874.0,False,681785.25,23355.295234529258,99824.49191865818
2019-01-14 18:52:00,650511.0,752458.0416421111,752459.0,0.0,101948.0,101948.0,False,655873.375,22597.294122901218,96584.66664211111
2019-01-14 18:53:00,648328.0,750969.0615694876,750970.0,0.0,102642.0,102642.0,False,654755.5,22510.46905254456,96213.56156948752
2019-01-14 18:54:00,659757.0,749561.5647108724,749562.0,0.0,89805.0,89805.0,False,653214.25,22541.762415982204,96347.31471087238
2019-01-14 18:55:00,660729.0,761670.7759033464,761671.0,0.0,100942.0,100942.0,False,665664.875,22461.884020223264,96005.90090334641
2019-01-14 18:56:00,636298.0,753784.7271179105,753785.0,0.0,117487.0,117487.0,False,659620.5625,22030.98481038254,94164.16461791046
2019-01-14 18:57:00,650955.0,739697.7037313594,739698.0,0.0,88743.0,88743.0,False,645573.75,22021.576927517406,94123.9537313594
2019-01-14 18:58:00,658474.0,747786.0704672394,747787.0,0.0,89313.0,89313.0,False,653722.4375,22007.464065756554,94063.63296723939
2019-01-14 18:59:00,645765.0,753354.8536008324,753355.0,0.0,107590.0,107590.0,False,659785.375,21891.849942438275,93569.47860083234
2019-01-14 19:00:00,724007.0,784969.8220043221,784970.0,0.0,60963.0,60963.0,False,690974.5,21991.481788501507,93995.32200432211
2019-01-14 19:01:00,682141.0,771841.8641167426,771842.0,0.0,89701.0,89701.0,False,680953.0,21264.683788295613,90888.86411674265
2019-01-14 19:02:00,662056.0,761207.0249282416,761208.0,0.0,99152.0,99152.0,False,671006.0625,21103.73984840194,90200.96242824162
2019-01-14 19:03:00,652939.0,750752.8721849974,750753.0,0.0,97814.0,97814.0,False,661919.625,20783.74429732253,88833.24718499747
2019-01-14 19:04:00,616147.0,744194.4135597195,744195.0,0.0,128048.0,128048.0,False,655260.5625,20807.281939745837,88933.85105971945
2019-01-14 19:05:00,634508.0,735307.9424538662,735308.0,0.0,100800.0,100800.0,False,644010.625,21360.246992221797,91297.31745386626
2019-01-14 19:06:00,674976.0,742666.3944151654,742667.0,0.0,67691.0,67691.0,False,652111.3125,21186.590910365216,90555.08191516541
2019-01-14 19:07:00,782503.0,776951.3401491072,776952.0,5551.0,0.0,55510.0,False,689729.0,20406.850724458094,87222.3401491071
2019-01-14 19:08:00,779450.0,869162.3235099624,869163.0,0.0,89713.0,89713.0,False,769064.625,23419.215625981175,100097.6985099624
2019-01-14 19:09:00,685776.0,843967.3732881461,843968.0,0.0,158192.0,158192.0,False,745680.875,22995.4607428225,98286.49828814607
2019-01-14 19:10:00,693741.0,786723.9140860848,786724.0,0.0,92983.0,92983.0,False,684356.4375,23950.261024418036,102367.47658608481
2019-01-14 19:11:00,680601.0,781623.1490198278,781624.0,0.0,101023.0,101023.0,False,679114.8125,23983.21711841914,102508.3365198278
2019-01-14 19:12:00,655545.0,773369.5484730004,773370.0,0.0,117825.0,117825.0,False,672637.0625,23567.732771678362,100732.48597300042
2019-01-14 19:13:00,647104.0,772157.5978144973,772158.0,0.0,125054.0,125054.0,False,671449.4375,23562.041453594033,100708.16031449726
2019-01-14 19:14:00,645812.0,752386.6671268113,752387.0,0.0,106575.0,106575.0,False,650801.25,23767.287595640955,101585.4171268114
2019-01-14 19:15:00,688770.0,758690.9838227717,758691.0,0.0,69921.0,69921.0,False,657129.5625,23761.673451486884,101561.42132277165
2019-01-14 19:16:00,675900.0,781033.2311235282,781034.0,0.0,105134.0,105134.0,False,678516.6875,23985.137281760402,102516.54362352817
2019-01-14 19:17:00,659977.0,765869.2906120151,765870.0,0.0,105893.0,105893.0,False,663843.125,23870.406687942388,102026.1656120151
2019-01-14 19:18:00,676001.0,773867.6377744133,773868.0,0.0,97867.0,97867.0,False,671979.875,23838.025464944334,101887.76277441335
2019-01-14 19:19:00,649056.0,771825.8670398679,771826.0,0.0,122770.0,122770.0,False,670171.375,23783.448609403462,101654.49203986785
2019-01-14 19:20:00,680219.0,775477.9715640014,775478.0,0.0,95259.0,95259.0,False,673266.5625,23913.74690864622,102211.40906400136
2019-01-14 19:21:00,683428.0,778669.2354745497,778670.0,0.0,95242.0,95242.0,False,677681.375,23627.48110361993,100987.86047454971
2019-01-14 19:22:00,661053.0,766776.5704818323,766777.0,0.0,105724.0,105724.0,False,666383.5,23488.321909163136,100393.07048183228
2019-01-14 19:23:00,664052.0,760173.2748099967,760174.0,0.0,96122.0,96122.0,False,660462.9375,23328.58721391802,99710.33730999676
2019-01-14 19:24:00,657863.0,760684.7050789271,760685.0,0.0,102822.0,102822.0,False,660951.8125,23333.864325324634,99732.89257892713
2019-01-14 19:25:00,663647.0,778145.108193944,778146.0,0.0,114499.0,114499.0,False,678769.0,23250.389774278174,99376.108193944
2019-01-14 19:26:00,647101.0,765758.8862772591,765759.0,0.0,118658.0,118658.0,False,666489.0,23225.537714659637,99269.88627725914
2019-01-14 19:27:00,624672.0,741657.8060441188,741658.0,0.0,116986.0,116986.0,False,641909.375,23337.49976022711,99748.43104411881
2019-01-14 19:28:00,631523.0,745542.9118001816,745543.0,0.0,114020.0,114020.0,False,645946.375,23301.9620395396,99596.53680018165
2019-01-14 19:29:00,631815.0,732257.664004076,732258.0,0.0,100443.0,100443.0,False,632617.625,23312.13997078451,99640.03900407604
2019-01-14 19:30:00,698503.0,751381.5645868456,751382.0,0.0,52879.0,52879.0,False,652040.8125,23242.11773298092,99340.75208684553
2019-01-14 19:31:00,662179.0,762433.0535366986,762434.0,0.0,100255.0,100255.0,False,666975.5625,22333.57608597877,95457.49103669856
2019-01-14 19:32:00,658495.0,749266.9466846524,749267.0,0.0,90772.0,90772.0,False,653823.6875,22330.246350961992,95443.25918465234
2019-01-14 19:33:00,650494.0,756920.8249273587,756921.0,0.0,106427.0,106427.0,False,661694.375,22279.5208815271,95226.44992735864
2019-01-14 19:34:00,638613.0,745058.0135271349,745059.0,0.0,106446.0,106446.0,False,649909.25,22261.345093420805,95148.76352713494
2019-01-14 19:35:00,627384.0,755876.8839074405,755877.0,0.0,128493.0,128493.0,False,660914.25,22217.797541749846,94962.63390744047
2019-01-14 19:36:00,637582.0,729419.8415461871,729420.0,0.0,91838.0,91838.0,False,632944.75,22571.65754147244,96475.09154618702
2019-01-14 19:37:00,622451.0,732340.8587666274,732341.0,0.0,109890.0,109890.0,False,636191.0625,22495.55029417782,96149.79626662743
2019-01-14 19:38:00,615976.0,720157.8313108806,720158.0,0.0,104182.0,104182.0,False,624469.0625,22387.68666138352,95688.76881088056
2019-01-14 19:39:00,620173.0,714730.0415918977,714731.0,0.0,94558.0,94558.0,False,619825.4375,22204.22067851362,94904.60409189775
2019-01-14 19:40:00,649887.0,749018.5799394359,749019.0,0.0,99132.0,99132.0,False,656282.25,21696.923501169516,92736.32993943593
2019-01-14 19:41:00,626528.0,735014.3598583501,735015.0,0.0,108487.0,108487.0,False,643672.25,21370.726783412087,91342.10985835009
2019-01-14 19:42:00,616599.0,725792.6762057048,725793.0,0.0,109194.0,109194.0,False,636024.25,21002.542126452026,89768.42620570479
2019-01-14 19:43:00,634251.0,719369.5249195582,719370.0,0.0,85119.0,85119.0,False,629635.375,20994.522723927545,89734.14991955816
2019-01-14 19:44:00,638098.0,725631.8306205993,725632.0,0.0,87534.0,87534.0,False,635881.3125,20998.3522867976,89750.51812059928
2019-01-14 19:45:00,659298.0,733838.9414114406,733839.0,0.0,74541.0,74541.0,False,644071.125,21002.399456804542,89767.8164114406
2019-01-14 19:46:00,645723.0,733613.0354061482,733614.0,0.0,87891.0,87891.0,False,644567.25,20833.47049986251,89045.78540614822
2019-01-14 19:47:00,649118.0,731014.2483405172,731015.0,0.0,81897.0,81897.0,False,642116.8125,20798.762104791982,88897.43584051717
2019-01-14 19:48:00,644796.0,736949.8007635565,736950.0,0.0,92154.0,92154.0,False,648205.875,20762.846338029918,88743.92576355649
2019-01-14 19:49:00,634203.0,731787.2082987872,731788.0,0.0,97585.0,97585.0,False,643818.5625,20581.45906403952,87968.64579878721
2019-01-14 19:50:00,651809.0,752343.6788238497,752344.0,0.0,100535.0,100535.0,False,664290.9375,20601.13435392065,88052.74132384965
2019-01-14 19:51:00,632039.0,731723.5134897858,731724.0,0.0,99685.0,99685.0,False,643607.4375,20615.952358932136,88116.07598978584
2019-01-14 19:52:00,639584.0,721544.9863540996,721545.0,0.0,81961.0,81961.0,False,634003.25,20481.577803164048,87541.73635409956
2019-01-14 19:53:00,630248.0,728869.9547003676,728870.0,0.0,98622.0,98622.0,False,641221.6875,20506.502141053028,87648.26720036769
2019-01-14 19:54:00,644150.0,724987.0819875123,724988.0,0.0,80838.0,80838.0,False,637243.125,20528.890065967415,87743.95698751231
2019-01-14 19:55:00,647429.0,751049.9556262727,751050.0,0.0,103621.0,103621.0,False,663294.125,20531.66806496773,87755.83062627268
2019-01-14 19:56:00,634617.0,731917.4778955237,731918.0,0.0,97301.0,97301.0,False,643872.4375,20599.33261718074,88045.04039552368
2019-01-14 19:57:00,642185.0,728809.379761114,728810.0,0.0,86625.0,86625.0,False,641426.1875,20444.48426000447,87383.19226111403
2019-01-14 19:58:00,638503.0,731509.4150990733,731510.0,0.0,93007.0,93007.0,False,644218.5,20422.89476506749,87290.91509907336
2019-01-14 19:59:00,633430.0,728026.6529606081,728027.0,0.0,94597.0,94597.0,False,640819.75,20403.23898461294,87206.9029606081
2019-01-14 20:00:00,729691.0,758563.5918188916,758564.0,0.0,28873.0,28873.0,False,671539.5625,20360.453213197405,87024.02931889155
2019-01-14 20:01:00,660045.0,771818.1671101971,771819.0,0.0,111774.0,111774.0,False,680661.375,21327.369180111302,91156.79211019709
2019-01-14 20:02:00,664402.0,749362.3686750776,749363.0,0.0,84961.0,84961.0,False,657683.25,21449.5745717657,91679.11867507755
2019-01-14 20:03:00,647707.0,751364.0414538432,751365.0,0.0,103658.0,103658.0,False,659609.125,21467.30849123947,91754.9164538433
2019-01-14 20:04:00,648382.0,740957.195724816,740958.0,0.0,92576.0,92576.0,False,649125.0,21485.38902592975,91832.19572481593
2019-01-14 20:05:00,653859.0,764320.2751967264,764321.0,0.0,110462.0,110462.0,False,674775.625,20950.18669087061,89544.65019672639
2019-01-14 20:06:00,705258.0,763960.051068989,763961.0,0.0,58703.0,58703.0,False,673902.125,21070.274550102793,90057.92606898893
2019-01-14 20:07:00,728414.0,805440.5098603596,805441.0,0.0,77027.0,77027.0,False,714551.5625,21264.703264270036,90888.94736035966
2019-01-14 20:08:00,720235.0,799878.6263726617,799879.0,0.0,79644.0,79644.0,False,725207.5,17470.323849475993,74671.12637266169
2019-01-14 20:09:00,723023.0,782188.4323354135,782189.0,0.0,59166.0,59166.0,False,707897.125,17381.46002878304,74291.30733541356
2019-01-14 20:10:00,709796.0,803675.1049372228,803676.0,0.0,93880.0,93880.0,False,735658.5,15913.408209015519,68016.60493722279
2019-01-14 20:11:00,682163.0,759066.5279373479,759067.0,0.0,76904.0,76904.0,False,690152.625,16123.343259056655,68913.90293734788
2019-01-14 20:12:00,647469.0,730292.5356992788,730293.0,0.0,82824.0,82824.0,False,661363.375,16126.913019620086,68929.16069927884
2019-01-14 20:13:00,636998.0,707197.612815732,707198.0,0.0,70200.0,70200.0,False,638446.0,16085.373281637938,68751.612815732
2019-01-14 20:14:00,624944.0,703502.6898609999,703503.0,0.0,78559.0,78559.0,False,635790.6875,15842.142300618221,67712.00236099998
2019-01-14 20:15:00,676927.0,698194.699351452,698195.0,0.0,21268.0,21268.0,False,630342.25,15875.001780929766,67852.44935145212
2019-01-14 20:16:00,667837.0,724653.6910699212,724654.0,0.0,56817.0,56817.0,False,654065.5625,16515.05107731263,70588.1285699213
2019-01-14 20:17:00,672120.0,724696.6863346086,724697.0,0.0,52577.0,52577.0,False,653557.875,16643.890786913347,71138.81133460862
2019-01-14 20:18:00,652397.0,734249.4635915303,734250.0,0.0,81853.0,81853.0,False,662226.5,16850.75021184795,72022.96359153035
2019-01-14 20:19:00,635836.0,725828.511694046,725829.0,0.0,89993.0,89993.0,False,653743.75,16865.20871698476,72084.76169404594
2019-01-14 20:20:00,660339.0,739047.2576517551,739048.0,0.0,78709.0,78709.0,False,667201.0,16809.407458042526,71846.25765175516
2019-01-14 20:21:00,642079.0,727481.7458064307,727482.0,0.0,85403.0,85403.0,False,655756.8125,16781.021980193094,71724.93330643074
2019-01-14 20:22:00,642855.0,704369.5087614253,704370.0,0.0,61515.0,61515.0,False,632507.5625,16813.078021284284,71861.94626142524
2019-01-14 20:23:00,643858.0,709138.8726027412,709139.0,0.0,65281.0,65281.0,False,636956.0,16888.163096158292,72182.87260274123
2019-01-14 20:24:00,639810.0,711095.1251762139,711096.0,0.0,71286.0,71286.0,False,638808.625,16912.40817395807,72286.50017621386
2019-01-14 20:25:00,658640.0,727169.8684169118,727170.0,0.0,68530.0,68530.0,False,654864.9375,16916.720295984618,72304.93091691179
2019-01-14 20:26:00,641121.0,718927.9205643878,718928.0,0.0,77807.0,77807.0,False,646922.125,16846.733518801975,72005.79556438785
2019-01-14 20:27:00,621717.0,731265.2586810181,731266.0,0.0,109549.0,109549.0,False,659890.9375,16698.991513075976,71374.32118101817
2019-01-14 20:28:00,627626.0,703308.4528086009,703309.0,0.0,75683.0,75683.0,False,629649.1875,17233.585215166477,73659.26530860091
2019-01-14 20:29:00,605169.0,702345.515687443,702346.0,0.0,97177.0,97177.0,False,629017.0625,17156.18722787593,73328.45318744292
2019-01-14 20:30:00,652512.0,714333.0767668214,714334.0,0.0,61822.0,61822.0,False,640011.125,17388.62970958051,74321.95176682148
2019-01-14 20:31:00,624649.0,710853.0922278727,710854.0,0.0,86205.0,86205.0,False,641099.9375,16319.697610249208,69753.1547278727
2019-01-14 20:32:00,607889.0,701131.3797244182,701132.0,0.0,93243.0,93243.0,False,630977.6875,16413.408795796146,70153.69222441815
2019-01-14 20:33:00,632286.0,689755.4620024066,689756.0,0.0,57470.0,57470.0,False,618864.375,16585.932315959464,70891.08700240665
2019-01-14 20:34:00,615967.0,699515.8627251454,699516.0,0.0,83549.0,83549.0,False,628182.75,16689.35023532369,71333.11272514536
2019-01-14 20:35:00,630576.0,712684.5466818361,712685.0,0.0,82109.0,82109.0,False,641316.625,16697.494263354216,71367.92168183612
2019-01-14 20:36:00,644715.0,694225.9489006045,694226.0,0.0,49511.0,49511.0,False,624773.125,16249.431135518782,69452.82390060446
2019-01-14 20:37:00,629121.0,699549.0869578316,699550.0,0.0,70429.0,70429.0,False,629118.5625,16478.17745544608,70430.52445783168
2019-01-14 20:38:00,621777.0,697833.016266377,697834.0,0.0,76057.0,76057.0,False,627683.8125,16412.358660096113,70149.20376637689
2019-01-14 20:39:00,613424.0,689892.448663026,689893.0,0.0,76469.0,76469.0,False,619801.5625,16398.714464994762,70090.88616302595
2019-01-14 20:40:00,640169.0,718077.4475990868,718078.0,0.0,77909.0,77909.0,False,647958.125,16405.367555302102,70119.32259908681
2019-01-14 20:41:00,611936.0,708083.7891385587,708084.0,0.0,96148.0,96148.0,False,637934.3125,16412.422502247908,70149.47663855863
2019-01-14 20:42:00,617117.0,681978.2788534432,681979.0,0.0,64862.0,64862.0,False,611088.0625,16585.72861581338,70890.21635344322
2019-01-14 20:43:00,621267.0,686549.2043415748,686550.0,0.0,65283.0,65283.0,False,616168.3125,16466.56523099433,70380.8918415748
2019-01-14 20:44:00,626651.0,690436.0735377595,690437.0,0.0,63786.0,63786.0,False,620041.1875,16469.839363195555,70394.88603775942
2019-01-14 20:45:00,640017.0,701864.4603320174,701865.0,0.0,61848.0,61848.0,False,631351.625,16497.4352020238,70512.83533201738
2019-01-14 20:46:00,633376.0,699837.5429494187,699838.0,0.0,66462.0,66462.0,False,629715.75,16405.945527303,70121.79294941864
2019-01-14 20:47:00,655904.0,702408.3459553802,702409.0,0.0,46505.0,46505.0,False,632240.25,16416.778744218947,70168.09595538024
2019-01-14 20:48:00,643601.0,717102.114902474,717103.0,0.0,73502.0,73502.0,False,645713.75,16702.27723238683,71388.36490247404
2019-01-14 20:49:00,623391.0,712153.5556485774,712154.0,0.0,88763.0,88763.0,False,640771.9375,16700.6987377098,71381.6181485774
2019-01-14 20:50:00,649571.0,715845.9680199109,715846.0,0.0,66275.0,66275.0,False,644071.1875,16792.68441257887,71774.78051991083
2019-01-14 20:51:00,640909.0,711420.1773027093,711421.0,0.0,70512.0,70512.0,False,639796.625,16757.302517889035,71623.55230270933
2019-01-14 20:52:00,658850.0,705293.7504745761,705294.0,0.0,46444.0,46444.0,False,633884.6875,16707.11982737969,71409.06297457614
2019-01-14 20:53:00,636102.0,716999.6497448557,717000.0,0.0,80898.0,80898.0,False,644259.0,17018.662631680803,72740.6497448557
2019-01-14 20:54:00,621152.0,703203.9542823824,703204.0,0.0,82052.0,82052.0,False,630566.6875,16994.474783945472,72637.26678238236
2019-01-14 20:55:00,642066.0,700088.6086316924,700089.0,0.0,58023.0,58023.0,False,627428.1875,16999.892058340814,72660.42113169238
2019-01-14 20:56:00,627550.0,706258.7574806393,706259.0,0.0,78709.0,78709.0,False,633574.875,17005.381159469445,72683.8824806393
2019-01-14 20:57:00,624159.0,714646.7843358684,714647.0,0.0,90488.0,90488.0,False,642059.375,16982.80995740249,72587.40933586842
2019-01-14 20:58:00,629443.0,699673.3888628464,699674.0,0.0,70231.0,70231.0,False,626468.25,17127.336167357174,73205.13886284636
2019-01-14 20:59:00,627116.0,698443.9710319869,698444.0,0.0,71328.0,71328.0,False,625262.0625,17121.90111604672,73181.90853198692
2019-01-14 21:00:00,713622.0,717692.0891008852,717693.0,0.0,4071.0,4071.0,False,644594.4375,17102.188063031233,73097.65160088519
2019-01-14 21:01:00,682471.0,744688.0094686304,744689.0,0.0,62218.0,62218.0,False,668746.3125,17767.591091360293,75941.69696863041
2019-01-14 21:02:00,665548.0,739564.3925387904,739565.0,0.0,74017.0,74017.0,False,664093.9375,17657.337643666593,75470.45503879034
2019-01-14 21:03:00,647485.0,735938.0436558612,735939.0,0.0,88454.0,88454.0,False,660550.0,17638.056381703685,75388.04365586113
2019-01-14 21:04:00,656537.0,720897.6904746608,720898.0,0.0,64361.0,64361.0,False,645450.3125,17651.938451188555,75447.37797466082
2019-01-14 21:05:00,658689.0,752523.3398149216,752524.0,0.0,93835.0,93835.0,False,676841.0625,17706.89634114864,75682.27731492161
2019-01-14 21:06:00,650743.0,758483.1894608353,758484.0,0.0,107741.0,107741.0,False,683022.5625,17655.03823138995,75460.62696083532
2019-01-14 21:07:00,671512.0,733912.9308353348,733913.0,0.0,62401.0,62401.0,False,658370.1875,17674.250472125295,75542.74333533482
2019-01-14 21:08:00,746368.0,751852.7332210649,751853.0,0.0,5485.0,5485.0,False,676351.1875,17664.61173091321,75501.5457210649
2019-01-14 21:09:00,755706.0,797840.0088321061,797841.0,0.0,42135.0,42135.0,False,713056.125,19836.3407613674,84783.88383210609
2019-01-14 21:10:00,721742.0,807548.4652547359,807549.0,0.0,85807.0,85807.0,False,720031.8125,20475.709154524582,87516.65275473587
2019-01-14 21:11:00,634048.0,783013.6218742763,783014.0,0.0,148966.0,148966.0,False,696785.1875,20174.312973848835,86228.43437427629
2019-01-14 21:12:00,653608.0,728716.9426255957,728717.0,0.0,75109.0,75109.0,False,635719.25,21758.07285020427,92997.69262559571
2019-01-14 21:13:00,651736.0,731979.2226196215,731980.0,0.0,80244.0,80244.0,False,638860.8125,21786.316346952968,93118.4101196215
2019-01-14 21:14:00,647479.0,739921.4723321103,739922.0,0.0,92443.0,92443.0,False,646592.875,21835.492499096054,93328.59733211028
2019-01-14 21:15:00,648939.0,735279.2364048134,735280.0,0.0,86341.0,86341.0,False,642196.625,21777.9407515726,93082.61140481335
2019-01-14 21:16:00,637511.0,739050.7284033619,739051.0,0.0,101540.0,101540.0,False,649347.5625,20987.27359265819,89703.1659033619
2019-01-14 21:17:00,660161.0,732872.1428008609,732873.0,0.0,72712.0,72712.0,False,643195.875,20980.980416373648,89676.26780086092
2019-01-14 21:18:00,645540.0,740944.7383797625,740945.0,0.0,95405.0,95405.0,False,651362.5,20958.980956639116,89582.23837976254
2019-01-14 21:19:00,648124.0,739549.1862780417,739550.0,0.0,91426.0,91426.0,False,650079.75,20932.589373390045,89469.43627804163
2019-01-14 21:20:00,675828.0,753800.3337952705,753801.0,0.0,77973.0,77973.0,False,664905.4375,20798.167943701283,88894.89629527052
2019-01-14 21:21:00,655098.0,745961.3514815436,745962.0,0.0,90864.0,90864.0,False,656997.5625,20814.286323033666,88963.78898154359
2019-01-14 21:22:00,644619.0,744161.0504954617,744162.0,0.0,99543.0,99543.0,False,655558.125,20729.857410901837,88602.92549546166
2019-01-14 21:23:00,639264.0,732159.5487655185,732160.0,0.0,92896.0,92896.0,False,643457.0625,20753.15100482614,88702.48626551844
2019-01-14 21:24:00,619322.0,725677.1575702155,725678.0,0.0,106356.0,106356.0,False,636995.9375,20748.175489696845,88681.2200702155
2019-01-14 21:25:00,638808.0,721089.6213858633,721090.0,0.0,82282.0,82282.0,False,631840.5625,20881.029090353146,89249.05888586328
2019-01-14 21:26:00,627354.0,721704.6641059961,721705.0,0.0,94351.0,94351.0,False,632401.6875,20893.643873036945,89302.9766059961
2019-01-14 21:27:00,634318.0,717113.6926388523,717114.0,0.0,82796.0,82796.0,False,627825.8125,20890.111849578923,89287.8801388523
2019-01-14 21:28:00,622513.0,717456.7620102466,717457.0,0.0,94944.0,94944.0,False,630745.3125,20287.320922965435,86711.44951024666
2019-01-14 21:29:00,632693.0,714465.1064329242,714466.0,0.0,81773.0,81773.0,False,627616.875,20319.322910909268,86848.23143292418
2019-01-14 21:30:00,749223.0,756500.0419630168,756501.0,0.0,7278.0,7278.0,False,670746.375,20063.234691910446,85753.66696301686
2019-01-14 21:31:00,683293.0,777056.6461176523,777057.0,0.0,93764.0,93764.0,False,681685.625,22313.34527438719,95371.02111765229
2019-01-14 21:32:00,650097.0,758778.0072357239,758779.0,0.0,108682.0,108682.0,False,663999.9375,22174.616247887912,94778.06973572387
2019-01-14 21:33:00,647019.0,744237.7484698213,744238.0,0.0,97219.0,97219.0,False,650097.875,22025.301566478116,94139.87346982126
2019-01-14 21:34:00,626563.0,738607.2182972735,738608.0,0.0,112045.0,112045.0,False,644583.4375,21998.140109506927,94023.78079727347
2019-01-14 21:35:00,641004.0,747351.8300614893,747352.0,0.0,106348.0,106348.0,False,652991.625,22076.85113386376,94360.20506148922
2019-01-14 21:36:00,638907.0,754583.4905014022,754584.0,0.0,115677.0,115677.0,False,660166.5,22090.13685852611,94416.9905014022
2019-01-14 21:37:00,632517.0,756440.8980071429,756441.0,0.0,123924.0,123924.0,False,661618.5,22184.987448846023,94822.39800714297
2019-01-14 21:38:00,627948.0,728516.7131625236,728517.0,0.0,100569.0,100569.0,False,632177.3125,22539.91081691936,96339.40066252362
2019-01-14 21:39:00,639289.0,730177.061854761,730178.0,0.0,90889.0,90889.0,False,633872.9375,22531.657445760196,96304.12435476102
2019-01-14 21:40:00,660362.0,755905.6456492239,755906.0,0.0,95544.0,95544.0,False,659682.75,22512.65288723079,96222.89564922397
2019-01-14 21:41:00,629310.0,756257.283999284,756258.0,0.0,126948.0,126948.0,False,660179.75,22478.643555604125,96077.53399928406
2019-01-14 21:42:00,625209.0,728475.7493153673,728476.0,0.0,103267.0,103267.0,False,631931.125,22587.92567689158,96544.62431536728
2019-01-14 21:43:00,633703.0,729018.0999484505,729019.0,0.0,95316.0,95316.0,False,632389.25,22607.63140731068,96628.84994845046
2019-01-14 21:44:00,618526.0,725589.3229443335,725590.0,0.0,107064.0,107064.0,False,628979.5,22603.17978136161,96609.8229443336
2019-01-14 21:45:00,630324.0,726216.6080585304,726217.0,0.0,95893.0,95893.0,False,629426.3125,22645.403799789347,96790.29555853037
2019-01-14 21:46:00,626136.0,722738.7954998825,722739.0,0.0,96603.0,96603.0,False,626035.3125,22625.092823010844,96703.48299988252
2019-01-14 21:47:00,646299.0,722446.3883033856,722447.0,0.0,76148.0,76148.0,False,625751.25,22623.140467966685,96695.1383033856
2019-01-14 21:48:00,622032.0,733478.497026861,733479.0,0.0,111447.0,111447.0,False,636989.875,22574.823181133932,96488.622026861
2019-01-14 21:49:00,614926.0,721656.1605912442,721657.0,0.0,106731.0,106731.0,False,624783.9375,22664.571858424977,96872.22309124423
2019-01-14 21:50:00,630777.0,741093.1643837953,741094.0,0.0,110317.0,110317.0,False,644564.9375,22584.089275141974,96528.22688379536
2019-01-14 21:51:00,641511.0,720057.2221606039,720058.0,0.0,78547.0,78547.0,False,623228.375,22654.423470522284,96828.84716060381
2019-01-14 21:52:00,636468.0,729085.9838751256,729086.0,0.0,92618.0,92618.0,False,631777.25,22766.699482965374,97308.73387512559
2019-01-14 21:53:00,619147.0,725097.6145843526,725098.0,0.0,105951.0,105951.0,False,628685.375,22556.952471639386,96412.23958435256
2019-01-14 21:54:00,633728.0,714396.612769427,714397.0,0.0,80669.0,80669.0,False,617943.25,22566.573799130634,96453.36276942697
2019-01-14 21:55:00,629719.0,726031.0968697456,726032.0,0.0,96313.0,96313.0,False,629386.5625,22611.30099062526,96644.53436974561
2019-01-14 21:56:00,622534.0,722898.1972042561,722899.0,0.0,100365.0,100365.0,False,626552.25,22541.442469242233,96345.94720425608
2019-01-14 21:57:00,638027.0,740379.1031829066,740380.0,0.0,102353.0,102353.0,False,644069.875,22532.851555651232,96309.22818290666
2019-01-14 21:58:00,618927.0,721318.3174562217,721319.0,0.0,102392.0,102392.0,False,625492.1875,22419.824166333783,95826.12995622162
2019-01-14 21:59:00,624671.0,713860.9946685028,713861.0,0.0,89190.0,89190.0,False,617953.125,22438.9482818291,95907.86966850286
2019-01-14 22:00:00,726231.0,730614.4505149889,730615.0,0.0,4384.0,4384.0,False,634653.75,22451.308775666388,95960.70051498887
2019-01-14 22:01:00,651412.0,768755.48576978,768756.0,0.0,117344.0,117344.0,False,667285.5625,23740.266239690154,101469.92326978005
2019-01-14 22:02:00,652930.0,745842.1964716078,745843.0,0.0,92913.0,92913.0,False,644185.25,23784.022857033655,101656.9464716078
2019-01-14 22:03:00,642876.0,752384.9408036566,752385.0,0.0,109509.0,109509.0,False,650635.1875,23805.73627546055,101749.75330365663
2019-01-14 22:04:00,634330.0,746651.8460534818,746652.0,0.0,112322.0,112322.0,False,645082.6875,23763.483681662463,101569.1585534818
2019-01-14 22:05:00,647171.0,759546.7334792952,759547.0,0.0,112376.0,112376.0,False,657935.1875,23773.400795439615,101611.5459792952
2019-01-14 22:06:00,722589.0,768121.4942463719,768122.0,0.0,45533.0,45533.0,False,666845.9375,23694.79155256022,101275.55674637192
2019-01-14 22:07:00,725084.0,826696.1546789805,826697.0,0.0,101613.0,101613.0,False,722745.4375,24320.6816573074,103950.71717898044
2019-01-14 22:08:00,727419.0,826210.9408512642,826211.0,0.0,98792.0,98792.0,False,722437.8125,24279.132339880904,103773.1283512642
2019-01-14 22:09:00,694547.0,809471.382757154,809472.0,0.0,114925.0,114925.0,False,712811.125,22614.979690591063,96660.2577571539
2019-01-14 22:10:00,661817.0,789305.7281671329,789306.0,0.0,127489.0,127489.0,False,694925.3125,22081.579679460196,94380.41566713295
2019-01-14 22:11:00,648076.0,743957.8609417243,743958.0,0.0,95882.0,95882.0,False,647868.4375,22481.425252089895,96089.42344172423
2019-01-14 22:12:00,636912.0,728133.0990947593,728134.0,0.0,91222.0,91222.0,False,638472.125,20977.40224618347,89660.97409475932
2019-01-14 22:13:00,628149.0,721243.7532090134,721244.0,0.0,93095.0,93095.0,False,632107.0,20854.753652442767,89136.75320901335
2019-01-14 22:14:00,627421.0,713175.8258483561,713176.0,0.0,85755.0,85755.0,False,624298.8125,20793.983985467974,88877.01334835614
2019-01-14 22:15:00,653408.0,719490.2576986855,719491.0,0.0,66083.0,66083.0,False,630596.5625,20797.88693084753,88893.6951986855
2019-01-14 22:16:00,637563.0,733928.8482730234,733929.0,0.0,96366.0,96366.0,False,644224.375,20987.579469541088,89704.4732730234
2019-01-14 22:17:00,639372.0,725015.1819179666,725016.0,0.0,85644.0,85644.0,False,635476.0625,20948.892690086526,89539.11941796653
2019-01-14 22:18:00,627615.0,737332.0132680258,737333.0,0.0,109718.0,109718.0,False,648253.625,20841.09838205863,89078.38826802588
2019-01-14 22:19:00,623973.0,744738.760449554,744739.0,0.0,120766.0,120766.0,False,655000.0,20995.601420018746,89738.76044955393
2019-01-14 22:20:00,638312.0,742425.869940775,742426.0,0.0,104114.0,104114.0,False,651124.1875,21361.26824017397,91301.682440775
2019-01-14 22:21:00,625041.0,731491.1092357651,731492.0,0.0,106451.0,106451.0,False,640189.6875,21361.207244697212,91301.42173576505
2019-01-14 22:22:00,619713.0,714620.5405399104,714621.0,0.0,94908.0,94908.0,False,622998.5625,21436.20574435104,91621.97803991042
2019-01-14 22:23:00,614103.0,708371.7891741791,708372.0,0.0,94269.0,94269.0,False,616897.6875,21401.608060821825,91474.10167417902
2019-01-14 22:24:00,616165.0,708496.6146187856,708497.0,0.0,92332.0,92332.0,False,617033.0625,21399.13984910271,91463.55211878552
2019-01-14 22:25:00,616171.0,730317.1624667005,730318.0,0.0,114147.0,114147.0,False,639313.25,21291.600911817786,91003.91246670058
2019-01-14 22:26:00,625452.0,710368.07738171,710369.0,0.0,84917.0,84917.0,False,618671.625,21453.63002777784,91696.45238171003
2019-01-14 22:27:00,635677.0,715304.0887861417,715305.0,0.0,79628.0,79628.0,False,623521.0625,21473.885168162175,91783.0262861417
2019-01-14 22:28:00,636054.0,717708.2943272443,717709.0,0.0,81655.0,81655.0,False,625727.875,21520.067950198754,91980.41932724425
2019-01-14 22:29:00,617821.0,721511.9271931099,721512.0,0.0,103691.0,103691.0,False,629406.375,21549.34448313836,92105.55219310994
2019-01-14 22:30:00,677698.0,732159.0547856162,732160.0,0.0,54462.0,54462.0,False,639928.0625,21578.692895921846,92230.9922856162
2019-01-14 22:31:00,647610.0,736483.423775339,736484.0,0.0,88874.0,88874.0,False,652639.875,19616.336607596513,83843.54877533902
2019-01-14 22:32:00,626252.0,714414.2480832329,714415.0,0.0,88163.0,88163.0,False,630574.0,19615.564365863702,83840.24808323292
2019-01-14 22:33:00,623358.0,709718.9420110063,709719.0,0.0,86361.0,86361.0,False,626132.6875,19556.13912108651,83586.25451100632
2019-01-14 22:34:00,613736.0,702960.9409098502,702961.0,0.0,89225.0,89225.0,False,619376.0,19555.831786260842,83584.94090985021
2019-01-14 22:35:00,626600.0,699713.9083853358,699714.0,0.0,73114.0,73114.0,False,616590.0,19447.96696755955,83123.90838533579
2019-01-14 22:36:00,612123.0,707579.4955140133,707580.0,0.0,95457.0,95457.0,False,624426.5625,19454.757673515636,83152.93301401328
2019-01-14 22:37:00,604535.0,694765.9784169564,694766.0,0.0,90231.0,90231.0,False,612129.1875,19333.999222077124,82636.79091695635
2019-01-14 22:38:00,604385.0,690305.4640478018,690306.0,0.0,85921.0,85921.0,False,609068.125,19006.578456467305,81237.33904780181
2019-01-14 22:39:00,607582.0,689309.3550643126,689310.0,0.0,81728.0,81728.0,False,608065.5625,19008.088344276523,81243.79256431255
2019-01-14 22:40:00,641559.0,727889.9297710414,727890.0,0.0,86331.0,86331.0,False,646716.5,18991.626013451794,81173.42977104134
2019-01-14 22:41:00,623349.0,704072.4052271777,704073.0,0.0,80724.0,80724.0,False,622867.75,18998.931632873242,81204.65522717767
2019-01-14 22:42:00,595166.0,695662.8947643351,695663.0,0.0,100497.0,100497.0,False,616192.3125,18593.221719133784,79470.58226433507
2019-01-14 22:43:00,623969.0,684501.2238292757,684502.0,0.0,60533.0,60533.0,False,604298.75,18764.457687885602,80202.47382927567
2019-01-14 22:44:00,616972.0,694891.2428002252,694892.0,0.0,77920.0,77920.0,False,613931.625,18941.601799883465,80959.61780022514
2019-01-14 22:45:00,638137.0,714819.1207998422,714820.0,0.0,76683.0,76683.0,False,634039.75,18899.430566870702,80779.37079984217
2019-01-14 22:46:00,623340.0,705282.4082472173,705283.0,0.0,81943.0,81943.0,False,624472.6875,18906.531349130397,80809.72074721732
2019-01-14 22:47:00,645070.0,697098.4161287651,697099.0,0.0,52029.0,52029.0,False,616286.3125,18907.08885662166,80812.10362876505
2019-01-14 22:48:00,629597.0,719092.270548889,719093.0,0.0,89496.0,89496.0,False,637520.0625,19084.925605898887,81572.20804888898
2019-01-14 22:49:00,599110.0,705910.1289771874,705911.0,0.0,106801.0,106801.0,False,624643.6875,19013.387364955393,81266.44147718746
2019-01-14 22:50:00,639246.0,711627.1402867574,711628.0,0.0,72382.0,72382.0,False,629321.5625,19256.507413276806,82305.57778675738
2019-01-14 22:51:00,604252.0,706428.1095652026,706429.0,0.0,102177.0,102177.0,False,624307.75,19213.173095574988,82120.35956520263
2019-01-14 22:52:00,611750.0,684211.4060929316,684212.0,0.0,72462.0,72462.0,False,601957.25,19244.476609836915,82254.15609293162
2019-01-14 22:53:00,606205.0,689322.4224052535,689323.0,0.0,83118.0,83118.0,False,606927.4375,19277.425422559016,82394.98490525354
2019-01-14 22:54:00,605963.0,688359.9979778795,688360.0,0.0,82397.0,82397.0,False,606128.875,19239.087699842235,82231.12297787945
2019-01-14 22:55:00,615895.0,698754.8596911302,698755.0,0.0,82860.0,82860.0,False,616996.0625,19128.58066910876,81758.79719113026
2019-01-14 22:56:00,613157.0,690023.3197269853,690024.0,0.0,76867.0,76867.0,False,608264.125,19128.67367801952,81759.19472698528
2019-01-14 22:57:00,607959.0,703537.2934759224,703538.0,0.0,95579.0,95579.0,False,621755.375,19133.990207611212,81781.91847592237
2019-01-14 22:58:00,625235.0,693252.2946076437,693253.0,0.0,68018.0,68018.0,False,611191.375,19199.2663104681,82060.9196076437
2019-01-14 22:59:00,611442.0,698092.1223981506,698093.0,0.0,86651.0,86651.0,False,615735.8125,19268.376879543906,82356.30989815058
2019-01-14 23:00:00,711484.0,736404.7587603844,736405.0,0.0,24921.0,24921.0,False,654099.875,19256.345036383816,82304.88376038439
2019-01-14 23:01:00,645106.0,731012.0318527706,731013.0,0.0,85907.0,85907.0,False,658801.5,16894.634353241443,72210.53185277055
2019-01-14 23:02:00,652371.0,707106.4512702909,707107.0,0.0,54736.0,54736.0,False,635025.4375,16864.331839335475,72081.01377029094
2019-01-14 23:03:00,651248.0,717381.7787445991,717382.0,0.0,66134.0,66134.0,False,644806.5625,16979.957218150405,72575.21624459914
2019-01-14 23:04:00,629553.0,709499.9026084978,709500.0,0.0,79947.0,79947.0,False,636939.25,16976.549857749196,72560.65260849782
2019-01-14 23:05:00,637780.0,717623.6539125505,717624.0,0.0,79844.0,79844.0,False,645187.4375,16947.436320195917,72436.21641255052
2019-01-14 23:06:00,652740.0,729669.5897134686,729670.0,0.0,76930.0,76930.0,False,657358.6875,16918.11736188835,72310.9022134686
2019-01-14 23:07:00,676817.0,733174.9791288754,733175.0,0.0,56358.0,56358.0,False,667875.5625,15277.685112112857,65299.4166288754
2019-01-14 23:08:00,684261.0,741865.9849130064,741866.0,0.0,57605.0,57605.0,False,676358.3125,15326.409380368017,65507.67241300648
2019-01-14 23:09:00,686833.0,741791.5907576779,741792.0,0.0,54959.0,54959.0,False,676182.1875,15350.21069271225,65609.40325767796
2019-01-14 23:10:00,667390.0,770486.9670615592,770487.0,0.0,103097.0,103097.0,False,705283.5625,15255.221785376638,65203.40456155926
2019-01-14 23:11:00,637495.0,729527.2169997081,729528.0,0.0,92033.0,92033.0,False,663548.3125,15436.660525125828,65978.90449970806
2019-01-14 23:12:00,658949.0,710054.1563412996,710055.0,0.0,51106.0,51106.0,False,642627.8125,15775.308611454091,67426.34384129968
2019-01-14 23:13:00,620860.0,724069.6098554347,724070.0,0.0,103210.0,103210.0,False,655976.5,15931.3075733638,68093.10985543476
2019-01-14 23:14:00,609331.0,688765.2593837564,688766.0,0.0,79435.0,79435.0,False,618140.5,16523.621353558035,70624.75938375642
2019-01-14 23:15:00,630045.0,686655.30712716,686656.0,0.0,56611.0,56611.0,False,615955.6875,16541.13592390459,70699.61962715996
2019-01-14 23:16:00,604802.0,697683.3227233947,697684.0,0.0,92882.0,92882.0,False,627739.375,16364.33622201123,69943.94772339477
2019-01-14 23:17:00,535995.0,685505.7260521895,685506.0,0.0,149511.0,149511.0,False,614644.5,16578.94594122416,70861.2260521895
2019-01-14 23:18:00,567885.0,648698.3076518142,648699.0,0.0,80814.0,80814.0,False,566419.3125,19250.288044910623,82278.99515181422
2019-01-14 23:19:00,591624.0,657763.2384427615,657764.0,0.0,66140.0,66140.0,False,576016.9375,19125.657002137184,81746.30094276147
2019-01-14 23:20:00,633844.0,690509.5336876924,690510.0,0.0,56666.0,56666.0,False,609669.3125,18913.6673412941,80840.22118769234
2019-01-14 23:21:00,622058.0,704145.6029294009,704146.0,0.0,82088.0,82088.0,False,622266.3125,19156.77169817873,81879.29042940083
2019-01-14 23:22:00,605205.0,690072.6403851793,690073.0,0.0,84868.0,84868.0,False,608543.3125,19074.893209400838,81529.32788517931
2019-01-14 23:23:00,622582.0,686591.4178873413,686592.0,0.0,64010.0,64010.0,False,605061.6875,19074.987380246555,81529.73038734136
2019-01-14 23:24:00,612415.0,690020.5126881514,690021.0,0.0,77606.0,77606.0,False,607851.25,19224.614645162743,82169.26268815143
2019-01-14 23:25:00,616866.0,696013.8811632409,696014.0,0.0,79148.0,79148.0,False,613789.625,19237.48111532454,82224.25616324092
2019-01-14 23:26:00,601307.0,688770.6498564961,688771.0,0.0,87464.0,87464.0,False,607465.25,19022.502206745477,81305.3998564962
2019-01-14 23:27:00,614037.0,686230.4375607704,686231.0,0.0,72194.0,72194.0,False,604964.875,19013.181730526303,81265.56256077049
2019-01-14 23:28:00,618267.0,689042.1275175156,689043.0,0.0,70776.0,70776.0,False,607906.75,18982.723172091413,81135.3775175156
2019-01-14 23:29:00,636622.0,696521.2878390912,696522.0,0.0,59900.0,59900.0,False,615384.5,18983.053135972415,81136.78783909116
2019-01-14 23:30:00,704185.0,720967.7869213562,720968.0,0.0,16783.0,16783.0,False,639190.3125,19132.950460707056,81777.4744213562
2019-01-14 23:31:00,644028.0,741427.5612886715,741428.0,0.0,97400.0,97400.0,False,654607.8125,20312.659009568048,86819.74878867141
2019-01-14 23:32:00,616963.0,726646.0627583393,726647.0,0.0,109684.0,109684.0,False,639669.0,20349.464748675688,86977.06275833937
2019-01-14 23:33:00,611267.0,710522.6610778798,710523.0,0.0,99256.0,99256.0,False,622674.75,20553.211536827974,87847.9110778798
2019-01-14 23:34:00,581705.0,699284.2938683995,699285.0,0.0,117580.0,117580.0,False,611228.625,20601.819292716315,88055.66886839944
2019-01-14 23:35:00,593599.0,695827.6840587602,695828.0,0.0,102229.0,102229.0,False,606365.1875,20930.96573184128,89462.49655876015
2019-01-14 23:36:00,597509.0,689738.4667818102,689739.0,0.0,92230.0,92230.0,False,600231.125,20941.457880652277,89507.34178181022
2019-01-14 23:37:00,599955.0,699988.4181622214,699989.0,0.0,100034.0,100034.0,False,610696.5625,20891.04197724813,89291.85566222144
2019-01-14 23:38:00,595014.0,691159.268447737,691160.0,0.0,96146.0,96146.0,False,601778.25,20911.902821512147,89381.01844773703
2019-01-14 23:39:00,594908.0,686694.900853722,686695.0,0.0,91787.0,91787.0,False,597279.6875,20919.903184042876,89415.21335372196
2019-01-14 23:40:00,634585.0,704086.0222513047,704087.0,0.0,69502.0,69502.0,False,614667.625,20920.648100111182,89418.39725130468
2019-01-14 23:41:00,608947.0,710287.5792134047,710288.0,0.0,101341.0,101341.0,False,620178.625,21082.21327731485,90108.95421340464
2019-01-14 23:42:00,607280.0,701212.2093229843,701213.0,0.0,93933.0,93933.0,False,610915.5625,21126.126511690694,90296.64682298436
2019-01-14 23:43:00,613165.0,695925.3201121216,695926.0,0.0,82761.0,82761.0,False,606320.375,20964.293504971352,89604.94511212167
2019-01-14 23:44:00,613704.0,693948.9343289029,693949.0,0.0,80245.0,80245.0,False,604947.4375,20823.10858589528,89001.49682890283
2019-01-14 23:45:00,639067.0,716146.7059723357,716147.0,0.0,77080.0,77080.0,False,627018.1875,20852.827023991267,89128.51847233562
2019-01-14 23:46:00,620960.0,710668.8849362007,710669.0,0.0,89709.0,89709.0,False,621308.125,20907.16306768169,89360.75993620063
2019-01-14 23:47:00,604475.0,704770.1401156615,704771.0,0.0,100296.0,100296.0,False,615410.25,20906.95956135673,89359.89011566155
2019-01-14 23:48:00,614541.0,692514.2245622447,692515.0,0.0,77974.0,77974.0,False,604471.875,20598.70306020078,88042.34956224468
2019-01-14 23:49:00,591612.0,697936.8060224596,697937.0,0.0,106325.0,106325.0,False,609770.5,20627.70435706595,88166.30602245966
2019-01-14 23:50:00,617163.0,712671.614327272,712672.0,0.0,95509.0,95509.0,False,625045.3125,20501.363043786176,87626.3018272721
2019-01-14 23:51:00,591331.0,695321.2979847764,695322.0,0.0,103991.0,103991.0,False,607807.5,20475.04124233241,87513.7979847764
2019-01-14 23:52:00,580034.0,681602.5180167357,681603.0,0.0,101569.0,101569.0,False,594305.0625,20424.424984580994,87297.45551673563
2019-01-14 23:53:00,583403.0,674780.3666149478,674781.0,0.0,91378.0,91378.0,False,587386.125,20447.0694063546,87394.24161494775
2019-01-14 23:54:00,598860.0,673068.552295546,673069.0,0.0,74209.0,74209.0,False,585662.5,20449.832675438098,87406.05229554608
2019-01-14 23:55:00,611202.0,715020.2693585797,715021.0,0.0,103819.0,103819.0,False,627254.4375,20534.007989055994,87765.8318585797
2019-01-14 23:56:00,588891.0,689057.7652064582,689058.0,0.0,100167.0,100167.0,False,600912.3125,20622.82544065503,88145.45270645816
2019-01-14 23:57:00,578440.0,678887.5909503691,678888.0,0.0,100448.0,100448.0,False,590622.0625,20650.918791251104,88265.52845036911
2019-01-14 23:58:00,587982.0,675732.0290088403,675733.0,0.0,87751.0,87751.0,False,587529.75,20636.12072564685,88202.27900884034
2019-01-14 23:59:00,586114.0,679901.6872758446,679902.0,0.0,93788.0,93788.0,False,592121.875,20537.278897491884,87779.81227584467
