timestamp,actual_demand,predicted,provisioned,cold_starts,idle_capacity,cost,is_extreme,base_prediction,sigma_t,buffer_t
2019-01-12 09:36:00,553495.0,626298.1703087913,626299.0,0.0,72804.0,72804.0,False,565275.875,22536.492745438274,61022.2953087913
2019-01-12 09:37:00,559100.0,626968.7953087913,626969.0,0.0,67869.0,67869.0,False,565946.5,22536.492745438274,61022.2953087913
2019-01-12 09:38:00,555599.0,630278.6078087913,630279.0,0.0,74680.0,74680.0,False,569256.3125,22536.492745438274,61022.2953087913
2019-01-12 09:39:00,570612.0,623371.0453087913,623372.0,0.0,52760.0,52760.0,False,562348.75,22536.492745438274,61022.2953087913
2019-01-12 09:40:00,584966.0,666817.8578087913,666818.0,0.0,81852.0,81852.0,False,605795.5625,22536.492745438274,61022.2953087913
2019-01-12 09:41:00,571705.0,641325.9203087913,641326.0,0.0,69621.0,69621.0,False,580303.625,22536.492745438274,61022.2953087913
2019-01-12 09:42:00,575588.0,644652.2328087913,644653.0,0.0,69065.0,69065.0,False,583629.9375,22536.492745438274,61022.2953087913
2019-01-12 09:43:00,565964.0,645323.3578087913,645324.0,0.0,79360.0,79360.0,False,584301.0625,22536.492745438274,61022.2953087913
2019-01-12 09:44:00,572865.0,630985.6703087913,630986.0,0.0,58121.0,58121.0,False,569963.375,22536.492745438274,61022.2953087913
2019-01-12 09:45:00,617089.0,638324.4828087913,638325.0,0.0,21236.0,21236.0,False,577302.1875,22536.492745438274,61022.2953087913
2019-01-12 09:46:00,615697.0,653801.4203087913,653802.0,0.0,38105.0,38105.0,False,592779.125,22536.492745438274,61022.2953087913
2019-01-12 09:47:00,621582.0,660151.8578087913,660152.0,0.0,38570.0,38570.0,False,599129.5625,22536.492745438274,61022.2953087913
2019-01-12 09:48:00,602921.0,677802.6078087913,677803.0,0.0,74882.0,74882.0,False,616780.3125,22536.492745438274,61022.2953087913
2019-01-12 09:49:00,590658.0,662818.7328087913,662819.0,0.0,72161.0,72161.0,False,601796.4375,22536.492745438274,61022.2953087913
2019-01-12 09:50:00,613440.0,654361.1703087913,654362.0,0.0,40922.0,40922.0,False,593338.875,22536.492745438274,61022.2953087913
2019-01-12 09:51:00,599705.0,659721.1703087913,659722.0,0.0,60017.0,60017.0,False,598698.875,22536.492745438274,61022.2953087913
2019-01-12 09:52:00,587745.0,657020.6703087913,657021.0,0.0,69276.0,69276.0,False,595998.375,22536.492745438274,61022.2953087913
2019-01-12 09:53:00,562710.0,649559.1078087913,649560.0,0.0,86850.0,86850.0,False,588536.8125,22536.492745438274,61022.2953087913
2019-01-12 09:54:00,581482.0,636102.1703087913,636103.0,0.0,54621.0,54621.0,False,575079.875,22536.492745438274,61022.2953087913
2019-01-12 09:55:00,578549.0,659223.5453087913,659224.0,0.0,80675.0,80675.0,False,598201.25,22536.492745438274,61022.2953087913
2019-01-12 09:56:00,555120.0,649617.8578087913,649618.0,0.0,94498.0,94498.0,False,588595.5625,22536.492745438274,61022.2953087913
2019-01-12 09:57:00,550793.0,647629.2328087913,647630.0,0.0,96837.0,96837.0,False,586606.9375,22536.492745438274,61022.2953087913
2019-01-12 09:58:00,562589.0,625487.1703087913,625488.0,0.0,62899.0,62899.0,False,564464.875,22536.492745438274,61022.2953087913
2019-01-12 09:59:00,583837.0,639209.1703087913,639210.0,0.0,55373.0,55373.0,False,578186.875,22536.492745438274,61022.2953087913
2019-01-12 10:00:00,672798.0,666052.3578087913,666053.0,6745.0,0.0,67450.0,False,605030.0625,22536.492745438274,61022.2953087913
2019-01-12 10:01:00,613156.0,687559.0453087913,687560.0,0.0,74404.0,74404.0,False,626536.75,22536.492745438274,61022.2953087913
2019-01-12 10:02:00,615925.0,671305.6703087913,671306.0,0.0,55381.0,55381.0,False,610283.375,22536.492745438274,61022.2953087913
2019-01-12 10:03:00,605002.0,678822.6703087913,678823.0,0.0,73821.0,73821.0,False,617800.375,22536.492745438274,61022.2953087913
2019-01-12 10:04:00,614712.0,664436.8578087913,664437.0,0.0,49725.0,49725.0,False,603414.5625,22536.492745438274,61022.2953087913
2019-01-12 10:05:00,632308.0,690819.4203087913,690820.0,0.0,58512.0,58512.0,False,629797.125,22536.492745438274,61022.2953087913
2019-01-12 10:06:00,629592.0,721320.1078087913,721321.0,0.0,91729.0,91729.0,False,660297.8125,22536.492745438274,61022.2953087913
2019-01-12 10:07:00,621169.0,727599.3578087913,727600.0,0.0,106431.0,106431.0,False,666577.0625,22536.492745438274,61022.2953087913
2019-01-12 10:08:00,611268.0,698376.3578087913,698377.0,0.0,87109.0,87109.0,False,637354.0625,22536.492745438274,61022.2953087913
2019-01-12 10:09:00,588057.0,690041.1078087913,690042.0,0.0,101985.0,101985.0,False,629018.8125,22536.492745438274,61022.2953087913
2019-01-12 10:10:00,630571.0,705693.3578087913,705694.0,0.0,75123.0,75123.0,False,644671.0625,22536.492745438274,61022.2953087913
2019-01-12 10:11:00,626327.0,694267.6703087913,694268.0,0.0,67941.0,67941.0,False,633245.375,22536.492745438274,61022.2953087913
2019-01-12 10:12:00,609606.0,686117.6078087913,686118.0,0.0,76512.0,76512.0,False,625095.3125,22536.492745438274,61022.2953087913
2019-01-12 10:13:00,590924.0,674488.9828087913,674489.0,0.0,83565.0,83565.0,False,613466.6875,22536.492745438274,61022.2953087913
2019-01-12 10:14:00,569357.0,664267.0453087913,664268.0,0.0,94911.0,94911.0,False,603244.75,22536.492745438274,61022.2953087913
2019-01-12 10:15:00,601976.0,657956.3578087913,657957.0,0.0,55981.0,55981.0,False,596934.0625,22536.492745438274,61022.2953087913
2019-01-12 10:16:00,611700.0,674993.6078087913,674994.0,0.0,63294.0,63294.0,False,613971.3125,22536.492745438274,61022.2953087913
2019-01-12 10:17:00,613031.0,672719.7953087913,672720.0,0.0,59689.0,59689.0,False,611697.5,22536.492745438274,61022.2953087913
2019-01-12 10:18:00,620360.0,669840.4203087913,669841.0,0.0,49481.0,49481.0,False,608818.125,22536.492745438274,61022.2953087913
2019-01-12 10:19:00,616865.0,672973.6078087913,672974.0,0.0,56109.0,56109.0,False,611951.3125,22536.492745438274,61022.2953087913
2019-01-12 10:20:00,645195.0,688680.2953087913,688681.0,0.0,43486.0,43486.0,False,627658.0,22536.492745438274,61022.2953087913
2019-01-12 10:21:00,630220.0,692264.2953087913,692265.0,0.0,62045.0,62045.0,False,631242.0,22536.492745438274,61022.2953087913
2019-01-12 10:22:00,616579.0,686793.4828087913,686794.0,0.0,70215.0,70215.0,False,625771.1875,22536.492745438274,61022.2953087913
2019-01-12 10:23:00,617967.0,672992.4828087913,672993.0,0.0,55026.0,55026.0,False,611970.1875,22536.492745438274,61022.2953087913
2019-01-12 10:24:00,590719.0,674234.5453087913,674235.0,0.0,83516.0,83516.0,False,613212.25,22536.492745438274,61022.2953087913
2019-01-12 10:25:00,607461.0,664214.2953087913,664215.0,0.0,56754.0,56754.0,False,603192.0,22536.492745438274,61022.2953087913
2019-01-12 10:26:00,595604.0,664806.7328087913,664807.0,0.0,69203.0,69203.0,False,603784.4375,22536.492745438274,61022.2953087913
2019-01-12 10:27:00,579180.0,661477.1703087913,661478.0,0.0,82298.0,82298.0,False,600454.875,22536.492745438274,61022.2953087913
2019-01-12 10:28:00,577091.0,651556.5453087913,651557.0,0.0,74466.0,74466.0,False,590534.25,22536.492745438274,61022.2953087913
2019-01-12 10:29:00,589654.0,644115.4203087913,644116.0,0.0,54462.0,54462.0,False,583093.125,22536.492745438274,61022.2953087913
2019-01-12 10:30:00,635898.0,692510.0453087913,692511.0,0.0,56613.0,56613.0,False,631487.75,22536.492745438274,61022.2953087913
2019-01-12 10:31:00,570907.0,673363.8578087913,673364.0,0.0,102457.0,102457.0,False,612341.5625,22536.492745438274,61022.2953087913
2019-01-12 10:32:00,582776.0,644484.9203087913,644485.0,0.0,61709.0,61709.0,False,583462.625,22536.492745438274,61022.2953087913
2019-01-12 10:33:00,566317.0,648396.4203087913,648397.0,0.0,82080.0,82080.0,False,587374.125,22536.492745438274,61022.2953087913
2019-01-12 10:34:00,536499.0,636071.4203087913,636072.0,0.0,99573.0,99573.0,False,575049.125,22536.492745438274,61022.2953087913
2019-01-12 10:35:00,584796.0,632924.4203087913,632925.0,0.0,48129.0,48129.0,False,571902.125,22536.492745438274,61022.2953087913
2019-01-12 10:36:00,567809.0,631657.2185906032,631658.0,0.0,63849.0,63849.0,False,577389.75,20041.829072746033,54267.46859060315
2019-01-12 10:37:00,568353.0,631950.0522690662,631951.0,0.0,63598.0,63598.0,False,577703.5,20034.10434646046,54246.55226906624
2019-01-12 10:38:00,557289.0,618828.53155618,618829.0,0.0,61540.0,61540.0,False,564572.75,20037.512867248362,54255.78155618003
2019-01-12 10:39:00,570739.0,612790.4984209562,612791.0,0.0,42052.0,42052.0,False,558592.75,20016.080318302964,54197.74842095623
2019-01-12 10:40:00,592745.0,654028.4373143272,654029.0,0.0,61284.0,61284.0,False,599686.0,20069.51620070137,54342.437314327246
2019-01-12 10:41:00,590520.0,634842.2149160535,634843.0,0.0,44323.0,44323.0,False,580740.4375,19980.636717815305,54101.77741605342
2019-01-12 10:42:00,613963.0,637998.3430856925,637999.0,0.0,24036.0,24036.0,False,583626.6875,20080.30696754034,54371.65558569244
2019-01-12 10:43:00,607943.0,657983.7548373122,657984.0,0.0,50041.0,50041.0,False,602198.5625,20602.348306481883,55785.19233731213
2019-01-12 10:44:00,624957.0,653757.5934338109,653758.0,0.0,28801.0,28801.0,False,598044.3125,20575.790294936778,55713.28093381091
2019-01-12 10:45:00,657422.0,666662.6415500141,666663.0,0.0,9241.0,9241.0,False,609934.8125,20950.478859911476,56727.82905001419
2019-01-12 10:46:00,638847.0,693342.082310957,693343.0,0.0,54496.0,54496.0,False,635825.125,21241.91632941283,57516.95731095702
2019-01-12 10:47:00,643693.0,677958.3259803825,677959.0,0.0,34266.0,34266.0,False,621179.0625,20969.474403441858,56779.263480382535
2019-01-12 10:48:00,648756.0,688923.3394523755,688924.0,0.0,40168.0,40168.0,False,632140.5,20970.795066102473,56782.839452375585
2019-01-12 10:49:00,627792.0,689471.785011262,689472.0,0.0,61680.0,61680.0,False,632319.0,21107.42177543655,57152.78501126207
2019-01-12 10:50:00,631550.0,681968.0022841784,681969.0,0.0,50419.0,50419.0,False,624869.8125,21087.25890000092,57098.18978417837
2019-01-12 10:51:00,625232.0,679788.963532129,679789.0,0.0,54557.0,54557.0,False,623193.3125,20901.663440463504,56595.65103212897
2019-01-12 10:52:00,628748.0,676957.5686243011,676958.0,0.0,48210.0,48210.0,False,620349.3125,20906.31869911702,56608.25612430113
2019-01-12 10:53:00,621864.0,680176.4810818979,680177.0,0.0,58313.0,58313.0,False,623422.5625,20960.114134085517,56753.91858189792
2019-01-12 10:54:00,615623.0,681039.65632161,681040.0,0.0,65417.0,65417.0,False,624813.25,20765.29556544677,56226.40632160994
2019-01-12 10:55:00,613658.0,698560.3190224055,698561.0,0.0,84903.0,84903.0,False,642407.75,20738.02629034915,56152.5690224055
2019-01-12 10:56:00,595818.0,672710.0815201614,672711.0,0.0,76893.0,76893.0,False,616154.625,20886.81897545642,56555.45652016141
2019-01-12 10:57:00,589360.0,666764.1728524024,666765.0,0.0,77405.0,77405.0,False,610870.125,20642.55035908774,55894.047852402466
2019-01-12 10:58:00,590099.0,677256.3802604892,677257.0,0.0,87158.0,87158.0,False,622154.3125,20350.059663586733,55102.06776048914
2019-01-12 10:59:00,579094.0,655472.380130562,655473.0,0.0,76379.0,76379.0,False,599486.0625,20676.627038366874,55986.31763056194
2019-01-12 11:00:00,689136.0,669818.222486863,669819.0,19317.0,0.0,193170.0,False,613647.1875,20744.846061253018,56171.03498686301
2019-01-12 11:01:00,638849.0,698748.6566735794,698749.0,0.0,59900.0,59900.0,False,641317.0,21210.41346335846,57431.65667357936
2019-01-12 11:02:00,617645.0,692341.0979571926,692342.0,0.0,74697.0,74697.0,False,634998.0,21177.70733751877,57343.09795719256
2019-01-12 11:03:00,613628.0,681461.0535908247,681462.0,0.0,67834.0,67834.0,False,624037.5625,21207.397785308625,57423.49109082467
2019-01-12 11:04:00,601598.0,670893.9736579027,670894.0,0.0,69296.0,69296.0,False,613507.1875,21193.84207668881,57386.78615790267
2019-01-12 11:05:00,608504.0,687091.2311088669,687092.0,0.0,78588.0,78588.0,False,629915.0,21116.0807877845,57176.23110886686
2019-01-12 11:06:00,672356.0,698345.9936764796,698346.0,0.0,25990.0,25990.0,False,640940.25,21200.843386254714,57405.74367647953
2019-01-12 11:07:00,662473.0,752217.9464280445,752218.0,0.0,89745.0,89745.0,False,694156.3125,21443.073964789943,58061.63392804443
2019-01-12 11:08:00,683414.0,731359.4827002466,731360.0,0.0,47946.0,47946.0,False,674304.375,21071.348009283454,57055.10770024658
2019-01-12 11:09:00,680693.0,734279.4688983038,734280.0,0.0,53587.0,53587.0,False,677594.5,20934.649932251476,56684.96889830378
2019-01-12 11:10:00,686199.0,739600.697057793,739601.0,0.0,53402.0,53402.0,False,684456.1875,20365.734086389137,55144.509557793055
2019-01-12 11:11:00,652373.0,716734.9583015668,716735.0,0.0,64362.0,64362.0,False,661722.0625,20317.127057640322,55012.895801566796
2019-01-12 11:12:00,647148.0,685225.0754104945,685226.0,0.0,38078.0,38078.0,False,630180.8125,20328.711423964414,55044.26291049447
2019-01-12 11:13:00,615680.0,690134.2440293971,690135.0,0.0,74455.0,74455.0,False,634887.8125,20403.375472410946,55246.431529397094
2019-01-12 11:14:00,604997.0,666166.1694896168,666167.0,0.0,61170.0,61170.0,False,611060.8125,20351.27442760041,55105.356989616776
2019-01-12 11:15:00,656380.0,669065.0233384222,669066.0,0.0,12686.0,12686.0,False,615110.75,19926.161143623332,53954.273338422194
2019-01-12 11:16:00,619308.0,697057.8115742519,697058.0,0.0,77750.0,77750.0,False,641158.3125,20644.563580993596,55899.4990742518
2019-01-12 11:17:00,609750.0,677571.498775391,677572.0,0.0,67822.0,67822.0,False,621193.875,20821.142547814037,56377.62377539099
2019-01-12 11:18:00,608803.0,677526.1149856913,677527.0,0.0,68724.0,68724.0,False,621039.375,20861.440879258284,56486.73998569129
2019-01-12 11:19:00,619098.0,672483.1156243132,672484.0,0.0,53386.0,53386.0,False,616051.375,20841.12875067595,56431.740624313185
2019-01-12 11:20:00,634030.0,707267.493828057,707268.0,0.0,73238.0,73238.0,False,650858.4375,20832.751083539268,56409.05632805698
2019-01-12 11:21:00,623732.0,682878.8795172687,682879.0,0.0,59147.0,59147.0,False,626640.25,20769.809783715627,56238.62951726874
2019-01-12 11:22:00,600260.0,681182.9662488792,681183.0,0.0,80923.0,80923.0,False,624945.4375,20769.403252648608,56237.52874887926
2019-01-12 11:23:00,603439.0,664365.2600008696,664366.0,0.0,60927.0,60927.0,False,607639.6875,20949.645480846193,56725.57250086964
2019-01-12 11:24:00,600748.0,663018.0911815291,663019.0,0.0,62271.0,62271.0,False,606369.25,20921.30739862697,56648.84118152909
2019-01-12 11:25:00,597077.0,694389.573744943,694390.0,0.0,97313.0,97313.0,False,638161.5625,20765.888288858256,56228.01124494299
2019-01-12 11:26:00,606076.0,663444.9533722565,663445.0,0.0,57369.0,57369.0,False,605696.625,21327.365298811543,57748.3283722565
2019-01-12 11:27:00,589363.0,657777.1070666902,657778.0,0.0,68415.0,68415.0,False,600043.625,21321.88232482643,57733.48206669027
2019-01-12 11:28:00,584865.0,649550.0959567605,649551.0,0.0,64686.0,64686.0,False,592110.125,21213.484058812905,57439.97095676048
2019-01-12 11:29:00,586629.0,650904.6646325322,650905.0,0.0,64276.0,64276.0,False,593564.5,21176.62401461859,57340.16463253214
2019-01-12 11:30:00,667010.0,682401.3793639686,682402.0,0.0,15392.0,15392.0,False,625137.625,21148.404501497283,57263.754363968634
2019-01-12 11:31:00,630921.0,685230.6665833921,685231.0,0.0,54310.0,54310.0,False,625941.5625,21896.397985318028,59289.10408339204
2019-01-12 11:32:00,621874.0,671086.1796322609,671087.0,0.0,49213.0,49213.0,False,613375.8125,21313.34561624405,57710.36713226088
2019-01-12 11:33:00,624462.0,678109.7054826228,678110.0,0.0,53648.0,53648.0,False,620294.6875,21351.994820080956,57815.017982622805
2019-01-12 11:34:00,611739.0,671657.7456449808,671658.0,0.0,59919.0,59919.0,False,614230.625,21208.738236704234,57427.120644980845
2019-01-12 11:35:00,633526.0,678754.482193088,678755.0,0.0,45229.0,45229.0,False,622870.1875,20638.948364062428,55884.294693088006
2019-01-12 11:36:00,609703.0,698173.1159431607,698174.0,0.0,88471.0,88471.0,False,642348.4375,20616.93114597519,55824.67844316068
2019-01-12 11:37:00,604886.0,667656.2309898343,667657.0,0.0,62771.0,62771.0,False,610805.9375,20995.706902311616,56850.29348983429
2019-01-12 11:38:00,599055.0,658708.0013715732,658709.0,0.0,59654.0,59654.0,False,601908.3125,20977.017821434583,56799.68887157313
2019-01-12 11:39:00,606871.0,662170.8177483731,662171.0,0.0,55300.0,55300.0,False,605412.6875,20961.669568709603,56758.13024837311
2019-01-12 11:40:00,627560.0,704043.9310291221,704044.0,0.0,76484.0,76484.0,False,647460.125,20897.28889468504,56583.80602912204
2019-01-12 11:41:00,601990.0,676466.5429552913,676467.0,0.0,74477.0,74477.0,False,619535.0625,21025.690524671107,56931.48045529139
2019-01-12 11:42:00,597969.0,664303.3061992147,664304.0,0.0,66335.0,66335.0,False,607220.25,21081.66982921913,57083.05619921461
2019-01-12 11:43:00,600061.0,663267.6349631184,663268.0,0.0,63207.0,63207.0,False,607244.8125,20690.108846776697,56022.82246311834
2019-01-12 11:44:00,590787.0,665757.1477975869,665758.0,0.0,74971.0,74971.0,False,609778.625,20673.748284037745,55978.52279758692
2019-01-12 11:45:00,626420.0,688680.4367056533,688681.0,0.0,62261.0,62261.0,False,633381.5,20422.766459226637,55298.9367056533
2019-01-12 11:46:00,610391.0,666582.3192288022,666583.0,0.0,56192.0,56192.0,False,614235.25,19332.595405500895,52347.06922880227
2019-01-12 11:47:00,623041.0,661997.9077796412,661998.0,0.0,38957.0,38957.0,False,609710.4375,19310.584576858557,52287.47027964121
2019-01-12 11:48:00,622582.0,671648.005486794,671649.0,0.0,49067.0,49067.0,False,619838.8125,19133.949255522097,51809.1929867941
2019-01-12 11:49:00,603930.0,672350.2681542536,672351.0,0.0,68421.0,68421.0,False,621005.5625,18962.406783263792,51344.70565425362
2019-01-12 11:50:00,624126.0,689242.4415440783,689243.0,0.0,65117.0,65117.0,False,637715.0625,19029.87093720517,51527.379044078305
2019-01-12 11:51:00,607805.0,672684.7058100383,672685.0,0.0,64880.0,64880.0,False,621229.125,19003.35472092078,51455.5808100383
2019-01-12 11:52:00,621061.0,663768.0864590675,663769.0,0.0,42708.0,42708.0,False,612296.0625,19009.427434294365,51472.02395906749
2019-01-12 11:53:00,601186.0,669115.7789248155,669116.0,0.0,67930.0,67930.0,False,617631.625,19013.907221291847,51484.15392481543
2019-01-12 11:54:00,614788.0,659069.9785803909,659070.0,0.0,44282.0,44282.0,False,607461.9375,19059.6606949813,51608.041080390954
2019-01-12 11:55:00,648044.0,683920.3264089408,683921.0,0.0,35877.0,35877.0,False,632134.8125,19125.204199906617,51785.5139089408
2019-01-12 11:56:00,607104.0,684406.9662632614,684407.0,0.0,77303.0,77303.0,False,632774.6875,19068.612052209228,51632.27876326145
2019-01-12 11:57:00,599038.0,671922.7598269312,671923.0,0.0,72885.0,72885.0,False,620059.1875,19154.032400515254,51863.572326931215
2019-01-12 11:58:00,578714.0,661272.5261115946,661273.0,0.0,82559.0,82559.0,False,609428.0625,19146.97525160961,51844.46361159459
2019-01-12 11:59:00,584432.0,648719.7415105876,648720.0,0.0,64288.0,64288.0,False,596959.8125,19115.755294826733,51759.92901058761
2019-01-12 12:00:00,710456.0,685274.9377525896,685275.0,25181.0,0.0,251810.0,False,633735.875,19034.185914391324,51539.06275258958
2019-01-12 12:01:00,650176.0,723140.8158754588,723141.0,0.0,72965.0,72965.0,False,671366.9375,19120.90701451595,51773.87837545882
2019-01-12 12:02:00,653458.0,702195.1485813756,702196.0,0.0,48738.0,48738.0,False,650105.375,19237.572078988473,52089.773581375564
2019-01-12 12:03:00,633152.0,699741.876380393,699742.0,0.0,66590.0,66590.0,False,647766.75,19195.23106575468,51975.12638039311
2019-01-12 12:04:00,618287.0,685918.604581473,685919.0,0.0,67632.0,67632.0,False,633864.375,19224.445121179157,52054.22958147308
2019-01-12 12:05:00,682236.0,701610.3427103441,701611.0,0.0,19375.0,19375.0,False,649477.1875,19253.59359639597,52133.15521034413
2019-01-12 12:06:00,706413.0,768548.3719348101,768549.0,0.0,62136.0,62136.0,False,715182.5,19708.855257359806,53365.87193481002
2019-01-12 12:07:00,710186.0,771514.5265714917,771515.0,0.0,61329.0,61329.0,False,719580.875,19179.91376696749,51933.651571491704
2019-01-12 12:08:00,731428.0,770092.7812158578,770093.0,0.0,38665.0,38665.0,False,719024.125,18860.457386992988,51068.656215857794
2019-01-12 12:09:00,730227.0,776112.4114487288,776113.0,0.0,45886.0,45886.0,False,724927.8125,18903.276860515107,51184.598948728795
2019-01-12 12:10:00,675699.0,772852.8158179026,772853.0,0.0,97154.0,97154.0,False,721625.5625,18919.029789450036,51227.253317902556
2019-01-12 12:11:00,634651.0,711136.8955260772,711137.0,0.0,76486.0,76486.0,False,657925.25,19651.897020637083,53211.645526077205
2019-01-12 12:12:00,612267.0,690828.2545258324,690829.0,0.0,78562.0,78562.0,False,637250.25,19787.19915731396,53578.00452583231
2019-01-12 12:13:00,619758.0,671742.2460566076,671743.0,0.0,51985.0,51985.0,False,618286.1875,19742.162594253514,53456.05855660762
2019-01-12 12:14:00,621463.0,678368.9510569294,678369.0,0.0,56906.0,56906.0,False,625074.3125,19682.547651332916,53294.63855692937
2019-01-12 12:15:00,662960.0,689127.1081503665,689128.0,0.0,26168.0,26168.0,False,635830.0625,19683.436628771557,53297.045650366505
2019-01-12 12:16:00,647567.0,709651.9013895338,709652.0,0.0,62085.0,62085.0,False,657653.1875,19203.9423036054,51998.713889533785
2019-01-12 12:17:00,646980.0,703307.8117760518,703308.0,0.0,56328.0,56328.0,False,651602.5625,19095.561209460837,51705.24927605181
2019-01-12 12:18:00,652729.0,705868.3812581825,705869.0,0.0,53140.0,53140.0,False,654208.375,19078.852251876815,51660.00625818246
2019-01-12 12:19:00,654293.0,722078.911906745,722079.0,0.0,67786.0,67786.0,False,670464.125,19062.152034678056,51614.78690674501
2019-01-12 12:20:00,658594.0,740271.0355595375,740272.0,0.0,81678.0,81678.0,False,688592.125,19085.83390748629,51678.91055953751
2019-01-12 12:21:00,621109.0,707927.279742964,707928.0,0.0,86819.0,86819.0,False,655691.125,19291.63294263697,52236.15474296401
2019-01-12 12:22:00,611693.0,683842.4284784049,683843.0,0.0,72150.0,72150.0,False,630655.4375,19642.79170868595,53186.99097840482
2019-01-12 12:23:00,615396.0,674763.3671174742,674764.0,0.0,59368.0,59368.0,False,621784.6875,19565.859049062965,52978.679617474234
2019-01-12 12:24:00,627098.0,674028.1466056515,674029.0,0.0,46931.0,46931.0,False,621052.9375,19564.57733450074,52975.20910565143
2019-01-12 12:25:00,607715.0,701009.5165690763,701010.0,0.0,93295.0,93295.0,False,647870.0,19625.258663165267,53139.516569076324
2019-01-12 12:26:00,598956.0,669175.7197993628,669176.0,0.0,70220.0,70220.0,False,616110.6875,19597.750451690197,53065.03229936279
2019-01-12 12:27:00,602450.0,666469.2728295573,666470.0,0.0,64020.0,64020.0,False,613305.375,19634.26304586138,53163.89782955736
2019-01-12 12:28:00,590159.0,670104.9665092793,670105.0,0.0,79946.0,79946.0,False,616939.1875,19634.95779509922,53165.77900927934
2019-01-12 12:29:00,602459.0,674819.3965572057,674820.0,0.0,72361.0,72361.0,False,621172.5,19812.642067276756,53646.896557205684
2019-01-12 12:30:00,667302.0,697545.9819351222,697546.0,0.0,30244.0,30244.0,False,643729.9375,19875.111037089853,53816.04443512216
2019-01-12 12:31:00,637873.0,690668.4537244857,690669.0,0.0,52796.0,52796.0,False,638518.8125,19259.68214052927,52149.6412244857
2019-01-12 12:32:00,636552.0,685687.6460751769,685688.0,0.0,49136.0,49136.0,False,633658.4375,19215.204470298628,52029.20857517692
2019-01-12 12:33:00,643793.0,690732.1849970369,690733.0,0.0,46940.0,46940.0,False,638871.0625,19153.127639831317,51861.12249703697
2019-01-12 12:34:00,635801.0,693170.9365935852,693171.0,0.0,57370.0,57370.0,False,641289.125,19160.768448357278,51881.81159358522
2019-01-12 12:35:00,638370.0,695402.5831481366,695403.0,0.0,57033.0,57033.0,False,643542.8125,19152.6283807854,51859.77064813663
2019-01-12 12:36:00,644264.0,697923.4324184764,697924.0,0.0,53660.0,53660.0,False,646438.375,19014.24089570107,51485.05741847643
2019-01-12 12:37:00,621809.0,695702.859160638,695703.0,0.0,73894.0,73894.0,False,644965.4375,18738.127259734167,50737.42166063798
2019-01-12 12:38:00,605102.0,673695.8687284325,673696.0,0.0,68594.0,68594.0,False,622648.0,18852.7802411697,51047.86872843244
2019-01-12 12:39:00,612841.0,671895.084776964,671896.0,0.0,59055.0,59055.0,False,620745.4375,18890.368658796673,51149.647276964024
2019-01-12 12:40:00,640759.0,705069.0687162438,705070.0,0.0,64311.0,64311.0,False,654015.25,18854.977665184455,51053.81871624384
2019-01-12 12:41:00,619318.0,689153.9818873189,689154.0,0.0,69836.0,69836.0,False,638244.3125,18801.741052416306,50909.66938731885
2019-01-12 12:42:00,622150.0,678335.8707672833,678336.0,0.0,56186.0,56186.0,False,627390.5625,18814.903050923713,50945.30826728323
2019-01-12 12:43:00,637722.0,680415.2451829105,680416.0,0.0,42694.0,42694.0,False,629467.875,18815.664548772016,50947.37018291053
2019-01-12 12:44:00,632725.0,690518.8455517413,690519.0,0.0,57794.0,57794.0,False,639282.25,18922.480023238662,51236.59555174134
2019-01-12 12:45:00,651955.0,702148.9664760821,702149.0,0.0,50194.0,50194.0,False,651081.9375,18859.856421768483,51067.028976082096
2019-01-12 12:46:00,653909.0,699427.8928491212,699428.0,0.0,45519.0,45519.0,False,648288.6875,18886.51229072847,51139.20534912125
2019-01-12 12:47:00,651527.0,708529.1514902901,708530.0,0.0,57003.0,57003.0,False,657217.4375,18950.22244323179,51311.71399029002
2019-01-12 12:48:00,640182.0,703593.6447868809,703594.0,0.0,63412.0,63412.0,False,652766.75,18771.171091505545,50826.89478688098
2019-01-12 12:49:00,648749.0,694582.2100091478,694583.0,0.0,45834.0,45834.0,False,643836.375,18741.2344415715,50745.83500914778
2019-01-12 12:50:00,679400.0,717672.0392036538,717673.0,0.0,38273.0,38273.0,False,666874.25,18760.421942167086,50797.78920365386
2019-01-12 12:51:00,659264.0,711477.4686657398,711478.0,0.0,52214.0,52214.0,False,660296.0,18902.120797808573,51181.46866573976
2019-01-12 12:52:00,675013.0,707959.293680469,707960.0,0.0,32947.0,32947.0,False,656804.0625,18892.43088212331,51155.23118046898
2019-01-12 12:53:00,662687.0,719215.5934478097,719216.0,0.0,56529.0,56529.0,False,667619.0625,19055.4098221142,51596.53094780971
2019-01-12 12:54:00,684138.0,711115.8559659576,711116.0,0.0,26978.0,26978.0,False,659647.75,19007.98045785976,51468.10596595763
2019-01-12 12:55:00,670150.0,735287.0291375412,735288.0,0.0,65138.0,65138.0,False,682943.9375,19331.126418532334,52343.09163754116
2019-01-12 12:56:00,648510.0,717247.9512130702,717248.0,0.0,68738.0,68738.0,False,665403.0625,19147.132248265858,51844.888713070155
2019-01-12 12:57:00,636559.0,707112.5563365325,707113.0,0.0,70554.0,70554.0,False,655584.625,19030.074907488866,51527.93133653244
2019-01-12 12:58:00,631408.0,695788.4504118683,695789.0,0.0,64381.0,64381.0,False,644327.3125,19005.4070459676,51461.13791186827
2019-01-12 12:59:00,635327.0,692306.6787894706,692307.0,0.0,56980.0,56980.0,False,641528.8125,18753.0640968306,50777.86628947058
2019-01-12 13:00:00,743162.0,717354.0453237888,717355.0,25807.0,0.0,258070.0,False,666634.25,18731.617576502475,50719.79532378876
2019-01-12 13:01:00,687123.0,740444.6557299199,740445.0,0.0,53322.0,53322.0,False,689762.9375,18717.555107278728,50681.718229919934
2019-01-12 13:02:00,691558.0,731769.8204367995,731770.0,0.0,40212.0,40212.0,False,681382.6875,18608.76012852996,50387.13293679952
2019-01-12 13:03:00,707900.0,738607.7209015178,738608.0,0.0,30708.0,30708.0,False,688024.0625,18681.3400714427,50583.65840151776
2019-01-12 13:04:00,665132.0,741054.7250259382,741055.0,0.0,75923.0,75923.0,False,689856.3125,18908.37843168665,51198.41252593823
2019-01-12 13:05:00,670364.0,741029.6883550301,741030.0,0.0,70666.0,70666.0,False,689492.5,19033.493669912685,51537.1883550301
2019-01-12 13:06:00,701916.0,750060.3221975379,750061.0,0.0,48145.0,48145.0,False,700009.1875,18484.670697883637,50051.13469753789
2019-01-12 13:07:00,720580.0,772877.4787770582,772878.0,0.0,52298.0,52298.0,False,722774.1875,18503.93294244586,50103.29127705819
2019-01-12 13:08:00,717152.0,789292.3321413178,789293.0,0.0,72141.0,72141.0,False,739198.0,18500.624192806117,50094.33214131778
2019-01-12 13:09:00,740164.0,768990.8415911505,768991.0,0.0,28827.0,28827.0,False,718954.5625,18479.18428895911,50036.27909115056
2019-01-12 13:10:00,734851.0,812548.1019998019,812549.0,0.0,77698.0,77698.0,False,761782.0,18748.71935975652,50766.1019998019
2019-01-12 13:11:00,727068.0,771248.4392337964,771249.0,0.0,44181.0,44181.0,False,721922.625,18216.798450756392,49325.814233796395
2019-01-12 13:12:00,710610.0,765137.4092359933,765138.0,0.0,54528.0,54528.0,False,716100.0,18110.285952204064,49037.409235993306
2019-01-12 13:13:00,670371.0,759014.7281077055,759015.0,0.0,88644.0,88644.0,False,710497.6875,17918.10563913947,48517.04060770542
2019-01-12 13:14:00,658204.0,720087.9281212148,720088.0,0.0,61884.0,61884.0,False,670068.4375,18472.98404314734,50019.49062121485
2019-01-12 13:15:00,675841.0,719579.2787364658,719580.0,0.0,43739.0,43739.0,False,669508.25,18492.017879134517,50071.028736465894
2019-01-12 13:16:00,654723.0,724076.7793127223,724077.0,0.0,69354.0,69354.0,False,675143.0625,18071.99071055542,48933.71681272225
2019-01-12 13:17:00,649283.0,710754.2105152002,710755.0,0.0,61472.0,61472.0,False,661574.125,18162.978544559384,49180.08551520019
2019-01-12 13:18:00,640966.0,707902.3251774405,707903.0,0.0,66937.0,66937.0,False,658672.25,18181.44051251267,49230.07517744055
2019-01-12 13:19:00,641444.0,706131.5756109828,706132.0,0.0,64688.0,64688.0,False,656758.25,18234.345149088054,49373.32561098287
2019-01-12 13:20:00,653162.0,718351.9350446431,718352.0,0.0,65190.0,65190.0,False,668998.9375,18226.837674692408,49352.997544643134
2019-01-12 13:21:00,636508.0,716703.6780783985,716704.0,0.0,80196.0,80196.0,False,667946.25,18006.884510238197,48757.42807839844
2019-01-12 13:22:00,630465.0,730664.5849914078,730665.0,0.0,100200.0,100200.0,False,682121.3125,17927.7934860775,48543.27249140784
2019-01-12 13:23:00,632271.0,699196.2088394107,699197.0,0.0,66926.0,66926.0,False,648308.625,18793.584512455065,50887.583839410625
2019-01-12 13:24:00,632057.0,700331.8649342718,700332.0,0.0,68275.0,68275.0,False,649334.9375,18833.966820591424,50996.92743427173
2019-01-12 13:25:00,634516.0,723983.1527518096,723984.0,0.0,89468.0,89468.0,False,673050.375,18810.275334617072,50932.77775180955
2019-01-12 13:26:00,627849.0,699580.8334849714,699581.0,0.0,71732.0,71732.0,False,648774.1875,18763.69289070975,50806.64598497138
2019-01-12 13:27:00,618578.0,695681.6150777005,695682.0,0.0,77104.0,77104.0,False,644765.5625,18804.09846494891,50916.052577700524
2019-01-12 13:28:00,628306.0,689565.4989936402,689566.0,0.0,61260.0,61260.0,False,638231.6875,18958.383398525628,51333.811493640154
2019-01-12 13:29:00,631695.0,701263.6952925122,701264.0,0.0,69569.0,69569.0,False,650383.0,18791.04046381812,50880.69529251217
2019-01-12 13:30:00,700249.0,729625.2267783553,729626.0,0.0,29377.0,29377.0,False,678745.25,18790.775105247118,50879.97677835536
2019-01-12 13:31:00,662373.0,714003.4263313975,714004.0,0.0,51631.0,51631.0,False,663270.3125,18736.53631068945,50733.113831397444
2019-01-12 13:32:00,652967.0,707894.9004939358,707895.0,0.0,54928.0,54928.0,False,657165.5625,18735.141834569986,50729.33799393577
2019-01-12 13:33:00,652840.0,710944.097564279,710945.0,0.0,58105.0,58105.0,False,660324.4375,18694.63605133884,50619.66006427898
2019-01-12 13:34:00,649576.0,706484.9902855878,706485.0,0.0,56909.0,56909.0,False,656043.75,18628.742822843127,50441.24028558786
2019-01-12 13:35:00,672621.0,718840.8207576097,718841.0,0.0,46220.0,46220.0,False,668402.8125,18627.549184112966,50438.008257609654
2019-01-12 13:36:00,673337.0,731683.3708589815,731684.0,0.0,58347.0,58347.0,False,681091.0625,18684.5346366855,50592.30835898147
2019-01-12 13:37:00,669050.0,732453.282082718,732454.0,0.0,63404.0,63404.0,False,681891.625,18673.214638615056,50561.657082718026
2019-01-12 13:38:00,659639.0,721786.1968471888,721787.0,0.0,62148.0,62148.0,False,671494.5,18573.514080666922,50291.69684718875
2019-01-12 13:39:00,639379.0,719120.1378221826,719121.0,0.0,79742.0,79742.0,False,668934.125,18534.48330919549,50186.01282218261
2019-01-12 13:40:00,660628.0,737152.6531276241,737153.0,0.0,76525.0,76525.0,False,686362.375,18757.647983737625,50790.27812762402
2019-01-12 13:41:00,622770.0,721358.5152283268,721359.0,0.0,98589.0,98589.0,False,670208.875,18890.366055624163,51149.6402283268
2019-01-12 13:42:00,627915.0,691388.6670902442,691389.0,0.0,63474.0,63474.0,False,638539.9375,19517.866461581325,52848.72959024427
2019-01-12 13:43:00,630397.0,688281.2529237871,688282.0,0.0,57885.0,57885.0,False,635434.6875,19517.067200894464,52846.565423787084
2019-01-12 13:44:00,637742.0,696941.8931839227,696942.0,0.0,59200.0,59200.0,False,644399.5625,19404.708529802734,52542.330683922744
2019-01-12 13:45:00,666238.0,708780.3560936741,708781.0,0.0,42543.0,42543.0,False,656238.4375,19404.556338397095,52541.918593674134
2019-01-12 13:46:00,648877.0,708701.1403388421,708702.0,0.0,59825.0,59825.0,False,655868.5,19511.924448163612,52832.6403388421
2019-01-12 13:47:00,647690.0,715797.2536365219,715798.0,0.0,68108.0,68108.0,False,663188.0,19429.424228026186,52609.25363652191
2019-01-12 13:48:00,640007.0,712273.1712940019,712274.0,0.0,72267.0,72267.0,False,659616.5625,19446.913231964932,52656.6087940019
2019-01-12 13:49:00,642038.0,705472.6064562334,705473.0,0.0,63435.0,63435.0,False,652694.8125,19491.668817045185,52777.7939562334
2019-01-12 13:50:00,671877.0,738220.3037144458,738221.0,0.0,66344.0,66344.0,False,685658.1875,19412.015637194214,52562.116214445734
2019-01-12 13:51:00,646491.0,714215.1468579022,714216.0,0.0,67725.0,67725.0,False,662179.4375,19217.605311531926,52035.7093579022
2019-01-12 13:52:00,637107.0,703860.1295938058,703861.0,0.0,66754.0,66754.0,False,651864.8125,19202.687813555556,51995.31709380571
2019-01-12 13:53:00,624481.0,698759.6096933958,698760.0,0.0,74279.0,74279.0,False,647675.3125,18866.23384582712,51084.29719339574
2019-01-12 13:54:00,604614.0,690685.2486732295,690686.0,0.0,86072.0,86072.0,False,639439.3125,18925.92966156085,51245.93617322947
2019-01-12 13:55:00,649852.0,688747.8681643803,688748.0,0.0,38896.0,38896.0,False,638334.125,18618.587703808727,50413.74316438037
2019-01-12 13:56:00,628350.0,696948.1411966291,696949.0,0.0,68599.0,68599.0,False,645910.25,18849.095381857805,51037.89119662917
2019-01-12 13:57:00,614857.0,687054.4921264821,687055.0,0.0,72198.0,72198.0,False,636006.8125,18852.71040284733,51047.67962648212
2019-01-12 13:58:00,619489.0,680992.6251637833,680993.0,0.0,61504.0,61504.0,False,629899.375,18869.54031850515,51093.25016378329
2019-01-12 13:59:00,634144.0,679963.408217246,679964.0,0.0,45820.0,45820.0,False,628873.4375,18868.32916735583,51089.970717245975
2019-01-12 14:00:00,734824.0,734439.9489639598,734440.0,384.0,0.0,3840.0,False,683061.6875,18974.7994711852,51378.261463959774
2019-01-12 14:01:00,670937.0,732173.4866322328,732174.0,0.0,61237.0,61237.0,False,685437.6875,17260.265166460984,46735.799132232845
2019-01-12 14:02:00,667911.0,715015.0369816262,715016.0,0.0,47105.0,47105.0,False,668367.625,17227.62240256038,46647.41198162615
2019-01-12 14:03:00,659159.0,716579.3959015495,716580.0,0.0,57421.0,57421.0,False,670392.8125,17057.43116509161,46186.583401549506
2019-01-12 14:04:00,649275.0,702559.2954095808,702560.0,0.0,53285.0,53285.0,False,657732.1875,16555.355499020447,44827.10790958085
2019-01-12 14:05:00,656518.0,731471.4343968505,731472.0,0.0,74954.0,74954.0,False,686844.9375,16481.266699014253,44626.496896850535
2019-01-12 14:06:00,768448.0,746291.6529967188,746292.0,22156.0,0.0,221560.0,False,701277.625,16624.388025024993,45014.02799671881
2019-01-12 14:07:00,843623.0,829884.4075976775,829885.0,13738.0,0.0,137380.0,True,777330.5625,19408.960983774497,52553.8450976775
2019-01-12 14:08:00,841915.0,927308.8355539998,927309.0,0.0,85394.0,85394.0,True,868371.9375,21766.322763038475,58936.89805399973
2019-01-12 14:09:00,701544.0,834161.0518991933,834162.0,0.0,132618.0,132618.0,False,775093.375,21814.621446020617,59067.676899193306
2019-01-12 14:10:00,674780.0,742932.867305381,742933.0,0.0,68153.0,68153.0,False,680918.25,22902.972855111562,62014.617305380954
2019-01-12 14:11:00,625975.0,728829.3720012591,728830.0,0.0,102855.0,102855.0,False,667026.375,22824.818150761384,61802.99700125918
2019-01-12 14:12:00,621827.0,703481.7953553541,703482.0,0.0,81655.0,81655.0,False,641100.3125,23038.462068745423,62381.482855354116
2019-01-12 14:13:00,617365.0,685987.4877384029,685988.0,0.0,68623.0,68623.0,False,623598.125,23041.37223340353,62389.36273840292
2019-01-12 14:14:00,620878.0,695000.3192645538,695001.0,0.0,74123.0,74123.0,False,633362.8125,22763.700005334747,61637.50676455387
2019-01-12 14:15:00,651511.0,702388.4707344348,702389.0,0.0,50878.0,50878.0,False,640750.3125,22763.940603400908,61638.15823443474
2019-01-12 14:16:00,637854.0,715125.2474369206,715126.0,0.0,77272.0,77272.0,False,653310.375,22829.20393579747,61814.87243692062
2019-01-12 14:17:00,631059.0,701787.0728456464,701788.0,0.0,70729.0,70729.0,False,640035.0625,22805.98797748592,61752.01034564641
2019-01-12 14:18:00,621756.0,705612.2826495076,705613.0,0.0,83857.0,83857.0,False,643854.8125,22808.004368863654,61757.47014950765
2019-01-12 14:19:00,621798.0,708349.1106696532,708350.0,0.0,86552.0,86552.0,False,646518.4375,22835.03939473583,61830.673169653135
2019-01-12 14:20:00,629815.0,723092.3853040572,723093.0,0.0,93278.0,93278.0,False,661105.25,22892.82332008785,61987.135304057156
2019-01-12 14:21:00,605733.0,694406.4864878998,694407.0,0.0,88674.0,88674.0,False,632061.9375,23024.821811004662,62344.54898789982
2019-01-12 14:22:00,627045.0,680137.7583984727,680138.0,0.0,53093.0,53093.0,False,617963.6875,22961.861573173737,62174.070898472695
2019-01-12 14:23:00,636337.0,689881.0821499975,689882.0,0.0,53545.0,53545.0,False,628906.6875,22518.802279290678,60974.39464999747
2019-01-12 14:24:00,605578.0,694161.5240295924,694162.0,0.0,88584.0,88584.0,False,632890.1875,22628.467582462992,61271.33652959245
2019-01-12 14:25:00,595000.0,694883.4423018295,694884.0,0.0,99884.0,99884.0,False,633376.9375,22715.318921541715,61506.504801829426
2019-01-12 14:26:00,588100.0,673414.9174637395,673415.0,0.0,85315.0,85315.0,False,611917.125,22712.101318153207,61497.79246373947
2019-01-12 14:27:00,575571.0,666553.6208972272,666554.0,0.0,90983.0,90983.0,False,604988.375,22737.01293130637,61565.24589722718
2019-01-12 14:28:00,567609.0,653464.8068028758,653465.0,0.0,85856.0,85856.0,False,591789.875,22777.521660196657,61674.93180287579
2019-01-12 14:29:00,562673.0,641605.9669360196,641606.0,0.0,78933.0,78933.0,False,579755.3125,22842.418790450683,61850.654436019584
2019-01-12 14:30:00,651870.0,655445.3933902422,655446.0,0.0,3576.0,3576.0,False,593616.8125,22834.26668306502,61828.58089024225
2019-01-12 14:31:00,619189.0,683184.0835555036,683185.0,0.0,63996.0,63996.0,False,617791.375,24150.555047268972,65392.70855550365
2019-01-12 14:32:00,611441.0,679900.4887943829,679901.0,0.0,68460.0,68460.0,False,614462.625,24167.231586692305,65437.863794382836
2019-01-12 14:33:00,615412.0,682385.5891888973,682386.0,0.0,66974.0,66974.0,False,616933.125,24172.623741861025,65452.464188897335
2019-01-12 14:34:00,607293.0,676601.8018520672,676602.0,0.0,69309.0,69309.0,False,611086.0,24196.015336348217,65515.801852067205
2019-01-12 14:35:00,619425.0,691838.7024938352,691839.0,0.0,72414.0,72414.0,False,626298.0,24205.211534716716,65540.70249383518
2019-01-12 14:36:00,600096.0,700036.2461368596,700037.0,0.0,99941.0,99941.0,False,634679.125,24137.412054236003,65357.121136859656
2019-01-12 14:37:00,592262.0,680517.0925499564,680518.0,0.0,88256.0,88256.0,False,614627.4375,24334.085198182398,65889.65504995643
2019-01-12 14:38:00,604236.0,659164.8788893996,659165.0,0.0,54929.0,54929.0,False,593155.375,24378.347258253918,66009.50388939958
2019-01-12 14:39:00,605806.0,671062.6071779904,671063.0,0.0,65257.0,65257.0,False,604616.6875,24539.52246813092,66445.91967799036
2019-01-12 14:40:00,656113.0,711506.7711299901,711507.0,0.0,55394.0,55394.0,False,645283.4375,24457.317942217724,66223.33362999007
2019-01-12 14:41:00,614753.0,693533.1834953051,693534.0,0.0,78781.0,78781.0,False,627158.9375,24513.05225061941,66374.2459953051
2019-01-12 14:42:00,591028.0,679938.2909254867,679939.0,0.0,88911.0,88911.0,False,614921.1875,24011.838169364884,65017.10342548668
2019-01-12 14:43:00,587933.0,669021.0009685691,669022.0,0.0,81089.0,81089.0,False,603796.125,24088.571835087932,65224.87596856909
2019-01-12 14:44:00,590113.0,663262.9003803827,663263.0,0.0,73150.0,73150.0,False,598010.9375,24098.575457345905,65251.96288038269
2019-01-12 14:45:00,611133.0,684429.4001768797,684430.0,0.0,73297.0,73297.0,False,619181.9375,24096.913461462544,65247.462676879775
2019-01-12 14:46:00,609086.0,678289.3273343083,678290.0,0.0,69204.0,69204.0,False,613392.6875,23967.34907181547,64896.63983430826
2019-01-12 14:47:00,604148.0,674382.9362973262,674383.0,0.0,70235.0,70235.0,False,609466.8125,23974.544805587593,64916.12379732619
2019-01-12 14:48:00,594884.0,669622.7349495385,669623.0,0.0,74739.0,74739.0,False,604726.0,23967.38419936492,64896.734949538484
2019-01-12 14:49:00,592428.0,669582.7760735538,669583.0,0.0,77155.0,77155.0,False,604787.1875,23930.029252995377,64795.588573553796
2019-01-12 14:50:00,621215.0,700070.6158748207,700071.0,0.0,78856.0,78856.0,False,635267.5,23932.80920365993,64803.11587482079
2019-01-12 14:51:00,598946.0,680563.7893481725,680564.0,0.0,81618.0,81618.0,False,615758.25,23933.70423045845,64805.53934817245
2019-01-12 14:52:00,583467.0,665607.9333794314,665608.0,0.0,82141.0,82141.0,False,600787.4375,23939.227912524297,64820.495879431386
2019-01-12 14:53:00,585538.0,655515.6076219913,655516.0,0.0,69978.0,69978.0,False,590662.1875,23951.38735277227,64853.420121991345
2019-01-12 14:54:00,582360.0,657814.0037233563,657815.0,0.0,75455.0,75455.0,False,593133.3125,23887.59585572488,64680.69122335633
2019-01-12 14:55:00,586413.0,670405.6810230416,670406.0,0.0,83993.0,83993.0,False,606366.9375,23650.51448050152,64038.743523041565
2019-01-12 14:56:00,577093.0,653742.1482720409,653743.0,0.0,76650.0,76650.0,False,589979.375,23548.59432938035,63762.773272040926
2019-01-12 14:57:00,593357.0,652568.8104252054,652569.0,0.0,59212.0,59212.0,False,588861.5625,23528.087946101656,63707.24792520536
2019-01-12 14:58:00,564427.0,661708.1727636477,661709.0,0.0,97282.0,97282.0,False,597978.9375,23536.208215763618,63729.23526364779
2019-01-12 14:59:00,577309.0,653245.7467818492,653246.0,0.0,75937.0,75937.0,False,588932.25,23751.985177278348,64313.49678184923
2019-01-12 15:00:00,684547.0,700882.6198319672,700883.0,0.0,16336.0,16336.0,False,636759.125,23681.81447092473,64123.49483196714
2019-01-12 15:01:00,616441.0,710551.1752405381,710552.0,0.0,94111.0,94111.0,False,646876.375,23516.10450617351,63674.800240538076
2019-01-12 15:02:00,638624.0,684111.2888397909,684112.0,0.0,45488.0,45488.0,False,620038.9375,23662.92637544134,64072.35133979081
2019-01-12 15:03:00,652970.0,705256.631346656,705257.0,0.0,52287.0,52287.0,False,640517.1875,23909.29412292491,64739.44384665603
2019-01-12 15:04:00,637666.0,709060.4568208336,709061.0,0.0,71395.0,71395.0,False,643890.8125,24068.173919502973,65169.64432083361
2019-01-12 15:05:00,709512.0,708934.9969463472,708935.0,577.0,0.0,5770.0,False,643759.125,24070.47387948477,65175.871946347164
2019-01-12 15:06:00,682344.0,785128.5946373321,785129.0,0.0,102785.0,102785.0,False,715473.125,25724.85971263811,69655.46963733209
2019-01-12 15:07:00,679076.0,769061.2797033513,769062.0,0.0,89986.0,89986.0,False,703965.375,24040.940719800627,65095.90470335137
2019-01-12 15:08:00,697420.0,743328.8281854519,743329.0,0.0,45909.0,45909.0,False,683651.875,22039.636754536186,59676.95318545197
2019-01-12 15:09:00,693682.0,748853.3752004436,748854.0,0.0,55172.0,55172.0,False,688870.75,22152.526233922068,59982.62520044354
2019-01-12 15:10:00,699265.0,760569.6253750881,760570.0,0.0,61305.0,61305.0,False,704770.375,20607.540160782817,55799.25037508804
2019-01-12 15:11:00,627796.0,750024.161738183,750025.0,0.0,122229.0,122229.0,False,694221.3125,20608.86927748715,55802.84923818301
2019-01-12 15:12:00,613516.0,695016.1476675739,695017.0,0.0,81501.0,81501.0,False,636760.5625,21514.703205881346,58255.58516757388
2019-01-12 15:13:00,597195.0,679245.1989096648,679246.0,0.0,82051.0,82051.0,False,620886.5,21552.78473147501,58358.69890966475
2019-01-12 15:14:00,623213.0,681655.9410354269,681656.0,0.0,58443.0,58443.0,False,623081.4375,21632.48477157198,58574.50353542686
2019-01-12 15:15:00,662165.0,697524.7112518626,697525.0,0.0,35360.0,35360.0,False,638873.625,21660.767972402857,58651.08625186258
2019-01-12 15:16:00,668258.0,711707.8934115825,711708.0,0.0,43450.0,43450.0,False,652384.375,21909.10773760902,59323.51841158247
2019-01-12 15:17:00,677095.0,720979.9741581695,720980.0,0.0,43885.0,43885.0,False,661096.25,22116.000524581803,59883.72415816951
2019-01-12 15:18:00,649685.0,728476.551850321,728477.0,0.0,78792.0,78792.0,False,668006.8125,22332.425145448786,60469.73935032098
2019-01-12 15:19:00,634778.0,719092.7903591436,719093.0,0.0,84315.0,84315.0,False,658717.8125,22297.428237389882,60374.97785914365
2019-01-12 15:20:00,658680.0,703178.8651111614,703179.0,0.0,44499.0,44499.0,False,642830.0625,22287.761306913428,60348.80261116132
2019-01-12 15:21:00,640343.0,706955.9651568081,706956.0,0.0,66613.0,66613.0,False,646640.875,22275.3107676619,60315.09015680818
2019-01-12 15:22:00,635097.0,698123.198690218,698124.0,0.0,63027.0,63027.0,False,638195.125,22132.379503809276,59928.07369021805
2019-01-12 15:23:00,629153.0,697509.048997982,697510.0,0.0,68357.0,68357.0,False,637823.1875,22042.92673436557,59685.86149798206
2019-01-12 15:24:00,658421.0,698254.2420366271,698255.0,0.0,39834.0,39834.0,False,638778.3125,21965.395561534904,59475.92953662718
2019-01-12 15:25:00,648715.0,717261.7864621574,717262.0,0.0,68547.0,68547.0,False,657508.125,22067.966326748105,59753.66146215741
2019-01-12 15:26:00,637623.0,710165.6177797935,710166.0,0.0,72543.0,72543.0,False,651480.375,21673.38251500613,58685.24277979341
2019-01-12 15:27:00,606860.0,726849.3315541178,726850.0,0.0,119990.0,119990.0,False,668436.0625,21572.938343500915,58413.269054117794
2019-01-12 15:28:00,613573.0,681847.9871284583,681848.0,0.0,68275.0,68275.0,False,620831.5,22534.34769315408,61016.48712845829
2019-01-12 15:29:00,596745.0,678729.4743071669,678730.0,0.0,81985.0,81985.0,False,618041.0625,22413.184320638728,60688.4118071669
2019-01-12 15:30:00,688453.0,691189.5561030508,691190.0,0.0,2737.0,2737.0,False,630389.0,22454.600971681437,60800.556103050774
2019-01-12 15:31:00,643553.0,709955.408246534,709956.0,0.0,66403.0,66403.0,False,649179.25,22445.590459808474,60776.15824653397
2019-01-12 15:32:00,644997.0,703848.0318062901,703849.0,0.0,58852.0,58852.0,False,643127.5625,22425.02365891292,60720.469306290164
2019-01-12 15:33:00,634958.0,707492.4948023027,707493.0,0.0,72535.0,72535.0,False,646717.9375,22444.99920594181,60774.557302302695
2019-01-12 15:34:00,644087.0,699194.0581163127,699195.0,0.0,55108.0,55108.0,False,638408.75,22448.96965052634,60785.308116312706
2019-01-12 15:35:00,668458.0,719303.8439053427,719304.0,0.0,50846.0,50846.0,False,658384.125,22498.60966745058,60919.71890534276
2019-01-12 15:36:00,652477.0,733360.7371795056,733361.0,0.0,80884.0,80884.0,False,672186.4375,22592.63034859699,61174.29967950565
2019-01-12 15:37:00,638208.0,713828.8305590815,713829.0,0.0,75621.0,75621.0,False,653296.875,22355.4025691967,60531.95555908152
2019-01-12 15:38:00,634125.0,695486.6810183495,695487.0,0.0,61362.0,61362.0,False,635150.0,22283.284612172825,60336.68101834942
2019-01-12 15:39:00,641118.0,697321.0820951542,697322.0,0.0,56204.0,56204.0,False,637242.9375,22187.803047667796,60078.144595154175
2019-01-12 15:40:00,654547.0,737674.4066345511,737675.0,0.0,83128.0,83128.0,False,677552.0,22204.149714483923,60122.406634551146
2019-01-12 15:41:00,639479.0,705983.6661014223,705984.0,0.0,66505.0,66505.0,False,645843.75,22210.616235795875,60139.916101422314
2019-01-12 15:42:00,635996.0,704118.3918546849,704119.0,0.0,68123.0,68123.0,False,644019.25,22195.557665626595,60099.14185468492
2019-01-12 15:43:00,634006.0,699965.7546614944,699966.0,0.0,65960.0,65960.0,False,640192.625,22075.15623874512,59773.12966149446
2019-01-12 15:44:00,642541.0,698570.6531280916,698571.0,0.0,56030.0,56030.0,False,638903.5625,22035.994357093125,59667.09062809164
2019-01-12 15:45:00,649700.0,729586.277755594,729587.0,0.0,79887.0,79887.0,False,669839.8125,22065.308654561395,59746.46525559399
2019-01-12 15:46:00,657249.0,713778.6251116112,713779.0,0.0,56530.0,56530.0,False,653819.9375,22143.685706139026,59958.68761161124
2019-01-12 15:47:00,662157.0,711225.0134975238,711226.0,0.0,49069.0,49069.0,False,651186.0625,22173.328236056845,60038.95099752389
2019-01-12 15:48:00,657394.0,718089.728480492,718090.0,0.0,60696.0,60696.0,False,657780.875,22273.00746507646,60308.85348049205
2019-01-12 15:49:00,635113.0,716216.683123853,716217.0,0.0,81104.0,81104.0,False,655907.75,22273.036878621442,60308.93312385307
2019-01-12 15:50:00,652149.0,717598.5416455681,717599.0,0.0,65450.0,65450.0,False,657093.9375,22345.301262303787,60504.60414556804
2019-01-12 15:51:00,637202.0,708501.9120256858,708502.0,0.0,71300.0,71300.0,False,648078.1875,22315.431147495652,60423.724525685815
2019-01-12 15:52:00,661289.0,698285.9597283355,698286.0,0.0,36997.0,36997.0,False,637968.75,22276.093558740256,60317.20972833549
2019-01-12 15:53:00,654077.0,710851.6727696239,710852.0,0.0,56775.0,56775.0,False,649912.6875,22505.725038589204,60938.985269623896
2019-01-12 15:54:00,626137.0,708021.3291285064,708022.0,0.0,81885.0,81885.0,False,647013.5625,22531.127075461685,61007.76662850642
2019-01-12 15:55:00,647452.0,698813.9907106276,698814.0,0.0,51362.0,51362.0,False,637571.0625,22617.975943775527,61242.92821062768
2019-01-12 15:56:00,630124.0,705436.9758662803,705437.0,0.0,75313.0,75313.0,False,644254.75,22595.557613948775,61182.225866280205
2019-01-12 15:57:00,633347.0,703940.4019315306,703941.0,0.0,70594.0,70594.0,False,642734.0,22604.48621482112,61206.401931530505
2019-01-12 15:58:00,628085.0,706396.0684074898,706397.0,0.0,78312.0,78312.0,False,645230.125,22589.544246005953,61165.94340748982
2019-01-12 15:59:00,637645.0,690597.311020727,690598.0,0.0,52953.0,52953.0,False,630139.0,22328.20448371057,60458.31102072698
2019-01-12 16:00:00,749034.0,720824.8463378272,720825.0,28209.0,0.0,282090.0,False,660307.4375,22350.030236406517,60517.408837827126
2019-01-12 16:01:00,678327.0,765288.6691947414,765289.0,0.0,86962.0,86962.0,False,699136.125,24431.174291182273,66152.54419474141
2019-01-12 16:02:00,682825.0,741280.0842564822,741281.0,0.0,58456.0,58456.0,False,675537.0,24279.954300498044,65743.08425648222
2019-01-12 16:03:00,683983.0,744268.730747423,744269.0,0.0,60286.0,60286.0,False,678854.375,24158.5496954739,65414.35574742306
2019-01-12 16:04:00,667920.0,735226.7265198648,735227.0,0.0,67307.0,67307.0,False,669971.625,24099.73460623666,65255.10151986477
2019-01-12 16:05:00,652288.0,755517.1848750081,755518.0,0.0,103230.0,103230.0,False,690272.0625,24096.04915119879,65245.1223750081
2019-01-12 16:06:00,660875.0,743657.0626352963,743658.0,0.0,82783.0,82783.0,False,681920.9375,22800.121319635637,61736.12513529628
2019-01-12 16:07:00,707286.0,747811.9384607611,747812.0,0.0,40526.0,40526.0,False,686619.5,22599.329285601983,61192.43846076106
2019-01-12 16:08:00,729135.0,781404.9362175136,781405.0,0.0,52270.0,52270.0,False,720043.25,22661.83514223905,61361.686217513634
2019-01-12 16:09:00,731134.0,770518.8071061586,770519.0,0.0,39385.0,39385.0,False,709297.5625,22609.9678478437,61221.24460615857
2019-01-12 16:10:00,752858.0,810226.7781299906,810227.0,0.0,57369.0,57369.0,False,748435.4375,22820.5132696486,61791.34062999055
2019-01-12 16:11:00,720984.0,794009.0372778968,794010.0,0.0,73026.0,73026.0,False,732163.4375,22840.55202576184,61845.59977789681
2019-01-12 16:12:00,682955.0,745069.596712773,745070.0,0.0,62115.0,62115.0,False,687291.625,21338.313050368906,57777.971712773004
2019-01-12 16:13:00,667455.0,719902.2746438707,719903.0,0.0,52448.0,52448.0,False,662591.875,21165.631336489354,57310.3996438707
2019-01-12 16:14:00,671982.0,709668.2232703542,709669.0,0.0,37687.0,37687.0,False,652826.375,20992.587950024033,56841.84827035419
2019-01-12 16:15:00,712220.0,721183.0043228343,721184.0,0.0,8964.0,8964.0,False,663893.1875,21158.029777180258,57289.81682283433
2019-01-12 16:16:00,675238.0,755167.297202935,755168.0,0.0,79930.0,79930.0,False,695945.25,21871.632825431698,59222.04720293495
2019-01-12 16:17:00,659700.0,726519.8778944153,726520.0,0.0,66820.0,66820.0,False,667197.1875,21908.801937855224,59322.690394415265
2019-01-12 16:18:00,675508.0,717460.239865811,717461.0,0.0,41953.0,41953.0,False,658420.5625,21804.28077827363,59039.677365810974
2019-01-12 16:19:00,650280.0,724546.7679311624,724547.0,0.0,74267.0,74267.0,False,665443.625,21827.71960904669,59103.14293116234
2019-01-12 16:20:00,660006.0,734527.108426119,734528.0,0.0,74522.0,74522.0,False,675759.4375,21703.824524967997,58767.670926118975
2019-01-12 16:21:00,653519.0,721232.6973809403,721233.0,0.0,67714.0,67714.0,False,662554.0625,21670.94211410328,58678.6348809403
2019-01-12 16:22:00,640498.0,712698.0628533443,712699.0,0.0,72201.0,72201.0,False,653984.8125,21683.726152113726,58713.25035334428
2019-01-12 16:23:00,638059.0,702022.963067619,702023.0,0.0,63964.0,63964.0,False,643167.375,21736.293707118362,58855.588067618984
2019-01-12 16:24:00,638232.0,699287.7558914066,699288.0,0.0,61056.0,61056.0,False,640470.125,21722.27552536987,58817.63089140655
2019-01-12 16:25:00,633904.0,733097.314682108,733098.0,0.0,99194.0,99194.0,False,674764.125,21543.36377280958,58333.18968210802
2019-01-12 16:26:00,605069.0,702063.9775668402,702064.0,0.0,96995.0,96995.0,False,642240.6875,22093.68126481082,59823.29006684028
2019-01-12 16:27:00,604187.0,679200.618015964,679201.0,0.0,75014.0,75014.0,False,618306.25,22489.24718556291,60894.36801596409
2019-01-12 16:28:00,621131.0,694069.4433979614,694070.0,0.0,72939.0,72939.0,False,636627.625,21214.16634788468,57441.81839796147
2019-01-12 16:29:00,629017.0,681650.1642128458,681651.0,0.0,52634.0,52634.0,False,624049.375,21272.876768367038,57600.789212845826
2019-01-12 16:30:00,696602.0,701534.1122150427,701535.0,0.0,4933.0,4933.0,False,644269.75,21148.628990452533,57264.36221504269
2019-01-12 16:31:00,655952.0,708537.8581741368,708538.0,0.0,52586.0,52586.0,False,651977.0625,20888.79080893506,56560.79567413681
2019-01-12 16:32:00,639297.0,707762.4733486034,707763.0,0.0,68466.0,68466.0,False,651178.5625,20897.327606166928,56583.91084860333
2019-01-12 16:33:00,644703.0,700323.4160638553,700324.0,0.0,55621.0,55621.0,False,643649.5625,20930.544864539854,56673.8535638553
2019-01-12 16:34:00,649457.0,693776.1576659827,693777.0,0.0,44320.0,44320.0,False,637195.5,20896.126154694826,56580.65766598268
2019-01-12 16:35:00,648090.0,720335.8081401164,720336.0,0.0,72246.0,72246.0,False,663601.9375,20952.710114091937,56733.87064011638
2019-01-12 16:36:00,648852.0,717140.2413448174,717141.0,0.0,68289.0,68289.0,False,660365.625,20967.75814323861,56774.61634481746
2019-01-12 16:37:00,625270.0,707628.5175942929,707629.0,0.0,82359.0,82359.0,False,651092.3125,20879.709121308348,56536.20509429285
2019-01-12 16:38:00,637216.0,684205.7071214465,684206.0,0.0,46990.0,46990.0,False,627246.3125,21035.999664959374,56959.39462144653
2019-01-12 16:39:00,641665.0,691815.9106078299,691816.0,0.0,50151.0,50151.0,False,634700.6875,21093.549574138342,57115.22310782998
2019-01-12 16:40:00,676336.0,731314.6619144576,731315.0,0.0,54979.0,54979.0,False,674150.25,21111.715773526772,57164.41191445755
2019-01-12 16:41:00,643729.0,715559.063789933,715560.0,0.0,71831.0,71831.0,False,658860.6875,20939.601492704216,56698.37628993297
2019-01-12 16:42:00,659423.0,698665.0198855536,698666.0,0.0,39243.0,39243.0,False,641795.0625,21002.969088058377,56869.95738555364
2019-01-12 16:43:00,673181.0,711529.5193224016,711530.0,0.0,38349.0,38349.0,False,654312.5625,21131.121433879252,57216.956822401626
2019-01-12 16:44:00,661137.0,717081.1459441509,717082.0,0.0,55945.0,55945.0,False,659467.9375,21277.463385681152,57613.208444150885
2019-01-12 16:45:00,671467.0,722126.0693185432,722127.0,0.0,50660.0,50660.0,False,664527.6875,21271.98767981405,57598.381818543225
2019-01-12 16:46:00,663000.0,714836.1899977311,714837.0,0.0,51837.0,51837.0,False,657578.4375,21146.18791796441,57257.75249773117
2019-01-12 16:47:00,664810.0,711287.4010829703,711288.0,0.0,46478.0,46478.0,False,654008.9375,21153.836847259532,57278.463582970355
2019-01-12 16:48:00,653675.0,713599.3621204876,713600.0,0.0,59925.0,59925.0,False,656325.0,21152.322112701917,57274.36212048756
2019-01-12 16:49:00,659747.0,707523.8269794559,707524.0,0.0,47777.0,47777.0,False,650244.3125,21154.224959848598,57279.51447945592
2019-01-12 16:50:00,657828.0,737807.5152272563,737808.0,0.0,79980.0,79980.0,False,680879.9375,21024.249185868564,56927.577727256365
2019-01-12 16:51:00,638141.0,709230.5425798229,709231.0,0.0,71090.0,71090.0,False,651765.9375,21222.58182763456,57464.60507982288
2019-01-12 16:52:00,632338.0,698827.3483395082,698828.0,0.0,66490.0,66490.0,False,641292.875,21248.385274056327,57534.473339508164
2019-01-12 16:53:00,639072.0,696845.4417507725,696846.0,0.0,57774.0,57774.0,False,639845.6875,21050.905110402062,56999.75425077248
2019-01-12 16:54:00,638970.0,699683.9849274431,699684.0,0.0,60714.0,60714.0,False,642711.625,21040.787956239736,56972.35992744313
2019-01-12 16:55:00,646913.0,704172.1928115346,704173.0,0.0,57260.0,57260.0,False,647624.75,20883.859386909033,56547.442811534645
2019-01-12 16:56:00,633421.0,695219.6547696418,695220.0,0.0,61799.0,61799.0,False,638794.125,20838.83498442975,56425.52976964179
2019-01-12 16:57:00,631879.0,695618.4384509196,695619.0,0.0,63740.0,63740.0,False,639363.875,20775.69443584663,56254.563450919544
2019-01-12 16:58:00,629570.0,689159.8724324601,689160.0,0.0,59590.0,59590.0,False,632937.4375,20763.828869015353,56222.43493246003
2019-01-12 16:59:00,618780.0,698095.7210656068,698096.0,0.0,79316.0,79316.0,False,642165.25,20656.00202418804,55930.47106560682
2019-01-12 17:00:00,756499.0,717971.878420464,717972.0,38527.0,0.0,385270.0,False,661553.1875,20836.309289942128,56418.69092046395
2019-01-12 17:01:00,666583.0,752002.6757884119,752003.0,0.0,85420.0,85420.0,False,694348.625,21292.54710533619,57654.050788411885
2019-01-12 17:02:00,647910.0,722342.930639302,722343.0,0.0,74433.0,74433.0,False,664344.875,21419.593503496897,57998.055639302016
2019-01-12 17:03:00,655945.0,711675.0846603995,711676.0,0.0,55731.0,55731.0,False,653505.75,21482.849537981947,58169.33466039952
2019-01-12 17:04:00,639904.0,712164.4450741012,712165.0,0.0,72261.0,72261.0,False,654024.1875,21472.11091300717,58140.25757410118
2019-01-12 17:05:00,649745.0,731918.5206833616,731919.0,0.0,82174.0,82174.0,False,673611.0625,21533.86072590036,58307.45818336162
2019-01-12 17:06:00,696810.0,731535.7195238953,731536.0,0.0,34726.0,34726.0,False,674106.4375,21209.536467907757,57429.28202389531
2019-01-12 17:07:00,700756.0,775597.5301868041,775598.0,0.0,74842.0,74842.0,False,717999.625,21271.811652221593,57597.90518680417
2019-01-12 17:08:00,716194.0,759808.9091655556,759809.0,0.0,43615.0,43615.0,False,702424.375,21193.01038052044,57384.53416555557
2019-01-12 17:09:00,700647.0,765640.846775509,765641.0,0.0,64994.0,64994.0,False,708130.5,21239.47495477403,57510.34677550897
2019-01-12 17:10:00,718574.0,773594.4851413694,773595.0,0.0,55021.0,55021.0,False,716622.125,21040.788035246056,56972.36014136937
2019-01-12 17:11:00,709709.0,758272.1043139009,758273.0,0.0,48564.0,48564.0,False,701325.5625,21031.252921125113,56946.541813900956
2019-01-12 17:12:00,680653.0,744401.4985959297,744402.0,0.0,63749.0,63749.0,False,687448.9375,21033.475936583414,56952.561095929654
2019-01-12 17:13:00,658894.0,725577.6715853071,725578.0,0.0,66684.0,66684.0,False,668603.125,21041.59552335662,56974.54658530711
2019-01-12 17:14:00,646066.0,705450.0492703025,705451.0,0.0,59385.0,59385.0,False,648447.9375,21051.77577941764,57002.11177030247
2019-01-12 17:15:00,666224.0,708838.3877722821,708839.0,0.0,42615.0,42615.0,False,652310.5,20876.63740356638,56527.88777228215
2019-01-12 17:16:00,640365.0,712036.3489910582,712037.0,0.0,71672.0,71672.0,False,658052.4375,19937.106979214892,53983.91149105821
2019-01-12 17:17:00,645604.0,696452.8829331092,696453.0,0.0,50849.0,50849.0,False,642582.75,19895.086769505808,53870.13293310916
2019-01-12 17:18:00,615720.0,702297.3530167259,702298.0,0.0,86578.0,86578.0,False,648422.0,19897.01462842955,53875.353016725865
2019-01-12 17:19:00,617895.0,681157.5996739082,681158.0,0.0,63263.0,63263.0,False,626717.9375,20105.422869428512,54439.662173908204
2019-01-12 17:20:00,646781.0,697453.1007318897,697454.0,0.0,50673.0,50673.0,False,643139.5,20058.866397582417,54313.600731889775
2019-01-12 17:21:00,629533.0,704831.9744857069,704832.0,0.0,75299.0,75299.0,False,650654.875,20008.45434197591,54177.09948570691
2019-01-12 17:22:00,622610.0,705840.009323464,705841.0,0.0,83231.0,83231.0,False,651331.125,20130.987697224555,54508.88432346403
2019-01-12 17:23:00,608298.0,681591.9323690436,681592.0,0.0,73294.0,73294.0,False,626471.5625,20356.81891993026,55120.36986904355
2019-01-12 17:24:00,611728.0,674688.3171872483,674689.0,0.0,62961.0,62961.0,False,619327.875,20445.481400261808,55360.44218724828
2019-01-12 17:25:00,608834.0,691510.1275829349,691511.0,0.0,82677.0,82677.0,False,636132.75,20451.73590806265,55377.37758293496
2019-01-12 17:26:00,621285.0,668633.294433293,668634.0,0.0,47349.0,47349.0,False,614181.125,20110.041996896012,54452.169433293006
2019-01-12 17:27:00,607451.0,684361.35592599,684362.0,0.0,76911.0,76911.0,False,631124.625,19661.161453092314,53236.730925990014
2019-01-12 17:28:00,622789.0,659410.6882862713,659411.0,0.0,36622.0,36622.0,False,605818.8125,19792.32203180881,53591.87578627135
2019-01-12 17:29:00,614786.0,673407.800169877,673408.0,0.0,58622.0,58622.0,False,619580.0,19879.452614699778,53827.80016987696
2019-01-12 17:30:00,702669.0,698924.6548154808,698925.0,3744.0,0.0,37440.0,False,645149.0625,19860.171433520012,53775.5923154808
2019-01-12 17:31:00,673537.0,707589.3184142634,707590.0,0.0,34053.0,34053.0,False,653143.25,20107.788794678636,54446.068414263456
2019-01-12 17:32:00,687321.0,701901.8041197449,701902.0,0.0,14581.0,14581.0,False,646930.9375,20301.6050202205,54970.86661974487
2019-01-12 17:33:00,688021.0,728683.2082760297,728684.0,0.0,40663.0,40663.0,False,671905.25,20968.992370960434,56777.958276029654
2019-01-12 17:34:00,667514.0,713831.5075700778,713832.0,0.0,46318.0,46318.0,False,656743.9375,21083.33687267344,57087.57007007778
2019-01-12 17:35:00,671905.0,718184.2359126413,718185.0,0.0,46280.0,46280.0,False,661136.25,21068.717821187613,57047.985912641256
2019-01-12 17:36:00,669108.0,723697.9048099688,723698.0,0.0,54590.0,54590.0,False,666745.625,21033.37205325709,56952.279809968786
2019-01-12 17:37:00,664197.0,712509.7342308982,712510.0,0.0,48313.0,48313.0,False,655683.75,20986.729110917717,56825.98423089824
2019-01-12 17:38:00,676038.0,713552.1779004943,713553.0,0.0,37515.0,37515.0,False,657373.5625,20747.645627148482,56178.61540049432
2019-01-12 17:39:00,670373.0,718454.8482165895,718455.0,0.0,48082.0,48082.0,False,662014.0625,20844.46924541541,56440.785716589584
2019-01-12 17:40:00,711355.0,746791.3864977827,746792.0,0.0,35437.0,35437.0,False,690329.0,20852.446753409662,56462.38649778265
2019-01-12 17:41:00,693984.0,737253.5907167969,737254.0,0.0,43270.0,43270.0,False,680347.25,21016.406024123622,56906.3407167969
2019-01-12 17:42:00,695309.0,738706.0469405478,738707.0,0.0,43398.0,43398.0,False,681912.1875,20974.864920935703,56793.85944054777
2019-01-12 17:43:00,700454.0,749618.1110536559,749619.0,0.0,49165.0,49165.0,False,692954.0,20926.94680240007,56664.11105365581
2019-01-12 17:44:00,718516.0,740130.9633088061,740131.0,0.0,21615.0,21615.0,False,683762.75,20817.667114599855,56368.21330880609
2019-01-12 17:45:00,754549.0,760200.7190831787,760201.0,0.0,5652.0,5652.0,False,702634.3125,21260.178722838897,57566.40658317869
2019-01-12 17:46:00,744787.0,768795.0710765101,768796.0,0.0,24009.0,24009.0,False,708665.1875,22206.911066664536,60129.88357651014
2019-01-12 17:47:00,739769.0,778832.3489521417,778833.0,0.0,39064.0,39064.0,False,717579.75,22621.547500611774,61252.59895214169
2019-01-12 17:48:00,736073.0,778399.6072669876,778400.0,0.0,42327.0,42327.0,False,716840.25,22734.838167607235,61559.35726698757
2019-01-12 17:49:00,714528.0,770269.3019650587,770270.0,0.0,55742.0,55742.0,False,708490.75,22815.790214689692,61778.55196505863
2019-01-12 17:50:00,729903.0,767010.0196878779,767011.0,0.0,37108.0,37108.0,False,705261.5,22804.698822709288,61748.51968787784
2019-01-12 17:51:00,718788.0,768696.4442428225,768697.0,0.0,49909.0,49909.0,False,707228.25,22701.170229973068,61468.19424282242
2019-01-12 17:52:00,715090.0,763881.0263035859,763882.0,0.0,48792.0,48792.0,False,702683.6875,22601.139059225883,61197.33880358579
2019-01-12 17:53:00,697832.0,763162.001910145,763163.0,0.0,65331.0,65331.0,False,702093.9375,22553.395993921557,61068.06441014508
2019-01-12 17:54:00,703576.0,750991.521461775,750992.0,0.0,47416.0,47416.0,False,689871.6875,22572.515303000906,61119.8339617749
2019-01-12 17:55:00,717529.0,767977.0331935282,767978.0,0.0,50449.0,50449.0,False,706858.5,22572.03490884321,61118.53319352819
2019-01-12 17:56:00,745009.0,771242.2974494495,771243.0,0.0,26234.0,26234.0,False,710130.125,22569.68578608308,61112.172449449485
2019-01-12 17:57:00,728822.0,792151.2346315207,792152.0,0.0,63330.0,63330.0,False,730313.875,22837.508810194697,61837.359631520696
2019-01-12 17:58:00,699675.0,779536.8907221248,779537.0,0.0,79862.0,79862.0,False,717824.75,22791.263498888213,61712.140722124845
2019-01-12 17:59:00,675422.0,757631.708004269,757632.0,0.0,82210.0,82210.0,False,695430.9375,22971.722157232245,62200.77050426904
2019-01-12 18:00:00,792925.0,753122.4740440423,753123.0,39802.0,0.0,398020.0,True,691105.0625,22904.004811366285,62017.41154404234
2019-01-12 18:01:00,738043.0,808483.8480219119,808484.0,0.0,70441.0,70441.0,False,745227.4375,23361.586607250316,63256.41052191189
2019-01-12 18:02:00,743929.0,772397.9657765487,772398.0,0.0,28469.0,28469.0,False,710090.75,23011.03406928633,62307.215776548735
2019-01-12 18:03:00,750933.0,788560.8576120577,788561.0,0.0,37628.0,37628.0,False,726067.5,23079.77917473249,62493.357612057676
2019-01-12 18:04:00,729648.0,787660.3239084292,787661.0,0.0,58013.0,58013.0,False,724894.125,23180.543753731356,62766.19890842929
2019-01-12 18:05:00,720618.0,794125.8950005812,794126.0,0.0,73508.0,73508.0,False,731818.625,23011.054095073734,62307.27000058114
2019-01-12 18:06:00,760650.0,780643.8772742215,780644.0,0.0,19994.0,19994.0,False,718974.6875,22775.401038767137,61669.18977422156
2019-01-12 18:07:00,788516.0,824413.6951208066,824414.0,0.0,35898.0,35898.0,True,761852.4375,23104.855715148442,62561.25762080659
2019-01-12 18:08:00,799435.0,852513.6535908896,852514.0,0.0,53079.0,53079.0,True,790305.125,22974.587340555132,62208.52859088962
2019-01-12 18:09:00,795642.0,838418.9616985795,838419.0,0.0,42777.0,42777.0,True,776231.5,22966.80700611647,62187.46169857944
2019-01-12 18:10:00,811903.0,854419.5560508415,854420.0,0.0,42517.0,42517.0,True,792409.9375,22901.126736494665,62009.618550841464
2019-01-12 18:11:00,813572.0,849777.9594928109,849778.0,0.0,36206.0,36206.0,True,787732.8125,22914.247948514785,62045.14699281091
2019-01-12 18:12:00,794668.0,842455.8718188921,842456.0,0.0,47788.0,47788.0,True,780166.25,23004.536344199347,62289.62181889207
2019-01-12 18:13:00,774650.0,835071.9893074939,835072.0,0.0,60422.0,60422.0,False,773052.6875,22904.702915368216,62019.30180749386
2019-01-12 18:14:00,774968.0,810698.6980926078,810699.0,0.0,35731.0,35731.0,False,749006.3125,22783.967619066025,61692.38559260776
2019-01-12 18:15:00,788938.0,820438.0789287938,820439.0,0.0,31501.0,31501.0,True,758696.375,22802.18165575622,61741.703928793824
2019-01-12 18:16:00,777432.0,834123.3582716064,834124.0,0.0,56692.0,56692.0,False,772033.8125,22930.645115339925,62089.54577160641
2019-01-12 18:17:00,755709.0,826699.8757268903,826700.0,0.0,70991.0,70991.0,False,765422.375,22630.74411740781,61277.500726890255
2019-01-12 18:18:00,742403.0,806886.7278179801,806887.0,0.0,64484.0,64484.0,False,745228.375,22771.398780502634,61658.352817980085
2019-01-12 18:19:00,738768.0,788699.7632179313,788700.0,0.0,49932.0,49932.0,False,728819.9375,22114.56076933002,59879.825717931315
2019-01-12 18:20:00,765903.0,791581.654230314,791582.0,0.0,25679.0,25679.0,False,732151.0625,21948.65159708876,59430.59173031394
2019-01-12 18:21:00,730290.0,810576.0499367274,810577.0,0.0,80287.0,80287.0,False,750772.5,22086.390924504358,59803.54993672742
2019-01-12 18:22:00,712827.0,782120.7417171902,782121.0,0.0,69294.0,69294.0,False,722361.25,22070.119531565888,59759.49171719023
2019-01-12 18:23:00,709646.0,762569.7508999933,762570.0,0.0,52924.0,52924.0,False,704087.3125,21598.483670067915,58482.43839999334
2019-01-12 18:24:00,700748.0,751456.940899989,751457.0,0.0,50709.0,50709.0,False,693961.6875,21233.900733971786,57495.253399988964
2019-01-12 18:25:00,721462.0,759494.6307517383,759495.0,0.0,38033.0,38033.0,False,702433.875,21073.43392346984,57060.75575173836
2019-01-12 18:26:00,695482.0,762105.8177442624,762106.0,0.0,66624.0,66624.0,False,706899.8125,20388.445409930475,55206.005244262444
2019-01-12 18:27:00,684960.0,743343.477242194,743344.0,0.0,58384.0,58384.0,False,687459.25,20638.92345338714,55884.227242193985
2019-01-12 18:28:00,696422.0,729201.6993572993,729202.0,0.0,32780.0,32780.0,False,674610.125,20161.52642635983,54591.57435729927
2019-01-12 18:29:00,740045.0,736050.7849391503,736051.0,3994.0,0.0,39940.0,False,681408.6875,20180.18539455909,54642.09743915028
2019-01-12 18:30:00,782824.0,799055.3337556857,799056.0,0.0,16232.0,16232.0,False,742788.375,20780.272216713893,56266.958755685744
2019-01-12 18:31:00,758608.0,794646.0582324513,794647.0,0.0,36039.0,36039.0,False,739650.25,20310.81634980051,54995.808232451294
2019-01-12 18:32:00,735260.0,784994.4256155106,784995.0,0.0,49735.0,49735.0,False,730011.875,20305.92010349421,54982.55061551052
2019-01-12 18:33:00,715569.0,772460.4627497246,772461.0,0.0,56892.0,56892.0,False,718074.9375,20085.42925245704,54385.52524972461
2019-01-12 18:34:00,711777.0,751388.4449013846,751389.0,0.0,39612.0,39612.0,False,696670.75,20208.104725528145,54717.69490138462
2019-01-12 18:35:00,718313.0,754787.1859438529,754788.0,0.0,36475.0,36475.0,False,700086.0625,20201.98462580792,54701.12344385282
2019-01-12 18:36:00,708389.0,754635.6515663743,754636.0,0.0,46247.0,46247.0,False,699938.6875,20200.44850233216,54696.96406637437
2019-01-12 18:37:00,706808.0,753030.231503272,753031.0,0.0,46223.0,46223.0,False,698462.0,20152.905543487715,54568.23150327195
2019-01-12 18:38:00,702310.0,750866.0333958822,750867.0,0.0,48557.0,48557.0,False,696295.375,20153.801833072168,54570.65839588219
2019-01-12 18:39:00,711484.0,748176.4526456259,748177.0,0.0,36693.0,36693.0,False,693536.0625,20179.55486422697,54640.39014562586
2019-01-12 18:40:00,721286.0,771152.8043253184,771153.0,0.0,49867.0,49867.0,False,716547.25,20166.689448272573,54605.55432531843
2019-01-12 18:41:00,709949.0,769743.4219875683,769744.0,0.0,59795.0,59795.0,False,715070.875,20191.430891365635,54672.54698756824
2019-01-12 18:42:00,729117.0,764508.8104397359,764509.0,0.0,35392.0,35392.0,False,709411.4375,20348.325792494023,55097.37293973589
2019-01-12 18:43:00,696096.0,764580.1260417623,764581.0,0.0,68485.0,68485.0,False,709451.625,20359.821889812985,55128.50104176225
2019-01-12 18:44:00,704925.0,746000.6285615105,746001.0,0.0,41076.0,41076.0,False,690085.75,20650.243467357737,55914.87856151044
2019-01-12 18:45:00,729819.0,756729.2935632538,756730.0,0.0,26911.0,26911.0,False,701292.1875,20473.794574597403,55437.106063253814
2019-01-12 18:46:00,720476.0,762470.5111043202,762471.0,0.0,41995.0,41995.0,False,708428.25,19958.656408473857,54042.261104320125
2019-01-12 18:47:00,715352.0,765277.4993985038,765278.0,0.0,49926.0,49926.0,False,711836.0625,19736.762586107037,53441.43689850375
2019-01-12 18:48:00,738572.0,751692.0258690062,751693.0,0.0,13121.0,13121.0,False,698254.875,19735.179688050022,53437.150869006175
2019-01-12 18:49:00,723139.0,770251.4676822667,770252.0,0.0,47113.0,47113.0,False,716000.75,20035.64269902322,54250.717682266695
2019-01-12 18:50:00,734593.0,768302.0447889516,768303.0,0.0,33710.0,33710.0,False,714067.125,20029.808288726348,54234.91978895162
2019-01-12 18:51:00,716241.0,771815.3484363409,771816.0,0.0,55575.0,55575.0,False,717670.0,19996.728180413567,54145.34843634096
2019-01-12 18:52:00,720816.0,761542.732108469,761543.0,0.0,40727.0,40727.0,False,707171.4375,20080.17365297823,54371.29460846896
2019-01-12 18:53:00,704397.0,758357.3486071771,758358.0,0.0,53961.0,53961.0,False,703985.125,20080.51674680223,54372.22360717712
2019-01-12 18:54:00,702887.0,746184.3317065308,746185.0,0.0,43298.0,43298.0,False,691966.375,20023.54355577942,54217.95670653075
2019-01-12 18:55:00,722525.0,753101.7431780617,753102.0,0.0,30577.0,30577.0,False,698881.0,20024.572643510768,54220.74317806163
2019-01-12 18:56:00,731342.0,756413.5286210142,756414.0,0.0,25072.0,25072.0,False,702066.75,20071.11951349322,54346.778621014215
2019-01-12 18:57:00,706882.0,766205.5328360432,766206.0,0.0,59324.0,59324.0,False,712100.875,19981.700502189105,54104.65783604317
2019-01-12 18:58:00,707409.0,752919.9351928497,752920.0,0.0,45511.0,45511.0,False,698679.25,20031.937543000815,54240.68519284972
2019-01-12 18:59:00,701478.0,747882.6957006869,747883.0,0.0,46405.0,46405.0,False,694726.375,19631.464693079724,53156.320700686905
2019-01-12 19:00:00,794618.0,763760.4364182572,763761.0,30857.0,0.0,308570.0,True,711854.9375,19169.516549652486,51905.49891825713
2019-01-12 19:01:00,750292.0,784996.7326308473,784997.0,0.0,34705.0,34705.0,False,736754.0,17816.799391985078,48242.73263084722
2019-01-12 19:02:00,732565.0,767824.4505727045,767825.0,0.0,35260.0,35260.0,False,720128.9375,17614.70260850882,47695.5130727045
2019-01-12 19:03:00,721966.0,765515.7733564283,765516.0,0.0,43550.0,43550.0,False,718349.5625,17419.22298099086,47166.21085642829
2019-01-12 19:04:00,735159.0,756198.9472370958,756199.0,0.0,21040.0,21040.0,False,709091.0625,17397.682228409285,47107.88473709579
2019-01-12 19:05:00,758381.0,783548.2301284744,783549.0,0.0,25168.0,25168.0,False,736317.3125,17443.120208904365,47230.91762847447
2019-01-12 19:06:00,781880.0,793581.846570374,793582.0,0.0,11702.0,11702.0,False,747062.5,17180.325833379844,46519.34657037392
2019-01-12 19:07:00,789930.0,816180.4161571343,816181.0,0.0,26251.0,26251.0,True,770102.5,17017.298643805163,46077.916157134394
2019-01-12 19:08:00,778645.0,840968.4572088118,840969.0,0.0,62324.0,62324.0,False,795063.125,16953.560679186307,45905.33220881171
2019-01-12 19:09:00,800593.0,813937.6641599133,813938.0,0.0,13345.0,13345.0,True,766882.625,17378.165526181427,47055.03915991328
2019-01-12 19:10:00,817910.0,845016.7271541045,845017.0,0.0,27107.0,27107.0,True,797474.75,17557.99938064459,47541.97715410453
2019-01-12 19:11:00,782527.0,841492.8620135614,841493.0,0.0,58966.0,58966.0,False,793935.25,17563.773579975226,47557.612013561404
2019-01-12 19:12:00,725682.0,809831.7906761762,809832.0,0.0,84150.0,84150.0,False,761704.4375,17774.18794595528,48127.35317617625
2019-01-12 19:13:00,722513.0,760244.1828963062,760245.0,0.0,37732.0,37732.0,False,709223.4375,18842.763168317855,51020.74539630621
2019-01-12 19:14:00,687351.0,757671.422501764,757672.0,0.0,70321.0,70321.0,False,706782.625,18794.03273703732,50888.797501764035
2019-01-12 19:15:00,739400.0,743013.7621503681,743014.0,0.0,3614.0,3614.0,False,691195.6875,19137.22939347314,51818.074650368064
2019-01-12 19:16:00,745234.0,781448.7034937307,781449.0,0.0,36215.0,36215.0,False,728475.125,19563.975123890075,52973.5784937307
2019-01-12 19:17:00,719114.0,777469.7111350445,777470.0,0.0,58356.0,58356.0,False,724517.25,19556.176151425574,52952.46113504452
2019-01-12 19:18:00,704197.0,761282.2991295109,761283.0,0.0,57086.0,57086.0,False,708524.875,19484.145919883824,52757.424129510866
2019-01-12 19:19:00,709966.0,743022.173809544,743023.0,0.0,33057.0,33057.0,False,690210.4375,19504.20426159499,52811.7363095439
2019-01-12 19:20:00,731493.0,767795.5397154321,767796.0,0.0,36303.0,36303.0,False,714921.5625,19527.190806380335,52873.97721543215
2019-01-12 19:21:00,719366.0,776561.2496125966,776562.0,0.0,57196.0,57196.0,False,724210.625,19333.908464616143,52350.62461259661
2019-01-12 19:22:00,706146.0,755231.140007583,755232.0,0.0,49086.0,49086.0,False,703789.875,18998.06767007244,51441.26500758296
2019-01-12 19:23:00,710692.0,746398.2018130616,746399.0,0.0,35707.0,35707.0,False,695406.625,18831.990752082773,50991.57681306162
2019-01-12 19:24:00,700719.0,742309.2696232212,742310.0,0.0,41591.0,41591.0,False,691364.8125,18814.5887100442,50944.4571232213
2019-01-12 19:25:00,709452.0,748465.6378375873,748466.0,0.0,39014.0,39014.0,False,697548.75,18804.406939552886,50916.8878375873
2019-01-12 19:26:00,686168.0,753791.6493644185,753792.0,0.0,67624.0,67624.0,False,702925.375,18785.714588419283,50866.274364418496
2019-01-12 19:27:00,704416.0,729514.4479213181,729515.0,0.0,25099.0,25099.0,False,678309.5,18910.792055917296,51204.94792131809
2019-01-12 19:28:00,701580.0,735354.0008314024,735355.0,0.0,33775.0,33775.0,False,684203.25,18890.776218795316,51150.750831402336
2019-01-12 19:29:00,685727.0,735213.9480302222,735214.0,0.0,49487.0,49487.0,False,684135.25,18864.165986865028,51078.698030222164
2019-01-12 19:30:00,753765.0,747399.7272412252,747400.0,6365.0,0.0,63650.0,False,698814.8125,17943.17262342661,48584.91474122517
2019-01-12 19:31:00,706952.0,761713.6602656862,761714.0,0.0,54762.0,54762.0,False,711812.75,18429.19045412222,49900.910265686216
2019-01-12 19:32:00,709788.0,739224.1887294209,739225.0,0.0,29437.0,29437.0,False,689043.375,18532.563202524405,50180.81372942089
2019-01-12 19:33:00,724936.0,747005.0686485124,747006.0,0.0,22070.0,22070.0,False,696778.8125,18549.34580211376,50226.25614851239
2019-01-12 19:34:00,698499.0,751086.3632901305,751087.0,0.0,52588.0,52588.0,False,700811.6875,18567.227936775205,50274.67579013046
2019-01-12 19:35:00,708781.0,747834.4843145106,747835.0,0.0,39054.0,39054.0,False,697311.0625,18659.093753122048,50523.42181451063
2019-01-12 19:36:00,692993.0,739087.8056408409,739088.0,0.0,46095.0,46095.0,False,688609.5625,18642.408558862262,50478.24314084095
2019-01-12 19:37:00,694505.0,733257.6287788632,733258.0,0.0,38753.0,38753.0,False,682724.5,18662.678687621894,50533.12877886321
2019-01-12 19:38:00,673462.0,730941.1271414267,730942.0,0.0,57480.0,57480.0,False,680424.0,18656.76903141872,50517.12714142668
2019-01-12 19:39:00,686094.0,716765.8588610905,716766.0,0.0,30672.0,30672.0,False,665861.5,18799.779791614594,50904.358861090506
2019-01-12 19:40:00,715967.0,753003.8326223074,753004.0,0.0,37037.0,37037.0,False,702059.625,18814.496565435275,50944.20762230735
2019-01-12 19:41:00,691778.0,738119.5782679088,738120.0,0.0,46342.0,46342.0,False,687232.4375,18793.420879185673,50887.14076790877
2019-01-12 19:42:00,670199.0,735102.1096825385,735103.0,0.0,64904.0,64904.0,False,684502.75,18687.138801300847,50599.359682538576
2019-01-12 19:43:00,700392.0,722103.3287183197,722104.0,0.0,21712.0,21712.0,False,670756.375,18963.237028656196,51346.9537183196
2019-01-12 19:44:00,704464.0,737232.9396213696,737233.0,0.0,32769.0,32769.0,False,686276.8125,18818.898623777797,50956.12712136953
2019-01-12 19:45:00,749977.0,750384.5003410667,750385.0,0.0,408.0,408.0,False,699394.8125,18831.293125036078,50989.68784106674
2019-01-12 19:46:00,700435.0,759269.6641631115,759270.0,0.0,58835.0,58835.0,False,706871.75,19351.373238871514,52397.914163111454
2019-01-12 19:47:00,708932.0,738167.2241410378,738168.0,0.0,29236.0,29236.0,False,685349.9375,19506.25408625027,52817.28664103774
2019-01-12 19:48:00,731619.0,744143.5861876678,744144.0,0.0,12525.0,12525.0,False,691281.625,19522.753098470956,52861.961187667795
2019-01-12 19:49:00,691581.0,754355.4393806435,754356.0,0.0,62775.0,62775.0,False,701492.1875,19523.229771672748,52863.25188064359
2019-01-12 19:50:00,696708.0,737798.5139234478,737799.0,0.0,41091.0,41091.0,False,684386.4375,19725.919301210048,53412.07642344778
2019-01-12 19:51:00,680464.0,731189.586172496,731190.0,0.0,50726.0,50726.0,False,677853.0625,19698.016482820374,53336.52367249602
2019-01-12 19:52:00,679730.0,722612.6719371205,722613.0,0.0,42883.0,42883.0,False,669385.25,19657.72349719335,53227.4219371205
2019-01-12 19:53:00,678689.0,721134.7862031973,721135.0,0.0,42446.0,42446.0,False,667904.5,19658.78131567322,53230.28620319734
2019-01-12 19:54:00,695001.0,718119.1968038174,718120.0,0.0,23119.0,23119.0,False,665051.875,19598.596001669455,53067.32180381743
2019-01-12 19:55:00,686007.0,762554.3572986257,762555.0,0.0,76548.0,76548.0,False,709148.1875,19723.737891828787,53406.169798625706
2019-01-12 19:56:00,665229.0,724711.2271158624,724712.0,0.0,59483.0,59483.0,False,670015.3125,20200.06092376387,54695.914615862406
2019-01-12 19:57:00,658685.0,717231.4258900173,717232.0,0.0,58547.0,58547.0,False,662571.5,20186.76972167419,54659.92589001732
2019-01-12 19:58:00,667085.0,727425.0312464486,727426.0,0.0,60341.0,60341.0,False,672812.9375,20169.10455927607,54612.093746448576
2019-01-12 19:59:00,667576.0,720971.0522820131,720972.0,0.0,53396.0,53396.0,False,666040.0,20286.900959533912,54931.05228201315
2019-01-12 20:00:00,796571.0,738177.0932307956,738178.0,58393.0,0.0,583930.0,True,683163.9375,20317.223053589812,55013.15573079555
2019-01-12 20:01:00,738572.0,783973.1673164435,783974.0,0.0,45402.0,45402.0,False,723348.4375,22389.66556057421,60624.72981644347
2019-01-12 20:02:00,703626.0,765224.1882829606,765225.0,0.0,61599.0,61599.0,False,704590.375,22393.02022752391,60633.81328296062
2019-01-12 20:03:00,701737.0,752040.0366960255,752041.0,0.0,50304.0,50304.0,False,691247.8125,22451.523867464355,60792.224196025505
2019-01-12 20:04:00,685672.0,740100.3729577238,740101.0,0.0,54429.0,54429.0,False,679370.375,22428.542739649238,60729.99795772376
2019-01-12 20:05:00,693960.0,776480.8557603826,776481.0,0.0,82521.0,82521.0,False,715939.5625,22358.85112904793,60541.29326038264
2019-01-12 20:06:00,725485.0,788121.6942864844,788122.0,0.0,62637.0,62637.0,False,726621.375,22713.034513506987,61500.31928648436
2019-01-12 20:07:00,745277.0,809368.0039448051,809369.0,0.0,64092.0,64092.0,False,748340.375,22538.46254104698,61027.628944805125
2019-01-12 20:08:00,776750.0,815546.0687345975,815547.0,0.0,38797.0,38797.0,False,754455.375,22561.75335910713,61090.69373459756
2019-01-12 20:09:00,751047.0,816806.7675761189,816807.0,0.0,65760.0,65760.0,False,756256.8125,22362.05007373718,60549.95507611896
2019-01-12 20:10:00,761033.0,808104.7260811882,808105.0,0.0,47072.0,47072.0,False,747898.3125,22235.174800214834,60206.41358118819
2019-01-12 20:11:00,733690.0,799306.427921887,799307.0,0.0,65617.0,65617.0,False,739208.0,22195.293999023444,60098.42792188702
2019-01-12 20:12:00,742944.0,765158.0064779603,765159.0,0.0,22215.0,22215.0,False,705275.0,22115.735474000747,59883.00647796028
2019-01-12 20:13:00,689445.0,775834.7403419394,775835.0,0.0,86390.0,86390.0,False,717371.8125,21591.27811433099,58462.92784193938
2019-01-12 20:14:00,683984.0,730128.6409483616,730129.0,0.0,46145.0,46145.0,False,670156.5625,22148.631152614813,59972.07844836157
2019-01-12 20:15:00,728124.0,738425.3769758618,738426.0,0.0,10302.0,10302.0,False,679351.9375,21816.749656154752,59073.43947586179
2019-01-12 20:16:00,691874.0,764612.6828709508,764613.0,0.0,72739.0,72739.0,False,705494.8125,21833.158684031845,59117.870370950775
2019-01-12 20:17:00,680300.0,745618.5680036143,745619.0,0.0,65319.0,65319.0,False,685949.1875,22036.840044113644,59669.380503614324
2019-01-12 20:18:00,684025.0,735004.4565413253,735005.0,0.0,50980.0,50980.0,False,675327.1875,22039.75340507453,59677.26904132534
2019-01-12 20:19:00,655646.0,732555.7441104819,732556.0,0.0,76910.0,76910.0,False,673093.8125,21960.225907403943,59461.93161048192
2019-01-12 20:20:00,678022.0,727108.7943039297,727109.0,0.0,49087.0,49087.0,False,666971.125,22209.786458168895,60137.66930392964
2019-01-12 20:21:00,678471.0,721949.7602386358,721950.0,0.0,43479.0,43479.0,False,661858.375,22192.693025408847,60091.38523863577
2019-01-12 20:22:00,664100.0,747908.2369989316,747909.0,0.0,83809.0,83809.0,False,687988.8125,22129.185221527787,59919.424498931614
2019-01-12 20:23:00,699443.0,719074.5433488319,719075.0,0.0,19632.0,19632.0,False,658065.375,22531.64475280876,61009.16834883197
2019-01-12 20:24:00,687032.0,735309.5513707908,735310.0,0.0,48278.0,48278.0,False,673338.375,22886.929435205897,61971.17637079078
2019-01-12 20:25:00,680038.0,763256.8167715725,763257.0,0.0,83219.0,83219.0,False,701272.875,22891.643898348462,61983.94177157242
2019-01-12 20:26:00,658441.0,731607.8504390948,731608.0,0.0,73167.0,73167.0,False,668686.5,23237.84365252397,62921.35043909479
2019-01-12 20:27:00,667155.0,717180.3417259019,717181.0,0.0,50026.0,50026.0,False,654551.4375,23129.838669612407,62628.90422590199
2019-01-12 20:28:00,672388.0,737344.9132111904,737345.0,0.0,64957.0,64957.0,False,674975.875,23033.866066063172,62369.038211190345
2019-01-12 20:29:00,664264.0,714948.8433575244,714949.0,0.0,50685.0,50685.0,False,652507.9375,23060.407917398687,62440.90585752434
2019-01-12 20:30:00,743428.0,724855.7357172812,724856.0,18572.0,0.0,185720.0,False,662464.125,23042.202447334814,62391.610717281284
2019-01-12 20:31:00,698609.0,754085.4405326816,754086.0,0.0,55477.0,55477.0,False,688781.125,24117.91011466695,65304.31553268161
2019-01-12 20:32:00,674792.0,743430.4519551265,743431.0,0.0,68639.0,68639.0,False,678327.3125,24043.612627339833,65103.139455126504
2019-01-12 20:33:00,663884.0,732911.8919290893,732912.0,0.0,69028.0,69028.0,False,667758.3125,24062.240902489764,65153.579429089295
2019-01-12 20:34:00,663471.0,721271.0140002874,721272.0,0.0,57801.0,57801.0,False,656291.8125,23997.840392683913,64979.20150028736
2019-01-12 20:35:00,655776.0,738367.5884754753,738368.0,0.0,82592.0,82592.0,False,673506.6875,23954.150149540525,64860.900975475284
2019-01-12 20:36:00,660759.0,718441.0549213307,718442.0,0.0,57683.0,57683.0,False,652922.1875,24197.1474992588,65518.8674213307
2019-01-12 20:37:00,648449.0,726545.9018351551,726546.0,0.0,78097.0,78097.0,False,661043.5625,24191.043417262106,65502.33933515514
2019-01-12 20:38:00,666700.0,710953.0012025664,710954.0,0.0,44254.0,44254.0,False,645046.8125,24340.191335950814,65906.18870256642
2019-01-12 20:39:00,658715.0,716944.698841907,716945.0,0.0,58230.0,58230.0,False,651101.75,24316.8358614679,65842.948841907
2019-01-12 20:40:00,699681.0,740729.4460131528,740730.0,0.0,41049.0,41049.0,False,675009.625,24271.362819107904,65719.82101315279
2019-01-12 20:41:00,664320.0,751484.2529633528,751485.0,0.0,87165.0,87165.0,False,685551.9375,24349.84035934374,65932.31546335282
2019-01-12 20:42:00,644786.0,725340.916073112,725341.0,0.0,80555.0,80555.0,False,658607.375,24645.745569897128,66733.54107311208
2019-01-12 20:43:00,653023.0,711048.8942280062,711049.0,0.0,58026.0,58026.0,False,644335.125,24638.443516745298,66713.76922800625
2019-01-12 20:44:00,673301.0,715045.4184269035,715046.0,0.0,41745.0,41745.0,False,648755.5625,24481.885671999356,66289.85592690359
2019-01-12 20:45:00,693274.0,729978.5167810897,729979.0,0.0,36705.0,36705.0,False,663532.5,24539.558329831674,66446.0167810897
2019-01-12 20:46:00,673899.0,731590.7442378607,731591.0,0.0,57692.0,57692.0,False,666392.6875,24078.667071669264,65198.05673786071
2019-01-12 20:47:00,688985.0,726688.7732308649,726689.0,0.0,37704.0,37704.0,False,661682.125,24007.976901666683,65006.6482308649
2019-01-12 20:48:00,703279.0,733166.3702699384,733167.0,0.0,29888.0,29888.0,False,668037.8125,24053.000010499713,65128.55776993837
2019-01-12 20:49:00,680256.0,749713.5762458845,749714.0,0.0,69458.0,69458.0,False,684870.625,23947.521032286626,64842.95124588456
2019-01-12 20:50:00,686286.0,765966.3187288673,765967.0,0.0,79681.0,79681.0,False,701275.75,23891.243773754933,64690.56872886734
2019-01-12 20:51:00,655157.0,743705.4013467439,743706.0,0.0,88549.0,88549.0,False,678545.1875,24064.691097202805,65160.2138467439
2019-01-12 20:52:00,661087.0,721725.3173925127,721726.0,0.0,60639.0,60639.0,False,655705.5,24382.156197050987,66019.81739251266
2019-01-12 20:53:00,651248.0,715156.7470733324,715157.0,0.0,63909.0,63909.0,False,649143.9375,24379.568099285785,66012.80957333244
2019-01-12 20:54:00,666638.0,708900.3983974411,708901.0,0.0,42263.0,42263.0,False,642878.875,24382.786251484355,66021.5233974411
2019-01-12 20:55:00,659833.0,728466.5271486599,728467.0,0.0,68634.0,68634.0,False,662674.4375,24298.052762047406,65792.08964865992
2019-01-12 20:56:00,628047.0,707939.0016959577,707940.0,0.0,79893.0,79893.0,False,642904.25,24018.355953027854,65034.75169595774
2019-01-12 20:57:00,634554.0,697521.2072732293,697522.0,0.0,62968.0,62968.0,False,632167.6875,24136.082014044638,65353.519773229265
2019-01-12 20:58:00,660790.0,703038.7858493822,703039.0,0.0,42249.0,42249.0,False,637776.625,24102.34172757898,65262.16084938219
2019-01-12 20:59:00,690985.0,712699.8743855874,712700.0,0.0,21715.0,21715.0,False,647366.875,24128.503512369418,65332.99938558744
2019-01-12 21:00:00,791209.0,745073.3125853495,745074.0,46135.0,0.0,461350.0,True,678596.375,24550.977868827355,66476.93758534951
2019-01-12 21:01:00,721768.0,802932.8574310228,802933.0,0.0,81165.0,81165.0,False,736609.0625,24494.419879640187,66323.79493102283
2019-01-12 21:02:00,709311.0,751579.2676372061,751580.0,0.0,42269.0,42269.0,False,684824.1875,24653.70028479671,66755.08013720614
2019-01-12 21:03:00,701008.0,748499.4254301421,748500.0,0.0,47492.0,47492.0,False,681567.6875,24718.942784259878,66931.73793014204
2019-01-12 21:04:00,710666.0,732063.3626793575,732064.0,0.0,21398.0,21398.0,False,665022.0,24759.428927118202,67041.36267935751
2019-01-12 21:05:00,705111.0,792412.7642682658,792413.0,0.0,87302.0,87302.0,False,724140.75,25213.92790106285,68272.01426826575
2019-01-12 21:06:00,655047.0,789754.2183899106,789755.0,0.0,134708.0,134708.0,False,721638.1875,25156.320787844325,68116.03088991069
2019-01-12 21:07:00,651637.0,744700.3714733273,744701.0,0.0,93064.0,93064.0,False,671781.0625,26930.24687720998,72919.30897332726
2019-01-12 21:08:00,697318.0,726399.9616523753,726400.0,0.0,29082.0,29082.0,False,652927.4375,27134.557937719812,73472.52415237535
2019-01-12 21:09:00,738252.0,746638.4051231351,746639.0,0.0,8387.0,8387.0,False,672234.5625,27478.50848651123,74403.84262313513
2019-01-12 21:10:00,770881.0,798076.1143549908,798077.0,0.0,27196.0,27196.0,False,721165.875,28404.160192642932,76910.2393549908
2019-01-12 21:11:00,754017.0,809566.7448599767,809567.0,0.0,55550.0,55550.0,False,731393.5,28870.60797630182,78173.24485997672
2019-01-12 21:12:00,719812.0,805653.221879882,805654.0,0.0,85842.0,85842.0,False,727546.0625,28846.201569836816,78107.15937988198
2019-01-12 21:13:00,688805.0,773369.947590437,773370.0,0.0,84565.0,84565.0,False,695622.8125,28713.238941240146,77747.13509043696
2019-01-12 21:14:00,671099.0,742947.1236296381,742948.0,0.0,71849.0,71849.0,False,666103.6875,28379.48871157335,76843.43612963808
2019-01-12 21:15:00,695334.0,745914.2283027013,745915.0,0.0,50581.0,50581.0,False,669065.1875,28381.558605424256,76849.04080270122
2019-01-12 21:16:00,680740.0,756688.0854194553,756689.0,0.0,75949.0,75949.0,False,680846.5,28009.489498207236,75841.58541945525
2019-01-12 21:17:00,681532.0,740478.0632664869,740479.0,0.0,58947.0,58947.0,False,664993.0625,27877.797181422156,75485.0007664868
2019-01-12 21:18:00,659178.0,741988.4832725237,741989.0,0.0,82811.0,82811.0,False,666659.0625,27820.33904439958,75329.42077252372
2019-01-12 21:19:00,648442.0,728013.5903942379,728014.0,0.0,79572.0,79572.0,False,652442.75,27909.499105092746,75570.8403942379
2019-01-12 21:20:00,695938.0,735444.6398653204,735445.0,0.0,39507.0,39507.0,False,660321.375,27744.202427715347,75123.26486532037
2019-01-12 21:21:00,671206.0,747356.3313131174,747357.0,0.0,76151.0,76151.0,False,671706.75,27938.5793640066,75649.5813131174
2019-01-12 21:22:00,681019.0,753498.9092695401,753499.0,0.0,72480.0,72480.0,False,677790.6875,27960.236206216035,75708.22176954013
2019-01-12 21:23:00,689819.0,741007.351976984,741008.0,0.0,51189.0,51189.0,False,666205.8125,27625.384185242227,74801.53947698398
2019-01-12 21:24:00,697578.0,741202.6030338382,741203.0,0.0,43625.0,43625.0,False,667046.8125,27386.898951297208,74155.7905338382
2019-01-12 21:25:00,697732.0,768054.680917132,768055.0,0.0,70323.0,70323.0,False,693572.75,27507.34772079859,74481.93091713195
2019-01-12 21:26:00,679266.0,743342.2837522702,743343.0,0.0,64077.0,64077.0,False,669665.5,27209.994218310745,73676.7837522702
2019-01-12 21:27:00,670279.0,738994.2739004722,738995.0,0.0,68716.0,68716.0,False,665693.125,27071.2663636858,73301.14890047225
2019-01-12 21:28:00,661216.0,725022.6670105912,725023.0,0.0,63807.0,63807.0,False,651687.25,27083.922115344903,73335.41701059125
2019-01-12 21:29:00,659644.0,721669.0805440845,721670.0,0.0,62026.0,62026.0,False,648489.75,27026.27693005173,73179.33054408451
2019-01-12 21:30:00,719603.0,747220.9763920801,747221.0,0.0,27618.0,27618.0,False,674041.8125,27026.215382847244,73179.16389208013
2019-01-12 21:31:00,698439.0,742320.5958935207,742321.0,0.0,43882.0,43882.0,False,672299.75,25859.798906670112,70020.84589352076
2019-01-12 21:32:00,691969.0,740794.7364663652,740795.0,0.0,48826.0,48826.0,False,670570.5625,25934.89115968048,70224.17396636512
2019-01-12 21:33:00,711198.0,744899.8195972441,744900.0,0.0,33702.0,33702.0,False,674773.0,25898.936661044703,70126.81959724413
2019-01-12 21:34:00,691277.0,760159.2733125348,760160.0,0.0,68883.0,68883.0,False,689713.125,26016.869774493513,70446.14831253482
2019-01-12 21:35:00,672199.0,758804.6634316761,758805.0,0.0,86606.0,86606.0,False,688284.1875,26044.32013245018,70520.47593167612
2019-01-12 21:36:00,681224.0,722958.267122619,722959.0,0.0,41735.0,41735.0,False,652520.1875,26013.889880491944,70438.07962261901
2019-01-12 21:37:00,674182.0,725560.7619845482,725561.0,0.0,51379.0,51379.0,False,654901.875,26095.437509683445,70658.88698454815
2019-01-12 21:38:00,675090.0,724262.339024648,724263.0,0.0,49173.0,49173.0,False,654115.625,25906.28398576582,70146.71402464798
2019-01-12 21:39:00,672613.0,724036.0924808488,724037.0,0.0,51424.0,51424.0,False,653899.375,25902.59210502499,70136.71748084872
2019-01-12 21:40:00,684705.0,741900.8956768786,741901.0,0.0,57196.0,57196.0,False,671760.0,25904.135178487573,70140.89567687862
2019-01-12 21:41:00,691307.0,739017.5816600906,739018.0,0.0,47711.0,47711.0,False,668996.625,25859.83981450526,70020.95666009055
2019-01-12 21:42:00,661570.0,738539.8937228962,738540.0,0.0,76970.0,76970.0,False,669488.25,25501.857312100226,69051.6437228962
2019-01-12 21:43:00,648163.0,741213.7852701425,741214.0,0.0,93051.0,93051.0,False,672418.4375,25407.20318854275,68795.3477701425
2019-01-12 21:44:00,645866.0,722794.5855521864,722795.0,0.0,76929.0,76929.0,False,652771.0,25860.810705674554,70023.58555218636
2019-01-12 21:45:00,683224.0,712088.6199500236,712089.0,0.0,28865.0,28865.0,False,641843.8125,25942.51142949219,70244.80745002363
2019-01-12 21:46:00,675724.0,733589.6670407153,733590.0,0.0,57866.0,57866.0,False,662883.375,26112.94494199164,70706.29204071536
2019-01-12 21:47:00,672529.0,719060.8883043302,719061.0,0.0,46532.0,46532.0,False,648379.125,26103.88609412624,70681.76330433016
2019-01-12 21:48:00,648277.0,724532.3008128714,724533.0,0.0,76256.0,76256.0,False,653920.75,26077.95551750024,70611.55081287143
2019-01-12 21:49:00,642136.0,710749.9051492519,710750.0,0.0,68614.0,68614.0,False,640302.25,26017.426272976118,70447.65514925195
2019-01-12 21:50:00,663326.0,718628.6917312935,718629.0,0.0,55303.0,55303.0,False,648333.1875,25961.23454761684,70295.50423129342
2019-01-12 21:51:00,632656.0,731301.7207269055,731302.0,0.0,98646.0,98646.0,False,661660.75,25719.505037138064,69640.97072690546
2019-01-12 21:52:00,661495.0,697689.043415607,697690.0,0.0,36195.0,36195.0,False,627665.75,25860.702815044282,70023.29341560698
2019-01-12 21:53:00,650566.0,709775.3849224483,709776.0,0.0,59210.0,59210.0,False,639419.75,25983.441756934888,70355.6349224483
2019-01-12 21:54:00,663599.0,707882.5639909483,707883.0,0.0,44284.0,44284.0,False,637630.375,25945.23754857138,70252.18899094821
2019-01-12 21:55:00,668710.0,730429.6126260987,730430.0,0.0,61720.0,61720.0,False,660133.0,25961.643895239085,70296.61262609871
2019-01-12 21:56:00,643516.0,718290.4622891482,718291.0,0.0,74775.0,74775.0,False,648203.5,25884.216730727254,70086.96228914823
2019-01-12 21:57:00,605963.0,729255.5437956759,729256.0,0.0,123293.0,123293.0,False,659584.125,25730.749987487492,69671.41879567581
2019-01-12 21:58:00,644176.0,679243.6906907181,679244.0,0.0,35068.0,35068.0,False,605857.0625,27102.835209052275,73386.6281907181
2019-01-12 21:59:00,641230.0,702916.123920609,702917.0,0.0,61687.0,61687.0,False,629077.4375,27269.787418353808,73838.68642060905
2019-01-12 22:00:00,757674.0,731691.5232860661,731692.0,25982.0,0.0,259820.0,False,658645.8125,26976.929053312757,73045.71078606618
2019-01-12 22:01:00,679196.0,753770.4220974689,753771.0,0.0,74575.0,74575.0,False,682880.3125,26180.831654762696,70890.10959746882
2019-01-12 22:02:00,679445.0,731281.006822489,731282.0,0.0,51837.0,51837.0,False,660807.625,26026.927537748856,70473.38182248891
2019-01-12 22:03:00,680919.0,735448.3277171318,735449.0,0.0,54530.0,54530.0,False,665068.0625,25992.53811187604,70380.26521713179
2019-01-12 22:04:00,679960.0,719891.5600523457,719892.0,0.0,39932.0,39932.0,False,649544.5625,25980.25184040238,70346.99755234568
2019-01-12 22:05:00,670362.0,762367.9736692613,762368.0,0.0,92006.0,92006.0,False,692708.875,25726.199971167098,69659.09866926132
2019-01-12 22:06:00,673968.0,757860.7820840429,757861.0,0.0,83893.0,83893.0,False,688011.75,25796.34536643095,69849.03208404296
2019-01-12 22:07:00,703069.0,756308.0913208878,756309.0,0.0,53240.0,53240.0,False,691486.875,23939.49398287733,64821.2163208878
2019-01-12 22:08:00,728319.0,769678.9549207931,769679.0,0.0,41360.0,41360.0,False,705906.3125,23552.239161127993,63772.64242079303
2019-01-12 22:09:00,731923.0,772972.4669201763,772973.0,0.0,41050.0,41050.0,False,710056.6875,23235.786187677637,62915.77942017634
2019-01-12 22:10:00,757255.0,794373.3556289898,794374.0,0.0,37119.0,37119.0,False,734201.5625,22222.388923088045,60171.793128989804
2019-01-12 22:11:00,729269.0,784691.4864678888,784692.0,0.0,55423.0,55423.0,False,725852.0,21730.34713326903,58839.48646788879
2019-01-12 22:12:00,738046.0,747656.4457902435,747657.0,0.0,9611.0,9611.0,False,688870.9375,21710.41214388915,58785.50829024342
2019-01-12 22:13:00,703338.0,752153.7554787775,752154.0,0.0,48816.0,48816.0,False,692343.4375,22088.890468806825,59810.3179787775
2019-01-12 22:14:00,682512.0,726202.2029152856,726203.0,0.0,43691.0,43691.0,False,666775.8125,21947.099985416706,59426.39041528564
2019-01-12 22:15:00,691524.0,723018.0411942323,723019.0,0.0,31495.0,31495.0,False,663646.375,21926.889470480673,59371.66619423225
2019-01-12 22:16:00,687145.0,725823.1149183987,725824.0,0.0,38679.0,38679.0,False,666404.6875,21944.159125511876,59418.42741839871
2019-01-12 22:17:00,678527.0,731754.4095326154,731755.0,0.0,53228.0,53228.0,False,672456.8125,21899.534564949994,59297.59703261548
2019-01-12 22:18:00,678968.0,720662.5064845969,720663.0,0.0,41695.0,41695.0,False,661323.625,21914.78156193478,59338.88148459686
2019-01-12 22:19:00,647809.0,720879.7381350826,720880.0,0.0,73071.0,73071.0,False,661969.75,21756.384507038987,58909.98813508265
2019-01-12 22:20:00,680656.0,714665.3073962214,714666.0,0.0,34010.0,34010.0,False,655282.0625,21931.16566710784,59383.24489622147
2019-01-12 22:21:00,662294.0,729624.3096031393,729625.0,0.0,67331.0,67331.0,False,670604.6875,21796.874054560234,59019.622103139234
2019-01-12 22:22:00,651879.0,732978.2397111885,732979.0,0.0,81100.0,81100.0,False,673675.5,21901.43383697453,59302.7397111885
2019-01-12 22:23:00,646506.0,720385.8907744413,720386.0,0.0,73880.0,73880.0,False,659951.5,22319.37036080256,60434.39077444128
2019-01-12 22:24:00,694286.0,699305.8022431389,699306.0,0.0,5020.0,5020.0,False,638329.0625,22519.668359045634,60976.73974313884
2019-01-12 22:25:00,698717.0,733883.6503538473,733884.0,0.0,35167.0,35167.0,False,671348.0,23095.398548990768,62535.650353847326
2019-01-12 22:26:00,735231.0,724743.2108853413,724744.0,10487.0,0.0,104870.0,False,662067.0625,23147.28668023016,62676.148385341265
2019-01-12 22:27:00,730650.0,760047.7339435506,760048.0,0.0,29398.0,29398.0,False,693993.1875,24394.982181436066,66054.54644355059
2019-01-12 22:28:00,678991.0,759723.0637450595,759724.0,0.0,80733.0,80733.0,False,693287.625,24535.651694870667,66435.43874505955
2019-01-12 22:29:00,660918.0,719595.1058179276,719596.0,0.0,58678.0,58678.0,False,652434.625,24803.421127872898,67160.48081792767
2019-01-12 22:30:00,750446.0,720452.632784138,720453.0,29993.0,0.0,299930.0,False,653271.6875,24810.97897688456,67180.94528413801
2019-01-12 22:31:00,716578.0,779071.9531638989,779072.0,0.0,62494.0,62494.0,False,706743.75,26711.942211373374,72328.20316389893
2019-01-12 22:32:00,705676.0,746216.5114401327,746217.0,0.0,40541.0,40541.0,False,673978.0,26678.81764810099,72238.51144013274
2019-01-12 22:33:00,685114.0,748828.3148236222,748829.0,0.0,63715.0,63715.0,False,676383.375,26755.05489456019,72444.9398236222
2019-01-12 22:34:00,679226.0,735269.0118911023,735270.0,0.0,56044.0,56044.0,False,663200.625,26615.98797829516,72068.38689110233
2019-01-12 22:35:00,693936.0,740030.323781065,740031.0,0.0,46095.0,46095.0,False,668100.1875,26564.92985512242,71930.13628106496
2019-01-12 22:36:00,660433.0,743781.8374724262,743782.0,0.0,83349.0,83349.0,False,672569.0,26300.020131301044,71212.83747242622
2019-01-12 22:37:00,659229.0,727577.6689825773,727578.0,0.0,68349.0,68349.0,False,655902.25,26470.858753397108,71675.41898257726
2019-01-12 22:38:00,652232.0,718936.8628948762,718937.0,0.0,66705.0,66705.0,False,647176.375,26502.27603973785,71760.48789487613
2019-01-12 22:39:00,654857.0,713692.6581733775,713693.0,0.0,58836.0,58836.0,False,641900.9375,26513.810795724243,71791.72067337752
2019-01-12 22:40:00,714798.0,743988.3582199294,743989.0,0.0,29191.0,29191.0,False,672214.75,26507.121581992287,71773.60821992943
2019-01-12 22:41:00,678383.0,738055.0193489743,738056.0,0.0,59673.0,59673.0,False,665599.5,26758.962079551242,72455.5193489744
2019-01-12 22:42:00,663426.0,739294.8164144509,739295.0,0.0,75869.0,75869.0,False,666890.625,26740.005866610158,72404.19141445089
2019-01-12 22:43:00,658147.0,726068.564861874,726069.0,0.0,67922.0,67922.0,False,653814.875,26684.42327780939,72253.68986187395
2019-01-12 22:44:00,662136.0,722230.9474091158,722231.0,0.0,60095.0,60095.0,False,651174.0,26242.447480795145,71056.94740911582
2019-01-12 22:45:00,690097.0,741534.9583309491,741535.0,0.0,51438.0,51438.0,False,670876.875,26095.14070777828,70658.0833309491
2019-01-12 22:46:00,697557.0,731672.8762556084,731673.0,0.0,34116.0,34116.0,False,661606.0,25876.79864284867,70066.87625560845
2019-01-12 22:47:00,710281.0,748805.1583164175,748806.0,0.0,38525.0,38525.0,False,678358.4375,26017.081209175427,70446.72081641748
2019-01-12 22:48:00,684837.0,755076.4658784122,755077.0,0.0,70240.0,70240.0,False,684456.9375,26080.901757837917,70619.52837841223
2019-01-12 22:49:00,697536.0,731947.1221548005,731948.0,0.0,34412.0,34412.0,False,661514.9375,26011.712776225275,70432.18465480041
2019-01-12 22:50:00,670769.0,761957.8702388274,761958.0,0.0,91189.0,91189.0,False,691331.75,26083.336235493567,70626.12023882741
2019-01-12 22:51:00,625999.0,727519.1005531184,727520.0,0.0,101521.0,101521.0,False,655768.375,26498.670653491936,71750.72555311845
2019-01-12 22:52:00,625099.0,698041.7565497971,698042.0,0.0,72943.0,72943.0,False,626232.8125,26520.171659335963,71808.94404979717
2019-01-12 22:53:00,618947.0,689774.9309007172,689775.0,0.0,70828.0,70828.0,False,618043.75,26491.452506176673,71731.18090071714
2019-01-12 22:54:00,637997.0,685260.3438441553,685261.0,0.0,47264.0,47264.0,False,613378.5625,26547.071616926747,71881.78134415527
2019-01-12 22:55:00,670915.0,698701.6595712829,698702.0,0.0,27787.0,27787.0,False,626844.5,26537.97840922438,71857.1595712829
2019-01-12 22:56:00,640367.0,707644.1651972616,707645.0,0.0,67278.0,67278.0,False,635097.9375,26792.46209823755,72546.22769726162
2019-01-12 22:57:00,638117.0,707712.9819359919,707713.0,0.0,69596.0,69596.0,False,635417.75,26699.765418698273,72295.23193599193
2019-01-12 22:58:00,603324.0,697637.1710016521,697638.0,0.0,94314.0,94314.0,False,629381.0,25208.076733693684,68256.17100165211
2019-01-12 22:59:00,615495.0,691161.0913675696,691162.0,0.0,75667.0,75667.0,False,621809.0,25612.81734941613,69352.09136756959
2019-01-12 23:00:00,733233.0,715026.5898602777,715027.0,18206.0,0.0,182060.0,False,645281.6875,25757.888622836723,69744.90236027766
2019-01-12 23:01:00,685712.0,733200.8414266906,733201.0,0.0,47489.0,47489.0,False,665000.5625,25187.43491195418,68200.27892669052
2019-01-12 23:02:00,671046.0,718094.8883670097,718095.0,0.0,47049.0,47049.0,False,650173.9375,25084.274669312716,67920.9508670097
2019-01-12 23:03:00,679353.0,717311.7352434589,717312.0,0.0,37959.0,37959.0,False,649372.125,25091.165870304954,67939.61024345885
2019-01-12 23:04:00,640617.0,721053.0459568907,721054.0,0.0,80437.0,80437.0,False,652918.875,25163.020199687613,68134.17095689068
2019-01-12 23:05:00,665119.0,718921.9401692915,718922.0,0.0,53803.0,53803.0,False,650333.125,25330.92745297392,68588.81516929144
2019-01-12 23:06:00,700875.0,744308.9650152212,744309.0,0.0,43434.0,43434.0,False,676971.625,24868.73800913077,67337.3400152211
2019-01-12 23:07:00,717459.0,767915.1460416827,767916.0,0.0,50457.0,50457.0,False,701315.9375,24596.134454734776,66599.20854168266
2019-01-12 23:08:00,721501.0,786861.6602139825,786862.0,0.0,65361.0,65361.0,False,720279.875,24589.69974597251,66581.78521398245
2019-01-12 23:09:00,736328.0,774523.4282672523,774524.0,0.0,38196.0,38196.0,False,707786.6875,24646.927267232728,66736.7407672523
2019-01-12 23:10:00,747804.0,790084.9799069336,790085.0,0.0,42281.0,42281.0,False,723232.0,24689.856208448546,66852.97990693367
2019-01-12 23:11:00,662692.0,759659.7843664408,759660.0,0.0,96968.0,96968.0,False,692784.4375,24698.116678136226,66875.34686644084
2019-01-12 23:12:00,672222.0,705177.083436939,705178.0,0.0,32956.0,32956.0,False,636559.5625,25341.528944134967,68617.52093693906
2019-01-12 23:13:00,637289.0,714691.3907755712,714692.0,0.0,77403.0,77403.0,False,646734.5625,25097.524760180015,67956.82827557126
2019-01-12 23:14:00,644037.0,692728.1823372273,692729.0,0.0,48692.0,48692.0,False,624257.375,25287.345305862593,68470.80733722729
2019-01-12 23:15:00,646305.0,704639.111999986,704640.0,0.0,58335.0,58335.0,False,636146.0625,25295.559686149627,68493.04949998598
2019-01-12 23:16:00,622041.0,704079.6964440839,704080.0,0.0,82039.0,82039.0,False,635727.6875,25243.471192119472,68352.00894408397
2019-01-12 23:17:00,627165.0,690494.9872079904,690495.0,0.0,63330.0,63330.0,False,621493.6875,25483.26447613822,69001.29970799039
2019-01-12 23:18:00,625591.0,685784.2386499569,685785.0,0.0,60194.0,60194.0,False,616777.3125,25485.34240958726,69006.92614995682
2019-01-12 23:19:00,634341.0,689290.7197336082,689291.0,0.0,54950.0,54950.0,False,620275.5,25488.40536038004,69015.2197336082
2019-01-12 23:20:00,638871.0,699091.5532467779,699092.0,0.0,60221.0,60221.0,False,630778.0,25229.268898695835,68313.55324677788
2019-01-12 23:21:00,607852.0,689065.5117471037,689066.0,0.0,81214.0,81214.0,False,620836.125,25198.184887520612,68229.3867471037
2019-01-12 23:22:00,616937.0,699763.3219351398,699764.0,0.0,82827.0,82827.0,False,631329.375,25273.732180036437,68433.94693513977
2019-01-12 23:23:00,616686.0,675876.27923586,675877.0,0.0,59191.0,59191.0,False,607866.0,25117.265039903792,68010.27923585994
2019-01-12 23:24:00,613361.0,681723.4560624263,681724.0,0.0,68363.0,68363.0,False,614372.9375,24873.605053741016,67350.51856242638
2019-01-12 23:25:00,609458.0,696180.8251216561,696181.0,0.0,86723.0,86723.0,False,630257.5625,24346.49700262154,65923.26262165606
2019-01-12 23:26:00,617303.0,665555.8027156052,665556.0,0.0,48253.0,48253.0,False,598776.5625,24662.622981473658,66779.24021560528
2019-01-12 23:27:00,599956.0,669747.5737730836,669748.0,0.0,69792.0,69792.0,False,606434.3125,23382.582483181734,63313.26127308358
2019-01-12 23:28:00,609875.0,660567.6252151296,660568.0,0.0,50693.0,50693.0,False,597573.75,23264.628192186086,62993.87521512954
2019-01-12 23:29:00,615107.0,667211.5432141343,667212.0,0.0,52105.0,52105.0,False,604846.25,23032.48297979023,62365.29321413431
2019-01-12 23:30:00,697804.0,700282.6158472961,700283.0,0.0,2479.0,2479.0,False,637924.25,23029.924594339398,62358.365847296096
2019-01-12 23:31:00,628889.0,695037.4870226333,695038.0,0.0,66149.0,66149.0,False,637821.3125,21130.83251827941,57216.17452263333
2019-01-12 23:32:00,631100.0,671171.1743658269,671172.0,0.0,40072.0,40072.0,False,613549.75,21280.49765468582,57621.424365826926
2019-01-12 23:33:00,639881.0,675020.5803701802,675021.0,0.0,35140.0,35140.0,False,617829.8125,21121.449442211902,57190.76787018018
2019-01-12 23:34:00,623448.0,673355.2493831601,673356.0,0.0,49908.0,49908.0,False,616020.25,21174.716406843254,57334.999383160175
2019-01-12 23:35:00,623999.0,677970.3209842548,677971.0,0.0,53972.0,53972.0,False,620660.4375,21165.440710630708,57309.88348425478
2019-01-12 23:36:00,616474.0,681505.3438834816,681506.0,0.0,65032.0,65032.0,False,624411.25,21085.746219498298,57094.0938834816
2019-01-12 23:37:00,592615.0,666724.2531922129,666725.0,0.0,74110.0,74110.0,False,609810.0,21019.32822565519,56914.253192212906
2019-01-12 23:38:00,607761.0,646013.9689001737,646014.0,0.0,38253.0,38253.0,False,588366.75,21290.02398163298,57647.218900173684
2019-01-12 23:39:00,593462.0,655023.3666603819,655024.0,0.0,61562.0,61562.0,False,597301.1875,21317.7079838789,57722.17916038195
2019-01-12 23:40:00,649492.0,670943.3675361002,670944.0,0.0,21452.0,21452.0,False,613037.375,21385.593152527927,57905.992536100166
2019-01-12 23:41:00,598444.0,668336.9833575725,668337.0,0.0,69893.0,69893.0,False,610819.9375,21241.9490310696,57517.045857572455
2019-01-12 23:42:00,587116.0,650502.5926757802,650503.0,0.0,63387.0,63387.0,False,592502.1875,21420.46122424596,58000.40517578016
2019-01-12 23:43:00,598316.0,650926.8443543697,650927.0,0.0,52611.0,52611.0,False,592871.875,21440.6126329847,58054.96935436968
2019-01-12 23:44:00,626882.0,645384.5344255428,645385.0,0.0,18503.0,18503.0,False,587339.3125,21437.012754318504,58045.22192554277
2019-01-12 23:45:00,631070.0,682876.0464314986,682877.0,0.0,51807.0,51807.0,False,623878.8125,21788.60575089829,58997.23393149863
2019-01-12 23:46:00,622787.0,663581.3463263618,663582.0,0.0,40795.0,40795.0,False,604678.0625,21753.908500456702,58903.28382636179
2019-01-12 23:47:00,616871.0,661013.2408137906,661014.0,0.0,44143.0,44143.0,False,602774.0625,21508.64389691252,58239.17831379057
2019-01-12 23:48:00,618972.0,659396.7918081689,659397.0,0.0,40425.0,40425.0,False,601688.0625,21312.74074206518,57708.729308168884
2019-01-12 23:49:00,623293.0,661317.8719205831,661318.0,0.0,38025.0,38025.0,False,603611.0,21312.05477963718,57706.871920583115
2019-01-12 23:50:00,634622.0,684165.9546024989,684166.0,0.0,49544.0,49544.0,False,627118.9375,21068.36002437525,57047.01710249892
2019-01-12 23:51:00,625776.0,668361.7272415324,668362.0,0.0,42586.0,42586.0,False,612255.25,20721.00387124781,56106.47724153235
2019-01-12 23:52:00,600714.0,661648.5884747099,661649.0,0.0,60935.0,60935.0,False,607237.0,20095.05481108001,54411.58847470986
2019-01-12 23:53:00,602961.0,650582.4487466915,650583.0,0.0,47622.0,47622.0,False,596005.0,20156.309616350023,54577.44874669144
2019-01-12 23:54:00,606194.0,651203.8861064253,651204.0,0.0,45010.0,45010.0,False,596707.4375,20126.39499146988,54496.44860642528
2019-01-12 23:55:00,622042.0,663375.1630367822,663376.0,0.0,41334.0,41334.0,False,609124.4375,20035.64559981922,54250.725536782134
2019-01-12 23:56:00,627210.0,653904.3938971916,653905.0,0.0,26695.0,26695.0,False,601007.5,19535.654297135778,52896.89389719162
2019-01-12 23:57:00,608978.0,654868.2068009953,654869.0,0.0,45891.0,45891.0,False,601663.6875,19649.26519371138,53204.51930099525
2019-01-12 23:58:00,596954.0,651343.2685955071,651344.0,0.0,54390.0,54390.0,False,598187.125,19631.39928535327,53156.14359550713
2019-01-12 23:59:00,596724.0,645013.4071760458,645014.0,0.0,48290.0,48290.0,False,593213.25,19130.612188596842,51800.15717604581
2019-01-13 00:00:00,762610.0,682314.6510666048,682315.0,80295.0,0.0,802950.0,False,630781.8125,19031.887224681548,51532.83856660476
2019-01-13 00:01:00,704794.0,765795.7017640512,765796.0,0.0,61002.0,61002.0,False,704796.875,22527.82544301045,60998.82676405119
2019-01-13 00:02:00,714897.0,725812.092136301,725813.0,0.0,10916.0,10916.0,False,664797.125,22533.786336160654,61014.96713630098
2019-01-13 00:03:00,706977.0,742549.4204098459,742550.0,0.0,35573.0,35573.0,False,680107.0,23060.96726537526,62442.42040984588
2019-01-13 00:04:00,688870.0,719624.7555778917,719625.0,0.0,30755.0,30755.0,False,657288.3125,23021.828171038036,62336.44307789177
2019-01-13 00:05:00,690015.0,744295.3572183163,744296.0,0.0,54281.0,54281.0,False,682108.0625,22966.74533768084,62187.29471831625
2019-01-13 00:06:00,732496.0,765008.241565515,765009.0,0.0,32513.0,32513.0,False,702816.4375,22968.410710474825,62191.804065515105
2019-01-13 00:07:00,795773.0,794893.673438136,794894.0,879.0,0.0,8790.0,True,732530.5,23031.70011319752,62363.17343813601
2019-01-13 00:08:00,773262.0,848008.3300509694,848009.0,0.0,74747.0,74747.0,False,783149.6875,23953.316077874817,64858.64255096938
2019-01-13 00:09:00,775581.0,809287.8412051728,809288.0,0.0,33707.0,33707.0,False,744079.6875,24082.396040391744,65208.15370517282
2019-01-13 00:10:00,705599.0,823280.635568543,823281.0,0.0,117682.0,117682.0,False,757974.5,24118.582282516087,65306.135568543024
2019-01-13 00:11:00,656762.0,752168.526741452,752169.0,0.0,95407.0,95407.0,False,683271.1875,25444.87024189812,68897.339241452
2019-01-13 00:12:00,640359.0,712295.5091063593,712296.0,0.0,71937.0,71937.0,False,643649.125,25352.18856624452,68646.38410635928
2019-01-13 00:13:00,638837.0,702287.6604568625,702288.0,0.0,63451.0,63451.0,False,634014.3125,25214.42045322324,68273.34795686255
2019-01-13 00:14:00,645006.0,698597.0012221296,698598.0,0.0,53592.0,53592.0,False,630654.5625,25092.210471933253,67942.43872212952
2019-01-13 00:15:00,658128.0,704855.1562512731,704856.0,0.0,46728.0,46728.0,False,636975.0,25069.208576551908,67880.15625127316
2019-01-13 00:16:00,652154.0,709310.2244587395,709311.0,0.0,57157.0,57157.0,False,641332.75,25105.14972012027,67977.4744587395
2019-01-13 00:17:00,657426.0,711573.4621742099,711574.0,0.0,54148.0,54148.0,False,644147.3125,24901.53681201744,67426.14967420985
2019-01-13 00:18:00,663215.0,712300.0656250233,712301.0,0.0,49086.0,49086.0,False,644899.0625,24892.249796174347,67401.00312502334
2019-01-13 00:19:00,655440.0,726722.8267272918,726723.0,0.0,71283.0,71283.0,False,659285.25,24905.75700231971,67437.57672729186
2019-01-13 00:20:00,673090.0,746365.3401120731,746366.0,0.0,73276.0,73276.0,False,678724.875,24980.686871617785,67640.46511207311
2019-01-13 00:21:00,647584.0,728425.6320245545,728426.0,0.0,80842.0,80842.0,False,660540.625,25071.000043364387,67885.0070245546
2019-01-13 00:22:00,626276.0,701615.8832927861,701616.0,0.0,75340.0,75340.0,False,633732.0625,25070.561949328272,67883.82079278612
2019-01-13 00:23:00,635502.0,687886.694485876,687887.0,0.0,52385.0,52385.0,False,620277.8125,24969.02272672096,67608.88198587604
2019-01-13 00:24:00,647512.0,689851.4556315,689852.0,0.0,42340.0,42340.0,False,622232.625,24972.696917912825,67618.83063149998
2019-01-13 00:25:00,630537.0,700608.145355639,700609.0,0.0,70072.0,70072.0,False,632956.125,24984.95440468056,67652.0203556391
2019-01-13 00:26:00,620960.0,685191.9632680537,685192.0,0.0,64232.0,64232.0,False,618321.875,24696.174595102435,66870.08826805373
2019-01-13 00:27:00,615458.0,682661.6215073831,682662.0,0.0,67204.0,67204.0,False,615755.375,24709.528401186086,66906.24650738305
2019-01-13 00:28:00,615722.0,680086.1749321389,680087.0,0.0,64365.0,64365.0,False,613351.0,24646.348979715083,66735.17493213883
2019-01-13 00:29:00,625878.0,678003.2007239194,678004.0,0.0,52126.0,52126.0,False,611188.4375,24675.74218675946,66814.76322391939
2019-01-13 00:30:00,716021.0,711863.0966588735,711864.0,4157.0,0.0,41570.0,False,645041.8125,24678.15047052758,66821.28415887344
2019-01-13 00:31:00,650813.0,716715.3568076803,716716.0,0.0,65903.0,65903.0,False,648814.25,25076.945946313164,67901.1068076804
2019-01-13 00:32:00,659764.0,703186.1269351421,703187.0,0.0,43423.0,43423.0,False,635589.625,24964.450579407574,67596.50193514214
2019-01-13 00:33:00,639213.0,710455.2444736577,710456.0,0.0,71243.0,71243.0,False,642754.25,25003.041316191422,67700.99447365767
2019-01-13 00:34:00,643058.0,691976.3495353316,691977.0,0.0,48919.0,48919.0,False,624150.0,25049.336910674087,67826.34953533154
2019-01-13 00:35:00,645674.0,712353.0883688519,712354.0,0.0,66680.0,66680.0,False,644499.5625,25059.37355777381,67853.52586885192
2019-01-13 00:36:00,632499.0,715143.0333464083,715144.0,0.0,82645.0,82645.0,False,647251.8125,25073.294905437655,67891.22084640832
2019-01-13 00:37:00,610466.0,692491.0536847312,692492.0,0.0,82026.0,82026.0,False,624315.8125,25178.18808033025,68175.24118473129
2019-01-13 00:38:00,626408.0,669108.4963265234,669109.0,0.0,42701.0,42701.0,False,601097.4375,25117.552954988605,68011.05882652331
2019-01-13 00:39:00,607638.0,682278.1501656784,682279.0,0.0,74641.0,74641.0,False,614156.125,25158.53456809741,68122.02516567838
2019-01-13 00:40:00,631218.0,688704.6348844385,688705.0,0.0,57487.0,57487.0,False,620500.4375,25188.88205998694,68204.19738443849
2019-01-13 00:41:00,605321.0,682325.1643625782,682326.0,0.0,77005.0,77005.0,False,614671.5,24985.56156228205,67653.66436257823
2019-01-13 00:42:00,604872.0,677968.694323966,677969.0,0.0,73097.0,73097.0,False,610437.375,24940.377616624624,67531.31932396605
2019-01-13 00:43:00,602343.0,665372.8327004868,665373.0,0.0,63030.0,63030.0,False,597836.0,24942.4137932275,67536.83270048675
2019-01-13 00:44:00,598522.0,663575.7407583559,663576.0,0.0,65054.0,65054.0,False,596027.8125,24946.511557137565,67547.92825835593
2019-01-13 00:45:00,630849.0,683402.7598190194,683403.0,0.0,52554.0,52554.0,False,616515.875,24702.377825365555,66886.88481901934
2019-01-13 00:46:00,630230.0,673161.6906719909,673162.0,0.0,42932.0,42932.0,False,606277.3125,24701.45208122094,66884.37817199084
2019-01-13 00:47:00,611907.0,677200.5308459247,677201.0,0.0,65294.0,65294.0,False,610209.8125,24740.725178804118,66990.7183459248
2019-01-13 00:48:00,603617.0,671555.2907843356,671556.0,0.0,67939.0,67939.0,False,604494.25,24766.69636056755,67061.04078433561
2019-01-13 00:49:00,602502.0,663680.867596121,663681.0,0.0,61179.0,61179.0,False,596535.5,24797.839577525083,67145.36759612104
2019-01-13 00:50:00,623397.0,687712.2673115991,687713.0,0.0,64316.0,64316.0,False,620625.25,24776.28990035927,67087.01731159916
2019-01-13 00:51:00,596512.0,669833.7839601955,669834.0,0.0,73322.0,73322.0,False,602702.0,24792.822927283665,67131.78396019549
2019-01-13 00:52:00,606395.0,652419.2020536262,652420.0,0.0,46025.0,46025.0,False,585055.875,24878.335430852254,67363.32705362616
2019-01-13 00:53:00,594052.0,656228.9200176154,656229.0,0.0,62177.0,62177.0,False,589006.75,24826.203918887237,67222.17001761544
2019-01-13 00:54:00,596465.0,654409.62343059,654410.0,0.0,57945.0,57945.0,False,587172.125,24831.864942715554,67237.49843059007
2019-01-13 00:55:00,613178.0,666795.7279162894,666796.0,0.0,53618.0,53618.0,False,599557.875,24831.995859855768,67237.85291628938
2019-01-13 00:56:00,593663.0,660852.7019628963,660853.0,0.0,67190.0,67190.0,False,593611.1875,24833.34812656626,67241.5144628963
2019-01-13 00:57:00,606809.0,656795.0511584829,656796.0,0.0,49987.0,49987.0,False,589693.3125,24781.726725138946,67101.73865848286
2019-01-13 00:58:00,593128.0,655386.0091073568,655387.0,0.0,62259.0,62259.0,False,588245.6875,24795.97601456658,67140.32160735673
2019-01-13 00:59:00,582378.0,654980.7638538282,654981.0,0.0,72603.0,72603.0,False,587933.5625,24761.5852413667,67047.20135382813
2019-01-13 01:00:00,685387.0,684435.4829508038,684436.0,951.0,0.0,9510.0,False,617203.75,24829.73566041442,67231.73295080387
2019-01-13 01:01:00,624658.0,680089.4582159037,680090.0,0.0,55432.0,55432.0,False,624293.25,20606.416643582415,55796.208215903745
2019-01-13 01:02:00,618457.0,661090.7103155982,661091.0,0.0,42634.0,42634.0,False,605301.625,20603.786044548906,55789.085315598226
2019-01-13 01:03:00,632179.0,660410.5234521786,660411.0,0.0,28232.0,28232.0,False,606506.75,19907.510741926435,53903.77345217854
2019-01-13 01:04:00,618712.0,664325.0538120746,664326.0,0.0,45614.0,45614.0,False,610469.8125,19889.587059806032,53855.241312074635
2019-01-13 01:05:00,628398.0,676868.3667752929,676869.0,0.0,48471.0,48471.0,False,623636.9375,19659.203470163797,53231.42927529294
2019-01-13 01:06:00,623492.0,697424.7496585208,697425.0,0.0,73933.0,73933.0,False,644181.4375,19663.592005703234,53243.31215852085
2019-01-13 01:07:00,639352.0,690428.5492867312,690429.0,0.0,51077.0,51077.0,False,636835.125,19792.8939173664,53593.424286731126
2019-01-13 01:08:00,629820.0,690380.3191837065,690381.0,0.0,60561.0,60561.0,False,640557.0,18400.534848047464,49823.31918370652
2019-01-13 01:09:00,630155.0,683041.2334606632,683042.0,0.0,52887.0,52887.0,False,633183.75,18413.15225248781,49857.48346066328
2019-01-13 01:10:00,657495.0,705299.2142813193,705300.0,0.0,47805.0,47805.0,False,656160.875,18147.561004261257,49138.33928131924
2019-01-13 01:11:00,652311.0,678104.7574989944,678105.0,0.0,25794.0,25794.0,False,633368.1875,16521.918425655782,44736.56999899433
2019-01-13 01:12:00,638473.0,675295.4414923001,675296.0,0.0,36823.0,36823.0,False,631890.875,16029.988595523871,43404.566492300095
2019-01-13 01:13:00,634612.0,669667.1755672036,669668.0,0.0,35056.0,35056.0,False,626418.5625,15972.392544514476,43248.61306720351
2019-01-13 01:14:00,628107.0,664837.2720520223,664838.0,0.0,36731.0,36731.0,False,621596.75,15969.404405441483,43240.522052022236
2019-01-13 01:15:00,654785.0,667904.5412827858,667905.0,0.0,13120.0,13120.0,False,624733.0,15943.928723191177,43171.54128278582
2019-01-13 01:16:00,651149.0,671772.5120347935,671773.0,0.0,20624.0,20624.0,False,628143.125,16113.01835537296,43629.387034793544
2019-01-13 01:17:00,653240.0,672155.1105731549,672156.0,0.0,18916.0,18916.0,False,628205.8125,16231.166529884147,43949.298073154896
2019-01-13 01:18:00,658463.0,678403.5251896488,678404.0,0.0,19941.0,19941.0,False,634081.5,16368.82051216042,44322.02518964884
2019-01-13 01:19:00,644218.0,679991.0155585497,679992.0,0.0,35774.0,35774.0,False,635443.875,16451.959156035526,44547.140558549625
2019-01-13 01:20:00,653903.0,690280.5638792575,690281.0,0.0,36378.0,36378.0,False,645925.75,16380.929890572988,44354.81387925748
2019-01-13 01:21:00,619759.0,688476.0431963478,688477.0,0.0,68718.0,68718.0,False,644386.625,16282.915093648373,44089.41819634778
2019-01-13 01:22:00,635396.0,656967.5386582608,656968.0,0.0,21572.0,21572.0,False,612012.125,16602.74082859042,44955.41365826079
2019-01-13 01:23:00,618691.0,662619.4626755685,662620.0,0.0,43929.0,43929.0,False,617700.875,16589.140414387894,44918.587675568495
2019-01-13 01:24:00,578910.0,652866.3999102382,652867.0,0.0,73957.0,73957.0,False,607931.0,16595.349436889457,44935.399910238244
2019-01-13 01:25:00,594066.0,635485.0996524043,635486.0,0.0,41420.0,41420.0,False,589119.3125,17123.61392682909,46365.787152404366
2019-01-13 01:26:00,600920.0,634170.2785423385,634171.0,0.0,33251.0,33251.0,False,587927.25,17078.27724273372,46243.028542338514
2019-01-13 01:27:00,578136.0,640796.1399873587,640797.0,0.0,62661.0,62661.0,False,594550.6875,17079.172443726846,46245.45248735872
2019-01-13 01:28:00,595878.0,630605.5472098858,630606.0,0.0,34728.0,34728.0,False,583682.1875,17329.5342356793,46923.359709885764
2019-01-13 01:29:00,576898.0,628798.7086949283,628799.0,0.0,51901.0,51901.0,False,581884.125,17326.293115422806,46914.58369492828
2019-01-13 01:30:00,661329.0,653339.7449810343,653340.0,7989.0,0.0,79890.0,False,606287.375,17377.179756469915,47052.3699810343
2019-01-13 01:31:00,606852.0,661575.7879097402,661576.0,0.0,54724.0,54724.0,False,616891.0,16502.794486234725,44684.78790974021
2019-01-13 01:32:00,606977.0,637858.749580321,637859.0,0.0,30882.0,30882.0,False,592812.1875,16636.403373437726,45046.56208032098
2019-01-13 01:33:00,605835.0,643329.9640051294,643330.0,0.0,37495.0,37495.0,False,598619.6875,16512.207825116406,44710.27650512939
2019-01-13 01:34:00,594342.0,630356.735288653,630357.0,0.0,36015.0,36015.0,False,585793.6875,16457.833946126808,44563.047788653115
2019-01-13 01:35:00,614620.0,646136.1377183875,646137.0,0.0,31517.0,31517.0,False,601769.1875,16385.412031360665,44366.95021838757
2019-01-13 01:36:00,607178.0,655628.7047087721,655629.0,0.0,48451.0,48451.0,False,611256.5625,16387.32951501225,44372.14220877216
2019-01-13 01:37:00,604113.0,644339.0806425085,644340.0,0.0,40227.0,40227.0,False,600453.25,16207.727010228318,43885.830642508496
2019-01-13 01:38:00,584654.0,630818.2454892813,630819.0,0.0,46165.0,46165.0,False,587539.5625,15983.497839346986,43278.68298928124
2019-01-13 01:39:00,579568.0,625465.6522504461,625466.0,0.0,45898.0,45898.0,False,582508.9375,15864.58990836779,42956.71475044609
2019-01-13 01:40:00,601653.0,652330.041131221,652331.0,0.0,50678.0,50678.0,False,609492.625,15820.531053270608,42837.416131220976
2019-01-13 01:41:00,567176.0,630677.4427267545,630678.0,0.0,63502.0,63502.0,False,587554.375,15926.026677089516,43123.06772675443
2019-01-13 01:42:00,571170.0,611752.5656336471,611753.0,0.0,40583.0,40583.0,False,567963.6875,16171.920924902488,43788.8781336472
2019-01-13 01:43:00,572672.0,608351.1464211838,608352.0,0.0,35680.0,35680.0,False,564752.8125,16101.54995245484,43598.33392118378
2019-01-13 01:44:00,560298.0,608264.0282417991,608265.0,0.0,47967.0,47967.0,False,564670.25,16099.867468456434,43593.77824179912
2019-01-13 01:45:00,610744.0,624452.0536646703,624453.0,0.0,13709.0,13709.0,False,580712.25,16153.796952205494,43739.80366467029
2019-01-13 01:46:00,585700.0,622270.1460298393,622271.0,0.0,36571.0,36571.0,False,577858.0,16402.103554872712,44412.14602983928
2019-01-13 01:47:00,578744.0,620186.572992868,620187.0,0.0,41443.0,41443.0,False,576182.625,16251.349604167448,44003.94799286808
2019-01-13 01:48:00,580815.0,611867.2714681409,611868.0,0.0,31053.0,31053.0,False,567874.0625,16247.38351355037,43993.20896814092
2019-01-13 01:49:00,558552.0,608966.55404178,608967.0,0.0,50415.0,50415.0,False,565000.0,16237.539430309555,43966.5540417799
2019-01-13 01:50:00,596514.0,623156.0562650019,623157.0,0.0,26643.0,26643.0,False,578949.375,16326.22218792692,44206.6812650019
2019-01-13 01:51:00,570470.0,618781.5449493417,618782.0,0.0,48312.0,48312.0,False,574435.625,16377.64522246911,44345.91994934167
2019-01-13 01:52:00,581234.0,601809.4474835935,601810.0,0.0,20576.0,20576.0,False,557537.0,16350.510686100986,44272.44748359351
2019-01-13 01:53:00,569687.0,612646.7899596927,612647.0,0.0,42960.0,42960.0,False,568273.0625,16387.914973092633,44373.72745969277
2019-01-13 01:54:00,571309.0,602991.0604853117,602992.0,0.0,31683.0,31683.0,False,558580.375,16401.564152823288,44410.685485311704
2019-01-13 01:55:00,592011.0,640652.9142425094,640653.0,0.0,48642.0,48642.0,False,596203.625,16415.821127091942,44449.28924250936
2019-01-13 01:56:00,583745.0,611728.2306099872,611729.0,0.0,27984.0,27984.0,False,567176.625,16453.60816970867,44551.60560998719
2019-01-13 01:57:00,563935.0,615551.6985978378,615552.0,0.0,51617.0,51617.0,False,570931.5,16478.94063819846,44620.198597837865
2019-01-13 01:58:00,576528.0,600582.1486007188,600583.0,0.0,24055.0,24055.0,False,555851.6875,16519.662313509027,44730.46110071881
2019-01-13 01:59:00,584116.0,606256.6185763692,606257.0,0.0,22141.0,22141.0,False,561263.0,16616.85050531488,44993.618576369256
2019-01-13 02:00:00,674300.0,647654.8573880042,647655.0,26645.0,0.0,266450.0,False,602536.5625,16662.895426740237,45118.294888004166
2019-01-13 02:01:00,623178.0,658705.4217662804,658706.0,0.0,35528.0,35528.0,False,612983.4375,16885.847402328418,45721.9842662804
2019-01-13 02:02:00,609006.0,640747.1397511689,640748.0,0.0,31742.0,31742.0,False,595081.125,16865.176980724413,45666.01475116886
2019-01-13 02:03:00,622443.0,641946.1433674679,641947.0,0.0,19504.0,19504.0,False,596267.6875,16869.771680510763,45678.45586746788
2019-01-13 02:04:00,606621.0,641430.6699580833,641431.0,0.0,34810.0,34810.0,False,595727.4375,16878.922064838924,45703.23245808334
2019-01-13 02:05:00,616410.0,659989.0851819965,659990.0,0.0,43580.0,43580.0,False,614271.4375,16884.24583359423,45717.64768199646
2019-01-13 02:06:00,605972.0,680543.4562605714,680544.0,0.0,74572.0,74572.0,False,634797.1875,16894.816047749668,45746.26876057138
2019-01-13 02:07:00,711288.0,672505.426943223,672506.0,38782.0,0.0,387820.0,False,626064.625,17151.31806808647,46440.801943222985
2019-01-13 02:08:00,709972.0,745808.8141026751,745809.0,0.0,35837.0,35837.0,False,692139.0625,19821.082794781516,53669.75160267503
2019-01-13 02:09:00,682465.0,722814.113349901,722815.0,0.0,40350.0,40350.0,False,669499.75,19689.83232739207,53314.36334990101
2019-01-13 02:10:00,666323.0,724074.0786291118,724075.0,0.0,57752.0,57752.0,False,670921.125,19630.221180626733,53152.95362911176
2019-01-13 02:11:00,635048.0,698084.2295304573,698085.0,0.0,63037.0,63037.0,False,644780.375,19685.951255204323,53303.85453045734
2019-01-13 02:12:00,657567.0,671525.5670812395,671526.0,0.0,13959.0,13959.0,False,617923.125,19796.22433061109,53602.442081239504
2019-01-13 02:13:00,626909.0,705404.297267377,705405.0,0.0,78496.0,78496.0,False,650763.0625,20179.866796314607,54641.234767377035
2019-01-13 02:14:00,613044.0,665202.4214441961,665203.0,0.0,52159.0,52159.0,False,609353.625,20625.838302820397,55848.79644419613
2019-01-13 02:15:00,607517.0,659825.3874893402,659826.0,0.0,52309.0,52309.0,False,603953.0625,20634.527764340415,55872.32498934015
2019-01-13 02:16:00,594893.0,658810.0941811968,658811.0,0.0,63918.0,63918.0,False,603411.1875,20459.68694242372,55398.906681196706
2019-01-13 02:17:00,586111.0,663182.1340958509,663183.0,0.0,77072.0,77072.0,False,607717.6875,20483.891862996876,55464.4465958509
2019-01-13 02:18:00,584980.0,643262.23125758,643263.0,0.0,58283.0,58283.0,False,587202.75,20703.647515737943,56059.48125757997
2019-01-13 02:19:00,574588.0,646242.6856634653,646243.0,0.0,71655.0,71655.0,False,590424.625,20614.487095921984,55818.06066346528
2019-01-13 02:20:00,597116.0,642908.838694643,642909.0,0.0,45793.0,45793.0,False,586553.0,20813.09697509751,56355.83869464298
2019-01-13 02:21:00,598254.0,641977.1551638619,641978.0,0.0,43724.0,43724.0,False,585604.75,20819.21523255538,56372.405163861884
2019-01-13 02:22:00,576947.0,658221.3800504105,658222.0,0.0,81275.0,81275.0,False,602879.4375,20438.649193618687,55341.94255041053
2019-01-13 02:23:00,560558.0,647214.1853061307,647215.0,0.0,86657.0,86657.0,False,591027.0625,20750.787545760937,56187.12280613064
2019-01-13 02:24:00,563593.0,627440.6394558499,627441.0,0.0,63848.0,63848.0,False,569860.5,21265.25048855604,57580.13945584989
2019-01-13 02:25:00,578624.0,636441.310889253,636442.0,0.0,57818.0,57818.0,False,580004.625,20842.955114742996,56436.68588925301
2019-01-13 02:26:00,579467.0,635885.3908611184,635886.0,0.0,56419.0,56419.0,False,579391.8125,20863.96639878232,56493.5783611184
2019-01-13 02:27:00,570708.0,620280.4404362912,620281.0,0.0,49573.0,49573.0,False,563808.0,20856.159830918685,56472.44043629116
2019-01-13 02:28:00,584006.0,614885.3469153773,614886.0,0.0,30880.0,30880.0,False,558951.3125,20657.318025263463,55934.03441537727
2019-01-13 02:29:00,584998.0,622764.0835670732,622765.0,0.0,37767.0,37767.0,False,566481.125,20786.181198528455,56282.95856707323
2019-01-13 02:30:00,649685.0,644906.7208534151,644907.0,4778.0,0.0,47780.0,False,588608.625,20791.771636287354,56298.09585341509
2019-01-13 02:31:00,619863.0,656439.1534315161,656440.0,0.0,36577.0,36577.0,False,599472.5,21038.680457604834,56966.65343151608
2019-01-13 02:32:00,578550.0,645945.7330912167,645946.0,0.0,67396.0,67396.0,False,589099.5,20994.2073332848,56846.23309121664
2019-01-13 02:33:00,600927.0,624916.1049687404,624917.0,0.0,23990.0,23990.0,False,567791.1875,21097.129853988878,57124.917468740314
2019-01-13 02:34:00,580590.0,636860.8442634945,636861.0,0.0,56271.0,56271.0,False,579014.1875,21363.679519123827,57846.65676349445
2019-01-13 02:35:00,600271.0,638210.9542449191,638211.0,0.0,37940.0,37940.0,False,580332.3125,21375.492075472186,57878.64174491918
2019-01-13 02:36:00,563113.0,652286.1062714647,652287.0,0.0,89174.0,89174.0,False,594270.5625,21426.05214556568,58015.543771464676
2019-01-13 02:37:00,566337.0,625009.2418240566,625010.0,0.0,58673.0,58673.0,False,565602.375,21939.88961632338,59406.86682405659
2019-01-13 02:38:00,559787.0,618583.6037072616,618584.0,0.0,58797.0,58797.0,False,559148.9375,21950.156365464125,59434.666207261624
2019-01-13 02:39:00,562299.0,616219.6894400143,616220.0,0.0,53921.0,53921.0,False,556842.625,21928.883127492256,59377.06444001431
2019-01-13 02:40:00,600955.0,655634.019076984,655635.0,0.0,54680.0,54680.0,False,596354.9375,21892.696516177723,59279.08157698399
2019-01-13 02:41:00,571130.0,633008.5863577456,633009.0,0.0,61879.0,61879.0,False,573953.4375,21809.994643410646,59055.14885774558
2019-01-13 02:42:00,541206.0,623388.967339663,623389.0,0.0,82183.0,82183.0,False,565026.125,21554.314965295667,58362.84233966295
2019-01-13 02:43:00,559743.0,608608.099741983,608609.0,0.0,48866.0,48866.0,False,549259.125,21918.509160523296,59348.974741983024
2019-01-13 02:44:00,574250.0,608748.3871535232,608749.0,0.0,34499.0,34499.0,False,549388.125,21922.677779009417,59360.26215352319
2019-01-13 02:45:00,589076.0,646021.927753783,646022.0,0.0,56946.0,56946.0,False,586486.4375,21987.392270496784,59535.490253782926
2019-01-13 02:46:00,570772.0,628554.520910612,628555.0,0.0,57783.0,57783.0,False,569526.25,21800.068195093292,59028.270910611966
2019-01-13 02:47:00,577843.0,615775.1188844893,615776.0,0.0,37933.0,37933.0,False,556712.5,21812.75344169356,59062.618884489275
2019-01-13 02:48:00,588343.0,622738.6260704687,622739.0,0.0,34396.0,34396.0,False,563496.25,21879.140595720877,59242.37607046867
2019-01-13 02:49:00,571065.0,632841.1902214563,632842.0,0.0,61777.0,61777.0,False,573317.5625,21983.011250865064,59523.627721456345
2019-01-13 02:50:00,576398.0,644255.0006602112,644256.0,0.0,67858.0,67858.0,False,584833.9375,21945.132546389188,59421.06316021115
2019-01-13 02:51:00,575444.0,616275.5615011366,616276.0,0.0,40832.0,40832.0,False,556704.875,22000.390797824213,59570.686501136646
2019-01-13 02:52:00,583331.0,620595.1713483597,620596.0,0.0,37265.0,37265.0,False,561022.25,22001.216162028784,59572.92134835966
2019-01-13 02:53:00,571932.0,627608.3689450697,627609.0,0.0,55677.0,55677.0,False,568079.5625,21984.923834889545,59528.80644506978
2019-01-13 02:54:00,565000.0,619445.6271001863,619446.0,0.0,54446.0,54446.0,False,559941.3125,21975.878611635577,59504.31460018636
2019-01-13 02:55:00,566342.0,632932.3815732865,632933.0,0.0,66591.0,66591.0,False,573450.3125,21967.662988918346,59482.069073286526
2019-01-13 02:56:00,569797.0,612773.7093973493,612774.0,0.0,42977.0,42977.0,False,553213.5625,21996.49835649452,59560.14689734933
2019-01-13 02:57:00,565885.0,628119.4939083218,628120.0,0.0,62235.0,62235.0,False,568559.0625,21996.603430868334,59560.43140832185
2019-01-13 02:58:00,563263.0,628485.8455825615,628486.0,0.0,65223.0,65223.0,False,569034.0625,21956.47789653842,59451.78308256146
2019-01-13 02:59:00,579371.0,615328.1253047286,615329.0,0.0,35958.0,35958.0,False,555888.9375,21951.826262474675,59439.18780472863
2019-01-13 03:00:00,684484.0,633910.8973980258,633911.0,50573.0,0.0,505730.0,False,574450.8125,21959.54388746912,59460.08489802585
2019-01-13 03:01:00,602308.0,685172.6647227561,685173.0,0.0,82865.0,82865.0,False,619468.0625,24265.74228062055,65704.60222275609
2019-01-13 03:02:00,584196.0,652415.4830534235,652416.0,0.0,68220.0,68220.0,False,586158.5,24469.74520315993,66256.98305342346
2019-01-13 03:03:00,570592.0,648430.2889837353,648431.0,0.0,77839.0,77839.0,False,582141.6875,24481.42238642119,66288.60148373524
2019-01-13 03:04:00,577479.0,638381.909954904,638382.0,0.0,60903.0,60903.0,False,572141.9375,24463.46292177099,66239.97245490403
2019-01-13 03:05:00,575308.0,663550.5066505804,663551.0,0.0,88243.0,88243.0,False,597329.625,24456.41238768396,66220.88165058041
2019-01-13 03:06:00,565183.0,653463.7406947528,653464.0,0.0,88281.0,88281.0,False,586535.6875,24717.581953567606,66928.05319475278
2019-01-13 03:07:00,641780.0,645955.8875243074,645956.0,0.0,4176.0,4176.0,False,579451.5,24561.115562715397,66504.38752430737
2019-01-13 03:08:00,653098.0,679983.6541099953,679984.0,0.0,26886.0,26886.0,False,616405.8125,23480.296160014506,63577.84160999533
2019-01-13 03:09:00,661960.0,690052.0210693341,690053.0,0.0,28093.0,28093.0,False,625697.5,23767.136091425557,64354.52106933408
2019-01-13 03:10:00,613251.0,713902.3016719797,713903.0,0.0,100652.0,100652.0,False,648732.0,24068.416689612834,65170.301671979745
2019-01-13 03:11:00,550134.0,661644.5933452091,661645.0,0.0,111511.0,111511.0,False,594983.9375,24618.827909694868,66660.65584520914
2019-01-13 03:12:00,584885.0,617416.2882856637,617417.0,0.0,32532.0,32532.0,False,548680.75,25385.114605898572,68735.53828566366
2019-01-13 03:13:00,685565.0,622839.160476689,622840.0,62725.0,0.0,627250.0,False,554304.5,25310.927273846086,68534.66047668895
2019-01-13 03:14:00,684660.0,727730.0605373944,727731.0,0.0,43071.0,43071.0,False,647164.8125,29754.01234485518,80565.24803739441
2019-01-13 03:15:00,615173.0,721570.7257257226,721571.0,0.0,106398.0,106398.0,False,640360.3125,29992.28198897117,81210.41322572257
2019-01-13 03:16:00,578227.0,663122.0651963586,663123.0,0.0,84896.0,84896.0,False,581101.8125,30291.36843373046,82020.25269635857
2019-01-13 03:17:00,585410.0,659750.5640573947,659751.0,0.0,74341.0,74341.0,False,577843.9375,30249.404514748185,81906.62655739475
2019-01-13 03:18:00,579360.0,654903.5601155354,654904.0,0.0,75544.0,75544.0,False,573657.625,30005.40078117689,81245.93511553544
2019-01-13 03:19:00,551394.0,655643.4130330586,655644.0,0.0,104250.0,104250.0,False,574477.0,29976.03202626901,81166.41303305866
2019-01-13 03:20:00,576327.0,628278.6152223467,628279.0,0.0,51952.0,51952.0,False,546808.6875,30088.124771365885,81469.92772234674
2019-01-13 03:21:00,559157.0,640769.8682848549,640770.0,0.0,81613.0,81613.0,False,558972.8125,30208.93830632452,81797.0557848549
2019-01-13 03:22:00,556611.0,632789.0584500947,632790.0,0.0,76179.0,76179.0,False,550952.0,30223.711919319776,81837.05845009469
2019-01-13 03:23:00,559494.0,636551.3298245511,636552.0,0.0,77058.0,77058.0,False,555608.875,29893.320739914223,80942.45482455111
2019-01-13 03:24:00,553837.0,632508.5751803293,632509.0,0.0,78672.0,78672.0,False,552745.0625,29457.918876610016,79763.51268032925
2019-01-13 03:25:00,562405.0,662555.2980696419,662556.0,0.0,100151.0,100151.0,False,582929.5625,29407.03562418926,79625.73556964197
2019-01-13 03:26:00,569908.0,625560.2355209468,625561.0,0.0,55653.0,55653.0,False,545335.1875,29628.3711318547,80225.0480209468
2019-01-13 03:27:00,556760.0,646897.115258433,646898.0,0.0,90138.0,90138.0,False,566569.3125,29666.320071405382,80327.802758433
2019-01-13 03:28:00,565964.0,632829.6472663445,632830.0,0.0,66866.0,66866.0,False,552220.5,29770.22502007097,80609.14726634449
2019-01-13 03:29:00,539937.0,628358.9488819728,628359.0,0.0,88422.0,88422.0,False,547921.4375,29706.837190369948,80437.51138197281
2019-01-13 03:30:00,610193.0,648409.655775194,648410.0,0.0,38217.0,38217.0,False,567818.5625,29763.557397384397,80591.09327519407
2019-01-13 03:31:00,572476.0,651148.5215391079,651149.0,0.0,78673.0,78673.0,False,571786.625,29309.5957234529,79361.89653910795
2019-01-13 03:32:00,562699.0,628082.3423318387,628083.0,0.0,65384.0,65384.0,False,548785.75,29285.477853321623,79296.59233183872
2019-01-13 03:33:00,566953.0,629394.0134505002,629395.0,0.0,62442.0,62442.0,False,550352.125,29191.41170676039,79041.88845050024
2019-01-13 03:34:00,534505.0,626425.265734991,626426.0,0.0,91921.0,91921.0,False,547803.0625,29036.415360476913,78622.2032349909
2019-01-13 03:35:00,544447.0,623386.4472966155,623387.0,0.0,78940.0,78940.0,False,544439.125,29156.486939833747,78947.32229661546
2019-01-13 03:36:00,561279.0,618447.5708176615,618448.0,0.0,57169.0,57169.0,False,539562.9375,29133.33491462287,78884.6333176615
2019-01-13 03:37:00,557919.0,623758.3836311256,623759.0,0.0,65840.0,65840.0,False,545940.5625,28739.344407039527,77817.82113112562
2019-01-13 03:38:00,548684.0,622112.9119115737,622113.0,0.0,73429.0,73429.0,False,544337.375,28723.728180177604,77775.53691157374
2019-01-13 03:39:00,544562.0,610936.3364433108,610937.0,0.0,66375.0,66375.0,False,533198.0,28709.989462568068,77738.33644331087
2019-01-13 03:40:00,583994.0,649944.8971426629,649945.0,0.0,65951.0,65951.0,False,572211.625,28708.11913674313,77733.27214266293
2019-01-13 03:41:00,562095.0,636722.0979488902,636723.0,0.0,74628.0,74628.0,False,558998.6875,28704.47705823653,77723.41044889016
2019-01-13 03:42:00,553564.0,620169.8801009615,620170.0,0.0,66606.0,66606.0,False,542530.625,28673.397165576207,77639.25510096151
2019-01-13 03:43:00,549794.0,619401.8407658947,619402.0,0.0,69608.0,69608.0,False,542640.125,28349.30809684331,76761.7157658947
2019-01-13 03:44:00,568205.0,611341.7907217464,611342.0,0.0,43137.0,43137.0,False,534575.0,28351.18235780248,76766.79072174644
2019-01-13 03:45:00,576409.0,636517.3532996558,636518.0,0.0,60109.0,60109.0,False,559479.9375,28451.128452490924,77037.41579965584
2019-01-13 03:46:00,564478.0,631039.4316430589,631040.0,0.0,66562.0,66562.0,False,554007.8125,28448.987656103596,77031.61914305894
2019-01-13 03:47:00,562115.0,626288.7157287032,626289.0,0.0,64174.0,64174.0,False,549320.8125,28425.45636750848,76967.90322870319
2019-01-13 03:48:00,578601.0,623265.4028455443,623266.0,0.0,44665.0,44665.0,False,546386.8125,28392.471716026623,76878.59034554433
2019-01-13 03:49:00,569954.0,637087.2048888934,637088.0,0.0,67134.0,67134.0,False,559994.375,28471.59374659003,77092.82988889338
2019-01-13 03:50:00,593605.0,660948.030373903,660949.0,0.0,67344.0,67344.0,False,583981.5,28424.949350653576,76966.53037390293
2019-01-13 03:51:00,561041.0,643065.7445385242,643066.0,0.0,82025.0,82025.0,False,566387.375,28318.52702512204,76678.36953852413
2019-01-13 03:52:00,559153.0,623212.5998660298,623213.0,0.0,64060.0,64060.0,False,546385.5,28373.45547266563,76827.09986602982
2019-01-13 03:53:00,568945.0,624337.1003569706,624338.0,0.0,55393.0,55393.0,False,547620.0,28332.830925106875,76717.10035697052
2019-01-13 03:54:00,577332.0,628254.0127618738,628255.0,0.0,50923.0,50923.0,False,551474.9375,28355.71923154773,76779.0752618738
2019-01-13 03:55:00,564350.0,645349.9443858492,645350.0,0.0,81000.0,81000.0,False,568412.875,28414.068944726732,76937.06938584916
2019-01-13 03:56:00,553468.0,623420.2676688184,623421.0,0.0,69953.0,69953.0,False,546562.875,28384.643080847658,76857.39266881834
2019-01-13 03:57:00,563696.0,624014.5944959586,624015.0,0.0,60319.0,60319.0,False,547171.375,28379.408705350725,76843.2194959587
2019-01-13 03:58:00,547748.0,626739.009978977,626740.0,0.0,78992.0,78992.0,False,550017.3125,28334.5287145169,76721.69747897708
2019-01-13 03:59:00,552437.0,629787.4928721954,629788.0,0.0,77351.0,77351.0,False,553150.125,28303.384465323354,76637.36787219548
2019-01-13 04:00:00,669960.0,653195.922041184,653196.0,16764.0,0.0,167640.0,False,576576.5,28296.756787876056,76619.42204118404
2019-01-13 04:01:00,578573.0,675829.6582514062,675830.0,0.0,97257.0,97257.0,False,601669.5,27388.512018042486,74160.1582514061
2019-01-13 04:02:00,585354.0,638392.5837644644,638393.0,0.0,53039.0,53039.0,False,563934.5,27498.540592512578,74458.0837644644
2019-01-13 04:03:00,592017.0,651041.336316892,651042.0,0.0,59025.0,59025.0,False,576614.25,27487.092747936927,74427.08631689192
2019-01-13 04:04:00,568339.0,652322.778656217,652323.0,0.0,83984.0,83984.0,False,578296.3125,27339.13742604943,74026.46615621702
2019-01-13 04:05:00,585107.0,655048.2512739724,655049.0,0.0,69942.0,69942.0,False,580685.1875,27463.44821659393,74363.06377397239
2019-01-13 04:06:00,583129.0,667464.3964977772,667465.0,0.0,84336.0,84336.0,False,593973.125,27141.481627028883,73491.27149777717
2019-01-13 04:07:00,606753.0,677488.4635343736,677489.0,0.0,70736.0,70736.0,False,604480.1875,26963.103811150406,73008.27603437362
2019-01-13 04:08:00,574277.0,665247.8334573242,665248.0,0.0,90971.0,90971.0,False,594408.75,26161.986899229025,70839.08345732417
2019-01-13 04:09:00,574815.0,636567.3509142483,636568.0,0.0,61753.0,61753.0,False,565553.375,26226.577432357222,71013.97591424824
2019-01-13 04:10:00,588497.0,644799.6824482898,644800.0,0.0,56303.0,56303.0,False,574410.75,25995.739056565635,70388.93244828981
2019-01-13 04:11:00,574414.0,639270.6398615546,639271.0,0.0,64857.0,64857.0,False,570646.625,25343.92725256054,68624.01486155458
2019-01-13 04:12:00,577868.0,641488.747411109,641489.0,0.0,63621.0,63621.0,False,575595.4375,24335.43499584952,65893.30991110898
2019-01-13 04:13:00,584549.0,628384.6856479419,628385.0,0.0,43836.0,43836.0,False,563043.75,24131.434498791194,65340.935647941835
2019-01-13 04:14:00,573266.0,619187.3154711481,619188.0,0.0,45922.0,45922.0,False,569487.6875,18354.853739193855,49699.62797114807
2019-01-13 04:15:00,598517.0,617664.1326431134,617665.0,0.0,19148.0,19148.0,False,569014.5625,17967.050879533403,48649.57014311341
2019-01-13 04:16:00,580848.0,624279.2937640197,624280.0,0.0,43432.0,43432.0,False,576477.9375,17653.792162599813,47801.356264019734
2019-01-13 04:17:00,585995.0,638412.8406140864,638413.0,0.0,52418.0,52418.0,False,590760.75,17598.666012070018,47652.09061408639
2019-01-13 04:18:00,576863.0,620166.1453082659,620167.0,0.0,43304.0,43304.0,False,572282.125,17684.321293371384,47884.02030826595
2019-01-13 04:19:00,583686.0,613047.4069649581,613048.0,0.0,29362.0,29362.0,False,565153.375,17688.018755541074,47894.03196495808
2019-01-13 04:20:00,587103.0,632595.0853878504,632596.0,0.0,45493.0,45493.0,False,585911.125,17241.120303410575,46683.96038785036
2019-01-13 04:21:00,596661.0,615631.2966299942,615632.0,0.0,18971.0,18971.0,False,569414.3125,17068.658631914725,46216.98412999419
2019-01-13 04:22:00,576193.0,625336.3159412361,625337.0,0.0,49144.0,49144.0,False,578788.6875,17190.77077279564,46547.62844123611
2019-01-13 04:23:00,565917.0,612808.0640437476,612809.0,0.0,46892.0,46892.0,False,566093.8125,17252.307303369762,46714.251543747596
2019-01-13 04:24:00,576604.0,607356.8905492929,607357.0,0.0,30753.0,30753.0,False,560565.375,17280.842114976633,46791.5155492929
2019-01-13 04:25:00,578691.0,628858.9120917731,628859.0,0.0,50168.0,50168.0,False,582093.0625,17271.363273472507,46765.84959177309
2019-01-13 04:26:00,563611.0,616084.4862949549,616085.0,0.0,52474.0,52474.0,False,570288.5,16913.177514608367,45795.98629495485
2019-01-13 04:27:00,564166.0,599169.3066388131,599170.0,0.0,35004.0,35004.0,False,553337.9375,16926.244954957674,45831.36913881314
2019-01-13 04:28:00,577151.0,597793.507867874,597794.0,0.0,20643.0,20643.0,False,552447.5,16746.993409172886,45346.007867874
2019-01-13 04:29:00,588006.0,608034.9619004895,608035.0,0.0,20029.0,20029.0,False,562404.0625,16852.20832981027,45630.89940048948
2019-01-13 04:30:00,649967.0,626765.0632026345,626766.0,23201.0,0.0,232010.0,False,581234.0625,16815.314170583795,45531.0007026345
2019-01-13 04:31:00,606452.0,646629.3831838706,646630.0,0.0,40178.0,40178.0,False,598010.1875,17955.833114339406,48619.195683870574
2019-01-13 04:32:00,608338.0,632686.8591140067,632687.0,0.0,24349.0,24349.0,False,584187.375,17911.621750080987,48499.484114006715
2019-01-13 04:33:00,617334.0,638829.8271272507,638830.0,0.0,21496.0,21496.0,False,590119.8125,17989.37397753176,48710.01462725074
2019-01-13 04:34:00,608066.0,636065.5088403915,636066.0,0.0,28000.0,28000.0,False,587066.625,18096.057918104372,48998.883840391514
2019-01-13 04:35:00,608997.0,650272.5514254692,650273.0,0.0,41276.0,41276.0,False,601923.6875,17855.995347155385,48348.86392546922
2019-01-13 04:36:00,591414.0,649645.3920568626,649646.0,0.0,58232.0,58232.0,False,601443.25,17801.808655050198,48202.142056862634
2019-01-13 04:37:00,583633.0,632230.4668686271,632231.0,0.0,48598.0,48598.0,False,583572.125,17970.290415630912,48658.34186862716
2019-01-13 04:38:00,570710.0,624124.9558813456,624125.0,0.0,53415.0,53415.0,False,575312.5625,18027.184060506646,48812.39338134549
2019-01-13 04:39:00,591377.0,619006.338072997,619007.0,0.0,27630.0,27630.0,False,569945.25,18119.03091887003,49061.08807299709
2019-01-13 04:40:00,618459.0,667345.7414992857,667346.0,0.0,48887.0,48887.0,False,618149.75,18168.852874476615,49195.99149928563
2019-01-13 04:41:00,596596.0,638913.0011185945,638914.0,0.0,42318.0,42318.0,False,589576.0625,18220.9068609044,49336.93861859456
2019-01-13 04:42:00,615202.0,634430.22342077,634431.0,0.0,19229.0,19229.0,False,585150.4375,18199.79947132839,49279.785920770024
2019-01-13 04:43:00,612304.0,649413.9350343205,649414.0,0.0,37110.0,37110.0,False,599692.125,18363.045923759062,49721.810034320406
2019-01-13 04:44:00,592835.0,652275.13057694,652276.0,0.0,59441.0,59441.0,False,602572.75,18355.870319775564,49702.38057694006
2019-01-13 04:45:00,617545.0,653237.3985313771,653238.0,0.0,35693.0,35693.0,False,603634.375,18319.1762012537,49603.02353137713
2019-01-13 04:46:00,603454.0,646406.8217900669,646407.0,0.0,42953.0,42953.0,False,596839.4375,18306.014069295583,49567.38429006688
2019-01-13 04:47:00,602063.0,643109.2909397944,643110.0,0.0,41047.0,41047.0,False,593522.625,18313.135085589813,49586.66593979444
2019-01-13 04:48:00,601198.0,642989.7019108507,642990.0,0.0,41792.0,41792.0,False,593404.75,18312.50206776147,49584.951910850665
2019-01-13 04:49:00,602549.0,641921.5285684192,641922.0,0.0,39373.0,39373.0,False,592926.1875,18094.7495167332,48995.34106841915
2019-01-13 04:50:00,612405.0,670366.1905883653,670367.0,0.0,57962.0,57962.0,False,621370.625,18094.83243547812,48995.56558836537
2019-01-13 04:51:00,580951.0,651312.5244544704,651313.0,0.0,70362.0,70362.0,False,601875.1875,18257.985544304778,49437.33695447036
2019-01-13 04:52:00,595397.0,640877.0377118302,640878.0,0.0,45481.0,45481.0,False,590571.3125,18578.69497621293,50305.725211830206
2019-01-13 04:53:00,581151.0,640311.6261379055,640312.0,0.0,59161.0,59161.0,False,589993.875,18583.136339724126,50317.751137905536
2019-01-13 04:54:00,595774.0,632417.9485867586,632418.0,0.0,36644.0,36644.0,False,581891.0,18660.39624554351,50526.94858675854
2019-01-13 04:55:00,607339.0,659942.1876078831,659943.0,0.0,52604.0,52604.0,False,609738.25,18541.10321427869,50203.93760788312
2019-01-13 04:56:00,592368.0,637140.0557264503,637141.0,0.0,44773.0,44773.0,False,586984.3125,18523.304271744055,50155.74322645026
2019-01-13 04:57:00,599395.0,640517.8412199602,640518.0,0.0,41123.0,41123.0,False,590352.75,18526.756632669774,50165.091219960224
2019-01-13 04:58:00,609048.0,636516.006345495,636517.0,0.0,27469.0,27469.0,False,586427.375,18498.518799309295,50088.631345494956
2019-01-13 04:59:00,610804.0,649049.8737557161,649050.0,0.0,38246.0,38246.0,False,598873.9375,18530.761874825937,50175.93625571611
2019-01-13 05:00:00,732195.0,672422.1276589395,672423.0,59772.0,0.0,597720.0,False,622352.25,18491.592768112514,50069.87765893947
2019-01-13 05:01:00,717513.0,728041.2784328435,728042.0,0.0,10529.0,10529.0,False,674391.0,19813.89104710278,53650.27843284354
2019-01-13 05:02:00,722563.0,712097.6484367688,712098.0,10465.0,0.0,104650.0,False,658442.5625,19815.666533861953,53655.08593676879
2019-01-13 05:03:00,741830.0,718994.6755538313,718995.0,22835.0,0.0,228350.0,False,662323.9375,20929.394257721462,56670.73805383121
2019-01-13 05:04:00,751019.0,730011.9623464335,730012.0,21007.0,0.0,210070.0,False,668607.75,22677.540710032663,61404.212346433495
2019-01-13 05:05:00,661808.0,783570.7739877816,783571.0,0.0,121763.0,121763.0,False,718050.25,24197.75929528539,65520.523987781606
2019-01-13 05:06:00,614473.0,686321.2151795672,686322.0,0.0,71849.0,71849.0,False,616500.375,25785.93365301565,69820.84017956717
2019-01-13 05:07:00,588127.0,677120.2400346871,677121.0,0.0,88994.0,88994.0,False,607598.625,25675.425104087462,69521.61503468711
2019-01-13 05:08:00,608823.0,670670.0517551414,670671.0,0.0,61848.0,61848.0,False,600335.0625,25975.816987510334,70334.9892551414
2019-01-13 05:09:00,627550.0,682613.0383734548,682614.0,0.0,55064.0,55064.0,False,613213.375,25630.38643887916,69399.66337345487
2019-01-13 05:10:00,645055.0,690610.7609240084,690611.0,0.0,45556.0,45556.0,False,621223.125,25625.94451276306,69387.6359240084
2019-01-13 05:11:00,608991.0,694740.294064119,694741.0,0.0,85750.0,85750.0,False,625255.0625,25661.98811656737,69485.23156411902
2019-01-13 05:12:00,610630.0,682185.2013378002,682186.0,0.0,71556.0,71556.0,False,612018.8125,25913.55020349213,70166.38883780022
2019-01-13 05:13:00,588124.0,690159.1366622641,690160.0,0.0,102036.0,102036.0,False,619912.8125,25943.0715751608,70246.32416226417
2019-01-13 05:14:00,612467.0,683624.375691466,683625.0,0.0,71158.0,71158.0,False,611760.1875,26540.57418912687,71864.18819146598
2019-01-13 05:15:00,650283.0,707955.7188550008,707956.0,0.0,57673.0,57673.0,False,636040.375,26559.466779684262,71915.34385500083
2019-01-13 05:16:00,650095.0,687361.4966231736,687362.0,0.0,37267.0,37267.0,False,615705.5,26463.685770807933,71655.99662317355
2019-01-13 05:17:00,767211.0,694288.2826496565,694289.0,72922.0,0.0,729220.0,False,622256.0625,26602.631032246274,72032.22014965655
2019-01-13 05:18:00,710773.0,806734.7022004235,806735.0,0.0,95962.0,95962.0,False,721534.25,31465.86609380259,85200.4522004235
2019-01-13 05:19:00,758610.0,753152.3880796176,753153.0,5457.0,0.0,54570.0,False,667562.9375,31609.529309129615,85589.45057961767
2019-01-13 05:20:00,709911.0,765910.5149882308,765911.0,0.0,56000.0,56000.0,False,676306.75,33092.07871324201,89603.76498823083
2019-01-13 05:21:00,637193.0,734309.7483719736,734310.0,0.0,97117.0,97117.0,False,644643.3125,33115.22405560702,89666.43587197366
2019-01-13 05:22:00,621590.0,711453.013909052,711454.0,0.0,89864.0,89864.0,False,621500.375,33220.92333545545,89952.63890905198
2019-01-13 05:23:00,629886.0,695897.2981204651,695898.0,0.0,66012.0,66012.0,False,606006.5,33198.084560278156,89890.79812046512
2019-01-13 05:24:00,634318.0,713767.1918951637,713768.0,0.0,79450.0,79450.0,False,624009.4375,33148.94942147506,89757.75439516372
2019-01-13 05:25:00,621597.0,718983.7794101204,718984.0,0.0,97387.0,97387.0,False,629203.4375,33157.29134575673,89780.34191012043
2019-01-13 05:26:00,595409.0,706104.3612372199,706105.0,0.0,110696.0,110696.0,False,616201.125,33202.67815228569,89903.23623721993
2019-01-13 05:27:00,602657.0,695522.0922086213,695523.0,0.0,92866.0,92866.0,False,605053.375,33411.51916269318,90468.71720862137
2019-01-13 05:28:00,621571.0,688638.1321483104,688639.0,0.0,67068.0,67068.0,False,597966.1875,33486.57425029762,90671.9446483104
2019-01-13 05:29:00,601322.0,702224.6729435932,702225.0,0.0,100903.0,100903.0,False,611565.5625,33481.834376780265,90659.1104435932
2019-01-13 05:30:00,649869.0,704084.2373965668,704085.0,0.0,54216.0,54216.0,False,613063.5,33615.38889420711,91020.7373965668
2019-01-13 05:31:00,618667.0,706227.9210744548,706228.0,0.0,87561.0,87561.0,False,616857.5625,33005.878056184054,89370.3585744548
2019-01-13 05:32:00,604085.0,695782.389433155,695783.0,0.0,91698.0,91698.0,False,606328.9375,33036.565739531,89453.45193315494
2019-01-13 05:33:00,623407.0,690008.3064102845,690009.0,0.0,66602.0,66602.0,False,600444.4375,33077.344464609465,89563.86891028452
2019-01-13 05:34:00,586706.0,698900.1462520703,698901.0,0.0,112195.0,112195.0,False,609402.0,33053.07205396741,89498.1462520703
2019-01-13 05:35:00,589676.0,688686.4811862805,688687.0,0.0,99011.0,99011.0,False,598344.5,33364.71355773163,90341.98118628052
2019-01-13 05:36:00,600012.0,671384.0330374783,671385.0,0.0,71373.0,71373.0,False,580751.5625,33471.99584075242,90632.47053747831
2019-01-13 05:37:00,586264.0,679573.4838119502,679574.0,0.0,93310.0,93310.0,False,589271.9375,33349.78032312618,90301.54631195015
2019-01-13 05:38:00,586200.0,677330.2052939072,677331.0,0.0,91131.0,91131.0,False,586967.75,33372.274967469886,90362.45529390725
2019-01-13 05:39:00,589201.0,669746.0147377002,669747.0,0.0,80546.0,80546.0,False,579466.0,33341.82837434375,90280.0147377002
2019-01-13 05:40:00,600267.0,710013.6936398146,710014.0,0.0,109747.0,109747.0,False,619772.375,33327.537297207724,90241.31863981462
2019-01-13 05:41:00,554479.0,683049.2182731793,683050.0,0.0,128571.0,128571.0,False,592206.875,33549.50514061825,90842.34327317929
2019-01-13 05:42:00,590310.0,656972.7778167315,656973.0,0.0,66663.0,66663.0,False,564478.5625,34159.56744878817,92494.21531673154
2019-01-13 05:43:00,604907.0,698551.0347351342,698552.0,0.0,93645.0,93645.0,False,606146.125,34126.58549388773,92404.90973513419
2019-01-13 05:44:00,583642.0,679019.0253532056,679020.0,0.0,95378.0,95378.0,False,586502.5625,34167.78381367277,92516.46285320568
2019-01-13 05:45:00,608570.0,678635.2480739804,678636.0,0.0,70066.0,70066.0,False,586282.625,34107.27520813376,92352.62307398039
2019-01-13 05:46:00,617243.0,677982.8649093506,677983.0,0.0,60740.0,60740.0,False,585561.0,34132.847306210475,92421.86490935065
2019-01-13 05:47:00,646777.0,694578.4280817152,694579.0,0.0,47802.0,47802.0,False,601924.1875,34218.66729426501,92654.24058171523
2019-01-13 05:48:00,614726.0,716715.6243722938,716716.0,0.0,101990.0,101990.0,False,623390.625,34466.38905794695,93324.99937229385
2019-01-13 05:49:00,604789.0,690846.2655986319,690847.0,0.0,86058.0,86058.0,False,597236.375,34571.60386547127,93609.8905986319
2019-01-13 05:50:00,639716.0,687936.8694315958,687937.0,0.0,48221.0,48221.0,False,594316.0,34575.65852103923,93620.86943159577
2019-01-13 05:51:00,622342.0,707401.9212320887,707402.0,0.0,85060.0,85060.0,False,613417.6875,34709.85466821087,93984.23373208869
2019-01-13 05:52:00,613172.0,701226.00690699,701227.0,0.0,88055.0,88055.0,False,608012.875,34425.07464478839,93213.13190698998
2019-01-13 05:53:00,604293.0,688802.364638281,688803.0,0.0,84510.0,84510.0,False,595593.1875,34423.61408654704,93209.17713828103
2019-01-13 05:54:00,605755.0,686415.2653829624,686416.0,0.0,80661.0,80661.0,False,593534.625,34302.28029919308,92880.64038296243
2019-01-13 05:55:00,616946.0,693397.6044230094,693398.0,0.0,76452.0,76452.0,False,600514.1875,34303.30571907133,92883.4169230094
2019-01-13 05:56:00,595702.0,696029.9730366815,696030.0,0.0,100328.0,100328.0,False,603331.25,34235.095364015186,92698.7230366816
2019-01-13 05:57:00,605071.0,707687.7266243867,707688.0,0.0,102617.0,102617.0,False,614721.1875,34334.00405447227,92966.53912438672
2019-01-13 05:58:00,605050.0,686295.0829653431,686296.0,0.0,81246.0,81246.0,False,592971.6875,34465.79670990144,93323.39546534316
2019-01-13 05:59:00,597568.0,692568.4646058625,692569.0,0.0,95001.0,95001.0,False,599291.25,34448.74139267028,93277.21460586245
2019-01-13 06:00:00,724660.0,729840.7519642896,729841.0,0.0,5181.0,5181.0,False,636408.0625,34506.160701487024,93432.68946428962
2019-01-13 06:01:00,680876.0,749751.4001450648,749752.0,0.0,68876.0,68876.0,False,658766.125,33602.29212736695,90985.27514506484
2019-01-13 06:02:00,670435.0,735148.0973771334,735149.0,0.0,64714.0,64714.0,False,644713.6875,33398.848925966064,90434.4098771334
2019-01-13 06:03:00,688069.0,735006.5511392924,735007.0,0.0,46938.0,46938.0,False,646261.8125,32774.826781255084,88744.73863929242
2019-01-13 06:04:00,642294.0,731057.8251128402,731058.0,0.0,88764.0,88764.0,False,644874.4375,31828.879590411783,86183.3876128402
2019-01-13 06:05:00,753618.0,727272.7724469277,727273.0,26345.0,0.0,263450.0,False,644646.9375,30515.019476806712,82625.83494692775
2019-01-13 06:06:00,717103.0,807169.3907768144,807170.0,0.0,90067.0,90067.0,False,721028.3125,31813.254087641282,86141.0782768144
2019-01-13 06:07:00,635550.0,786310.9175187713,786311.0,0.0,150761.0,150761.0,False,700126.75,31829.167621929908,86184.16751877125
2019-01-13 06:08:00,748748.0,721240.0887675716,721241.0,27507.0,0.0,275070.0,False,631628.1875,33095.083569080525,89611.90126757161
2019-01-13 06:09:00,757991.0,805240.5610520894,805241.0,0.0,47250.0,47250.0,False,708555.5,35707.312646411665,96685.06105208946
2019-01-13 06:10:00,663939.0,840622.1324709306,840623.0,0.0,176684.0,176684.0,False,743163.0625,35993.16630524405,97459.0699709306
2019-01-13 06:11:00,630818.0,740893.8364448902,740894.0,0.0,110076.0,110076.0,False,638212.6875,37921.76214578419,102681.14894489024
2019-01-13 06:12:00,647969.0,731674.7542832715,731675.0,0.0,83706.0,83706.0,False,629256.1875,37824.78642649244,102418.56678327145
2019-01-13 06:13:00,628734.0,744537.1580707204,744538.0,0.0,115804.0,115804.0,False,642228.875,37784.056918117356,102308.28307072041
2019-01-13 06:14:00,629535.0,730502.2382994131,730503.0,0.0,100968.0,100968.0,False,628988.4375,37490.642128439395,101513.80079941315
2019-01-13 06:15:00,665587.0,731208.2031666716,731209.0,0.0,65622.0,65622.0,False,629691.875,37491.57552489058,101516.32816667156
2019-01-13 06:16:00,666661.0,751046.3591872379,751047.0,0.0,84386.0,84386.0,False,649239.5625,37598.850114831796,101806.79668723795
2019-01-13 06:17:00,655939.0,749365.4595140842,749366.0,0.0,93427.0,93427.0,False,647802.5,37508.797214395294,101562.95951408413
2019-01-13 06:18:00,665961.0,734560.2845477278,734561.0,0.0,68600.0,68600.0,False,644122.0625,33400.256820482486,90438.22204772777
2019-01-13 06:19:00,616448.0,748906.8905517387,748907.0,0.0,132459.0,132459.0,False,658744.75,33298.295584838634,90162.14055173867
2019-01-13 06:20:00,627423.0,718128.4484358544,718129.0,0.0,90706.0,90706.0,False,630424.625,32390.400436552853,87703.82343585434
2019-01-13 06:21:00,645704.0,701206.4344573552,701207.0,0.0,55503.0,55503.0,False,613796.875,32281.72412434381,87409.55945735516
2019-01-13 06:22:00,623887.0,714761.0192204281,714762.0,0.0,90875.0,90875.0,False,627205.0,32335.814016755914,87556.01922042812
2019-01-13 06:23:00,632912.0,699784.7762605904,699785.0,0.0,66873.0,66873.0,False,612174.1875,32355.96740560777,87610.58876059047
2019-01-13 06:24:00,628671.0,705211.6133321106,705212.0,0.0,76541.0,76541.0,False,617655.8125,32335.733362517818,87555.80083211053
2019-01-13 06:25:00,587226.0,711903.5991870313,711904.0,0.0,124678.0,124678.0,False,624346.9375,32336.05128977011,87556.66168703126
2019-01-13 06:26:00,575169.0,685452.3167396479,685453.0,0.0,110284.0,110284.0,False,596590.875,32817.927070439895,88861.44173964784
2019-01-13 06:27:00,607609.0,671239.2051981336,671240.0,0.0,63631.0,63631.0,False,582351.4375,32827.649660674,88887.76769813363
2019-01-13 06:28:00,618213.0,710218.5117656393,710219.0,0.0,92006.0,92006.0,False,621258.25,32854.42285919369,88960.26176563934
2019-01-13 06:29:00,610797.0,686176.1692490806,686177.0,0.0,75380.0,75380.0,False,597243.3125,32844.3017558537,88932.85674908065
2019-01-13 06:30:00,652365.0,687571.853746638,687572.0,0.0,35207.0,35207.0,False,598896.125,32749.340343268777,88675.72874663802
2019-01-13 06:31:00,650507.0,713438.449498167,713439.0,0.0,62932.0,62932.0,False,623956.0,33047.2749960449,89482.44949816697
2019-01-13 06:32:00,638787.0,717611.2987275263,717612.0,0.0,78825.0,78825.0,False,627994.125,33097.03077140909,89617.1737275263
2019-01-13 06:33:00,624222.0,707851.4226264966,707852.0,0.0,83630.0,83630.0,False,618345.0625,33056.105566890576,89506.36012649661
2019-01-13 06:34:00,616822.0,698811.3259900564,698812.0,0.0,81990.0,81990.0,False,609397.125,33022.06974933732,89414.2009900564
2019-01-13 06:35:00,639793.0,688538.610604045,688539.0,0.0,48746.0,48746.0,False,599877.375,32743.987797920312,88661.23560404492
2019-01-13 06:36:00,624149.0,709209.4638963272,709210.0,0.0,85061.0,85061.0,False,620254.875,32852.327779396204,88954.58889632724
2019-01-13 06:37:00,627433.0,693612.5878075699,693613.0,0.0,66180.0,66180.0,False,604659.375,32851.81956819009,88953.21280756983
2019-01-13 06:38:00,625242.0,699158.4790795221,699159.0,0.0,73917.0,73917.0,False,610266.0625,32829.36656563725,88892.41657952205
2019-01-13 06:39:00,599064.0,703874.5275420713,703875.0,0.0,104811.0,104811.0,False,615086.9375,32790.65247779717,88787.59004207133
2019-01-13 06:40:00,656222.0,703500.7563535052,703501.0,0.0,47279.0,47279.0,False,614182.8125,32986.52047593479,89317.94385350523
2019-01-13 06:41:00,646090.0,714675.0530556362,714676.0,0.0,68586.0,68586.0,False,625432.3125,32958.74671606095,89242.74055563626
2019-01-13 06:42:00,653355.0,710719.7313989307,710720.0,0.0,57365.0,57365.0,False,623228.5,32311.886856006193,87491.23139893064
2019-01-13 06:43:00,655620.0,721557.0811003229,721558.0,0.0,65938.0,65938.0,False,633980.125,32343.546335566174,87576.95610032292
2019-01-13 06:44:00,636247.0,721951.271473689,721952.0,0.0,85705.0,85705.0,False,634492.75,32299.806566512278,87458.52147368895
2019-01-13 06:45:00,664884.0,730440.9397232936,730441.0,0.0,65557.0,65557.0,False,643077.1875,32264.806792852243,87363.75222329369
2019-01-13 06:46:00,643296.0,721477.2083954692,721478.0,0.0,78182.0,78182.0,False,634118.75,32262.851699033534,87358.45839546922
2019-01-13 06:47:00,619513.0,715812.816183413,715813.0,0.0,96300.0,96300.0,False,628657.625,32187.7819228688,87155.19118341304
2019-01-13 06:48:00,627254.0,696332.3304615269,696333.0,0.0,69079.0,69079.0,False,609519.375,32061.388891854665,86812.95546152687
2019-01-13 06:49:00,625217.0,701536.2050109669,701537.0,0.0,76320.0,76320.0,False,615042.5625,31943.46160056867,86493.64251096688
2019-01-13 06:50:00,654182.0,716309.1322432191,716310.0,0.0,62128.0,62128.0,False,629832.125,31937.31793473275,86477.00724321902
2019-01-13 06:51:00,632116.0,716107.6458332776,716108.0,0.0,83992.0,83992.0,False,630277.75,31698.329520386185,85829.89583327757
2019-01-13 06:52:00,627322.0,706926.1937561688,706927.0,0.0,79605.0,79605.0,False,621019.8125,31726.576789181912,85906.38125616878
2019-01-13 06:53:00,654934.0,710801.8840623986,710802.0,0.0,55868.0,55868.0,False,624907.1875,31722.261448124143,85894.69656239856
2019-01-13 06:54:00,663369.0,725152.3964588589,725153.0,0.0,61784.0,61784.0,False,639068.0,31792.32060140171,86084.39645885883
2019-01-13 06:55:00,681755.0,747407.1979625201,747408.0,0.0,65653.0,65653.0,False,661239.1875,31823.20056711576,86168.01046252006
2019-01-13 06:56:00,642385.0,734710.0253533833,734711.0,0.0,92326.0,92326.0,False,648513.3125,31833.80081117727,86196.71285338332
2019-01-13 06:57:00,645706.0,713957.8301539081,713958.0,0.0,68252.0,68252.0,False,627804.625,31817.732733950197,86153.20515390806
2019-01-13 06:58:00,650840.0,714204.3455839293,714205.0,0.0,63365.0,63365.0,False,628430.25,31677.721611288933,85774.09558392937
2019-01-13 06:59:00,640297.0,719353.2932135117,719354.0,0.0,79057.0,79057.0,False,633533.25,31694.690793052938,85820.04321351167
2019-01-13 07:00:00,742022.0,748541.7145735506,748542.0,0.0,6520.0,6520.0,False,662863.875,31642.172753799572,85677.8395735506
2019-01-13 07:01:00,681416.0,768168.9196904819,768169.0,0.0,86753.0,86753.0,False,683396.375,31307.833124955378,84772.54469048181
2019-01-13 07:02:00,724260.0,746390.155762332,746391.0,0.0,22131.0,22131.0,False,661481.1875,31358.216494210017,84908.968262332
2019-01-13 07:03:00,715798.0,784123.6358663196,784124.0,0.0,68326.0,68326.0,False,697621.9375,31946.43675456438,86501.69836631962
2019-01-13 07:04:00,683308.0,768434.2945137278,768435.0,0.0,85127.0,85127.0,False,682460.8125,31751.358153571593,85973.48201372779
2019-01-13 07:05:00,711024.0,763482.727957296,763483.0,0.0,52459.0,52459.0,False,677581.9375,31724.512019287537,85900.79045729592
2019-01-13 07:06:00,739637.0,793277.4831633361,793278.0,0.0,53641.0,53641.0,False,713824.375,29343.28160985415,79453.10816333603
2019-01-13 07:07:00,766157.0,803256.0554329704,803257.0,0.0,37100.0,37100.0,False,723900.0625,29307.415428919256,79355.99293297034
2019-01-13 07:08:00,746872.0,838267.7552241893,838268.0,0.0,91396.0,91396.0,False,763200.125,27723.655680335523,75067.63022418924
2019-01-13 07:09:00,759099.0,802144.5820819157,802145.0,0.0,43046.0,43046.0,False,735454.4375,24629.7185636353,66690.14458191568
2019-01-13 07:10:00,711834.0,821323.3417710518,821324.0,0.0,109490.0,109490.0,False,755771.625,24209.279280404295,65551.7167710518
2019-01-13 07:11:00,677521.0,752508.069524768,752509.0,0.0,74988.0,74988.0,False,692041.875,22331.11598565803,60466.19452476804
2019-01-13 07:12:00,676539.0,736596.2903393268,736597.0,0.0,60058.0,60058.0,False,675786.5,22458.011320272763,60809.79033932687
2019-01-13 07:13:00,670000.0,723599.8824273355,723600.0,0.0,53600.0,53600.0,False,662680.9375,22498.323825207885,60918.94492733551
2019-01-13 07:14:00,664100.0,717980.2300289623,717981.0,0.0,53881.0,53881.0,False,657727.5625,22252.25711010145,60252.66752896223
2019-01-13 07:15:00,699742.0,711630.8983101238,711631.0,0.0,11889.0,11889.0,False,651491.125,22210.56350072508,60139.77331012379
2019-01-13 07:16:00,679937.0,729148.3150617232,729149.0,0.0,49212.0,49212.0,False,668286.9375,22477.063292300514,60861.3775617232
2019-01-13 07:17:00,674485.0,724922.6616058253,724923.0,0.0,50438.0,50438.0,False,664076.625,22471.397636173486,60846.036605825284
2019-01-13 07:18:00,660232.0,720959.7552037934,720960.0,0.0,60728.0,60728.0,False,660131.5625,22464.807602700348,60828.192703793364
2019-01-13 07:19:00,678163.0,728383.5646538922,728384.0,0.0,50221.0,50221.0,False,667465.875,22497.860232996103,60917.689653892136
2019-01-13 07:20:00,701024.0,746043.3758946122,746044.0,0.0,45020.0,45020.0,False,688299.6875,21325.65168214093,57743.68839461219
2019-01-13 07:21:00,697213.0,723836.4669856098,723837.0,0.0,26624.0,26624.0,False,666392.8125,21214.844443911024,57443.65448560983
2019-01-13 07:22:00,719911.0,729535.8744451541,729536.0,0.0,9625.0,9625.0,False,672132.4375,21199.991474121296,57403.43694515404
2019-01-13 07:23:00,732760.0,749852.4624377872,749853.0,0.0,17093.0,17093.0,False,691602.75,21512.5343144694,58249.712437787246
2019-01-13 07:24:00,676096.0,758152.049306641,758153.0,0.0,82057.0,82057.0,False,699222.6875,21763.539508441645,58929.36180664102
2019-01-13 07:25:00,660739.0,723033.1863418221,723034.0,0.0,62295.0,62295.0,False,662640.25,22304.060587296663,60392.93634182213
2019-01-13 07:26:00,656548.0,703435.7336499814,703436.0,0.0,46888.0,46888.0,False,645545.625,21379.726983737128,57890.10864998147
2019-01-13 07:27:00,648827.0,701658.0248680953,701659.0,0.0,52832.0,52832.0,False,645199.375,20851.066757337492,56458.64986809532
2019-01-13 07:28:00,653967.0,692407.9725493706,692408.0,0.0,38441.0,38441.0,False,635898.125,20869.974865706838,56509.84754937066
2019-01-13 07:29:00,665825.0,691268.3355790108,691269.0,0.0,25444.0,25444.0,False,635125.875,20734.29308332899,56142.46057901077
2019-01-13 07:30:00,734432.0,709774.2084568472,709775.0,24657.0,0.0,246570.0,False,653398.0625,20820.59676619895,56376.14595684725
2019-01-13 07:31:00,702256.0,745942.1360491174,745943.0,0.0,43687.0,43687.0,False,686595.5,21917.64544449079,59346.636049117464
2019-01-13 07:32:00,711253.0,737467.9366319437,737468.0,0.0,26215.0,26215.0,False,678227.75,21878.332001662187,59240.18663194372
2019-01-13 07:33:00,718298.0,762528.9844096234,762529.0,0.0,44231.0,44231.0,False,703039.3125,21970.470835871387,59489.67190962339
2019-01-13 07:34:00,671347.0,741082.6698722892,741083.0,0.0,69736.0,69736.0,False,681711.6875,21926.636924289458,59370.982372289174
2019-01-13 07:35:00,683693.0,712833.2169808788,712834.0,0.0,29141.0,29141.0,False,652802.4375,22170.31036652805,60030.77948087888
2019-01-13 07:36:00,667702.0,721634.4087736675,721635.0,0.0,53933.0,53933.0,False,661953.25,22041.18994436347,59681.15877366756
2019-01-13 07:37:00,670895.0,706279.486620415,706280.0,0.0,35385.0,35385.0,False,646642.1875,22024.991885074796,59637.299120415046
2019-01-13 07:38:00,670731.0,708811.6183489275,708812.0,0.0,38081.0,38081.0,False,649152.75,22032.957740168156,59658.86834892743
2019-01-13 07:39:00,651978.0,709999.7130245084,710000.0,0.0,58022.0,58022.0,False,650316.3125,22042.017858182604,59683.40052450839
2019-01-13 07:40:00,719251.0,729491.2414294461,729492.0,0.0,10241.0,10241.0,False,670677.5625,21720.816003704873,58813.67892944614
2019-01-13 07:41:00,737523.0,734584.5756397687,734585.0,2938.0,0.0,29380.0,False,675386.0625,21862.94132601934,59198.513139768686
2019-01-13 07:42:00,734237.0,749827.8868558118,749828.0,0.0,15591.0,15591.0,False,688598.1875,22613.09031977401,61229.69935581182
2019-01-13 07:43:00,672000.0,774502.7547973209,774503.0,0.0,102503.0,102503.0,False,712652.6875,22842.201950901217,61850.06729732095
2019-01-13 07:44:00,693397.0,714960.9890001852,714961.0,0.0,21564.0,21564.0,False,649889.375,24031.969781344178,65071.61400018518
2019-01-13 07:45:00,701556.0,731246.1660523573,731247.0,0.0,29691.0,29691.0,False,665748.625,24189.2713360102,65497.54105235726
2019-01-13 07:46:00,692926.0,737523.1238231513,737524.0,0.0,44598.0,44598.0,False,671734.6875,24296.70353151774,65788.43632315134
2019-01-13 07:47:00,704645.0,731180.5249736374,731181.0,0.0,26536.0,26536.0,False,665451.875,24274.623492979743,65728.64997363748
2019-01-13 07:48:00,702494.0,745744.6040957348,745745.0,0.0,43251.0,43251.0,False,680316.875,24163.488683194446,65427.7290957348
2019-01-13 07:49:00,673073.0,740890.6517255882,740891.0,0.0,67818.0,67818.0,False,675453.375,24167.014772959497,65437.27672558824
2019-01-13 07:50:00,718088.0,727554.4056195269,727555.0,0.0,9467.0,9467.0,False,661770.125,24295.168764854,65784.28061952688
2019-01-13 07:51:00,671484.0,759898.632927399,759899.0,0.0,88415.0,88415.0,False,692853.625,24760.775174512342,67045.00792739906
2019-01-13 07:52:00,698860.0,737488.4965455522,737489.0,0.0,38629.0,38629.0,False,669238.75,25205.70408108275,68249.74654555217
2019-01-13 07:53:00,681303.0,735039.1929120795,735040.0,0.0,53737.0,53737.0,False,666831.6875,25190.103766587064,68207.50541207951
2019-01-13 07:54:00,663596.0,726615.5817282974,726616.0,0.0,63020.0,63020.0,False,658497.625,25157.032030228944,68117.95672829737
2019-01-13 07:55:00,686195.0,727556.898576633,727557.0,0.0,41362.0,41362.0,False,659299.625,25208.4839319633,68257.27357663299
2019-01-13 07:56:00,684849.0,726801.2742349419,726802.0,0.0,41953.0,41953.0,False,658486.1875,25229.83523997664,68315.08673494187
2019-01-13 07:57:00,687237.0,730785.1065332758,730786.0,0.0,43549.0,43549.0,False,662986.1875,25039.2063951395,67798.91903327584
2019-01-13 07:58:00,690380.0,732586.3676330089,732587.0,0.0,42207.0,42207.0,False,664767.0,25046.758384411707,67819.36763300886
2019-01-13 07:59:00,675470.0,733168.9085626878,733169.0,0.0,57699.0,57699.0,False,665322.75,25056.6526958154,67846.15856268782
2019-01-13 08:00:00,761153.0,759164.2883352734,759165.0,1988.0,0.0,19880.0,False,691385.0,25031.956469831355,67779.28833527339
2019-01-13 08:01:00,760333.0,771433.8021933591,771434.0,0.0,11101.0,11101.0,False,704593.625,24685.12796510511,66840.17719335912
2019-01-13 08:02:00,764895.0,772636.8284433973,772637.0,0.0,7742.0,7742.0,False,705051.25,24960.416362221607,67585.57844339732
2019-01-13 08:03:00,771924.0,792249.6128804497,792250.0,0.0,20326.0,20326.0,False,724882.375,24879.779760664715,67367.23788044979
2019-01-13 08:04:00,704353.0,791152.062767557,791153.0,0.0,86800.0,86800.0,False,723151.125,25113.81508883958,68000.93776755698
2019-01-13 08:05:00,704053.0,751537.648809597,751538.0,0.0,47485.0,47485.0,False,682503.125,25495.534659045006,69034.52380959697
2019-01-13 08:06:00,713287.0,745213.9729398824,745214.0,0.0,31927.0,31927.0,False,676331.875,25439.241389680803,68882.0979398824
2019-01-13 08:07:00,731357.0,760808.0715330786,760809.0,0.0,29452.0,29452.0,False,691706.375,25520.342601580975,69101.69653307853
2019-01-13 08:08:00,744953.0,790455.2562022471,790456.0,0.0,45503.0,45503.0,False,721448.6875,25485.210398530056,69006.56870224711
2019-01-13 08:09:00,754108.0,800061.6232181924,800062.0,0.0,45954.0,45954.0,False,732268.3125,25037.13515623324,67793.31071819237
2019-01-13 08:10:00,772037.0,798482.1208155898,798483.0,0.0,26446.0,26446.0,False,730694.625,25034.98762130925,67787.49581558983
2019-01-13 08:11:00,747431.0,801537.7290955831,801538.0,0.0,54107.0,54107.0,False,737374.875,23696.350465587937,64162.854095583025
2019-01-13 08:12:00,717670.0,782399.587990823,782400.0,0.0,64730.0,64730.0,False,719408.125,23263.73731983672,62991.46299082297
2019-01-13 08:13:00,679838.0,763402.8473024793,763403.0,0.0,83565.0,83565.0,False,700299.1875,23305.173365779592,63103.65980247931
2019-01-13 08:14:00,681592.0,728730.2899306192,728731.0,0.0,47139.0,47139.0,False,664081.8125,23875.698795762626,64648.477430619205
2019-01-13 08:15:00,686841.0,734940.229424632,734941.0,0.0,48100.0,48100.0,False,670511.4375,23794.56548560271,64428.79192463202
2019-01-13 08:16:00,684786.0,730238.6212203063,730239.0,0.0,45453.0,45453.0,False,666424.5,23567.55793371084,63814.12122030623
2019-01-13 08:17:00,682564.0,729589.6722127942,729590.0,0.0,47026.0,47026.0,False,665865.1875,23534.45376266895,63724.48471279422
2019-01-13 08:18:00,690881.0,730390.1926408559,730391.0,0.0,39510.0,39510.0,False,666768.6875,23496.42178822138,63621.505140855916
2019-01-13 08:19:00,674680.0,733745.066236968,733746.0,0.0,59066.0,59066.0,False,670597.125,23321.527195507948,63147.941236968065
2019-01-13 08:20:00,706845.0,733910.8653376963,733911.0,0.0,27066.0,27066.0,False,670570.0625,23392.754015864182,63340.802837696254
2019-01-13 08:21:00,683761.0,763128.8330370972,763129.0,0.0,79368.0,79368.0,False,699702.8125,23424.226251620243,63426.02053709728
2019-01-13 08:22:00,680013.0,750297.4041660764,750298.0,0.0,70285.0,70285.0,False,685535.0,23917.773729754404,64762.40416607647
2019-01-13 08:23:00,675072.0,728842.3650460431,728843.0,0.0,53771.0,53771.0,False,664033.0,23935.117120810577,64809.36504604303
2019-01-13 08:24:00,646895.0,723234.0830341085,723235.0,0.0,76340.0,76340.0,False,658720.5625,23825.857092762628,64513.52053410856
2019-01-13 08:25:00,654577.0,714821.9724488129,714822.0,0.0,60245.0,60245.0,False,651131.8125,23521.777087848062,63690.15994881291
2019-01-13 08:26:00,636931.0,702752.605129955,702753.0,0.0,65822.0,65822.0,False,639269.0625,23445.4700645878,63483.54262995503
2019-01-13 08:27:00,634606.0,700464.6524568022,700465.0,0.0,65859.0,65859.0,False,636559.25,23601.269529016703,63905.40245680215
2019-01-13 08:28:00,666021.0,692634.0663447584,692635.0,0.0,26614.0,26614.0,False,628517.5,23679.25567170343,64116.566344758336
2019-01-13 08:29:00,662739.0,701618.354241435,701619.0,0.0,38880.0,38880.0,False,637242.5625,23774.99168494372,64375.79174143492
2019-01-13 08:30:00,717914.0,740445.0910231199,740446.0,0.0,22532.0,22532.0,False,676140.5,23748.696140607713,64304.591023119865
2019-01-13 08:31:00,681754.0,735992.3456560666,735993.0,0.0,54239.0,54239.0,False,674813.75,22594.21692026083,61178.59565606656
2019-01-13 08:32:00,688419.0,720516.9199997053,720517.0,0.0,32098.0,32098.0,False,659184.875,22650.88817463116,61332.04499970526
2019-01-13 08:33:00,711021.0,730634.8028134197,730635.0,0.0,19614.0,19614.0,False,669386.75,22619.86854013006,61248.05281341975
2019-01-13 08:34:00,664188.0,732001.6800160063,732002.0,0.0,67814.0,67814.0,False,670321.5,22779.459907791974,61680.180016006336
2019-01-13 08:35:00,675517.0,716042.1146450108,716043.0,0.0,40526.0,40526.0,False,654603.0625,22690.407595224653,61439.0521450108
2019-01-13 08:36:00,653866.0,716338.5295673603,716339.0,0.0,62473.0,62473.0,False,655008.5,22650.14384378959,61330.02956736027
2019-01-13 08:37:00,656281.0,698915.0662137872,698916.0,0.0,42635.0,42635.0,False,637338.8125,22741.078290971927,61576.2537137872
2019-01-13 08:38:00,667644.0,699677.8374463045,699678.0,0.0,32034.0,32034.0,False,638116.625,22735.523314486854,61561.212446304526
2019-01-13 08:39:00,659059.0,707191.9208718707,707192.0,0.0,48133.0,48133.0,False,645546.1875,22766.738220714495,61645.73337187068
2019-01-13 08:40:00,663593.0,734371.8226835808,734372.0,0.0,70779.0,70779.0,False,673026.8125,22655.676420810287,61345.01018358077
2019-01-13 08:41:00,652064.0,707169.804332353,707170.0,0.0,55106.0,55106.0,False,645778.25,22672.865906486593,61391.554332352905
2019-01-13 08:42:00,642851.0,705856.2751893944,705857.0,0.0,63006.0,63006.0,False,646176.9375,22040.517389319386,59679.33768939438
2019-01-13 08:43:00,635537.0,719867.0827057029,719868.0,0.0,84331.0,84331.0,False,660489.875,21928.93603776273,59377.207705702815
2019-01-13 08:44:00,653078.0,686005.6166905948,686006.0,0.0,32928.0,32928.0,False,628288.9375,21315.67675859346,57716.67919059487
2019-01-13 08:45:00,696703.0,720580.7329550207,720581.0,0.0,23878.0,23878.0,False,663513.6875,21075.756809747323,57067.0454550207
2019-01-13 08:46:00,653622.0,712520.5681458829,712521.0,0.0,58899.0,58899.0,False,655547.9375,21040.887936814433,56972.63064588292
2019-01-13 08:47:00,652582.0,703358.3321251449,703359.0,0.0,50777.0,50777.0,False,645999.125,21183.6567064315,57359.20712514493
2019-01-13 08:48:00,666861.0,707260.6579908163,707261.0,0.0,40400.0,40400.0,False,650312.5625,21031.82671842908,56948.095490816246
2019-01-13 08:49:00,639711.0,709321.1603236615,709322.0,0.0,69611.0,69611.0,False,652405.5625,21019.824819182733,56915.59782366148
2019-01-13 08:50:00,685406.0,704745.4826268363,704746.0,0.0,19340.0,19340.0,False,647299.1875,21215.819674218925,57446.29512683627
2019-01-13 08:51:00,639091.0,711585.3088664274,711586.0,0.0,72495.0,72495.0,False,655349.125,20768.9065664216,56236.18386642738
2019-01-13 08:52:00,628407.0,690983.0805290942,690984.0,0.0,62577.0,62577.0,False,635137.0625,20624.812190454864,55846.01802909415
2019-01-13 08:53:00,643458.0,681764.3520174561,681765.0,0.0,38307.0,38307.0,False,625562.5625,20756.204192770252,56201.789517456105
2019-01-13 08:54:00,662695.0,695773.8230297845,695774.0,0.0,33079.0,33079.0,False,639568.125,20757.647667803263,56205.698029784544
2019-01-13 08:55:00,666477.0,733925.0026251397,733926.0,0.0,67449.0,67449.0,False,677786.9375,20732.66977313099,56138.06512513962
2019-01-13 08:56:00,654261.0,703900.7861176301,703901.0,0.0,49640.0,49640.0,False,647111.5,20973.175920903235,56789.28611763005
2019-01-13 08:57:00,661425.0,703041.1472184088,703042.0,0.0,41617.0,41617.0,False,646316.625,20949.25759502609,56724.522218408754
2019-01-13 08:58:00,660900.0,707474.0066715424,707475.0,0.0,46575.0,46575.0,False,650842.625,20914.85932717765,56631.38167154246
2019-01-13 08:59:00,639730.0,703895.9914675138,703896.0,0.0,64166.0,64166.0,False,647368.3125,20876.56028868367,56527.67896751388
2019-01-13 09:00:00,725493.0,734564.9681548611,734565.0,0.0,9072.0,9072.0,False,677531.4375,21063.379267296023,57033.53065486116
2019-01-13 09:01:00,683483.0,726093.0595114555,726094.0,0.0,42611.0,42611.0,False,671188.8125,20277.001351818308,54904.24701145547
2019-01-13 09:02:00,678966.0,714712.5335518185,714713.0,0.0,35747.0,35747.0,False,661819.5625,19534.20552868406,52892.97105181841
2019-01-13 09:03:00,663831.0,714978.2607667008,714979.0,0.0,51148.0,51148.0,False,664675.5,18577.600160034468,50302.76076670089
2019-01-13 09:04:00,655216.0,704630.9797603865,704631.0,0.0,49415.0,49415.0,False,655621.4375,18099.99424012701,49009.542260386545
2019-01-13 09:05:00,720038.0,718430.272195561,718431.0,1607.0,0.0,16070.0,False,670415.875,17732.471526983998,48014.39719556094
2019-01-13 09:06:00,786788.0,761073.1569558252,761074.0,25714.0,0.0,257140.0,True,711420.625,18337.460440526647,49652.531955825136
2019-01-13 09:07:00,748748.0,811815.656139017,811816.0,0.0,63068.0,63068.0,False,758222.3125,19792.86413289801,53593.34363901694
2019-01-13 09:08:00,764754.0,778548.0339533037,778549.0,0.0,13795.0,13795.0,False,725219.4375,19695.08883618049,53328.59645330372
2019-01-13 09:09:00,647056.0,795810.1444584336,795811.0,0.0,148755.0,148755.0,False,741785.8125,19952.03489310545,54024.33195843365
2019-01-13 09:10:00,704455.0,702783.7854978188,702784.0,1671.0,0.0,16710.0,False,637302.25,24183.360233159736,65481.53549781885
2019-01-13 09:11:00,669764.0,731713.0684210833,731714.0,0.0,61950.0,61950.0,False,664174.125,24943.193315518012,67538.94342108327
2019-01-13 09:12:00,632930.0,718019.2319664096,718020.0,0.0,85090.0,85090.0,False,650454.3125,24952.78667732273,67564.91946640958
2019-01-13 09:13:00,674175.0,696507.1425596536,696508.0,0.0,22333.0,22333.0,False,628359.4375,25168.018556553572,68147.70505965364
2019-01-13 09:14:00,663569.0,721553.5195327089,721554.0,0.0,57985.0,57985.0,False,653241.1875,25228.817885146353,68312.33203270896
2019-01-13 09:15:00,684839.0,724305.2550068755,724306.0,0.0,39467.0,39467.0,False,656020.375,25218.679420542347,68284.88000687551
2019-01-13 09:16:00,672323.0,738457.3980944302,738458.0,0.0,66135.0,66135.0,False,669932.75,25307.22954371323,68524.64809443017
2019-01-13 09:17:00,657420.0,726784.5731306464,726785.0,0.0,69365.0,69365.0,False,658219.4375,25322.182227180805,68565.13563064639
2019-01-13 09:18:00,656588.0,724204.6034233237,724205.0,0.0,67617.0,67617.0,False,655528.25,25363.2567060275,68676.35342332377
2019-01-13 09:19:00,649600.0,715349.8261338968,715350.0,0.0,65750.0,65750.0,False,646731.125,25341.96480942062,68618.70113389679
2019-01-13 09:20:00,679858.0,742523.419629819,742524.0,0.0,62666.0,62666.0,False,673888.5,25347.954554870936,68634.91962981904
2019-01-13 09:21:00,645161.0,722221.3374372764,722222.0,0.0,77061.0,77061.0,False,654150.1875,25139.74554664219,68071.1499372764
2019-01-13 09:22:00,661858.0,704194.3356791389,704195.0,0.0,42337.0,42337.0,False,636410.6875,25033.566628694567,67783.64817913885
2019-01-13 09:23:00,645617.0,716369.6594141494,716370.0,0.0,70753.0,70753.0,False,648634.875,25015.520472291788,67734.78441414941
2019-01-13 09:24:00,631846.0,705479.5041285167,705480.0,0.0,73634.0,73634.0,False,637568.25,25080.693511383528,67911.25412851668
2019-01-13 09:25:00,636462.0,714979.717874591,714980.0,0.0,78518.0,78518.0,False,647285.0,25000.72326950672,67694.71787459095
2019-01-13 09:26:00,656958.0,699172.9311787563,699173.0,0.0,42215.0,42215.0,False,631104.9375,25138.579890763787,68067.99367875633
2019-01-13 09:27:00,650967.0,706082.3306989563,706083.0,0.0,55116.0,55116.0,False,637974.0,25153.47698630089,68108.33069895627
2019-01-13 09:28:00,650560.0,704567.0027742196,704568.0,0.0,54008.0,54008.0,False,636614.375,25095.973449011544,67952.62777421963
2019-01-13 09:29:00,624244.0,706066.1295508797,706067.0,0.0,81823.0,81823.0,False,638729.5625,24868.452541250805,67336.56705087969
2019-01-13 09:30:00,680369.0,718987.239385824,718988.0,0.0,38619.0,38619.0,False,651273.5,25007.7482125663,67713.73938582391
2019-01-13 09:31:00,662725.0,721154.3295202587,721155.0,0.0,58430.0,58430.0,False,654018.5625,24794.293933966786,67135.76702025869
2019-01-13 09:32:00,631987.0,716253.2878451704,716254.0,0.0,84267.0,84267.0,False,649125.125,24791.485592591795,67128.16284517037
2019-01-13 09:33:00,619847.0,697812.4967803577,697813.0,0.0,77966.0,77966.0,False,630366.9375,24908.705084628753,67445.55928035764
2019-01-13 09:34:00,621276.0,681809.5808406689,681810.0,0.0,60534.0,60534.0,False,614986.875,24678.675519959223,66822.70584066889
2019-01-13 09:35:00,627818.0,683821.728390238,683822.0,0.0,56004.0,56004.0,False,617194.375,24606.528789659078,66627.35339023801
2019-01-13 09:36:00,618962.0,685698.7345483467,685699.0,0.0,66737.0,66737.0,False,619205.25,24557.088922330968,66493.48454834672
2019-01-13 09:37:00,613680.0,677731.3687035757,677732.0,0.0,64052.0,64052.0,False,611253.25,24551.41407435193,66478.11870357572
2019-01-13 09:38:00,630366.0,679680.5487158569,679681.0,0.0,49315.0,49315.0,False,613269.5625,24526.620991515523,66410.98621585689
2019-01-13 09:39:00,620035.0,688045.940005518,688046.0,0.0,68011.0,68011.0,False,621980.75,24398.9130161556,66065.19000551804
2019-01-13 09:40:00,661631.0,713020.2993161343,713021.0,0.0,51390.0,51390.0,False,646891.75,24422.312605384974,66128.5493161343
2019-01-13 09:41:00,638480.0,711012.7341248066,711013.0,0.0,72533.0,72533.0,False,645126.75,24332.72946782862,65885.98412480664
2019-01-13 09:42:00,639565.0,692682.2681461244,692683.0,0.0,53118.0,53118.0,False,626596.375,24406.559011372952,66085.8931461244
2019-01-13 09:43:00,618730.0,696861.1736977902,696862.0,0.0,78132.0,78132.0,False,630877.0,24368.992420377752,65984.1736977902
2019-01-13 09:44:00,638657.0,680642.2863373617,680643.0,0.0,41986.0,41986.0,False,615301.25,24131.471684976485,65341.0363373617
2019-01-13 09:45:00,666555.0,708519.8055939139,708520.0,0.0,41965.0,41965.0,False,643220.4375,24116.08294777109,65299.36809391388
2019-01-13 09:46:00,650571.0,705835.1374788762,705836.0,0.0,55265.0,55265.0,False,640902.375,23980.68973219427,64932.76247887611
2019-01-13 09:47:00,643882.0,705687.6007451788,705688.0,0.0,61806.0,61806.0,False,640854.875,23943.74459416172,64832.72574517882
2019-01-13 09:48:00,633464.0,702543.4275890178,702544.0,0.0,69080.0,69080.0,False,637685.8125,23952.93662002747,64857.6150890178
2019-01-13 09:49:00,644343.0,696030.5200147178,696031.0,0.0,51688.0,51688.0,False,631088.6875,23984.039438984455,64941.83251471786
2019-01-13 09:50:00,667301.0,724106.4856438806,724107.0,0.0,56806.0,56806.0,False,659560.375,23837.89313252043,64546.11064388052
2019-01-13 09:51:00,624309.0,707266.6078717059,707267.0,0.0,82958.0,82958.0,False,643565.375,23525.86649230565,63701.23287170587
2019-01-13 09:52:00,649056.0,686109.9601724723,686110.0,0.0,37054.0,37054.0,False,622260.5,23580.609164168367,63849.46017247232
2019-01-13 09:53:00,639491.0,697668.4412725365,697669.0,0.0,58178.0,58178.0,False,633707.875,23621.642393177546,63960.56627253655
2019-01-13 09:54:00,635086.0,699536.362654401,699537.0,0.0,64451.0,64451.0,False,635653.625,23592.899061267068,63882.737654400975
2019-01-13 09:55:00,653897.0,714595.2055105092,714596.0,0.0,60699.0,60699.0,False,650853.125,23540.952167318384,63742.0805105092
2019-01-13 09:56:00,638593.0,695052.2149942466,695053.0,0.0,56460.0,56460.0,False,631647.6875,23416.28853308915,63404.52749424658
2019-01-13 09:57:00,628351.0,693540.2387956374,693541.0,0.0,65190.0,65190.0,False,630135.25,23416.458898943034,63404.98879563733
2019-01-13 09:58:00,623419.0,686560.6051418601,686561.0,0.0,63142.0,63142.0,False,623109.5625,23433.467308181753,63451.04264186005
2019-01-13 09:59:00,618989.0,687201.6794573129,687202.0,0.0,68213.0,68213.0,False,623700.5,23451.98362212923,63501.17945731294
2019-01-13 10:00:00,737398.0,720719.8701141053,720720.0,16678.0,0.0,166780.0,False,657297.4375,23422.901175267893,63422.43261410531
2019-01-13 10:01:00,711902.0,735130.8559683836,735131.0,0.0,23229.0,23229.0,False,668334.25,24669.036426912346,66796.60596838355
2019-01-13 10:02:00,708427.0,739875.9650851033,739876.0,0.0,31449.0,31449.0,False,671983.5,25073.75442234341,67892.46508510328
2019-01-13 10:03:00,716722.0,752689.0808830066,752690.0,0.0,35968.0,35968.0,False,684182.75,25300.464709642736,68506.33088300658
2019-01-13 10:04:00,688071.0,747046.9148413764,747047.0,0.0,58976.0,58976.0,False,678162.4375,25440.12014004958,68884.47734137632
2019-01-13 10:05:00,717242.0,748089.2501798617,748090.0,0.0,30848.0,30848.0,False,679298.0,25405.689884050196,68791.25017986172
2019-01-13 10:06:00,730550.0,781201.8301693205,781202.0,0.0,50652.0,50652.0,False,713118.5,25144.243897772874,68083.33016932048
2019-01-13 10:07:00,715374.0,781025.3899733094,781026.0,0.0,65652.0,65652.0,False,716921.0,23674.758746351214,64104.3899733094
2019-01-13 10:08:00,690267.0,763644.3655413309,763645.0,0.0,73378.0,73378.0,False,699757.125,23594.562048182197,63887.240541330895
2019-01-13 10:09:00,721792.0,733275.4111190861,733276.0,0.0,11484.0,11484.0,False,670003.375,23367.357385874366,63272.03611908604
2019-01-13 10:10:00,683737.0,769367.0093795587,769368.0,0.0,85631.0,85631.0,False,715502.9375,19892.848327168012,53864.071879558745
2019-01-13 10:11:00,655956.0,726586.8685230495,726587.0,0.0,70631.0,70631.0,False,674547.0,19219.141356590473,52039.86852304955
2019-01-13 10:12:00,637158.0,710076.5087194951,710077.0,0.0,72919.0,72919.0,False,657181.9375,19534.796495756927,52894.57121949515
2019-01-13 10:13:00,645805.0,696291.81692447,696292.0,0.0,50487.0,50487.0,False,643240.25,19592.777477106873,53051.56692446997
2019-01-13 10:14:00,634407.0,695237.7978251749,695238.0,0.0,60831.0,60831.0,False,643816.9375,18990.531900158556,51420.86032517481
2019-01-13 10:15:00,658724.0,686625.0330432322,686626.0,0.0,27902.0,27902.0,False,634872.75,19112.931518910627,51752.283043232135
2019-01-13 10:16:00,651573.0,700017.7861842761,700018.0,0.0,48445.0,48445.0,False,648488.75,19030.482945125492,51529.036184276076
2019-01-13 10:17:00,623285.0,701505.3913834246,701506.0,0.0,78221.0,78221.0,False,649983.875,19027.705764482278,51521.51638342461
2019-01-13 10:18:00,650483.0,686831.8763933379,686832.0,0.0,36349.0,36349.0,False,634045.4375,19494.861528190413,52786.43889333787
2019-01-13 10:19:00,641362.0,713440.4129337015,713441.0,0.0,72079.0,72079.0,False,660592.0625,19517.7264331109,52848.35043370157
2019-01-13 10:20:00,658398.0,724156.5234185078,724157.0,0.0,65759.0,65759.0,False,670540.5,19801.24013192226,53616.0234185078
2019-01-13 10:21:00,637255.0,713156.8495289043,713157.0,0.0,75902.0,75902.0,False,659141.75,19948.6252117741,54015.09952890431
2019-01-13 10:22:00,636686.0,689293.749574617,689294.0,0.0,52608.0,52608.0,False,634646.375,20182.134323627746,54647.37457461705
2019-01-13 10:23:00,630693.0,693652.9702779567,693653.0,0.0,62960.0,62960.0,False,639409.4375,20032.989200936314,54243.53277795663
2019-01-13 10:24:00,615430.0,682814.8399445952,682815.0,0.0,67385.0,67385.0,False,628421.5625,20088.292259864083,54393.27744459527
2019-01-13 10:25:00,645330.0,686217.768370758,686218.0,0.0,40888.0,40888.0,False,631579.0625,20178.93283504651,54638.705870758
2019-01-13 10:26:00,626160.0,688775.2523165732,688776.0,0.0,62616.0,62616.0,False,634378.125,20089.714078094006,54397.12731657321
2019-01-13 10:27:00,623951.0,674434.0740028415,674435.0,0.0,50484.0,50484.0,False,620270.625,20003.41300410896,54163.44900284148
2019-01-13 10:28:00,613952.0,676455.7232229987,676456.0,0.0,62504.0,62504.0,False,622353.8125,19980.685950165363,54101.91072299864
2019-01-13 10:29:00,628236.0,671608.8943000684,671609.0,0.0,43373.0,43373.0,False,617387.3125,20024.882359798485,54221.581800068365
2019-01-13 10:30:00,683336.0,710128.4605983144,710129.0,0.0,26793.0,26793.0,False,656307.375,19876.972817888756,53821.085598314414
2019-01-13 10:31:00,632697.0,693209.5304236371,693210.0,0.0,60513.0,60513.0,False,639495.0625,19837.59723491958,53714.467923637094
2019-01-13 10:32:00,622805.0,679705.7039817561,679706.0,0.0,56901.0,56901.0,False,625841.0625,19893.058690211932,53864.64148175609
2019-01-13 10:33:00,617582.0,672597.3985531254,672598.0,0.0,55016.0,55016.0,False,619224.25,19711.542626870352,53373.14855312542
2019-01-13 10:34:00,612783.0,663113.2688672211,663114.0,0.0,50331.0,50331.0,False,609973.9375,19625.190265209305,53139.33136722108
2019-01-13 10:35:00,627331.0,681418.2312902381,681419.0,0.0,54088.0,54088.0,False,628271.75,19627.830844154905,53146.481290238145
2019-01-13 10:36:00,610515.0,675628.5060734502,675629.0,0.0,65114.0,65114.0,False,622469.375,19632.50260791188,53159.131073450255
2019-01-13 10:37:00,611329.0,661853.3756009167,661854.0,0.0,50525.0,50525.0,False,608393.0,19743.756946567857,53460.37560091665
2019-01-13 10:38:00,647618.0,657947.8293103868,657948.0,0.0,10330.0,10330.0,False,604490.1875,19742.747314758177,53457.6418103868
2019-01-13 10:39:00,622119.0,685428.7817744594,685429.0,0.0,63310.0,63310.0,False,630511.75,20281.722965733876,54917.03177445938
2019-01-13 10:40:00,679992.0,706408.3948089489,706409.0,0.0,26417.0,26417.0,False,651339.75,20337.716042274118,55068.64480894888
2019-01-13 10:41:00,652364.0,711044.5516425216,711045.0,0.0,58681.0,58681.0,False,655477.4375,20521.808601609006,55567.11414252158
2019-01-13 10:42:00,655902.0,694276.0792236187,694277.0,0.0,38375.0,38375.0,False,638790.625,20491.65031010857,55485.45422361868
2019-01-13 10:43:00,633635.0,697216.0437439322,697217.0,0.0,63582.0,63582.0,False,641645.3125,20523.144454009936,55570.73124393214
2019-01-13 10:44:00,637382.0,686445.2692159833,686446.0,0.0,49064.0,49064.0,False,631018.75,20469.884685506837,55426.519215983295
2019-01-13 10:45:00,669323.0,700423.7834122942,700424.0,0.0,31101.0,31101.0,False,645343.4375,20342.03744364589,55080.34591229423
2019-01-13 10:46:00,631715.0,717356.8671732419,717357.0,0.0,85642.0,85642.0,False,662250.5625,20351.624422057914,55106.30467324189
2019-01-13 10:47:00,636388.0,688784.6383777267,688785.0,0.0,52397.0,52397.0,False,632303.375,20859.41828186106,56481.263377726675
2019-01-13 10:48:00,620846.0,695108.2271364162,695109.0,0.0,74263.0,74263.0,False,638629.9375,20858.320032456817,56478.28963641628
2019-01-13 10:49:00,629942.0,685424.8736666514,685425.0,0.0,55483.0,55483.0,False,628486.1875,21028.351707128582,56938.6861666514
2019-01-13 10:50:00,650769.0,713762.8649360604,713763.0,0.0,62994.0,62994.0,False,656895.5,21002.011655714967,56867.364936060374
2019-01-13 10:51:00,626510.0,696109.1919083664,696110.0,0.0,69600.0,69600.0,False,639137.0625,21040.70282192163,56972.1294083664
2019-01-13 10:52:00,632854.0,692539.8881661185,692540.0,0.0,59686.0,59686.0,False,635855.8125,20934.32004756654,56684.075666118566
2019-01-13 10:53:00,625060.0,688601.7549880398,688602.0,0.0,63542.0,63542.0,False,632422.5,20747.881836881435,56179.25498803981
2019-01-13 10:54:00,621117.0,686640.9714580949,686641.0,0.0,65524.0,65524.0,False,630333.0625,20795.39577007823,56307.90895809484
2019-01-13 10:55:00,639438.0,708467.5003860046,708468.0,0.0,69030.0,69030.0,False,652001.6875,20853.712172432595,56465.81288600459
2019-01-13 10:56:00,611415.0,684553.1871173484,684554.0,0.0,73139.0,73139.0,False,627814.75,20954.39658590508,56738.4371173484
2019-01-13 10:57:00,627507.0,671714.0740459213,671715.0,0.0,44208.0,44208.0,False,614588.125,21097.510831655127,57125.94904592131
2019-01-13 10:58:00,609230.0,677610.7521656334,677611.0,0.0,68381.0,68381.0,False,620402.0625,21128.06824294975,57208.68966563332
2019-01-13 10:59:00,614930.0,668845.5815048255,668846.0,0.0,53916.0,53916.0,False,611431.4375,21203.945759540897,57414.144004825466
2019-01-13 11:00:00,725337.0,709632.8679416844,709633.0,15704.0,0.0,157040.0,False,652280.625,21181.084724023392,57352.24294168439
2019-01-13 11:01:00,682411.0,725768.5623871585,725769.0,0.0,43358.0,43358.0,False,669532.3125,20768.930948915237,56236.24988715846
2019-01-13 11:02:00,663537.0,710460.5951538114,710461.0,0.0,46924.0,46924.0,False,655957.75,20128.75733695416,54502.8451538114
2019-01-13 11:03:00,642260.0,704921.9092317583,704922.0,0.0,62662.0,62662.0,False,651721.0,19647.931938402697,53200.90923175832
2019-01-13 11:04:00,629967.0,687638.722512539,687639.0,0.0,57672.0,57672.0,False,635411.0625,19288.49570517927,52227.66001253901
2019-01-13 11:05:00,648462.0,701090.3923323513,701091.0,0.0,52629.0,52629.0,False,648904.6875,19273.000997726063,52185.704832351345
2019-01-13 11:06:00,714068.0,724431.7990208447,724432.0,0.0,10364.0,10364.0,False,673902.3125,18661.333544490288,50529.48652084477
2019-01-13 11:07:00,720571.0,765463.2650115506,765464.0,0.0,44893.0,44893.0,False,713400.5,19227.59738965822,52062.76501155064
2019-01-13 11:08:00,684048.0,770438.6500586334,770439.0,0.0,86391.0,86391.0,False,718333.6875,19243.181607015063,52104.962558633386
2019-01-13 11:09:00,727708.0,726512.3824502727,726513.0,1195.0,0.0,11950.0,False,673114.9375,19720.515668203494,53397.44495027266
2019-01-13 11:10:00,690386.0,774992.3474446394,774993.0,0.0,84607.0,84607.0,False,721257.375,19845.16987679544,53734.972444639374
2019-01-13 11:11:00,630915.0,722397.2831038156,722398.0,0.0,91483.0,91483.0,False,668727.0,19821.27908650635,53670.28310381564
2019-01-13 11:12:00,627798.0,685680.1713095786,685681.0,0.0,57883.0,57883.0,False,630776.375,20276.8349005315,54903.7963095786
2019-01-13 11:13:00,635876.0,681563.9030076277,681564.0,0.0,45688.0,45688.0,False,627109.3125,20110.936137699875,54454.59050762774
2019-01-13 11:14:00,636610.0,685002.1430673477,685003.0,0.0,48393.0,48393.0,False,630475.5,20137.546280455124,54526.64306734774
2019-01-13 11:15:00,659786.0,696214.0757847732,696215.0,0.0,36429.0,36429.0,False,641767.75,20107.883845652977,54446.325784773195
2019-01-13 11:16:00,635159.0,700363.0279997581,700364.0,0.0,65205.0,65205.0,False,646181.625,20010.043697353394,54181.40299975814
2019-01-13 11:17:00,617394.0,696912.0991788572,696913.0,0.0,79519.0,79519.0,False,642586.125,20063.43610602103,54325.97417885714
2019-01-13 11:18:00,621548.0,679286.8547293018,679287.0,0.0,57739.0,57739.0,False,625050.5,20030.33823475062,54236.35472930175
2019-01-13 11:19:00,606165.0,693804.4511633012,693805.0,0.0,87640.0,87640.0,False,639844.875,19928.119560195686,53959.57616330119
2019-01-13 11:20:00,655294.0,696431.1923566464,696432.0,0.0,41138.0,41138.0,False,641611.625,20245.727824386497,54819.56735664636
2019-01-13 11:21:00,635518.0,690162.6097420919,690163.0,0.0,54645.0,54645.0,False,635306.25,20259.31583059773,54856.359742091845
2019-01-13 11:22:00,621572.0,680629.2851035876,680630.0,0.0,59058.0,59058.0,False,626335.375,20051.594339072642,54293.91010358755
2019-01-13 11:23:00,619903.0,678678.1308197998,678679.0,0.0,58776.0,58776.0,False,624353.3125,20063.00922910452,54324.81831979983
2019-01-13 11:24:00,601904.0,674649.6822800786,674650.0,0.0,72746.0,72746.0,False,620394.1875,20037.406956326868,54255.49478007867
2019-01-13 11:25:00,620051.0,686504.5560102918,686505.0,0.0,66454.0,66454.0,False,632046.75,20112.123673371792,54457.806010291795
2019-01-13 11:26:00,601785.0,672154.6572871491,672155.0,0.0,70370.0,70370.0,False,617726.4375,20101.19701615828,54428.21978714907
2019-01-13 11:27:00,604609.0,656390.0836964868,656391.0,0.0,51782.0,51782.0,False,601751.3125,20178.956960864885,54638.771196486814
2019-01-13 11:28:00,602073.0,655890.0972488779,655891.0,0.0,53818.0,53818.0,False,601257.3125,20176.746071673846,54632.784748877835
2019-01-13 11:29:00,606733.0,657157.3280210433,657158.0,0.0,50425.0,50425.0,False,602604.5625,20147.193713171717,54552.765521043315
2019-01-13 11:30:00,685358.0,700255.5888627133,700256.0,0.0,14898.0,14898.0,False,645814.0625,20106.111343653705,54441.5263627133
2019-01-13 11:31:00,635989.0,694350.5274661295,694351.0,0.0,58362.0,58362.0,False,638986.125,20446.943993496392,55364.40246612954
2019-01-13 11:32:00,614652.0,683953.862087033,683954.0,0.0,69302.0,69302.0,False,628633.0,20430.86384717156,55320.86208703301
2019-01-13 11:33:00,626400.0,674518.2429699625,674519.0,0.0,48119.0,48119.0,False,618986.5,20508.745471653972,55531.74296996259
2019-01-13 11:34:00,619131.0,674817.5548286566,674818.0,0.0,55687.0,55687.0,False,619232.625,20528.388214507966,55584.92982865664
2019-01-13 11:35:00,623925.0,693605.159697654,693606.0,0.0,69681.0,69681.0,False,638027.1875,20525.81865202553,55577.97219765395
2019-01-13 11:36:00,604437.0,693486.4532213202,693487.0,0.0,89050.0,89050.0,False,637687.4375,20607.453499458272,55799.01572132013
2019-01-13 11:37:00,603052.0,671383.510121929,671384.0,0.0,68332.0,68332.0,False,614547.25,20990.524158981625,56836.260121928965
2019-01-13 11:38:00,598172.0,661461.6947862253,661462.0,0.0,63290.0,63290.0,False,604506.8125,21034.333188641784,56954.88228622536
2019-01-13 11:39:00,598896.0,662874.3972707337,662875.0,0.0,63979.0,63979.0,False,608014.8125,20260.506884362985,54859.58477073375
2019-01-13 11:40:00,638908.0,694041.9746024294,694042.0,0.0,55134.0,55134.0,False,639170.5,20264.89798608077,54871.47460242941
2019-01-13 11:41:00,598256.0,671772.222561225,671773.0,0.0,73517.0,73517.0,False,617930.6875,19884.525125946,53841.535061224975
2019-01-13 11:42:00,648457.0,657386.4506178637,657387.0,0.0,8930.0,8930.0,False,603194.0625,20014.100674122954,54192.388117863666
2019-01-13 11:43:00,638380.0,690398.4561809262,690399.0,0.0,52019.0,52019.0,False,634143.0,20776.024135069114,56255.45618092614
2019-01-13 11:44:00,627501.0,681759.4052597138,681760.0,0.0,54259.0,54259.0,False,625511.6875,20773.166214490542,56247.717759713734
2019-01-13 11:45:00,657588.0,686762.093091073,686763.0,0.0,29175.0,29175.0,False,630568.625,20753.13095921906,56193.46809107304
2019-01-13 11:46:00,648007.0,697437.6793808785,697438.0,0.0,49431.0,49431.0,False,641065.75,20819.03951842171,56371.92938087844
2019-01-13 11:47:00,629666.0,695934.1761298542,695935.0,0.0,66269.0,66269.0,False,640429.5,20498.74926219217,55504.67612985412
2019-01-13 11:48:00,636926.0,678122.9788185182,678123.0,0.0,41197.0,41197.0,False,622542.375,20526.790550971902,55580.6038185182
2019-01-13 11:49:00,638593.0,684735.1044192888,684736.0,0.0,46143.0,46143.0,False,629213.1875,20505.11655670401,55521.91691928877
2019-01-13 11:50:00,652785.0,702920.9128199642,702921.0,0.0,50136.0,50136.0,False,647295.25,20543.431548398625,55625.66281996428
2019-01-13 11:51:00,620515.0,694644.8902662292,694645.0,0.0,74130.0,74130.0,False,639017.8125,20543.954110292965,55627.07776622916
2019-01-13 11:52:00,623563.0,683424.360107541,683425.0,0.0,59862.0,59862.0,False,627600.9375,20616.467346142857,55823.42260754098
2019-01-13 11:53:00,624070.0,678898.9103519974,678899.0,0.0,54829.0,54829.0,False,623068.375,20619.09419446166,55830.535351997365
2019-01-13 11:54:00,629549.0,681833.5677582356,681834.0,0.0,52285.0,52285.0,False,626055.375,20599.763251916473,55778.192758235586
2019-01-13 11:55:00,630790.0,706861.0030237301,706862.0,0.0,76072.0,76072.0,False,651158.4375,20571.832925579743,55702.56552373008
2019-01-13 11:56:00,616685.0,685590.2824458102,685591.0,0.0,68906.0,68906.0,False,629608.3125,20675.021370055423,55981.9699458101
2019-01-13 11:57:00,611822.0,674914.3097974309,674915.0,0.0,63093.0,63093.0,False,619042.625,20634.29133140641,55871.68479743085
2019-01-13 11:58:00,633042.0,668458.8329772454,668459.0,0.0,35417.0,35417.0,False,612725.1875,20583.311240896845,55733.645477245445
2019-01-13 11:59:00,618982.0,683649.0962784794,683650.0,0.0,64668.0,64668.0,False,627587.875,20704.29013280403,56061.221278479425
2019-01-13 12:00:00,738557.0,717569.275995126,717570.0,20987.0,0.0,209870.0,False,661441.375,20728.91600016723,56127.90099512595
2019-01-13 12:01:00,671612.0,737001.0102813401,737002.0,0.0,65390.0,65390.0,False,680212.625,20972.843227902926,56788.38528134015
2019-01-13 12:02:00,678134.0,717108.5227714536,717109.0,0.0,38975.0,38975.0,False,660430.0625,20932.246194059575,56678.46027145362
2019-01-13 12:03:00,687847.0,722914.9387050311,722915.0,0.0,35068.0,35068.0,False,665954.0,21036.569919295503,56960.93870503103
2019-01-13 12:04:00,650508.0,716034.3317297994,716035.0,0.0,65527.0,65527.0,False,658657.75,21190.07342100719,57376.58172979939
2019-01-13 12:05:00,705419.0,733618.0644241574,733619.0,0.0,28200.0,28200.0,False,676200.875,21205.070480765047,57417.18942415737
2019-01-13 12:06:00,733421.0,783397.4041279405,783398.0,0.0,49977.0,49977.0,False,725108.75,21526.916092689866,58288.654127940536
2019-01-13 12:07:00,714910.0,798445.2815317693,798446.0,0.0,83536.0,83536.0,False,741766.8125,20932.249429381834,56678.46903176929
2019-01-13 12:08:00,724544.0,775566.3857764185,775567.0,0.0,51023.0,51023.0,False,718176.875,21194.84832112954,57389.51077641846
2019-01-13 12:09:00,688445.0,771924.0379419234,771925.0,0.0,83480.0,83480.0,False,715752.75,20744.939481532507,56171.28794192337
2019-01-13 12:10:00,671089.0,747815.8991519522,747816.0,0.0,76727.0,76727.0,False,694200.875,19800.871087077827,53615.02415195228
2019-01-13 12:11:00,636488.0,707969.1262551714,707970.0,0.0,71482.0,71482.0,False,654815.8125,19630.354180840655,53153.31375517139
2019-01-13 12:12:00,632173.0,690599.5504751283,690600.0,0.0,58427.0,58427.0,False,638683.5,19173.41340544391,51916.05047512829
2019-01-13 12:13:00,623120.0,694209.9422366438,694210.0,0.0,71090.0,71090.0,False,642259.75,19186.022494577912,51950.192236643765
2019-01-13 12:14:00,646911.0,681546.0378611969,681547.0,0.0,34636.0,34636.0,False,629315.125,19289.69703331366,52230.912861196855
2019-01-13 12:15:00,664692.0,696572.0659083158,696573.0,0.0,31881.0,31881.0,False,643996.375,19417.028984994027,52575.69090831587
2019-01-13 12:16:00,682082.0,706939.8889852639,706940.0,0.0,24858.0,24858.0,False,654238.1875,19463.56667157015,52701.70148526383
2019-01-13 12:17:00,686672.0,720801.0608825437,720802.0,0.0,34130.0,34130.0,False,667296.0625,19760.23684115935,53504.998382543716
2019-01-13 12:18:00,685927.0,732830.6132555899,732831.0,0.0,46904.0,46904.0,False,679635.125,19645.929886702164,53195.48825558988
2019-01-13 12:19:00,648205.0,746736.9452261415,746737.0,0.0,98532.0,98532.0,False,693523.0625,19652.723253782922,53213.88272614151
2019-01-13 12:20:00,668319.0,710494.1827502131,710495.0,0.0,42176.0,42176.0,False,656220.25,20044.216388487228,54273.932750213076
2019-01-13 12:21:00,634727.0,708138.688470635,708139.0,0.0,73412.0,73412.0,False,653909.125,20027.830116186713,54229.563470634974
2019-01-13 12:22:00,629726.0,684415.6141411978,684416.0,0.0,54690.0,54690.0,False,629761.125,20184.76184488568,54654.48914119771
2019-01-13 12:23:00,639412.0,683218.4872205408,683219.0,0.0,43807.0,43807.0,False,628591.0,20174.789611197666,54627.48722054075
2019-01-13 12:24:00,631580.0,692962.9940380624,692963.0,0.0,61383.0,61383.0,False,638237.75,20210.89274035308,54725.244038062374
2019-01-13 12:25:00,670933.0,688306.1672752596,688307.0,0.0,17374.0,17374.0,False,633928.6875,20082.457932286354,54377.47977525967
2019-01-13 12:26:00,644529.0,701459.6352383419,701460.0,0.0,56931.0,56931.0,False,645835.625,20542.82122403182,55624.01023834184
2019-01-13 12:27:00,604407.0,696787.7206412005,696788.0,0.0,92381.0,92381.0,False,641492.875,20421.255564824944,55294.84564120055
2019-01-13 12:28:00,627967.0,677805.8357800064,677806.0,0.0,49839.0,49839.0,False,620902.5,21015.29625373826,56903.33578000636
2019-01-13 12:29:00,627388.0,683742.034862019,683743.0,0.0,56355.0,56355.0,False,626800.5,21029.403775100793,56941.53486201897
2019-01-13 12:30:00,673660.0,713549.651682291,713550.0,0.0,39890.0,39890.0,False,656617.5625,21025.915337119422,56932.089182290976
2019-01-13 12:31:00,664857.0,704028.2179191828,704029.0,0.0,39172.0,39172.0,False,648434.9375,20531.47221883561,55593.2804191829
2019-01-13 12:32:00,664154.0,704661.8785827978,704662.0,0.0,40508.0,40508.0,False,648819.875,20623.32959234256,55842.003582797865
2019-01-13 12:33:00,633467.0,714825.7566789836,714826.0,0.0,81359.0,81359.0,False,659022.375,20609.06591624318,55803.38167898359
2019-01-13 12:34:00,638712.0,693087.7435358694,693088.0,0.0,54376.0,54376.0,False,636544.3125,20882.37777510277,56543.43103586946
2019-01-13 12:35:00,640183.0,721149.2565214674,721150.0,0.0,80967.0,80967.0,False,664605.625,20882.451817585094,56543.631521467316
2019-01-13 12:36:00,611914.0,697351.6610121706,697352.0,0.0,85438.0,85438.0,False,640359.5625,21048.07772581106,56992.098512170545
2019-01-13 12:37:00,600588.0,670228.4915146846,670229.0,0.0,69641.0,69641.0,False,613564.1875,20927.018065940763,56664.304014684574
2019-01-13 12:38:00,623615.0,662438.5103939096,662439.0,0.0,38824.0,38824.0,False,605732.25,20942.513216217336,56706.260393909666
2019-01-13 12:39:00,617005.0,678937.9720104289,678938.0,0.0,61933.0,61933.0,False,621988.125,21032.473582150695,56949.84701042893
2019-01-13 12:40:00,647124.0,689518.592473401,689519.0,0.0,42395.0,42395.0,False,632643.1875,21004.980967870175,56875.40497340096
2019-01-13 12:41:00,603782.0,688545.9961859722,688546.0,0.0,84764.0,84764.0,False,631492.875,21070.614358339863,57053.121185972195
2019-01-13 12:42:00,616708.0,687071.190691273,687072.0,0.0,70364.0,70364.0,False,629585.3125,21230.438322042755,57485.87819127301
2019-01-13 12:43:00,633942.0,676918.6355890264,676919.0,0.0,42977.0,42977.0,False,621342.8125,20525.02495243181,55575.82308902638
2019-01-13 12:44:00,631285.0,689094.757546382,689095.0,0.0,57810.0,57810.0,False,633375.0,20578.18220975225,55719.75754638199
2019-01-13 12:45:00,660765.0,713596.1483891051,713597.0,0.0,52832.0,52832.0,False,657870.4375,20580.380872788613,55725.71088910506
2019-01-13 12:46:00,660288.0,700623.6752611318,700624.0,0.0,40336.0,40336.0,False,645674.5,20293.594060561445,54949.17526113182
2019-01-13 12:47:00,650397.0,706959.2380705677,706960.0,0.0,56563.0,56563.0,False,651830.625,20359.86326381162,55128.61307056777
2019-01-13 12:48:00,634949.0,702137.9376437566,702138.0,0.0,67189.0,67189.0,False,647143.5625,20310.287087621702,54994.37514375663
2019-01-13 12:49:00,640612.0,693592.694748559,693593.0,0.0,52981.0,52981.0,False,638648.75,20291.662350060316,54943.94474855906
2019-01-13 12:50:00,659994.0,720725.992408697,720726.0,0.0,60732.0,60732.0,False,665876.375,20256.825780905703,54849.61740869699
2019-01-13 12:51:00,651323.0,706798.6771446001,706799.0,0.0,55476.0,55476.0,False,651949.125,20256.801677848965,54849.55214460011
2019-01-13 12:52:00,640861.0,703175.5450986407,703176.0,0.0,62315.0,62315.0,False,648702.4375,20117.774790444248,54473.10759864075
2019-01-13 12:53:00,633585.0,700291.3407556313,700292.0,0.0,66707.0,66707.0,False,645767.8125,20136.395931532723,54523.528255631296
2019-01-13 12:54:00,638021.0,699573.7426441251,699574.0,0.0,61553.0,61553.0,False,644890.25,20195.473294365045,54683.49264412508
2019-01-13 12:55:00,661599.0,709497.7364249808,709498.0,0.0,47899.0,47899.0,False,654783.625,20206.781291370673,54714.111424980765
2019-01-13 12:56:00,646292.0,712805.8471405437,712806.0,0.0,66514.0,66514.0,False,658490.9375,20059.34979812047,54314.90964054379
2019-01-13 12:57:00,630524.0,701873.4855974868,701874.0,0.0,71350.0,71350.0,False,647579.0625,20051.78379578236,54294.42309748679
2019-01-13 12:58:00,633859.0,690224.4695894952,690225.0,0.0,56366.0,56366.0,False,635663.5625,20150.200522362087,54560.90708949519
2019-01-13 12:59:00,623645.0,691265.9738601749,691266.0,0.0,67621.0,67621.0,False,637182.3125,19973.946173649172,54083.66136017489
2019-01-13 13:00:00,748700.0,716027.2155468131,716028.0,32672.0,0.0,326720.0,False,661826.5625,20017.153042283913,54200.653046813044
2019-01-13 13:01:00,687942.0,735078.3358075786,735079.0,0.0,47137.0,47137.0,False,679091.875,20676.67991588945,55986.46080757863
2019-01-13 13:02:00,680631.0,730617.1256152794,730618.0,0.0,49987.0,49987.0,False,674614.75,20682.557504506527,56002.37561527946
2019-01-13 13:03:00,670618.0,735902.3743347807,735903.0,0.0,65285.0,65285.0,False,680209.5625,20568.230734951947,55692.81183478075
2019-01-13 13:04:00,668331.0,717331.4126004362,717332.0,0.0,49001.0,49001.0,False,662107.25,20395.151206944767,55224.16260043623
2019-01-13 13:05:00,663013.0,747576.0580719613,747577.0,0.0,84564.0,84564.0,False,692358.75,20392.619721846302,55217.30807196131
2019-01-13 13:06:00,689142.0,750023.9330687068,750024.0,0.0,60882.0,60882.0,False,694943.125,20342.208125272755,55080.808068706756
2019-01-13 13:07:00,740876.0,766998.4580877156,766999.0,0.0,26123.0,26123.0,False,712010.9375,20307.75559234262,54987.520587715546
2019-01-13 13:08:00,762149.0,803527.042143656,803528.0,0.0,41379.0,41379.0,False,748245.75,20416.250045161327,55281.292143656035
2019-01-13 13:09:00,769978.0,803819.6901294263,803820.0,0.0,33842.0,33842.0,False,748355.75,20483.704816986115,55463.94012942625
2019-01-13 13:10:00,695218.0,818654.3625310343,818655.0,0.0,123437.0,123437.0,False,763456.875,20385.299684562357,55197.487531034305
2019-01-13 13:11:00,672596.0,750994.3387092954,750995.0,0.0,78399.0,78399.0,False,691440.25,21994.260972429587,59554.08870929533
2019-01-13 13:12:00,658621.0,727229.2613529923,727230.0,0.0,68609.0,68609.0,False,667656.25,22001.2494021542,59573.01135299224
2019-01-13 13:13:00,669088.0,718094.3647379114,718095.0,0.0,49007.0,49007.0,False,658485.0,22014.6752785713,59609.36473791143
2019-01-13 13:14:00,650851.0,723806.8259349201,723807.0,0.0,72956.0,72956.0,False,664426.1875,21930.203059983472,59380.6384349201
2019-01-13 13:15:00,683204.0,716905.5133662774,716906.0,0.0,33702.0,33702.0,False,657688.4375,21869.796832669548,59217.07586627745
2019-01-13 13:16:00,681256.0,732011.9255989968,732012.0,0.0,50756.0,50756.0,False,672558.0,21957.26916153194,59453.92559899681
2019-01-13 13:17:00,678090.0,731085.2578318056,731086.0,0.0,52996.0,52996.0,False,672389.5625,21677.242806747097,58695.695331805655
2019-01-13 13:18:00,679483.0,733160.6048515986,733161.0,0.0,53678.0,53678.0,False,674855.875,21532.853110099077,58304.72985159863
2019-01-13 13:19:00,653077.0,745363.2862986986,745364.0,0.0,92287.0,92287.0,False,687082.0625,21524.17195531829,58281.22379869864
2019-01-13 13:20:00,682058.0,737957.7153891282,737958.0,0.0,55900.0,55900.0,False,680596.125,21184.53688327829,57361.59038912818
2019-01-13 13:21:00,660120.0,730843.8210647157,730844.0,0.0,70724.0,70724.0,False,673663.125,21117.72976615526,57180.69606471579
2019-01-13 13:22:00,657867.0,712153.3223168645,712154.0,0.0,54287.0,54287.0,False,655155.25,21050.283945774874,56998.0723168645
2019-01-13 13:23:00,658700.0,717267.9825233499,717268.0,0.0,58568.0,58568.0,False,660255.1875,21055.72127267685,57012.79502334995
2019-01-13 13:24:00,645084.0,710756.6109658591,710757.0,0.0,65673.0,65673.0,False,653899.875,20998.086209964065,56856.7359658592
2019-01-13 13:25:00,672601.0,715557.0390365798,715558.0,0.0,42957.0,42957.0,False,658670.75,21009.000623467036,56886.28903657982
2019-01-13 13:26:00,650250.0,712853.0335220753,712854.0,0.0,62604.0,62604.0,False,657323.1875,20508.044898984845,55529.84602207529
2019-01-13 13:27:00,652579.0,706159.8609434474,706160.0,0.0,53581.0,53581.0,False,650599.875,20519.17604565695,55559.9859434474
2019-01-13 13:28:00,650122.0,712261.2696066756,712262.0,0.0,62140.0,62140.0,False,658094.875,20004.50086190099,54166.39460667563
2019-01-13 13:29:00,652723.0,704258.7105254657,704259.0,0.0,51536.0,51536.0,False,650122.25,19993.44573523596,54136.46052546568
2019-01-13 13:30:00,705334.0,740818.7687636951,740819.0,0.0,35485.0,35485.0,False,686668.5,19998.54533463831,54150.26876369519
2019-01-13 13:31:00,675274.0,725355.1705686352,725356.0,0.0,50082.0,50082.0,False,671134.375,20024.591992173035,54220.795568635265
2019-01-13 13:32:00,657533.0,718763.6783501382,718764.0,0.0,61231.0,61231.0,False,664870.0625,19903.759379845826,53893.6158501382
2019-01-13 13:33:00,666870.0,712988.8732470747,712989.0,0.0,46119.0,46119.0,False,659393.875,19793.475205659193,53594.9982470746
2019-01-13 13:34:00,655518.0,715148.0011565075,715149.0,0.0,59631.0,59631.0,False,662108.0,19588.50605721906,53040.00115650748
2019-01-13 13:35:00,672598.0,730162.9750686932,730163.0,0.0,57565.0,57565.0,False,677108.75,19593.759171546568,53054.22506869315
2019-01-13 13:36:00,655622.0,717846.5319312579,717847.0,0.0,62225.0,62225.0,False,665394.375,19371.405945682018,52452.1569312579
2019-01-13 13:37:00,649490.0,709446.0460674966,709447.0,0.0,59957.0,59957.0,False,657783.625,19079.744078910113,51662.42106749662
2019-01-13 13:38:00,667836.0,704074.5808702954,704075.0,0.0,36239.0,36239.0,False,652520.125,19039.87083469384,51554.45587029541
2019-01-13 13:39:00,649817.0,710585.2553583606,710586.0,0.0,60769.0,60769.0,False,659137.25,19000.556987552784,51448.005358360635
2019-01-13 13:40:00,678446.0,735895.9231321448,735896.0,0.0,57450.0,57450.0,False,684383.9375,19024.185908239786,51511.985632144904
2019-01-13 13:41:00,661511.0,718891.5499838034,718892.0,0.0,57381.0,57381.0,False,667642.5,18927.079640745604,51249.04998380344
2019-01-13 13:42:00,674716.0,705752.6291649464,705753.0,0.0,31037.0,31037.0,False,655322.4375,18624.662393588977,50430.191664946404
2019-01-13 13:43:00,662242.0,720801.6248968234,720802.0,0.0,58560.0,58560.0,False,670064.0625,18738.17923581942,50737.56239682347
2019-01-13 13:44:00,641646.0,708839.3694151562,708840.0,0.0,67194.0,67194.0,False,658248.3125,18684.07245881187,50591.05691515618
2019-01-13 13:45:00,681359.0,718795.0507626304,718796.0,0.0,37437.0,37437.0,False,667908.0,18793.387638821776,50887.05076263045
2019-01-13 13:46:00,667668.0,712224.7744905041,712225.0,0.0,44557.0,44557.0,False,661108.0,18878.228222095182,51116.77449050412
2019-01-13 13:47:00,658720.0,709307.860654764,709308.0,0.0,50588.0,50588.0,False,658412.5,18796.45661259332,50895.36065476396
2019-01-13 13:48:00,660008.0,709040.568883428,709041.0,0.0,49033.0,49033.0,False,658143.625,18797.04132382258,50896.94388342804
2019-01-13 13:49:00,656296.0,707171.3001839014,707172.0,0.0,50876.0,50876.0,False,656421.5625,18742.6757606964,50749.73768390144
2019-01-13 13:50:00,679899.0,731916.7304140617,731917.0,0.0,52018.0,52018.0,False,681175.1875,18739.649303397306,50741.54291406166
2019-01-13 13:51:00,649639.0,713688.289260308,713689.0,0.0,64050.0,64050.0,False,662978.8125,18727.80676883209,50709.47676030802
2019-01-13 13:52:00,648444.0,706203.6730379994,706204.0,0.0,57760.0,57760.0,False,655303.8125,18798.118490196877,50899.86053799942
2019-01-13 13:53:00,654582.0,699706.8626617303,699707.0,0.0,45125.0,45125.0,False,648822.3125,18792.46412760738,50884.55016173029
2019-01-13 13:54:00,653210.0,698709.52779762,698710.0,0.0,45500.0,45500.0,False,647933.4375,18752.408195126915,50776.09029762003
2019-01-13 13:55:00,673656.0,726505.4827601691,726506.0,0.0,52850.0,52850.0,False,675739.625,18748.62915822142,50765.85776016912
2019-01-13 13:56:00,652266.0,707829.2274402393,707830.0,0.0,55564.0,55564.0,False,657123.0625,18726.583661628785,50706.16494023923
2019-01-13 13:57:00,645691.0,699770.7866391088,699771.0,0.0,54080.0,54080.0,False,649208.0625,18673.6087193111,50562.724139108795
2019-01-13 13:58:00,655673.0,696486.381613167,696487.0,0.0,40814.0,40814.0,False,646252.8125,18552.046594898642,50233.56911316703
2019-01-13 13:59:00,650901.0,703101.6582903593,703102.0,0.0,52201.0,52201.0,False,652762.8125,18590.926926420114,50338.84579035928
2019-01-13 14:00:00,751842.0,741517.1963506155,741518.0,10324.0,0.0,103240.0,False,691401.0,18508.698988939723,50116.196350615515
2019-01-13 14:01:00,705909.0,733372.8408943068,733373.0,0.0,27464.0,27464.0,False,688251.625,16663.974200277276,45121.2158943068
2019-01-13 14:02:00,691113.0,730290.5233210155,730291.0,0.0,39178.0,39178.0,False,684851.1875,16781.460889104234,45439.33582101553
2019-01-13 14:03:00,707401.0,727420.4262427588,727421.0,0.0,20020.0,20020.0,False,681977.0,16782.971546143184,45443.42624275872
2019-01-13 14:04:00,688777.0,730537.233199256,730538.0,0.0,41761.0,41761.0,False,684376.5625,17047.861196864484,46160.670699256036
2019-01-13 14:05:00,706575.0,746809.6987035852,746810.0,0.0,40235.0,40235.0,False,700672.1875,17039.30803111528,46137.51120358524
2019-01-13 14:06:00,670946.0,777115.6718381429,777116.0,0.0,106170.0,106170.0,False,732161.6875,16602.21295820627,44953.98433814296
2019-01-13 14:07:00,766913.0,756414.5552951923,756415.0,10498.0,0.0,104980.0,False,706583.5625,18403.368833375367,49830.99279519227
2019-01-13 14:08:00,773540.0,836083.7782008597,836084.0,0.0,62544.0,62544.0,False,782953.875,19621.708295189484,53129.903200859706
2019-01-13 14:09:00,780902.0,794173.6117988686,794174.0,0.0,13272.0,13272.0,False,741137.6875,19587.000409617038,53035.92429886866
2019-01-13 14:10:00,772538.0,820021.4542834297,820022.0,0.0,47484.0,47484.0,False,765736.125,20048.425307323505,54285.32928342963
2019-01-13 14:11:00,735948.0,773467.7052223483,773468.0,0.0,37520.0,37520.0,False,724877.1875,17945.2418924175,48590.51772234835
2019-01-13 14:12:00,699928.0,755587.5776730374,755588.0,0.0,55660.0,55660.0,False,707449.6875,17778.079424506155,48137.89017303737
2019-01-13 14:13:00,665835.0,713032.7345684412,713033.0,0.0,47198.0,47198.0,False,664935.75,17762.972341815086,48096.98456844122
2019-01-13 14:14:00,656164.0,706543.3411702042,706544.0,0.0,50380.0,50380.0,False,658531.625,17731.481382182046,48011.71617020417
2019-01-13 14:15:00,706922.0,705647.7254324566,705648.0,1274.0,0.0,12740.0,False,657930.125,17622.85981761248,47717.60043245661
2019-01-13 14:16:00,697580.0,737020.487817062,737021.0,0.0,39441.0,39441.0,False,687263.0,18376.222289673526,49757.48781706199
2019-01-13 14:17:00,670848.0,730089.7498399686,730090.0,0.0,59242.0,59242.0,False,680305.625,18386.059760887267,49784.12483996868
2019-01-13 14:18:00,670531.0,715421.7489031388,715422.0,0.0,44891.0,44891.0,False,665467.8125,18448.773840095695,49953.93640313883
2019-01-13 14:19:00,656887.0,713785.7999808274,713786.0,0.0,56899.0,56899.0,False,663829.4375,18449.66982871678,49956.36248082743
2019-01-13 14:20:00,683398.0,726110.9749273792,726111.0,0.0,42713.0,42713.0,False,677719.75,17871.639930948953,48391.22492737922
2019-01-13 14:21:00,690678.0,730557.4000721009,730558.0,0.0,39880.0,39880.0,False,682160.75,17873.643522161725,48396.65007210093
2019-01-13 14:22:00,646593.0,725262.3092845831,725263.0,0.0,78670.0,78670.0,False,677189.375,17754.090193987762,48072.93428458306
2019-01-13 14:23:00,659387.0,700305.7146098033,700306.0,0.0,40919.0,40919.0,False,650803.875,18281.807388707955,49501.83960980323
2019-01-13 14:24:00,659235.0,701176.759713436,701177.0,0.0,41942.0,41942.0,False,651661.875,18286.625150509557,49514.88471343606
2019-01-13 14:25:00,694911.0,718920.0918446273,718921.0,0.0,24010.0,24010.0,False,669560.5625,18229.24997108692,49359.52934462732
2019-01-13 14:26:00,664467.0,731979.5986003702,731980.0,0.0,67513.0,67513.0,False,682164.3125,18397.568104115344,49815.28610037025
2019-01-13 14:27:00,643551.0,698914.507591556,698915.0,0.0,55364.0,55364.0,False,648688.1875,18549.369417284743,50226.32009155596
2019-01-13 14:28:00,649846.0,690427.9191139,690428.0,0.0,40582.0,40582.0,False,640117.125,18580.567001415282,50310.79411390001
2019-01-13 14:29:00,627330.0,689409.0710069587,689410.0,0.0,62080.0,62080.0,False,639206.5,18540.598507078434,50202.57100695873
2019-01-13 14:30:00,725334.0,694843.19374583,694844.0,30490.0,0.0,304900.0,False,644357.5,18645.160184385928,50485.69374582997
2019-01-13 14:31:00,674235.0,728174.3017347644,728175.0,0.0,53940.0,53940.0,False,671171.25,21052.12292306685,57003.051734764376
2019-01-13 14:32:00,632654.0,716508.7898541626,716509.0,0.0,83855.0,83855.0,False,659504.0625,21052.74175564634,57004.727354162605
2019-01-13 14:33:00,621861.0,696473.5064337956,696474.0,0.0,74613.0,74613.0,False,638586.75,21378.48895761286,57886.75643379555
2019-01-13 14:34:00,659051.0,687189.0670903886,687190.0,0.0,28139.0,28139.0,False,628873.875,21536.716979319328,58315.19209038867
2019-01-13 14:35:00,671745.0,730424.2920679213,730425.0,0.0,58680.0,58680.0,False,671503.875,21760.236075847915,58920.41706792128
2019-01-13 14:36:00,659434.0,729551.905053695,729552.0,0.0,70118.0,70118.0,False,670694.375,21737.010913098416,58857.53005369492
2019-01-13 14:37:00,663618.0,724704.3795997313,724705.0,0.0,61087.0,61087.0,False,665801.1875,21753.874624370408,58903.192099731335
2019-01-13 14:38:00,664081.0,713382.4209886478,713383.0,0.0,49302.0,49302.0,False,654600.375,21709.13346149288,58782.04598864784
2019-01-13 14:39:00,663055.0,714191.1150892829,714192.0,0.0,51137.0,51137.0,False,655507.25,21672.87371224742,58683.865089282874
2019-01-13 14:40:00,689790.0,742100.9170915576,742101.0,0.0,52311.0,52311.0,False,683603.125,21604.154029676705,58497.79209155765
2019-01-13 14:41:00,689541.0,734898.5713396964,734899.0,0.0,45358.0,45358.0,False,676515.375,21561.83201741201,58383.19633969642
2019-01-13 14:42:00,657393.0,723978.3226442535,723979.0,0.0,66586.0,66586.0,False,665653.625,21540.227529760472,58324.69764425349
2019-01-13 14:43:00,645293.0,706279.3989900795,706280.0,0.0,60987.0,60987.0,False,647997.125,21524.55980750112,58282.273990079535
2019-01-13 14:44:00,649219.0,700007.9042495586,700008.0,0.0,50789.0,50789.0,False,641832.0625,21485.25270828034,58175.84174955853
2019-01-13 14:45:00,675194.0,716199.7623099638,716200.0,0.0,41006.0,41006.0,False,658504.4375,21307.79025019943,57695.32480996378
2019-01-13 14:46:00,670386.0,712047.1228891449,712048.0,0.0,41662.0,41662.0,False,654283.5625,21332.990722050185,57763.56038914497
2019-01-13 14:47:00,668760.0,709158.8010390747,709159.0,0.0,40399.0,40399.0,False,651272.0625,21378.482348811176,57886.73853907464
2019-01-13 14:48:00,649360.0,713568.809089091,713569.0,0.0,64209.0,64209.0,False,655557.0,21424.672868667072,58011.80908909106
2019-01-13 14:49:00,659213.0,705298.1390923315,705299.0,0.0,46086.0,46086.0,False,647155.9375,21472.828869493802,58142.20159233156
2019-01-13 14:50:00,685972.0,729146.1369913246,729147.0,0.0,43175.0,43175.0,False,670993.4375,21476.705908587497,58152.69949132461
2019-01-13 14:51:00,663919.0,738382.4674920894,738383.0,0.0,74464.0,74464.0,False,680193.625,21490.05408682977,58188.84249208941
2019-01-13 14:52:00,650105.0,710851.9695266682,710852.0,0.0,60747.0,60747.0,False,652535.625,21537.142592150205,58316.34452666819
2019-01-13 14:53:00,648060.0,701001.3689158339,701002.0,0.0,52942.0,52942.0,False,642783.125,21500.912494721015,58218.24391583389
2019-01-13 14:54:00,670213.0,699886.8679115161,699887.0,0.0,29674.0,29674.0,False,641668.1875,21501.073699436867,58218.680411516114
2019-01-13 14:55:00,677177.0,723746.0811682364,723747.0,0.0,46570.0,46570.0,False,665003.6875,21694.489236349116,58742.39366823645
2019-01-13 14:56:00,673261.0,711782.9085104509,711783.0,0.0,38522.0,38522.0,False,653082.25,21679.07578662708,58700.658510450834
2019-01-13 14:57:00,668804.0,720194.4090370534,720195.0,0.0,51391.0,51391.0,False,661447.8125,21696.041421859743,58746.59653705341
2019-01-13 14:58:00,684670.0,710970.9944987622,710971.0,0.0,26301.0,26301.0,False,652341.1875,21652.909209786678,58629.80699876216
2019-01-13 14:59:00,662318.0,724297.562667483,724298.0,0.0,61980.0,61980.0,False,665026.0,21889.919664724242,59271.56266748299
2019-01-13 15:00:00,770040.0,747148.0187084369,747149.0,22891.0,0.0,228910.0,False,687859.3125,21896.25104384366,59288.706208436815
2019-01-13 15:01:00,715240.0,754160.3714280896,754161.0,0.0,38921.0,38921.0,False,692087.6875,22924.417771511435,62072.683928089595
2019-01-13 15:02:00,712088.0,748919.8842041843,748920.0,0.0,36832.0,36832.0,False,686712.5625,22974.141618326223,62207.32170418433
2019-01-13 15:03:00,673879.0,757811.898934829,757812.0,0.0,83933.0,83933.0,False,695317.3125,23080.232998295396,62494.5864348291
2019-01-13 15:04:00,703961.0,726810.5293741799,726811.0,0.0,22850.0,22850.0,False,663775.3125,23279.89631664055,63035.216874179845
2019-01-13 15:05:00,714973.0,780185.9836396349,780186.0,0.0,65213.0,65213.0,False,716155.0625,23647.625551364967,64030.92113963488
2019-01-13 15:06:00,724390.0,789125.135244059,789126.0,0.0,64736.0,64736.0,False,725017.125,23676.095769238884,64108.010244059056
2019-01-13 15:07:00,746656.0,790268.8821725217,790269.0,0.0,43613.0,43613.0,False,730889.1875,21929.854513696624,59379.694672521706
2019-01-13 15:08:00,732936.0,804924.7027317509,804925.0,0.0,71989.0,71989.0,False,748305.5625,20910.338371063808,56619.14023175086
2019-01-13 15:09:00,706986.0,780303.2554160194,780304.0,0.0,73318.0,73318.0,False,723419.75,21007.97258864386,56883.50541601933
2019-01-13 15:10:00,653634.0,769502.2432190446,769503.0,0.0,115869.0,115869.0,False,713098.75,20830.696539945566,56403.4932190446
2019-01-13 15:11:00,662154.0,718921.5984874808,718922.0,0.0,56768.0,56768.0,False,657962.125,22513.29165945724,60959.4734874808
2019-01-13 15:12:00,663618.0,723847.9579289092,723848.0,0.0,60230.0,60230.0,False,662909.9375,22505.368707748865,60938.02042890922
2019-01-13 15:13:00,682962.0,713473.4576392767,713474.0,0.0,30512.0,30512.0,False,652692.3125,22447.43219767742,60781.145139276756
2019-01-13 15:14:00,668688.0,729133.4100530056,729134.0,0.0,60446.0,60446.0,False,667812.375,22646.822028271527,61321.035053005515
2019-01-13 15:15:00,713436.0,727094.2611927374,727095.0,0.0,13659.0,13659.0,False,665821.1875,22629.109144115442,61273.07369273744
2019-01-13 15:16:00,708157.0,756424.2433093438,756425.0,0.0,48268.0,48268.0,False,695265.5625,22586.86205436431,61158.68080934379
2019-01-13 15:17:00,685602.0,753537.5383066176,753538.0,0.0,67936.0,67936.0,False,692353.625,22596.180812186907,61183.91330661765
2019-01-13 15:18:00,685269.0,755713.6257627999,755714.0,0.0,70445.0,70445.0,False,694610.0,22566.52936037503,61103.62576279986
2019-01-13 15:19:00,651020.0,747065.8565181433,747066.0,0.0,96046.0,96046.0,False,685709.75,22659.774471565393,61356.106518143264
2019-01-13 15:20:00,694450.0,718770.6920103556,718771.0,0.0,24321.0,24321.0,False,655934.375,23206.43947081954,62836.31701035568
2019-01-13 15:21:00,671025.0,738318.4987003489,738319.0,0.0,67294.0,67294.0,False,674483.625,23575.222150757498,63834.87370034892
2019-01-13 15:22:00,662671.0,723501.4217733215,723502.0,0.0,60831.0,60831.0,False,659575.375,23608.89379957419,63926.04677332151
2019-01-13 15:23:00,664774.0,722015.5335739534,722016.0,0.0,57242.0,57242.0,False,659419.75,23117.606692290272,62595.783573953486
2019-01-13 15:24:00,665985.0,725594.0033318291,725595.0,0.0,59610.0,59610.0,False,662998.375,23117.549358933786,62595.62833182907
2019-01-13 15:25:00,659305.0,748077.9437607101,748078.0,0.0,88773.0,88773.0,False,685468.0,23122.83627181523,62609.943760710026
2019-01-13 15:26:00,665688.0,724536.2341224477,724537.0,0.0,58849.0,58849.0,False,661244.5625,23374.609085877193,63291.671622447706
2019-01-13 15:27:00,658409.0,720776.9714039885,720777.0,0.0,62368.0,62368.0,False,658034.5625,23171.757731183723,62742.4089039886
2019-01-13 15:28:00,648620.0,723336.1077617913,723337.0,0.0,74717.0,74717.0,False,660688.0,23136.930837238448,62648.10776179128
2019-01-13 15:29:00,654583.0,710742.5523879494,710743.0,0.0,56160.0,56160.0,False,647779.3125,23253.314084362788,62963.23988794942
2019-01-13 15:30:00,745496.0,750101.4255273002,750102.0,0.0,4606.0,4606.0,False,687457.0,23135.5709301672,62644.42552730024
2019-01-13 15:31:00,704012.0,742816.9149201559,742817.0,0.0,38805.0,38805.0,False,683072.125,22064.68992685285,59744.789920155905
2019-01-13 15:32:00,668458.0,739965.1403993674,739966.0,0.0,71508.0,71508.0,False,680007.0625,22143.460529824544,59958.077899367454
2019-01-13 15:33:00,682099.0,724253.8250127645,724254.0,0.0,42155.0,42155.0,False,665100.5,21846.25264049455,59153.32501276452
2019-01-13 15:34:00,682055.0,729491.3245479268,729492.0,0.0,47437.0,47437.0,False,670807.0625,21673.020315313635,58684.26204792683
2019-01-13 15:35:00,701764.0,746619.7306439354,746620.0,0.0,44856.0,44856.0,False,688479.8125,21471.98555611213,58139.91814393542
2019-01-13 15:36:00,672246.0,766204.8114763869,766205.0,0.0,93959.0,93959.0,False,708069.125,21470.422734777305,58135.68647638689
2019-01-13 15:37:00,661032.0,743690.3676643613,743691.0,0.0,82659.0,82659.0,False,684007.6875,22041.751817858356,59682.68016436125
2019-01-13 15:38:00,659673.0,717404.9370218746,717405.0,0.0,57732.0,57732.0,False,656917.875,22338.822680314108,60487.06202187461
2019-01-13 15:39:00,654239.0,719226.8645374504,719227.0,0.0,64988.0,64988.0,False,658738.5,22339.303719787895,60488.364537450405
2019-01-13 15:40:00,687165.0,746429.4636270038,746430.0,0.0,59265.0,59265.0,False,685830.875,22380.01120845289,60598.58862700388
2019-01-13 15:41:00,674724.0,735005.3069824242,735006.0,0.0,60282.0,60282.0,False,674385.625,22387.801316134064,60619.68198242425
2019-01-13 15:42:00,695768.0,722276.6738123638,722277.0,0.0,26509.0,26509.0,False,661680.3125,22379.188626149575,60596.36131236378
2019-01-13 15:43:00,665641.0,742613.8045455327,742614.0,0.0,76973.0,76973.0,False,681431.375,22595.632835897955,61182.429545532716
2019-01-13 15:44:00,669401.0,727529.9302907126,727530.0,0.0,58129.0,58129.0,False,665943.5,22744.83666077584,61586.43029071266
2019-01-13 15:45:00,675442.0,750189.3666372095,750190.0,0.0,74748.0,74748.0,False,688597.5,22746.844388980255,61591.86663720958
2019-01-13 15:46:00,684662.0,733179.4474469693,733180.0,0.0,48518.0,48518.0,False,671347.0,22835.694663235034,61832.44744696933
2019-01-13 15:47:00,659798.0,736264.3765377455,736265.0,0.0,76467.0,76467.0,False,674482.3125,22817.087278332237,61782.06403774552
2019-01-13 15:48:00,666001.0,719606.7065802505,719607.0,0.0,53606.0,53606.0,False,657578.6875,22907.92234120669,62028.0190802505
2019-01-13 15:49:00,660719.0,721144.3163215411,721145.0,0.0,60426.0,60426.0,False,659232.0625,22865.168411681814,61912.253821541104
2019-01-13 15:50:00,691263.0,725385.1001341655,725386.0,0.0,34123.0,34123.0,False,663506.4375,22852.762658231037,61878.66263416548
2019-01-13 15:51:00,675282.0,739440.5229639561,739441.0,0.0,64159.0,64159.0,False,677154.75,23003.114901579036,62285.772963956166
2019-01-13 15:52:00,669730.0,743537.3997289056,743538.0,0.0,73808.0,73808.0,False,681662.125,22851.511451570834,61875.27472890561
2019-01-13 15:53:00,673436.0,727691.8019913252,727692.0,0.0,54256.0,54256.0,False,665580.0,22938.86468708328,62111.80199132527
2019-01-13 15:54:00,660719.0,725352.5193075145,725353.0,0.0,64634.0,64634.0,False,663234.75,22941.068510740348,62117.76930751457
2019-01-13 15:55:00,665361.0,729597.300848013,729598.0,0.0,64237.0,64237.0,False,667961.75,22762.97765461504,61635.55084801298
2019-01-13 15:56:00,659396.0,730936.0415035678,730937.0,0.0,71541.0,71541.0,False,669300.9375,22762.812627938372,61635.10400356779
2019-01-13 15:57:00,654640.0,716887.2208984488,716888.0,0.0,62248.0,62248.0,False,655296.25,22746.51357857759,61590.97089844887
2019-01-13 15:58:00,656073.0,715860.008146348,715861.0,0.0,59788.0,59788.0,False,654257.4375,22750.797547790033,61602.5706463479
2019-01-13 15:59:00,662221.0,716082.8537604553,716083.0,0.0,53862.0,53862.0,False,655291.4375,22451.225484159928,60791.41626045525
2019-01-13 16:00:00,774156.0,758806.23094174,758807.0,15349.0,0.0,153490.0,False,698043.375,22440.677709575622,60762.855941739974
2019-01-13 16:01:00,723548.0,763189.16622614,763190.0,0.0,39642.0,39642.0,False,703355.125,22097.651836916244,59834.04122613995
2019-01-13 16:02:00,722018.0,758583.4078696767,758584.0,0.0,36566.0,36566.0,False,698859.0625,22057.13943303373,59724.34536967674
2019-01-13 16:03:00,707953.0,770473.9508492708,770474.0,0.0,62521.0,62521.0,False,710843.875,22022.324217513007,59630.075849270776
2019-01-13 16:04:00,689574.0,746799.4971466872,746800.0,0.0,57226.0,57226.0,False,687772.875,21799.459280662242,59026.62214668721
2019-01-13 16:05:00,697368.0,755401.656250046,755402.0,0.0,58034.0,58034.0,False,697784.5625,21278.8982902136,57617.093750046
2019-01-13 16:06:00,748907.0,771219.8012334275,771220.0,0.0,22313.0,22313.0,False,713609.125,21276.528200462224,57610.67623342748
2019-01-13 16:07:00,744555.0,813055.6205544802,813056.0,0.0,68501.0,68501.0,False,754397.125,21663.504344311645,58658.495554480294
2019-01-13 16:08:00,732881.0,809629.7648069859,809630.0,0.0,76749.0,76749.0,False,750940.1875,21674.983324024095,58689.57730698584
2019-01-13 16:09:00,727114.0,784750.476941405,784751.0,0.0,57637.0,57637.0,False,725948.875,21716.355782207138,58801.60194140493
2019-01-13 16:10:00,766940.0,798811.4250695901,798812.0,0.0,31872.0,31872.0,False,740416.0,21566.348279560778,58395.42506959007
2019-01-13 16:11:00,713251.0,802644.6785953643,802645.0,0.0,89394.0,89394.0,False,748113.875,20139.082828842704,54530.80359536433
2019-01-13 16:12:00,691785.0,756381.8755512093,756382.0,0.0,64597.0,64597.0,False,700126.0,20776.17901510595,56255.875551209356
2019-01-13 16:13:00,672490.0,742122.4307828681,742123.0,0.0,69633.0,69633.0,False,685707.5,20834.920612029862,56414.93078286808
2019-01-13 16:14:00,672328.0,726655.9174454672,726656.0,0.0,54328.0,54328.0,False,670683.25,20671.585810471337,55972.667445467254
2019-01-13 16:15:00,711958.0,743771.7303146893,743772.0,0.0,31814.0,31814.0,False,687802.8125,20670.20101289208,55968.917814689354
2019-01-13 16:16:00,688169.0,753046.8387880926,753047.0,0.0,64878.0,64878.0,False,698772.3125,20044.435591354762,54274.526288092566
2019-01-13 16:17:00,703030.0,737589.072268646,737590.0,0.0,34560.0,34560.0,False,683221.0625,20078.96051000374,54368.00976864596
2019-01-13 16:18:00,680745.0,747218.4751443967,747219.0,0.0,66474.0,66474.0,False,692636.5625,20157.958203931685,54581.91264439668
2019-01-13 16:19:00,674399.0,729457.2718075707,729458.0,0.0,55059.0,55059.0,False,674796.875,20186.943638928078,54660.39680757073
2019-01-13 16:20:00,700500.0,744679.9210417187,744680.0,0.0,44180.0,44180.0,False,691649.625,19584.921805792186,53030.29604171867
2019-01-13 16:21:00,665555.0,739846.6965876175,739847.0,0.0,74292.0,74292.0,False,688218.5625,19067.081358352018,51628.1340876175
2019-01-13 16:22:00,658873.0,720763.1984789969,720764.0,0.0,61891.0,61891.0,False,668408.5625,19335.389925274427,52354.63597899685
2019-01-13 16:23:00,676192.0,708547.9005223867,708548.0,0.0,32356.0,32356.0,False,656017.0,19400.487191499506,52530.900522386626
2019-01-13 16:24:00,665171.0,718708.7545897252,718709.0,0.0,53538.0,53538.0,False,665835.0,19527.10858720772,52873.754589725126
2019-01-13 16:25:00,673802.0,732096.0683334435,732097.0,0.0,58295.0,58295.0,False,679207.8125,19532.46412442909,52888.25583344353
2019-01-13 16:26:00,678406.0,710641.1544848165,710642.0,0.0,32236.0,32236.0,False,658662.6875,19196.464803472543,51978.4669848165
2019-01-13 16:27:00,652283.0,727759.9558242047,727760.0,0.0,75477.0,75477.0,False,675467.0,19312.6104746822,52292.95582420469
2019-01-13 16:28:00,658141.0,707778.6306519894,707779.0,0.0,49638.0,49638.0,False,654684.8125,19608.38151949267,53093.81815198937
2019-01-13 16:29:00,649292.0,709272.4682743137,709273.0,0.0,59981.0,59981.0,False,656447.0625,19509.25260977755,52825.405774313665
2019-01-13 16:30:00,717142.0,738277.1251066627,738278.0,0.0,21136.0,21136.0,False,685342.8125,19549.473614653627,52934.31260666277
2019-01-13 16:31:00,700782.0,728206.7824156797,728207.0,0.0,27425.0,27425.0,False,677884.1875,18584.92522298581,50322.59491567968
2019-01-13 16:32:00,682832.0,726057.6838724448,726058.0,0.0,43226.0,43226.0,False,675643.625,18618.704299758887,50414.058872444744
2019-01-13 16:33:00,685378.0,727752.540848267,727753.0,0.0,42375.0,42375.0,False,677566.8125,18534.37824850737,50185.72834826698
2019-01-13 16:34:00,668681.0,724517.2499165521,724518.0,0.0,55837.0,55837.0,False,674544.25,18455.814295220607,49972.9999165521
2019-01-13 16:35:00,681835.0,722453.2239166466,722454.0,0.0,40619.0,40619.0,False,672480.0625,18455.873939743786,49973.161416646544
2019-01-13 16:36:00,650918.0,720906.9907835998,720907.0,0.0,69989.0,69989.0,False,671018.4375,18424.6268264229,49888.553283599744
2019-01-13 16:37:00,638477.0,699182.2532353052,699183.0,0.0,60706.0,60706.0,False,650485.625,17984.430172592227,48696.62823530516
2019-01-13 16:38:00,656095.0,690939.9842273085,690940.0,0.0,34845.0,34845.0,False,642806.1875,17776.567650661767,48133.79672730851
2019-01-13 16:39:00,667420.0,701011.226290751,701012.0,0.0,33592.0,33592.0,False,652743.875,17825.891450019222,48267.35129075101
2019-01-13 16:40:00,686251.0,737842.9985360109,737843.0,0.0,51592.0,51592.0,False,689487.375,17858.491777569285,48355.623536010906
2019-01-13 16:41:00,667463.0,720971.4238955979,720972.0,0.0,53509.0,53509.0,False,672565.6875,17876.999244238963,48405.73639559787
2019-01-13 16:42:00,660373.0,713810.6854125723,713811.0,0.0,53438.0,53438.0,False,665326.875,17905.833205797586,48483.81041257235
2019-01-13 16:43:00,663879.0,716902.9512389848,716903.0,0.0,53024.0,53024.0,False,669577.4375,17478.05603928368,47325.513738984875
2019-01-13 16:44:00,668478.0,711799.9579053017,711800.0,0.0,43322.0,43322.0,False,664825.9375,17348.24402673097,46974.02040530173
2019-01-13 16:45:00,693219.0,739086.6623468648,739087.0,0.0,45868.0,45868.0,False,692112.25,17348.388776910364,46974.41234686481
2019-01-13 16:46:00,688619.0,717151.0441063319,717152.0,0.0,28533.0,28533.0,False,670508.9375,17225.66304407958,46642.10660633188
2019-01-13 16:47:00,665934.0,721595.910898961,721596.0,0.0,55662.0,55662.0,False,674795.125,17284.26580081124,46800.785898961054
2019-01-13 16:48:00,653382.0,711314.062539187,711315.0,0.0,57933.0,57933.0,False,664740.6875,17200.27939607842,46573.375039187085
2019-01-13 16:49:00,655001.0,705156.3413271884,705157.0,0.0,50156.0,50156.0,False,658350.0,17286.317507770305,46806.341327188384
2019-01-13 16:50:00,675438.0,722728.9457843463,722729.0,0.0,47291.0,47291.0,False,675875.1875,17303.82933530141,46853.75828434628
2019-01-13 16:51:00,654609.0,708892.6033625026,708893.0,0.0,54284.0,54284.0,False,662862.875,16999.50213387969,46029.7283625026
2019-01-13 16:52:00,650161.0,694603.424202383,694604.0,0.0,44443.0,44443.0,False,648449.75,17045.277280605304,46153.67420238308
2019-01-13 16:53:00,664103.0,696798.1619572854,696799.0,0.0,32696.0,32696.0,False,650913.8125,16945.811419261543,45884.34945728534
2019-01-13 16:54:00,675269.0,704089.8448906485,704090.0,0.0,28821.0,28821.0,False,658091.4375,16987.93480670202,45998.407390648536
2019-01-13 16:55:00,672146.0,733746.0331263033,733747.0,0.0,61601.0,61601.0,False,687505.5,17077.355646371452,46240.53312630333
2019-01-13 16:56:00,656207.0,724279.4824264145,724280.0,0.0,68073.0,68073.0,False,677645.1875,17222.778067909872,46634.29492641454
2019-01-13 16:57:00,654471.0,705429.4956203448,705430.0,0.0,50959.0,50959.0,False,658247.875,17424.914049000578,47181.620620344715
2019-01-13 16:58:00,659944.0,700226.6091392467,700227.0,0.0,40283.0,40283.0,False,653007.5,17438.759148238463,47219.109139246786
2019-01-13 16:59:00,661193.0,700603.0653736896,700604.0,0.0,39411.0,39411.0,False,653358.3125,17448.229782410996,47244.75287368966
2019-01-13 17:00:00,758438.0,740804.8275970517,740805.0,17633.0,0.0,176330.0,False,693548.625,17452.45834520402,47256.20259705178
2019-01-13 17:01:00,680898.0,739329.0798484618,739330.0,0.0,58432.0,58432.0,False,694092.25,16706.672250652155,45236.82984846179
2019-01-13 17:02:00,678445.0,717615.1998185304,717616.0,0.0,39171.0,39171.0,False,672510.8125,16657.759142748175,45104.387318530346
2019-01-13 17:03:00,688860.0,718178.5427570065,718179.0,0.0,29319.0,29319.0,False,673681.875,16433.31875714423,44496.66775700651
2019-01-13 17:04:00,675094.0,720363.4703206994,720364.0,0.0,45270.0,45270.0,False,675642.8125,16516.04180811964,44720.65782069942
2019-01-13 17:05:00,696015.0,739888.6181434535,739889.0,0.0,43874.0,43874.0,False,695160.75,16518.70469363744,44727.868143453554
2019-01-13 17:06:00,769105.0,758678.8985144787,758679.0,10426.0,0.0,104260.0,False,713956.3125,16516.753920387757,44722.586014478686
2019-01-13 17:07:00,783213.0,815454.9006584878,815455.0,0.0,32242.0,32242.0,False,768442.0625,17362.580033081507,47012.838158487764
2019-01-13 17:08:00,751192.0,825286.8908017081,825287.0,0.0,74095.0,74095.0,False,778262.6875,17366.777359098807,47024.203301708054
2019-01-13 17:09:00,672210.0,772307.414407959,772308.0,0.0,100098.0,100098.0,False,724701.8125,17581.49700223381,47605.601907959
2019-01-13 17:10:00,693032.0,732702.5699318144,732703.0,0.0,39671.0,39671.0,False,681441.8125,18931.403385302103,51260.757431814396
2019-01-13 17:11:00,666831.0,724633.3132401535,724634.0,0.0,57803.0,57803.0,False,674007.8125,18696.793104737226,50625.50074015344
2019-01-13 17:12:00,666009.0,714540.6619398165,714541.0,0.0,48532.0,48532.0,False,665438.25,18134.292472374007,49102.411939816564
2019-01-13 17:13:00,654956.0,710396.5687890373,710397.0,0.0,55441.0,55441.0,False,661418.9375,18088.20901686273,48977.631289037265
2019-01-13 17:14:00,646712.0,708408.9802951736,708409.0,0.0,61697.0,61697.0,False,659629.0,18015.213398346626,48779.980295173584
2019-01-13 17:15:00,680846.0,707455.4692869348,707456.0,0.0,26610.0,26610.0,False,658405.0,18115.109234281685,49050.46928693481
2019-01-13 17:16:00,668214.0,714482.6835559822,714483.0,0.0,46269.0,46269.0,False,665524.6875,18080.957416688383,48957.996055982214
2019-01-13 17:17:00,670412.0,716208.435735313,716209.0,0.0,45797.0,45797.0,False,667440.5,18010.765153085667,48767.935735312996
2019-01-13 17:18:00,680533.0,723436.8966152539,723437.0,0.0,42904.0,42904.0,False,675078.1875,17859.6313304798,48358.70911525391
2019-01-13 17:19:00,653421.0,714941.408200149,714942.0,0.0,61521.0,61521.0,False,666800.3125,17779.263276049754,48141.095700148944
2019-01-13 17:20:00,688779.0,729884.4235454075,729885.0,0.0,41106.0,41106.0,False,681458.8125,17884.339264783695,48425.61104540752
2019-01-13 17:21:00,663071.0,719397.2592890037,719398.0,0.0,56327.0,56327.0,False,670996.5,17875.161120548513,48400.759289003705
2019-01-13 17:22:00,637462.0,704553.0691748468,704554.0,0.0,67092.0,67092.0,False,656791.125,17639.236658628113,47761.94417484676
2019-01-13 17:23:00,667585.0,687291.8677572352,687292.0,0.0,19707.0,19707.0,False,639124.875,17788.827466255945,48166.99275723515
2019-01-13 17:24:00,656106.0,700554.7605042274,700555.0,0.0,44449.0,44449.0,False,651916.5625,17962.85096990679,48638.198004227364
2019-01-13 17:25:00,657542.0,712393.788090975,712394.0,0.0,54852.0,54852.0,False,663757.25,17962.237937853828,48636.53809097502
2019-01-13 17:26:00,668531.0,698157.7821705805,698158.0,0.0,29627.0,29627.0,False,649505.5,17968.05247390195,48652.282170580474
2019-01-13 17:27:00,643634.0,700538.4733490566,700539.0,0.0,56905.0,56905.0,False,651917.6875,17956.42038733525,48620.78584905661
2019-01-13 17:28:00,655382.0,702408.5879596905,702409.0,0.0,47027.0,47027.0,False,654457.9375,17708.928855519087,47950.65045969049
2019-01-13 17:29:00,654596.0,696169.396465454,696170.0,0.0,41574.0,41574.0,False,648219.0625,17708.81196922322,47950.33396545403
2019-01-13 17:30:00,723692.0,735618.837011734,735619.0,0.0,11927.0,11927.0,False,687759.0,17675.39002187309,47859.83701173405
2019-01-13 17:31:00,678852.0,731553.8203714549,731554.0,0.0,52702.0,52702.0,False,683362.8125,17797.696625383047,48191.00787145492
2019-01-13 17:32:00,670316.0,720085.0123500553,720086.0,0.0,49770.0,49770.0,False,672383.5,17616.91823592516,47701.51235005531
2019-01-13 17:33:00,667607.0,721963.1996840924,721964.0,0.0,54357.0,54357.0,False,674277.8125,17610.962958695724,47685.38718409248
2019-01-13 17:34:00,653744.0,713432.5907522448,713433.0,0.0,59689.0,59689.0,False,665705.9375,17626.203166243486,47726.65325224477
2019-01-13 17:35:00,665028.0,714365.513269705,714366.0,0.0,49338.0,49338.0,False,666476.375,17686.211436969883,47889.13826970505
2019-01-13 17:36:00,656180.0,715576.1326908886,715577.0,0.0,59397.0,59397.0,False,667758.25,17659.89563178847,47817.882690888604
2019-01-13 17:37:00,649793.0,710659.3441398009,710660.0,0.0,60867.0,60867.0,False,663217.3125,17521.087931367783,47442.031639800814
2019-01-13 17:38:00,662089.0,704100.1404642767,704101.0,0.0,42012.0,42012.0,False,656606.625,17540.101716918376,47493.515464276614
2019-01-13 17:39:00,663837.0,709015.0159740077,709016.0,0.0,45179.0,45179.0,False,661683.5,17480.27275901478,47331.515974007685
2019-01-13 17:40:00,700014.0,753039.0883387345,753040.0,0.0,53026.0,53026.0,False,705942.5625,17393.487208716568,47096.52583873451
2019-01-13 17:41:00,683230.0,731315.6399387303,731316.0,0.0,48086.0,48086.0,False,684179.875,17407.97882506625,47135.764938730266
2019-01-13 17:42:00,678326.0,726968.3017366991,726969.0,0.0,48643.0,48643.0,False,679876.4375,17391.76560581845,47091.86423669909
2019-01-13 17:43:00,683992.0,731311.6144887119,731312.0,0.0,47320.0,47320.0,False,684258.3125,17377.52396155364,47053.301988711944
2019-01-13 17:44:00,682608.0,729299.4590201206,729300.0,0.0,46692.0,46692.0,False,682305.0,17355.792328417414,46994.4590201205
2019-01-13 17:45:00,732398.0,745204.781317689,745205.0,0.0,12807.0,12807.0,False,698217.0625,17353.303065723652,46987.71881768902
2019-01-13 17:46:00,725063.0,750597.418160083,750598.0,0.0,25535.0,25535.0,False,702237.0,17860.26250759626,48360.41816008302
2019-01-13 17:47:00,698976.0,756764.6332944218,756765.0,0.0,57789.0,57789.0,False,708181.875,17942.376213729258,48582.75829442186
2019-01-13 17:48:00,666572.0,746673.6535316317,746674.0,0.0,80102.0,80102.0,False,698081.5,17945.846022495884,48592.15353163174
2019-01-13 17:49:00,665814.0,723989.6274790226,723990.0,0.0,58176.0,58176.0,False,674242.375,18372.442218466684,49747.25247902259
2019-01-13 17:50:00,705222.0,734344.0010120192,734345.0,0.0,29123.0,29123.0,False,684505.625,18406.095571391623,49838.37601201919
2019-01-13 17:51:00,662497.0,749242.8653546907,749243.0,0.0,86746.0,86746.0,False,698961.25,18569.79082703649,50281.615354690686
2019-01-13 17:52:00,649505.0,719435.5216042183,719436.0,0.0,69931.0,69931.0,False,667544.1875,19164.285261199442,51891.33410421828
2019-01-13 17:53:00,659406.0,714601.4054652676,714602.0,0.0,55196.0,55196.0,False,662281.125,19322.70189408831,52320.28046526754
2019-01-13 17:54:00,652645.0,719206.2525444475,719207.0,0.0,66562.0,66562.0,False,667049.75,19262.216133830607,52156.50254444757
2019-01-13 17:55:00,704683.0,736865.8918169768,736866.0,0.0,32183.0,32183.0,False,684782.3125,19235.284439790736,52083.57931697688
2019-01-13 17:56:00,722074.0,741069.626832208,741070.0,0.0,18996.0,18996.0,False,688834.1875,19291.368730200677,52235.43933220805
2019-01-13 17:57:00,687441.0,762552.7348760444,762553.0,0.0,75112.0,75112.0,False,709717.125,19513.02114492467,52835.60987604443
2019-01-13 17:58:00,684259.0,736866.2858701774,736867.0,0.0,52608.0,52608.0,False,683413.5,19740.953939718016,53452.78587017746
2019-01-13 17:59:00,674139.0,732843.5179731488,732844.0,0.0,58705.0,58705.0,False,679427.125,19727.513470857913,53416.39297314889
2019-01-13 18:00:00,765020.0,754582.8604256235,754583.0,10437.0,0.0,104370.0,False,701171.125,19725.793365354082,53411.73542562352
2019-01-13 18:01:00,711871.0,778208.425212461,778209.0,0.0,66338.0,66338.0,False,724947.75,19670.004454418595,53260.675212461014
2019-01-13 18:02:00,704634.0,755280.7415008943,755281.0,0.0,50647.0,50647.0,False,702023.875,19668.59783737544,53256.866500894255
2019-01-13 18:03:00,703953.0,757206.4550726919,757207.0,0.0,53254.0,53254.0,False,703974.8125,19659.28224424564,53231.642572691926
2019-01-13 18:04:00,698045.0,753030.4464494867,753031.0,0.0,54986.0,54986.0,False,700035.4375,19571.8897280234,52995.00894948668
2019-01-13 18:05:00,783279.0,763192.6523228834,763193.0,20086.0,0.0,200860.0,False,710191.1875,19574.27398353581,53001.46482288337
2019-01-13 18:06:00,866343.0,817010.3117166412,817011.0,49332.0,0.0,493320.0,True,758362.875,21659.42014168581,58647.436716641154
2019-01-13 18:07:00,802998.0,916842.9757342013,916843.0,0.0,113845.0,113845.0,True,850038.1875,24672.058266279586,66804.78823420132
2019-01-13 18:08:00,683463.0,844656.8030956595,844657.0,0.0,161194.0,161194.0,False,775807.0,25427.31439613095,68849.80309565946
2019-01-13 18:09:00,685750.0,770494.9032251278,770495.0,0.0,84745.0,84745.0,False,694920.875,27910.67642114355,75574.0282251278
2019-01-13 18:10:00,708719.0,769175.3647071734,769176.0,0.0,60457.0,60457.0,False,695864.0,27075.03922166246,73311.36470717343
2019-01-13 18:11:00,687585.0,801268.5124296441,801269.0,0.0,113684.0,113684.0,False,727934.25,27083.49571045455,73334.26242964406
2019-01-13 18:12:00,681543.0,769843.313769291,769844.0,0.0,88301.0,88301.0,False,695147.75,27586.245690770193,74695.56376929107
2019-01-13 18:13:00,679819.0,770092.9659330546,770093.0,0.0,90274.0,90274.0,False,695230.25,27647.97761197996,74862.71593305461
2019-01-13 18:14:00,676368.0,767921.734573543,767922.0,0.0,91554.0,91554.0,False,692892.0625,27709.63713871331,75029.672073543
2019-01-13 18:15:00,682968.0,767598.2059526868,767599.0,0.0,84631.0,84631.0,False,692479.75,27742.426420698077,75118.45595268685
2019-01-13 18:16:00,669888.0,763014.1276455536,763015.0,0.0,93127.0,93127.0,False,688226.9375,27620.0847516164,74787.19014555351
2019-01-13 18:17:00,673814.0,767342.6096719729,767343.0,0.0,93529.0,93529.0,False,692298.5625,27714.94608849704,75044.04717197297
2019-01-13 18:18:00,669415.0,755708.6470419297,755709.0,0.0,86294.0,86294.0,False,680418.125,27805.973131819526,75290.52204192962
2019-01-13 18:19:00,654622.0,757939.1716282205,757940.0,0.0,103318.0,103318.0,False,682601.4375,27823.409297319482,75337.7341282205
2019-01-13 18:20:00,687399.0,774135.0910404553,774136.0,0.0,86737.0,86737.0,False,698339.0,27992.687709007027,75796.09104045527
2019-01-13 18:21:00,650990.0,762803.9484842818,762804.0,0.0,111814.0,111814.0,False,686999.875,27995.63575097231,75804.07348428183
2019-01-13 18:22:00,650098.0,743488.7609021135,743489.0,0.0,93391.0,93391.0,False,666782.6875,28328.758497367424,76706.07340211346
2019-01-13 18:23:00,649261.0,740124.0019090204,740125.0,0.0,90864.0,90864.0,False,663484.8125,28304.057187501912,76639.18940902042
2019-01-13 18:24:00,641848.0,737178.6893671665,737179.0,0.0,95331.0,95331.0,False,661194.875,28062.01688401049,75983.81436716646
2019-01-13 18:25:00,649331.0,751806.2012774916,751807.0,0.0,102476.0,102476.0,False,675650.125,28125.63591493539,76156.07627749162
2019-01-13 18:26:00,658093.0,730303.5207633632,730304.0,0.0,72211.0,72211.0,False,653733.0625,28278.673695162728,76570.45826336318
2019-01-13 18:27:00,678305.0,736522.2980570208,736523.0,0.0,58218.0,58218.0,False,660312.375,28145.52237692575,76209.92305702073
2019-01-13 18:28:00,682351.0,750404.2914581825,750405.0,0.0,68054.0,68054.0,False,673839.875,28276.442361550402,76564.41645818249
2019-01-13 18:29:00,664525.0,760658.6506237917,760659.0,0.0,96134.0,96134.0,False,683997.25,28312.260138210804,76661.40062379175
2019-01-13 18:30:00,716808.0,782144.0884338779,782145.0,0.0,65337.0,65337.0,False,705355.125,28359.371088881326,76788.96343387791
2019-01-13 18:31:00,695392.0,776400.8707302815,776401.0,0.0,81009.0,81009.0,False,700693.1875,27960.037315203597,75707.6832302815
2019-01-13 18:32:00,673946.0,761325.9881192927,761326.0,0.0,87380.0,87380.0,False,685617.25,27960.426902295123,75708.73811929268
2019-01-13 18:33:00,667668.0,751128.3850950446,751129.0,0.0,83461.0,83461.0,False,675377.75,27975.90011393541,75750.6350950446
2019-01-13 18:34:00,658330.0,745066.4927934988,745067.0,0.0,86737.0,86737.0,False,669310.9375,27977.717220555325,75755.55529349875
2019-01-13 18:35:00,644924.0,748302.0726616727,748303.0,0.0,103379.0,103379.0,False,672557.9375,27973.499586381666,75744.13516167272
2019-01-13 18:36:00,659501.0,730514.9828319047,730515.0,0.0,71014.0,71014.0,False,654346.375,28130.26401493869,76168.60783190472
2019-01-13 18:37:00,613804.0,738036.7271417879,738037.0,0.0,124233.0,124233.0,False,661832.375,28143.464950372127,76204.35214178784
2019-01-13 18:38:00,647160.0,715705.2909721051,715706.0,0.0,68546.0,68546.0,False,638069.8125,28672.00239718222,77635.47847210508
2019-01-13 18:39:00,641339.0,732309.4993070967,732310.0,0.0,90971.0,90971.0,False,654604.5625,28697.65445197185,77704.93680709676
2019-01-13 18:40:00,678553.0,747782.0968049105,747783.0,0.0,69230.0,69230.0,False,670064.875,28702.191494747858,77717.22180491046
2019-01-13 18:41:00,670394.0,776282.6806515926,776283.0,0.0,105889.0,105889.0,False,698421.9375,28755.1961838037,77860.74315159253
2019-01-13 18:42:00,653869.0,745493.1736364538,745494.0,0.0,91625.0,91625.0,False,667237.125,28901.18871238242,78256.0486364538
2019-01-13 18:43:00,633408.0,747974.9286287479,747975.0,0.0,114567.0,114567.0,False,669682.5,28914.62441532129,78292.42862874798
2019-01-13 18:44:00,669010.0,727199.3073179213,727200.0,0.0,58190.0,58190.0,False,648213.9375,29170.53848744521,78985.36981792135
2019-01-13 18:45:00,673665.0,748711.1145111166,748712.0,0.0,75047.0,75047.0,False,669202.3125,29363.850223180187,79508.80201111666
2019-01-13 18:46:00,671413.0,748865.596623805,748866.0,0.0,77453.0,77453.0,False,670526.125,28931.99813277097,78339.47162380497
2019-01-13 18:47:00,655035.0,748628.4810839624,748629.0,0.0,93594.0,93594.0,False,670920.5,28698.77875126523,77707.98108396232
2019-01-13 18:48:00,669761.0,745487.9049087951,745488.0,0.0,75727.0,75727.0,False,667719.1875,28721.209630619287,77768.71740879513
2019-01-13 18:49:00,659695.0,750561.9572345812,750562.0,0.0,90867.0,90867.0,False,673226.5625,28561.176756496177,77335.39473458125
2019-01-13 18:50:00,667841.0,760672.9966790908,760673.0,0.0,92832.0,92832.0,False,683299.875,28575.109910058236,77373.1216790908
2019-01-13 18:51:00,669240.0,760889.6553220642,760890.0,0.0,91650.0,91650.0,False,684048.125,28378.784866882703,76841.53032206415
2019-01-13 18:52:00,657337.0,748999.9976524997,749000.0,0.0,91663.0,91663.0,False,672811.125,28137.748131686774,76188.87265249975
2019-01-13 18:53:00,654750.0,741067.4879992033,741068.0,0.0,86318.0,86318.0,False,664920.5625,28122.25638869064,76146.92549920325
2019-01-13 18:54:00,670849.0,740181.3045596301,740182.0,0.0,69333.0,69333.0,False,664035.3125,28121.911654785414,76145.99205963015
2019-01-13 18:55:00,680219.0,753141.5667081288,753142.0,0.0,72923.0,72923.0,False,676904.0,28155.73161175545,76237.56670812881
2019-01-13 18:56:00,657712.0,767888.6790265987,767889.0,0.0,110177.0,110177.0,False,692132.625,27977.90141052772,75756.05402659868
2019-01-13 18:57:00,654332.0,741707.8100191243,741708.0,0.0,87376.0,87376.0,False,666671.0625,27712.250211971324,75036.74751912431
2019-01-13 18:58:00,649596.0,742226.0582310935,742227.0,0.0,92631.0,92631.0,False,667346.0625,27654.359312982437,74879.99573109347
2019-01-13 18:59:00,653071.0,735736.4118309127,735737.0,0.0,82666.0,82666.0,False,660833.6875,27662.75334212126,74902.72433091271
2019-01-13 19:00:00,737547.0,754666.1981945389,754667.0,0.0,17120.0,17120.0,False,679768.9375,27660.735535336407,74897.26069453893
2019-01-13 19:01:00,692288.0,766525.8782326055,766526.0,0.0,74238.0,74238.0,False,692312.8125,27408.05158239674,74213.06573260554
2019-01-13 19:02:00,672907.0,760203.4418303072,760204.0,0.0,87297.0,87297.0,False,685961.5625,27418.692896891545,74241.8793303073
2019-01-13 19:03:00,662109.0,753248.5194536274,753249.0,0.0,91140.0,91140.0,False,679076.0625,27393.0541220716,74172.45695362738
2019-01-13 19:04:00,646339.0,748036.8983868477,748037.0,0.0,101698.0,101698.0,False,673855.8125,27396.240922730896,74181.08588684774
2019-01-13 19:05:00,657290.0,759458.5565928591,759459.0,0.0,102169.0,102169.0,False,685016.625,27492.57534167491,74441.93159285905
2019-01-13 19:06:00,715375.0,755325.0380127031,755326.0,0.0,39951.0,39951.0,False,686430.4375,25443.85878632652,68894.60051270308
2019-01-13 19:07:00,748863.0,791242.5401540111,791243.0,0.0,42380.0,42380.0,False,734586.9375,20923.80451668471,56655.60265401115
2019-01-13 19:08:00,725887.0,810771.7487627089,810772.0,0.0,84885.0,84885.0,False,754800.5,20671.061868631215,55971.24876270886
2019-01-13 19:09:00,742040.0,774436.5401493547,774437.0,0.0,32397.0,32397.0,False,725949.125,17907.164491747004,48487.415149354754
2019-01-13 19:10:00,754996.0,804317.9464898349,804318.0,0.0,49322.0,49322.0,False,755014.875,18208.399197963525,49303.071489834896
2019-01-13 19:11:00,686329.0,773489.4003507023,773490.0,0.0,87161.0,87161.0,False,724692.25,18021.554569715303,48797.15035070236
2019-01-13 19:12:00,662331.0,721080.1792844471,721081.0,0.0,58750.0,58750.0,False,672432.0,17966.537213567815,48648.17928444714
2019-01-13 19:13:00,651222.0,714038.4138944992,714039.0,0.0,62817.0,62817.0,False,665411.8125,17958.568159670154,48626.60139449915
2019-01-13 19:14:00,634685.0,704570.5937853485,704571.0,0.0,69886.0,69886.0,False,655960.6875,17952.40239346364,48609.90628534846
2019-01-13 19:15:00,693681.0,706868.9707472984,706869.0,0.0,13188.0,13188.0,False,658145.625,17994.297369690714,48723.34574729849
2019-01-13 19:16:00,682975.0,735326.2908269409,735327.0,0.0,52352.0,52352.0,False,684170.5625,18892.614486129056,51155.72832694093
2019-01-13 19:17:00,666129.0,734310.6611446597,734311.0,0.0,68182.0,68182.0,False,683205.3125,18874.008477644744,51105.348644659745
2019-01-13 19:18:00,664930.0,722541.3834262345,722542.0,0.0,57612.0,57612.0,False,671467.6875,18862.31863124425,51073.69592623443
2019-01-13 19:19:00,649035.0,722331.1587498921,722332.0,0.0,73297.0,73297.0,False,671262.125,18860.59681624557,51069.033749892114
2019-01-13 19:20:00,650848.0,736570.4617372243,736571.0,0.0,85723.0,85723.0,False,685733.9375,18774.727398863455,50836.52423722423
2019-01-13 19:21:00,671670.0,718859.5869421571,718860.0,0.0,47190.0,47190.0,False,667194.5,19080.728628321798,51665.0869421571
2019-01-13 19:22:00,650611.0,716220.1868853312,716221.0,0.0,65610.0,65610.0,False,665278.75,18813.473288722267,50941.43688533115
2019-01-13 19:23:00,659469.0,710051.5920164546,710052.0,0.0,50583.0,50583.0,False,659147.75,18799.588912767307,50903.84201645461
2019-01-13 19:24:00,663033.0,714571.1865946332,714572.0,0.0,51539.0,51539.0,False,663638.75,18810.149339909854,50932.436594633145
2019-01-13 19:25:00,658632.0,739978.4736192628,739979.0,0.0,81347.0,81347.0,False,689157.8125,18768.868900079553,50820.66111926281
2019-01-13 19:26:00,655844.0,737045.5739683793,737046.0,0.0,81202.0,81202.0,False,686012.4375,18847.33938598504,51033.136468379336
2019-01-13 19:27:00,598715.0,716428.1563140436,716429.0,0.0,117714.0,117714.0,False,664966.125,19005.736993432565,51462.03131404361
2019-01-13 19:28:00,630036.0,685149.2587300751,685150.0,0.0,55114.0,55114.0,False,630685.3125,20114.391353043648,54463.9462300751
2019-01-13 19:29:00,613309.0,691188.911126186,691189.0,0.0,77880.0,77880.0,False,637000.9375,20012.47033296379,54187.973626185994
2019-01-13 19:30:00,697594.0,692204.9248427076,692205.0,5389.0,0.0,53890.0,False,637902.8125,20054.62355489431,54302.112342707536
2019-01-13 19:31:00,651854.0,730488.9674809505,730489.0,0.0,78635.0,78635.0,False,671526.0625,21775.927529912464,58962.90498095047
2019-01-13 19:32:00,644379.0,716912.0600422801,716913.0,0.0,72534.0,72534.0,False,657843.1875,21815.0630158045,59068.87254228009
2019-01-13 19:33:00,656199.0,720205.1311430656,720206.0,0.0,64007.0,64007.0,False,661123.25,21819.867296530894,59081.88114306567
2019-01-13 19:34:00,623660.0,714896.4467439607,714897.0,0.0,91237.0,91237.0,False,655798.8125,21825.68516428307,59097.634243960776
2019-01-13 19:35:00,643664.0,708154.3748721371,708155.0,0.0,64491.0,64491.0,False,648518.6875,22024.39664110388,59635.68737213707
2019-01-13 19:36:00,644634.0,716775.6385207649,716776.0,0.0,72142.0,72142.0,False,657470.0625,21902.48133067939,59305.576020764885
2019-01-13 19:37:00,648377.0,715923.1366577747,715924.0,0.0,67547.0,67547.0,False,656814.75,21829.656199700334,59108.386657774725
2019-01-13 19:38:00,618717.0,707056.6148752092,707057.0,0.0,88340.0,88340.0,False,649546.3125,21239.458557045476,57510.30237520918
2019-01-13 19:39:00,588714.0,695549.9654183186,695550.0,0.0,106836.0,106836.0,False,637879.125,21298.747779543515,57670.84041831868
2019-01-13 19:40:00,664109.0,705654.4651586447,705655.0,0.0,41546.0,41546.0,False,646362.6875,21897.38537867944,59291.7776586447
2019-01-13 19:41:00,627675.0,708762.4750799622,708763.0,0.0,81088.0,81088.0,False,649034.5,22058.479942090315,59727.97507996214
2019-01-13 19:42:00,618946.0,691913.8801377284,691914.0,0.0,72968.0,72968.0,False,632390.875,21982.781320909184,59523.00513772841
2019-01-13 19:43:00,629964.0,698970.0360241275,698971.0,0.0,69007.0,69007.0,False,639446.4375,21983.00046783263,59523.598524127505
2019-01-13 19:44:00,635024.0,696773.397053233,696774.0,0.0,61750.0,61750.0,False,637994.8125,21707.855098990767,58778.58455323299
2019-01-13 19:45:00,658801.0,716535.4513255486,716536.0,0.0,57735.0,57735.0,False,658668.375,21371.220784324836,57867.07632554858
2019-01-13 19:46:00,655552.0,714511.1297912718,714512.0,0.0,58960.0,58960.0,False,656753.1875,21330.915870205914,57757.94229127174
2019-01-13 19:47:00,642831.0,717735.1081996945,717736.0,0.0,74905.0,74905.0,False,660019.25,21315.373553750458,57715.858199694565
2019-01-13 19:48:00,656379.0,710917.6890438007,710918.0,0.0,54539.0,54539.0,False,653183.0,21322.3280804434,57734.68904380075
2019-01-13 19:49:00,643279.0,714309.1102772164,714310.0,0.0,71031.0,71031.0,False,656544.3125,21333.44770891299,57764.797777216365
2019-01-13 19:50:00,664587.0,736375.7759795019,736376.0,0.0,71789.0,71789.0,False,678613.0625,21332.677945008105,57762.71347950188
2019-01-13 19:51:00,634941.0,718409.6904266201,718410.0,0.0,83469.0,83469.0,False,660662.3125,21327.014284299858,57747.3779266201
2019-01-13 19:52:00,635903.0,699541.2025157548,699542.0,0.0,63639.0,63639.0,False,641551.8125,21416.393152523255,57989.39001575485
2019-01-13 19:53:00,652301.0,701005.0373987099,701006.0,0.0,48705.0,48705.0,False,643032.0,21410.35387403435,57973.03739870992
2019-01-13 19:54:00,645761.0,713210.5936012651,713211.0,0.0,67450.0,67450.0,False,654866.8125,21547.275350369702,58343.78110126509
2019-01-13 19:55:00,650785.0,715147.2523806454,715148.0,0.0,64363.0,64363.0,False,657082.625,21444.179493883596,58064.62738064539
2019-01-13 19:56:00,647856.0,709299.5403703353,709300.0,0.0,61444.0,61444.0,False,651401.4375,21382.679374959032,57898.10287033532
2019-01-13 19:57:00,636830.0,708045.3278206406,708046.0,0.0,71216.0,71216.0,False,650766.25,21154.06369488515,57279.07782064065
2019-01-13 19:58:00,640287.0,706525.7485647254,706526.0,0.0,66239.0,66239.0,False,649233.5625,21158.90477544804,57292.18606472544
2019-01-13 19:59:00,631436.0,704254.183109599,704255.0,0.0,72819.0,72819.0,False,647039.375,21130.32788046993,57214.80810959906
2019-01-13 20:00:00,741208.0,741809.0035806597,741810.0,0.0,602.0,602.0,False,684553.0,21145.542015402203,57256.00358065979
2019-01-13 20:01:00,700018.0,745643.485406593,745644.0,0.0,45626.0,45626.0,False,688547.125,21086.583282106272,57096.360406592925
2019-01-13 20:02:00,662709.0,741602.9589912806,741603.0,0.0,78894.0,78894.0,False,684140.375,21221.835407870447,57462.58399128065
2019-01-13 20:03:00,648015.0,727080.8944428387,727081.0,0.0,79066.0,79066.0,False,669474.9375,21274.78529227469,57605.956942838784
2019-01-13 20:04:00,634257.0,713095.8766624692,713096.0,0.0,78839.0,78839.0,False,655395.4375,21309.67906096202,57700.43916246925
2019-01-13 20:05:00,668320.0,718784.6387209409,718785.0,0.0,50465.0,50465.0,False,661287.875,21234.45851923705,57496.76372094087
2019-01-13 20:06:00,670615.0,756987.0754419697,756988.0,0.0,86373.0,86373.0,False,699594.875,21195.841656891105,57392.20044196969
2019-01-13 20:07:00,686541.0,752716.9093211123,752717.0,0.0,66176.0,66176.0,False,696459.25,20776.837789366633,56257.659321112296
2019-01-13 20:08:00,661189.0,752993.5343516874,752994.0,0.0,91805.0,91805.0,False,697369.5,20542.83012946931,55624.034351687355
2019-01-13 20:09:00,676073.0,732644.5443732649,732645.0,0.0,56572.0,56572.0,False,676662.875,20674.91036389037,55981.66937326487
2019-01-13 20:10:00,769906.0,762241.1315617982,762242.0,7664.0,0.0,76640.0,False,706919.5625,20431.124944063864,55321.56906179818
2019-01-13 20:11:00,689199.0,772843.6904350866,772844.0,0.0,83645.0,83645.0,False,712036.75,22456.958805844886,60806.94043508666
2019-01-13 20:12:00,620724.0,745338.9272919692,745339.0,0.0,124615.0,124615.0,False,685202.375,22209.373928095818,60136.552291969194
2019-01-13 20:13:00,603863.0,703349.9525090551,703350.0,0.0,99487.0,99487.0,False,640223.3125,23313.660317248134,63126.64000905514
2019-01-13 20:14:00,613797.0,690427.7841628395,690428.0,0.0,76631.0,76631.0,False,626657.1875,23551.48363056257,63770.596662839525
2019-01-13 20:15:00,608362.0,703323.6834915105,703324.0,0.0,94962.0,94962.0,False,639662.1875,23511.191037904624,63661.49599151046
2019-01-13 20:16:00,630135.0,688733.4892653723,688734.0,0.0,58599.0,58599.0,False,626750.625,22891.245958373598,61982.86426537234
2019-01-13 20:17:00,614967.0,706173.545667922,706174.0,0.0,91207.0,91207.0,False,644078.75,22932.583984561927,62094.79566792198
2019-01-13 20:18:00,620477.0,692023.9044577974,692024.0,0.0,71547.0,71547.0,False,629652.1875,23034.85536928704,62371.716957797405
2019-01-13 20:19:00,621247.0,691579.6471812802,691580.0,0.0,70333.0,70333.0,False,629226.75,23027.904930028635,62352.89718128013
2019-01-13 20:20:00,625652.0,696343.0682661422,696344.0,0.0,70692.0,70692.0,False,634093.625,22989.697773182157,62249.443266142116
2019-01-13 20:21:00,601415.0,723225.7861306854,723226.0,0.0,121811.0,121811.0,False,661529.125,22785.546642476744,61696.661130685345
2019-01-13 20:22:00,580410.0,683463.1655302795,683464.0,0.0,103054.0,103054.0,False,619698.1875,23549.408581250078,63764.978030279555
2019-01-13 20:23:00,612614.0,671171.5173939604,671172.0,0.0,58558.0,58558.0,False,606709.5,23806.83617363065,64462.01739396041
2019-01-13 20:24:00,602401.0,683535.4975493127,683536.0,0.0,81135.0,81135.0,False,618910.75,23866.934977633384,64624.747549312655
2019-01-13 20:25:00,627879.0,679290.9981189137,679291.0,0.0,51412.0,51412.0,False,614780.9375,23824.579291701648,64510.060618913696
2019-01-13 20:26:00,611009.0,686485.4393243035,686486.0,0.0,75477.0,75477.0,False,621693.125,23928.820021285854,64792.31432430354
2019-01-13 20:27:00,603485.0,678903.14147138,678904.0,0.0,75419.0,75419.0,False,614435.5625,23808.890151583077,64467.57897138004
2019-01-13 20:28:00,609089.0,679768.7188252094,679769.0,0.0,70680.0,70680.0,False,618263.5625,22714.820907931928,61505.15632520941
2019-01-13 20:29:00,620591.0,676550.5194606949,676551.0,0.0,55960.0,55960.0,False,615141.75,22679.22372395359,61408.76946069487
2019-01-13 20:30:00,692500.0,718969.1504347208,718970.0,0.0,26470.0,26470.0,False,657484.75,22707.155431353993,61484.40043472082
2019-01-13 20:31:00,661328.0,709174.0505870895,709175.0,0.0,47847.0,47847.0,False,650589.8125,21636.079894499017,58584.23808708949
2019-01-13 20:32:00,658194.0,710246.2399440337,710247.0,0.0,52053.0,52053.0,False,651290.5625,21773.25828693383,58955.67744403366
2019-01-13 20:33:00,631354.0,713917.9844505336,713918.0,0.0,82564.0,82564.0,False,654682.75,21876.50308323398,59235.234450533666
2019-01-13 20:34:00,615976.0,691209.9716686788,691210.0,0.0,75234.0,75234.0,False,631814.5625,21935.65812411231,59395.40916867882
2019-01-13 20:35:00,618509.0,694404.712570361,694405.0,0.0,75896.0,75896.0,False,635483.0,21760.71452526032,58921.71257036098
2019-01-13 20:36:00,616422.0,684569.8377942343,684570.0,0.0,68148.0,68148.0,False,625622.25,21770.270652117833,58947.58779423429
2019-01-13 20:37:00,595515.0,676456.2017517721,676457.0,0.0,80942.0,80942.0,False,617516.625,21767.312048226908,58939.576751772045
2019-01-13 20:38:00,604345.0,670303.1723334832,670304.0,0.0,65959.0,65959.0,False,611218.0625,21821.059702647446,59085.10983348321
2019-01-13 20:39:00,599022.0,674407.8326305996,674408.0,0.0,75386.0,75386.0,False,615765.3125,21657.604369186654,58642.52013059964
2019-01-13 20:40:00,643067.0,690070.5264675979,690071.0,0.0,47004.0,47004.0,False,633035.8125,21063.816283287833,57034.71396759789
2019-01-13 20:41:00,628528.0,691376.1501944109,691377.0,0.0,62849.0,62849.0,False,634725.625,20921.929331051888,56650.525194410955
2019-01-13 20:42:00,602778.0,685388.2250147343,685389.0,0.0,82611.0,82611.0,False,628887.1875,20866.721181448243,56501.03751473429
2019-01-13 20:43:00,602556.0,678023.3763461582,678024.0,0.0,75468.0,75468.0,False,621233.1875,20973.50931273689,56790.18884615824
2019-01-13 20:44:00,620724.0,669396.005963976,669397.0,0.0,48673.0,48673.0,False,612512.8125,21007.85737985132,56883.19346397604
2019-01-13 20:45:00,633448.0,696988.519441121,696989.0,0.0,63541.0,63541.0,False,639818.3125,21113.855967954056,57170.20694112098
2019-01-13 20:46:00,629715.0,686562.7075014366,686563.0,0.0,56848.0,56848.0,False,629478.75,21082.002694295497,57083.95750143664
2019-01-13 20:47:00,621728.0,687049.084843792,687050.0,0.0,65322.0,65322.0,False,629937.8125,21092.090494884924,57111.27234379199
2019-01-13 20:48:00,614479.0,689281.0183312467,689282.0,0.0,74803.0,74803.0,False,632235.5625,21067.78342236328,57045.45583124666
2019-01-13 20:49:00,629063.0,683329.4411174332,683330.0,0.0,54267.0,54267.0,False,626378.0625,21033.039228689675,56951.37861743326
2019-01-13 20:50:00,632722.0,713614.8507516391,713615.0,0.0,80893.0,80893.0,False,656522.4375,21085.12553574438,57092.41325163916
2019-01-13 20:51:00,627144.0,699755.6302062424,699756.0,0.0,72612.0,72612.0,False,642463.8125,21158.76873487076,57291.8177062424
2019-01-13 20:52:00,620880.0,686671.9899204402,686672.0,0.0,65792.0,65792.0,False,629628.3125,21067.126627301186,57043.677420440275
2019-01-13 20:53:00,610313.0,683359.0435441008,683360.0,0.0,73047.0,73047.0,False,626329.3125,21061.976011323717,57029.73104410082
2019-01-13 20:54:00,590847.0,681459.922014574,681460.0,0.0,90613.0,90613.0,False,624765.0,20938.325774523288,56694.922014574026
2019-01-13 20:55:00,616722.0,676741.7429654944,676742.0,0.0,60020.0,60020.0,False,619432.0,21165.388814843973,57309.74296549442
2019-01-13 20:56:00,597337.0,677362.0119412284,677363.0,0.0,80026.0,80026.0,False,620009.25,21181.276398712136,57352.761941228455
2019-01-13 20:57:00,614245.0,664360.271439404,664361.0,0.0,50116.0,50116.0,False,606891.5,21224.12052971056,57468.771439403965
2019-01-13 20:58:00,610850.0,673475.2062716495,673476.0,0.0,62626.0,62626.0,False,615692.6875,21339.992350678134,57782.51877164944
2019-01-13 20:59:00,603803.0,677893.0942740676,677894.0,0.0,74091.0,74091.0,False,620083.375,21350.03792373164,57809.71927406751
2019-01-13 21:00:00,709711.0,701800.9075659877,701801.0,7910.0,0.0,79100.0,False,643982.6875,21353.177399794757,57818.22006598763
2019-01-13 21:01:00,658287.0,727709.8403650123,727710.0,0.0,69423.0,69423.0,False,668543.5,21851.05941464204,59166.34036501228
2019-01-13 21:02:00,640497.0,710088.0953279475,710089.0,0.0,69592.0,69592.0,False,651401.3125,21673.951278994387,58686.7828279475
2019-01-13 21:03:00,642007.0,704459.6609816435,704460.0,0.0,62453.0,62453.0,False,645905.375,21625.01811120031,58554.285981643436
2019-01-13 21:04:00,642490.0,702800.0638384684,702801.0,0.0,60311.0,60311.0,False,644347.875,21587.312031564143,58452.18883846837
2019-01-13 21:05:00,700347.0,730411.8012927788,730412.0,0.0,30065.0,30065.0,False,672036.625,21558.87008803418,58375.17629277877
2019-01-13 21:06:00,710159.0,763791.5540431797,763792.0,0.0,53633.0,53633.0,False,704229.3125,21997.27194212124,59562.24154317969
2019-01-13 21:07:00,655037.0,770345.1835361943,770346.0,0.0,115309.0,115309.0,False,710979.6875,21924.610734140813,59365.49603619424
2019-01-13 21:08:00,699616.0,718699.1638017097,718700.0,0.0,19084.0,19084.0,False,657096.9375,22750.67037590306,61602.226301709656
2019-01-13 21:09:00,700580.0,756061.0913496552,756062.0,0.0,55482.0,55482.0,False,692647.75,23419.543628418975,63413.34134965515
2019-01-13 21:10:00,659991.0,772899.1839823427,772900.0,0.0,112909.0,112909.0,False,709296.5,23489.470838570167,63602.683982342736
2019-01-13 21:11:00,631925.0,728290.9329489201,728291.0,0.0,96366.0,96366.0,False,668143.5625,22213.36924348685,60147.37044892011
2019-01-13 21:12:00,631648.0,706496.6833074796,706497.0,0.0,74849.0,74849.0,False,645815.0625,22410.67629772003,60681.620807479645
2019-01-13 21:13:00,629153.0,700046.8929540225,700047.0,0.0,70894.0,70894.0,False,642468.0,21264.7901358399,57578.89295402248
2019-01-13 21:14:00,621324.0,695210.2268758512,695211.0,0.0,73887.0,73887.0,False,638417.6875,20974.377400295758,56792.539375851105
2019-01-13 21:15:00,634827.0,691310.8876272718,691311.0,0.0,56484.0,56484.0,False,634461.3125,20995.441599726786,56849.57512727182
2019-01-13 21:16:00,631032.0,705881.984937576,705882.0,0.0,74850.0,74850.0,False,649509.75,20819.15236531256,56372.23493757601
2019-01-13 21:17:00,615337.0,699718.8180795623,699719.0,0.0,84382.0,84382.0,False,643387.125,20804.179619951396,56331.69307956231
2019-01-13 21:18:00,618683.0,691257.3534465522,691258.0,0.0,72575.0,72575.0,False,634971.75,20787.157994089637,56285.60344655222
2019-01-13 21:19:00,610498.0,707842.4831917126,707843.0,0.0,97345.0,97345.0,False,651493.5,20810.565130117327,56348.98319171261
2019-01-13 21:20:00,632714.0,712750.8125850031,712751.0,0.0,80037.0,80037.0,False,655300.875,21217.16489126846,57449.93758500305
2019-01-13 21:21:00,628896.0,692705.8212435393,692706.0,0.0,63810.0,63810.0,False,635070.8125,21285.51457888079,57635.00874353934
2019-01-13 21:22:00,618943.0,687851.1158732392,687852.0,0.0,68909.0,68909.0,False,633044.1875,20241.06004916724,54806.928373239236
2019-01-13 21:23:00,605840.0,687324.654575093,687325.0,0.0,81485.0,81485.0,False,633557.0625,19857.21681900494,53767.59207509296
2019-01-13 21:24:00,592789.0,677541.0433152728,677542.0,0.0,84753.0,84753.0,False,623584.75,19926.907152822252,53956.2933152728
2019-01-13 21:25:00,611354.0,681465.0731420974,681466.0,0.0,70112.0,70112.0,False,627031.375,20103.22025874405,54433.69814209742
2019-01-13 21:26:00,620573.0,689788.8597289099,689789.0,0.0,69216.0,69216.0,False,635867.9375,19913.844054700803,53920.92222890994
2019-01-13 21:27:00,595761.0,675352.949206736,675353.0,0.0,79592.0,79592.0,False,621395.25,19927.42637063604,53957.699206736055
2019-01-13 21:28:00,602407.0,663904.3815257798,663905.0,0.0,61498.0,61498.0,False,609659.375,20033.533479170335,54245.00652577985
2019-01-13 21:29:00,612879.0,663577.7227868288,663578.0,0.0,50699.0,50699.0,False,609326.125,20035.9677354706,54251.59778682875
2019-01-13 21:30:00,686466.0,690327.5040580737,690328.0,0.0,3862.0,3862.0,False,636136.75,20013.497190160004,54190.75405807374
2019-01-13 21:31:00,638875.0,705973.1168709488,705974.0,0.0,67099.0,67099.0,False,650005.625,20669.674389457145,55967.49187094885
2019-01-13 21:32:00,619480.0,690452.217041587,690453.0,0.0,70973.0,70973.0,False,634939.3125,20501.78814397114,55512.904541587006
2019-01-13 21:33:00,620979.0,689140.25671421,689141.0,0.0,68162.0,68162.0,False,633912.0625,20396.64014527634,55228.19421421004
2019-01-13 21:34:00,614180.0,680665.8062464907,680666.0,0.0,66486.0,66486.0,False,625621.5625,20328.704346396626,55044.24374649071
2019-01-13 21:35:00,624940.0,685335.1177139796,685336.0,0.0,60396.0,60396.0,False,630326.1875,20315.662503817177,55008.93021397954
2019-01-13 21:36:00,607025.0,702625.2804944707,702626.0,0.0,95601.0,95601.0,False,647649.5625,20303.396709155837,54975.71799447068
2019-01-13 21:37:00,602548.0,681250.0012742993,681251.0,0.0,78703.0,78703.0,False,625246.1875,20683.088639236124,56003.813774299335
2019-01-13 21:38:00,600057.0,671161.7768628848,671162.0,0.0,71105.0,71105.0,False,615139.6875,20689.83810133828,56022.089362884726
2019-01-13 21:39:00,600735.0,674616.9199377983,674617.0,0.0,73882.0,73882.0,False,618584.4375,20693.67642725188,56032.48243779824
2019-01-13 21:40:00,629003.0,705054.4970742412,705055.0,0.0,76052.0,76052.0,False,649005.5625,20699.75245981861,56048.93457424115
2019-01-13 21:41:00,597366.0,684580.4253593961,684581.0,0.0,87215.0,87215.0,False,628909.1875,20560.263126764065,55671.237859396126
2019-01-13 21:42:00,586638.0,667778.5527564388,667779.0,0.0,81141.0,81141.0,False,611682.0,20717.33860291958,56096.55275643888
2019-01-13 21:43:00,597548.0,659975.8954836776,659976.0,0.0,62428.0,62428.0,False,603912.25,20705.185429884998,56063.645483677676
2019-01-13 21:44:00,591392.0,663889.5861987392,663890.0,0.0,72498.0,72498.0,False,607859.0625,20692.95303413186,56030.5236987392
2019-01-13 21:45:00,616686.0,688781.9355965632,688782.0,0.0,72096.0,72096.0,False,633143.625,20548.10257108181,55638.3105965632
2019-01-13 21:46:00,617126.0,669735.6742211742,669736.0,0.0,52610.0,52610.0,False,614103.25,20545.928640134465,55632.42422117425
2019-01-13 21:47:00,614583.0,671093.1946828659,671094.0,0.0,56511.0,56511.0,False,615379.0,20576.127756824197,55714.19468286593
2019-01-13 21:48:00,615803.0,671938.9393494369,671939.0,0.0,56136.0,56136.0,False,616108.5625,20619.035656974876,55830.37684943685
2019-01-13 21:49:00,598294.0,671926.0632444086,671927.0,0.0,73633.0,73633.0,False,616003.4375,20653.10462376455,55922.625744408564
2019-01-13 21:50:00,610746.0,693193.9135592384,693194.0,0.0,82448.0,82448.0,False,637448.0625,20587.818954162092,55745.851059238455
2019-01-13 21:51:00,580855.0,665170.9977983122,665171.0,0.0,84316.0,84316.0,False,609338.8125,20619.703545567972,55832.18529831226
2019-01-13 21:52:00,600161.0,652919.3239549217,652920.0,0.0,52759.0,52759.0,False,596796.875,20726.90247603005,56122.44895492172
2019-01-13 21:53:00,599731.0,662347.0104928841,662348.0,0.0,62617.0,62617.0,False,605984.625,20815.514810584045,56362.385492884125
2019-01-13 21:54:00,586242.0,663021.6800455423,663022.0,0.0,76780.0,76780.0,False,606648.875,20819.362915144924,56372.805045542365
2019-01-13 21:55:00,600113.0,666323.7493992725,666324.0,0.0,66211.0,66211.0,False,610413.5,20648.53384498668,55910.249399272485
2019-01-13 21:56:00,583827.0,655220.1922379668,655221.0,0.0,71394.0,71394.0,False,599390.9375,20618.621243572772,55829.254737966854
2019-01-13 21:57:00,591070.0,657034.2969548081,657035.0,0.0,65965.0,65965.0,False,601325.4375,20574.15737324862,55708.8594548081
2019-01-13 21:58:00,581574.0,658048.561340113,658049.0,0.0,76475.0,76475.0,False,602728.25,20430.660447677925,55320.311340113054
2019-01-13 21:59:00,584553.0,649676.4799679613,649677.0,0.0,65124.0,65124.0,False,594311.5,20447.157273999488,55364.97996796137
2019-01-13 22:00:00,687700.0,687711.559614522,687712.0,0.0,12.0,12.0,False,632363.5625,20440.88523930469,55347.99711452201
2019-01-13 22:01:00,656653.0,695576.6989204288,695577.0,0.0,38924.0,38924.0,False,641915.5625,19817.901072573073,53661.13642042874
2019-01-13 22:02:00,638012.0,695086.9167113851,695087.0,0.0,57075.0,57075.0,False,640635.3125,20109.833251561846,54451.60421138515
2019-01-13 22:03:00,646609.0,692651.9853757514,692652.0,0.0,46043.0,46043.0,False,638112.9375,20142.127571165078,54539.04787575142
2019-01-13 22:04:00,631890.0,693006.6574711779,693007.0,0.0,61117.0,61117.0,False,638091.25,20281.123085002815,54915.40747117784
2019-01-13 22:05:00,640097.0,697760.2380368477,697761.0,0.0,57664.0,57664.0,False,642914.5,20255.39306790965,54845.738036847724
2019-01-13 22:06:00,643927.0,715531.3139817729,715532.0,0.0,71605.0,71605.0,False,662395.8125,19623.77582831894,53135.501481772866
2019-01-13 22:07:00,685545.0,721556.3842002676,721557.0,0.0,36012.0,36012.0,False,668742.9375,19504.835935771473,52813.44670026759
2019-01-13 22:08:00,692018.0,746568.0328360052,746569.0,0.0,54551.0,54551.0,False,695115.4375,19002.252138437656,51452.59533600525
2019-01-13 22:09:00,705156.0,737304.9876247732,737305.0,0.0,32149.0,32149.0,False,689336.75,17715.424072001715,47968.23762477312
2019-01-13 22:10:00,686223.0,767688.3314898266,767689.0,0.0,81466.0,81466.0,False,719249.1875,17889.33719385502,48439.143989826494
2019-01-13 22:11:00,646201.0,736745.3176464748,736746.0,0.0,90545.0,90545.0,False,689541.1875,17433.22717078284,47204.130146474854
2019-01-13 22:12:00,609603.0,706167.0144063369,706168.0,0.0,96565.0,96565.0,False,658442.5625,17625.390174601154,47724.45190633694
2019-01-13 22:13:00,604766.0,677611.599293534,677612.0,0.0,72846.0,72846.0,False,628164.4375,18261.614011788042,49447.16179353397
2019-01-13 22:14:00,594416.0,668302.5527326929,668303.0,0.0,73887.0,73887.0,False,618700.25,18318.9099989708,49602.302732692864
2019-01-13 22:15:00,621235.0,660852.6762399403,660853.0,0.0,39618.0,39618.0,False,611101.375,18373.93748950802,49751.30123994034
2019-01-13 22:16:00,620688.0,676932.7265792554,676933.0,0.0,56245.0,56245.0,False,626763.5,18528.283885852965,50169.22657925542
2019-01-13 22:17:00,603620.0,677835.5186592564,677836.0,0.0,74216.0,74216.0,False,627672.875,18525.8527100335,50162.64365925635
2019-01-13 22:18:00,595076.0,672175.2482363108,672176.0,0.0,77100.0,77100.0,False,622150.375,18474.97192750087,50024.87323631078
2019-01-13 22:19:00,599093.0,665686.2307233769,665687.0,0.0,66594.0,66594.0,False,615406.375,18569.14096753614,50279.85572337682
2019-01-13 22:20:00,628357.0,693285.754053677,693286.0,0.0,64929.0,64929.0,False,644023.4375,18193.34775949472,49262.31655367691
2019-01-13 22:21:00,615706.0,686615.4965580716,686616.0,0.0,70910.0,70910.0,False,637482.5625,18145.564770361958,49132.93405807157
2019-01-13 22:22:00,595043.0,664501.4353923467,664502.0,0.0,69459.0,69459.0,False,615279.1875,18178.549773106,49222.24789234668
2019-01-13 22:23:00,584889.0,655703.328809995,655704.0,0.0,70815.0,70815.0,False,606400.1875,18208.424983645997,49303.14130999495
2019-01-13 22:24:00,602746.0,654124.6491229555,654125.0,0.0,51379.0,51379.0,False,605018.1875,18135.788084006133,49106.46162295554
2019-01-13 22:25:00,604465.0,677875.9186115874,677876.0,0.0,73411.0,73411.0,False,629123.5625,18005.011353178717,48752.35611158735
2019-01-13 22:26:00,604272.0,680563.8302653345,680564.0,0.0,76292.0,76292.0,False,631614.5,18077.757004001855,48949.33026533442
2019-01-13 22:27:00,600918.0,665684.0531764021,665685.0,0.0,64767.0,64767.0,False,616442.5625,18185.65643569666,49241.49067640211
2019-01-13 22:28:00,598259.0,657376.7362670214,657377.0,0.0,59118.0,59118.0,False,608361.25,18102.189455199274,49015.486267021435
2019-01-13 22:29:00,590528.0,659981.2701007146,659982.0,0.0,69454.0,69454.0,False,610986.0625,18094.70022501219,48995.20760071458
2019-01-13 22:30:00,671020.0,691404.8071542074,691405.0,0.0,20385.0,20385.0,False,642607.75,18021.520150784945,48797.0571542074
2019-01-13 22:31:00,621894.0,685201.8540878907,685202.0,0.0,63308.0,63308.0,False,639318.75,16945.35148477062,45883.10408789069
2019-01-13 22:32:00,609808.0,666924.2759678476,666925.0,0.0,57117.0,57117.0,False,621009.25,16957.140736755133,45915.02596784756
2019-01-13 22:33:00,616165.0,666234.4900199288,666235.0,0.0,50070.0,50070.0,False,620330.125,16953.203481130542,45904.36501992883
2019-01-13 22:34:00,595543.0,665378.3859261523,665379.0,0.0,69836.0,69836.0,False,619387.0,16985.341669507183,45991.3859261524
2019-01-13 22:35:00,600690.0,670714.9836461854,670715.0,0.0,70025.0,70025.0,False,624548.25,17050.100338456858,46166.733646185334
2019-01-13 22:36:00,618716.0,663161.7785908827,663162.0,0.0,44446.0,44446.0,False,616894.75,17087.140837870047,46267.02859088271
2019-01-13 22:37:00,604539.0,673406.2358717265,673407.0,0.0,68868.0,68868.0,False,627934.4375,16793.449819295987,45471.79837172656
2019-01-13 22:38:00,591946.0,655229.8278060822,655230.0,0.0,63284.0,63284.0,False,609737.375,16801.077826529454,45492.452806082256
2019-01-13 22:39:00,589484.0,653068.6775010435,653069.0,0.0,63585.0,63585.0,False,607544.3125,16812.86350169286,45524.36500104349
2019-01-13 22:40:00,626425.0,688875.5687801514,688876.0,0.0,62451.0,62451.0,False,643347.875,16814.092872135872,45527.693780151436
2019-01-13 22:41:00,594423.0,675179.4047471678,675180.0,0.0,80757.0,80757.0,False,629704.75,16794.504723640126,45474.654747167835
2019-01-13 22:42:00,593449.0,653329.0157330935,653330.0,0.0,59881.0,59881.0,False,607640.3125,16873.556193694225,45688.70323309348
2019-01-13 22:43:00,595221.0,653148.1907243219,653149.0,0.0,57928.0,57928.0,False,607681.25,16791.65581376176,45466.940724321896
2019-01-13 22:44:00,581324.0,648668.4911100208,648669.0,0.0,67345.0,67345.0,False,603243.25,16776.255490807205,45425.24111002083
2019-01-13 22:45:00,612038.0,655434.3482278213,655435.0,0.0,43397.0,43397.0,False,609904.5,16814.888543521814,45529.84822782127
2019-01-13 22:46:00,634439.0,659284.8405853292,659285.0,0.0,24846.0,24846.0,False,613517.0625,16902.759779444976,45767.77808532924
2019-01-13 22:47:00,612552.0,677520.8100113622,677521.0,0.0,64969.0,64969.0,False,630638.25,17314.46626576537,46882.56001136223
2019-01-13 22:48:00,608745.0,664798.5743718874,664799.0,0.0,56054.0,56054.0,False,618014.9375,17277.932395581545,46783.6368718874
2019-01-13 22:49:00,599187.0,665021.1107756248,665022.0,0.0,65835.0,65835.0,False,618403.1875,17216.73175995985,46617.92327562479
2019-01-13 22:50:00,629791.0,676245.0531298352,676246.0,0.0,46455.0,46455.0,False,629601.375,17226.243432408977,46643.67812983513
2019-01-13 22:51:00,608112.0,669442.7957463342,669443.0,0.0,61331.0,61331.0,False,622906.875,17186.446937058467,46535.9207463343
2019-01-13 22:52:00,588502.0,651785.6128635233,651786.0,0.0,63284.0,63284.0,False,605619.5625,17049.84799143063,46166.050363523354
2019-01-13 22:53:00,591968.0,641229.5004351549,641230.0,0.0,49262.0,49262.0,False,595311.875,16958.10076088757,45917.62543515487
2019-01-13 22:54:00,593665.0,643990.3328584711,643991.0,0.0,50326.0,50326.0,False,598020.125,16977.520276256604,45970.207858471054
2019-01-13 22:55:00,597600.0,657138.5256466453,657139.0,0.0,59539.0,59539.0,False,611208.6875,16962.611107188284,45929.838146645336
2019-01-13 22:56:00,589237.0,664437.9057007495,664438.0,0.0,75201.0,75201.0,False,618502.5625,16964.644210191916,45935.34320074946
2019-01-13 22:57:00,585298.0,643241.8270501413,643242.0,0.0,57944.0,57944.0,False,596909.3125,17111.325831867573,46332.51455014126
2019-01-13 22:58:00,606630.0,638335.7689124293,638336.0,0.0,31706.0,31706.0,False,592005.625,17110.450318101215,46330.14391242931
2019-01-13 22:59:00,589822.0,650644.2737198038,650645.0,0.0,60823.0,60823.0,False,603561.125,17388.54682844715,47083.148719803736
2019-01-13 23:00:00,703777.0,690365.6747185411,690366.0,13411.0,0.0,134110.0,False,643275.25,17391.23396913779,47090.4247185411
2019-01-13 23:01:00,647071.0,699624.8098841769,699625.0,0.0,52554.0,52554.0,False,651619.0625,17729.27701569075,48005.74738417698
2019-01-13 23:02:00,635905.0,683301.6385860831,683302.0,0.0,47397.0,47397.0,False,636100.1875,17432.23775167334,47201.45108608306
2019-01-13 23:03:00,620118.0,687582.3495736624,687583.0,0.0,67465.0,67465.0,False,640318.8125,17455.167082692355,47263.53707366242
2019-01-13 23:04:00,608038.0,662705.2159086474,662706.0,0.0,54668.0,54668.0,False,615863.4375,17299.40497891799,46841.77840864735
2019-01-13 23:05:00,614425.0,682771.081809994,682772.0,0.0,68347.0,68347.0,False,635949.4375,17291.96913983749,46821.64430999391
2019-01-13 23:06:00,613815.0,695087.7868800911,695088.0,0.0,81273.0,81273.0,False,648254.5625,17296.245841728414,46833.224380091044
2019-01-13 23:07:00,669309.0,690011.7302957023,690012.0,0.0,20703.0,20703.0,False,642589.1875,17513.890394935894,47422.54279570233
2019-01-13 23:08:00,659348.0,725446.4627658372,725447.0,0.0,66099.0,66099.0,False,677162.0,17832.210986709753,48284.46276583723
2019-01-13 23:09:00,662596.0,717837.7353042315,717838.0,0.0,55242.0,55242.0,False,669622.5,17806.64419709019,48215.2353042315
2019-01-13 23:10:00,686017.0,733124.2292444371,733125.0,0.0,47108.0,47108.0,False,685904.875,17438.849669437564,47219.35424443709
2019-01-13 23:11:00,644829.0,718635.0278562874,718636.0,0.0,73807.0,73807.0,False,671752.75,17314.36206146161,46882.277856287415
2019-01-13 23:12:00,624998.0,693326.9638625651,693327.0,0.0,68329.0,68329.0,False,647439.5625,16946.93853584818,45887.401362565106
2019-01-13 23:13:00,618167.0,663246.7127560156,663247.0,0.0,45080.0,45080.0,False,619069.125,16315.47749779538,44177.58775601563
2019-01-13 23:14:00,599244.0,663784.7103992606,663785.0,0.0,64541.0,64541.0,False,619656.125,16297.380157275318,44128.585399260606
2019-01-13 23:15:00,626728.0,653316.9076152882,653317.0,0.0,26589.0,26589.0,False,609308.625,16252.950448354484,44008.282615288175
2019-01-13 23:16:00,606231.0,665391.508128548,665392.0,0.0,59161.0,59161.0,False,620883.8125,16437.39152342966,44507.69562854803
2019-01-13 23:17:00,608134.0,660213.0892490721,660214.0,0.0,52080.0,52080.0,False,615721.8125,16431.32777318357,44491.27674907219
2019-01-13 23:18:00,612232.0,659584.74266143,659585.0,0.0,47353.0,47353.0,False,615312.1875,16350.550453218368,44272.555161429984
2019-01-13 23:19:00,589391.0,662633.124360334,662634.0,0.0,73243.0,73243.0,False,618654.1875,16242.112599822438,43978.93686033398
2019-01-13 23:20:00,644545.0,682385.2667809943,682386.0,0.0,37841.0,37841.0,False,637968.75,16403.71774196939,44416.516780994294
2019-01-13 23:21:00,636841.0,666185.128287538,666186.0,0.0,29345.0,29345.0,False,621406.375,16537.497377110023,44778.753287537955
2019-01-13 23:22:00,611602.0,670593.63195237,670594.0,0.0,58992.0,58992.0,False,625127.375,16791.403286033095,45466.25695237005
2019-01-13 23:23:00,593237.0,658088.5594311554,658089.0,0.0,64852.0,64852.0,False,612753.3125,16743.01922611299,45335.24693115543
2019-01-13 23:24:00,608121.0,646551.0336773337,646552.0,0.0,38431.0,38431.0,False,601274.75,16721.243169750716,45276.28367733376
2019-01-13 23:25:00,604425.0,674039.5105108076,674040.0,0.0,69615.0,69615.0,False,628475.0,16827.689869416063,45564.51051080765
2019-01-13 23:26:00,593230.0,651790.9422451541,651791.0,0.0,58561.0,58561.0,False,606250.875,16818.662587235198,45540.06724515408
2019-01-13 23:27:00,602130.0,639894.4130246366,639895.0,0.0,37765.0,37765.0,False,594776.125,16662.892891990712,45118.288024636575
2019-01-13 23:28:00,605886.0,645978.7022876121,645979.0,0.0,40093.0,40093.0,False,600560.1875,16773.771354224013,45418.514787612134
2019-01-13 23:29:00,621249.0,653349.1382298539,653350.0,0.0,32101.0,32101.0,False,607672.375,16869.146562836715,45676.76322985388
2019-01-13 23:30:00,680201.0,678662.3834596401,678663.0,1538.0,0.0,15380.0,False,632552.9375,17028.943095424664,46109.44595964006
2019-01-13 23:31:00,630802.0,687706.9745860124,687707.0,0.0,56905.0,56905.0,False,639319.0,17870.43952879656,48387.97458601244
2019-01-13 23:32:00,615899.0,673533.5837057087,673534.0,0.0,57635.0,57635.0,False,625268.0,17825.23865308195,48265.583705708705
2019-01-13 23:33:00,620871.0,667857.7310436248,667858.0,0.0,46987.0,46987.0,False,619605.3125,17820.376551807396,48252.41854362477
2019-01-13 23:34:00,598207.0,663771.2538758634,663772.0,0.0,65565.0,65565.0,False,615437.25,17850.50729728042,48334.003875863345
2019-01-13 23:35:00,610651.0,666308.9376776088,666309.0,0.0,55658.0,55658.0,False,618197.0,17768.494760048794,48111.93767760877
2019-01-13 23:36:00,600688.0,664717.9086435604,664718.0,0.0,64030.0,64030.0,False,616963.875,17636.31517509418,47754.033643560404
2019-01-13 23:37:00,604343.0,655044.6995461201,655045.0,0.0,50702.0,50702.0,False,607285.25,17638.315353031274,47759.44954612014
2019-01-13 23:38:00,600874.0,652503.8743958524,652504.0,0.0,51630.0,51630.0,False,605063.5625,17520.45280289843,47440.31189585247
2019-01-13 23:39:00,573240.0,651609.326736369,651610.0,0.0,78370.0,78370.0,False,604315.8125,17466.238120031212,47293.514236369025
2019-01-13 23:40:00,621477.0,670997.0514163143,670998.0,0.0,49521.0,49521.0,False,623109.8125,17685.50997591055,47887.23891631437
2019-01-13 23:41:00,602338.0,655197.0543060489,655198.0,0.0,52860.0,52860.0,False,607407.25,17649.525842958967,47789.80430604889
2019-01-13 23:42:00,590068.0,650459.1326874841,650460.0,0.0,60392.0,60392.0,False,603745.3125,17252.147996722022,46713.8201874841
2019-01-13 23:43:00,596692.0,651913.4123620646,651914.0,0.0,55222.0,55222.0,False,605210.0625,17248.2811409824,46703.34986206456
2019-01-13 23:44:00,600927.0,643377.604599492,643378.0,0.0,42451.0,42451.0,False,596719.4375,17231.594436626536,46658.167099492064
2019-01-13 23:45:00,653071.0,668204.6096874693,668205.0,0.0,15134.0,15134.0,False,621751.875,17155.72501808366,46452.73468746927
2019-01-13 23:46:00,621614.0,675079.9768681016,675080.0,0.0,53466.0,53466.0,False,626958.5625,17771.99465079301,48121.41436810158
2019-01-13 23:47:00,606799.0,659661.9512882148,659662.0,0.0,52863.0,52863.0,False,612426.6875,17444.72531400509,47235.263788214776
2019-01-13 23:48:00,598873.0,654717.4217484496,654718.0,0.0,55845.0,55845.0,False,607687.8125,17368.77386019575,47029.609248449546
2019-01-13 23:49:00,591034.0,649598.4059234305,649599.0,0.0,58565.0,58565.0,False,602573.125,17367.17534173789,47025.28092343048
2019-01-13 23:50:00,618909.0,667788.4162452696,667789.0,0.0,48880.0,48880.0,False,620964.3125,17292.877447939765,46824.103745269604
2019-01-13 23:51:00,592778.0,663378.2542143257,663379.0,0.0,70601.0,70601.0,False,616579.5625,17283.4923855111,46798.69171432573
2019-01-13 23:52:00,583822.0,643698.5176018641,643699.0,0.0,59877.0,59877.0,False,596573.25,17404.101993574848,47125.26760186411
2019-01-13 23:53:00,572881.0,636594.0293839317,636595.0,0.0,63714.0,63714.0,False,589576.8125,17364.197165208385,47017.216883931615
2019-01-13 23:54:00,579033.0,632291.9830422854,632292.0,0.0,53259.0,53259.0,False,585117.375,17422.32419370654,47174.60804228543
2019-01-13 23:55:00,601101.0,669941.4570918491,669942.0,0.0,68841.0,68841.0,False,622768.5625,17421.691389530097,47172.89459184912
2019-01-13 23:56:00,605542.0,647249.3510341606,647250.0,0.0,41708.0,41708.0,False,599827.5625,17513.611834293784,47421.78853416056
2019-01-13 23:57:00,578247.0,645261.3418763292,645262.0,0.0,67015.0,67015.0,False,598412.3125,17302.08287524639,46849.02937632913
2019-01-13 23:58:00,593032.0,631502.8344337901,631503.0,0.0,38471.0,38471.0,False,584416.8125,17389.607951530645,47086.02193379011
2019-01-13 23:59:00,582241.0,639070.7810260653,639071.0,0.0,56830.0,56830.0,False,592250.3125,17291.534904352866,46820.46852606535
2019-01-14 00:00:00,724008.0,680622.3306447893,680623.0,43385.0,0.0,433850.0,False,633865.125,17268.17092799438,46757.20564478922
2019-01-14 00:01:00,686866.0,723125.9469287794,723126.0,0.0,36260.0,36260.0,False,670506.3125,19433.258017761866,52619.63442877939
2019-01-14 00:02:00,676676.0,710910.1321965436,710911.0,0.0,34235.0,34235.0,False,657779.0,19622.162182611704,53131.132196543665
2019-01-14 00:03:00,702263.0,720424.2971377838,720425.0,0.0,18162.0,18162.0,False,666695.0625,19843.050814542545,53729.23463778386
2019-01-14 00:04:00,750027.0,718197.4508509447,718198.0,31829.0,0.0,318290.0,False,663040.4375,20370.35193372225,55157.01335094469
2019-01-14 00:05:00,768514.0,810494.7620901628,810495.0,0.0,41981.0,41981.0,False,747118.0,23406.03433297197,63376.76209016289
2019-01-14 00:06:00,760477.0,808916.0157813312,808917.0,0.0,48440.0,48440.0,False,745435.375,23444.398366282647,63480.64078133121
2019-01-14 00:07:00,690234.0,829959.2747640132,829960.0,0.0,139726.0,139726.0,False,767356.0625,23120.35022428614,62603.21226401329
2019-01-14 00:08:00,653675.0,745464.3895897254,745465.0,0.0,91790.0,91790.0,False,678135.0,24865.801792038314,67329.3895897254
2019-01-14 00:09:00,646362.0,738690.7932652734,738691.0,0.0,92329.0,92329.0,False,671130.0625,24951.239724159306,67560.73076527345
2019-01-14 00:10:00,661470.0,733346.0864021906,733347.0,0.0,71877.0,71877.0,False,665344.9375,25113.8930641782,68001.14890219066
2019-01-14 00:11:00,614286.0,725543.0885369442,725544.0,0.0,111258.0,111258.0,False,657545.0,25112.76282319291,67998.08853694423
2019-01-14 00:12:00,640283.0,695344.5610836719,695345.0,0.0,55062.0,55062.0,False,626395.75,25463.87960221327,68948.81108367187
2019-01-14 00:13:00,661933.0,710068.5619100492,710069.0,0.0,48136.0,48136.0,False,641246.4375,25417.092222508956,68822.12441004919
2019-01-14 00:14:00,647814.0,726075.0660539292,726076.0,0.0,78262.0,78262.0,False,656805.125,25582.477947431606,69269.9410539292
2019-01-14 00:15:00,660230.0,721899.2248208973,721900.0,0.0,61670.0,61670.0,False,652894.6875,25484.46017747035,69004.53732089735
2019-01-14 00:16:00,633263.0,726292.5213046661,726293.0,0.0,93030.0,93030.0,False,657537.0,25392.49464888945,68755.52130466612
2019-01-14 00:17:00,612830.0,739562.7919137522,739563.0,0.0,126733.0,126733.0,False,670504.3125,25504.38184016995,69058.4794137522
2019-01-14 00:18:00,620193.0,699353.5643764999,699354.0,0.0,79161.0,79161.0,False,627649.1875,26481.553358754158,71704.37687649982
2019-01-14 00:19:00,602740.0,700646.4014571556,700647.0,0.0,97907.0,97907.0,False,628922.5625,26488.74101102599,71723.83895715555
2019-01-14 00:20:00,633806.0,708806.0366574534,708807.0,0.0,75001.0,75001.0,False,637213.8125,26440.133596905125,71592.22415745337
2019-01-14 00:21:00,614246.0,699728.4797121141,699729.0,0.0,85483.0,85483.0,False,628209.75,26412.99094312854,71518.72971211409
2019-01-14 00:22:00,592625.0,689786.419416762,689787.0,0.0,97162.0,97162.0,False,618458.3125,26342.590948784997,71328.10691676193
2019-01-14 00:23:00,606052.0,687793.4313472117,687794.0,0.0,81742.0,81742.0,False,616122.9375,26469.039823498206,71670.49384721168
2019-01-14 00:24:00,596656.0,686096.4454523788,686097.0,0.0,89441.0,89441.0,False,614609.25,26401.344845384112,71487.19545237886
2019-01-14 00:25:00,630457.0,707507.5333710357,707508.0,0.0,77051.0,77051.0,False,635935.625,26432.630657677702,71571.90837103571
2019-01-14 00:26:00,612414.0,689637.540142169,689638.0,0.0,77224.0,77224.0,False,618420.3125,26301.641489987396,71217.22764216903
2019-01-14 00:27:00,615933.0,679647.0195496468,679648.0,0.0,63715.0,63715.0,False,608503.5,26274.41993294823,71143.51954964672
2019-01-14 00:28:00,612140.0,687243.5376570836,687244.0,0.0,75104.0,75104.0,False,616098.625,26274.934429420162,71144.91265708362
2019-01-14 00:29:00,619235.0,682994.1626268104,682995.0,0.0,63760.0,63760.0,False,611914.5625,26250.813485472703,71079.60012681042
2019-01-14 00:30:00,661329.0,729529.8063454058,729530.0,0.0,68201.0,68201.0,False,658600.8125,26195.192218669858,70928.9938454058
2019-01-14 00:31:00,651960.0,702622.1292922107,702623.0,0.0,50663.0,50663.0,False,633986.375,25348.262808810578,68635.75429221071
2019-01-14 00:32:00,604361.0,709787.0411011485,709788.0,0.0,105427.0,105427.0,False,640735.25,25501.91174120514,69051.79110114848
2019-01-14 00:33:00,608555.0,680810.3506583017,680811.0,0.0,72256.0,72256.0,False,610868.375,25830.670889199624,69941.97565830177
2019-01-14 00:34:00,607374.0,682909.4281374025,682910.0,0.0,75536.0,75536.0,False,612991.5625,25821.766679544155,69917.86563740256
2019-01-14 00:35:00,593715.0,696766.5652080721,696767.0,0.0,103052.0,103052.0,False,626993.1875,25768.405016324476,69773.37770807209
2019-01-14 00:36:00,589115.0,671921.8842888435,671922.0,0.0,82807.0,82807.0,False,601431.9375,26033.0452401753,70489.94678884346
2019-01-14 00:37:00,574144.0,664501.3217728916,664502.0,0.0,90358.0,90358.0,False,594077.875,26008.485739102965,70423.44677289152
2019-01-14 00:38:00,599723.0,661386.3076599478,661387.0,0.0,61664.0,61664.0,False,590765.0625,26081.53579224167,70621.2451599478
2019-01-14 00:39:00,588388.0,671483.8318089617,671484.0,0.0,83096.0,83096.0,False,600700.4375,26141.42002147197,70783.3943089617
2019-01-14 00:40:00,616983.0,679350.4028644939,679351.0,0.0,62368.0,62368.0,False,609126.625,25934.74487303391,70223.77786449392
2019-01-14 00:41:00,600285.0,691955.861755775,691956.0,0.0,91671.0,91671.0,False,621610.625,25979.601550554376,70345.23675577501
2019-01-14 00:42:00,580191.0,667915.5990177286,667916.0,0.0,87725.0,87725.0,False,597319.75,26072.15659776876,70595.84901772861
2019-01-14 00:43:00,589322.0,667162.0654431555,667163.0,0.0,77841.0,77841.0,False,596500.9375,26096.265130918284,70661.12794315546
2019-01-14 00:44:00,589025.0,661814.5343619795,661815.0,0.0,72790.0,72790.0,False,591161.1875,26093.391455344652,70653.3468619794
2019-01-14 00:45:00,615643.0,673859.065248267,673860.0,0.0,58217.0,58217.0,False,603266.8125,26070.828438934004,70592.25274826704
2019-01-14 00:46:00,607328.0,672119.0782822171,672120.0,0.0,64792.0,64792.0,False,602404.125,25746.82795759909,69714.95328221718
2019-01-14 00:47:00,593823.0,667584.5628571367,667585.0,0.0,73762.0,73762.0,False,597786.8125,25777.40621868915,69797.75035713668
2019-01-14 00:48:00,593657.0,667902.8869624392,667903.0,0.0,74246.0,74246.0,False,598105.375,25777.318175780492,69797.51196243912
2019-01-14 00:49:00,598774.0,664865.0292528664,664866.0,0.0,66092.0,66092.0,False,595082.5625,25771.761743419615,69782.46675286643
2019-01-14 00:50:00,635094.0,697471.9029593563,697472.0,0.0,62378.0,62378.0,False,627674.0625,25777.439494854985,69797.84045935627
2019-01-14 00:51:00,606319.0,676656.1650865026,676657.0,0.0,70338.0,70338.0,False,606742.6875,25820.146103379764,69913.47758650259
2019-01-14 00:52:00,583038.0,669356.0564601555,669357.0,0.0,86319.0,86319.0,False,599774.0,25697.74707247132,69582.05646015555
2019-01-14 00:53:00,582240.0,657856.9318752305,657857.0,0.0,75617.0,75617.0,False,588198.75,25725.861384722244,69658.18187523047
2019-01-14 00:54:00,590908.0,655962.9387589007,655963.0,0.0,65055.0,65055.0,False,586446.625,25673.467259619374,69516.31375890078
2019-01-14 00:55:00,595042.0,684851.2695450947,684852.0,0.0,89810.0,89810.0,False,615282.8125,25692.724594747233,69568.45704509469
2019-01-14 00:56:00,612850.0,665175.5167341579,665176.0,0.0,52326.0,52326.0,False,595650.75,25676.589076237313,69524.7667341579
2019-01-14 00:57:00,609483.0,669186.8152519381,669187.0,0.0,59704.0,59704.0,False,599362.4375,25787.240134092295,69824.37775193811
2019-01-14 00:58:00,587247.0,670654.6351204611,670655.0,0.0,83408.0,83408.0,False,600933.8125,25748.995596461013,69720.82262046111
2019-01-14 00:59:00,577520.0,663947.4158944492,663948.0,0.0,86428.0,86428.0,False,594244.875,25742.243867710786,69702.54089444922
2019-01-14 01:00:00,676954.0,690680.9782589313,690681.0,0.0,13727.0,13727.0,False,620859.375,25786.21547021816,69821.60325893133
2019-01-14 01:01:00,639336.0,690548.3383836369,690549.0,0.0,51213.0,51213.0,False,625457.625,24039.023483838067,65090.713383636925
2019-01-14 01:02:00,635492.0,678954.6085547039,678955.0,0.0,43463.0,43463.0,False,613952.5,24006.300327910285,65002.10855470386
2019-01-14 01:03:00,625915.0,696877.1847793941,696878.0,0.0,70963.0,70963.0,False,631755.4375,24050.484789301154,65121.74727939403
2019-01-14 01:04:00,602986.0,681677.8280504475,681678.0,0.0,78692.0,78692.0,False,618055.4375,23496.74878389955,63622.39055044752
2019-01-14 01:05:00,615172.0,667102.0989846002,667103.0,0.0,51931.0,51931.0,False,612183.0625,20282.463336696903,54919.03648460014
2019-01-14 01:06:00,650273.0,681200.5289002475,681201.0,0.0,30928.0,30928.0,False,627048.75,19999.10305180194,54151.77890024759
2019-01-14 01:07:00,658641.0,710020.0691932811,710021.0,0.0,51380.0,51380.0,False,655397.125,20173.111799827882,54622.9441932811
2019-01-14 01:08:00,672226.0,709496.1283132461,709497.0,0.0,37271.0,37271.0,False,660800.6875,17983.991638963067,48695.44081324602
2019-01-14 01:09:00,664053.0,709195.8700725416,709196.0,0.0,45143.0,45143.0,False,660656.3125,17926.421508152784,48539.55757254159
2019-01-14 01:10:00,688272.0,722092.712248199,722093.0,0.0,33821.0,33821.0,False,674011.25,17757.239704985208,48081.462248199015
2019-01-14 01:11:00,662530.0,713231.2250516661,713232.0,0.0,50702.0,50702.0,False,664733.875,17910.833607317556,48497.35005166619
2019-01-14 01:12:00,619185.0,695203.6121425733,695204.0,0.0,76019.0,76019.0,False,648751.5625,17155.472020236746,46452.049642573365
2019-01-14 01:13:00,603714.0,667294.1649212841,667295.0,0.0,63581.0,63581.0,False,620336.9375,17342.04211379778,46957.22742128406
2019-01-14 01:14:00,582492.0,653316.9767139915,653317.0,0.0,70825.0,70825.0,False,606955.875,17121.88352078215,46361.10171399151
2019-01-14 01:15:00,601546.0,649124.1180389677,649125.0,0.0,47579.0,47579.0,False,602267.375,17304.931652094503,46856.74303896768
2019-01-14 01:16:00,599824.0,655213.6007890117,655214.0,0.0,55390.0,55390.0,False,608525.5,17242.649418634148,46688.10078901163
2019-01-14 01:17:00,595465.0,656423.4858724071,656424.0,0.0,60959.0,60959.0,False,610220.6875,17063.419608680135,46202.79837240707
2019-01-14 01:18:00,583158.0,654930.9781778522,654931.0,0.0,71773.0,71773.0,False,612523.125,15661.886703147153,42407.85317785219
2019-01-14 01:19:00,580202.0,644564.577214723,644565.0,0.0,64363.0,64363.0,False,601255.3125,15994.792151205858,43309.26471472302
2019-01-14 01:20:00,605787.0,653455.7892999192,653456.0,0.0,47669.0,47669.0,False,610429.625,15890.238718527322,43026.16429991917
2019-01-14 01:21:00,574633.0,664580.4463300105,664581.0,0.0,89948.0,89948.0,False,621554.5,15890.158218814233,43025.94633001055
2019-01-14 01:22:00,578424.0,655138.1839684186,655139.0,0.0,76715.0,76715.0,False,609737.5625,16767.163070216415,45400.62146841864
2019-01-14 01:23:00,564686.0,636823.507243185,636824.0,0.0,72138.0,72138.0,False,591072.0,16896.750701712146,45751.50724318499
2019-01-14 01:24:00,563107.0,617479.0740964849,617480.0,0.0,54373.0,54373.0,False,571149.3125,17110.309122814077,46329.76159648488
2019-01-14 01:25:00,586602.0,632299.3241005935,632300.0,0.0,45698.0,45698.0,False,586181.0,17032.22193241657,46118.324100593476
2019-01-14 01:26:00,572238.0,627125.8732632331,627126.0,0.0,54888.0,54888.0,False,580972.125,17045.304632441235,46153.74826323311
2019-01-14 01:27:00,583263.0,625899.0274281162,625900.0,0.0,42637.0,42637.0,False,579726.5,17052.24007318485,46172.52742811621
2019-01-14 01:28:00,586359.0,626117.8331000346,626118.0,0.0,39759.0,39759.0,False,580051.625,17012.97467430258,46066.20810003459
2019-01-14 01:29:00,592079.0,627764.9648433885,627765.0,0.0,35686.0,35686.0,False,581537.125,17072.667817490586,46227.83984338853
2019-01-14 01:30:00,631658.0,658753.2953411738,658754.0,0.0,27096.0,27096.0,False,612409.875,17115.353511902274,46343.420341173754
2019-01-14 01:31:00,610743.0,651961.8021934353,651962.0,0.0,41219.0,41219.0,False,604948.8125,17362.635997319303,47012.98969343528
2019-01-14 01:32:00,593795.0,645225.3334164638,645226.0,0.0,51431.0,51431.0,False,598732.5625,17170.51102670109,46492.77091646385
2019-01-14 01:33:00,612835.0,635093.5410041561,635094.0,0.0,22259.0,22259.0,False,589972.5625,16663.886528363575,45120.97850415613
2019-01-14 01:34:00,587121.0,645521.3377956641,645522.0,0.0,58401.0,58401.0,False,599449.0,17015.238467239014,46072.337795664054
2019-01-14 01:35:00,593417.0,643593.6402880657,643594.0,0.0,50177.0,50177.0,False,597427.0625,17050.042777603652,46166.5777880657
2019-01-14 01:36:00,599434.0,636196.6658773957,636197.0,0.0,36763.0,36763.0,False,591219.8125,16610.658853835146,44976.85337739561
2019-01-14 01:37:00,594103.0,639885.4110565797,639886.0,0.0,45783.0,45783.0,False,594851.8125,16631.615740372243,45033.59855657964
2019-01-14 01:38:00,598315.0,637401.7420600188,637402.0,0.0,39087.0,39087.0,False,592765.6875,16484.796494240185,44636.05456001886
2019-01-14 01:39:00,598095.0,637094.6972054361,637095.0,0.0,39000.0,39000.0,False,592550.75,16450.77980054074,44543.94720543608
2019-01-14 01:40:00,612515.0,671020.1433845345,671021.0,0.0,58506.0,58506.0,False,626520.1875,16434.533114319856,44499.95588453454
2019-01-14 01:41:00,594206.0,646925.7959160063,646926.0,0.0,52720.0,52720.0,False,602392.5625,16446.823029715604,44533.2334160063
2019-01-14 01:42:00,584676.0,640506.0285837201,640507.0,0.0,55831.0,55831.0,False,596413.5,16284.063808590947,44092.528583720086
2019-01-14 01:43:00,593841.0,649019.6339526,649020.0,0.0,55179.0,55179.0,False,605106.6875,16217.741305074489,43912.946452599936
2019-01-14 01:44:00,572140.0,633619.4022845334,633620.0,0.0,61480.0,61480.0,False,589629.25,16246.254632252198,43990.15228453341
2019-01-14 01:45:00,592478.0,633540.6431730407,633541.0,0.0,41063.0,41063.0,False,589243.5,16359.631192356195,44297.14317304074
2019-01-14 01:46:00,581277.0,633377.5575895592,633378.0,0.0,52101.0,52101.0,False,589348.5,16260.622972873238,44029.05758955928
2019-01-14 01:47:00,576015.0,626275.8272682518,626276.0,0.0,50261.0,50261.0,False,582297.4375,16241.91055011783,43978.38976825178
2019-01-14 01:48:00,593748.0,625743.0737902196,625744.0,0.0,31996.0,31996.0,False,581751.6875,16246.710369946988,43991.38629021961
2019-01-14 01:49:00,588534.0,625376.4243618717,625377.0,0.0,36843.0,36843.0,False,581077.25,16360.381342315655,44299.174361871635
2019-01-14 01:50:00,604205.0,661368.3899704766,661369.0,0.0,57164.0,57164.0,False,616982.125,16392.545272877283,44386.264970476666
2019-01-14 01:51:00,585638.0,636704.1980018544,636705.0,0.0,51067.0,51067.0,False,592333.375,16386.84231116351,44370.823001854325
2019-01-14 01:52:00,586197.0,631990.9948125087,631991.0,0.0,45794.0,45794.0,False,587613.5625,16389.283233466766,44377.432312508725
2019-01-14 01:53:00,589045.0,631842.0530031407,631843.0,0.0,42798.0,42798.0,False,587717.375,16295.937094475687,44124.67800314077
2019-01-14 01:54:00,586329.0,628665.6703088081,628666.0,0.0,42337.0,42337.0,False,584528.9375,16300.38912367413,44136.732808808156
2019-01-14 01:55:00,594730.0,641879.0890992415,641880.0,0.0,47150.0,47150.0,False,597786.625,16284.039993459535,44092.46409924159
2019-01-14 01:56:00,604010.0,630229.47855327,630230.0,0.0,26220.0,26220.0,False,586562.6875,16126.832247275557,43666.79105326996
2019-01-14 01:57:00,553544.0,635490.3746258215,635491.0,0.0,81947.0,81947.0,False,591809.75,16131.941203041197,43680.62462582147
2019-01-14 01:58:00,583737.0,614667.5540491674,614668.0,0.0,30931.0,30931.0,False,569514.25,16675.82486019708,45153.3040491674
2019-01-14 01:59:00,574871.0,628416.7945269771,628417.0,0.0,53546.0,53546.0,False,583003.8125,16771.72801876305,45412.98202697709
2019-01-14 02:00:00,662813.0,642542.6481114009,642543.0,20270.0,0.0,202700.0,False,597351.0625,16689.96284280153,45191.58561140089
2019-01-14 02:01:00,626663.0,666424.4757893316,666425.0,0.0,39762.0,39762.0,False,619652.0625,17273.787350142564,46772.41328933163
2019-01-14 02:02:00,630428.0,657012.0723602449,657013.0,0.0,26585.0,26585.0,False,610476.1875,17186.433683761636,46535.884860244914
2019-01-14 02:03:00,610738.0,674221.9082418295,674222.0,0.0,63484.0,63484.0,False,627784.1875,17150.180131984576,46437.720741829464
2019-01-14 02:04:00,603111.0,645371.0317544097,645372.0,0.0,42261.0,42261.0,False,598681.5625,17243.15481441384,46689.469254409705
2019-01-14 02:05:00,630392.0,655344.7465278269,655345.0,0.0,24953.0,24953.0,False,608783.375,17195.846310673795,46561.371527826836
2019-01-14 02:06:00,702394.0,684776.0277707181,684777.0,17617.0,0.0,176170.0,False,637497.25,17460.795711653154,47278.77777071804
2019-01-14 02:07:00,698618.0,749393.1618600371,749394.0,0.0,50776.0,50776.0,False,697390.1875,19205.515762324125,52002.9743600371
2019-01-14 02:08:00,699105.0,738929.127374664,738930.0,0.0,39825.0,39825.0,False,686944.625,19198.69376780149,51984.502374663985
2019-01-14 02:09:00,646306.0,733380.8897207176,733381.0,0.0,87075.0,87075.0,False,681373.125,19207.28491781355,52007.764720717554
2019-01-14 02:10:00,618290.0,695600.9242346312,695601.0,0.0,77311.0,77311.0,False,642356.4375,19664.02579512164,53244.48673463128
2019-01-14 02:11:00,621798.0,666888.1668013954,666889.0,0.0,45091.0,45091.0,False,613443.9375,19737.79386438314,53444.2293013954
2019-01-14 02:12:00,599828.0,675767.2263411606,675768.0,0.0,75940.0,75940.0,False,622179.9375,19790.628000886354,53587.28884116059
2019-01-14 02:13:00,606306.0,652675.3217950846,652676.0,0.0,46370.0,46370.0,False,599471.875,19648.86910042201,53203.446795084645
2019-01-14 02:14:00,612062.0,659788.0109774391,659789.0,0.0,47727.0,47727.0,False,606716.125,19600.281622723098,53071.88597743912
2019-01-14 02:15:00,630775.0,664728.6259011291,664729.0,0.0,33954.0,33954.0,False,612177.3125,19408.02598844846,52551.313401129046
2019-01-14 02:16:00,619182.0,676517.5003055324,676518.0,0.0,57336.0,57336.0,False,623494.8125,19582.11196458987,53022.687805532354
2019-01-14 02:17:00,597184.0,666580.7425232452,666581.0,0.0,69397.0,69397.0,False,613609.6875,19563.04316657836,52971.05502324517
2019-01-14 02:18:00,578319.0,675333.2019942156,675334.0,0.0,97015.0,97015.0,False,622307.4375,19583.248234076957,53025.76449421566
2019-01-14 02:19:00,577190.0,657771.5019827822,657772.0,0.0,80582.0,80582.0,False,603573.875,20016.035469276638,54197.62698278217
2019-01-14 02:20:00,606664.0,645497.2407366887,645498.0,0.0,38834.0,38834.0,False,591035.4375,20113.59991190462,54461.803236688735
2019-01-14 02:21:00,608332.0,665766.5000230529,665767.0,0.0,57435.0,57435.0,False,610984.875,20231.715124250462,54781.625023052875
2019-01-14 02:22:00,577247.0,648683.9879661218,648684.0,0.0,71437.0,71437.0,False,596301.625,19345.629937404934,52382.362966121764
2019-01-14 02:23:00,588671.0,632215.179285897,632216.0,0.0,43545.0,43545.0,False,580542.0625,19083.694175820023,51673.11678589689
2019-01-14 02:24:00,591482.0,635586.3526906951,635587.0,0.0,44105.0,44105.0,False,584650.4375,18811.434040108663,50935.91519069512
2019-01-14 02:25:00,600822.0,666662.7948798034,666663.0,0.0,65841.0,65841.0,False,615757.4375,18800.14856026899,50905.35737980339
2019-01-14 02:26:00,601005.0,666919.0338317893,666920.0,0.0,65915.0,65915.0,False,615737.8125,18902.02945349331,51181.221331789275
2019-01-14 02:27:00,585256.0,638581.972920695,638582.0,0.0,53326.0,53326.0,False,587232.0,18964.352067546268,51349.97292069502
2019-01-14 02:28:00,619376.0,638654.4429484627,638655.0,0.0,19279.0,19279.0,False,587315.0625,18960.44010106889,51339.38044846267
2019-01-14 02:29:00,597214.0,657629.2874858236,657630.0,0.0,60416.0,60416.0,False,605135.625,19386.73459932626,52493.662485823595
2019-01-14 02:30:00,657216.0,666504.5260114198,666505.0,0.0,9289.0,9289.0,False,614058.5,19369.141700626085,52446.02601141979
2019-01-14 02:31:00,590080.0,686830.7374566792,686831.0,0.0,96751.0,96751.0,False,632687.75,19995.856233516974,54142.98745667928
2019-01-14 02:32:00,613328.0,643277.1610119161,643278.0,0.0,29950.0,29950.0,False,587154.875,20726.842298617095,56122.2860119161
2019-01-14 02:33:00,607946.0,662924.4293010142,662925.0,0.0,54979.0,54979.0,False,606080.75,20993.264178425074,56843.679301014134
2019-01-14 02:34:00,593981.0,658230.2300963481,658231.0,0.0,64250.0,64250.0,False,601948.125,20785.86599837567,56282.10509634813
2019-01-14 02:35:00,605660.0,657952.7278106263,657953.0,0.0,52293.0,52293.0,False,601765.3125,20750.895572268484,56187.41531062631
2019-01-14 02:36:00,606875.0,651987.1418553402,651988.0,0.0,45113.0,45113.0,False,595799.8125,20750.86382763037,56187.32935534022
2019-01-14 02:37:00,584617.0,654866.8268138573,654867.0,0.0,70250.0,70250.0,False,598619.75,20772.92950311202,56247.076813857326
2019-01-14 02:38:00,575358.0,645923.5064579952,645924.0,0.0,70566.0,70566.0,False,589465.875,20850.69064248112,56457.6314579951
2019-01-14 02:39:00,579152.0,636697.2919431432,636698.0,0.0,57546.0,57546.0,False,580071.625,20912.748788161407,56625.66694314329
2019-01-14 02:40:00,615563.0,664565.7208356849,664566.0,0.0,49003.0,49003.0,False,607979.875,20898.042227308357,56585.84583568489
2019-01-14 02:41:00,594108.0,655291.4317112725,655292.0,0.0,61184.0,61184.0,False,598836.0625,20849.855159210685,56455.369211272424
2019-01-14 02:42:00,593272.0,642074.9346554066,642075.0,0.0,48803.0,48803.0,False,585666.375,20832.56765452328,56408.55965540662
2019-01-14 02:43:00,592151.0,647994.0662907953,647995.0,0.0,55844.0,55844.0,False,591671.4375,20800.832035646254,56322.628790795345
2019-01-14 02:44:00,596551.0,645208.7820644965,645209.0,0.0,48658.0,48658.0,False,589029.9375,20747.730261016277,56178.84456449655
2019-01-14 02:45:00,626458.0,667600.9286823837,667601.0,0.0,41143.0,41143.0,False,611723.875,20636.274145002324,55877.053682383754
2019-01-14 02:46:00,620164.0,655107.357735808,655108.0,0.0,34944.0,34944.0,False,599026.1875,20711.65759628339,56081.17023580798
2019-01-14 02:47:00,604021.0,660012.25893654,660013.0,0.0,55992.0,55992.0,False,603592.1875,20836.819136226608,56420.071436540034
2019-01-14 02:48:00,579581.0,654558.8766832803,654559.0,0.0,74978.0,74978.0,False,598203.0625,20813.087922666018,56355.81418328028
2019-01-14 02:49:00,592229.0,641609.5303082753,641610.0,0.0,49381.0,49381.0,False,584948.8125,20925.693623549363,56660.71780827524
2019-01-14 02:50:00,628801.0,669946.7438535263,669947.0,0.0,41146.0,41146.0,False,613288.4375,20924.80303540972,56658.30635352629
2019-01-14 02:51:00,589419.0,661440.525493465,661441.0,0.0,72022.0,72022.0,False,604776.25,20927.007532606123,56664.275493465044
2019-01-14 02:52:00,586251.0,646181.72390927,646182.0,0.0,59931.0,59931.0,False,589285.1875,21012.785139259562,56896.53640927001
2019-01-14 02:53:00,571031.0,642600.1361396688,642601.0,0.0,71570.0,71570.0,False,585691.1875,21017.369171028942,56908.94863966876
2019-01-14 02:54:00,578521.0,634199.0143805944,634200.0,0.0,55679.0,55679.0,False,577020.625,21116.87787145506,57178.38938059442
2019-01-14 02:55:00,597500.0,656842.952289828,656843.0,0.0,59343.0,59343.0,False,599664.9375,21116.739529197588,57178.01478982803
2019-01-14 02:56:00,588547.0,646189.4371604201,646190.0,0.0,57643.0,57643.0,False,589018.4375,21114.148731650395,57170.9996604201
2019-01-14 02:57:00,591917.0,643999.4284508867,644000.0,0.0,52083.0,52083.0,False,587118.6875,21006.951628221283,56880.740950886764
2019-01-14 02:58:00,584230.0,640530.6267931641,640531.0,0.0,56301.0,56301.0,False,585328.0,20387.197694840717,55202.62679316411
2019-01-14 02:59:00,593274.0,643201.785638035,643202.0,0.0,49928.0,49928.0,False,588175.5625,20322.049052463884,55026.223138035
2019-01-14 03:00:00,679837.0,683325.3640276567,683326.0,0.0,3489.0,3489.0,False,628383.5,20290.893907128382,54941.86402765674
2019-01-14 03:01:00,622688.0,679189.9393863592,679190.0,0.0,56502.0,56502.0,False,626057.25,19622.737277284945,53132.6893863592
2019-01-14 03:02:00,604889.0,656183.48108,656184.0,0.0,51295.0,51295.0,False,603067.0,19616.751295000424,53116.48108000003
2019-01-14 03:03:00,617184.0,652037.1760011056,652038.0,0.0,34854.0,34854.0,False,599338.6875,19462.38006602202,52698.4885011056
2019-01-14 03:04:00,597274.0,656148.1297983127,656149.0,0.0,58875.0,58875.0,False,603501.8125,19443.11242085536,52646.31729831261
2019-01-14 03:05:00,622600.0,664040.8550751784,664041.0,0.0,41441.0,41441.0,False,611341.5,19462.70010544706,52699.35507517841
2019-01-14 03:06:00,592123.0,683193.744416454,683194.0,0.0,91071.0,91071.0,False,630864.375,19326.058586612577,52329.36941645397
2019-01-14 03:07:00,626849.0,666063.6274575854,666064.0,0.0,39215.0,39215.0,False,616969.875,18131.09438948489,49093.752457585404
2019-01-14 03:08:00,682292.0,677199.7791387045,677200.0,5092.0,0.0,50920.0,False,627972.1875,18180.523302623656,49227.59163870453
2019-01-14 03:09:00,700401.0,714267.6965760146,714268.0,0.0,13867.0,13867.0,False,661652.25,19431.711377915304,52615.446576014576
2019-01-14 03:10:00,666389.0,723576.7157624892,723577.0,0.0,57188.0,57188.0,False,670769.375,19502.580916982835,52807.340762489184
2019-01-14 03:11:00,612572.0,681199.2319885532,681200.0,0.0,68628.0,68628.0,False,629113.0,19236.264113095924,52086.23198855318
2019-01-14 03:12:00,621920.0,661539.7940038089,661540.0,0.0,39620.0,39620.0,False,609130.5,19355.575992898124,52409.294003808885
2019-01-14 03:13:00,613161.0,662802.1144114409,662803.0,0.0,49642.0,49642.0,False,610913.375,19163.32700037595,51888.7394114409
2019-01-14 03:14:00,609025.0,673318.012467062,673319.0,0.0,64294.0,64294.0,False,621458.9375,19152.37145483051,51859.07496706199
2019-01-14 03:15:00,623121.0,658538.9397881975,658539.0,0.0,35418.0,35418.0,False,606464.4375,19231.932150398767,52074.50228819747
2019-01-14 03:16:00,637494.0,665482.0516833018,665483.0,0.0,27989.0,27989.0,False,613481.3125,19204.690276425474,52000.73918330176
2019-01-14 03:17:00,635466.0,679595.508125509,679596.0,0.0,44130.0,44130.0,False,627052.75,19404.866390698637,52542.75812550899
2019-01-14 03:18:00,617721.0,682078.342313218,682079.0,0.0,64358.0,64358.0,False,629889.9375,19273.998143095763,52188.40481321806
2019-01-14 03:19:00,583251.0,676710.0456201489,676711.0,0.0,93460.0,93460.0,False,626858.0625,18411.120890286948,49851.983120148885
2019-01-14 03:20:00,622233.0,665269.6011147468,665270.0,0.0,43037.0,43037.0,False,613850.8125,18989.766784936404,51418.78861474681
2019-01-14 03:21:00,615859.0,664595.9149561521,664596.0,0.0,48737.0,48737.0,False,613341.125,18929.19950274917,51254.78995615213
2019-01-14 03:22:00,616556.0,661340.2518395755,661341.0,0.0,44785.0,44785.0,False,610116.875,18917.598145077223,51223.376839575525
2019-01-14 03:23:00,597281.0,654705.542639128,654706.0,0.0,57425.0,57425.0,False,604035.125,18713.38162148781,50670.41763912805
2019-01-14 03:24:00,570549.0,644725.7919145623,644726.0,0.0,74177.0,74177.0,False,593978.75,18741.680170710024,50747.041914562295
2019-01-14 03:25:00,604727.0,634548.2397912581,634549.0,0.0,29822.0,29822.0,False,583024.0625,19028.688479566703,51524.17729125812
2019-01-14 03:26:00,598281.0,653715.7120371406,653716.0,0.0,55435.0,55435.0,False,602114.875,19057.000128582957,51600.83703714065
2019-01-14 03:27:00,603782.0,666538.0044122956,666539.0,0.0,62757.0,62757.0,False,615252.5,18940.542834142303,51285.5044122956
2019-01-14 03:28:00,588089.0,647967.6247131196,647968.0,0.0,59879.0,59879.0,False,596464.6875,19020.84418487966,51502.93721311958
2019-01-14 03:29:00,607015.0,632915.8902652856,632916.0,0.0,25901.0,25901.0,False,582317.9375,18686.61920464679,50597.95276528559
2019-01-14 03:30:00,666081.0,664494.687285894,664495.0,1586.0,0.0,15860.0,False,613429.375,18859.22242110077,51065.31228589396
2019-01-14 03:31:00,617054.0,678042.3023405026,678043.0,0.0,60989.0,60989.0,False,625961.875,19234.12036533913,52080.42734050257
2019-01-14 03:32:00,589402.0,651817.9388458378,651818.0,0.0,62416.0,62416.0,False,602074.75,18370.94145486342,49743.18884583789
2019-01-14 03:33:00,592313.0,638028.6410568646,638029.0,0.0,45716.0,45716.0,False,588635.4375,18241.68638692402,49393.203556864624
2019-01-14 03:34:00,597191.0,633939.1343214677,633940.0,0.0,36749.0,36749.0,False,584546.0,18241.66081720379,49393.134321467776
2019-01-14 03:35:00,608885.0,653599.5043981404,653600.0,0.0,44715.0,44715.0,False,604238.75,18229.70240260345,49360.75439814033
2019-01-14 03:36:00,614924.0,651621.3357640916,651622.0,0.0,36698.0,36698.0,False,602258.5,18230.471083762088,49362.83576409157
2019-01-14 03:37:00,591135.0,655841.6948099646,655842.0,0.0,64707.0,64707.0,False,606444.625,18243.114254959797,49397.069809964676
2019-01-14 03:38:00,575684.0,639498.989897935,639499.0,0.0,63815.0,63815.0,False,590044.3125,18264.389642616155,49454.677397935
2019-01-14 03:39:00,583480.0,631269.4633966297,631270.0,0.0,47790.0,47790.0,False,581803.9375,18268.396163690046,49465.52589662969
2019-01-14 03:40:00,606771.0,663552.7436958932,663553.0,0.0,56782.0,56782.0,False,614105.1875,18261.75967077815,49447.556195893245
2019-01-14 03:41:00,591184.0,667373.2330419141,667374.0,0.0,76190.0,76190.0,False,617816.9375,18301.91882032082,49556.29554191411
2019-01-14 03:42:00,579308.0,634446.5646991541,634447.0,0.0,55139.0,55139.0,False,583903.5,18666.348179148248,50543.06469915407
2019-01-14 03:43:00,587563.0,627354.5666725994,627355.0,0.0,39792.0,39792.0,False,576782.5625,18677.035981533565,50572.00417259946
2019-01-14 03:44:00,578360.0,635012.0797840471,635013.0,0.0,56653.0,56653.0,False,584361.5,18706.05518981469,50650.579784047106
2019-01-14 03:45:00,612950.0,647460.7359272153,647461.0,0.0,34511.0,34511.0,False,596755.25,18726.332891446986,50705.485927215275
2019-01-14 03:46:00,596192.0,643163.3385159228,643164.0,0.0,46972.0,46972.0,False,592411.6875,18743.382384283716,50751.65101592273
2019-01-14 03:47:00,591518.0,635865.5958948889,635866.0,0.0,44348.0,44348.0,False,585544.0625,18584.533186673845,50321.5333948889
2019-01-14 03:48:00,592613.0,638956.6332702944,638957.0,0.0,46344.0,46344.0,False,588620.4375,18589.94823235977,50336.195770294406
2019-01-14 03:49:00,579253.0,637016.70549193,637017.0,0.0,57764.0,57764.0,False,587213.75,18393.01421661808,49802.95549192998
2019-01-14 03:50:00,600333.0,661322.6987027051,661323.0,0.0,60990.0,60990.0,False,611417.0625,18430.93581694088,49905.63620270509
2019-01-14 03:51:00,604746.0,637676.3249377442,637677.0,0.0,32931.0,32931.0,False,587780.75,18427.22003365784,49895.57493774419
2019-01-14 03:52:00,599344.0,641604.911594475,641605.0,0.0,42261.0,42261.0,False,591812.625,18389.074025104812,49792.286594475
2019-01-14 03:53:00,592668.0,642680.9906189239,642681.0,0.0,50013.0,50013.0,False,592894.3125,18387.00272693534,49786.67811892391
2019-01-14 03:54:00,594867.0,640682.6173430185,640683.0,0.0,45816.0,45816.0,False,591255.625,18254.165116709264,49426.99234301849
2019-01-14 03:55:00,601547.0,664245.9729073821,664246.0,0.0,62699.0,62699.0,False,614820.3125,18253.673211944697,49425.66040738209
2019-01-14 03:56:00,604289.0,647180.9028941707,647181.0,0.0,42892.0,42892.0,False,597468.9375,18359.410143423498,49711.96539417072
2019-01-14 03:57:00,585113.0,644863.3886650839,644864.0,0.0,59751.0,59751.0,False,595143.0,18362.520989760353,49720.388665083905
2019-01-14 03:58:00,577410.0,634165.4249641739,634166.0,0.0,56756.0,56756.0,False,584253.8125,18433.142944230265,49911.61246417391
2019-01-14 03:59:00,589425.0,628172.1980304606,628173.0,0.0,38748.0,38748.0,False,578170.0625,18466.574535361688,50002.13553046058
2019-01-14 04:00:00,697029.0,658770.9307519568,658771.0,38258.0,0.0,382580.0,False,608683.0625,18498.236976872075,50087.868251956716
2019-01-14 04:01:00,660790.0,686294.4810739858,686295.0,0.0,25505.0,25505.0,False,630495.875,20607.302210259266,55798.60607398578
2019-01-14 04:02:00,632167.0,685133.5159852043,685134.0,0.0,52967.0,52967.0,False,628599.4375,20878.92373114799,56534.078485204234
2019-01-14 04:03:00,631597.0,680059.9782150569,680060.0,0.0,48463.0,48463.0,False,623529.75,20877.501765867844,56530.22821505688
2019-01-14 04:04:00,600180.0,669412.587775246,669413.0,0.0,69233.0,69233.0,False,613079.4375,20804.717785220157,56333.15027524605
2019-01-14 04:05:00,623522.0,663519.9869398478,663520.0,0.0,39998.0,39998.0,False,606997.9375,20874.48121563726,56522.04943984781
2019-01-14 04:06:00,596248.0,697642.2842757491,697643.0,0.0,101395.0,101395.0,False,641002.0625,20918.12411660116,56640.22177574912
2019-01-14 04:07:00,581607.0,669350.8778391875,669351.0,0.0,87744.0,87744.0,False,612126.8125,21133.746720852898,57224.06533918752
2019-01-14 04:08:00,580618.0,643222.9936345917,643223.0,0.0,62605.0,62605.0,False,584852.125,21557.279202162186,58370.86863459167
2019-01-14 04:09:00,591141.0,642926.8693271509,642927.0,0.0,51786.0,51786.0,False,587416.0625,20501.013425060097,55510.80682715092
2019-01-14 04:10:00,617690.0,676498.9935513726,676499.0,0.0,58809.0,58809.0,False,622531.125,19931.182069441984,53967.868551372594
2019-01-14 04:11:00,599715.0,656546.6868745879,656547.0,0.0,56832.0,56832.0,False,602572.75,19933.423196581272,53973.936874587875
2019-01-14 04:12:00,589409.0,650064.8449628522,650065.0,0.0,60656.0,60656.0,False,596433.25,19806.99094798674,53631.594962852214
2019-01-14 04:13:00,598879.0,652237.0416342226,652238.0,0.0,53359.0,53359.0,False,598678.5,19780.011205544077,53558.54163422261
2019-01-14 04:14:00,585839.0,649111.8217880437,649112.0,0.0,63273.0,63273.0,False,595553.9375,19779.768437268674,53557.88428804366
2019-01-14 04:15:00,604982.0,673456.0002943283,673457.0,0.0,68475.0,68475.0,False,619973.625,19751.88177911415,53482.37529432833
2019-01-14 04:16:00,609346.0,647214.4244933495,647215.0,0.0,37869.0,37869.0,False,593730.9375,19752.292347035254,53483.486993349514
2019-01-14 04:17:00,603995.0,650383.0315767437,650384.0,0.0,46389.0,46389.0,False,597271.125,19615.061859050365,53111.90657674372
2019-01-14 04:18:00,614134.0,650635.2787424672,650636.0,0.0,36502.0,36502.0,False,597551.125,19604.812301160506,53084.15374246713
2019-01-14 04:19:00,598634.0,656707.2936938222,656708.0,0.0,58074.0,58074.0,False,603520.5625,19642.695766156565,53186.731193822234
2019-01-14 04:20:00,612941.0,672394.0015959911,672395.0,0.0,59454.0,59454.0,False,621523.0,18787.460429336992,50871.001595991125
2019-01-14 04:21:00,607902.0,657602.300353659,657603.0,0.0,49701.0,49701.0,False,606670.25,18810.006695047534,50932.05035365896
2019-01-14 04:22:00,594345.0,652312.6758483966,652313.0,0.0,57968.0,57968.0,False,601382.5625,18809.291328560215,50930.1133483966
2019-01-14 04:23:00,591751.0,650505.5503696699,650506.0,0.0,58755.0,58755.0,False,599529.4375,18826.27967474131,50976.11286966995
2019-01-14 04:24:00,579338.0,641564.5385830208,641565.0,0.0,62227.0,62227.0,False,590568.125,18833.777047248244,50996.41358302078
2019-01-14 04:25:00,599287.0,642498.6497624612,642499.0,0.0,43212.0,43212.0,False,592043.75,18633.787482338554,50454.89976246119
2019-01-14 04:26:00,597834.0,645286.3429674006,645287.0,0.0,47453.0,47453.0,False,595302.75,18459.726475389998,49983.59296740053
2019-01-14 04:27:00,566671.0,641679.921606328,641680.0,0.0,75009.0,75009.0,False,591722.1875,18450.176391571993,49957.73410632802
2019-01-14 04:28:00,584909.0,637925.6009308252,637926.0,0.0,53017.0,53017.0,False,587333.75,18684.36570127799,50591.85093082521
2019-01-14 04:29:00,589918.0,633738.9112009343,633739.0,0.0,43821.0,43821.0,False,583237.5,18650.964887587324,50501.41120093431
2019-01-14 04:30:00,648537.0,665868.6919880564,665869.0,0.0,17332.0,17332.0,False,616021.1875,18409.466861064502,49847.50448805642
2019-01-14 04:31:00,615342.0,663053.2034000864,663054.0,0.0,47712.0,47712.0,False,615329.8125,17624.998328316997,47723.39090008643
2019-01-14 04:32:00,611144.0,649675.937774525,649676.0,0.0,38532.0,38532.0,False,602062.8125,17584.275499751446,47613.125274525
2019-01-14 04:33:00,595225.0,659038.4388318805,659039.0,0.0,63814.0,63814.0,False,611560.9375,17534.187446130232,47477.50133188046
2019-01-14 04:34:00,581029.0,643256.6152187592,643257.0,0.0,62228.0,62228.0,False,595421.25,17666.352204104103,47835.36521875918
2019-01-14 04:35:00,607635.0,650860.0115625722,650861.0,0.0,43226.0,43226.0,False,602946.9375,17695.051301474778,47913.074062572225
2019-01-14 04:36:00,592691.0,649089.7563202985,649090.0,0.0,56399.0,56399.0,False,601176.1875,17695.234023279198,47913.56882029849
2019-01-14 04:37:00,591771.0,640399.3512150923,640400.0,0.0,48629.0,48629.0,False,592606.6875,17650.581867660083,47792.663715092385
2019-01-14 04:38:00,587780.0,634072.3950798283,634073.0,0.0,46293.0,46293.0,False,586571.8125,17542.71171376554,47500.58257982834
2019-01-14 04:39:00,606984.0,639016.0521114276,639017.0,0.0,32033.0,32033.0,False,591781.4375,17444.485562814487,47234.61461142765
2019-01-14 04:40:00,678532.0,685114.4702638806,685115.0,0.0,6583.0,6583.0,False,637595.5,17549.502574485414,47518.97026388059
2019-01-14 04:41:00,668562.0,679493.9849043185,679494.0,0.0,10932.0,10932.0,False,630029.125,18268.150202262095,49464.85990431844
2019-01-14 04:42:00,623387.0,687628.7642424079,687629.0,0.0,64242.0,64242.0,False,637492.1875,18516.225787947413,50136.57674240785
2019-01-14 04:43:00,615886.0,665406.055520229,665407.0,0.0,49521.0,49521.0,False,615002.1875,18614.94065786594,50403.86802022909
2019-01-14 04:44:00,647792.0,656904.8820039527,656905.0,0.0,9113.0,9113.0,False,606591.8125,18581.407338724064,50313.0695039527
2019-01-14 04:45:00,665412.0,686361.1063663035,686362.0,0.0,20950.0,20950.0,False,634330.5625,19215.697614298475,52030.54386630355
2019-01-14 04:46:00,661926.0,717029.624998866,717030.0,0.0,55104.0,55104.0,False,664278.3125,19481.888798630123,52751.31249886599
2019-01-14 04:47:00,645203.0,713987.5375451241,713988.0,0.0,68785.0,68785.0,False,661204.4375,19493.62843906834,52783.10004512404
2019-01-14 04:48:00,618127.0,691165.6183178166,691166.0,0.0,73039.0,73039.0,False,637990.625,19638.36078406342,53174.993317816676
2019-01-14 04:49:00,609602.0,675624.771740097,675625.0,0.0,66023.0,66023.0,False,621889.625,19845.234246847318,53735.14674009693
2019-01-14 04:50:00,614106.0,683529.3039368436,683530.0,0.0,69424.0,69424.0,False,629674.0,19889.610188117502,53855.30393684365
2019-01-14 04:51:00,597144.0,687911.9734593779,687912.0,0.0,90768.0,90768.0,False,633900.6875,19947.216800610084,54011.28595937788
2019-01-14 04:52:00,600938.0,653665.5836208978,653666.0,0.0,52728.0,52728.0,False,598281.5,20454.21255328119,55384.083620897836
2019-01-14 04:53:00,593225.0,653307.432957413,653308.0,0.0,60083.0,60083.0,False,597966.8125,20438.160923895342,55340.62045741297
2019-01-14 04:54:00,586083.0,659261.6107254201,659262.0,0.0,73179.0,73179.0,False,603886.5,20450.898721954156,55375.11072542
2019-01-14 04:55:00,595807.0,663463.3764750664,663464.0,0.0,67657.0,67657.0,False,607718.25,20587.551353839077,55745.126475066456
2019-01-14 04:56:00,600295.0,668180.4328235963,668181.0,0.0,67886.0,67886.0,False,612474.6875,20573.00727564726,55705.745323596246
2019-01-14 04:57:00,604990.0,688485.0603982626,688486.0,0.0,83496.0,83496.0,False,632649.1875,20621.065434187665,55835.87289826258
2019-01-14 04:58:00,593882.0,659528.0430450857,659529.0,0.0,65647.0,65647.0,False,602964.4375,20889.82853843927,56563.60554508575
2019-01-14 04:59:00,594173.0,659678.4211479346,659679.0,0.0,65506.0,65506.0,False,603076.4375,20904.002175010308,56601.98364793463
2019-01-14 05:00:00,696965.0,686844.0860711274,686845.0,10120.0,0.0,101200.0,False,630302.5,20881.696400626228,56541.586071127465
2019-01-14 05:01:00,661256.0,706812.3486464279,706813.0,0.0,45557.0,45557.0,False,654055.625,19483.88722047177,52756.723646427854
2019-01-14 05:02:00,637970.0,698297.2438117139,698298.0,0.0,60328.0,60328.0,False,646603.9375,19091.15048502316,51693.306311713844
2019-01-14 05:03:00,628963.0,699469.3322588586,699470.0,0.0,70507.0,70507.0,False,647738.375,19105.055571563953,51730.95725885859
2019-01-14 05:04:00,592836.0,688826.3023522411,688827.0,0.0,95991.0,95991.0,False,636854.875,19193.864956520505,51971.427352241146
2019-01-14 05:05:00,607714.0,668217.7181032544,668218.0,0.0,60504.0,60504.0,False,614347.625,19895.07205971447,53870.09310325448
2019-01-14 05:06:00,592538.0,675641.8939862191,675642.0,0.0,83104.0,83104.0,False,622163.6875,19750.342172758224,53478.20648621911
2019-01-14 05:07:00,645079.0,655215.9378915261,655216.0,0.0,10137.0,10137.0,False,602948.6875,19303.117054381528,52267.25039152616
2019-01-14 05:08:00,652923.0,699123.8528573805,699124.0,0.0,46201.0,46201.0,False,645576.5625,19775.855932169885,53547.290357380516
2019-01-14 05:09:00,657840.0,695985.130850075,695986.0,0.0,38146.0,38146.0,False,642367.125,19801.97227505792,53618.005850075
2019-01-14 05:10:00,677156.0,718866.2115405994,718867.0,0.0,41711.0,41711.0,False,664967.125,19905.779791816025,53899.086540599375
2019-01-14 05:11:00,668398.0,709350.45360548,709351.0,0.0,40953.0,40953.0,False,655283.25,19967.868066173705,54067.20360548005
2019-01-14 05:12:00,656794.0,705660.9747136481,705661.0,0.0,48867.0,48867.0,False,651394.125,20041.600511759654,54266.84971364814
2019-01-14 05:13:00,639662.0,679547.7884276642,679548.0,0.0,39886.0,39886.0,False,625298.75,20035.022523905667,54249.038427664214
2019-01-14 05:14:00,600651.0,684419.2606104561,684420.0,0.0,83769.0,83769.0,False,629939.875,20120.093358879203,54479.38561045606
2019-01-14 05:15:00,627013.0,661206.9994153992,661207.0,0.0,34194.0,34194.0,False,605878.0,20433.869090431617,55328.99941539912
2019-01-14 05:16:00,618807.0,681653.6374905623,681654.0,0.0,62847.0,62847.0,False,626091.125,20520.109139216227,55562.51249056226
2019-01-14 05:17:00,614652.0,694530.9254751935,694531.0,0.0,79879.0,79879.0,False,639166.0,20447.137148963844,55364.925475193486
2019-01-14 05:18:00,608849.0,686277.1085152777,686278.0,0.0,77429.0,77429.0,False,630316.0625,20667.29383364823,55961.046015277716
2019-01-14 05:19:00,597392.0,688841.6966445516,688842.0,0.0,91450.0,91450.0,False,632742.6875,20718.245785656676,56099.00914455159
2019-01-14 05:20:00,638884.0,695786.5060825056,695787.0,0.0,56903.0,56903.0,False,638455.625,21173.19545368415,57330.88108250559
2019-01-14 05:21:00,653698.0,686072.1228677982,686073.0,0.0,32375.0,32375.0,False,628790.1875,21155.119031962542,57281.93536779825
2019-01-14 05:22:00,646745.0,698570.1952376297,698571.0,0.0,51826.0,51826.0,False,640569.1875,21420.68375980748,58001.00773762975
2019-01-14 05:23:00,623909.0,702029.3798335559,702030.0,0.0,78121.0,78121.0,False,644013.9375,21426.014682951663,58015.44233355588
2019-01-14 05:24:00,600845.0,683507.4708468005,683508.0,0.0,82663.0,82663.0,False,625155.5,21550.29995211422,58351.97084680048
2019-01-14 05:25:00,618773.0,672467.1751923569,672468.0,0.0,53695.0,53695.0,False,613661.8125,21717.74468664148,58805.362692356975
2019-01-14 05:26:00,619560.0,675491.5004222717,675492.0,0.0,55932.0,55932.0,False,616719.1875,21705.53888710549,58772.3129222717
2019-01-14 05:27:00,628203.0,668513.0631221021,668514.0,0.0,40311.0,40311.0,False,609738.1875,21706.485332430828,58774.875622102096
2019-01-14 05:28:00,594132.0,681269.9220543668,681270.0,0.0,87138.0,87138.0,False,622709.1875,21627.3996704593,58560.73455436676
2019-01-14 05:29:00,606977.0,661493.3161408363,661494.0,0.0,54517.0,54517.0,False,602135.0,21921.959085938663,59358.31614083633
2019-01-14 05:30:00,691350.0,676606.648746389,676607.0,14743.0,0.0,147430.0,False,617274.0,21912.479713754612,59332.64874638898
2019-01-14 05:31:00,672963.0,709687.5228176926,709688.0,0.0,36725.0,36725.0,False,645901.375,23557.226916467436,63786.14781769261
2019-01-14 05:32:00,652094.0,707442.57107279,707443.0,0.0,55349.0,55349.0,False,642952.8125,23817.081426980727,64489.75857278994
2019-01-14 05:33:00,674332.0,707213.8444389183,707214.0,0.0,32882.0,32882.0,False,642723.0625,23817.459372176196,64490.781938918335
2019-01-14 05:34:00,648153.0,718052.7520921172,718053.0,0.0,69900.0,69900.0,False,652917.75,24055.37999996582,65135.0020921172
2019-01-14 05:35:00,652818.0,698265.288113518,698266.0,0.0,45448.0,45448.0,False,633321.4375,23984.784754589815,64943.850613517985
2019-01-14 05:36:00,643219.0,710482.8925192034,710483.0,0.0,67264.0,67264.0,False,645236.0625,24096.67981103916,65246.83001920337
2019-01-14 05:37:00,634244.0,698632.3213971718,698633.0,0.0,64389.0,64389.0,False,633465.75,24067.039040497504,65166.57139717181
2019-01-14 05:38:00,640978.0,691100.3835007772,691101.0,0.0,50123.0,50123.0,False,625938.25,24065.400055608527,65162.133500777214
2019-01-14 05:39:00,648013.0,701006.5000344845,701007.0,0.0,52994.0,52994.0,False,635674.5,24128.134436300323,65332.00003448458
2019-01-14 05:40:00,651590.0,731142.3940154274,731143.0,0.0,79553.0,79553.0,False,665875.3125,24104.159006887632,65267.081515427424
2019-01-14 05:41:00,637965.0,707277.2072869295,707278.0,0.0,69313.0,69313.0,False,643278.8125,23635.613058093917,63998.39478692947
2019-01-14 05:42:00,632759.0,699806.3472376226,699807.0,0.0,67048.0,67048.0,False,637184.125,23127.370906319968,62622.222237622605
2019-01-14 05:43:00,632653.0,721192.2684363733,721193.0,0.0,88540.0,88540.0,False,658746.5,23062.203744192793,62445.76843637329
2019-01-14 05:44:00,617595.0,697024.0121358727,697025.0,0.0,79430.0,79430.0,False,633920.5625,23305.095747948577,63103.44963587269
2019-01-14 05:45:00,640348.0,696916.3447344275,696917.0,0.0,56569.0,56569.0,False,635303.375,22754.63809446039,61612.969734427534
2019-01-14 05:46:00,659886.0,694785.5266067062,694786.0,0.0,34900.0,34900.0,False,634190.1875,22378.811109534206,60595.33910670617
2019-01-14 05:47:00,663086.0,707343.4644836888,707344.0,0.0,44258.0,44258.0,False,646009.625,22651.550905770197,61333.83948368879
2019-01-14 05:48:00,642775.0,713231.8730744302,713232.0,0.0,70457.0,70457.0,False,651799.75,22687.84858055496,61432.12307443015
2019-01-14 05:49:00,651533.0,703559.6832976338,703560.0,0.0,52027.0,52027.0,False,642427.0,22577.260764686696,61132.68329763376
2019-01-14 05:50:00,655981.0,723364.088971828,723365.0,0.0,67384.0,67384.0,False,662285.75,22557.190551036423,61078.33897182799
2019-01-14 05:51:00,644054.0,712206.2227171876,712207.0,0.0,68153.0,68153.0,False,651329.6875,22482.661252696485,60876.53521718754
2019-01-14 05:52:00,637252.0,700182.2379846642,700183.0,0.0,62931.0,62931.0,False,640638.375,21990.484451605484,59543.862984664105
2019-01-14 05:53:00,634154.0,691810.6944335969,691811.0,0.0,57657.0,57657.0,False,632256.6875,21994.2307713789,59554.00693359693
2019-01-14 05:54:00,634984.0,691940.3242201926,691941.0,0.0,56957.0,56957.0,False,632411.9375,21984.76882389557,59528.38672019257
2019-01-14 05:55:00,597586.0,695439.5763601011,695440.0,0.0,97854.0,97854.0,False,636259.3125,21856.20158021405,59180.26386010116
2019-01-14 05:56:00,612409.0,672631.8135894798,672632.0,0.0,60223.0,60223.0,False,612036.0625,22378.96326124765,60595.75108947981
2019-01-14 05:57:00,608468.0,692318.5879739006,692319.0,0.0,83851.0,83851.0,False,631885.4375,22318.91229831909,60433.15047390064
2019-01-14 05:58:00,623296.0,673726.6700818533,673727.0,0.0,50431.0,50431.0,False,613518.5625,22235.800421285094,60208.107581853335
2019-01-14 05:59:00,645371.0,681883.0983350981,681884.0,0.0,36513.0,36513.0,False,621694.0,22228.7800076899,60189.0983350981
2019-01-14 06:00:00,725785.0,703059.7842275532,703060.0,22725.0,0.0,227250.0,False,642467.625,22377.636730184822,60592.15922755318
2019-01-14 06:01:00,679964.0,744722.1418251441,744723.0,0.0,64759.0,64759.0,False,681715.875,23269.204608523472,63006.266825144034
2019-01-14 06:02:00,679141.0,728517.3008895617,728518.0,0.0,49377.0,49377.0,False,665528.0,23262.93882185917,62989.300889561695
2019-01-14 06:03:00,678464.0,737930.8008881767,737931.0,0.0,59467.0,59467.0,False,674914.25,23273.002674636115,63016.55088817664
2019-01-14 06:04:00,647312.0,704510.1506088453,704511.0,0.0,57199.0,57199.0,False,641921.125,23115.11086956082,62589.02560884527
2019-01-14 06:05:00,670040.0,733926.8796797838,733927.0,0.0,63887.0,63887.0,False,673511.4375,22312.372346980348,60415.44217978382
2019-01-14 06:06:00,641744.0,753077.782232501,753078.0,0.0,111334.0,111334.0,False,692715.5625,22292.716460701165,60362.21973250098
2019-01-14 06:07:00,634744.0,709767.9308855993,709768.0,0.0,75024.0,75024.0,False,647558.0625,22975.08214779898,62209.8683855993
2019-01-14 06:08:00,722325.0,712855.281694778,712856.0,9469.0,0.0,94690.0,False,651974.125,22484.36803700645,60881.15669477802
2019-01-14 06:09:00,733797.0,766747.193744117,766748.0,0.0,32951.0,32951.0,False,701436.375,24120.311852861076,65310.81874411703
2019-01-14 06:10:00,749241.0,780546.3060462571,780547.0,0.0,31306.0,31306.0,False,714584.5,24360.731695114016,65961.8060462571
2019-01-14 06:11:00,698603.0,780572.208126457,780573.0,0.0,81970.0,81970.0,False,713787.9375,24664.4807912642,66784.27062645699
2019-01-14 06:12:00,659782.0,745906.623862068,745907.0,0.0,86125.0,86125.0,False,678888.4375,24750.86954888083,67018.18636206801
2019-01-14 06:13:00,640003.0,716446.1266247893,716447.0,0.0,76444.0,76444.0,False,648986.875,24913.761882630057,67459.25162478932
2019-01-14 06:14:00,656923.0,698487.7614524486,698488.0,0.0,41565.0,41565.0,False,631030.125,24913.16537409895,67457.63645244858
2019-01-14 06:15:00,651325.0,722857.0763371767,722858.0,0.0,71533.0,71533.0,False,655862.3125,24742.21924230648,66994.76383717677
2019-01-14 06:16:00,643850.0,718573.8307716546,718574.0,0.0,74724.0,74724.0,False,651820.0,24653.238874462237,66753.8307716546
2019-01-14 06:17:00,648529.0,716314.287882329,716315.0,0.0,67786.0,67786.0,False,649547.1875,24658.13955024287,66767.10038232901
2019-01-14 06:18:00,660405.0,719698.3146861823,719699.0,0.0,59294.0,59294.0,False,653618.4375,24404.337222813425,66079.87718618226
2019-01-14 06:19:00,632829.0,719485.045140208,719486.0,0.0,86657.0,86657.0,False,653977.375,24193.012167352426,65507.670140207985
2019-01-14 06:20:00,647027.0,717061.4188944425,717062.0,0.0,70035.0,70035.0,False,652411.5625,23876.208068775755,64649.856394442504
2019-01-14 06:21:00,628865.0,744120.7366440597,744121.0,0.0,115256.0,115256.0,False,679399.875,23902.431423449445,64720.86164405966
2019-01-14 06:22:00,630520.0,714262.2348697318,714263.0,0.0,83743.0,83743.0,False,647284.0,24736.11483484316,66978.23486973184
2019-01-14 06:23:00,624091.0,701954.8919555551,701955.0,0.0,77864.0,77864.0,False,634651.625,24856.154292669555,67303.26695555505
2019-01-14 06:24:00,628580.0,697027.1991479704,697028.0,0.0,68448.0,68448.0,False,630031.5625,24742.541585050552,66995.63664797042
2019-01-14 06:25:00,647373.0,694542.7757686588,694543.0,0.0,47170.0,47170.0,False,628197.8125,24502.237679432103,66344.96326865884
2019-01-14 06:26:00,642270.0,696384.8602161576,696385.0,0.0,54115.0,54115.0,False,629802.375,24589.958267777736,66582.48521615761
2019-01-14 06:27:00,633911.0,705077.5597235573,705078.0,0.0,71167.0,71167.0,False,638415.625,24619.300219568984,66661.93472355731
2019-01-14 06:28:00,621964.0,713356.2902174204,713357.0,0.0,91393.0,91393.0,False,646860.3125,24558.009688855058,66495.97771742045
2019-01-14 06:29:00,611218.0,693419.014196877,693420.0,0.0,82202.0,82202.0,False,627123.6875,24483.90611333467,66295.32669687699
2019-01-14 06:30:00,666612.0,710410.6120432542,710411.0,0.0,43799.0,43799.0,False,643799.6875,24600.461358255645,66610.92454325422
2019-01-14 06:31:00,618273.0,705183.6212921222,705184.0,0.0,86911.0,86911.0,False,643079.625,22935.981919685328,62103.99629212214
2019-01-14 06:32:00,673224.0,684012.6530972075,684013.0,0.0,10789.0,10789.0,False,621893.0,22941.76422388149,62119.65309720752
2019-01-14 06:33:00,663554.0,723994.8597841406,723995.0,0.0,60441.0,60441.0,False,659510.5,23815.087569479707,64484.359784140564
2019-01-14 06:34:00,658450.0,714255.4871370759,714256.0,0.0,55806.0,55806.0,False,650639.0625,23494.545478325093,63616.42463707587
2019-01-14 06:35:00,666154.0,720454.170401629,720455.0,0.0,54301.0,54301.0,False,656829.875,23497.45227537943,63624.295401628995
2019-01-14 06:36:00,631392.0,715404.644542767,715405.0,0.0,84013.0,84013.0,False,652038.625,23402.06694137796,63366.019542767
2019-01-14 06:37:00,619589.0,697785.3814544104,697786.0,0.0,78197.0,78197.0,False,633978.6875,23564.8149276811,63806.693954410366
2019-01-14 06:38:00,596116.0,682173.8450932184,682174.0,0.0,86058.0,86058.0,False,618149.625,23645.150749602937,64024.22009321833
2019-01-14 06:39:00,619545.0,671386.6441578392,671387.0,0.0,51842.0,51842.0,False,607097.125,23743.129863874954,64289.51915783925
2019-01-14 06:40:00,674905.0,705355.7929428075,705356.0,0.0,30451.0,30451.0,False,641063.6875,23744.085019562397,64292.105442807515
2019-01-14 06:41:00,657413.0,714048.5908852213,714049.0,0.0,56636.0,56636.0,False,648900.1875,24060.32930813737,65148.40338522124
2019-01-14 06:42:00,642517.0,713065.1822219694,713066.0,0.0,70549.0,70549.0,False,647897.875,24067.310792160202,65167.30722196936
2019-01-14 06:43:00,641231.0,712815.0328478145,712816.0,0.0,71585.0,71585.0,False,647637.1875,24071.202687662633,65177.84534781453
2019-01-14 06:44:00,654724.0,709578.5937472486,709579.0,0.0,54855.0,54855.0,False,645045.5625,23833.062705775283,64533.03124724861
2019-01-14 06:45:00,669955.0,725571.2384274841,725572.0,0.0,55617.0,55617.0,False,661276.875,23744.91892879222,64294.363427484095
2019-01-14 06:46:00,652813.0,716656.4463925273,716657.0,0.0,63844.0,63844.0,False,652326.875,23757.921783646536,64329.57139252728
2019-01-14 06:47:00,638826.0,709447.5582696256,709448.0,0.0,70622.0,70622.0,False,645671.5,23553.50068778879,63776.058269625624
2019-01-14 06:48:00,655473.0,699171.071808466,699172.0,0.0,43699.0,43699.0,False,635576.0,23486.659543116893,63595.07180846601
2019-01-14 06:49:00,657186.0,711529.8343402371,711530.0,0.0,54344.0,54344.0,False,647700.5625,23573.15329577373,63829.27184023712
2019-01-14 06:50:00,668879.0,742743.5897505557,742744.0,0.0,73865.0,73865.0,False,678908.625,23575.25577702989,63834.96475055568
2019-01-14 06:51:00,645687.0,725221.2982774007,725222.0,0.0,79535.0,79535.0,False,661317.9375,23600.515504724655,63903.360777400696
2019-01-14 06:52:00,629315.0,709706.3904870292,709707.0,0.0,80392.0,80392.0,False,645599.125,23675.820718762418,64107.26548702923
2019-01-14 06:53:00,617971.0,703714.8265669728,703715.0,0.0,85744.0,85744.0,False,639338.0,23775.373862279186,64376.82656697271
2019-01-14 06:54:00,637702.0,696635.1033771199,696636.0,0.0,58934.0,58934.0,False,631792.5,23947.392558884367,64842.60337711986
2019-01-14 06:55:00,649616.0,729225.4623957159,729226.0,0.0,79610.0,79610.0,False,664360.5,23955.65009586874,64864.962395715855
2019-01-14 06:56:00,610571.0,706160.4811132855,706161.0,0.0,95590.0,95590.0,False,642552.8125,23491.3117411208,63607.66861328547
2019-01-14 06:57:00,678967.0,687267.567181854,687268.0,0.0,8301.0,8301.0,False,622633.5,23870.376864407663,64634.06718185406
2019-01-14 06:58:00,625666.0,727825.7018446901,727826.0,0.0,102160.0,102160.0,False,660936.0625,24703.3951149887,66889.63934469018
2019-01-14 06:59:00,593984.0,703464.9192110122,703465.0,0.0,109481.0,109481.0,False,635410.875,25133.428133081998,68054.04421101224
2019-01-14 07:00:00,732733.0,700088.4836300983,700089.0,32644.0,0.0,326440.0,False,630934.75,25539.560719377845,69153.7336300983
2019-01-14 07:01:00,687551.0,751776.6436795987,751777.0,0.0,64226.0,64226.0,False,679670.5625,26629.909071478312,72106.08117959872
2019-01-14 07:02:00,684670.0,741149.9882763113,741150.0,0.0,56480.0,56480.0,False,669001.3125,26645.6399255039,72148.67577631134
2019-01-14 07:03:00,673223.0,747998.4004182376,747999.0,0.0,74776.0,74776.0,False,675800.6875,26663.750112734404,72197.71291823756
2019-01-14 07:04:00,682269.0,740008.1024676561,740009.0,0.0,57740.0,57740.0,False,667810.0625,26663.87089722493,72198.03996765616
2019-01-14 07:05:00,667838.0,772950.5262151015,772951.0,0.0,105113.0,105113.0,False,700608.625,26717.00111697487,72341.9012151015
2019-01-14 07:06:00,731007.0,755658.0417480466,755659.0,0.0,24652.0,24652.0,False,682406.5625,27052.922580386705,73251.47924804666
2019-01-14 07:07:00,732876.0,806953.3790436758,806954.0,0.0,74078.0,74078.0,False,734059.0,26921.039862365804,72894.37904367584
2019-01-14 07:08:00,723653.0,805228.3260684359,805229.0,0.0,81576.0,81576.0,False,732507.375,26856.99018534083,72720.95106843591
2019-01-14 07:09:00,705345.0,788179.3224453871,788180.0,0.0,82835.0,82835.0,False,719486.1875,25369.454385880803,68693.13494538711
2019-01-14 07:10:00,694661.0,780203.6575340494,780204.0,0.0,85543.0,85543.0,False,712245.25,25098.108005157177,67958.40753404931
2019-01-14 07:11:00,650565.0,756471.2041122988,756472.0,0.0,105907.0,105907.0,False,689371.5,24780.975335256186,67099.70411229879
2019-01-14 07:12:00,626170.0,723824.7460304179,723825.0,0.0,97655.0,97655.0,False,655623.5625,25187.768996328366,68201.1835304179
2019-01-14 07:13:00,662314.0,707425.5037755023,707426.0,0.0,45112.0,45112.0,False,638802.625,25343.507678125574,68622.87877550234
2019-01-14 07:14:00,638352.0,727666.1419346118,727667.0,0.0,89315.0,89315.0,False,658550.75,25525.400528617956,69115.39193461182
2019-01-14 07:15:00,671440.0,717165.2944778772,717166.0,0.0,45726.0,45726.0,False,648396.1875,25397.51205153242,68769.10697787716
2019-01-14 07:16:00,662209.0,732141.2164165454,732142.0,0.0,69933.0,69933.0,False,662844.875,25592.22801628048,69296.3414165454
2019-01-14 07:17:00,656046.0,730256.0999847595,730257.0,0.0,74211.0,74211.0,False,660999.1875,25577.6662920671,69256.91248475948
2019-01-14 07:18:00,659270.0,738101.2486089093,738102.0,0.0,78832.0,78832.0,False,668832.125,25582.176052137984,69269.12360890936
2019-01-14 07:19:00,650664.0,732385.6439243777,732386.0,0.0,81722.0,81722.0,False,663116.75,25582.09122603051,69268.89392437774
2019-01-14 07:20:00,700867.0,762104.7914699649,762105.0,0.0,61238.0,61238.0,False,693071.625,25495.033372185557,69033.16646996488
2019-01-14 07:21:00,677473.0,742150.623666183,742151.0,0.0,64678.0,64678.0,False,673059.5625,25516.4147934303,69091.06116618298
2019-01-14 07:22:00,692621.0,740729.3500781961,740730.0,0.0,48109.0,48109.0,False,673845.6875,24701.187801185555,66883.66257819612
2019-01-14 07:23:00,660290.0,762356.6610655756,762357.0,0.0,102067.0,102067.0,False,695410.625,24724.22331039936,66946.0360655755
2019-01-14 07:24:00,650556.0,729604.5609264548,729605.0,0.0,79049.0,79049.0,False,661636.3125,25101.742401391904,67968.2484264548
2019-01-14 07:25:00,653108.0,733893.1204282839,733894.0,0.0,80786.0,80786.0,False,665819.0625,25140.81951342618,68074.0579282839
2019-01-14 07:26:00,649248.0,720304.3468996902,720305.0,0.0,71057.0,71057.0,False,652443.9375,25061.915753900925,67860.40939969027
2019-01-14 07:27:00,641227.0,715886.7186556826,715887.0,0.0,74660.0,74660.0,False,648182.375,25004.27822175235,67704.3436556826
2019-01-14 07:28:00,646478.0,712223.8264123055,712224.0,0.0,65746.0,65746.0,False,644498.75,25011.935154630053,67725.07641230541
2019-01-14 07:29:00,650106.0,718359.562811755,718360.0,0.0,68254.0,68254.0,False,651151.4375,24821.01698827222,67208.125311755
2019-01-14 07:30:00,683820.0,741074.2271557829,741075.0,0.0,57255.0,57255.0,False,674082.1875,24741.21315930175,66992.03965578291
2019-01-14 07:31:00,691831.0,742457.3645809533,742458.0,0.0,50627.0,50627.0,False,675866.0,24593.237556753822,66591.36458095328
2019-01-14 07:32:00,681811.0,766337.1466179093,766338.0,0.0,84527.0,84527.0,False,700058.9375,24477.584322384766,66278.20911790928
2019-01-14 07:33:00,669725.0,752629.9342059817,752630.0,0.0,82905.0,82905.0,False,688573.125,23657.18642114978,64056.80920598166
2019-01-14 07:34:00,654064.0,734224.1638347498,734225.0,0.0,80161.0,80161.0,False,669899.5,23756.109345427194,64324.663834749816
2019-01-14 07:35:00,664397.0,731132.2974876402,731133.0,0.0,66736.0,66736.0,False,666701.3125,23795.375418240015,64430.984987640186
2019-01-14 07:36:00,657164.0,728450.2401917999,728451.0,0.0,71287.0,71287.0,False,664139.5,23750.967125247793,64310.74019179993
2019-01-14 07:37:00,648269.0,718366.246046182,718367.0,0.0,70098.0,70098.0,False,654365.125,23636.619908484525,64001.12104618203
2019-01-14 07:38:00,634011.0,715975.7342537872,715976.0,0.0,81965.0,81965.0,False,652109.4375,23586.82717826863,63866.29675378719
2019-01-14 07:39:00,642360.0,707473.3160673584,707474.0,0.0,65114.0,65114.0,False,643745.9375,23535.52250864224,63727.378567358406
2019-01-14 07:40:00,674563.0,726043.0550188925,726044.0,0.0,51481.0,51481.0,False,662508.25,23464.4020705138,63534.80501889254
2019-01-14 07:41:00,679018.0,743830.1958763663,743831.0,0.0,64813.0,64813.0,False,681350.125,23074.872174413944,62480.07087636632
2019-01-14 07:42:00,719074.0,746187.6704923209,746188.0,0.0,27114.0,27114.0,False,683821.75,23032.714643483487,62365.92049232093
2019-01-14 07:43:00,685398.0,760107.3937882299,760108.0,0.0,74710.0,74710.0,False,696404.4375,23526.502977114935,63702.95628822992
2019-01-14 07:44:00,657208.0,745491.4773893261,745492.0,0.0,88284.0,88284.0,False,681727.0625,23549.200604445075,63764.4148893261
2019-01-14 07:45:00,683871.0,728366.0780920264,728367.0,0.0,44496.0,44496.0,False,664251.4375,23678.544460952446,64114.64059202637
2019-01-14 07:46:00,670640.0,737299.1845609061,737300.0,0.0,66660.0,66660.0,False,672843.375,23804.54352331514,64455.80956090612
2019-01-14 07:47:00,666924.0,738016.0386289788,738017.0,0.0,71093.0,71093.0,False,673567.0,23802.042911735592,64449.03862897881
2019-01-14 07:48:00,666366.0,736895.921673306,736896.0,0.0,70530.0,70530.0,False,672448.625,23801.399580127298,64447.29667330601
2019-01-14 07:49:00,653233.0,731076.9144669888,731077.0,0.0,77844.0,77844.0,False,667090.8125,23631.073126483454,63986.10196698874
2019-01-14 07:50:00,671816.0,730682.4454200967,730683.0,0.0,58867.0,58867.0,False,666725.1875,23620.420566624118,63957.25792009672
2019-01-14 07:51:00,685568.0,729239.804693325,729240.0,0.0,43672.0,43672.0,False,665270.0625,23625.03120494273,63969.742193324964
2019-01-14 07:52:00,680803.0,773386.7400337183,773387.0,0.0,92584.0,92584.0,False,709087.75,23746.627607190934,64298.99003371834
2019-01-14 07:53:00,613708.0,755974.3683019838,755975.0,0.0,142267.0,142267.0,False,691220.6875,23914.55205428979,64753.680801983784
2019-01-14 07:54:00,670584.0,699119.5947524575,699120.0,0.0,28536.0,28536.0,False,629604.1875,25673.132472542267,69515.4072524574
2019-01-14 07:55:00,673500.0,752551.9332238974,752552.0,0.0,79052.0,79052.0,False,681423.75,26268.755986807853,71128.1832238974
2019-01-14 07:56:00,645388.0,742058.1009447462,742059.0,0.0,96671.0,96671.0,False,671031.5,26231.240054547812,71026.60094474617
2019-01-14 07:57:00,637624.0,722963.2040553128,722964.0,0.0,85340.0,85340.0,False,652223.4375,26125.307606351704,70739.76655531285
2019-01-14 07:58:00,640301.0,714824.8903836693,714825.0,0.0,74524.0,74524.0,False,647085.375,25017.267693692145,67739.51538366925
2019-01-14 07:59:00,666048.0,717571.2645742896,717572.0,0.0,51524.0,51524.0,False,650740.875,24681.513243550624,66830.38957428953
2019-01-14 08:00:00,777449.0,736088.0083793612,736089.0,41360.0,0.0,413600.0,False,670336.5,24283.065461479266,65751.50837936123
2019-01-14 08:01:00,728456.0,785421.9332259541,785422.0,0.0,56966.0,56966.0,False,718625.125,24669.111123812025,66796.80822595408
2019-01-14 08:02:00,728894.0,776604.4341098148,776605.0,0.0,47711.0,47711.0,False,709768.3125,24683.630174360576,66836.12160981486
2019-01-14 08:03:00,706179.0,785727.0556045709,785728.0,0.0,79549.0,79549.0,False,718767.6875,24729.147041940138,66959.36810457094
2019-01-14 08:04:00,665804.0,753510.0921726337,753511.0,0.0,87707.0,87707.0,False,686452.0,24765.607391922687,67058.09217263371
2019-01-14 08:05:00,685641.0,752131.7706966612,752132.0,0.0,66491.0,66491.0,False,685038.9375,24778.437798120995,67092.83319666122
2019-01-14 08:06:00,714086.0,777726.0706690716,777727.0,0.0,63641.0,63641.0,False,711460.0,24473.10140244893,66266.07066907165
2019-01-14 08:07:00,745982.0,788120.4573868681,788121.0,0.0,42139.0,42139.0,False,724297.25,23570.913597829483,63823.20738686808
2019-01-14 08:08:00,692925.0,819146.755455762,819147.0,0.0,126222.0,126222.0,False,754751.9375,23782.01836492989,64394.817955762046
2019-01-14 08:09:00,732017.0,766300.1024865106,766301.0,0.0,34284.0,34284.0,False,698743.5,24949.71508592802,67556.60248651066
2019-01-14 08:10:00,752072.0,810879.8379950296,810880.0,0.0,58808.0,58808.0,False,742240.4375,25349.609408819015,68639.40049502967
2019-01-14 08:11:00,688850.0,803160.1854704054,803161.0,0.0,114311.0,114311.0,False,734586.1875,25325.45522854328,68573.99797040541
2019-01-14 08:12:00,680890.0,757604.6255659128,757605.0,0.0,76715.0,76715.0,False,688539.625,25506.79020415585,69065.00056591276
2019-01-14 08:13:00,677754.0,747244.4418113041,747245.0,0.0,69491.0,69491.0,False,678811.5,25273.36097200636,68432.94181130403
2019-01-14 08:14:00,702301.0,741325.3213120883,741326.0,0.0,39025.0,39025.0,False,673486.875,25053.804440455504,67838.44631208833
2019-01-14 08:15:00,677834.0,770134.387940277,770135.0,0.0,92301.0,92301.0,False,701735.9375,25260.622766584936,68398.45044027703
2019-01-14 08:16:00,661203.0,743194.5262252535,743195.0,0.0,81992.0,81992.0,False,674931.6875,25210.539228816335,68262.83872525349
2019-01-14 08:17:00,641663.0,747037.1927618528,747038.0,0.0,105375.0,105375.0,False,678665.75,25250.648406462962,68371.44276185277
2019-01-14 08:18:00,673638.0,725456.9756563273,725457.0,0.0,51819.0,51819.0,False,656058.9375,25629.786220650414,69398.03815632734
2019-01-14 08:19:00,654752.0,748057.0379893382,748058.0,0.0,93306.0,93306.0,False,678326.6875,25752.514388186904,69730.35048933818
2019-01-14 08:20:00,668647.0,744127.2509777371,744128.0,0.0,75481.0,75481.0,False,674101.5625,25861.587349132173,70025.68847773717
2019-01-14 08:21:00,670467.0,739123.7199861062,739124.0,0.0,68657.0,68657.0,False,669195.25,25825.683032189027,69928.46998610615
2019-01-14 08:22:00,665844.0,737829.3397422666,737830.0,0.0,71986.0,71986.0,False,667933.875,25813.493676895385,69895.46474226656
2019-01-14 08:23:00,651876.0,742808.7821118037,742809.0,0.0,90933.0,90933.0,False,673341.8125,25655.243690554067,69466.9696118037
2019-01-14 08:24:00,641749.0,738284.3882371467,738285.0,0.0,96536.0,96536.0,False,669417.25,25433.716536338725,68867.13823714665
2019-01-14 08:25:00,666666.0,732986.6138471634,732987.0,0.0,66321.0,66321.0,False,663652.4375,25606.201050809595,69334.17634716336
2019-01-14 08:26:00,653309.0,730211.4232845168,730212.0,0.0,76903.0,76903.0,False,660915.75,25591.98126462129,69295.67328451683
2019-01-14 08:27:00,618999.0,718592.9435917068,718593.0,0.0,99594.0,99594.0,False,649281.4375,25597.828569160905,69311.50609170682
2019-01-14 08:28:00,639577.0,714319.0072318992,714320.0,0.0,74743.0,74743.0,False,644392.4375,25824.981238444077,69926.56973189917
2019-01-14 08:29:00,625300.0,713246.9035285155,713247.0,0.0,87947.0,87947.0,False,643349.1875,25814.32511229062,69897.71602851554
2019-01-14 08:30:00,652429.0,717391.5567217682,717392.0,0.0,64963.0,64963.0,False,647330.5,25874.649397535813,70061.05672176824
2019-01-14 08:31:00,681190.0,727455.4589859074,727456.0,0.0,46266.0,46266.0,False,657488.6875,25839.82837805059,69966.77148590736
2019-01-14 08:32:00,671928.0,732287.621637669,732288.0,0.0,60360.0,60360.0,False,661996.875,25959.477493516206,70290.746637669
2019-01-14 08:33:00,668624.0,744863.2107514078,744864.0,0.0,76240.0,76240.0,False,674585.0625,25954.824711460995,70278.14825140777
2019-01-14 08:34:00,647810.0,733457.8515993342,733458.0,0.0,85648.0,85648.0,False,663378.1875,25881.521394523195,70079.66409933411
2019-01-14 08:35:00,688472.0,739167.0779917605,739168.0,0.0,50696.0,50696.0,False,669093.125,25879.412192734733,70073.9529917605
2019-01-14 08:36:00,689046.0,741332.7297162223,741333.0,0.0,52287.0,52287.0,False,670813.875,26043.72139210242,70518.85471622228
2019-01-14 08:37:00,670848.0,735859.3360062059,735860.0,0.0,65012.0,65012.0,False,664970.0,26180.545955350754,70889.3360062059
2019-01-14 08:38:00,652432.0,735155.9025134979,735156.0,0.0,82724.0,82724.0,False,664215.875,26199.267125712486,70940.02751349781
2019-01-14 08:39:00,646200.0,723776.259160168,723777.0,0.0,77577.0,77577.0,False,652972.625,26148.894916632365,70803.634160168
2019-01-14 08:40:00,680669.0,724465.6904270506,724466.0,0.0,43797.0,43797.0,False,653646.5,26154.64009049008,70819.1904270506
2019-01-14 08:41:00,659747.0,741112.0074842081,741113.0,0.0,81366.0,81366.0,False,669730.375,26362.358782104617,71381.63248420804
2019-01-14 08:42:00,667818.0,723805.2891526243,723806.0,0.0,55988.0,55988.0,False,652372.6875,26381.18249708359,71432.60165262436
2019-01-14 08:43:00,675868.0,732657.2295165084,732658.0,0.0,56790.0,56790.0,False,662174.3125,26030.44903476496,70482.91701650836
2019-01-14 08:44:00,656799.0,736856.1836888054,736857.0,0.0,80058.0,80058.0,False,666210.875,26090.42283165549,70645.30868880548
2019-01-14 08:45:00,681395.0,750689.7209578675,750690.0,0.0,69295.0,69295.0,False,680433.375,25946.772781789732,70256.34595786744
2019-01-14 08:46:00,668001.0,746102.5642216025,746103.0,0.0,78102.0,78102.0,False,676251.125,25797.2343601647,69851.43922160253
2019-01-14 08:47:00,667945.0,738617.8541113891,738618.0,0.0,70673.0,70673.0,False,668736.0625,25808.443974761638,69881.79161138911
2019-01-14 08:48:00,678172.0,734191.3246628369,734192.0,0.0,56020.0,56020.0,False,664323.4375,25803.30884337496,69867.88716283687
2019-01-14 08:49:00,667031.0,735575.3951928989,735576.0,0.0,68545.0,68545.0,False,665497.75,25880.77578064551,70077.64519289891
2019-01-14 08:50:00,678839.0,760331.4200592788,760332.0,0.0,81493.0,81493.0,False,690369.625,25837.990505482136,69961.79505927883
2019-01-14 08:51:00,647672.0,736661.718784983,736662.0,0.0,88990.0,88990.0,False,666660.4375,25852.57338924002,70001.28128498302
2019-01-14 08:52:00,659282.0,719822.1157594373,719823.0,0.0,60541.0,60541.0,False,650025.5,25776.987193926292,69796.6157594373
2019-01-14 08:53:00,652899.0,737723.3592621328,737724.0,0.0,84825.0,84825.0,False,668399.875,25602.252295760198,69323.48426213274
2019-01-14 08:54:00,656942.0,720206.4748414779,720207.0,0.0,63265.0,63265.0,False,655989.5,23716.338107663112,64216.9748414779
2019-01-14 08:55:00,689883.0,737278.0620093175,737279.0,0.0,47396.0,47396.0,False,674782.125,23080.731786680914,62495.9370093174
2019-01-14 08:56:00,675873.0,728920.8830313837,728921.0,0.0,53048.0,53048.0,False,666197.6875,23164.66193070403,62723.19553138378
2019-01-14 08:57:00,673108.0,731628.51165206,731629.0,0.0,58521.0,58521.0,False,669388.9375,22986.05295423868,62239.574152059984
2019-01-14 08:58:00,655842.0,733702.1161787886,733703.0,0.0,77861.0,77861.0,False,671639.1875,22920.815004621243,62062.92867878859
2019-01-14 08:59:00,649430.0,719952.6748502385,719953.0,0.0,70523.0,70523.0,False,657697.8125,22991.699126110754,62254.86235023854
2019-01-14 09:00:00,740629.0,748154.3015350564,748155.0,0.0,7526.0,7526.0,False,686096.375,22918.967634322238,62057.92653505647
2019-01-14 09:01:00,714909.0,739379.9651311499,739380.0,0.0,24471.0,24471.0,False,686511.375,19525.201271486036,52868.59013114985
2019-01-14 09:02:00,718401.0,740125.1027523598,740126.0,0.0,21725.0,21725.0,False,686372.9375,19851.519450906086,53752.16525235979
2019-01-14 09:03:00,701506.0,757314.6986682173,757315.0,0.0,55809.0,55809.0,False,702777.4375,20141.46771199101,54537.261168217236
2019-01-14 09:04:00,669117.0,741189.9752730157,741190.0,0.0,72073.0,72073.0,False,686798.625,20087.580525110367,54391.35027301567
2019-01-14 09:05:00,687572.0,735429.2167611968,735430.0,0.0,47858.0,47858.0,False,681158.625,20042.982508733166,54270.5917611968
2019-01-14 09:06:00,719695.0,750845.8037814056,750846.0,0.0,31151.0,31151.0,False,696516.375,20064.711945038176,54329.42878140556
2019-01-14 09:07:00,775031.0,770377.5103834546,770378.0,4653.0,0.0,46530.0,False,715419.625,20296.810845632324,54957.88538345464
2019-01-14 09:08:00,765094.0,830095.4557279001,830096.0,0.0,65002.0,65002.0,False,771787.9375,21533.88290129215,58307.518227900124
2019-01-14 09:09:00,770168.0,788809.438274795,788810.0,0.0,18642.0,18642.0,False,734665.875,19996.06889219721,54143.5632747949
2019-01-14 09:10:00,786559.0,811567.9518475095,811568.0,0.0,25009.0,25009.0,True,757256.5625,20058.04969857445,54311.38934750954
2019-01-14 09:11:00,691588.0,795387.0350835164,795388.0,0.0,103800.0,103800.0,False,740274.75,20353.83308156643,55112.285083516355
2019-01-14 09:12:00,670145.0,722380.7827331946,722381.0,0.0,52236.0,52236.0,False,666952.125,20470.674473524097,55428.65773319469
2019-01-14 09:13:00,688286.0,716956.8510691884,716957.0,0.0,28671.0,28671.0,False,661613.875,20439.030888347177,55342.9760691884
2019-01-14 09:14:00,680151.0,732482.0471716601,732483.0,0.0,52332.0,52332.0,False,676461.625,20689.222381415766,56020.422171660095
2019-01-14 09:15:00,696329.0,736345.9865021547,736346.0,0.0,40017.0,40017.0,False,681129.0,20392.500961062622,55216.98650215475
2019-01-14 09:16:00,687818.0,739915.871533385,739916.0,0.0,52098.0,52098.0,False,685234.875,20194.551441437332,54680.99653338497
2019-01-14 09:17:00,676535.0,737133.4967332745,737134.0,0.0,60599.0,60599.0,False,682739.3125,20088.62715117534,54394.18423327453
2019-01-14 09:18:00,662186.0,726222.3643756,726223.0,0.0,64037.0,64037.0,False,673534.1875,19458.571820654906,52688.17687560002
2019-01-14 09:19:00,663260.0,718523.4714714088,718524.0,0.0,55264.0,55264.0,False,665864.3125,19447.855052562456,52659.15897140879
2019-01-14 09:20:00,676233.0,733439.4301112434,733440.0,0.0,57207.0,57207.0,False,681550.1875,19163.512839971827,51889.24261124345
2019-01-14 09:21:00,674960.0,727343.9717460074,727344.0,0.0,52384.0,52384.0,False,675457.375,19162.535680355075,51886.59674600742
2019-01-14 09:22:00,682510.0,718587.748503942,718588.0,0.0,36078.0,36078.0,False,666691.1875,19166.21563741864,51896.56100394201
2019-01-14 09:23:00,692175.0,728160.0215550441,728161.0,0.0,35986.0,35986.0,False,676097.125,19227.645970737845,52062.89655504416
2019-01-14 09:24:00,674646.0,730184.7221549008,730185.0,0.0,55539.0,55539.0,False,678659.4375,19029.097446364372,51525.284654900766
2019-01-14 09:25:00,692021.0,735899.0119185727,735900.0,0.0,43879.0,43879.0,False,685492.5,18615.91709107839,50406.51191857266
2019-01-14 09:26:00,678080.0,744498.7519725731,744499.0,0.0,66419.0,66419.0,False,694086.625,18617.990818772625,50412.12697257316
2019-01-14 09:27:00,672678.0,731289.8203352244,731290.0,0.0,58612.0,58612.0,False,680555.4375,18737.004973747702,50734.38283522444
2019-01-14 09:28:00,652276.0,717750.7784153594,717751.0,0.0,65475.0,65475.0,False,668287.9375,18267.40455790706,49462.840915359404
2019-01-14 09:29:00,626011.0,701396.2801069897,701397.0,0.0,75386.0,75386.0,False,651528.625,18416.90880134397,49867.65510698961
2019-01-14 09:30:00,703216.0,695144.2636566464,695145.0,8071.0,0.0,80710.0,False,644804.6875,18591.19666216912,50339.5761566464
2019-01-14 09:31:00,688930.0,723433.8841835008,723434.0,0.0,34504.0,34504.0,False,669683.75,19850.769345254146,53750.13418350083
2019-01-14 09:32:00,675681.0,718576.4136330497,718577.0,0.0,42896.0,42896.0,False,664994.25,19788.735180978052,53582.16363304966
2019-01-14 09:33:00,680449.0,723545.5107355355,723546.0,0.0,43097.0,43097.0,False,669954.0,19792.18721283455,53591.510735535485
2019-01-14 09:34:00,647808.0,720718.8866137182,720719.0,0.0,72911.0,72911.0,False,667231.0625,19753.894113753966,53487.824113718205
2019-01-14 09:35:00,675448.0,720741.9203121704,720742.0,0.0,45294.0,45294.0,False,667055.1875,19827.354222341946,53686.73281217036
2019-01-14 09:36:00,673288.0,709296.9934729241,709297.0,0.0,36009.0,36009.0,False,655832.6875,19745.20849472391,53464.30597292413
2019-01-14 09:37:00,651606.0,712967.0272694132,712968.0,0.0,61362.0,61362.0,False,659525.6875,19736.726714807348,53441.33976941328
2019-01-14 09:38:00,662221.0,701469.2113679219,701470.0,0.0,39249.0,39249.0,False,647844.875,19804.3102347956,53624.33636792196
2019-01-14 09:39:00,666745.0,706318.6435792433,706319.0,0.0,39574.0,39574.0,False,652909.125,19724.974649143696,53409.518579243355
2019-01-14 09:40:00,686699.0,741592.661309199,741593.0,0.0,54894.0,54894.0,False,688265.75,19694.466485977162,53326.91130919891
2019-01-14 09:41:00,654241.0,726805.74969206,726806.0,0.0,72565.0,72565.0,False,673973.25,19511.872505096442,52832.499692060024
2019-01-14 09:42:00,667669.0,708524.1767953647,708525.0,0.0,40856.0,40856.0,False,655248.125,19675.683268158813,53276.05179536473
2019-01-14 09:43:00,685617.0,728311.4631710512,728312.0,0.0,42695.0,42695.0,False,675098.875,19652.245154241544,53212.58817105122
2019-01-14 09:44:00,650930.0,723185.0214911588,723186.0,0.0,72256.0,72256.0,False,670026.1875,19632.392890752366,53158.8339911587
2019-01-14 09:45:00,687839.0,720905.5864832342,720906.0,0.0,33067.0,33067.0,False,667328.0,19787.04476761211,53577.58648323423
2019-01-14 09:46:00,700489.0,725117.8399039535,725118.0,0.0,24629.0,24629.0,False,671272.375,19885.97647863099,53845.46490395344
2019-01-14 09:47:00,675243.0,730706.9250311351,730707.0,0.0,55464.0,55464.0,False,676413.125,20051.55368758596,54293.80003113515
2019-01-14 09:48:00,680024.0,719422.8263220917,719423.0,0.0,39399.0,39399.0,False,665123.5,20053.594633692985,54299.32632209173
2019-01-14 09:49:00,661041.0,722785.3235414708,722786.0,0.0,61745.0,61745.0,False,668465.0,20061.34923682315,54320.323541470825
2019-01-14 09:50:00,636701.0,734889.5909922431,734890.0,0.0,98189.0,98189.0,False,680400.625,20123.63154444813,54488.9659922432
2019-01-14 09:51:00,644088.0,696552.5464699123,696553.0,0.0,52465.0,52465.0,False,639752.875,20977.01139472774,56799.67146991231
2019-01-14 09:52:00,656196.0,700474.3292731444,700475.0,0.0,44279.0,44279.0,False,644297.625,20746.939817780938,56176.70427314436
2019-01-14 09:53:00,627141.0,723102.5095462177,723103.0,0.0,95962.0,95962.0,False,666895.125,20758.270524829048,56207.38454621778
2019-01-14 09:54:00,622829.0,692161.9633424099,692162.0,0.0,69333.0,69333.0,False,634256.875,21385.259219586886,57905.08834240988
2019-01-14 09:55:00,650976.0,692387.2346539187,692388.0,0.0,41412.0,41412.0,False,634221.75,21481.427670077974,58165.48465391864
2019-01-14 09:56:00,653012.0,725455.1005397276,725456.0,0.0,72444.0,72444.0,False,667250.5,21495.873781491904,58204.60053972758
2019-01-14 09:57:00,649299.0,711860.4846783156,711861.0,0.0,62562.0,62562.0,False,653317.5625,21620.82128002635,58542.9221783156
2019-01-14 09:58:00,649663.0,713028.2166074894,713029.0,0.0,63366.0,63366.0,False,654414.875,21646.828282002956,58613.34160748938
2019-01-14 09:59:00,649473.0,713319.9570164349,713320.0,0.0,63847.0,63847.0,False,655041.8125,21523.034727981194,58278.14451643492
2019-01-14 10:00:00,744728.0,720569.4363637009,720570.0,24158.0,0.0,241580.0,False,662355.125,21499.46014141035,58214.3113637009
2019-01-14 10:01:00,710968.0,751803.7292273036,751804.0,0.0,40836.0,40836.0,False,689971.0,22835.798729141232,61832.72922730362
2019-01-14 10:02:00,647593.0,748715.1191422534,748716.0,0.0,101123.0,101123.0,False,687174.375,22727.96404810029,61540.74414225344
2019-01-14 10:03:00,669281.0,719527.7706100262,719528.0,0.0,50247.0,50247.0,False,656874.0625,23138.999133862315,62653.708110026186
2019-01-14 10:04:00,667491.0,727037.0831128387,727038.0,0.0,59547.0,59547.0,False,664331.9375,23157.99581209463,62705.14561283872
2019-01-14 10:05:00,672615.0,745531.4347131604,745532.0,0.0,72917.0,72917.0,False,683282.3125,22989.579203269994,62249.122213160335
2019-01-14 10:06:00,745045.0,759999.5576817851,760000.0,0.0,14955.0,14955.0,False,697546.75,23064.803448159233,62452.80768178505
2019-01-14 10:07:00,831890.0,807734.2105493058,807735.0,24155.0,0.0,241550.0,True,743808.4375,23608.792708993074,63925.773049305826
2019-01-14 10:08:00,813099.0,896395.6998761641,896396.0,0.0,83297.0,83297.0,True,828799.125,24964.47751767341,67596.57487616413
2019-01-14 10:09:00,646409.0,824368.6004700717,824369.0,0.0,177960.0,177960.0,False,756515.0,25059.401109176746,67853.6004700716
2019-01-14 10:10:00,666122.0,718560.1862852861,718561.0,0.0,52439.0,52439.0,False,640778.0,28726.183898397834,77782.18628528608
2019-01-14 10:11:00,673414.0,734397.457260172,734398.0,0.0,60984.0,60984.0,False,656772.375,28668.16291271799,77625.08226017201
2019-01-14 10:12:00,667635.0,740617.8377105868,740618.0,0.0,72983.0,72983.0,False,664931.75,27952.061750363384,75686.0877105868
2019-01-14 10:13:00,684217.0,731118.5496812324,731119.0,0.0,46902.0,46902.0,False,655432.3125,27952.11695222203,75686.23718123238
2019-01-14 10:14:00,652581.0,749471.7685343823,749472.0,0.0,96891.0,96891.0,False,673701.75,27983.058722732487,75770.01853438228
2019-01-14 10:15:00,690042.0,737411.1845001525,737412.0,0.0,47370.0,47370.0,False,661175.375,28155.082647231746,76235.80950015249
2019-01-14 10:16:00,683727.0,754040.5983383694,754041.0,0.0,70314.0,70314.0,False,677386.125,28309.701782828117,76654.47333836937
2019-01-14 10:17:00,689709.0,740011.2100065722,740012.0,0.0,50303.0,50303.0,False,663348.0625,28312.905289477392,76663.14750657219
2019-01-14 10:18:00,683678.0,757915.9511362966,757916.0,0.0,74238.0,74238.0,False,680902.625,28442.231761194926,77013.32613629659
2019-01-14 10:19:00,659764.0,746068.3326058682,746069.0,0.0,86305.0,86305.0,False,669234.3125,28376.011226003408,76834.02010586819
2019-01-14 10:20:00,686419.0,740161.4942759126,740162.0,0.0,53743.0,53743.0,False,663220.5,28415.518468314694,76940.99427591261
2019-01-14 10:21:00,671644.0,745940.5225247351,745941.0,0.0,74297.0,74297.0,False,668773.6875,28498.92500639569,77166.8350247351
2019-01-14 10:22:00,682660.0,740036.9476533011,740037.0,0.0,57377.0,57377.0,False,662886.25,28492.965221493898,77150.69765330105
2019-01-14 10:23:00,669696.0,757429.6097556145,757430.0,0.0,87734.0,87734.0,False,680194.25,28524.23226651322,77235.35975561457
2019-01-14 10:24:00,639658.0,736441.1622292815,736442.0,0.0,96784.0,96784.0,False,659151.375,28544.333187975437,77289.78722928146
2019-01-14 10:25:00,634712.0,735987.2159662261,735988.0,0.0,101276.0,101276.0,False,658319.3125,28683.977457134995,77667.90346622608
2019-01-14 10:26:00,654334.0,718078.9631381878,718079.0,0.0,63745.0,63745.0,False,639849.1875,28891.485681189835,78229.77563818773
2019-01-14 10:27:00,649003.0,733414.2734491373,733415.0,0.0,84412.0,84412.0,False,655380.875,28818.960498811706,78033.3984491374
2019-01-14 10:28:00,594801.0,727632.0854330431,727633.0,0.0,132832.0,132832.0,False,649623.9375,28809.635086355487,78008.14793304302
2019-01-14 10:29:00,612645.0,693356.186711845,693357.0,0.0,80712.0,80712.0,False,613027.9375,29666.48495366732,80328.24921184493
2019-01-14 10:30:00,692248.0,711144.5268554878,711145.0,0.0,18897.0,18897.0,False,631436.125,29437.565582818814,79708.40185548786
2019-01-14 10:31:00,667742.0,739320.5208767912,739321.0,0.0,71579.0,71579.0,False,659405.625,29513.827070354317,79914.8958767912
2019-01-14 10:32:00,640824.0,734462.2100397635,734463.0,0.0,93639.0,93639.0,False,654721.5625,29449.474420827457,79740.64753976342
2019-01-14 10:33:00,607017.0,722974.1480704781,722975.0,0.0,115958.0,115958.0,False,643057.875,29514.33568962827,79916.27307047814
2019-01-14 10:34:00,631999.0,697875.5452529546,697876.0,0.0,65877.0,65877.0,False,616882.0,29912.18923811228,80993.54525295454
2019-01-14 10:35:00,635537.0,709389.6224082215,709390.0,0.0,73853.0,73853.0,False,628632.0625,29825.036141318804,80757.55990822145
2019-01-14 10:36:00,605726.0,716619.2298698412,716620.0,0.0,110894.0,110894.0,False,635872.9375,29820.87486230299,80746.2923698412
2019-01-14 10:37:00,623147.0,691980.978182646,691981.0,0.0,68834.0,68834.0,False,610618.875,30048.30347417527,81362.10318264604
2019-01-14 10:38:00,657828.0,705479.2942682813,705480.0,0.0,47652.0,47652.0,False,624108.125,30051.651722092116,81371.16926828132
2019-01-14 10:39:00,645716.0,729751.2496326973,729752.0,0.0,84036.0,84036.0,False,647751.9375,30283.634754447336,81999.31213269728
2019-01-14 10:40:00,670169.0,742023.5169480633,742024.0,0.0,71855.0,71855.0,False,660107.75,30252.780204681658,81915.76694806325
2019-01-14 10:41:00,646106.0,746720.2567189714,746721.0,0.0,100615.0,100615.0,False,664771.3125,30265.033092275462,81948.94421897137
2019-01-14 10:42:00,647548.0,732942.26147532,732943.0,0.0,85395.0,85395.0,False,651027.75,30252.316538865274,81914.51147531993
2019-01-14 10:43:00,639604.0,721113.1480002865,721114.0,0.0,81510.0,81510.0,False,639249.75,30233.43952918454,81863.39800028651
2019-01-14 10:44:00,619499.0,721272.6297210794,721273.0,0.0,101774.0,101774.0,False,639459.875,30214.736170212505,81812.75472107933
2019-01-14 10:45:00,635215.0,719327.3757170254,719328.0,0.0,84113.0,84113.0,False,637486.8125,30225.00628483171,81840.56321702532
2019-01-14 10:46:00,638273.0,713362.4165267769,713363.0,0.0,75090.0,75090.0,False,631770.875,30133.038660747072,81591.54152677688
2019-01-14 10:47:00,641732.0,716424.6885900876,716425.0,0.0,74693.0,74693.0,False,635393.9375,29925.92993852994,81030.75109008755
2019-01-14 10:48:00,639966.0,721267.8638139847,721268.0,0.0,81302.0,81302.0,False,640222.625,29931.280482668804,81045.23881398463
2019-01-14 10:49:00,615677.0,719793.2667319764,719794.0,0.0,104117.0,104117.0,False,638887.125,29879.90974409324,80906.14173197646
2019-01-14 10:50:00,640985.0,733461.4605818632,733462.0,0.0,92477.0,92477.0,False,652167.625,30023.09117624374,81293.8355818632
2019-01-14 10:51:00,615854.0,718637.1722078447,718638.0,0.0,102784.0,102784.0,False,638751.625,29502.98814563911,79885.54720784469
2019-01-14 10:52:00,604547.0,712104.9389430198,712105.0,0.0,107558.0,107558.0,False,631785.375,29663.27734738375,80319.56394301978
2019-01-14 10:53:00,600439.0,705265.4918163347,705266.0,0.0,104827.0,104827.0,False,624454.25,29844.861713703987,80811.24181633464
2019-01-14 10:54:00,608249.0,687089.4701128775,687090.0,0.0,78841.0,78841.0,False,607050.6875,29559.580389119834,80038.78261287758
2019-01-14 10:55:00,643444.0,696393.6202409101,696394.0,0.0,52950.0,52950.0,False,616466.125,29518.480213547726,79927.49524091008
2019-01-14 10:56:00,633786.0,705104.8859841313,705105.0,0.0,71319.0,71319.0,False,624849.5,29639.575418480716,80255.38598413121
2019-01-14 10:57:00,641155.0,705925.1000204805,705926.0,0.0,64771.0,64771.0,False,625803.0,29590.35081724793,80122.10002048043
2019-01-14 10:58:00,629122.0,716890.5686281149,716891.0,0.0,87769.0,87769.0,False,636644.8125,29636.018961301383,80245.75612811494
2019-01-14 10:59:00,631012.0,708637.0897805224,708638.0,0.0,77626.0,77626.0,False,628358.625,29648.098780717588,80278.46478052235
2019-01-14 11:00:00,721881.0,738324.6047601245,738325.0,0.0,16444.0,16444.0,False,658085.1875,29633.677917724443,80239.41726012442
2019-01-14 11:01:00,680542.0,741669.337776236,741670.0,0.0,61128.0,61128.0,False,663479.125,28876.874494461266,78190.21277623605
2019-01-14 11:02:00,666735.0,734434.668702471,734435.0,0.0,67700.0,67700.0,False,656353.0,28836.78746203173,78081.66870247091
2019-01-14 11:03:00,654408.0,732982.1350185839,732983.0,0.0,78575.0,78575.0,False,656191.1875,28360.103842547105,76790.94751858385
2019-01-14 11:04:00,656911.0,726331.8194858856,726332.0,0.0,69421.0,69421.0,False,649614.125,28333.05034625312,76717.69448588554
2019-01-14 11:05:00,665745.0,749384.8112455978,749385.0,0.0,83640.0,83640.0,False,672645.75,28340.941426436395,76739.06124559781
2019-01-14 11:06:00,704589.0,764925.4214218726,764926.0,0.0,60337.0,60337.0,False,688251.375,28316.93043019617,76674.0464218726
2019-01-14 11:07:00,727628.0,791318.9793545336,791319.0,0.0,63691.0,63691.0,False,716154.3125,27759.492833047196,75164.66685453361
2019-01-14 11:08:00,716151.0,797659.0015144309,797660.0,0.0,81509.0,81509.0,False,728846.9375,25413.376760287774,68812.06401443083
2019-01-14 11:09:00,707636.0,780082.9894226233,780083.0,0.0,72447.0,72447.0,False,711348.375,25384.773408757406,68734.6144226233
2019-01-14 11:10:00,729727.0,771539.064249227,771540.0,0.0,41813.0,41813.0,False,714856.5,20933.761857553553,56682.56424922705
2019-01-14 11:11:00,709399.0,751670.8222918387,751671.0,0.0,42272.0,42272.0,False,695398.0625,20782.41463054012,56272.75979183872
2019-01-14 11:12:00,629363.0,745984.6988056485,745985.0,0.0,116622.0,116622.0,False,689788.875,20754.00096163654,56195.82380564843
2019-01-14 11:13:00,636344.0,693122.0584647349,693123.0,0.0,56779.0,56779.0,False,632919.8125,22233.635633956186,60202.24596473494
2019-01-14 11:14:00,631246.0,695555.0576878465,695556.0,0.0,64310.0,64310.0,False,636154.8125,21937.444141998676,59400.24518784648
2019-01-14 11:15:00,669564.0,703557.8140417533,703558.0,0.0,33994.0,33994.0,False,644611.75,21769.707906377764,58946.06404175328
2019-01-14 11:16:00,659571.0,718456.00444914,718457.0,0.0,58886.0,58886.0,False,659723.375,21690.88315677253,58732.629449140106
2019-01-14 11:17:00,641418.0,710649.7333546977,710650.0,0.0,69232.0,69232.0,False,651951.25,21678.272467420495,58698.483354697666
2019-01-14 11:18:00,654700.0,704357.7740326549,704358.0,0.0,49658.0,49658.0,False,646254.3125,21458.521556577394,58103.46153265493
2019-01-14 11:19:00,627644.0,704346.7885738225,704347.0,0.0,76703.0,76703.0,False,646175.8125,21483.455737757155,58170.97607382249
2019-01-14 11:20:00,646752.0,718875.4344538247,718876.0,0.0,72124.0,72124.0,False,660440.125,21581.078209521776,58435.3094538246
2019-01-14 11:21:00,633629.0,710897.7799860253,710898.0,0.0,77269.0,77269.0,False,652866.5625,21431.840694696817,58031.21748602531
2019-01-14 11:22:00,623825.0,690842.1554793648,690843.0,0.0,67018.0,67018.0,False,632475.5,21555.72321771872,58366.65547936484
2019-01-14 11:23:00,622366.0,685273.0795642793,685274.0,0.0,62908.0,62908.0,False,627320.875,21402.659980849297,57952.2045642793
2019-01-14 11:24:00,599977.0,680835.4363654162,680836.0,0.0,80859.0,80859.0,False,622955.25,21376.06252809855,57880.18636541621
2019-01-14 11:25:00,630374.0,684376.3244504052,684377.0,0.0,54003.0,54003.0,False,626351.5,21429.47964616291,58024.82445040517
2019-01-14 11:26:00,619149.0,686706.7813016333,686707.0,0.0,67558.0,67558.0,False,629175.25,21247.298733229112,57531.53130163331
2019-01-14 11:27:00,617099.0,676304.0924943587,676305.0,0.0,59206.0,59206.0,False,618957.875,21178.85943162401,57346.21749435869
2019-01-14 11:28:00,612139.0,693894.1639366741,693895.0,0.0,81756.0,81756.0,False,636573.25,21169.514430074887,57320.913936674144
2019-01-14 11:29:00,618739.0,667545.1714707022,667546.0,0.0,48807.0,48807.0,False,612770.25,20229.239397007543,54774.92147070212
2019-01-14 11:30:00,691799.0,707005.9527851904,707006.0,0.0,15207.0,15207.0,False,652178.8125,20248.524625921615,54827.14028519047
2019-01-14 11:31:00,660837.0,699167.3199074271,699168.0,0.0,38331.0,38331.0,False,646815.875,19334.211412389595,52351.44490742703
2019-01-14 11:32:00,641571.0,695030.4270673585,695031.0,0.0,53460.0,53460.0,False,642515.6875,19394.518696805757,52514.7395673585
2019-01-14 11:33:00,641490.0,692119.4743421237,692120.0,0.0,50630.0,50630.0,False,639798.875,19322.819660323104,52320.599342123765
2019-01-14 11:34:00,631144.0,686352.2059063272,686353.0,0.0,55209.0,55209.0,False,635516.0,18774.609834259976,50836.20590632721
2019-01-14 11:35:00,643329.0,694718.565009043,694719.0,0.0,51390.0,51390.0,False,644154.3125,18674.17317034919,50564.252509042955
2019-01-14 11:36:00,640689.0,703639.6359290625,703640.0,0.0,62951.0,62951.0,False,653144.25,18648.739659985833,50495.38592906253
2019-01-14 11:37:00,623986.0,693727.006977154,693728.0,0.0,69742.0,69742.0,False,644127.5,18317.877482509368,49599.50697715396
2019-01-14 11:38:00,614496.0,672540.9906513186,672541.0,0.0,58045.0,58045.0,False,622690.9375,18410.408122464585,49850.05315131859
2019-01-14 11:39:00,608629.0,668551.8676882294,668552.0,0.0,59923.0,59923.0,False,620169.0,17868.553471180127,48382.86768822939
2019-01-14 11:40:00,644785.0,698783.6065792379,698784.0,0.0,53999.0,53999.0,False,650279.625,17913.282734677556,48503.98157923789
2019-01-14 11:41:00,621814.0,691326.0010872942,691327.0,0.0,69513.0,69513.0,False,642988.0,17851.983530286023,48338.001087294164
2019-01-14 11:42:00,618576.0,674989.469809951,674990.0,0.0,56414.0,56414.0,False,626538.5625,17893.681572861202,48450.90730995102
2019-01-14 11:43:00,612963.0,674567.537532731,674568.0,0.0,61605.0,61605.0,False,626076.3125,17908.571541557805,48491.22503273096
2019-01-14 11:44:00,625762.0,666930.8075535978,666931.0,0.0,41169.0,41169.0,False,618301.4375,17959.590668990357,48629.37005359789
2019-01-14 11:45:00,652460.0,692570.5826346391,692571.0,0.0,40111.0,40111.0,False,644222.0,17855.891462030788,48348.58263463914
2019-01-14 11:46:00,649213.0,684480.6532901891,684481.0,0.0,35268.0,35268.0,False,636003.3125,17903.443872568354,48477.340790189126
2019-01-14 11:47:00,652162.0,688194.4147098416,688195.0,0.0,36033.0,36033.0,False,639521.625,17975.626230468253,48672.789709841636
2019-01-14 11:48:00,636488.0,696582.415649271,696583.0,0.0,60095.0,60095.0,False,647734.1875,18040.418403516873,48848.22814927101
2019-01-14 11:49:00,611346.0,688163.7556922759,688164.0,0.0,76818.0,76818.0,False,639203.125,18081.930429280277,48960.630692276
2019-01-14 11:50:00,637409.0,685453.0066532989,685454.0,0.0,48045.0,48045.0,False,636217.75,18183.354112984438,49235.25665329886
2019-01-14 11:51:00,634353.0,679912.6753781217,679913.0,0.0,45560.0,45560.0,False,630778.0,18146.207867224795,49134.67537812166
2019-01-14 11:52:00,618924.0,674754.5629035068,674755.0,0.0,55831.0,55831.0,False,626166.8125,17944.21987807535,48587.75040350682
2019-01-14 11:53:00,632806.0,667521.4799566141,667522.0,0.0,34716.0,34716.0,False,619756.75,17640.265491618928,47764.72995661405
2019-01-14 11:54:00,636917.0,674774.5216054136,674775.0,0.0,37858.0,37858.0,False,627481.0625,17466.217759302912,47293.45910541369
2019-01-14 11:55:00,641165.0,688510.8886865112,688511.0,0.0,47346.0,47346.0,False,641101.0,17509.21703352686,47409.888686511156
2019-01-14 11:56:00,630171.0,684620.7234991847,684621.0,0.0,54450.0,54450.0,False,638180.5625,17151.081357379426,46440.16099918474
2019-01-14 11:57:00,624934.0,689453.0387919202,689454.0,0.0,64520.0,64520.0,False,643063.9375,17132.224204980786,46389.10129192015
2019-01-14 11:58:00,636242.0,688603.6572044932,688604.0,0.0,52362.0,52362.0,False,642189.1875,17141.59315845956,46414.46970449321
2019-01-14 11:59:00,630985.0,678518.5102593713,678519.0,0.0,47534.0,47534.0,False,632126.3125,17133.367779077696,46392.197759371295
2019-01-14 12:00:00,741291.0,699529.3493361248,699530.0,41761.0,0.0,417610.0,False,653158.5625,17125.460388607138,46370.78683612486
2019-01-14 12:01:00,698946.0,727730.3523214078,727731.0,0.0,28785.0,28785.0,False,676649.25,18865.053929388134,51081.102321407765
2019-01-14 12:02:00,687885.0,731484.7194903161,731485.0,0.0,43600.0,43600.0,False,680145.75,18960.28832776632,51338.96949031608
2019-01-14 12:03:00,683916.0,732844.9222900919,732845.0,0.0,48929.0,48929.0,False,681568.9375,18937.027088042494,51275.98479009189
2019-01-14 12:04:00,653657.0,717659.1394154553,717660.0,0.0,64003.0,64003.0,False,666371.1875,18941.446735526613,51287.95191545532
2019-01-14 12:05:00,667422.0,731868.6909355216,731869.0,0.0,64447.0,64447.0,False,680502.5,18970.341635320383,51366.190935521576
2019-01-14 12:06:00,727525.0,751551.643586829,751552.0,0.0,24027.0,24027.0,False,700057.625,19017.550396016424,51494.018586828985
2019-01-14 12:07:00,742209.0,791213.6717386398,791214.0,0.0,49005.0,49005.0,False,739111.9375,19241.989337701907,52101.734238639816
2019-01-14 12:08:00,693795.0,796505.6116771272,796506.0,0.0,102711.0,102711.0,False,744571.25,19180.176020139395,51934.36167712715
2019-01-14 12:09:00,731649.0,737694.5885086244,737695.0,0.0,6046.0,6046.0,False,683127.5,20152.4834175999,54567.08850862434
2019-01-14 12:10:00,718279.0,786009.4890586799,786010.0,0.0,67731.0,67731.0,False,728715.625,21159.52448498845,57293.86405867986
2019-01-14 12:11:00,658340.0,749431.2308790478,749432.0,0.0,91092.0,91092.0,False,692325.625,21089.99778039499,57105.60587904772
2019-01-14 12:12:00,631281.0,708704.823213667,708705.0,0.0,77424.0,77424.0,False,650771.8125,21395.571390148274,57933.010713667005
2019-01-14 12:13:00,653198.0,692376.0891473349,692377.0,0.0,39179.0,39179.0,False,637824.8125,20146.643848710544,54551.27664733486
2019-01-14 12:14:00,665613.0,706648.1178086244,706649.0,0.0,41036.0,41036.0,False,651806.0625,20254.03297849532,54842.05530862444
2019-01-14 12:15:00,674893.0,719757.7239300222,719758.0,0.0,44865.0,44865.0,False,664679.0,20341.43842010014,55078.72393002225
2019-01-14 12:16:00,679167.0,720301.1701438263,720302.0,0.0,41135.0,41135.0,False,665840.25,20113.273771830944,54460.92014382629
2019-01-14 12:17:00,700858.0,735131.2774885044,735132.0,0.0,34274.0,34274.0,False,680434.875,20200.241102798464,54696.40248850442
2019-01-14 12:18:00,713195.0,743695.4736644888,743696.0,0.0,30501.0,30501.0,False,688600.0625,20347.601278062037,55095.4111644888
2019-01-14 12:19:00,682285.0,753613.6549702254,753614.0,0.0,71329.0,71329.0,False,697913.625,20570.89650581916,55700.02997022543
2019-01-14 12:20:00,681529.0,751120.4546711136,751121.0,0.0,69592.0,69592.0,False,695527.4375,20531.374997186154,55593.01717111362
2019-01-14 12:21:00,657407.0,727000.5850714843,727001.0,0.0,69594.0,69594.0,False,671398.3125,20534.79316201024,55602.27257148428
2019-01-14 12:22:00,649693.0,706966.2519595063,706967.0,0.0,57274.0,57274.0,False,651553.1875,20464.915632471373,55413.06445950631
2019-01-14 12:23:00,634782.0,707301.5341866456,707302.0,0.0,72520.0,72520.0,False,651965.25,20436.55947094775,55336.28418664559
2019-01-14 12:24:00,640529.0,694505.6993712632,694506.0,0.0,53977.0,53977.0,False,638876.0625,20544.899228003484,55629.63687126312
2019-01-14 12:25:00,634926.0,702856.4074594503,702857.0,0.0,67931.0,67931.0,False,647802.6875,20332.204060780325,55053.719959450325
2019-01-14 12:26:00,645115.0,696906.3220734155,696907.0,0.0,51792.0,51792.0,False,641687.125,20393.3173597728,55219.19707341554
2019-01-14 12:27:00,620424.0,699565.9390047577,699566.0,0.0,79142.0,79142.0,False,644443.9375,20357.42150864392,55122.001504757674
2019-01-14 12:28:00,635618.0,695441.3303196689,695442.0,0.0,59824.0,59824.0,False,639692.625,20588.873077399454,55748.70531966881
2019-01-14 12:29:00,638888.0,705878.1225798869,705879.0,0.0,66991.0,66991.0,False,650763.5625,20354.673273482204,55114.56007988688
2019-01-14 12:30:00,714200.0,724137.9845666188,724138.0,0.0,9938.0,9938.0,False,668910.8125,20396.262650105797,55227.17206661881
2019-01-14 12:31:00,699087.0,727160.8235879156,727161.0,0.0,28074.0,28074.0,False,671401.125,20592.933064144283,55759.698587915605
2019-01-14 12:32:00,658264.0,731128.9038351346,731129.0,0.0,72865.0,72865.0,False,674746.875,20822.769405611714,56382.02883513461
2019-01-14 12:33:00,661807.0,710493.4477182674,710494.0,0.0,48687.0,48687.0,False,653820.75,20930.11799259784,56672.69771826749
2019-01-14 12:34:00,646959.0,711337.1946752158,711338.0,0.0,64379.0,64379.0,False,654597.0,20955.045679649033,56740.194675215724
2019-01-14 12:35:00,657896.0,706294.4423565207,706295.0,0.0,48399.0,48399.0,False,649512.8125,20970.348343342048,56781.62985652073
2019-01-14 12:36:00,672032.0,718839.1376586718,718840.0,0.0,46808.0,46808.0,False,661981.4375,20998.442301523984,56857.7001586718
2019-01-14 12:37:00,655989.0,729835.6101012876,729836.0,0.0,73847.0,73847.0,False,673045.875,20973.341737624658,56789.735101287624
2019-01-14 12:38:00,645853.0,707993.0168077416,707994.0,0.0,62141.0,62141.0,False,651329.625,20926.681173579545,56663.39180774156
2019-01-14 12:39:00,651286.0,702844.6488014457,702845.0,0.0,51559.0,51559.0,False,646224.0625,20910.872427330018,56620.58630144575
2019-01-14 12:40:00,686312.0,734715.548401533,734716.0,0.0,48404.0,48404.0,False,678233.5625,20859.685121258673,56481.985901533066
2019-01-14 12:41:00,664652.0,742302.7583725734,742303.0,0.0,77651.0,77651.0,False,685808.5625,20864.194455468092,56494.19587257343
2019-01-14 12:42:00,666079.0,710270.7352686924,710271.0,0.0,44192.0,44192.0,False,653777.375,20863.885853821634,56493.36026869239
2019-01-14 12:43:00,672824.0,719044.7281469534,719045.0,0.0,46221.0,46221.0,False,662507.0625,20880.248526361393,56537.66564695336
2019-01-14 12:44:00,654228.0,718943.4465844206,718944.0,0.0,64716.0,64716.0,False,662553.875,20825.55506147251,56389.57158442068
2019-01-14 12:45:00,687398.0,718103.3400179788,718104.0,0.0,30706.0,30706.0,False,661644.75,20851.044653748795,56458.5900179788
2019-01-14 12:46:00,684646.0,728168.9626737336,728169.0,0.0,43523.0,43523.0,False,671129.75,21065.477726169956,57039.212673733615
2019-01-14 12:47:00,692190.0,726710.5270730924,726711.0,0.0,34521.0,34521.0,False,669663.6875,21068.294459975194,57046.8395730924
2019-01-14 12:48:00,688334.0,734481.8750605828,734482.0,0.0,46148.0,46148.0,False,677102.5,21191.105041968283,57379.37506058274
2019-01-14 12:49:00,665056.0,732367.6713418472,732368.0,0.0,67312.0,67312.0,False,675089.4375,21153.752000251887,57278.23384184714
2019-01-14 12:50:00,686171.0,740240.6109429315,740241.0,0.0,54070.0,54070.0,False,683781.375,20851.28320398583,56459.23594293148
2019-01-14 12:51:00,687858.0,728186.5162232053,728187.0,0.0,40329.0,40329.0,False,671729.375,20850.5095910682,56457.14122320524
2019-01-14 12:52:00,692230.0,728063.6611374412,728064.0,0.0,35834.0,35834.0,False,671412.875,20922.02570141418,56650.78613744114
2019-01-14 12:53:00,670490.0,739379.335768084,739380.0,0.0,68890.0,68890.0,False,682502.875,21005.370889440586,56876.460768084085
2019-01-14 12:54:00,672584.0,721412.6472449221,721413.0,0.0,48829.0,48829.0,False,664398.625,21056.174504891682,57014.02224492207
2019-01-14 12:55:00,680513.0,732358.2496644969,732359.0,0.0,51846.0,51846.0,False,675360.1875,21050.28019634595,56998.062164496885
2019-01-14 12:56:00,656299.0,731161.0656108682,731162.0,0.0,74863.0,74863.0,False,674166.0625,21049.15043976168,56995.00311086813
2019-01-14 12:57:00,652936.0,724626.4336272236,724627.0,0.0,71691.0,71691.0,False,667298.75,21172.014583194068,57327.68362722356
2019-01-14 12:58:00,663658.0,717729.9914260756,717730.0,0.0,54072.0,54072.0,False,660555.4375,21115.4613778194,57174.55392607562
2019-01-14 12:59:00,630999.0,713241.6067560057,713242.0,0.0,82243.0,82243.0,False,656150.8125,21084.527615211166,57090.79425600567
2019-01-14 13:00:00,740497.0,717635.1414279932,717636.0,22861.0,0.0,228610.0,False,659731.625,21384.678686887022,57903.51642799322
2019-01-14 13:01:00,705767.0,742805.4365087907,742806.0,0.0,37039.0,37039.0,False,686190.0,20908.970527963163,56615.43650879066
2019-01-14 13:02:00,697609.0,743298.9732713042,743299.0,0.0,45690.0,45690.0,False,686792.25,20868.821020712578,56506.72327130416
2019-01-14 13:03:00,681619.0,745277.163725268,745278.0,0.0,63659.0,63659.0,False,688724.9375,20885.625976781695,56552.22622526795
2019-01-14 13:04:00,664706.0,731042.8913016651,731043.0,0.0,66337.0,66337.0,False,674393.4375,20921.533648871755,56649.4538016651
2019-01-14 13:05:00,721562.0,740079.5993372189,740080.0,0.0,18518.0,18518.0,False,683518.5625,20888.879874251656,56561.03683721895
2019-01-14 13:06:00,734820.0,787977.634166275,787978.0,0.0,53158.0,53158.0,False,730355.3125,21280.82904184419,57622.32166627505
2019-01-14 13:07:00,734894.0,795890.0339033661,795891.0,0.0,60997.0,60997.0,False,738902.875,21046.253450643693,56987.15890336606
2019-01-14 13:08:00,744367.0,795587.290714327,795588.0,0.0,51221.0,51221.0,False,738551.0625,21064.375518404333,57036.228214327035
2019-01-14 13:09:00,735943.0,794399.2477361137,794400.0,0.0,58457.0,58457.0,False,740563.75,19882.295446893728,53835.49773611373
2019-01-14 13:10:00,749838.0,784302.4471280115,784303.0,0.0,34465.0,34465.0,False,732777.375,19029.01895684388,51525.072128011496
2019-01-14 13:11:00,695986.0,768650.1616282052,768651.0,0.0,72665.0,72665.0,False,717104.3125,19036.692229567703,51545.849128205235
2019-01-14 13:12:00,654488.0,732302.2744365868,732303.0,0.0,77815.0,77815.0,False,681707.1875,18685.56080906607,50595.08693658679
2019-01-14 13:13:00,667640.0,707913.8388593087,707914.0,0.0,40274.0,40274.0,False,656822.3125,18868.903690419673,51091.5263593088
2019-01-14 13:14:00,658251.0,715842.2393055055,715843.0,0.0,57592.0,57592.0,False,664857.875,18829.32705968325,50984.36430550548
2019-01-14 13:15:00,697754.0,719096.7876046735,719097.0,0.0,21343.0,21343.0,False,668138.75,18819.604195289055,50958.037604673555
2019-01-14 13:16:00,681562.0,734973.2067496274,734974.0,0.0,53412.0,53412.0,False,683236.6875,19107.109702172722,51736.51924962738
2019-01-14 13:17:00,678876.0,728091.1850744262,728092.0,0.0,49216.0,49216.0,False,676451.6875,19071.278072630517,51639.49757442629
2019-01-14 13:18:00,650106.0,729263.9855658332,729264.0,0.0,79158.0,79158.0,False,677992.4375,18935.388536041697,51271.548065833114
2019-01-14 13:19:00,658611.0,708159.2982168292,708160.0,0.0,49549.0,49549.0,False,656405.5,19113.491096333997,51753.79821682914
2019-01-14 13:20:00,678510.0,742801.8656824925,742802.0,0.0,64292.0,64292.0,False,691413.625,18978.48495343278,51388.24068249246
2019-01-14 13:21:00,661968.0,728174.8106227717,728175.0,0.0,66207.0,66207.0,False,676827.0625,18963.530414706038,51347.74812277175
2019-01-14 13:22:00,658523.0,709457.2969789872,709458.0,0.0,50935.0,50935.0,False,658075.4375,18976.128274684845,51381.85947898716
2019-01-14 13:23:00,657521.0,709776.3957859208,709777.0,0.0,52256.0,52256.0,False,658410.0,18970.41728979244,51366.395785920766
2019-01-14 13:24:00,662778.0,709430.7329333527,709431.0,0.0,46653.0,46653.0,False,658504.3125,18807.92747699291,50926.42043335265
2019-01-14 13:25:00,663867.0,733908.6897368163,733909.0,0.0,70042.0,70042.0,False,682978.875,18809.18104661033,50929.8147368163
2019-01-14 13:26:00,660927.0,720207.1548737515,720208.0,0.0,59281.0,59281.0,False,669003.0,18910.4991709866,51204.154873751446
2019-01-14 13:27:00,649026.0,731640.4523823799,731641.0,0.0,82615.0,82615.0,False,680311.0,18956.773510225023,51329.45238237988
2019-01-14 13:28:00,664308.0,704651.975805207,704652.0,0.0,40344.0,40344.0,False,652810.6875,19145.802561054366,51841.28830520703
2019-01-14 13:29:00,655699.0,712619.9450996026,712620.0,0.0,56921.0,56921.0,False,660721.6875,19166.842216861485,51898.25759960255
2019-01-14 13:30:00,741333.0,737521.4827554818,737522.0,3811.0,0.0,38110.0,False,685797.6875,19102.410531151672,51723.795255481884
2019-01-14 13:31:00,701742.0,739843.8165245716,739844.0,0.0,38102.0,38102.0,False,686972.6875,19526.138924730523,52871.129024571674
2019-01-14 13:32:00,678805.0,732358.2214326967,732359.0,0.0,53554.0,53554.0,False,680050.1875,19318.179057131052,52308.03393269671
2019-01-14 13:33:00,686187.0,726830.172388605,726831.0,0.0,40644.0,40644.0,False,674927.6875,19168.403421130417,51902.48488860497
2019-01-14 13:34:00,673956.0,725692.022085709,725693.0,0.0,51737.0,51737.0,False,673735.75,19188.26787839475,51956.272085709024
2019-01-14 13:35:00,662692.0,737263.8499554633,737264.0,0.0,74572.0,74572.0,False,685426.75,19144.255737665695,51837.09995546334
2019-01-14 13:36:00,656913.0,725082.0022315232,725083.0,0.0,68170.0,68170.0,False,672537.1875,19405.625927623358,52544.81473152315
2019-01-14 13:37:00,658650.0,719370.5710303853,719371.0,0.0,60721.0,60721.0,False,666536.875,19512.31433164284,52833.696030385334
2019-01-14 13:38:00,677514.0,714487.2366068169,714488.0,0.0,36974.0,36974.0,False,661959.8125,19399.203296590746,52527.42410681688
2019-01-14 13:39:00,669498.0,720484.4059902726,720485.0,0.0,50987.0,50987.0,False,667817.25,19450.808477318085,52667.155990272644
2019-01-14 13:40:00,699706.0,749048.954585141,749049.0,0.0,49343.0,49343.0,False,696390.0,19447.77956950141,52658.95458514098
2019-01-14 13:41:00,684298.0,748151.0594651068,748152.0,0.0,63854.0,63854.0,False,695530.125,19433.73814161027,52620.934465106824
2019-01-14 13:42:00,691805.0,734619.9425536756,734620.0,0.0,42815.0,42815.0,False,682427.0,19275.67400196644,52192.94255367561
2019-01-14 13:43:00,703089.0,746857.1136335105,746858.0,0.0,43769.0,43769.0,False,694722.25,19254.224543922635,52134.86363351056
2019-01-14 13:44:00,675971.0,739146.0023617662,739147.0,0.0,63176.0,63176.0,False,687043.25,19242.365346574326,52102.752361766194
2019-01-14 13:45:00,703432.0,730588.6629188556,730589.0,0.0,27157.0,27157.0,False,678408.8125,19270.83887080819,52179.850418855516
2019-01-14 13:46:00,713309.0,737372.903132529,737373.0,0.0,24064.0,24064.0,False,685232.625,19256.224203509882,52140.278132529034
2019-01-14 13:47:00,695968.0,741745.1750776098,741746.0,0.0,45778.0,45778.0,False,688979.75,19487.10079576775,52765.42507760986
2019-01-14 13:48:00,689171.0,738943.1626884617,738944.0,0.0,49773.0,49773.0,False,686625.8125,19321.61969680875,52317.35018846176
2019-01-14 13:49:00,675775.0,730805.0007303712,730806.0,0.0,55031.0,55031.0,False,678583.75,19286.128656539986,52221.25073037127
2019-01-14 13:50:00,705484.0,737103.1318144407,737104.0,0.0,31620.0,31620.0,False,685026.875,19232.58012451632,52076.25681444077
2019-01-14 13:51:00,693565.0,740933.8801398777,740934.0,0.0,47369.0,47369.0,False,688474.5625,19374.0505079202,52459.31763987764
2019-01-14 13:52:00,682709.0,732730.2755819976,732731.0,0.0,50022.0,50022.0,False,680482.125,19296.06319453077,52248.150581997594
2019-01-14 13:53:00,676072.0,736612.6616063723,736613.0,0.0,60541.0,60541.0,False,684772.875,19145.247960072506,51839.78660637235
2019-01-14 13:54:00,687431.0,722139.2355558522,722140.0,0.0,34709.0,34709.0,False,670396.3125,19109.47472846022,51742.9230558522
2019-01-14 13:55:00,686696.0,745587.3882498932,745588.0,0.0,58892.0,58892.0,False,693626.125,19190.111193774148,51961.26324989324
2019-01-14 13:56:00,689496.0,740009.8689200502,740010.0,0.0,50514.0,50514.0,False,687963.375,19221.588219834237,52046.49392005021
2019-01-14 13:57:00,677781.0,734236.4472582883,734237.0,0.0,56456.0,56456.0,False,682663.125,19046.838488302754,51573.322258288215
2019-01-14 13:58:00,665077.0,726081.1529844535,726082.0,0.0,61005.0,61005.0,False,674778.9375,18946.714495738248,51302.215484453445
2019-01-14 13:59:00,665301.0,719667.3669471944,719668.0,0.0,54367.0,54367.0,False,668192.0,19010.6620523514,51475.366947194394
2019-01-14 14:00:00,771019.0,746321.9794629622,746322.0,24697.0,0.0,246970.0,False,695725.375,18686.121255407495,50596.604462962234
2019-01-14 14:01:00,738118.0,757636.3256218407,757637.0,0.0,19519.0,19519.0,False,708046.4375,18314.325088062556,49589.8881218407
2019-01-14 14:02:00,704653.0,755713.2752145437,755714.0,0.0,51061.0,51061.0,False,705553.1875,18524.908759479298,50160.087714543646
2019-01-14 14:03:00,716192.0,749917.4293104582,749918.0,0.0,33726.0,33726.0,False,699823.625,18500.429256573785,50093.80431045829
2019-01-14 14:04:00,701489.0,750920.3569617518,750921.0,0.0,49432.0,49432.0,False,700718.125,18540.47329235476,50202.23196175186
2019-01-14 14:05:00,726021.0,758612.9180649942,758613.0,0.0,32592.0,32592.0,False,708601.375,18470.04888572324,50011.543064994185
2019-01-14 14:06:00,697961.0,778598.3811875087,778599.0,0.0,80638.0,80638.0,False,729852.4375,18002.64314418233,48745.94368750865
2019-01-14 14:07:00,791135.0,769518.1898118933,769519.0,21616.0,0.0,216160.0,True,719320.0,18538.98046288147,50198.18981189324
2019-01-14 14:08:00,773341.0,849898.9455124919,849899.0,0.0,76558.0,76558.0,False,794253.25,20550.829936603048,55645.69551249186
2019-01-14 14:09:00,796844.0,810519.7638541235,810520.0,0.0,13676.0,13676.0,True,754246.9375,20782.439213038062,56272.826354123536
2019-01-14 14:10:00,794042.0,845671.6442173456,845672.0,0.0,51630.0,51630.0,True,787819.375,21365.752286542032,57852.26921734559
2019-01-14 14:11:00,751432.0,817389.762761357,817390.0,0.0,65958.0,65958.0,False,759720.25,21298.257454960756,57669.51276135696
2019-01-14 14:12:00,704617.0,793372.3066619105,793373.0,0.0,88756.0,88756.0,False,736204.9375,21112.807931490228,57167.36916191051
2019-01-14 14:13:00,701282.0,739615.0775386072,739616.0,0.0,38334.0,38334.0,False,682138.875,21226.86495144096,57476.2025386072
2019-01-14 14:14:00,715127.0,747817.2293536036,747818.0,0.0,32691.0,32691.0,False,690143.3125,21299.883955446592,57673.916853603594
2019-01-14 14:15:00,725309.0,766845.9286395037,766846.0,0.0,41537.0,41537.0,False,708834.0,21424.717020513424,58011.928639503676
2019-01-14 14:16:00,725174.0,772515.8688920025,772516.0,0.0,47342.0,47342.0,False,715025.75,21232.004479473297,57490.11889200254
2019-01-14 14:17:00,720080.0,772002.5027607257,772003.0,0.0,51923.0,51923.0,False,714513.125,21231.730768044385,57489.37776072568
2019-01-14 14:18:00,715040.0,767094.9866443097,767095.0,0.0,52055.0,52055.0,False,709608.25,21230.755362241543,57486.73664430977
2019-01-14 14:19:00,681257.0,762557.6306223538,762558.0,0.0,81301.0,81301.0,False,706209.8125,20810.134851691717,56347.8181223538
2019-01-14 14:20:00,725500.0,755830.95466598,755831.0,0.0,30331.0,30331.0,False,698541.625,21157.849862497293,57289.32966597996
2019-01-14 14:21:00,710066.0,787920.9880032534,787921.0,0.0,77855.0,77855.0,False,730447.0,21226.047088728898,57473.988003253304
2019-01-14 14:22:00,704335.0,751946.4295517657,751947.0,0.0,47612.0,47612.0,False,694205.875,21324.49430472308,57740.55455176567
2019-01-14 14:23:00,697944.0,754427.8582845278,754428.0,0.0,56484.0,56484.0,False,696684.9375,21325.368191672245,57742.92078452783
2019-01-14 14:24:00,702886.0,744719.5448679752,744720.0,0.0,41834.0,41834.0,False,686999.75,21316.82742721912,57719.794867975135
2019-01-14 14:25:00,707264.0,767382.574739851,767383.0,0.0,60119.0,60119.0,False,709547.5,21359.40209575754,57835.074739851
2019-01-14 14:26:00,675947.0,754880.4684331387,754881.0,0.0,78934.0,78934.0,False,697628.625,21144.00560753758,57251.84343313866
2019-01-14 14:27:00,650073.0,737136.470207575,737137.0,0.0,87064.0,87064.0,False,679291.5625,21363.033565282873,57844.90770757507
2019-01-14 14:28:00,666228.0,717411.6451870853,717412.0,0.0,51184.0,51184.0,False,659723.25,21305.23103155746,57688.395187085276
2019-01-14 14:29:00,666287.0,719152.2330927794,719153.0,0.0,52866.0,52866.0,False,661500.5625,21291.668061679553,57651.67059277938
2019-01-14 14:30:00,733886.0,746211.4224019955,746212.0,0.0,12326.0,12326.0,False,688678.125,21247.95098185069,57533.297401995515
2019-01-14 14:31:00,703323.0,751711.6420595633,751712.0,0.0,48389.0,48389.0,False,695169.6875,20881.832489197135,56541.95455956335
2019-01-14 14:32:00,686919.0,740493.0672494358,740494.0,0.0,53575.0,53575.0,False,684037.5,20849.928297817012,56455.567249435866
2019-01-14 14:33:00,681979.0,733670.0979169825,733671.0,0.0,51692.0,51692.0,False,677255.5,20834.797679426654,56414.597916982486
2019-01-14 14:34:00,682894.0,735391.912689083,735392.0,0.0,52498.0,52498.0,False,679014.25,20821.1569192521,56377.66268908299
2019-01-14 14:35:00,691956.0,752837.658436523,752838.0,0.0,60882.0,60882.0,False,696486.25,20811.460811143417,56351.40843652305
2019-01-14 14:36:00,687738.0,742036.0424846585,742037.0,0.0,54299.0,54299.0,False,686446.6875,20530.022494169698,55589.354984658596
2019-01-14 14:37:00,650667.0,741880.9576042907,741881.0,0.0,91214.0,91214.0,False,686777.125,20350.711448140704,55103.83260429068
2019-01-14 14:38:00,667975.0,714756.0421635793,714757.0,0.0,46782.0,46782.0,False,657942.6875,20982.064813207828,56813.35466357932
2019-01-14 14:39:00,668036.0,721264.8661451522,721265.0,0.0,53229.0,53229.0,False,664538.6875,20949.869339456556,56726.1786451523
2019-01-14 14:40:00,703648.0,753310.569169389,753311.0,0.0,49663.0,49663.0,False,696595.5,20945.766435449423,56715.06916938893
2019-01-14 14:41:00,684932.0,754860.7983435309,754861.0,0.0,69929.0,69929.0,False,698148.0625,20944.90470153714,56712.73584353087
2019-01-14 14:42:00,679686.0,729671.338804942,729672.0,0.0,49986.0,49986.0,False,672882.9375,20972.849145670905,56788.40130494193
2019-01-14 14:43:00,679125.0,730742.83553645,730743.0,0.0,51618.0,51618.0,False,673969.0625,20967.44669620423,56773.773036450024
2019-01-14 14:44:00,674808.0,729152.5691086161,729153.0,0.0,54345.0,54345.0,False,672388.1875,20963.97829430003,56764.38160861613
2019-01-14 14:45:00,681444.0,744437.3640511793,744438.0,0.0,62994.0,62994.0,False,687958.75,20858.439843927612,56478.614051179255
2019-01-14 14:46:00,682058.0,736936.0558154033,736937.0,0.0,54879.0,54879.0,False,680725.3125,20759.510971079104,56210.74331540341
2019-01-14 14:47:00,662869.0,729201.3754494407,729202.0,0.0,66333.0,66333.0,False,673566.375,20546.88008172386,55635.00044944069
2019-01-14 14:48:00,673340.0,718166.4034530106,718167.0,0.0,44827.0,44827.0,False,662285.8125,20637.580514640144,55880.59095301064
2019-01-14 14:49:00,646842.0,724808.2485041381,724809.0,0.0,77967.0,77967.0,False,668883.125,20654.027085689962,55925.123504138064
2019-01-14 14:50:00,656150.0,733681.8710019515,733682.0,0.0,77532.0,77532.0,False,677057.625,20912.224012246355,56624.24600195156
2019-01-14 14:51:00,666918.0,725528.1565582481,725529.0,0.0,58611.0,58611.0,False,668544.75,21044.867650615986,56983.406558248076
2019-01-14 14:52:00,658791.0,717470.8292853544,717471.0,0.0,58680.0,58680.0,False,660463.25,21053.79501865926,57007.57928535431
2019-01-14 14:53:00,654670.0,720236.0193351553,720237.0,0.0,65567.0,65567.0,False,663203.0,21063.19042889221,57033.01933515524
2019-01-14 14:54:00,638675.0,714093.0487345378,714094.0,0.0,75419.0,75419.0,False,657064.3125,21061.608612516666,57028.736234537806
2019-01-14 14:55:00,681135.0,713086.1974083832,713087.0,0.0,31952.0,31952.0,False,655779.25,21164.35637166503,57306.94740838327
2019-01-14 14:56:00,657109.0,736241.625240513,736242.0,0.0,79133.0,79133.0,False,678506.5625,21322.466092512634,57735.062740513014
2019-01-14 14:57:00,664234.0,716853.284650528,716854.0,0.0,52620.0,52620.0,False,658491.625,21553.878179609783,58361.65965052797
2019-01-14 14:58:00,665722.0,741765.9736198997,741766.0,0.0,76044.0,76044.0,False,683460.3125,21533.1970421194,58305.66111989966
2019-01-14 14:59:00,657899.0,720351.6762589726,720352.0,0.0,62453.0,62453.0,False,661765.625,21636.749527373093,58586.05125897262
2019-01-14 15:00:00,765198.0,736810.3742938859,736811.0,28387.0,0.0,283870.0,False,678211.5625,21641.462193474003,58598.81179388592
2019-01-14 15:01:00,710831.0,762847.0019721988,762848.0,0.0,52017.0,52017.0,False,702372.5,22334.184056562455,60474.50197219887
2019-01-14 15:02:00,680218.0,753831.0165096645,753832.0,0.0,73614.0,73614.0,False,694075.5,22068.65142494824,59755.51650966442
2019-01-14 15:03:00,646589.0,737848.637183338,737849.0,0.0,91260.0,91260.0,False,677829.0,22166.195340922648,60019.63718333807
2019-01-14 15:04:00,558971.0,720154.7169880442,720155.0,0.0,161184.0,161184.0,False,659217.1875,22505.18739557131,60937.529488044245
2019-01-14 15:05:00,655702.0,675275.7723204074,675276.0,0.0,19574.0,19574.0,False,604829.25,26017.007901479137,70446.52232040738
2019-01-14 15:06:00,720600.0,749531.4693407407,749532.0,0.0,28932.0,28932.0,False,677147.875,26732.399043564623,72383.59434074073
2019-01-14 15:07:00,721783.0,804213.2582195887,804214.0,0.0,82431.0,82431.0,False,731250.875,26946.154873352585,72962.38321958866
2019-01-14 15:08:00,707607.0,777882.2873237841,777883.0,0.0,70276.0,70276.0,False,709126.625,25392.54672946612,68755.66232378411
2019-01-14 15:09:00,694493.0,741510.6642556014,741511.0,0.0,47018.0,47018.0,False,673165.0625,25241.104916710992,68345.6017556013
2019-01-14 15:10:00,705604.0,765472.2035032037,765473.0,0.0,59869.0,59869.0,False,698328.625,24797.178837391515,67143.57850320368
2019-01-14 15:11:00,696239.0,730138.6221859347,730139.0,0.0,33900.0,33900.0,False,662983.0,24801.62675871474,67155.62218593471
2019-01-14 15:12:00,653828.0,745070.7589677209,745071.0,0.0,91243.0,91243.0,False,677038.9375,25125.220924709483,68031.82146772092
2019-01-14 15:13:00,680755.0,716492.0701109294,716493.0,0.0,35738.0,35738.0,False,648892.4375,24965.606787180688,67599.63261092946
2019-01-14 15:14:00,674554.0,741343.4703355678,741344.0,0.0,66790.0,66790.0,False,673192.125,25169.362967662953,68151.3453355679
2019-01-14 15:15:00,689131.0,746166.5840806204,746167.0,0.0,57036.0,57036.0,False,678519.1875,24983.246771894268,67647.39658062047
2019-01-14 15:16:00,681168.0,762913.1884058648,762914.0,0.0,81746.0,81746.0,False,695398.0,24934.420215040056,67515.18840586477
2019-01-14 15:17:00,636609.0,746872.0695688787,746873.0,0.0,110264.0,110264.0,False,679230.75,24981.00243594563,67641.3195688788
2019-01-14 15:18:00,643489.0,730590.9477397182,730591.0,0.0,87102.0,87102.0,False,661337.1875,25576.502118429536,69253.7602397183
2019-01-14 15:19:00,638525.0,718089.1327816516,718090.0,0.0,79565.0,79565.0,False,648596.375,25664.767666991753,69492.75778165155
2019-01-14 15:20:00,662755.0,737083.8402489419,737084.0,0.0,74329.0,74329.0,False,668039.0,25499.344682238643,69044.8402489419
2019-01-14 15:21:00,654014.0,744526.6634430197,744527.0,0.0,90513.0,90513.0,False,676137.25,25257.28526146325,68389.41344301972
2019-01-14 15:22:00,643978.0,719480.1216024278,719481.0,0.0,75503.0,75503.0,False,651027.3125,25280.69827487273,68452.80910242777
2019-01-14 15:23:00,652303.0,721869.1055345311,721870.0,0.0,69567.0,69567.0,False,653495.3125,25251.516399102326,68373.7930345311
2019-01-14 15:24:00,632856.0,723823.8941196983,723824.0,0.0,90968.0,90968.0,False,655455.5,25249.522494999794,68368.39411969834
2019-01-14 15:25:00,630557.0,732880.1707595496,732881.0,0.0,102324.0,102324.0,False,664386.9375,25295.627551444624,68493.2332595496
2019-01-14 15:26:00,637485.0,734353.0921224768,734354.0,0.0,96869.0,96869.0,False,664968.9375,25624.658813391798,69384.1546224768
2019-01-14 15:27:00,620969.0,710536.9208124491,710537.0,0.0,89568.0,89568.0,False,640926.8125,25708.107062414518,69610.10831244911
2019-01-14 15:28:00,612534.0,700922.316135643,700923.0,0.0,88389.0,88389.0,False,631673.75,25574.583854158755,69248.56613564302
2019-01-14 15:29:00,620130.0,693173.301436597,693174.0,0.0,73044.0,73044.0,False,623754.125,25637.592919784543,69419.17643659706
2019-01-14 15:30:00,723308.0,718629.7726822675,718630.0,4678.0,0.0,46780.0,False,649261.0625,25618.954938882114,69368.7101822675
2019-01-14 15:31:00,675046.0,745350.9095422765,745351.0,0.0,70305.0,70305.0,False,672887.1875,26761.991463109516,72463.72204227652
2019-01-14 15:32:00,659748.0,736238.1981384836,736239.0,0.0,76491.0,76491.0,False,663851.5625,26733.522242621148,72386.63563848355
2019-01-14 15:33:00,662148.0,738585.1112145506,738586.0,0.0,76438.0,76438.0,False,666221.625,26724.97279652302,72363.48621455058
2019-01-14 15:34:00,632958.0,730283.3926158743,730284.0,0.0,97326.0,97326.0,False,657964.9375,26708.34210402773,72318.4551158743
2019-01-14 15:35:00,659655.0,725614.4929465617,725615.0,0.0,65960.0,65960.0,False,652928.75,26843.987272566337,72685.74294656166
2019-01-14 15:36:00,656058.0,755832.9597887825,755833.0,0.0,99775.0,99775.0,False,683066.5625,26873.774188793428,72766.3972887825
2019-01-14 15:37:00,644127.0,748714.7836839275,748715.0,0.0,104588.0,104588.0,False,675495.9375,27040.87067691338,73218.84618392753
2019-01-14 15:38:00,634197.0,720387.0320909676,720388.0,0.0,86191.0,86191.0,False,647407.8125,26952.372809920205,72979.2195909676
2019-01-14 15:39:00,660435.0,717483.6262355,717484.0,0.0,57049.0,57049.0,False,644585.0,26922.608417059597,72898.62623549995
2019-01-14 15:40:00,672545.0,771921.7922214903,771922.0,0.0,99377.0,99377.0,False,698745.75,27025.062500835094,73176.0422214903
2019-01-14 15:41:00,655368.0,739025.123189903,739026.0,0.0,83658.0,83658.0,False,665536.0,27140.68822316599,73489.12318990302
2019-01-14 15:42:00,638338.0,736405.0185223182,736406.0,0.0,98068.0,98068.0,False,662954.0,27126.615570535556,73451.01852231822
2019-01-14 15:43:00,673048.0,728960.4414031534,728961.0,0.0,55913.0,55913.0,False,655274.875,27213.237789318897,73685.56640315338
2019-01-14 15:44:00,657644.0,737091.151906877,737092.0,0.0,79448.0,79448.0,False,663070.875,27336.85163899169,74020.27690687703
2019-01-14 15:45:00,680473.0,740330.3265517517,740331.0,0.0,59858.0,59858.0,False,666349.25,27322.374331731637,73981.07655175176
2019-01-14 15:46:00,667439.0,748058.677485956,748059.0,0.0,80620.0,80620.0,False,673797.6875,27425.75076238493,74260.98998595598
2019-01-14 15:47:00,656464.0,735164.8746648094,735165.0,0.0,78701.0,78701.0,False,660926.6875,27417.3293221434,74238.18716480947
2019-01-14 15:48:00,659987.0,733210.2923162484,733211.0,0.0,73224.0,73224.0,False,659005.5,27404.996079702694,74204.7923162484
2019-01-14 15:49:00,644980.0,732471.1664127213,732472.0,0.0,87492.0,87492.0,False,658438.6875,27341.358031529,74032.47891272129
2019-01-14 15:50:00,670878.0,745256.4626729758,745257.0,0.0,74379.0,74379.0,False,671413.75,27271.2743766335,73842.71267297583
2019-01-14 15:51:00,644838.0,737002.0904162035,737003.0,0.0,92165.0,92165.0,False,663381.9375,27189.07956048399,73620.15291620346
2019-01-14 15:52:00,651658.0,724112.1865957615,724113.0,0.0,72455.0,72455.0,False,650324.1875,27251.067792634498,73787.99909576145
2019-01-14 15:53:00,635747.0,734621.3959716358,734622.0,0.0,98875.0,98875.0,False,660813.25,27258.50835054352,73808.14597163584
2019-01-14 15:54:00,622100.0,720065.3158087006,720066.0,0.0,97966.0,97966.0,False,645916.625,27384.276911217476,74148.69080870066
2019-01-14 15:55:00,642256.0,727028.17793555,727029.0,0.0,84773.0,84773.0,False,652731.25,27439.02321200702,74296.92793554995
2019-01-14 15:56:00,647781.0,720120.4591680449,720121.0,0.0,72340.0,72340.0,False,646551.75,27170.08057574722,73568.70916804485
2019-01-14 15:57:00,641890.0,718229.8715617248,718230.0,0.0,76340.0,76340.0,False,644853.75,27098.95494583229,73376.12156172482
2019-01-14 15:58:00,636819.0,720430.8486879217,720431.0,0.0,83612.0,83612.0,False,647145.25,27065.523425788044,73285.59868792164
2019-01-14 15:59:00,660884.0,717700.4182895005,717701.0,0.0,56817.0,56817.0,False,644528.25,27023.63179686467,73172.16828950058
2019-01-14 16:00:00,744411.0,765145.7111777847,765146.0,0.0,20735.0,20735.0,False,691607.1875,27158.93259976858,73538.52367778477
2019-01-14 16:01:00,718809.0,761914.5709864123,761915.0,0.0,43106.0,43106.0,False,692745.5,25545.225046121966,69169.07098641232
2019-01-14 16:02:00,680483.0,765759.080549876,765760.0,0.0,85277.0,85277.0,False,695904.625,25798.348337603737,69854.45554987597
2019-01-14 16:03:00,670118.0,747195.6917920264,747196.0,0.0,77078.0,77078.0,False,677314.1875,25808.337863205168,69881.50429202635
2019-01-14 16:04:00,657885.0,735186.053709088,735187.0,0.0,77302.0,77302.0,False,665923.375,25579.795849339433,69262.67870908804
2019-01-14 16:05:00,677971.0,732036.9281444032,732037.0,0.0,54066.0,54066.0,False,671553.3125,22337.54987894717,60483.615644403195
2019-01-14 16:06:00,747814.0,764040.4611652916,764041.0,0.0,16227.0,16227.0,False,706487.75,21255.1207897622,57552.71116529159
2019-01-14 16:07:00,735790.0,809482.4466563571,809483.0,0.0,73693.0,73693.0,False,752137.625,21178.343926711623,57344.8216563571
2019-01-14 16:08:00,731188.0,795679.7194861874,795680.0,0.0,64492.0,64492.0,False,738199.5,21228.348473316724,57480.2194861874
2019-01-14 16:09:00,736730.0,777112.9496181395,777113.0,0.0,40383.0,40383.0,False,719626.875,21230.5108655718,57486.07461813952
2019-01-14 16:10:00,726666.0,794002.6063846638,794003.0,0.0,67337.0,67337.0,False,736724.0,21153.88958616933,57278.606384663784
2019-01-14 16:11:00,677023.0,773023.9603582945,773024.0,0.0,96001.0,96001.0,False,715842.8125,21117.89662062474,57181.14785829456
2019-01-14 16:12:00,649361.0,724651.7133511384,724652.0,0.0,75291.0,75291.0,False,667777.5625,21004.51780080758,56874.15085113845
2019-01-14 16:13:00,649312.0,711058.1860068884,711059.0,0.0,61747.0,61747.0,False,654343.75,20945.532598586546,56714.43600688837
2019-01-14 16:14:00,660115.0,707883.6015925208,707884.0,0.0,47769.0,47769.0,False,652701.25,20379.70974457765,55182.35159252079
2019-01-14 16:15:00,695613.0,722781.3210096227,722782.0,0.0,27169.0,27169.0,False,667461.875,20430.340867527393,55319.446009622596
2019-01-14 16:16:00,663647.0,737046.6909362258,737047.0,0.0,73400.0,73400.0,False,680765.5,20785.528384674642,56281.19093622583
2019-01-14 16:17:00,680898.0,727161.9842491032,727162.0,0.0,46264.0,46264.0,False,670817.25,20808.995928831006,56344.73424910319
2019-01-14 16:18:00,674288.0,731032.0966466261,731033.0,0.0,56745.0,56745.0,False,675976.4375,20332.92023308255,55055.65914662608
2019-01-14 16:19:00,640490.0,731835.080507867,731836.0,0.0,91346.0,91346.0,False,676967.0,20263.644493613883,54868.08050786705
2019-01-14 16:20:00,677074.0,734990.5347521391,734991.0,0.0,57917.0,57917.0,False,679036.9375,20664.542888348864,55953.59725213909
2019-01-14 16:21:00,652653.0,721876.8111543969,721877.0,0.0,69224.0,69224.0,False,665914.5,20667.761069409145,55962.3111543969
2019-01-14 16:22:00,653630.0,707333.3630647748,707334.0,0.0,53704.0,53704.0,False,651622.5625,20574.87425566776,55710.80056477479
2019-01-14 16:23:00,664612.0,710858.8231046771,710859.0,0.0,46247.0,46247.0,False,655107.25,20589.932195476038,55751.573104677154
2019-01-14 16:24:00,652996.0,716260.1672931556,716261.0,0.0,63265.0,63265.0,False,660308.125,20663.968617556948,55952.042293155566
2019-01-14 16:25:00,650729.0,740470.7374420463,740471.0,0.0,89742.0,89742.0,False,684879.1875,20530.833126431127,55591.549942046266
2019-01-14 16:26:00,644285.0,710003.1714737974,710004.0,0.0,65719.0,65719.0,False,654390.5625,20538.61055784179,55612.60897379739
2019-01-14 16:27:00,626726.0,710026.2408601546,710027.0,0.0,83301.0,83301.0,False,654984.3125,20327.849237831764,55041.92836015463
2019-01-14 16:28:00,654044.0,705232.152442923,705233.0,0.0,51189.0,51189.0,False,649818.1875,20465.24819515007,55413.96494292303
2019-01-14 16:29:00,648912.0,704103.0919153402,704104.0,0.0,55192.0,55192.0,False,648881.75,20394.10948360604,55221.34191534011
2019-01-14 16:30:00,705027.0,737431.6103142151,737432.0,0.0,32405.0,32405.0,False,682196.5,20399.1943697086,55235.110314215075
2019-01-14 16:31:00,683297.0,727437.5196760781,727438.0,0.0,44141.0,44141.0,False,678490.0625,18077.065242700126,48947.457176078075
2019-01-14 16:32:00,658672.0,722911.5129001559,722912.0,0.0,64240.0,64240.0,False,673912.625,18096.059417439155,48998.88790015587
2019-01-14 16:33:00,675954.0,717663.3199221028,717664.0,0.0,41710.0,41710.0,False,668517.4375,18150.34680470826,49145.882422102884
2019-01-14 16:34:00,672361.0,715535.1580266723,715536.0,0.0,43175.0,43175.0,False,666216.4375,18214.178633223637,49318.72052667236
2019-01-14 16:35:00,662410.0,725536.3665667418,725537.0,0.0,63127.0,63127.0,False,676637.625,18059.073802508614,48898.74156674178
2019-01-14 16:36:00,661444.0,708109.70518888,708110.0,0.0,46666.0,46666.0,False,659220.25,18055.644197210182,48889.45518888
2019-01-14 16:37:00,642590.0,704108.1989325527,704109.0,0.0,61519.0,61519.0,False,655846.25,17823.89627422769,48261.948932552725
2019-01-14 16:38:00,653112.0,696697.5733535776,696698.0,0.0,43586.0,43586.0,False,649307.875,17501.760426242887,47389.69835357763
2019-01-14 16:39:00,650619.0,702697.4551197973,702698.0,0.0,52079.0,52079.0,False,655375.0,17476.926443145334,47322.45511979721
2019-01-14 16:40:00,677960.0,730614.2023745005,730615.0,0.0,52655.0,52655.0,False,683759.5625,17304.154920401284,46854.6398745004
2019-01-14 16:41:00,650986.0,731298.5748759533,731299.0,0.0,80313.0,80313.0,False,685129.8125,17050.849580245715,46168.76237595326
2019-01-14 16:42:00,637115.0,700975.941517836,700976.0,0.0,63861.0,63861.0,False,653621.625,17488.69335820689,47354.31651783595
2019-01-14 16:43:00,592880.0,699797.3515575571,699798.0,0.0,106918.0,106918.0,False,652804.25,17355.29099615752,46993.10155755716
2019-01-14 16:44:00,629685.0,672691.9761923256,672692.0,0.0,43007.0,43007.0,False,622356.8125,18589.567069744706,50335.16369232559
2019-01-14 16:45:00,656291.0,697834.741571873,697835.0,0.0,41544.0,41544.0,False,647331.5,18651.64087234294,50503.241571873004
2019-01-14 16:46:00,645124.0,703914.6754159477,703915.0,0.0,58791.0,58791.0,False,653611.3125,18577.822543215276,50303.36291594764
2019-01-14 16:47:00,664929.0,691693.9949956536,691694.0,0.0,26765.0,26765.0,False,641375.4375,18583.434140314028,50318.55749565363
2019-01-14 16:48:00,651500.0,707118.0749546407,707119.0,0.0,55619.0,55619.0,False,655868.3125,18927.342767423714,51249.7624546407
2019-01-14 16:49:00,658968.0,707090.6938681199,707091.0,0.0,48123.0,48123.0,False,655871.375,18916.099472439466,51219.31886811983
2019-01-14 16:50:00,672298.0,712088.2855597389,712089.0,0.0,39791.0,39791.0,False,660916.1875,18898.660085734555,51172.09805973887
2019-01-14 16:51:00,666057.0,713895.5726655449,713896.0,0.0,47839.0,47839.0,False,662463.125,18994.811287075547,51432.44766554489
2019-01-14 16:52:00,645729.0,713372.0371060477,713373.0,0.0,67644.0,67644.0,False,662150.9375,18916.757126944125,51221.09960604777
2019-01-14 16:53:00,653583.0,698225.4498908323,698226.0,0.0,44643.0,44643.0,False,646830.3125,18981.032016218298,51395.137390832286
2019-01-14 16:54:00,658182.0,704689.0567300472,704690.0,0.0,46508.0,46508.0,False,653738.0625,18817.00296633879,50950.99423004726
2019-01-14 16:55:00,679507.0,715979.1998454792,715980.0,0.0,36473.0,36473.0,False,665496.375,18644.10065439586,50482.82484547921
2019-01-14 16:56:00,663543.0,715746.2770066768,715747.0,0.0,52204.0,52204.0,False,665018.75,18734.473008511948,50727.5270066768
2019-01-14 16:57:00,672930.0,712569.6866347558,712570.0,0.0,39640.0,39640.0,False,661855.625,18729.50003502615,50714.06163475576
2019-01-14 16:58:00,668842.0,718254.4837401436,718255.0,0.0,49413.0,49413.0,False,667332.8125,18806.173525297712,50921.67124014363
2019-01-14 16:59:00,653559.0,716357.104358212,716358.0,0.0,62799.0,62799.0,False,665507.3125,18779.627339821516,50849.791858211924
2019-01-14 17:00:00,740641.0,736154.3582144183,736155.0,4486.0,0.0,44860.0,False,685592.4375,18673.31200194545,50561.92071441825
2019-01-14 17:01:00,694238.0,737083.6749867308,737084.0,0.0,42846.0,42846.0,False,686218.0,18785.493228818803,50865.674986730824
2019-01-14 17:02:00,661143.0,727594.811709137,727595.0,0.0,66452.0,66452.0,False,677577.4375,18472.202418903347,50017.374209137066
2019-01-14 17:03:00,669509.0,715961.5287392304,715962.0,0.0,46453.0,46453.0,False,665911.0,18484.4469079568,50050.52873923032
2019-01-14 17:04:00,667905.0,717825.614531838,717826.0,0.0,49921.0,49921.0,False,667758.125,18490.71079523971,50067.48953183795
2019-01-14 17:05:00,664308.0,739096.731994703,739097.0,0.0,74789.0,74789.0,False,689062.4375,18478.4513462991,50034.29449470298
2019-01-14 17:06:00,705006.0,736297.0104318805,736298.0,0.0,31292.0,31292.0,False,685755.8125,18665.658752654108,50541.197931880466
2019-01-14 17:07:00,749132.0,775013.9038584525,775014.0,0.0,25882.0,25882.0,False,726277.375,17999.166099838953,48736.5288584525
2019-01-14 17:08:00,762257.0,798636.1009689033,798637.0,0.0,36380.0,36380.0,False,749310.375,18216.765853144094,49325.72596890325
2019-01-14 17:09:00,748766.0,787113.956020321,787114.0,0.0,38348.0,38348.0,False,737529.25,18312.41125652421,49584.70602032102
2019-01-14 17:10:00,703904.0,788413.7751094918,788414.0,0.0,84510.0,84510.0,False,739065.8125,18224.978194006897,49347.962609491784
2019-01-14 17:11:00,668113.0,740007.9555353288,740008.0,0.0,71895.0,71895.0,False,689420.8125,18682.62700147715,50587.14303532884
2019-01-14 17:12:00,646929.0,703834.2133152435,703835.0,0.0,56906.0,56906.0,False,654427.3125,18246.744999723254,49406.9008152435
2019-01-14 17:13:00,653089.0,696031.6327131174,696032.0,0.0,42943.0,42943.0,False,646914.6875,18139.65983862359,49116.94521311743
2019-01-14 17:14:00,643130.0,699477.4379046146,699478.0,0.0,56348.0,56348.0,False,650287.0,18166.801844678732,49190.43790461466
2019-01-14 17:15:00,669740.0,702002.5253646233,702003.0,0.0,32263.0,32263.0,False,652892.625,18137.058065350768,49109.9003646233
2019-01-14 17:16:00,685767.0,711246.8243896835,711247.0,0.0,25480.0,25480.0,False,662839.75,17877.493386484082,48407.074389683585
2019-01-14 17:17:00,689138.0,722257.1258084548,722258.0,0.0,33120.0,33120.0,False,673349.6875,18062.285645909975,48907.43830845476
2019-01-14 17:18:00,681658.0,730955.104139339,730956.0,0.0,49298.0,49298.0,False,681839.5625,18139.141476767218,49115.54163933895
2019-01-14 17:19:00,660739.0,735511.7705315488,735512.0,0.0,74773.0,74773.0,False,686393.625,18140.103135085716,49118.14553154882
2019-01-14 17:20:00,679404.0,738375.1788484657,738376.0,0.0,58972.0,58972.0,False,690058.875,17843.970398970996,48316.3038484657
2019-01-14 17:21:00,662630.0,728988.51323995,728989.0,0.0,66359.0,66359.0,False,680566.8125,17882.895127519947,48421.70073995004
2019-01-14 17:22:00,678310.0,705416.4721118312,705417.0,0.0,27107.0,27107.0,False,656830.125,17943.701620404012,48586.34711183124
2019-01-14 17:23:00,660421.0,718915.3984190617,718916.0,0.0,58495.0,58495.0,False,669684.875,18181.60605518837,49230.52341906169
2019-01-14 17:24:00,637876.0,706679.507260558,706680.0,0.0,68804.0,68804.0,False,657524.125,18153.85524435876,49155.38226055797
2019-01-14 17:25:00,665289.0,699040.2755943055,699041.0,0.0,33752.0,33752.0,False,649526.5,18286.215535382606,49513.775594305494
2019-01-14 17:26:00,680763.0,710993.749685368,710994.0,0.0,30231.0,30231.0,False,662444.8125,17929.885546589023,48548.93718536799
2019-01-14 17:27:00,687765.0,725165.6459711398,725166.0,0.0,37401.0,37401.0,False,676268.0625,18058.646099600977,48897.583471139726
2019-01-14 17:28:00,667949.0,723085.260214898,723086.0,0.0,55137.0,55137.0,False,675005.625,17756.56495287164,48079.63521489798
2019-01-14 17:29:00,661660.0,712669.9268973388,712670.0,0.0,51010.0,51010.0,False,664549.125,17771.76845571411,48120.80189733881
2019-01-14 17:30:00,723649.0,727431.5500367025,727432.0,0.0,3783.0,3783.0,False,679300.875,17775.414761257365,48130.67503670259
2019-01-14 17:31:00,687709.0,737373.5893644559,737374.0,0.0,49665.0,49665.0,False,687444.6875,18439.528191492063,49928.90186445595
2019-01-14 17:32:00,677969.0,729997.7296918607,729998.0,0.0,52029.0,52029.0,False,680094.8125,18429.931643501335,49902.91719186071
2019-01-14 17:33:00,673200.0,722435.6759928607,722436.0,0.0,49236.0,49236.0,False,672821.125,18323.43347395676,49614.55099286063
2019-01-14 17:34:00,638728.0,715910.1642323604,715911.0,0.0,77183.0,77183.0,False,666358.0,18300.393062770843,49552.16423236048
2019-01-14 17:35:00,674002.0,704465.7520299942,704466.0,0.0,30464.0,30464.0,False,654028.375,18627.316061833542,50437.37702999413
2019-01-14 17:36:00,687774.0,711786.3672883303,711787.0,0.0,24013.0,24013.0,False,661110.1875,18715.509673751953,50676.179788330315
2019-01-14 17:37:00,681293.0,731734.4969254852,731735.0,0.0,50442.0,50442.0,False,680241.5625,19017.149998192377,51492.93442548516
2019-01-14 17:38:00,691031.0,725253.2509744045,725254.0,0.0,34223.0,34223.0,False,673995.0625,18930.454628954307,51258.1884744045
2019-01-14 17:39:00,674970.0,731705.4312101086,731706.0,0.0,56736.0,56736.0,False,680151.75,19039.58474051151,51553.681210108596
2019-01-14 17:40:00,695027.0,759414.0873805275,759415.0,0.0,64388.0,64388.0,False,707854.25,19041.858311003798,51559.83738052752
2019-01-14 17:41:00,699984.0,740341.9849815412,740342.0,0.0,40358.0,40358.0,False,688609.5,19105.61978356188,51732.48498154122
2019-01-14 17:42:00,664782.0,738510.9468816816,738511.0,0.0,73729.0,73729.0,False,688170.75,18591.42590568053,50340.19688168152
2019-01-14 17:43:00,666559.0,726933.1895348688,726934.0,0.0,60375.0,60375.0,False,676232.4375,18724.584590600814,50700.75203486881
2019-01-14 17:44:00,664490.0,710716.3992606355,710717.0,0.0,46227.0,46227.0,False,664697.5,16995.502776359062,46018.89926063543
2019-01-14 17:45:00,671588.0,721091.3368877788,721092.0,0.0,49504.0,49504.0,False,675095.0625,16987.147055217833,45996.27438777888
2019-01-14 17:46:00,705226.0,726689.5634062862,726690.0,0.0,21464.0,21464.0,False,680708.625,16981.483236216853,45980.93840628623
2019-01-14 17:47:00,675704.0,730548.4030726508,730549.0,0.0,54845.0,54845.0,False,684080.5625,17161.303858900505,46467.84057265076
2019-01-14 17:48:00,681264.0,723006.4849892863,723007.0,0.0,41743.0,41743.0,False,676972.6875,17001.004926355403,46033.797489286284
2019-01-14 17:49:00,659755.0,721369.4257338133,721370.0,0.0,61615.0,61615.0,False,675388.25,16981.570885002686,45981.17573381332
2019-01-14 17:50:00,692925.0,721550.9418655783,721551.0,0.0,28626.0,28626.0,False,675151.875,17135.90464796173,46399.066865578265
2019-01-14 17:51:00,654702.0,750857.9888734901,750858.0,0.0,96156.0,96156.0,False,704248.75,17213.524473758695,46609.2388734901
2019-01-14 17:52:00,639464.0,703629.7118161214,703630.0,0.0,64166.0,64166.0,False,653704.3125,18438.234645342513,49925.399316121344
2019-01-14 17:53:00,647099.0,697096.2917869764,697097.0,0.0,49998.0,49998.0,False,647259.5,18405.510492184058,49836.791786976435
2019-01-14 17:54:00,637996.0,699232.652336645,699233.0,0.0,61237.0,61237.0,False,649431.25,18392.440611960425,49801.40233664511
2019-01-14 17:55:00,694214.0,705936.6829462481,705937.0,0.0,11723.0,11723.0,False,655959.6875,18457.289907135124,49976.995446248126
2019-01-14 17:56:00,706200.0,728746.7034341918,728747.0,0.0,22547.0,22547.0,False,677306.625,18997.62944986967,51440.07843419171
2019-01-14 17:57:00,679368.0,736368.9977578882,736369.0,0.0,57001.0,57001.0,False,684058.6875,19319.019739801286,52310.31025788819
2019-01-14 17:58:00,664628.0,732038.3859184997,732039.0,0.0,67411.0,67411.0,False,679784.3125,19298.250591140244,52254.07341849965
2019-01-14 17:59:00,665904.0,719237.3412192995,719238.0,0.0,53334.0,53334.0,False,666663.9375,19416.18429014252,52573.40371929952
2019-01-14 18:00:00,752010.0,748917.9964729126,748918.0,3092.0,0.0,30920.0,False,696545.3125,19342.055333087985,52372.68397291262
2019-01-14 18:01:00,725401.0,755745.3395051433,755746.0,0.0,30345.0,30345.0,False,703320.4375,19361.340273102014,52424.902005143325
2019-01-14 18:02:00,731664.0,753032.0060761021,753033.0,0.0,21369.0,21369.0,False,700167.0625,19523.854541394,52864.943576102196
2019-01-14 18:03:00,725003.0,771432.5220080848,771433.0,0.0,46430.0,46430.0,False,717967.4375,19745.496019994993,53465.084508084816
2019-01-14 18:04:00,697030.0,763076.3682096801,763077.0,0.0,66047.0,66047.0,False,709589.25,19753.633412297993,53487.11820968009
2019-01-14 18:05:00,726045.0,756663.6039929008,756664.0,0.0,30619.0,30619.0,False,702926.25,19846.049419999214,53737.35399290084
2019-01-14 18:06:00,782214.0,786135.0698568664,786136.0,0.0,3922.0,3922.0,False,732785.0625,19702.996219381526,53350.007356866394
2019-01-14 18:07:00,748146.0,828496.1167626716,828497.0,0.0,80351.0,80351.0,False,773047.25,20478.137985735386,55448.86676267157
2019-01-14 18:08:00,765492.0,784744.8553092772,784745.0,0.0,19253.0,19253.0,False,728850.0,20642.848565602377,55894.855309277176
2019-01-14 18:09:00,770729.0,797540.0267169388,797541.0,0.0,26812.0,26812.0,False,740528.9375,21055.091291559045,57011.089216938824
2019-01-14 18:10:00,751323.0,811730.8726534757,811731.0,0.0,60408.0,60408.0,False,754019.625,21313.670806567836,57711.247653475686
2019-01-14 18:11:00,703284.0,794056.7815274859,794057.0,0.0,90773.0,90773.0,False,737930.75,20728.225576385317,56126.03152748589
2019-01-14 18:12:00,678670.0,753269.5794464258,753270.0,0.0,74600.0,74600.0,False,696223.1875,21068.129144411843,57046.391946425734
2019-01-14 18:13:00,675787.0,735974.6842319965,735975.0,0.0,60188.0,60188.0,False,678578.1875,21197.428344322845,57396.496731996536
2019-01-14 18:14:00,668842.0,732719.6246128657,732720.0,0.0,63878.0,63878.0,False,675286.3125,21211.024843105464,57433.31211286571
2019-01-14 18:15:00,693943.0,732297.2993009377,732298.0,0.0,38355.0,38355.0,False,674879.6875,21205.226471148533,57417.61180093773
2019-01-14 18:16:00,705739.0,745076.1306195235,745077.0,0.0,39338.0,39338.0,False,687590.75,21230.254560975318,57485.380619523494
2019-01-14 18:17:00,701957.0,749508.1030030395,749509.0,0.0,47552.0,47552.0,False,692195.5,21166.445071660582,57312.60300303944
2019-01-14 18:18:00,704232.0,748734.9766501317,748735.0,0.0,44503.0,44503.0,False,691542.125,21122.219014898794,57192.85165013172
2019-01-14 18:19:00,689509.0,753823.6809776103,753824.0,0.0,64315.0,64315.0,False,696555.75,21149.946990559,57267.930977610245
2019-01-14 18:20:00,682522.0,769186.9384739159,769187.0,0.0,86665.0,86665.0,False,712724.125,20852.604442406482,56462.813473915965
2019-01-14 18:21:00,710305.0,747451.5972323688,747452.0,0.0,37147.0,37147.0,False,689973.9375,21227.403115999856,57477.65973236883
2019-01-14 18:22:00,666371.0,745796.9809227794,745797.0,0.0,79426.0,79426.0,False,688542.3125,21145.04892061231,57254.668422779454
2019-01-14 18:23:00,665076.0,723078.6674559024,723079.0,0.0,58003.0,58003.0,False,665430.9375,21290.21272254589,57647.729955902476
2019-01-14 18:24:00,645673.0,718840.7997387912,718841.0,0.0,73168.0,73168.0,False,661352.0625,21231.4942132269,57488.73723879121
2019-01-14 18:25:00,672497.0,713065.6734064934,713066.0,0.0,40569.0,40569.0,False,655757.5,21164.809152036112,57308.17340649336
2019-01-14 18:26:00,685398.0,737596.4035379385,737597.0,0.0,52199.0,52199.0,False,680262.1875,21174.427105141036,57334.21603793847
2019-01-14 18:27:00,653618.0,730769.516653413,730770.0,0.0,77152.0,77152.0,False,673662.8125,21090.403390379648,57106.704153412924
2019-01-14 18:28:00,679086.0,725630.4008550188,725631.0,0.0,46545.0,46545.0,False,668016.625,21277.672939432676,57613.77585501881
2019-01-14 18:29:00,656339.0,729110.8196773017,729111.0,0.0,72772.0,72772.0,False,671541.4375,21261.27765651597,57569.38217730172
2019-01-14 18:30:00,738687.0,728832.22605968,728833.0,9854.0,0.0,98540.0,False,670943.4375,21379.239453640927,57888.788559680004
2019-01-14 18:31:00,711580.0,769086.5587502596,769087.0,0.0,57507.0,57507.0,False,708649.125,22320.49417959874,60437.433750259595
2019-01-14 18:32:00,698868.0,747679.5756613524,747680.0,0.0,48812.0,48812.0,False,687252.5,22316.668774567133,60427.07566135236
2019-01-14 18:33:00,676625.0,750559.4660957198,750560.0,0.0,73935.0,73935.0,False,690102.125,22327.84627516112,60457.34109571984
2019-01-14 18:34:00,652849.0,729694.986560887,729695.0,0.0,76846.0,76846.0,False,668952.5625,22433.131894848582,60742.424060886995
2019-01-14 18:35:00,650204.0,719710.5036781512,719711.0,0.0,69507.0,69507.0,False,659562.3125,22213.672351691308,60148.191178151224
2019-01-14 18:36:00,666622.0,712884.6423323136,712885.0,0.0,46263.0,46263.0,False,652845.0625,22173.56047462808,60039.57983231358
2019-01-14 18:37:00,676499.0,718006.089745176,718007.0,0.0,41508.0,41508.0,False,658416.3125,22007.441309647318,59589.77724517599
2019-01-14 18:38:00,688717.0,728572.9202243895,728573.0,0.0,39856.0,39856.0,False,668760.125,22089.805354546235,59812.79522438953
2019-01-14 18:39:00,635902.0,735295.3215249801,735296.0,0.0,99394.0,99394.0,False,675392.125,22123.191975692305,59903.19652498012
2019-01-14 18:40:00,685362.0,720498.3688635398,720499.0,0.0,35137.0,35137.0,False,658842.5,22770.481417087507,61655.86886353981
2019-01-14 18:41:00,654032.0,752600.3097312027,752601.0,0.0,98569.0,98569.0,False,690654.25,22877.653465447565,61946.05973120262
2019-01-14 18:42:00,645807.0,729237.4943742995,729238.0,0.0,83431.0,83431.0,False,665825.375,23419.092333714336,63412.1193742995
2019-01-14 18:43:00,654376.0,726675.4837291172,726676.0,0.0,72300.0,72300.0,False,663421.875,23360.551861135442,63253.60872911721
2019-01-14 18:44:00,648640.0,717585.1675715031,717586.0,0.0,68946.0,68946.0,False,654346.1875,23355.149267959805,63238.98007150305
2019-01-14 18:45:00,679323.0,717915.9942309048,717916.0,0.0,38593.0,38593.0,False,654617.3125,23377.198029108324,63298.68173090479
2019-01-14 18:46:00,676110.0,732346.86565788,732347.0,0.0,56237.0,56237.0,False,668627.75,23532.470886303618,63719.11565787991
2019-01-14 18:47:00,648546.0,727570.6467261349,727571.0,0.0,79025.0,79025.0,False,664279.375,23374.46139788373,63291.27172613498
2019-01-14 18:48:00,682131.0,726787.8098783616,726788.0,0.0,44657.0,44657.0,False,663286.6875,23451.9625419754,63501.12237836162
2019-01-14 18:49:00,666763.0,733518.2632567572,733519.0,0.0,66756.0,66756.0,False,669772.1875,23542.42767455109,63746.07575675721
2019-01-14 18:50:00,692059.0,750820.0359786621,750821.0,0.0,58762.0,58762.0,False,687373.5625,23431.77984439919,63446.473478662134
2019-01-14 18:51:00,658736.0,745024.6253066981,745025.0,0.0,86289.0,86289.0,False,681785.25,23355.295234529258,63239.375306698115
2019-01-14 18:52:00,650511.0,717060.3028295937,717061.0,0.0,66550.0,66550.0,False,655873.375,22597.294122901218,61186.92782959363
2019-01-14 18:53:00,648328.0,715707.330685448,715708.0,0.0,67380.0,67380.0,False,654755.5,22510.46905254456,60951.830685448025
2019-01-14 18:54:00,659757.0,714250.814050416,714251.0,0.0,54494.0,54494.0,False,653214.25,22541.762415982204,61036.564050416004
2019-01-14 18:55:00,660729.0,726485.1514891769,726486.0,0.0,65757.0,65757.0,False,665664.875,22461.884020223264,60820.27648917686
2019-01-14 18:56:00,636298.0,719274.0887264702,719275.0,0.0,82977.0,82977.0,False,659620.5625,22030.98481038254,59653.526226470254
2019-01-14 18:57:00,650955.0,705201.8024043937,705202.0,0.0,54247.0,54247.0,False,645573.75,22021.576927517406,59628.05240439371
2019-01-14 18:58:00,658474.0,713312.2763621291,713313.0,0.0,54839.0,54839.0,False,653722.4375,22007.464065756554,59589.838862129145
2019-01-14 18:59:00,645765.0,719062.1643004833,719063.0,0.0,73298.0,73298.0,False,659785.375,21891.849942438275,59276.789300483266
2019-01-14 19:00:00,724007.0,750521.0634841287,750522.0,0.0,26515.0,26515.0,False,690974.5,21991.481788501507,59546.563484128645
2019-01-14 19:01:00,682141.0,738531.604995673,738532.0,0.0,56391.0,56391.0,False,680953.0,21264.683788295613,57578.60499567306
2019-01-14 19:02:00,662056.0,728148.8779192164,728149.0,0.0,66093.0,66093.0,False,671006.0625,21103.73984840194,57142.81541921644
2019-01-14 19:03:00,652939.0,718195.9851443858,718196.0,0.0,65257.0,65257.0,False,661919.625,20783.74429732253,56276.36014438581
2019-01-14 19:04:00,616147.0,711600.6557630681,711601.0,0.0,95454.0,95454.0,False,655260.5625,20807.281939745837,56340.09326306811
2019-01-14 19:05:00,634508.0,701847.9874747763,701848.0,0.0,67340.0,67340.0,False,644010.625,21360.246992221797,57837.36247477628
2019-01-14 19:06:00,674976.0,709478.4645995898,709479.0,0.0,34503.0,34503.0,False,652111.3125,21186.590910365216,57367.1520995898
2019-01-14 19:07:00,782503.0,744984.8415054341,744985.0,37518.0,0.0,375180.0,False,689729.0,20406.850724458094,55255.84150543413
2019-01-14 19:08:00,779450.0,832477.07821405,832478.0,0.0,53028.0,53028.0,False,769064.625,23419.215625981175,63412.453214050045
2019-01-14 19:09:00,685776.0,807945.9227188501,807946.0,0.0,122170.0,122170.0,False,745680.875,22995.4607428225,62265.04771885004
2019-01-14 19:10:00,693741.0,749206.8078510166,749207.0,0.0,55466.0,55466.0,False,684356.4375,23950.261024418036,64850.37035101664
2019-01-14 19:11:00,680601.0,744054.4184087885,744055.0,0.0,63454.0,63454.0,False,679114.8125,23983.21711841914,64939.60590878845
2019-01-14 19:12:00,655545.0,736451.6571308855,736452.0,0.0,80907.0,80907.0,False,672637.0625,23567.732771678362,63814.594630885505
2019-01-14 19:13:00,647104.0,735248.6216898394,735249.0,0.0,88145.0,88145.0,False,671449.4375,23562.041453594033,63799.184189839456
2019-01-14 19:14:00,645812.0,715156.1812988706,715157.0,0.0,69345.0,69345.0,False,650801.25,23767.287595640955,64354.93129887055
2019-01-14 19:15:00,688770.0,721469.2923224764,721470.0,0.0,32700.0,32700.0,False,657129.5625,23761.673451486884,64339.72982247644
2019-01-14 19:16:00,675900.0,743461.4926549966,743462.0,0.0,67562.0,67562.0,False,678516.6875,23985.137281760402,64944.8051549966
2019-01-14 19:17:00,659977.0,728477.2729353486,728478.0,0.0,68501.0,68501.0,False,663843.125,23870.406687942388,64634.14793534857
2019-01-14 19:18:00,676001.0,736526.3439617582,736527.0,0.0,60526.0,60526.0,False,671979.875,23838.025464944334,64546.46896175819
2019-01-14 19:19:00,649056.0,734570.0656435674,734571.0,0.0,85515.0,85515.0,False,670171.375,23783.448609403462,64398.69064356737
2019-01-14 19:20:00,680219.0,738018.0632007682,738019.0,0.0,57800.0,57800.0,False,673266.5625,23913.74690864622,64751.50070076823
2019-01-14 19:21:00,683428.0,741657.7508094002,741658.0,0.0,58230.0,58230.0,False,677681.375,23627.48110361993,63976.375809400255
2019-01-14 19:22:00,661053.0,729983.0730142628,729984.0,0.0,68931.0,68931.0,False,666383.5,23488.321909163136,63599.5730142628
2019-01-14 19:23:00,664052.0,723629.9952220916,723630.0,0.0,59578.0,59578.0,False,660462.9375,23328.58721391802,63167.05772209161
2019-01-14 19:24:00,657863.0,724133.1591114175,724134.0,0.0,66271.0,66271.0,False,660951.8125,23333.864325324634,63181.34661141743
2019-01-14 19:25:00,663647.0,741724.3217031824,741725.0,0.0,78078.0,78078.0,False,678769.0,23250.389774278174,62955.32170318245
2019-01-14 19:26:00,647101.0,729377.0295234185,729378.0,0.0,82277.0,82277.0,False,666489.0,23225.537714659637,62888.02952341855
2019-01-14 19:27:00,624672.0,705100.5653162344,705101.0,0.0,80429.0,80429.0,False,641909.375,23337.49976022711,63191.19031623435
2019-01-14 19:28:00,631523.0,709041.3394610896,709042.0,0.0,77519.0,77519.0,False,645946.375,23301.9620395396,63094.96446108955
2019-01-14 19:29:00,631815.0,695740.1483511562,695741.0,0.0,63926.0,63926.0,False,632617.625,23312.13997078451,63122.52335115619
2019-01-14 19:30:00,698503.0,714973.735911108,714974.0,0.0,16471.0,16471.0,False,652040.8125,23242.11773298092,62932.92341110794
2019-01-14 19:31:00,662179.0,727448.4182639394,727449.0,0.0,65270.0,65270.0,False,666975.5625,22333.57608597877,60472.85576393941
2019-01-14 19:32:00,658495.0,714287.5273058758,714288.0,0.0,55793.0,55793.0,False,653823.6875,22330.246350961992,60463.8398058758
2019-01-14 19:33:00,650494.0,722020.864925817,722021.0,0.0,71527.0,71527.0,False,661694.375,22279.5208815271,60326.48992581695
2019-01-14 19:34:00,638613.0,710186.5251557184,710187.0,0.0,71574.0,71574.0,False,649909.25,22261.345093420805,60277.2751557185
2019-01-14 19:35:00,627384.0,721073.6109980873,721074.0,0.0,93690.0,93690.0,False,660914.25,22217.797541749846,60159.360998087286
2019-01-14 19:36:00,637582.0,694062.2613919817,694063.0,0.0,56481.0,56481.0,False,632944.75,22571.65754147244,61117.51139198173
2019-01-14 19:37:00,622451.0,697102.4975085794,697103.0,0.0,74652.0,74652.0,False,636191.0625,22495.55029417782,60911.43500857946
2019-01-14 19:38:00,615976.0,685088.4340305662,685089.0,0.0,69113.0,69113.0,False,624469.0625,22387.68666138352,60619.37153056622
2019-01-14 19:39:00,620173.0,679948.0362845908,679949.0,0.0,59776.0,59776.0,False,619825.4375,22204.22067851362,60122.598784590875
2019-01-14 19:40:00,649887.0,715031.2349523554,715032.0,0.0,65145.0,65145.0,False,656282.25,21696.923501169516,58748.984952355415
2019-01-14 19:41:00,626528.0,701537.98871415,701538.0,0.0,75010.0,75010.0,False,643672.25,21370.726783412087,57865.738714149986
2019-01-14 19:42:00,616599.0,692893.0512971808,692894.0,0.0,76295.0,76295.0,False,636024.25,21002.542126452026,56868.80129718077
2019-01-14 19:43:00,634251.0,686482.4620777334,686483.0,0.0,52232.0,52232.0,False,629635.375,20994.522723927545,56847.08707773338
2019-01-14 19:44:00,638098.0,692738.768924863,692739.0,0.0,54641.0,54641.0,False,635881.3125,20998.3522867976,56857.456424862925
2019-01-14 19:45:00,659298.0,700939.5399890955,700940.0,0.0,41642.0,41642.0,False,644071.125,21002.399456804542,56868.41498909553
2019-01-14 19:46:00,645723.0,700978.2542991021,700979.0,0.0,55256.0,55256.0,False,644567.25,20833.47049986251,56411.004299102104
2019-01-14 19:47:00,649118.0,698433.8365175378,698434.0,0.0,49316.0,49316.0,False,642116.8125,20798.762104791982,56317.02401753781
2019-01-14 19:48:00,644796.0,704425.6495231133,704426.0,0.0,59630.0,59630.0,False,648205.875,20762.846338029918,56219.774523113265
2019-01-14 19:49:00,634203.0,699547.1928187455,699548.0,0.0,65345.0,65345.0,False,643818.5625,20581.45906403952,55728.63031874548
2019-01-14 19:50:00,651809.0,720072.8428053627,720073.0,0.0,68264.0,68264.0,False,664290.9375,20601.13435392065,55781.9053053627
2019-01-14 19:51:00,632039.0,699429.4656713256,699430.0,0.0,67391.0,67391.0,False,643607.4375,20615.952358932136,55822.02817132555
2019-01-14 19:52:00,639584.0,689461.4307920244,689462.0,0.0,49878.0,49878.0,False,634003.25,20481.577803164048,55458.18079202437
2019-01-14 19:53:00,630248.0,696747.3561804113,696748.0,0.0,66500.0,66500.0,False,641221.6875,20506.502141053028,55525.66868041132
2019-01-14 19:54:00,644150.0,692829.4136970621,692830.0,0.0,48680.0,48680.0,False,637243.125,20528.890065967415,55586.28869706202
2019-01-14 19:55:00,647429.0,718887.9357137874,718888.0,0.0,71459.0,71459.0,False,663294.125,20531.66806496773,55593.81071378749
2019-01-14 19:56:00,634617.0,699649.4642240922,699650.0,0.0,65033.0,65033.0,False,643872.4375,20599.33261718074,55777.02672409216
2019-01-14 19:57:00,642185.0,696783.9297202243,696784.0,0.0,54599.0,54599.0,False,641426.1875,20444.48426000447,55357.742220224354
2019-01-14 19:58:00,638503.0,699517.7841207102,699518.0,0.0,61015.0,61015.0,False,644218.5,20422.89476506749,55299.28412071023
2019-01-14 19:59:00,633430.0,696065.8119599698,696066.0,0.0,62636.0,62636.0,False,640819.75,20403.23898461294,55246.061959969855
2019-01-14 20:00:00,729691.0,726669.7729826426,726670.0,3021.0,0.0,30210.0,False,671539.5625,20360.453213197405,55130.21048264263
2019-01-14 20:01:00,660045.0,738409.7138816922,738410.0,0.0,78365.0,78365.0,False,680661.375,21327.369180111302,57748.33888169214
2019-01-14 20:02:00,664402.0,715762.4856890213,715763.0,0.0,51361.0,51361.0,False,657683.25,21449.5745717657,58079.235689021254
2019-01-14 20:03:00,647707.0,717736.3790068374,717737.0,0.0,70030.0,70030.0,False,659609.125,21467.30849123947,58127.25400683736
2019-01-14 20:04:00,648382.0,707301.2108582726,707302.0,0.0,58920.0,58920.0,False,649125.0,21485.38902592975,58176.21085827266
2019-01-14 20:05:00,653859.0,731502.6629408699,731503.0,0.0,77644.0,77644.0,False,674775.625,20950.18669087061,56727.03794086987
2019-01-14 20:06:00,705258.0,730954.3260836819,730955.0,0.0,25697.0,25697.0,False,673902.125,21070.274550102793,57052.20108368188
2019-01-14 20:07:00,728414.0,772130.2202309711,772131.0,0.0,43717.0,43717.0,False,714551.5625,21264.703264270036,57578.657730971136
2019-01-14 20:08:00,720235.0,772512.0772083916,772513.0,0.0,52278.0,52278.0,False,725207.5,17470.323849475993,47304.577208391675
2019-01-14 20:09:00,723023.0,754961.0847188007,754962.0,0.0,31939.0,31939.0,False,707897.125,17381.46002878304,47063.95971880068
2019-01-14 20:10:00,709796.0,778747.4005697859,778748.0,0.0,68952.0,68952.0,False,735658.5,15913.408209015519,43088.900569785794
2019-01-14 20:11:00,682163.0,733809.9688836581,733810.0,0.0,51647.0,51647.0,False,690152.625,16123.343259056655,43657.3438836581
2019-01-14 20:12:00,647469.0,705030.3847613856,705031.0,0.0,57562.0,57562.0,False,661363.375,16126.913019620086,43667.00976138556
2019-01-14 20:13:00,636998.0,682000.5321817183,682001.0,0.0,45003.0,45003.0,False,638446.0,16085.373281637938,43554.53218171827
2019-01-14 20:14:00,624944.0,678686.6206299631,678687.0,0.0,53743.0,53743.0,False,635790.6875,15842.142300618221,42895.93312996313
2019-01-14 20:15:00,676927.0,673327.157085845,673328.0,3599.0,0.0,35990.0,False,630342.25,15875.001780929766,42984.90708584499
2019-01-14 20:16:00,667837.0,698783.5377086106,698784.0,0.0,30947.0,30947.0,False,654065.5625,16515.05107731263,44717.975208610675
2019-01-14 20:17:00,672120.0,698624.7108274994,698625.0,0.0,26505.0,26505.0,False,653557.875,16643.890786913347,45066.83582749936
2019-01-14 20:18:00,652397.0,707853.4512393493,707854.0,0.0,55457.0,55457.0,False,662226.5,16850.75021184795,45626.95123934938
2019-01-14 20:19:00,635836.0,699409.8506837704,699410.0,0.0,63574.0,63574.0,False,653743.75,16865.20871698476,45666.10068377038
2019-01-14 20:20:00,660339.0,712716.0070357819,712717.0,0.0,52378.0,52378.0,False,667201.0,16809.407458042526,45515.007035781855
2019-01-14 20:21:00,642079.0,701194.9598828015,701195.0,0.0,59116.0,59116.0,False,655756.8125,16781.021980193094,45438.14738280148
2019-01-14 20:22:00,642855.0,678032.5083579676,678033.0,0.0,35178.0,35178.0,False,632507.5625,16813.078021284284,45524.94585796764
2019-01-14 20:23:00,643858.0,682684.2544944977,682685.0,0.0,38827.0,38827.0,False,636956.0,16888.163096158292,45728.2544944977
2019-01-14 20:24:00,639810.0,684602.5281432912,684603.0,0.0,44793.0,44793.0,False,638808.625,16912.40817395807,45793.903143291194
2019-01-14 20:25:00,658640.0,700670.5166208572,700671.0,0.0,42031.0,42031.0,False,654864.9375,16916.720295984618,45805.579120857175
2019-01-14 20:26:00,641121.0,692538.2001979003,692539.0,0.0,51418.0,51418.0,False,646922.125,16846.733518801975,45616.075197900296
2019-01-14 20:27:00,621717.0,705106.9701356099,705107.0,0.0,83390.0,83390.0,False,659890.9375,16698.991513075976,45216.03263560986
2019-01-14 20:28:00,627626.0,676312.7450512066,676313.0,0.0,48687.0,48687.0,False,629649.1875,17233.585215166477,46663.55755120658
2019-01-14 20:29:00,605169.0,675471.048717721,675472.0,0.0,70303.0,70303.0,False,629017.0625,17156.18722787593,46453.98621772098
2019-01-14 20:30:00,652512.0,687094.4981379088,687095.0,0.0,34583.0,34583.0,False,640011.125,17388.62970958051,47083.37313790874
2019-01-14 20:31:00,624649.0,685288.9520983066,685289.0,0.0,60640.0,60640.0,False,641099.9375,16319.697610249208,44189.0145983066
2019-01-14 20:32:00,607889.0,675420.4448480227,675421.0,0.0,67532.0,67532.0,False,630977.6875,16413.408795796146,44442.757348022606
2019-01-14 20:33:00,632286.0,663774.2760741576,663775.0,0.0,31489.0,31489.0,False,618864.375,16585.932315959464,44909.90107415759
2019-01-14 20:34:00,615967.0,673372.676847775,673373.0,0.0,57406.0,57406.0,False,628182.75,16689.35023532369,45189.92684777501
2019-01-14 20:35:00,630576.0,686528.6035169986,686529.0,0.0,55953.0,55953.0,False,641316.625,16697.494263354216,45211.97851699858
2019-01-14 20:36:00,644715.0,668771.8783353966,668772.0,0.0,24057.0,24057.0,False,624773.125,16249.431135518782,43998.753335396665
2019-01-14 20:37:00,629121.0,673736.6946199783,673737.0,0.0,44616.0,44616.0,False,629118.5625,16478.17745544608,44618.13211997832
2019-01-14 20:38:00,621777.0,672123.7263846885,672124.0,0.0,50347.0,50347.0,False,627683.8125,16412.358660096113,44439.91388468847
2019-01-14 20:39:00,613424.0,664204.531856002,664205.0,0.0,50781.0,50781.0,False,619801.5625,16398.714464994762,44402.96935600203
2019-01-14 20:40:00,640169.0,692379.1089976784,692380.0,0.0,52211.0,52211.0,False,647958.125,16405.367555302102,44420.98399767838
2019-01-14 20:41:00,611936.0,682374.3992507455,682375.0,0.0,70439.0,70439.0,False,637934.3125,16412.422502247908,44440.08675074549
2019-01-14 20:42:00,617117.0,655997.4120131579,655998.0,0.0,38881.0,38881.0,False,611088.0625,16585.72861581338,44909.349513157875
2019-01-14 20:43:00,621267.0,660755.0020793092,660756.0,0.0,39489.0,39489.0,False,616168.3125,16466.56523099433,44586.68957930925
2019-01-14 20:44:00,626651.0,664636.7424810521,664637.0,0.0,37986.0,37986.0,False,620041.1875,16469.839363195555,44595.5549810521
2019-01-14 20:45:00,640017.0,676021.9015202593,676022.0,0.0,36005.0,36005.0,False,631351.625,16497.4352020238,44670.2765202593
2019-01-14 20:46:00,633376.0,674138.2989784639,674139.0,0.0,40763.0,40763.0,False,629715.75,16405.945527303,44422.54897846387
2019-01-14 20:47:00,655904.0,676692.1321923431,676693.0,0.0,20789.0,20789.0,False,632240.25,16416.778744218947,44451.88219234307
2019-01-14 20:48:00,643601.0,690938.6794118898,690939.0,0.0,47338.0,47338.0,False,645713.75,16702.27723238683,45224.929411889716
2019-01-14 20:49:00,623391.0,685992.5928054699,685993.0,0.0,62602.0,62602.0,False,640771.9375,16700.6987377098,45220.65530546982
2019-01-14 20:50:00,649571.0,689540.9133720146,689541.0,0.0,39970.0,39970.0,False,644071.1875,16792.68441257887,45469.72587201461
2019-01-14 20:51:00,640909.0,685170.546948541,685171.0,0.0,44262.0,44262.0,False,639796.625,16757.302517889035,45373.92194854099
2019-01-14 20:52:00,658850.0,679122.7292566122,679123.0,0.0,20273.0,20273.0,False,633884.6875,16707.11982737969,45238.041756612256
2019-01-14 20:53:00,636102.0,690340.6094412619,690341.0,0.0,54239.0,54239.0,False,644259.0,17018.662631680803,46081.60944126183
2019-01-14 20:54:00,621152.0,676582.8032549078,676583.0,0.0,55431.0,55431.0,False,630566.6875,16994.474783945472,46016.11575490781
2019-01-14 20:55:00,642066.0,673458.9716650129,673459.0,0.0,31393.0,31393.0,False,627428.1875,16999.892058340814,46030.78416501294
2019-01-14 20:56:00,627550.0,679620.5220611093,679621.0,0.0,52071.0,52071.0,False,633574.875,17005.381159469445,46045.647061109266
2019-01-14 20:57:00,624159.0,688043.9057830104,688044.0,0.0,63885.0,63885.0,False,642059.375,16982.80995740249,45984.53078301036
2019-01-14 20:58:00,629443.0,672844.1159017147,672845.0,0.0,43402.0,43402.0,False,626468.25,17127.336167357174,46375.865901714686
2019-01-14 20:59:00,627116.0,671623.211856872,671624.0,0.0,44508.0,44508.0,False,625262.0625,17121.90111604672,46361.149356872
2019-01-14 21:00:00,713622.0,690902.209618624,690903.0,22719.0,0.0,227190.0,False,644594.4375,17102.188063031233,46307.77211862394
2019-01-14 21:01:00,682471.0,716855.803304522,716856.0,0.0,34385.0,34385.0,False,668746.3125,17767.591091360293,48109.490804521905
2019-01-14 21:02:00,665548.0,711904.8938999021,711905.0,0.0,46357.0,46357.0,False,664093.9375,17657.337643666593,47810.95639990213
2019-01-14 21:03:00,647485.0,708308.7483267686,708309.0,0.0,60824.0,60824.0,False,660550.0,17638.056381703685,47758.74832676861
2019-01-14 21:04:00,656537.0,693246.6494503921,693247.0,0.0,36710.0,36710.0,False,645450.3125,17651.938451188555,47796.33695039215
2019-01-14 21:05:00,658689.0,724786.2094994346,724787.0,0.0,66098.0,66098.0,False,676841.0625,17706.89634114864,47945.14699943455
2019-01-14 21:06:00,650743.0,730827.2927574154,730828.0,0.0,80085.0,80085.0,False,683022.5625,17655.03823138995,47804.7302574155
2019-01-14 21:07:00,671512.0,706226.9389410547,706227.0,0.0,34715.0,34715.0,False,658370.1875,17674.250472125295,47856.75144105478
2019-01-14 21:08:00,746368.0,724181.8400214361,724182.0,22186.0,0.0,221860.0,False,676351.1875,17664.61173091321,47830.65252143616
2019-01-14 21:09:00,755706.0,766767.1907571591,766768.0,0.0,11062.0,11062.0,False,713056.125,19836.3407613674,53711.06575715916
2019-01-14 21:10:00,721742.0,775474.1026911937,775475.0,0.0,53733.0,53733.0,False,720031.8125,20475.709154524582,55442.2901911937
2019-01-14 21:11:00,634048.0,751411.3841246444,751412.0,0.0,117364.0,117364.0,False,696785.1875,20174.312973848835,54626.1966246444
2019-01-14 21:12:00,653608.0,694633.8096793942,694634.0,0.0,41026.0,41026.0,False,635719.25,21758.07285020427,58914.559679394275
2019-01-14 21:13:00,651736.0,697851.8473886746,697852.0,0.0,46116.0,46116.0,False,638860.8125,21786.316346952968,58991.0348886746
2019-01-14 21:14:00,647479.0,705717.0646662223,705718.0,0.0,58239.0,58239.0,False,646592.875,21835.492499096054,59124.18966622235
2019-01-14 21:15:00,648939.0,701164.9812021345,701165.0,0.0,52226.0,52226.0,False,642196.625,21777.9407515726,58968.35620213447
2019-01-14 21:16:00,637511.0,706175.021029758,706176.0,0.0,68665.0,68665.0,False,649347.5625,20987.27359265819,56827.458529758
2019-01-14 21:17:00,660161.0,700006.2934310166,700007.0,0.0,39846.0,39846.0,False,643195.875,20980.980416373648,56810.41843101666
2019-01-14 21:18:00,645540.0,708113.3502655652,708114.0,0.0,62574.0,62574.0,False,651362.5,20958.980956639116,56750.85026556526
2019-01-14 21:19:00,648124.0,706759.1395016885,706760.0,0.0,58636.0,58636.0,False,650079.75,20932.589373390045,56679.38950168853
2019-01-14 21:20:00,675828.0,721220.8527013859,721221.0,0.0,45393.0,45393.0,False,664905.4375,20798.167943701283,56315.41520138584
2019-01-14 21:21:00,655098.0,713356.6216043937,713357.0,0.0,58259.0,58259.0,False,656997.5625,20814.286323033666,56359.059104393724
2019-01-14 21:22:00,644619.0,711688.5750627428,711689.0,0.0,67070.0,67070.0,False,655558.125,20729.857410901837,56130.45006274277
2019-01-14 21:23:00,639264.0,699650.5848687714,699651.0,0.0,60387.0,60387.0,False,643457.0625,20753.15100482614,56193.52236877138
2019-01-14 21:24:00,619322.0,693175.9876148158,693176.0,0.0,73854.0,73854.0,False,636995.9375,20748.175489696845,56180.05011481586
2019-01-14 21:25:00,638808.0,688380.3416881752,688381.0,0.0,49573.0,49573.0,False,631840.5625,20881.029090353146,56539.77918817516
2019-01-14 21:26:00,627354.0,688975.6238661745,688976.0,0.0,61622.0,61622.0,False,632401.6875,20893.643873036945,56573.93636617451
2019-01-14 21:27:00,634318.0,684390.185169599,684391.0,0.0,50073.0,50073.0,False,627825.8125,20890.111849578923,56564.372669599026
2019-01-14 21:28:00,622513.0,685677.5019213554,685678.0,0.0,63165.0,63165.0,False,630745.3125,20287.320922965435,54932.189421355404
2019-01-14 21:29:00,632693.0,682635.7165362535,682636.0,0.0,49943.0,49943.0,False,627616.875,20319.322910909268,55018.841536253465
2019-01-14 21:30:00,749223.0,725071.8038077794,725072.0,24151.0,0.0,241510.0,False,670746.375,20063.234691910446,54325.42880777948
2019-01-14 21:31:00,683293.0,742103.7015854211,742104.0,0.0,58811.0,58811.0,False,681685.625,22313.34527438719,60418.07658542115
2019-01-14 21:32:00,650097.0,724042.3760605269,724043.0,0.0,73946.0,73946.0,False,663999.9375,22174.616247887912,60042.438560526905
2019-01-14 21:33:00,647019.0,709736.012647965,709737.0,0.0,62718.0,62718.0,False,650097.875,22025.301566478116,59638.13764796494
2019-01-14 21:34:00,626563.0,704148.0297890204,704149.0,0.0,77586.0,77586.0,False,644583.4375,21998.140109506927,59564.59228902046
2019-01-14 21:35:00,641004.0,712769.3439465982,712770.0,0.0,71766.0,71766.0,False,652991.625,22076.85113386376,59777.7189465982
2019-01-14 21:36:00,638907.0,719980.1928411565,719981.0,0.0,81074.0,81074.0,False,660166.5,22090.13685852611,59813.69284115645
2019-01-14 21:37:00,632517.0,721689.0207690019,721690.0,0.0,89173.0,89173.0,False,661618.5,22184.987448846023,60070.5207690019
2019-01-14 21:38:00,627948.0,693208.8629564161,693209.0,0.0,65261.0,65261.0,False,632177.3125,22539.91081691936,61031.550456416146
2019-01-14 21:39:00,639289.0,694882.1402176683,694883.0,0.0,55594.0,55594.0,False,633872.9375,22531.657445760196,61009.20271766831
2019-01-14 21:40:00,660362.0,720640.4938772935,720641.0,0.0,60279.0,60279.0,False,659682.75,22512.65288723079,60957.74387729354
2019-01-14 21:41:00,629310.0,721045.4064570717,721046.0,0.0,91736.0,91736.0,False,660179.75,22478.643555604125,60865.656457071644
2019-01-14 21:42:00,625209.0,693092.6857911,693093.0,0.0,67884.0,67884.0,False,631931.125,22587.92567689158,61161.56079110002
2019-01-14 21:43:00,633703.0,693604.1682018779,693605.0,0.0,59902.0,59902.0,False,632389.25,22607.63140731068,61214.91820187784
2019-01-14 21:44:00,618526.0,690182.364488093,690183.0,0.0,71657.0,71657.0,False,628979.5,22603.17978136161,61202.864488092964
2019-01-14 21:45:00,630324.0,690743.5074010248,690744.0,0.0,60420.0,60420.0,False,629426.3125,22645.403799789347,61317.1949010248
2019-01-14 21:46:00,626136.0,687297.5111583979,687298.0,0.0,61162.0,61162.0,False,626035.3125,22625.092823010844,61262.19865839788
2019-01-14 21:47:00,646299.0,687008.1622463816,687009.0,0.0,40710.0,40710.0,False,625751.25,22623.140467966685,61256.91224638169
2019-01-14 21:48:00,622032.0,698115.9580273487,698116.0,0.0,76084.0,76084.0,False,636989.875,22574.823181133932,61126.08302734872
2019-01-14 21:49:00,614926.0,686153.0339523341,686154.0,0.0,71228.0,71228.0,False,624783.9375,22664.571858424977,61369.096452334124
2019-01-14 21:50:00,630777.0,705716.1104262653,705717.0,0.0,74940.0,74940.0,False,644564.9375,22584.089275141974,61151.172926265324
2019-01-14 21:51:00,641511.0,684569.9925570819,684570.0,0.0,43059.0,43059.0,False,623228.375,22654.423470522284,61341.617557081816
2019-01-14 21:52:00,636468.0,693422.8784812654,693423.0,0.0,56955.0,56955.0,False,631777.25,22766.699482965374,61645.62848126533
2019-01-14 21:53:00,619147.0,689763.0693217736,689764.0,0.0,70617.0,70617.0,False,628685.375,22556.952471639386,61077.69432177365
2019-01-14 21:54:00,633728.0,679046.9960900797,679047.0,0.0,45319.0,45319.0,False,617943.25,22566.573799130634,61103.74609007963
2019-01-14 21:55:00,629719.0,690611.4168707046,690612.0,0.0,60893.0,60893.0,False,629386.5625,22611.30099062526,61224.854370704634
2019-01-14 21:56:00,622534.0,687587.9477273076,687588.0,0.0,65054.0,65054.0,False,626552.25,22541.442469242233,61035.69772730752
2019-01-14 21:57:00,638027.0,705082.3110214137,705083.0,0.0,67056.0,67056.0,False,644069.875,22532.851555651232,61012.436021413705
2019-01-14 21:58:00,618927.0,686198.5780862691,686199.0,0.0,67272.0,67272.0,False,625492.1875,22419.824166333783,60706.390586269095
2019-01-14 21:59:00,624671.0,678711.2981522813,678712.0,0.0,54041.0,54041.0,False,617953.125,22438.9482818291,60758.17315228131
2019-01-14 22:00:00,726231.0,695445.3917897318,695446.0,30785.0,0.0,307850.0,False,634653.75,22451.308775666388,60791.64178973175
2019-01-14 22:01:00,651412.0,731567.3277929131,731568.0,0.0,80156.0,80156.0,False,667285.5625,23740.266239690154,64281.765292913056
2019-01-14 22:02:00,652930.0,708585.4955398357,708586.0,0.0,55656.0,55656.0,False,644185.25,23784.022857033655,64400.245539835654
2019-01-14 22:03:00,642876.0,715094.2266882696,715095.0,0.0,72219.0,72219.0,False,650635.1875,23805.73627546055,64459.03918826959
2019-01-14 22:04:00,634330.0,709427.3189015109,709428.0,0.0,75098.0,75098.0,False,645082.6875,23763.483681662463,64344.63140151089
2019-01-14 22:05:00,647171.0,722306.6715734131,722307.0,0.0,75136.0,75136.0,False,657935.1875,23773.400795439615,64371.484073413114
2019-01-14 22:06:00,722589.0,731004.5705105982,731005.0,0.0,8416.0,8416.0,False,666845.9375,23694.79155256022,64158.633010598205
2019-01-14 22:07:00,725084.0,788598.7996432164,788599.0,0.0,63515.0,63515.0,False,722745.4375,24320.6816573074,65853.36214321639
2019-01-14 22:08:00,727419.0,788178.6711251882,788179.0,0.0,60760.0,60760.0,False,722437.8125,24279.132339880904,65740.85862518822
2019-01-14 22:09:00,694547.0,774045.9402247826,774046.0,0.0,79499.0,79499.0,False,712811.125,22614.979690591063,61234.815224782564
2019-01-14 22:10:00,661817.0,754715.8349785863,754716.0,0.0,92899.0,92899.0,False,694925.3125,22081.579679460196,59790.52247858634
2019-01-14 22:11:00,648076.0,708741.6259855168,708742.0,0.0,60666.0,60666.0,False,647868.4375,22481.425252089895,60873.18848551686
2019-01-14 22:12:00,636912.0,695272.8547824556,695273.0,0.0,58361.0,58361.0,False,638472.125,20977.40224618347,56800.729782455564
2019-01-14 22:13:00,628149.0,688575.6329122374,688576.0,0.0,60427.0,60427.0,False,632107.0,20854.753652442767,56468.63291223746
2019-01-14 22:14:00,627421.0,680602.898754253,680603.0,0.0,53182.0,53182.0,False,624298.8125,20793.983985467974,56304.08625425301
2019-01-14 22:15:00,653408.0,686911.2167999651,686912.0,0.0,33504.0,33504.0,False,630596.5625,20797.88693084753,56314.65429996516
2019-01-14 22:16:00,637563.0,701052.6617557685,701053.0,0.0,63490.0,63490.0,False,644224.375,20987.579469541088,56828.28675576845
2019-01-14 22:17:00,639372.0,692199.5966615166,692200.0,0.0,52828.0,52828.0,False,635476.0625,20948.892690086526,56723.53416151662
2019-01-14 22:18:00,627615.0,704685.2833948929,704686.0,0.0,77071.0,77071.0,False,648253.625,20841.09838205863,56431.658394892875
2019-01-14 22:19:00,623973.0,711850.0078743352,711851.0,0.0,87878.0,87878.0,False,655000.0,20995.601420018746,56850.007874335104
2019-01-14 22:20:00,638312.0,708964.3152184557,708965.0,0.0,70653.0,70653.0,False,651124.1875,21361.26824017397,57840.12771845572
2019-01-14 22:21:00,625041.0,698029.6500603702,698030.0,0.0,72989.0,72989.0,False,640189.6875,21361.207244697212,57839.962560370244
2019-01-14 22:22:00,619713.0,681041.599276278,681042.0,0.0,61329.0,61329.0,False,622998.5625,21436.20574435104,58043.03677627806
2019-01-14 22:23:00,614103.0,674847.0437695032,674848.0,0.0,60745.0,60745.0,False,616897.6875,21401.608060821825,57949.35626950324
2019-01-14 22:24:00,616165.0,674975.7355670143,674976.0,0.0,58811.0,58811.0,False,617033.0625,21399.13984910271,57942.673067014286
2019-01-14 22:25:00,616171.0,696964.7387704018,696965.0,0.0,80794.0,80794.0,False,639313.25,21291.600911817786,57651.488770401746
2019-01-14 22:26:00,625452.0,676761.8416893561,676762.0,0.0,51310.0,51310.0,False,618671.625,21453.63002777784,58090.21668935613
2019-01-14 22:27:00,635677.0,681666.124243199,681667.0,0.0,45990.0,45990.0,False,623521.0625,21473.885168162175,58145.06174319904
2019-01-14 22:28:00,636054.0,683997.9863414417,683998.0,0.0,47944.0,47944.0,False,625727.875,21520.067950198754,58270.11134144179
2019-01-14 22:29:00,617821.0,687755.758713538,687756.0,0.0,69935.0,69935.0,False,629406.375,21549.34448313836,58349.38371353792
2019-01-14 22:30:00,677698.0,698356.9132154334,698357.0,0.0,20659.0,20659.0,False,639928.0625,21578.692895921846,58428.85071543336
2019-01-14 22:31:00,647610.0,705755.2332266124,705756.0,0.0,58146.0,58146.0,False,652639.875,19616.336607596513,53115.358226612494
2019-01-14 22:32:00,626252.0,683687.2672196577,683688.0,0.0,57436.0,57436.0,False,630574.0,19615.564365863702,53113.26721965762
2019-01-14 22:33:00,623358.0,679085.0483676111,679086.0,0.0,55728.0,55728.0,False,626132.6875,19556.13912108651,52952.36086761111
2019-01-14 22:34:00,613736.0,672327.5286939138,672328.0,0.0,58592.0,58592.0,False,619376.0,19555.831786260842,52951.528693913875
2019-01-14 22:35:00,626600.0,669249.462004808,669250.0,0.0,42650.0,42650.0,False,616590.0,19447.96696755955,52659.46200480797
2019-01-14 22:36:00,612123.0,677104.4117698047,677105.0,0.0,64982.0,64982.0,False,624426.5625,19454.757673515636,52677.849269804705
2019-01-14 22:37:00,604535.0,664480.0578575156,664481.0,0.0,59946.0,59946.0,False,612129.1875,19333.999222077124,52350.87035751567
2019-01-14 22:38:00,604385.0,660532.4347522361,660533.0,0.0,56148.0,56148.0,False,609068.125,19006.578456467305,51464.309752236164
2019-01-14 22:39:00,607582.0,659533.960591128,659534.0,0.0,51952.0,51952.0,False,608065.5625,19008.088344276523,51468.39809112802
2019-01-14 22:40:00,641559.0,698140.3228670945,698141.0,0.0,56582.0,56582.0,False,646716.5,18991.626013451794,51423.82286709451
2019-01-14 22:41:00,623349.0,674311.3543686256,674312.0,0.0,50963.0,50963.0,False,622867.75,18998.931632873242,51443.604368625594
2019-01-14 22:42:00,595166.0,666537.3719244073,666538.0,0.0,71372.0,71372.0,False,616192.3125,18593.221719133784,50345.0594244073
2019-01-14 22:43:00,623969.0,655107.4668342221,655108.0,0.0,31139.0,31139.0,False,604298.75,18764.457687885602,50808.71683422212
2019-01-14 22:44:00,616972.0,665219.9967848237,665220.0,0.0,48248.0,48248.0,False,613931.625,18941.601799883465,51288.37178482375
2019-01-14 22:45:00,638137.0,685213.9342995079,685214.0,0.0,47077.0,47077.0,False,634039.75,18899.430566870702,51174.18429950789
2019-01-14 22:46:00,623340.0,675666.0986613302,675667.0,0.0,52327.0,52327.0,False,624472.6875,18906.531349130397,51193.411161330136
2019-01-14 22:47:00,645070.0,667481.2332301505,667482.0,0.0,22412.0,22412.0,False,616286.3125,18907.08885662166,51194.920730150494
2019-01-14 22:48:00,629597.0,689196.5136419022,689197.0,0.0,59600.0,59600.0,False,637520.0625,19084.925605898887,51676.45114190221
2019-01-14 22:49:00,599110.0,676126.4338044177,676127.0,0.0,77017.0,77017.0,False,624643.6875,19013.387364955393,51482.74630441773
2019-01-14 22:50:00,639246.0,681462.6074825543,681463.0,0.0,42217.0,42217.0,False,629321.5625,19256.507413276806,52141.04498255432
2019-01-14 22:51:00,604252.0,676331.4582007545,676332.0,0.0,72080.0,72080.0,False,624307.75,19213.173095574988,52023.70820075447
2019-01-14 22:52:00,611750.0,654065.7190512147,654066.0,0.0,42316.0,42316.0,False,601957.25,19244.476609836915,52108.469051214706
2019-01-14 22:53:00,606205.0,659125.1223933918,659126.0,0.0,52921.0,52921.0,False,606927.4375,19277.425422559016,52197.68489339179
2019-01-14 22:54:00,605963.0,658222.7524436916,658223.0,0.0,52260.0,52260.0,False,606128.875,19239.087699842235,52093.87744369164
2019-01-14 22:55:00,615895.0,668790.7189096431,668791.0,0.0,52896.0,52896.0,False,616996.0625,19128.58066910876,51794.656409643176
2019-01-14 22:56:00,613157.0,660059.0332508362,660060.0,0.0,46903.0,46903.0,False,608264.125,19128.67367801952,51794.90825083616
2019-01-14 22:57:00,607959.0,673564.6788731909,673565.0,0.0,65606.0,65606.0,False,621755.375,19133.990207611212,51809.30387319083
2019-01-14 22:58:00,625235.0,663177.4276543846,663178.0,0.0,37943.0,37943.0,False,611191.375,19199.2663104681,51986.05265438468
2019-01-14 22:59:00,611442.0,667908.9965595567,667909.0,0.0,56467.0,56467.0,False,615735.8125,19268.376879543906,52173.184059556675
2019-01-14 23:00:00,711484.0,706240.4803129559,706241.0,5243.0,0.0,52430.0,False,654099.875,19256.345036383816,52140.605312955886
2019-01-14 23:01:00,645106.0,704547.2767844656,704548.0,0.0,59442.0,59442.0,False,658801.5,16894.634353241443,45745.776784465685
2019-01-14 23:02:00,652371.0,680689.1638530585,680690.0,0.0,28319.0,28319.0,False,635025.4375,16864.331839335475,45663.726353058475
2019-01-14 23:03:00,651248.0,690783.3688913295,690784.0,0.0,39536.0,39536.0,False,644806.5625,16979.957218150405,45976.80639132945
2019-01-14 23:04:00,629553.0,682906.8302462067,682907.0,0.0,53354.0,53354.0,False,636939.25,16976.549857749196,45967.58024620676
2019-01-14 23:05:00,637780.0,691076.1867184099,691077.0,0.0,53297.0,53297.0,False,645187.4375,16947.436320195917,45888.74921840988
2019-01-14 23:06:00,652740.0,703168.0494707046,703169.0,0.0,50429.0,50429.0,False,657358.6875,16918.11736188835,45809.361970704595
2019-01-14 23:07:00,676817.0,709243.1090422535,709244.0,0.0,32427.0,32427.0,False,667875.5625,15277.685112112857,41367.54654225345
2019-01-14 23:08:00,684261.0,717857.7902491079,717858.0,0.0,33597.0,33597.0,False,676358.3125,15326.409380368017,41499.47774910785
2019-01-14 23:09:00,686833.0,717746.1123095716,717747.0,0.0,30914.0,30914.0,False,676182.1875,15350.21069271225,41563.92480957162
2019-01-14 23:10:00,667390.0,746590.2848593072,746591.0,0.0,79201.0,79201.0,False,705283.5625,15255.221785376638,41306.7223593072
2019-01-14 23:11:00,637495.0,705346.3184180442,705347.0,0.0,67852.0,67852.0,False,663548.3125,15436.660525125828,41798.00591804422
2019-01-14 23:12:00,658949.0,685342.7793561593,685343.0,0.0,26394.0,26394.0,False,642627.8125,15775.308611454091,42714.96685615928
2019-01-14 23:13:00,620860.0,699113.8668644057,699114.0,0.0,78254.0,78254.0,False,655976.5,15931.3075733638,43137.366864405725
2019-01-14 23:14:00,609331.0,662881.6810345496,662882.0,0.0,53551.0,53551.0,False,618140.5,16523.621353558035,44741.18103454963
2019-01-14 23:15:00,630045.0,660744.2929184574,660745.0,0.0,30700.0,30700.0,False,615955.6875,16541.13592390459,44788.60541845738
2019-01-14 23:16:00,604802.0,672049.2580306702,672050.0,0.0,67248.0,67248.0,False,627739.375,16364.33622201123,44309.88303067029
2019-01-14 23:17:00,535995.0,659535.4839947766,659536.0,0.0,123541.0,123541.0,False,614644.5,16578.94594122416,44890.98399477656
2019-01-14 23:18:00,567885.0,618543.5172342795,618544.0,0.0,50659.0,50659.0,False,566419.3125,19250.288044910623,52124.20473427956
2019-01-14 23:19:00,591624.0,627803.67746624,627804.0,0.0,36180.0,36180.0,False,576016.9375,19125.657002137184,51786.73996624006
2019-01-14 23:20:00,633844.0,660882.0458613749,660883.0,0.0,27039.0,27039.0,False,609669.3125,18913.6673412941,51212.73336137491
2019-01-14 23:21:00,622058.0,674137.3020516452,674138.0,0.0,52080.0,52080.0,False,622266.3125,19156.77169817873,51870.98955164526
2019-01-14 23:22:00,605205.0,660192.5988177801,660193.0,0.0,54988.0,54988.0,False,608543.3125,19074.893209400838,51649.286317780105
2019-01-14 23:23:00,622582.0,656711.2288051564,656712.0,0.0,34130.0,34130.0,False,605061.6875,19074.987380246555,51649.54130515644
2019-01-14 23:24:00,612415.0,659905.938603323,659906.0,0.0,47491.0,47491.0,False,607851.25,19224.614645162743,52054.688603322895
2019-01-14 23:25:00,616866.0,665879.1522781187,665880.0,0.0,49014.0,49014.0,False,613789.625,19237.48111532454,52089.527278118636
2019-01-14 23:26:00,601307.0,658972.676656134,658973.0,0.0,57666.0,57666.0,False,607465.25,19022.502206745477,51507.42665613395
2019-01-14 23:27:00,614037.0,656447.0645059398,656448.0,0.0,42411.0,42411.0,False,604964.875,19013.181730526303,51482.18950593984
2019-01-14 23:28:00,618267.0,659306.466551142,659307.0,0.0,41040.0,41040.0,False,607906.75,18982.723172091413,51399.716551142104
2019-01-14 23:29:00,636622.0,666785.1099977674,666786.0,0.0,30164.0,30164.0,False,615384.5,18983.053135972415,51400.60999776733
2019-01-14 23:30:00,704185.0,690996.8010397071,690997.0,13188.0,0.0,131880.0,False,639190.3125,19132.950460707056,51806.48853970711
2019-01-14 23:31:00,644028.0,709608.6101214285,709609.0,0.0,65581.0,65581.0,False,654607.8125,20312.659009568048,55000.79762142848
2019-01-14 23:32:00,616963.0,694769.45690321,694770.0,0.0,77807.0,77807.0,False,639669.0,20349.464748675688,55100.45690320999
2019-01-14 23:33:00,611267.0,678326.8941961391,678327.0,0.0,67060.0,67060.0,False,622674.75,20553.211536827974,55652.14419613907
2019-01-14 23:34:00,581705.0,667012.3849212485,667013.0,0.0,85308.0,85308.0,False,611228.625,20601.819292716315,55783.75992124857
2019-01-14 23:35:00,593599.0,663040.1806506155,663041.0,0.0,69442.0,69442.0,False,606365.1875,20930.96573184128,56674.993150615475
2019-01-14 23:36:00,597509.0,656934.527850847,656935.0,0.0,59426.0,59426.0,False,600231.125,20941.457880652277,56703.40285084703
2019-01-14 23:37:00,599955.0,667263.4536859426,667264.0,0.0,67309.0,67309.0,False,610696.5625,20891.04197724813,56566.89118594255
2019-01-14 23:38:00,595014.0,658401.626310467,658402.0,0.0,63388.0,63388.0,False,601778.25,20911.902821512147,56623.37631046696
2019-01-14 23:39:00,594908.0,653924.7264751256,653925.0,0.0,59017.0,59017.0,False,597279.6875,20919.903184042876,56645.03897512566
2019-01-14 23:40:00,634585.0,671314.6809920951,671315.0,0.0,36730.0,36730.0,False,614667.625,20920.648100111182,56647.05599209516
2019-01-14 23:41:00,608947.0,677263.1526992638,677264.0,0.0,68317.0,68317.0,False,620178.625,21082.21327731485,57084.527699263745
2019-01-14 23:42:00,607280.0,668118.9945197504,668119.0,0.0,60839.0,60839.0,False,610915.5625,21126.126511690694,57203.43201975032
2019-01-14 23:43:00,613165.0,663085.6101078223,663086.0,0.0,49921.0,49921.0,False,606320.375,20964.293504971352,56765.23510782239
2019-01-14 23:44:00,613704.0,661330.3847371087,661331.0,0.0,47627.0,47627.0,False,604947.4375,20823.10858589528,56382.9472371087
2019-01-14 23:45:00,639067.0,683481.6036603833,683482.0,0.0,44415.0,44415.0,False,627018.1875,20852.827023991267,56463.41616038322
2019-01-14 23:46:00,620960.0,677918.6674298273,677919.0,0.0,56959.0,56959.0,False,621308.125,20907.16306768169,56610.542429827234
2019-01-14 23:47:00,604475.0,672020.241393639,672021.0,0.0,67546.0,67546.0,False,615410.25,20906.95956135673,56609.991393638986
2019-01-14 23:48:00,614541.0,660247.1970661235,660248.0,0.0,45707.0,45707.0,False,604471.875,20598.70306020078,55775.32206612347
2019-01-14 23:49:00,591612.0,665624.3491786442,665625.0,0.0,74013.0,74013.0,False,609770.5,20627.70435706595,55853.84917864424
2019-01-14 23:50:00,617163.0,680557.0659934041,680558.0,0.0,63395.0,63395.0,False,625045.3125,20501.363043786176,55511.75349340415
2019-01-14 23:51:00,591331.0,663247.9816784188,663248.0,0.0,71917.0,71917.0,False,607807.5,20475.04124233241,55440.48167841882
2019-01-14 23:52:00,580034.0,649608.4900119688,649609.0,0.0,69575.0,69575.0,False,594305.0625,20424.424984580994,55303.42751196881
2019-01-14 23:53:00,583403.0,642750.8670478273,642751.0,0.0,59348.0,59348.0,False,587386.125,20447.0694063546,55364.74204782734
2019-01-14 23:54:00,598860.0,641034.7241802042,641035.0,0.0,42175.0,42175.0,False,585662.5,20449.832675438098,55372.224180204175
2019-01-14 23:55:00,611202.0,682854.584050527,682855.0,0.0,71653.0,71653.0,False,627254.4375,20534.007989055994,55600.14655052691
2019-01-14 23:56:00,588891.0,656752.950986041,656753.0,0.0,67862.0,67862.0,False,600912.3125,20622.82544065503,55840.63848604104
2019-01-14 23:57:00,578440.0,646538.7696430256,646539.0,0.0,68099.0,68099.0,False,590622.0625,20650.918791251104,55916.70714302557
2019-01-14 23:58:00,587982.0,643406.3882672027,643407.0,0.0,55425.0,55425.0,False,587529.75,20636.12072564685,55876.63826720263
2019-01-14 23:59:00,586114.0,647730.8782232469,647731.0,0.0,61617.0,61617.0,False,592121.875,20537.278897491884,55609.0032232469
